booking_room_id,booking_id,room_id,room_rate,discount_pct,booking_status,guest_rating
BR00001,B03067,R00011,6250,0,Checked-Out,4
BR00002,B04687,R00022,16700,15,Checked-Out,3
BR00003,B00766,R00041,5800,5,Checked-Out,4
BR00004,B00766,R00007,10900,0,Checked-Out,4
BR00005,B08593,R00025,18200,10,Checked-Out,4
BR00006,B00234,R00035,34550,5,Checked-Out,3
BR00007,B05043,R00001,10250,10,Checked-Out,3
BR00008,B07740,R00056,5550,25,Checked-Out,4
BR00009,B07740,R00057,5600,0,Checked-Out,5
BR00010,B04523,R00067,6550,10,Checked-Out,5
BR00011,B06188,R00008,16700,0,Checked-Out,4
BR00012,B01466,R00010,14900,10,Checked-Out,5
BR00013,B05112,R00026,20350,0,Checked-Out,4
BR00014,B05982,R00002,9100,10,Checked-Out,5
BR00015,B02413,R00013,14900,30,Checked-Out,5
BR00016,B03935,R00004,10400,5,Checked-Out,5
BR00017,B05759,R00015,10050,15,Checked-Out,4
BR00018,B05123,R00009,8000,0,Cancelled,
BR00019,B05123,R00018,11600,0,Cancelled,
BR00020,B02524,R00016,9200,5,Checked-Out,4
BR00021,B06911,R00023,10750,0,Checked-Out,4
BR00022,B06911,R00024,12700,0,Checked-Out,3
BR00023,B06911,R00033,12200,15,Checked-Out,4
BR00024,B04094,R00009,8100,25,Checked-Out,5
BR00025,B00006,R00049,12800,10,No-Show,
BR00026,B05069,R00018,12400,0,Checked-Out,5
BR00027,B03811,R00070,5200,0,Checked-Out,4
BR00028,B09691,R00014,11350,0,Checked-Out,4
BR00029,B06097,R00081,6800,5,Checked-Out,4
BR00030,B02070,R00020,8300,10,Checked-Out,4
BR00031,B02070,R00027,10650,0,Checked-Out,5
BR00032,B09676,R00034,8150,10,Checked-Out,5
BR00033,B03775,R00049,11650,30,Cancelled,
BR00034,B09160,R00028,20350,10,Checked-Out,5
BR00035,B09160,R00029,25750,10,Checked-Out,4
BR00036,B03967,R00030,23750,10,Checked-Out,5
BR00037,B03192,R00003,15200,0,Checked-Out,4
BR00038,B03192,R00005,14800,10,Checked-Out,4
BR00039,B08328,R00017,12400,10,Checked-Out,3
BR00040,B09195,R00049,10750,0,Checked-Out,5
BR00041,B03597,R00036,11100,10,Checked-Out,4
BR00042,B06913,R00031,28200,10,Checked-Out,4
BR00043,B09485,R00038,7800,10,Checked-Out,5
BR00044,B07421,R00054,10350,20,Cancelled,
BR00045,B02150,R00045,11250,10,Checked-Out,4
BR00046,B01985,R00088,7100,10,Checked-Out,5
BR00047,B08454,R00019,10000,20,Checked-Out,5
BR00048,B02207,R00054,10750,0,Checked-Out,4
BR00049,B02207,R00064,9700,5,Checked-Out,4
BR00050,B02615,R00046,12550,15,Checked-Out,5
BR00051,B09506,R00047,12450,5,Checked-Out,5
BR00052,B09442,R00060,8050,5,Cancelled,
BR00053,B09442,R00039,22700,10,Cancelled,
BR00054,B09442,R00040,17850,0,Cancelled,
BR00055,B09442,R00076,12050,20,Cancelled,
BR00056,B00826,R00111,5350,0,Checked-Out,4
BR00057,B08142,R00021,11500,15,Cancelled,
BR00058,B09951,R00076,12350,10,Checked-Out,5
BR00059,B04855,R00021,13500,20,Cancelled,
BR00060,B08065,R00021,11450,0,Checked-Out,4
BR00061,B00004,R00039,24600,10,Cancelled,
BR00062,B09401,R00006,12150,0,Checked-Out,5
BR00063,B09689,R00032,9100,5,Checked-Out,4
BR00064,B06222,R00037,10200,5,Checked-Out,3
BR00065,B06222,R00043,11150,0,Checked-Out,5
BR00066,B00859,R00089,12250,15,Checked-Out,2
BR00067,B03452,R00125,6600,20,Cancelled,
BR00068,B03452,R00094,11550,15,Cancelled,
BR00069,B03452,R00039,22300,5,Cancelled,
BR00070,B06812,R00060,9200,10,Checked-Out,5
BR00071,B09601,R00094,13250,5,Checked-Out,4
BR00072,B02298,R00062,8800,10,Checked-Out,4
BR00073,B07091,R00063,9250,0,Checked-Out,4
BR00074,B05311,R00012,9100,0,Checked-Out,5
BR00075,B08718,R00095,10550,0,Checked-Out,5
BR00076,B03968,R00039,26650,10,Checked-Out,5
BR00077,B01002,R00050,8350,0,Checked-Out,3
BR00078,B05414,R00100,8850,15,Checked-Out,4
BR00079,B05414,R00102,10900,5,Checked-Out,2
BR00080,B05771,R00040,15500,10,Checked-Out,5
BR00081,B04581,R00125,6200,0,Cancelled,
BR00082,B04581,R00127,4600,5,Cancelled,
BR00083,B03458,R00052,11650,15,No-Show,
BR00084,B03978,R00058,10450,0,Checked-Out,4
BR00085,B06530,R00065,11100,15,Checked-Out,4
BR00086,B05118,R00042,21550,0,Checked-Out,4
BR00087,B00545,R00108,9850,0,Cancelled,
BR00088,B04585,R00048,15450,15,Checked-Out,5
BR00089,B04585,R00051,18700,5,Checked-Out,5
BR00090,B06002,R00073,6400,0,Checked-Out,4
BR00091,B06002,R00075,8350,0,Checked-Out,3
BR00092,B00117,R00053,19100,25,Checked-Out,4
BR00093,B04268,R00108,9650,0,Checked-Out,4
BR00094,B06828,R00109,10600,10,Checked-Out,5
BR00095,B04831,R00077,5700,5,Checked-Out,4
BR00096,B06058,R00055,16200,10,Checked-Out,5
BR00097,B00261,R00080,9900,0,Cancelled,
BR00098,B01300,R00112,12050,0,Checked-Out,4
BR00099,B00020,R00059,18850,15,Checked-Out,4
BR00100,B00524,R00068,10600,0,Checked-Out,5
BR00101,B09318,R00122,11100,0,Checked-Out,4
BR00102,B02398,R00125,6250,5,Checked-Out,4
BR00103,B09533,R00061,15550,10,Checked-Out,2
BR00104,B08761,R00066,12850,15,Checked-Out,4
BR00105,B06225,R00071,10350,5,Checked-Out,4
BR00106,B06225,R00074,8500,0,Checked-Out,4
BR00107,B06225,R00079,9250,0,Checked-Out,4
BR00108,B02567,R00132,8800,10,Checked-Out,4
BR00109,B02567,R00134,10250,15,Checked-Out,4
BR00110,B09708,R00044,20000,15,Checked-Out,4
BR00111,B08664,R00140,12150,30,Checked-Out,3
BR00112,B09073,R00141,11650,0,No-Show,
BR00113,B03124,R00141,12150,5,Checked-Out,4
BR00114,B08866,R00080,9000,0,Checked-Out,5
BR00115,B05345,R00085,13450,0,Checked-Out,5
BR00116,B09104,R00082,7000,10,Checked-Out,4
BR00117,B09104,R00090,9000,10,Checked-Out,4
BR00118,B03918,R00069,20600,0,Checked-Out,4
BR00119,B09495,R00127,5900,5,Checked-Out,5
BR00120,B05265,R00131,6700,0,Checked-Out,4
BR00121,B03894,R00146,7300,0,Checked-Out,3
BR00122,B03894,R00151,7700,5,Checked-Out,5
BR00123,B03894,R00157,11700,0,Checked-Out,4
BR00124,B03476,R00093,11100,10,Checked-Out,5
BR00125,B02687,R00052,11950,0,Checked-Out,5
BR00126,B04291,R00072,19800,20,Checked-Out,4
BR00127,B07025,R00159,11200,0,Checked-Out,2
BR00128,B07025,R00096,8350,10,Checked-Out,4
BR00129,B01369,R00097,9600,0,Checked-Out,5
BR00130,B01540,R00167,10600,5,Checked-Out,4
BR00131,B01631,R00169,10150,25,Checked-Out,3
BR00132,B05162,R00078,23650,5,Checked-Out,5
BR00133,B05162,R00084,13800,0,Checked-Out,5
BR00134,B04824,R00086,11550,0,Checked-Out,4
BR00135,B04824,R00170,9250,15,Checked-Out,4
BR00136,B04824,R00139,4150,0,Checked-Out,4
BR00137,B00562,R00087,26000,5,No-Show,
BR00138,B05531,R00104,13100,10,Checked-Out,3
BR00139,B01514,R00091,12700,0,Checked-Out,4
BR00140,B06738,R00099,7100,5,No-Show,
BR00141,B06738,R00103,9450,0,No-Show,
BR00142,B00428,R00175,12350,0,Checked-Out,4
BR00143,B05724,R00098,13000,15,Checked-Out,3
BR00144,B03125,R00107,11650,10,Checked-Out,4
BR00145,B03125,R00115,12700,10,Checked-Out,4
BR00146,B00795,R00087,32400,5,Checked-Out,4
BR00147,B00795,R00092,18050,0,Checked-Out,5
BR00148,B04490,R00133,11950,5,Checked-Out,4
BR00149,B05182,R00177,12550,15,Checked-Out,4
BR00150,B09496,R00180,13750,0,Checked-Out,4
BR00151,B03379,R00099,9550,10,Checked-Out,4
BR00152,B06417,R00201,16250,20,No-Show,
BR00153,B03793,R00101,28450,10,Checked-Out,4
BR00154,B01588,R00116,14900,0,Checked-Out,5
BR00155,B02604,R00184,16100,10,Checked-Out,4
BR00156,B02377,R00105,18550,0,Checked-Out,4
BR00157,B02585,R00103,11000,10,Checked-Out,5
BR00158,B03160,R00106,30100,5,Checked-Out,4
BR00159,B08737,R00113,9600,15,Checked-Out,5
BR00160,B05175,R00142,7850,0,No-Show,
BR00161,B05175,R00154,5750,5,No-Show,
BR00162,B07828,R00114,9650,0,Checked-Out,5
BR00163,B08979,R00117,11750,5,Checked-Out,5
BR00164,B04195,R00186,11900,25,Checked-Out,4
BR00165,B00294,R00187,10500,5,Cancelled,
BR00166,B05409,R00119,11550,0,Checked-Out,5
BR00167,B02036,R00121,11750,5,Checked-Out,1
BR00168,B09076,R00142,7450,0,Checked-Out,4
BR00169,B04719,R00123,10000,5,Checked-Out,4
BR00170,B08585,R00124,12750,0,Checked-Out,4
BR00171,B02172,R00083,35900,25,Checked-Out,4
BR00172,B04363,R00126,9400,20,Checked-Out,4
BR00173,B02501,R00135,7200,0,Checked-Out,5
BR00174,B04257,R00136,7600,0,Checked-Out,3
BR00175,B04257,R00143,9400,5,Checked-Out,3
BR00176,B02230,R00187,12650,10,Checked-Out,3
BR00177,B02570,R00154,6050,0,Checked-Out,4
BR00178,B00322,R00201,17250,0,Cancelled,
BR00179,B08263,R00201,17000,0,Checked-Out,4
BR00180,B08263,R00211,10550,0,Checked-Out,5
BR00181,B01943,R00110,28100,25,Checked-Out,4
BR00182,B01409,R00129,22200,5,Checked-Out,5
BR00183,B09618,R00118,13600,0,Checked-Out,4
BR00184,B09857,R00120,14950,10,Checked-Out,4
BR00185,B00230,R00189,11400,0,Checked-Out,3
BR00186,B00230,R00190,12750,5,Checked-Out,5
BR00187,B04178,R00145,11500,0,Cancelled,
BR00188,B03238,R00130,20000,0,No-Show,
BR00189,B02648,R00130,21450,10,Checked-Out,4
BR00190,B02299,R00128,14100,0,Checked-Out,4
BR00191,B00157,R00231,14850,20,Checked-Out,5
BR00192,B00341,R00145,10650,0,Cancelled,
BR00193,B00467,R00145,10650,25,Checked-Out,5
BR00194,B06325,R00137,27250,5,Checked-Out,3
BR00195,B06325,R00138,25800,5,Checked-Out,4
BR00196,B06325,R00144,17550,5,Checked-Out,4
BR00197,B06829,R00160,11950,15,Checked-Out,5
BR00198,B06829,R00174,13400,10,Checked-Out,2
BR00199,B06829,R00176,14100,10,Checked-Out,4
BR00200,B07116,R00178,14700,5,Checked-Out,5
BR00201,B07116,R00191,13000,25,Checked-Out,4
BR00202,B08966,R00153,7250,15,Checked-Out,5
BR00203,B08966,R00158,10300,15,Checked-Out,5
BR00204,B04459,R00209,14250,20,Cancelled,
BR00205,B05851,R00162,10450,25,Checked-Out,4
BR00206,B05546,R00209,13200,5,Checked-Out,3
BR00207,B04351,R00155,6600,10,Checked-Out,5
BR00208,B02374,R00166,9900,5,Checked-Out,5
BR00209,B01955,R00171,8600,15,Checked-Out,5
BR00210,B06949,R00149,20400,0,Checked-Out,4
BR00211,B06949,R00152,21600,30,Checked-Out,5
BR00212,B06949,R00218,34300,5,Checked-Out,2
BR00213,B01965,R00172,9900,10,Checked-Out,4
BR00214,B01965,R00185,7400,0,Checked-Out,4
BR00215,B05245,R00210,12050,0,Checked-Out,4
BR00216,B04823,R00198,10550,5,Checked-Out,4
BR00217,B09424,R00213,9050,0,Checked-Out,5
BR00218,B00739,R00156,7200,15,Checked-Out,4
BR00219,B00739,R00161,5800,10,Checked-Out,5
BR00220,B08309,R00168,6700,10,Checked-Out,4
BR00221,B01534,R00173,6400,10,Checked-Out,4
BR00222,B05379,R00147,27550,5,Checked-Out,5
BR00223,B03858,R00182,12650,15,Checked-Out,5
BR00224,B03858,R00199,14250,30,Checked-Out,4
BR00225,B05434,R00200,7400,15,Cancelled,
BR00226,B06047,R00200,7200,5,No-Show,
BR00227,B08875,R00200,7000,5,Checked-Out,5
BR00228,B00266,R00215,9550,0,Checked-Out,5
BR00229,B00266,R00214,9800,5,Checked-Out,4
BR00230,B02616,R00219,10150,0,Checked-Out,4
BR00231,B02616,R00227,9200,0,Checked-Out,5
BR00232,B04718,R00179,6400,0,Checked-Out,5
BR00233,B08158,R00183,6400,5,Checked-Out,5
BR00234,B01175,R00229,12450,0,Cancelled,
BR00235,B00174,R00188,6250,15,Checked-Out,4
BR00236,B04367,R00192,7050,15,Checked-Out,4
BR00237,B02375,R00148,22400,10,Checked-Out,4
BR00238,B07383,R00193,5600,15,Checked-Out,4
BR00239,B01298,R00222,9450,5,Checked-Out,4
BR00240,B08586,R00229,9600,15,Checked-Out,5
BR00241,B00285,R00150,16500,15,Cancelled,
BR00242,B04939,R00224,9600,0,Checked-Out,4
BR00243,B04939,R00225,9850,15,Checked-Out,4
BR00244,B03812,R00226,12600,15,Checked-Out,5
BR00245,B08955,R00196,7650,25,Checked-Out,5
BR00246,B00412,R00236,10200,0,Checked-Out,5
BR00247,B00412,R00238,12350,5,Checked-Out,4
BR00248,B02350,R00230,9650,0,Checked-Out,2
BR00249,B09241,R00202,11400,10,Checked-Out,3
BR00250,B00158,R00221,24450,5,Checked-Out,5
BR00251,B04527,R00206,15150,5,Cancelled,
BR00252,B09611,R00212,8050,5,Checked-Out,4
BR00253,B09611,R00223,7500,15,Checked-Out,3
BR00254,B08373,R00241,8950,0,Checked-Out,3
BR00255,B08373,R00242,10000,25,Checked-Out,4
BR00256,B03539,R00239,10100,30,Checked-Out,4
BR00257,B04190,R00232,4850,0,Checked-Out,3
BR00258,B04190,R00244,7150,30,Checked-Out,5
BR00259,B09077,R00240,10100,5,Checked-Out,5
BR00260,B08320,R00206,16850,20,Checked-Out,5
BR00261,B07328,R00282,5000,5,Checked-Out,4
BR00262,B00910,R00284,5300,0,Checked-Out,4
BR00263,B02208,R00291,5450,0,Checked-Out,4
BR00264,B02333,R00150,15700,5,Checked-Out,4
BR00265,B05080,R00247,6950,5,Cancelled,
BR00266,B00175,R00247,7250,0,Checked-Out,4
BR00267,B00175,R00243,12500,0,Checked-Out,4
BR00268,B06912,R00251,12300,10,Checked-Out,4
BR00269,B07324,R00234,9050,0,Checked-Out,4
BR00270,B04355,R00217,9950,0,Checked-Out,5
BR00271,B04355,R00228,11100,0,Checked-Out,3
BR00272,B09893,R00245,14000,10,Cancelled,
BR00273,B05232,R00256,7800,5,Checked-Out,4
BR00274,B05232,R00267,12100,0,Checked-Out,4
BR00275,B09644,R00305,4900,5,Checked-Out,3
BR00276,B01986,R00269,6550,20,Checked-Out,2
BR00277,B01986,R00272,9400,0,Checked-Out,5
BR00278,B07607,R00245,10550,5,Checked-Out,4
BR00279,B03364,R00163,24100,10,Checked-Out,3
BR00280,B06095,R00237,13850,0,Checked-Out,4
BR00281,B03313,R00246,12750,5,Checked-Out,5
BR00282,B03313,R00249,9500,10,Checked-Out,3
BR00283,B00690,R00308,6650,5,Checked-Out,5
BR00284,B00740,R00248,10350,0,Cancelled,
BR00285,B01732,R00312,5150,10,Checked-Out,2
BR00286,B01732,R00323,4850,10,Checked-Out,4
BR00287,B04835,R00281,8700,0,Checked-Out,3
BR00288,B04835,R00286,9850,0,Checked-Out,5
BR00289,B03119,R00253,29150,5,Checked-Out,4
BR00290,B00668,R00164,18000,5,No-Show,
BR00291,B01673,R00292,7850,0,Checked-Out,5
BR00292,B04188,R00248,10150,10,Checked-Out,5
BR00293,B00021,R00327,6200,15,Checked-Out,5
BR00294,B01930,R00294,8250,5,Checked-Out,4
BR00295,B03892,R00164,21500,0,Checked-Out,4
BR00296,B02232,R00330,6850,0,Checked-Out,4
BR00297,B05421,R00252,9150,15,Cancelled,
BR00298,B05421,R00258,13950,20,Cancelled,
BR00299,B05421,R00259,12800,10,Cancelled,
BR00300,B06734,R00252,9400,10,Checked-Out,4
BR00301,B02040,R00275,11650,0,Checked-Out,4
BR00302,B02040,R00296,7100,0,Checked-Out,4
BR00303,B08388,R00299,7900,15,Checked-Out,5
BR00304,B03724,R00165,16850,0,Checked-Out,4
BR00305,B08517,R00250,12150,10,Checked-Out,4
BR00306,B03971,R00254,9550,5,No-Show,
BR00307,B04074,R00258,13300,5,Checked-Out,4
BR00308,B05801,R00297,13650,5,Checked-Out,5
BR00309,B04850,R00300,8100,10,Checked-Out,4
BR00310,B03299,R00259,11300,0,Checked-Out,4
BR00311,B09053,R00260,11900,0,Checked-Out,5
BR00312,B01748,R00340,5200,0,Cancelled,
BR00313,B03142,R00261,11700,0,Checked-Out,4
BR00314,B02935,R00263,11950,0,Checked-Out,5
BR00315,B04421,R00264,10250,0,No-Show,
BR00316,B06782,R00181,19800,10,Checked-Out,4
BR00317,B06782,R00254,7850,10,Checked-Out,5
BR00318,B01112,R00301,13000,0,Checked-Out,4
BR00319,B08298,R00264,10300,15,Checked-Out,4
BR00320,B08298,R00265,10200,15,Checked-Out,4
BR00321,B02479,R00268,7850,0,No-Show,
BR00322,B02479,R00270,10900,0,No-Show,
BR00323,B02550,R00194,12300,5,Checked-Out,4
BR00324,B07419,R00195,17800,10,Checked-Out,5
BR00325,B03995,R00268,8200,0,Checked-Out,4
BR00326,B00343,R00302,7550,15,Checked-Out,4
BR00327,B04199,R00316,10000,15,Checked-Out,5
BR00328,B07649,R00306,9650,10,Checked-Out,4
BR00329,B04694,R00270,12300,15,Checked-Out,4
BR00330,B01914,R00255,9450,20,Checked-Out,4
BR00331,B02371,R00271,9000,5,Checked-Out,4
BR00332,B04043,R00309,7350,0,Checked-Out,5
BR00333,B07804,R00340,5150,0,Checked-Out,5
BR00334,B07804,R00345,5350,25,Checked-Out,3
BR00335,B09393,R00197,15550,10,Checked-Out,5
BR00336,B03104,R00278,10200,10,No-Show,
BR00337,B07858,R00314,7400,0,Cancelled,
BR00338,B04573,R00314,7600,0,Checked-Out,5
BR00339,B04573,R00203,21200,0,Checked-Out,4
BR00340,B04573,R00273,8300,0,Checked-Out,4
BR00341,B04573,R00321,6100,0,Checked-Out,4
BR00342,B00604,R00325,6300,10,Checked-Out,4
BR00343,B03729,R00350,5050,0,Checked-Out,4
BR00344,B02177,R00353,4950,10,Checked-Out,5
BR00345,B01176,R00333,8350,15,Checked-Out,4
BR00346,B01634,R00274,12100,0,Checked-Out,5
BR00347,B08066,R00358,5750,15,Cancelled,
BR00348,B04539,R00358,5400,0,Checked-Out,4
BR00349,B04539,R00362,4950,10,Checked-Out,5
BR00350,B00700,R00278,10600,5,Checked-Out,4
BR00351,B08608,R00289,10600,10,Checked-Out,5
BR00352,B00049,R00318,8600,10,Checked-Out,5
BR00353,B00049,R00311,13050,15,Checked-Out,4
BR00354,B04014,R00370,5600,20,Checked-Out,5
BR00355,B04014,R00371,5850,15,Checked-Out,4
BR00356,B01861,R00372,3850,10,Checked-Out,4
BR00357,B05005,R00285,7200,15,Checked-Out,4
BR00358,B05005,R00335,8650,0,Checked-Out,5
BR00359,B02830,R00342,8700,0,Checked-Out,5
BR00360,B02830,R00378,8500,5,Checked-Out,4
BR00361,B04450,R00204,21650,0,No-Show,
BR00362,B04450,R00205,15950,25,No-Show,
BR00363,B04450,R00207,16750,10,No-Show,
BR00364,B04450,R00208,19550,0,No-Show,
BR00365,B05819,R00336,7450,0,Checked-Out,4
BR00366,B05963,R00290,8000,15,Checked-Out,3
BR00367,B01879,R00379,4950,0,Checked-Out,5
BR00368,B03942,R00385,5500,15,Checked-Out,4
BR00369,B03942,R00011,5050,20,Checked-Out,3
BR00370,B02813,R00298,11900,0,No-Show,
BR00371,B01821,R00337,7350,0,Checked-Out,5
BR00372,B06404,R00317,9750,10,Checked-Out,4
BR00373,B06404,R00319,9050,15,Checked-Out,4
BR00374,B08795,R00298,10950,15,Checked-Out,4
BR00375,B04118,R00041,4600,0,Cancelled,
BR00376,B04964,R00003,12450,5,Checked-Out,4
BR00377,B04964,R00005,14050,30,Checked-Out,4
BR00378,B04964,R00006,10450,0,Checked-Out,2
BR00379,B01997,R00322,12000,0,Checked-Out,2
BR00380,B00280,R00012,9200,20,Cancelled,
BR00381,B00633,R00204,22900,0,Checked-Out,4
BR00382,B02075,R00310,11350,0,Checked-Out,4
BR00383,B02075,R00313,11100,20,Checked-Out,5
BR00384,B02075,R00328,11800,5,Checked-Out,5
BR00385,B01285,R00332,10900,15,Checked-Out,5
BR00386,B00882,R00012,9550,5,Checked-Out,4
BR00387,B01465,R00205,16450,10,Checked-Out,4
BR00388,B05617,R00324,10700,15,Checked-Out,5
BR00389,B02515,R00041,4950,10,Checked-Out,4
BR00390,B05614,R00207,16400,0,Checked-Out,3
BR00391,B07969,R00339,11050,0,Cancelled,
BR00392,B03685,R00343,8450,20,Checked-Out,4
BR00393,B05811,R00050,8600,0,Checked-Out,5
BR00394,B07915,R00334,11250,5,Checked-Out,4
BR00395,B03258,R00338,9100,10,No-Show,
BR00396,B01831,R00338,10100,5,Checked-Out,5
BR00397,B01831,R00356,11050,5,Checked-Out,4
BR00398,B01831,R00366,7500,10,Checked-Out,4
BR00399,B01831,R00367,12550,10,Checked-Out,5
BR00400,B05627,R00344,7850,0,Checked-Out,3
BR00401,B00538,R00346,12600,0,Cancelled,
BR00402,B00538,R00208,25600,20,Cancelled,
BR00403,B00538,R00216,18250,5,Cancelled,
BR00404,B05837,R00339,14500,0,Checked-Out,4
BR00405,B07368,R00052,16400,10,Checked-Out,4
BR00406,B08013,R00346,13200,25,Checked-Out,4
BR00407,B00249,R00354,9100,5,Checked-Out,5
BR00408,B02209,R00104,15500,5,Checked-Out,5
BR00409,B09778,R00382,15650,5,Checked-Out,4
BR00410,B03882,R00208,26950,0,Checked-Out,5
BR00411,B06470,R00384,12100,0,Checked-Out,5
BR00412,B03300,R00216,20450,15,Checked-Out,5
BR00413,B04990,R00363,11050,0,Cancelled,
BR00414,B04990,R00133,11950,5,Cancelled,
BR00415,B07733,R00341,13200,0,Checked-Out,5
BR00416,B07733,R00347,12550,0,Checked-Out,5
BR00417,B02474,R00348,10400,15,Checked-Out,5
BR00418,B02709,R00363,11850,0,Checked-Out,5
BR00419,B02709,R00373,8500,0,Checked-Out,5
BR00420,B02049,R00351,16550,5,Checked-Out,4
BR00421,B06672,R00220,26000,0,Checked-Out,5
BR00422,B00359,R00352,11300,5,Cancelled,
BR00423,B03895,R00056,6300,5,Cancelled,
BR00424,B01838,R00056,5850,15,Checked-Out,5
BR00425,B01838,R00057,6500,5,Checked-Out,4
BR00426,B01838,R00067,6600,10,Checked-Out,4
BR00427,B05584,R00386,13200,15,Checked-Out,5
BR00428,B06147,R00391,7500,5,Checked-Out,5
BR00429,B09271,R00393,11150,25,Checked-Out,4
BR00430,B06830,R00352,10650,0,Checked-Out,5
BR00431,B08306,R00387,11450,5,Checked-Out,4
BR00432,B04524,R00070,5500,5,Checked-Out,4
BR00433,B07691,R00133,12400,0,Checked-Out,4
BR00434,B06719,R00388,17050,5,Checked-Out,3
BR00435,B09039,R00392,13350,15,Checked-Out,4
BR00436,B09039,R00233,22000,15,Checked-Out,4
BR00437,B04965,R00355,15850,15,Checked-Out,5
BR00438,B04814,R00361,15750,15,Checked-Out,4
BR00439,B06409,R00394,10800,10,Checked-Out,4
BR00440,B08052,R00081,7900,15,Checked-Out,5
BR00441,B01156,R00088,6600,10,Checked-Out,5
BR00442,B00874,R00397,9200,5,Checked-Out,3
BR00443,B00874,R00002,10100,5,Checked-Out,5
BR00444,B05618,R00395,13300,20,Checked-Out,4
BR00445,B07416,R00004,11550,5,Checked-Out,5
BR00446,B08824,R00009,8550,25,Checked-Out,4
BR00447,B06077,R00018,12100,0,Checked-Out,3
BR00448,B05370,R00399,10700,0,Checked-Out,3
BR00449,B04582,R00201,17700,15,Checked-Out,4
BR00450,B05386,R00235,31300,10,Checked-Out,5
BR00451,B06454,R00001,11250,20,Checked-Out,5
BR00452,B06110,R00034,8700,0,Checked-Out,4
BR00453,B06037,R00257,15850,5,Cancelled,
BR00454,B06037,R00262,18200,10,Cancelled,
BR00455,B05176,R00010,14100,5,Checked-Out,5
BR00456,B03535,R00211,10600,30,Checked-Out,4
BR00457,B07594,R00257,17100,0,Checked-Out,5
BR00458,B08300,R00364,15150,10,Checked-Out,5
BR00459,B09933,R00020,9100,0,Checked-Out,4
BR00460,B02422,R00027,11050,5,Cancelled,
BR00461,B06271,R00015,10800,0,Checked-Out,3
BR00462,B04245,R00013,16250,10,No-Show,
BR00463,B04245,R00016,11400,10,No-Show,
BR00464,B01386,R00013,14100,15,Checked-Out,4
BR00465,B01214,R00027,10550,10,Checked-Out,5
BR00466,B02656,R00369,11750,0,Checked-Out,5
BR00467,B02656,R00374,13200,5,Checked-Out,3
BR00468,B01441,R00016,11250,0,Checked-Out,4
BR00469,B01441,R00023,10750,5,Checked-Out,2
BR00470,B06197,R00375,12500,10,Checked-Out,1
BR00471,B02811,R00024,14600,5,Checked-Out,5
BR00472,B02575,R00231,14950,20,Checked-Out,3
BR00473,B06390,R00111,7650,5,Checked-Out,4
BR00474,B01148,R00125,8300,5,Checked-Out,5
BR00475,B05313,R00127,6750,10,Checked-Out,4
BR00476,B05203,R00262,20150,5,Checked-Out,5
BR00477,B00611,R00033,12150,10,Checked-Out,5
BR00478,B06410,R00036,11250,0,Checked-Out,5
BR00479,B03885,R00377,11850,5,Checked-Out,5
BR00480,B00056,R00049,11400,0,Checked-Out,4
BR00481,B05346,R00234,10150,5,Checked-Out,4
BR00482,B00150,R00054,11750,5,Checked-Out,5
BR00483,B00150,R00064,10000,0,Checked-Out,4
BR00484,B04191,R00266,17850,15,Cancelled,
BR00485,B06731,R00266,17950,0,Checked-Out,3
BR00486,B01000,R00276,24300,5,Checked-Out,4
BR00487,B05952,R00076,14800,0,Checked-Out,4
BR00488,B08998,R00277,21050,5,Checked-Out,5
BR00489,B07916,R00089,13800,0,Checked-Out,5
BR00490,B02747,R00038,9000,5,Checked-Out,4
BR00491,B01511,R00275,14500,15,Checked-Out,4
BR00492,B01511,R00380,12750,10,Checked-Out,5
BR00493,B09272,R00307,34350,15,Checked-Out,5
BR00494,B00236,R00297,17050,10,Checked-Out,3
BR00495,B00792,R00045,11550,0,Checked-Out,5
BR00496,B00792,R00383,12150,10,Checked-Out,5
BR00497,B01641,R00279,25450,10,Checked-Out,3
BR00498,B00367,R00046,12550,0,Checked-Out,5
BR00499,B00509,R00094,15050,15,Checked-Out,4
BR00500,B00509,R00095,14100,0,Checked-Out,5
BR00501,B04443,R00047,12150,10,Checked-Out,5
BR00502,B01196,R00280,24300,5,No-Show,
BR00503,B02943,R00060,9850,0,Checked-Out,4
BR00504,B08974,R00280,27250,10,Checked-Out,5
BR00505,B08974,R00389,12800,25,Checked-Out,5
BR00506,B00701,R00390,15800,10,Checked-Out,4
BR00507,B02881,R00301,16200,0,Checked-Out,5
BR00508,B06350,R00131,7750,0,Checked-Out,5
BR00509,B02568,R00283,22600,20,Checked-Out,4
BR00510,B03718,R00316,10700,15,Checked-Out,4
BR00511,B03891,R00100,10350,10,Checked-Out,4
BR00512,B06950,R00102,12400,15,Checked-Out,5
BR00513,B06508,R00062,10050,0,Checked-Out,5
BR00514,B07345,R00108,10700,5,Checked-Out,4
BR00515,B07345,R00109,11950,0,Checked-Out,5
BR00516,B00541,R00318,11700,10,Checked-Out,3
BR00517,B03272,R00396,15450,0,Checked-Out,5
BR00518,B05930,R00063,10950,20,Checked-Out,5
BR00519,B05930,R00139,5150,0,Checked-Out,5
BR00520,B03579,R00073,7700,10,Checked-Out,5
BR00521,B01321,R00075,10750,15,Checked-Out,4
BR00522,B04181,R00342,10900,0,Checked-Out,5
BR00523,B01690,R00112,14800,0,Cancelled,
BR00524,B08494,R00077,6350,0,Checked-Out,4
BR00525,B08494,R00080,11800,20,Checked-Out,4
BR00526,B08494,R00082,8900,5,Checked-Out,3
BR00527,B06241,R00398,13950,20,Checked-Out,5
BR00528,B02128,R00090,11400,5,Checked-Out,4
BR00529,B06006,R00007,10950,5,Checked-Out,5
BR00530,B06006,R00008,13650,0,Checked-Out,5
BR00531,B00227,R00014,10450,10,Cancelled,
BR00532,B01866,R00093,11950,20,Checked-Out,5
BR00533,B03095,R00096,10250,20,Checked-Out,2
BR00534,B04872,R00142,7300,25,Checked-Out,3
BR00535,B05847,R00112,14150,0,Checked-Out,4
BR00536,B04422,R00287,21200,15,Checked-Out,4
BR00537,B08000,R00288,15250,5,Cancelled,
BR00538,B08000,R00122,13450,5,Cancelled,
BR00539,B08975,R00154,5450,0,Checked-Out,4
BR00540,B05303,R00155,6550,5,Checked-Out,5
BR00541,B05303,R00014,10150,20,Checked-Out,4
BR00542,B05303,R00122,13500,15,Checked-Out,4
BR00543,B07481,R00097,11250,0,Checked-Out,5
BR00544,B09832,R00132,10800,10,Checked-Out,4
BR00545,B09832,R00134,12150,5,Checked-Out,5
BR00546,B09832,R00140,14350,5,Checked-Out,5
BR00547,B09832,R00141,14400,15,Checked-Out,4
BR00548,B03594,R00099,9750,0,Checked-Out,4
BR00549,B07388,R00288,16100,0,Checked-Out,5
BR00550,B08886,R00017,12350,5,Checked-Out,2
BR00551,B08886,R00019,11100,0,Checked-Out,4
BR00552,B08886,R00021,14450,0,Checked-Out,4
BR00553,B05628,R00103,11200,15,Cancelled,
BR00554,B05628,R00114,8850,0,Cancelled,
BR00555,B00885,R00146,9300,5,Checked-Out,4
BR00556,B00885,R00378,10900,10,Checked-Out,3
BR00557,B07793,R00156,7800,0,Checked-Out,4
BR00558,B07795,R00161,5650,0,Checked-Out,4
BR00559,B08264,R00151,8050,5,Checked-Out,3
BR00560,B09870,R00032,10100,10,Checked-Out,5
BR00561,B09870,R00103,11900,0,Checked-Out,5
BR00562,B09870,R00037,10950,5,Checked-Out,1
BR00563,B00720,R00157,15100,20,Checked-Out,5
BR00564,B09018,R00293,15200,0,Checked-Out,4
BR00565,B06096,R00173,6050,15,Cancelled,
BR00566,B01107,R00043,11850,5,Checked-Out,4
BR00567,B01161,R00295,30800,10,Checked-Out,4
BR00568,B00086,R00058,12750,10,No-Show,
BR00569,B05799,R00303,24050,10,Checked-Out,4
BR00570,B07506,R00114,9800,10,Checked-Out,3
BR00571,B00495,R00113,7700,0,Checked-Out,5
BR00572,B02554,R00119,10550,0,Checked-Out,5
BR00573,B07251,R00003,14800,15,Checked-Out,2
BR00574,B04258,R00304,24550,10,Checked-Out,3
BR00575,B04258,R00315,20400,30,Checked-Out,4
BR00576,B01719,R00320,27850,25,Checked-Out,5
BR00577,B08498,R00326,26100,0,Checked-Out,4
BR00578,B02655,R00121,12950,10,Checked-Out,5
BR00579,B05839,R00123,8500,30,Checked-Out,3
BR00580,B07496,R00058,14250,5,Checked-Out,4
BR00581,B07496,R00159,13500,15,Checked-Out,3
BR00582,B07292,R00167,13250,5,Checked-Out,4
BR00583,B07292,R00124,10200,0,Checked-Out,4
BR00584,B06092,R00173,5900,25,Checked-Out,4
BR00585,B06282,R00329,17900,5,Checked-Out,5
BR00586,B06282,R00331,21400,0,Checked-Out,4
BR00587,B03644,R00135,6950,5,Checked-Out,4
BR00588,B03936,R00065,13600,5,No-Show,
BR00589,B05134,R00126,8700,15,Checked-Out,4
BR00590,B09521,R00005,14400,0,Checked-Out,3
BR00591,B06954,R00006,13450,10,Checked-Out,5
BR00592,B01113,R00035,36800,20,Cancelled,
BR00593,B01113,R00170,9900,5,Cancelled,
BR00594,B00151,R00168,7150,5,Checked-Out,3
BR00595,B00151,R00179,6700,5,Checked-Out,3
BR00596,B04812,R00136,6900,10,Checked-Out,5
BR00597,B09639,R00183,6100,10,Checked-Out,5
BR00598,B09639,R00188,6200,10,Checked-Out,4
BR00599,B03105,R00035,35550,0,Checked-Out,4
BR00600,B02076,R00349,24200,0,Cancelled,
BR00601,B00550,R00143,9200,5,Checked-Out,4
BR00602,B03796,R00065,12500,15,Checked-Out,5
BR00603,B03796,R00068,13800,0,Checked-Out,4
BR00604,B03796,R00071,12600,0,Checked-Out,4
BR00605,B02480,R00145,9500,0,Checked-Out,4
BR00606,B07730,R00349,26450,15,Checked-Out,5
BR00607,B04109,R00074,10750,15,Checked-Out,4
BR00608,B04130,R00153,6350,0,Checked-Out,3
BR00609,B05638,R00079,10250,15,Checked-Out,4
BR00610,B07917,R00170,10450,10,Checked-Out,4
BR00611,B08244,R00085,15650,0,Checked-Out,4
BR00612,B02221,R00357,23800,0,Checked-Out,5
BR00613,B09444,R00086,14450,5,Checked-Out,4
BR00614,B07399,R00169,12800,5,Checked-Out,2
BR00615,B00250,R00158,10950,10,No-Show,
BR00616,B00250,R00162,10150,0,No-Show,
BR00617,B04796,R00158,10250,15,Checked-Out,4
BR00618,B01621,R00091,16750,5,Cancelled,
BR00619,B00288,R00175,11100,5,Cancelled,
BR00620,B01322,R00175,11750,0,Checked-Out,4
BR00621,B04238,R00192,7250,0,Cancelled,
BR00622,B09813,R00091,14500,5,Checked-Out,3
BR00623,B02050,R00359,19550,0,Checked-Out,5
BR00624,B02107,R00192,6750,25,No-Show,
BR00625,B02646,R00162,10400,10,Checked-Out,4
BR00626,B03530,R00044,24300,20,Checked-Out,5
BR00627,B01063,R00098,9700,0,Checked-Out,4
BR00628,B01063,R00107,8750,5,Checked-Out,4
BR00629,B01063,R00115,10850,5,Checked-Out,5
BR00630,B05669,R00360,18150,10,Checked-Out,4
BR00631,B03308,R00177,12700,10,Checked-Out,5
BR00632,B03308,R00116,12600,0,Checked-Out,1
BR00633,B03308,R00365,20600,15,Checked-Out,4
BR00634,B03308,R00166,9750,25,Checked-Out,5
BR00635,B01875,R00012,9600,5,Checked-Out,4
BR00636,B06721,R00171,8150,15,Checked-Out,5
BR00637,B05018,R00172,9050,15,Checked-Out,4
BR00638,B05381,R00185,7100,0,Checked-Out,4
BR00639,B04433,R00198,10950,5,Checked-Out,4
BR00640,B06397,R00200,7300,5,Checked-Out,4
BR00641,B02904,R00180,12850,5,Checked-Out,4
BR00642,B02749,R00184,13850,0,Checked-Out,3
BR00643,B01474,R00368,16250,30,Checked-Out,2
BR00644,B06997,R00376,19150,10,Checked-Out,5
BR00645,B04460,R00214,9950,15,Checked-Out,3
BR00646,B07050,R00117,8900,30,Checked-Out,4
BR00647,B07050,R00118,10400,0,Checked-Out,4
BR00648,B00035,R00186,10800,0,Checked-Out,4
BR00649,B07323,R00120,12450,10,Cancelled,
BR00650,B00410,R00083,29500,5,Checked-Out,4
BR00651,B02787,R00381,23300,0,Checked-Out,5
BR00652,B02623,R00187,10100,0,Checked-Out,5
BR00653,B00593,R00400,20850,5,Checked-Out,4
BR00654,B05061,R00219,8700,5,Checked-Out,5
BR00655,B01749,R00192,6150,10,Checked-Out,4
BR00656,B05263,R00022,17950,5,Checked-Out,5
BR00657,B07977,R00227,8500,10,Checked-Out,5
BR00658,B06522,R00120,13300,5,Checked-Out,3
BR00659,B07109,R00050,8150,10,Checked-Out,4
BR00660,B01492,R00229,10450,0,No-Show,
BR00661,B03883,R00189,9650,25,Checked-Out,5
BR00662,B03883,R00190,10700,15,Checked-Out,4
BR00663,B06659,R00025,16500,0,No-Show,
BR00664,B02077,R00191,9550,5,Cancelled,
BR00665,B02077,R00209,12450,10,Cancelled,
BR00666,B08096,R00191,10500,10,Cancelled,
BR00667,B09733,R00128,11850,0,Cancelled,
BR00668,B08779,R00229,10550,0,Checked-Out,5
BR00669,B08908,R00191,11250,5,Checked-Out,5
BR00670,B04530,R00209,12800,5,Checked-Out,5
BR00671,B04530,R00210,11050,5,Checked-Out,5
BR00672,B04530,R00193,5100,0,Checked-Out,4
BR00673,B04874,R00196,6700,0,Checked-Out,3
BR00674,B06673,R00025,13950,5,Cancelled,
BR00675,B03531,R00128,12250,0,Checked-Out,3
BR00676,B08139,R00025,16650,0,No-Show,
BR00677,B08139,R00213,9400,0,No-Show,
BR00678,B02802,R00212,6950,0,Checked-Out,4
BR00679,B02802,R00223,6650,20,Checked-Out,4
BR00680,B06697,R00025,16350,15,Cancelled,
BR00681,B09491,R00160,10500,10,Checked-Out,4
BR00682,B02922,R00213,9200,5,Checked-Out,4
BR00683,B09779,R00230,8750,0,Cancelled,
BR00684,B07333,R00025,15250,5,Checked-Out,4
BR00685,B05800,R00026,18350,20,Checked-Out,2
BR00686,B08053,R00215,8600,5,Checked-Out,5
BR00687,B04005,R00222,9450,5,Checked-Out,5
BR00688,B09923,R00224,8350,10,Checked-Out,4
BR00689,B09923,R00225,9450,0,Checked-Out,4
BR00690,B02445,R00226,11150,10,Checked-Out,5
BR00691,B02765,R00230,8400,10,Checked-Out,4
BR00692,B03057,R00174,10150,0,Cancelled,
BR00693,B08198,R00236,9350,5,Checked-Out,4
BR00694,B06509,R00052,13650,5,No-Show,
BR00695,B06509,R00104,12450,5,No-Show,
BR00696,B07348,R00149,20650,15,Checked-Out,5
BR00697,B07348,R00152,18350,0,Checked-Out,4
BR00698,B07348,R00218,32150,5,Checked-Out,5
BR00699,B07346,R00028,21000,0,Checked-Out,4
BR00700,B07046,R00174,11500,10,Checked-Out,4
BR00701,B07519,R00241,7650,0,Cancelled,
BR00702,B07519,R00242,7550,15,Cancelled,
BR00703,B02285,R00238,10850,0,Checked-Out,1
BR00704,B03120,R00232,4750,5,Cancelled,
BR00705,B03120,R00176,11950,5,Cancelled,
BR00706,B02276,R00239,9900,15,Cancelled,
BR00707,B06688,R00232,4550,5,Checked-Out,4
BR00708,B01915,R00221,23900,0,Cancelled,
BR00709,B07107,R00052,12650,5,Cancelled,
BR00710,B01179,R00176,12150,25,Checked-Out,5
BR00711,B07913,R00239,9650,0,Checked-Out,5
BR00712,B09273,R00241,7450,0,Checked-Out,2
BR00713,B09273,R00242,7500,0,Checked-Out,5
BR00714,B08750,R00247,6200,0,Cancelled,
BR00715,B08750,R00251,9300,15,Cancelled,
BR00716,B09059,R00240,8150,5,Checked-Out,4
BR00717,B01714,R00247,5850,0,Cancelled,
BR00718,B03295,R00243,10050,10,Checked-Out,5
BR00719,B02614,R00247,6100,20,Checked-Out,5
BR00720,B02614,R00251,9450,0,Checked-Out,4
BR00721,B06778,R00244,5950,0,Checked-Out,4
BR00722,B09172,R00029,22900,10,Checked-Out,5
BR00723,B05318,R00178,11550,5,Checked-Out,4
BR00724,B07389,R00245,10750,15,Checked-Out,3
BR00725,B07389,R00182,11200,10,Checked-Out,5
BR00726,B07595,R00030,18400,0,Checked-Out,5
BR00727,B09744,R00031,22300,5,Checked-Out,4
BR00728,B09744,R00256,6800,0,Checked-Out,2
BR00729,B00254,R00267,9800,0,Checked-Out,4
BR00730,B04149,R00199,11200,5,Checked-Out,4
BR00731,B06482,R00282,4400,5,Checked-Out,4
BR00732,B09642,R00039,22250,10,Checked-Out,4
BR00733,B00251,R00040,15600,20,No-Show,
BR00734,B08101,R00202,9600,0,Checked-Out,4
BR00735,B08383,R00040,14250,10,Cancelled,
BR00736,B05891,R00269,6200,10,Checked-Out,5
BR00737,B02367,R00206,12450,10,Checked-Out,5
BR00738,B09462,R00272,8650,0,Checked-Out,4
BR00739,B09570,R00281,7750,0,Checked-Out,5
BR00740,B00141,R00217,8350,10,Cancelled,
BR00741,B05882,R00286,9700,25,Cancelled,
BR00742,B05882,R00292,7250,25,Cancelled,
BR00743,B05882,R00294,7500,5,Cancelled,
BR00744,B01043,R00248,10100,0,Checked-Out,5
BR00745,B01944,R00286,9500,5,Checked-Out,5
BR00746,B08810,R00040,15150,0,Cancelled,
BR00747,B00937,R00052,12100,5,Checked-Out,4
BR00748,B08638,R00252,8550,10,Checked-Out,3
BR00749,B08958,R00217,9350,15,Checked-Out,5
BR00750,B02041,R00258,14300,20,Checked-Out,4
BR00751,B04289,R00259,12350,20,Checked-Out,5
BR00752,B09194,R00284,4700,10,Checked-Out,4
BR00753,B00591,R00291,4450,5,Checked-Out,4
BR00754,B02541,R00292,7250,10,Cancelled,
BR00755,B02966,R00040,16750,0,Checked-Out,5
BR00756,B00647,R00104,11650,0,Checked-Out,5
BR00757,B02222,R00292,7150,15,Checked-Out,4
BR00758,B06386,R00221,21950,5,Checked-Out,5
BR00759,B00908,R00261,12300,5,No-Show,
BR00760,B04623,R00294,8700,5,Checked-Out,1
BR00761,B07159,R00261,13900,0,Checked-Out,5
BR00762,B07159,R00133,10050,0,Checked-Out,4
BR00763,B01742,R00299,7600,15,Checked-Out,5
BR00764,B02766,R00305,4800,5,Checked-Out,4
BR00765,B02903,R00296,5950,10,Checked-Out,5
BR00766,B01109,R00228,9900,0,Checked-Out,5
BR00767,B04877,R00201,13250,30,Checked-Out,4
BR00768,B05019,R00042,22450,15,Checked-Out,4
BR00769,B01992,R00237,12450,5,Checked-Out,5
BR00770,B04361,R00300,7250,0,Cancelled,
BR00771,B04361,R00302,7550,0,Cancelled,
BR00772,B05104,R00246,12500,5,Checked-Out,5
BR00773,B02716,R00260,10800,0,Checked-Out,4
BR00774,B06896,R00048,15050,10,Checked-Out,2
BR00775,B07665,R00264,10500,0,Checked-Out,4
BR00776,B01357,R00300,7950,5,Checked-Out,5
BR00777,B09020,R00265,9850,0,Checked-Out,5
BR00778,B04662,R00302,7700,0,Checked-Out,5
BR00779,B07023,R00306,8550,5,Checked-Out,5
BR00780,B01272,R00308,6250,5,Cancelled,
BR00781,B03526,R00051,17250,10,Checked-Out,1
BR00782,B08396,R00309,7600,10,Checked-Out,2
BR00783,B05541,R00249,9850,0,Checked-Out,2
BR00784,B09962,R00211,8700,20,Checked-Out,4
BR00785,B04797,R00053,18450,5,Checked-Out,5
BR00786,B04797,R00055,14100,30,Checked-Out,2
BR00787,B09492,R00308,6600,5,Checked-Out,5
BR00788,B05369,R00263,12700,15,Checked-Out,4
BR00789,B01316,R00314,7150,5,Checked-Out,5
BR00790,B08899,R00268,7600,15,Checked-Out,5
BR00791,B09713,R00059,19550,5,Checked-Out,4
BR00792,B00421,R00321,6300,0,Checked-Out,4
BR00793,B01089,R00270,10550,0,Checked-Out,4
BR00794,B02776,R00250,12950,15,Checked-Out,5
BR00795,B01739,R00325,7350,0,Checked-Out,4
BR00796,B01739,R00333,7700,5,Checked-Out,4
BR00797,B01739,R00335,9500,25,Checked-Out,2
BR00798,B06269,R00254,8750,20,Checked-Out,4
BR00799,B06269,R00255,8450,0,Checked-Out,5
BR00800,B05938,R00312,4950,20,No-Show,
BR00801,B08087,R00271,8200,15,Checked-Out,5
BR00802,B07181,R00336,8400,5,No-Show,
BR00803,B01483,R00312,5200,0,Checked-Out,3
BR00804,B07769,R00253,27650,10,Checked-Out,5
BR00805,B00528,R00278,11300,0,Checked-Out,4
BR00806,B03636,R00273,7450,30,Checked-Out,4
BR00807,B04860,R00289,9900,10,Checked-Out,5
BR00808,B06660,R00274,12000,30,Checked-Out,4
BR00809,B07994,R00311,13600,5,Checked-Out,5
BR00810,B07994,R00336,8750,5,Checked-Out,4
BR00811,B06483,R00061,15850,0,Checked-Out,5
BR00812,B01471,R00066,13900,0,Checked-Out,5
BR00813,B01471,R00317,10550,10,Checked-Out,4
BR00814,B03875,R00337,7450,10,Checked-Out,5
BR00815,B06977,R00343,8000,15,Checked-Out,5
BR00816,B09260,R00344,8050,10,Checked-Out,4
BR00817,B08349,R00307,27900,0,Checked-Out,4
BR00818,B08783,R00285,8000,10,Checked-Out,2
BR00819,B05036,R00319,8400,15,Checked-Out,5
BR00820,B06637,R00346,9600,15,Checked-Out,5
BR00821,B08369,R00354,8250,15,Checked-Out,3
BR00822,B08641,R00069,20200,0,Checked-Out,4
BR00823,B06955,R00290,8050,5,Checked-Out,4
BR00824,B06955,R00323,4600,0,Checked-Out,4
BR00825,B06955,R00298,11450,15,Checked-Out,4
BR00826,B00088,R00322,12200,0,Checked-Out,4
BR00827,B01147,R00324,12400,0,Checked-Out,3
BR00828,B04931,R00072,18850,10,Checked-Out,4
BR00829,B09385,R00310,12650,10,Checked-Out,4
BR00830,B09480,R00078,21200,10,Checked-Out,5
BR00831,B09505,R00035,30000,15,Checked-Out,2
BR00832,B09505,R00044,23200,5,Checked-Out,4
BR00833,B01499,R00339,13150,5,Checked-Out,4
BR00834,B02483,R00084,12550,0,Checked-Out,4
BR00835,B06377,R00363,9700,0,Checked-Out,5
BR00836,B08274,R00313,11700,0,Checked-Out,3
BR00837,B00218,R00327,5400,5,No-Show,
BR00838,B04073,R00328,11650,0,Checked-Out,5
BR00839,B05026,R00373,6700,0,Checked-Out,5
BR00840,B07108,R00231,12300,5,Checked-Out,4
BR00841,B05991,R00327,4950,10,Checked-Out,4
BR00842,B06641,R00393,7900,0,Cancelled,
BR00843,B00906,R00393,9100,10,Checked-Out,4
BR00844,B04813,R00330,6250,15,Checked-Out,4
BR00845,B05658,R00391,6600,5,Checked-Out,5
BR00846,B05658,R00341,10000,0,Checked-Out,5
BR00847,B06857,R00332,10500,0,Cancelled,
BR00848,B09394,R00332,10800,5,Checked-Out,5
BR00849,B02223,R00340,4800,0,Checked-Out,4
BR00850,B02697,R00347,7600,5,Checked-Out,4
BR00851,B00507,R00087,22100,5,Checked-Out,5
BR00852,B00592,R00334,10950,10,Cancelled,
BR00853,B02149,R00345,5100,5,Checked-Out,5
BR00854,B05193,R00394,9200,0,Checked-Out,4
BR00855,B09640,R00002,7850,5,Checked-Out,5
BR00856,B09981,R00334,11950,0,Checked-Out,5
BR00857,B00805,R00338,9850,10,Cancelled,
BR00858,B04362,R00348,8850,15,Checked-Out,3
BR00859,B04362,R00351,11600,15,Checked-Out,3
BR00860,B05701,R00338,10000,10,No-Show,
BR00861,B05701,R00356,12800,15,No-Show,
BR00862,B06387,R00234,7850,10,Cancelled,
BR00863,B06387,R00275,11850,0,Cancelled,
BR00864,B07398,R00352,7900,0,Checked-Out,4
BR00865,B09021,R00355,11750,10,Cancelled,
BR00866,B05602,R00083,29000,5,Checked-Out,3
BR00867,B05602,R00149,19450,10,Checked-Out,2
BR00868,B05602,R00152,17850,25,Checked-Out,5
BR00869,B06551,R00338,9450,0,Checked-Out,4
BR00870,B08384,R00234,8450,15,Checked-Out,5
BR00871,B03243,R00092,13200,5,Checked-Out,4
BR00872,B06943,R00350,4750,5,Checked-Out,4
BR00873,B02283,R00397,6650,10,Checked-Out,2
BR00874,B03387,R00275,11750,5,Checked-Out,4
BR00875,B08073,R00353,5000,5,Checked-Out,4
BR00876,B00909,R00101,21550,10,Checked-Out,5
BR00877,B09222,R00218,31900,5,Checked-Out,5
BR00878,B06678,R00404,5450,20,Checked-Out,5
BR00879,B06678,R00424,5400,0,Checked-Out,4
BR00880,B06887,R00405,12300,10,Checked-Out,4
BR00881,B09971,R00406,9400,5,Checked-Out,5
BR00882,B01550,R00403,19400,0,Checked-Out,4
BR00883,B01550,R00407,24050,10,Checked-Out,4
BR00884,B02677,R00443,6550,25,Checked-Out,4
BR00885,B08347,R00430,13650,0,Checked-Out,4
BR00886,B08607,R00401,10800,5,Checked-Out,2
BR00887,B08607,R00411,9800,5,Checked-Out,4
BR00888,B08688,R00410,29550,5,Checked-Out,4
BR00889,B08688,R00422,27500,5,Checked-Out,5
BR00890,B04203,R00419,37250,15,Checked-Out,4
BR00891,B03945,R00459,5300,5,Checked-Out,4
BR00892,B05511,R00442,16000,0,No-Show,
BR00893,B05511,R00451,14500,5,No-Show,
BR00894,B00124,R00412,10900,10,Checked-Out,4
BR00895,B00124,R00417,9750,10,Checked-Out,5
BR00896,B04400,R00462,5850,0,No-Show,
BR00897,B05272,R00408,9300,10,Checked-Out,5
BR00898,B02111,R00414,12350,15,Checked-Out,4
BR00899,B02111,R00420,10300,5,Checked-Out,5
BR00900,B03800,R00415,11050,10,No-Show,
BR00901,B07329,R00462,6600,0,Checked-Out,5
BR00902,B07329,R00423,20200,5,Checked-Out,5
BR00903,B07329,R00471,5850,0,Checked-Out,3
BR00904,B06049,R00487,6550,0,Checked-Out,3
BR00905,B06049,R00421,9300,10,Checked-Out,4
BR00906,B02063,R00415,12900,15,No-Show,
BR00907,B04154,R00415,11850,25,Checked-Out,5
BR00908,B04856,R00511,6000,25,Cancelled,
BR00909,B00772,R00428,8100,10,Checked-Out,4
BR00910,B00772,R00429,8850,0,Checked-Out,2
BR00911,B02437,R00511,6400,5,Checked-Out,4
BR00912,B05140,R00526,6800,0,Checked-Out,5
BR00913,B01268,R00416,13750,0,Checked-Out,4
BR00914,B02067,R00418,10150,15,Checked-Out,4
BR00915,B01705,R00426,12300,5,Checked-Out,3
BR00916,B05794,R00425,24750,15,Cancelled,
BR00917,B09397,R00441,8350,10,Checked-Out,4
BR00918,B02589,R00435,11000,10,Checked-Out,5
BR00919,B02589,R00439,8600,0,Checked-Out,4
BR00920,B09466,R00442,13700,0,Checked-Out,4
BR00921,B09466,R00451,13400,25,Checked-Out,5
BR00922,B08334,R00440,11950,10,Checked-Out,2
BR00923,B02113,R00445,7950,5,Checked-Out,4
BR00924,B01078,R00450,7550,0,Cancelled,
BR00925,B00413,R00446,10750,0,Checked-Out,4
BR00926,B02829,R00402,11450,0,Checked-Out,4
BR00927,B02684,R00409,11600,15,Checked-Out,4
BR00928,B04282,R00449,11700,10,Checked-Out,5
BR00929,B03934,R00536,4550,5,Checked-Out,4
BR00930,B03934,R00560,4800,5,Checked-Out,4
BR00931,B06485,R00561,6700,15,Checked-Out,5
BR00932,B03996,R00450,7900,0,Checked-Out,3
BR00933,B09608,R00452,7400,20,Checked-Out,5
BR00934,B01521,R00456,7300,15,No-Show,
BR00935,B01905,R00453,10350,20,Checked-Out,5
BR00936,B00771,R00413,11550,20,Checked-Out,4
BR00937,B01174,R00456,7750,20,Checked-Out,4
BR00938,B01174,R00427,12550,10,Checked-Out,5
BR00939,B08075,R00566,6900,5,Checked-Out,5
BR00940,B09025,R00431,9400,5,Cancelled,
BR00941,B09025,R00433,12900,10,Cancelled,
BR00942,B02686,R00455,10900,0,Checked-Out,2
BR00943,B01995,R00465,8050,5,Checked-Out,4
BR00944,B01995,R00480,8100,20,Checked-Out,4
BR00945,B01995,R00481,8150,10,Checked-Out,4
BR00946,B03520,R00431,9050,20,Cancelled,
BR00947,B07477,R00489,10850,15,Checked-Out,4
BR00948,B07073,R00492,8550,15,Checked-Out,5
BR00949,B03133,R00464,7700,10,Cancelled,
BR00950,B08647,R00482,11350,5,Checked-Out,4
BR00951,B04254,R00488,11250,0,Cancelled,
BR00952,B09246,R00431,8700,5,No-Show,
BR00953,B09109,R00568,4250,0,Checked-Out,3
BR00954,B04554,R00431,9350,20,Checked-Out,5
BR00955,B04763,R00494,8400,20,Checked-Out,5
BR00956,B00685,R00497,10800,0,Checked-Out,5
BR00957,B08529,R00498,9400,0,Checked-Out,4
BR00958,B01680,R00464,8300,10,Checked-Out,4
BR00959,B09811,R00467,9150,10,Checked-Out,5
BR00960,B06602,R00571,3900,0,Checked-Out,3
BR00961,B06602,R00573,5850,0,Checked-Out,5
BR00962,B04137,R00425,21600,0,Checked-Out,3
BR00963,B00767,R00500,11850,30,Checked-Out,5
BR00964,B08292,R00468,8000,0,Checked-Out,5
BR00965,B08292,R00472,6450,0,Checked-Out,4
BR00966,B08292,R00503,11450,0,Checked-Out,5
BR00967,B02779,R00488,10450,25,Checked-Out,5
BR00968,B02779,R00490,7950,10,Checked-Out,5
BR00969,B02779,R00499,9100,15,Checked-Out,4
BR00970,B07774,R00588,4150,10,Checked-Out,4
BR00971,B02844,R00590,6750,20,Checked-Out,4
BR00972,B02964,R00504,10300,5,Checked-Out,5
BR00973,B03618,R00507,11000,15,Checked-Out,5
BR00974,B03618,R00519,12150,0,Checked-Out,5
BR00975,B00048,R00510,9500,5,Checked-Out,5
BR00976,B09467,R00521,11700,5,No-Show,
BR00977,B05429,R00623,6400,5,Checked-Out,3
BR00978,B02793,R00541,11650,5,Cancelled,
BR00979,B02793,R00547,12350,5,Cancelled,
BR00980,B00537,R00433,12150,10,Checked-Out,4
BR00981,B00537,R00437,11100,0,Checked-Out,4
BR00982,B01090,R00521,10900,10,Checked-Out,5
BR00983,B01090,R00522,8700,5,Checked-Out,5
BR00984,B05586,R00529,10050,20,Checked-Out,5
BR00985,B05586,R00530,9750,5,Checked-Out,5
BR00986,B06638,R00631,4550,10,Checked-Out,3
BR00987,B01003,R00533,8900,20,Checked-Out,2
BR00988,B01003,R00537,10450,5,Checked-Out,4
BR00989,B07809,R00432,14900,15,Checked-Out,3
BR00990,B04300,R00434,20300,0,Checked-Out,5
BR00991,B04300,R00436,15450,5,Checked-Out,4
BR00992,B04300,R00457,23550,5,Checked-Out,5
BR00993,B01886,R00475,9050,5,Cancelled,
BR00994,B04764,R00438,11050,0,Checked-Out,5
BR00995,B05099,R00545,9950,15,Checked-Out,5
BR00996,B01751,R00458,14600,10,Checked-Out,4
BR00997,B01751,R00460,14350,0,Checked-Out,4
BR00998,B09940,R00469,24350,10,Checked-Out,3
BR00999,B09940,R00633,5250,5,Checked-Out,5
BR01000,B09940,R00639,4350,10,Checked-Out,3
BR01001,B03250,R00550,9100,15,Checked-Out,5
BR01002,B02808,R00475,7700,10,Cancelled,
BR01003,B06206,R00554,11900,30,Checked-Out,4
BR01004,B04358,R00475,7300,5,Checked-Out,4
BR01005,B04740,R00555,7950,0,Checked-Out,5
BR01006,B03773,R00473,24350,15,Checked-Out,5
BR01007,B05467,R00659,4400,0,Checked-Out,5
BR01008,B05467,R00671,4100,0,Checked-Out,5
BR01009,B05467,R00672,4300,15,Checked-Out,5
BR01010,B06196,R00541,12300,0,Checked-Out,4
BR01011,B05142,R00558,9900,10,Checked-Out,4
BR01012,B05142,R00559,7000,5,Checked-Out,4
BR01013,B07799,R00565,12600,5,Checked-Out,5
BR01014,B06373,R00478,10700,5,Cancelled,
BR01015,B06329,R00575,13250,10,No-Show,
BR01016,B06329,R00478,11250,15,No-Show,
BR01017,B08048,R00476,23700,10,Checked-Out,4
BR01018,B06639,R00496,28900,5,Checked-Out,3
BR01019,B06639,R00447,34400,30,Checked-Out,5
BR01020,B01096,R00674,5800,10,Checked-Out,5
BR01021,B01096,R00502,25500,15,Checked-Out,5
BR01022,B06038,R00575,13200,0,Checked-Out,4
BR01023,B07578,R00444,15100,10,Checked-Out,3
BR01024,B09105,R00448,12200,5,Checked-Out,5
BR01025,B06216,R00688,8150,0,Checked-Out,4
BR01026,B04242,R00583,11800,15,Checked-Out,4
BR01027,B00176,R00692,7950,0,Checked-Out,5
BR01028,B06429,R00478,10950,0,Checked-Out,5
BR01029,B06429,R00454,10500,15,Checked-Out,4
BR01030,B04312,R00508,29950,20,Checked-Out,5
BR01031,B09914,R00592,9450,15,Checked-Out,1
BR01032,B00667,R00594,8900,30,Checked-Out,5
BR01033,B07563,R00707,7300,5,Checked-Out,5
BR01034,B07563,R00712,7250,0,Checked-Out,2
BR01035,B09763,R00730,8650,15,Checked-Out,4
BR01036,B09739,R00606,15500,5,Checked-Out,5
BR01037,B03668,R00466,15600,10,Checked-Out,4
BR01038,B02321,R00515,29400,5,Checked-Out,4
BR01039,B02321,R00517,17250,0,Checked-Out,5
BR01040,B09374,R00547,14400,10,Checked-Out,5
BR01041,B02916,R00523,20000,15,Cancelled,
BR01042,B08235,R00470,13300,10,Checked-Out,3
BR01043,B05578,R00474,16000,0,Checked-Out,5
BR01044,B08952,R00523,20300,5,Cancelled,
BR01045,B08952,R00531,26800,30,Cancelled,
BR01046,B08952,R00534,23350,15,Cancelled,
BR01047,B06431,R00479,16050,15,Checked-Out,3
BR01048,B04463,R00485,11200,0,Checked-Out,4
BR01049,B01757,R00491,13300,0,Checked-Out,5
BR01050,B01757,R00404,6100,0,Checked-Out,4
BR01051,B02024,R00493,12300,0,Checked-Out,5
BR01052,B03563,R00483,10350,10,Checked-Out,5
BR01053,B07997,R00484,16450,5,Checked-Out,5
BR01054,B08253,R00495,11450,0,Cancelled,
BR01055,B00661,R00608,14450,0,Checked-Out,2
BR01056,B00661,R00523,19750,5,Checked-Out,3
BR01057,B01167,R00531,25450,0,Checked-Out,4
BR01058,B04825,R00486,10400,0,Checked-Out,5
BR01059,B08493,R00424,5450,0,Checked-Out,5
BR01060,B08493,R00570,11750,0,Checked-Out,4
BR01061,B05587,R00534,22850,0,Checked-Out,5
BR01062,B04574,R00610,9550,5,Checked-Out,5
BR01063,B04574,R00615,12050,15,Checked-Out,2
BR01064,B04248,R00461,37400,10,Checked-Out,4
BR01065,B04248,R00463,25400,5,Checked-Out,5
BR01066,B04248,R00477,27150,0,Checked-Out,3
BR01067,B07574,R00495,11000,0,Checked-Out,3
BR01068,B07012,R00505,15150,20,Checked-Out,5
BR01069,B08994,R00619,11000,30,No-Show,
BR01070,B02165,R00516,32100,25,Checked-Out,5
BR01071,B05397,R00619,10750,0,Cancelled,
BR01072,B09398,R00619,10800,0,Checked-Out,4
BR01073,B07049,R00501,9450,0,Checked-Out,5
BR01074,B00508,R00443,5600,10,Checked-Out,5
BR01075,B04204,R00535,22250,10,Cancelled,
BR01076,B05579,R00459,5550,0,Checked-Out,4
BR01077,B02549,R00577,11050,25,Checked-Out,5
BR01078,B04320,R00620,12100,0,Checked-Out,4
BR01079,B04320,R00506,11350,5,Checked-Out,5
BR01080,B09760,R00622,13450,0,Checked-Out,5
BR01081,B04918,R00585,26400,5,No-Show,
BR01082,B01019,R00535,23350,25,Checked-Out,3
BR01083,B00726,R00525,13950,0,Checked-Out,5
BR01084,B07463,R00627,14150,5,Checked-Out,4
BR01085,B07225,R00509,8200,10,Checked-Out,5
BR01086,B02593,R00628,13250,10,Checked-Out,5
BR01087,B07201,R00512,6800,15,Checked-Out,4
BR01088,B07728,R00543,28150,10,Checked-Out,4
BR01089,B07728,R00544,21700,0,Checked-Out,4
BR01090,B07728,R00548,20600,15,Checked-Out,5
BR01091,B05221,R00551,22750,5,Cancelled,
BR01092,B09764,R00629,12500,10,Checked-Out,5
BR01093,B07179,R00551,22000,15,Checked-Out,4
BR01094,B01125,R00641,8600,10,Checked-Out,4
BR01095,B04448,R00462,6100,10,Checked-Out,4
BR01096,B04448,R00513,9000,0,Checked-Out,4
BR01097,B08007,R00556,17950,0,Checked-Out,5
BR01098,B08007,R00576,25100,0,Checked-Out,4
BR01099,B00699,R00471,6250,15,Cancelled,
BR01100,B01544,R00532,11500,0,Checked-Out,5
BR01101,B07522,R00514,9550,0,Cancelled,
BR01102,B08465,R00581,14000,15,Checked-Out,5
BR01103,B09223,R00514,9650,0,Checked-Out,3
BR01104,B09223,R00518,10150,0,Checked-Out,5
BR01105,B09223,R00520,8100,10,Checked-Out,4
BR01106,B08916,R00524,9000,15,No-Show,
BR01107,B09759,R00524,8750,15,Checked-Out,5
BR01108,B08997,R00625,11000,0,Checked-Out,5
BR01109,B05932,R00579,15150,5,Checked-Out,4
BR01110,B05932,R00586,19400,0,Checked-Out,4
BR01111,B06168,R00539,11000,0,Checked-Out,5
BR01112,B06168,R00542,13350,20,Checked-Out,4
BR01113,B06168,R00549,13250,0,Checked-Out,4
BR01114,B07943,R00527,8550,10,Checked-Out,5
BR01115,B04948,R00471,5350,0,Checked-Out,5
BR01116,B07486,R00487,6000,15,Checked-Out,2
BR01117,B00320,R00557,10750,10,Checked-Out,4
BR01118,B07975,R00635,11400,30,Checked-Out,5
BR01119,B07975,R00643,9200,0,Checked-Out,4
BR01120,B08258,R00585,21100,0,Checked-Out,5
BR01121,B05102,R00589,20400,10,Checked-Out,5
BR01122,B04449,R00574,13600,0,No-Show,
BR01123,B07010,R00648,12350,0,Cancelled,
BR01124,B07010,R00528,6450,10,Cancelled,
BR01125,B05951,R00599,21650,0,Checked-Out,3
BR01126,B05951,R00600,18750,0,Checked-Out,4
BR01127,B05363,R00647,12200,0,Checked-Out,5
BR01128,B09143,R00601,22350,0,Cancelled,
BR01129,B04266,R00648,12100,15,Checked-Out,4
BR01130,B03509,R00511,5000,5,Checked-Out,5
BR01131,B08565,R00654,11350,15,Checked-Out,4
BR01132,B04260,R00526,6800,10,Checked-Out,3
BR01133,B09014,R00528,5850,0,Checked-Out,2
BR01134,B06741,R00561,6800,0,Checked-Out,4
BR01135,B06090,R00538,11100,5,Checked-Out,5
BR01136,B06090,R00540,8950,0,Checked-Out,3
BR01137,B06090,R00546,8250,10,Checked-Out,4
BR01138,B05088,R00601,20150,10,Checked-Out,4
BR01139,B09665,R00656,11400,30,Checked-Out,3
BR01140,B09665,R00657,11300,5,Checked-Out,4
BR01141,B09665,R00661,9400,0,Checked-Out,5
BR01142,B09665,R00667,9250,0,Checked-Out,4
BR01143,B01314,R00668,13500,25,Checked-Out,4
BR01144,B09088,R00536,4600,0,Checked-Out,4
BR01145,B09161,R00673,13050,25,Checked-Out,3
BR01146,B06332,R00574,12800,0,Checked-Out,4
BR01147,B06332,R00578,12200,0,Checked-Out,2
BR01148,B07640,R00602,16050,0,Checked-Out,5
BR01149,B04630,R00552,10400,5,Checked-Out,1
BR01150,B07510,R00660,13750,5,Checked-Out,4
BR01151,B07882,R00560,4600,5,Cancelled,
BR01152,B07882,R00553,8450,5,Cancelled,
BR01153,B07882,R00679,7450,5,Cancelled,
BR01154,B03984,R00593,9200,15,Checked-Out,4
BR01155,B08167,R00553,8500,0,Checked-Out,5
BR01156,B03369,R00626,11050,5,Checked-Out,5
BR01157,B09555,R00669,11300,5,Checked-Out,5
BR01158,B04085,R00632,10400,10,Checked-Out,5
BR01159,B05372,R00611,21800,0,Checked-Out,5
BR01160,B02573,R00679,7950,0,Checked-Out,4
BR01161,B05583,R00560,4800,20,Cancelled,
BR01162,B03876,R00682,8100,10,Checked-Out,4
BR01163,B03758,R00603,24150,0,Checked-Out,4
BR01164,B09471,R00683,7650,0,Cancelled,
BR01165,B05515,R00640,9950,0,Checked-Out,5
BR01166,B04134,R00605,20700,0,Checked-Out,4
BR01167,B08448,R00560,5300,0,Checked-Out,4
BR01168,B03564,R00566,6700,0,Checked-Out,2
BR01169,B05151,R00683,7500,10,Checked-Out,4
BR01170,B04985,R00562,9550,5,Checked-Out,3
BR01171,B02146,R00568,4400,0,Checked-Out,4
BR01172,B00977,R00563,7150,0,Checked-Out,3
BR01173,B08116,R00564,8100,5,Checked-Out,4
BR01174,B06564,R00650,13200,0,No-Show,
BR01175,B06567,R00698,9350,15,Checked-Out,4
BR01176,B07197,R00567,7200,5,Checked-Out,4
BR01177,B09190,R00571,4450,10,Checked-Out,1
BR01178,B05402,R00650,12150,0,Checked-Out,2
BR01179,B05402,R00664,10300,10,Checked-Out,1
BR01180,B06437,R00670,9700,0,Cancelled,
BR01181,B09756,R00723,8900,0,Checked-Out,5
BR01182,B06297,R00689,7650,10,Checked-Out,3
BR01183,B08469,R00670,10750,0,Checked-Out,5
BR01184,B09132,R00729,11000,0,Checked-Out,4
BR01185,B08219,R00612,15800,0,Checked-Out,4
BR01186,B01207,R00569,7250,0,No-Show,
BR01187,B01207,R00572,5450,0,No-Show,
BR01188,B09591,R00430,9850,15,Checked-Out,5
BR01189,B04785,R00573,5550,0,Checked-Out,5
BR01190,B00159,R00569,6700,10,Checked-Out,4
BR01191,B00449,R00616,22550,15,Checked-Out,5
BR01192,B06070,R00617,19450,10,Checked-Out,1
BR01193,B06070,R00618,22850,15,Checked-Out,3
BR01194,B04175,R00675,10200,5,Checked-Out,4
BR01195,B04175,R00677,10250,15,Checked-Out,5
BR01196,B08543,R00691,8700,30,Checked-Out,4
BR01197,B03229,R00706,10250,5,Checked-Out,5
BR01198,B03229,R00709,12600,15,Checked-Out,4
BR01199,B03229,R00711,9600,15,Checked-Out,5
BR01200,B04006,R00572,6150,5,Checked-Out,4
BR01201,B02791,R00442,13000,5,Checked-Out,4
BR01202,B02791,R00451,12500,15,Checked-Out,5
BR01203,B03965,R00580,7500,0,Checked-Out,4
BR01204,B07830,R00717,12350,0,Checked-Out,5
BR01205,B04103,R00621,18850,10,Cancelled,
BR01206,B04103,R00482,10600,20,Cancelled,
BR01207,B05406,R00719,9450,0,Checked-Out,5
BR01208,B02013,R00482,10950,15,Checked-Out,3
BR01209,B04394,R00724,8000,5,Checked-Out,5
BR01210,B04394,R00621,20150,10,Checked-Out,5
BR01211,B04394,R00488,11000,15,Checked-Out,5
BR01212,B09575,R00582,9100,15,Checked-Out,4
BR01213,B08385,R00490,8100,5,Checked-Out,4
BR01214,B08385,R00499,10350,15,Checked-Out,4
BR01215,B01737,R00405,10550,0,Checked-Out,5
BR01216,B09822,R00636,15100,20,Checked-Out,4
BR01217,B08554,R00584,8500,20,No-Show,
BR01218,B04847,R00406,8600,15,Checked-Out,4
BR01219,B04847,R00414,11700,15,Checked-Out,3
BR01220,B04324,R00408,8650,10,Checked-Out,4
BR01221,B02486,R00637,18800,0,Checked-Out,5
BR01222,B06270,R00644,13700,0,Cancelled,
BR01223,B06270,R00652,19200,5,Cancelled,
BR01224,B06553,R00681,8550,10,Checked-Out,4
BR01225,B06553,R00684,11850,0,Checked-Out,4
BR01226,B06553,R00685,9900,0,Checked-Out,4
BR01227,B00610,R00415,10400,10,Checked-Out,5
BR01228,B07777,R00416,12250,5,Checked-Out,4
BR01229,B08042,R00644,19850,30,Checked-Out,3
BR01230,B03035,R00652,24500,25,Checked-Out,4
BR01231,B08530,R00588,5300,0,Checked-Out,4
BR01232,B00547,R00418,11400,0,Checked-Out,5
BR01233,B00547,R00426,15200,0,Checked-Out,4
BR01234,B05222,R00653,15350,0,Cancelled,
BR01235,B03069,R00686,14400,10,Checked-Out,5
BR01236,B04809,R00435,13500,5,Checked-Out,5
BR01237,B02317,R00439,10350,0,Checked-Out,4
BR01238,B06687,R00590,8300,25,No-Show,
BR01239,B06687,R00690,13950,5,No-Show,
BR01240,B04615,R00440,14550,15,Cancelled,
BR01241,B04759,R00584,10900,5,Checked-Out,4
BR01242,B06523,R00590,7650,5,No-Show,
BR01243,B05116,R00587,8600,15,No-Show,
BR01244,B05116,R00440,13700,25,No-Show,
BR01245,B05116,R00591,10950,0,No-Show,
BR01246,B07101,R00690,14250,5,Checked-Out,5
BR01247,B02856,R00510,11300,5,Checked-Out,5
BR01248,B05058,R00693,13900,10,Checked-Out,5
BR01249,B07608,R00440,14900,0,Checked-Out,5
BR01250,B07608,R00653,16100,10,Checked-Out,5
BR01251,B03774,R00696,15300,0,Checked-Out,5
BR01252,B09168,R00700,15550,30,Checked-Out,4
BR01253,B06298,R00541,14700,0,Checked-Out,4
BR01254,B07222,R00446,13500,30,Cancelled,
BR01255,B07182,R00666,21550,5,Checked-Out,4
BR01256,B00384,R00676,24300,10,Checked-Out,3
BR01257,B00384,R00695,18800,15,Checked-Out,5
BR01258,B00384,R00702,19500,0,Checked-Out,4
BR01259,B05009,R00587,8100,5,Checked-Out,5
BR01260,B08919,R00701,15750,10,Checked-Out,5
BR01261,B05532,R00590,8200,10,Checked-Out,5
BR01262,B02937,R00591,10350,5,Checked-Out,5
BR01263,B09979,R00446,11900,5,Checked-Out,4
BR01264,B07467,R00595,11850,0,Checked-Out,4
BR01265,B09560,R00547,15700,5,Checked-Out,3
BR01266,B08111,R00623,7800,20,Checked-Out,5
BR01267,B03015,R00631,6150,5,No-Show,
BR01268,B00033,R00703,15650,25,Checked-Out,3
BR01269,B04633,R00596,7150,15,Checked-Out,5
BR01270,B08067,R00449,13400,0,Checked-Out,4
BR01271,B04555,R00570,12200,0,Checked-Out,3
BR01272,B05871,R00453,11600,10,Cancelled,
BR01273,B09730,R00597,7250,5,Cancelled,
BR01274,B09730,R00598,9800,5,Cancelled,
BR01275,B03578,R00705,17350,0,Checked-Out,5
BR01276,B07612,R00597,7400,5,Checked-Out,4
BR01277,B07612,R00598,9400,20,Checked-Out,3
BR01278,B06626,R00453,10100,10,Checked-Out,5
BR01279,B00865,R00604,8100,25,Checked-Out,4
BR01280,B07544,R00455,12500,10,Cancelled,
BR01281,B01702,R00713,22350,0,Cancelled,
BR01282,B02735,R00713,23350,0,Checked-Out,4
BR01283,B03485,R00631,6000,0,Cancelled,
BR01284,B05350,R00455,11550,10,Checked-Out,5
BR01285,B08587,R00607,8350,5,Checked-Out,5
BR01286,B07723,R00577,12850,20,Checked-Out,5
BR01287,B07723,R00465,11200,0,Checked-Out,4
BR01288,B02806,R00720,21500,5,Checked-Out,4
BR01289,B07126,R00480,9700,5,Checked-Out,4
BR01290,B08201,R00631,6100,5,Checked-Out,4
BR01291,B02351,R00721,21850,5,Checked-Out,4
BR01292,B05242,R00481,11550,5,Checked-Out,4
BR01293,B00628,R00609,7150,0,Checked-Out,5
BR01294,B00628,R00613,7050,10,Checked-Out,4
BR01295,B00628,R00614,9400,0,Checked-Out,4
BR01296,B07000,R00624,12650,10,Checked-Out,4
BR01297,B00076,R00633,6150,10,Checked-Out,4
BR01298,B09015,R00639,6050,5,Checked-Out,5
BR01299,B06589,R00581,16200,15,Checked-Out,5
BR01300,B03510,R00489,12750,10,Checked-Out,3
BR01301,B06803,R00492,10900,0,Checked-Out,3
BR01302,B06803,R00494,9250,0,Checked-Out,4
BR01303,B00846,R00659,5200,5,Checked-Out,4
BR01304,B08405,R00630,11350,15,Checked-Out,4
BR01305,B07597,R00638,9700,0,Checked-Out,4
BR01306,B01055,R00725,26300,10,Cancelled,
BR01307,B01055,R00403,20850,10,Cancelled,
BR01308,B00869,R00642,10750,0,Checked-Out,4
BR01309,B01809,R00671,5800,5,Checked-Out,5
BR01310,B04525,R00497,12500,0,Checked-Out,3
BR01311,B04395,R00704,15850,5,Checked-Out,4
BR01312,B04395,R00710,13250,5,Checked-Out,3
BR01313,B00429,R00716,12500,10,Checked-Out,5
BR01314,B05654,R00625,10600,5,No-Show,
BR01315,B08154,R00645,9100,10,Checked-Out,4
BR01316,B08154,R00672,5500,10,Checked-Out,4
BR01317,B08550,R00725,25600,20,Checked-Out,4
BR01318,B04858,R00498,10350,5,Checked-Out,3
BR01319,B00058,R00625,10250,30,Checked-Out,4
BR01320,B05722,R00728,14350,10,Checked-Out,5
BR01321,B05722,R00646,9000,0,Checked-Out,5
BR01322,B08650,R00402,13350,0,Cancelled,
BR01323,B01791,R00503,11950,0,Checked-Out,4
BR01324,B01791,R00651,8200,15,Checked-Out,4
BR01325,B01791,R00655,8300,15,Checked-Out,5
BR01326,B05351,R00402,13150,0,Checked-Out,4
BR01327,B00385,R00409,13100,0,Checked-Out,4
BR01328,B06359,R00674,5950,5,Checked-Out,4
BR01329,B07492,R00403,17500,10,Checked-Out,5
BR01330,B08854,R00500,14950,10,No-Show,
BR01331,B08854,R00504,12550,0,No-Show,
BR01332,B09509,R00658,7650,5,Checked-Out,5
BR01333,B09592,R00413,13500,10,Checked-Out,5
BR01334,B02857,R00500,15800,5,Checked-Out,5
BR01335,B04325,R00662,8200,10,Checked-Out,5
BR01336,B08507,R00635,14800,25,Checked-Out,4
BR01337,B04021,R00407,26800,0,Checked-Out,2
BR01338,B00558,R00648,14650,5,Checked-Out,4
BR01339,B08612,R00688,7500,20,Checked-Out,5
BR01340,B07603,R00504,11600,5,Checked-Out,4
BR01341,B07603,R00507,12700,20,Checked-Out,5
BR01342,B07603,R00519,13600,0,Checked-Out,4
BR01343,B08920,R00410,29200,0,No-Show,
BR01344,B02625,R00410,30150,0,Checked-Out,3
BR01345,B03873,R00692,7000,20,Checked-Out,5
BR01346,B04112,R00707,8000,15,Checked-Out,5
BR01347,B00834,R00663,7150,5,Checked-Out,5
BR01348,B05442,R00427,14150,10,Checked-Out,3
BR01349,B03450,R00431,10100,10,Checked-Out,4
BR01350,B00202,R00665,6950,5,Cancelled,
BR01351,B01303,R00529,11250,0,Checked-Out,4
BR01352,B07561,R00530,11900,5,Checked-Out,4
BR01353,B02131,R00521,12750,10,Checked-Out,5
BR01354,B03230,R00422,26750,0,Checked-Out,4
BR01355,B09654,R00665,7100,5,Cancelled,
BR01356,B06619,R00665,7750,5,Cancelled,
BR01357,B06619,R00433,14250,0,Cancelled,
BR01358,B02487,R00665,7400,0,Checked-Out,5
BR01359,B03002,R00433,14500,5,Checked-Out,4
BR01360,B03002,R00437,12900,5,Checked-Out,4
BR01361,B03002,R00438,14250,0,Checked-Out,5
BR01362,B05549,R00423,19500,5,Checked-Out,4
BR01363,B05549,R00712,7400,5,Checked-Out,5
BR01364,B09216,R00425,26600,0,Cancelled,
BR01365,B03983,R00678,8200,20,Checked-Out,5
BR01366,B03983,R00680,8500,5,Checked-Out,5
BR01367,B02563,R00687,8650,10,Checked-Out,4
BR01368,B05580,R00522,12250,5,Cancelled,
BR01369,B03316,R00694,10100,0,Checked-Out,4
BR01370,B03321,R00522,11300,10,Checked-Out,4
BR01371,B02499,R00697,9450,0,Cancelled,
BR01372,B01620,R00444,15650,5,Checked-Out,5
BR01373,B06351,R00448,11950,0,Checked-Out,4
BR01374,B06210,R00454,9850,10,Checked-Out,3
BR01375,B04943,R00466,14000,0,Checked-Out,5
BR01376,B00745,R00533,10350,20,Checked-Out,2
BR01377,B02583,R00470,11950,10,Checked-Out,5
BR01378,B04166,R00474,14000,10,Checked-Out,4
BR01379,B04166,R00479,14600,5,Checked-Out,3
BR01380,B02708,R00484,13750,0,Checked-Out,5
BR01381,B00914,R00483,10150,0,Checked-Out,4
BR01382,B05644,R00730,8250,0,Checked-Out,1
BR01383,B02786,R00537,12600,0,Checked-Out,4
BR01384,B01769,R00545,11500,5,Checked-Out,4
BR01385,B06360,R00486,10900,5,No-Show,
BR01386,B00112,R00550,11000,15,Checked-Out,4
BR01387,B07641,R00404,5100,0,Checked-Out,5
BR01388,B08923,R00554,14500,20,Checked-Out,4
BR01389,B03036,R00555,9000,15,Checked-Out,5
BR01390,B03036,R00424,5150,5,Checked-Out,4
BR01391,B07827,R00486,10700,0,Checked-Out,5
BR01392,B02136,R00505,14800,0,Checked-Out,4
BR01393,B08283,R00558,11800,0,Checked-Out,4
BR01394,B05239,R00660,15550,0,Checked-Out,5
BR01395,B06963,R00697,9900,0,Checked-Out,4
BR01396,B02761,R00699,7300,10,Checked-Out,4
BR01397,B03940,R00559,9550,0,Checked-Out,5
BR01398,B04851,R00708,6550,5,Checked-Out,4
BR01399,B04851,R00714,9950,0,Checked-Out,2
BR01400,B09775,R00669,11900,20,Checked-Out,2
BR01401,B09775,R00682,9900,10,Checked-Out,5
BR01402,B09775,R00698,10200,10,Checked-Out,5
BR01403,B02475,R00715,7700,10,Checked-Out,5
BR01404,B08802,R00718,8500,15,Checked-Out,5
BR01405,B08802,R00722,7050,5,Checked-Out,5
BR01406,B08802,R00443,5550,20,Checked-Out,4
BR01407,B09349,R00506,9450,20,Checked-Out,5
BR01408,B09349,R00565,11950,0,Checked-Out,3
BR01409,B05763,R00726,8200,20,Checked-Out,1
BR01410,B07207,R00459,6150,0,Checked-Out,2
BR01411,B07207,R00462,6100,5,Checked-Out,4
BR01412,B04561,R00425,30050,5,Checked-Out,5
BR01413,B01154,R00525,12200,5,Checked-Out,5
BR01414,B05665,R00575,11700,10,Checked-Out,3
BR01415,B08449,R00532,10150,5,Checked-Out,5
BR01416,B02876,R00583,8800,0,Checked-Out,4
BR01417,B07566,R00539,12600,10,Checked-Out,4
BR01418,B01691,R00723,9350,5,Checked-Out,4
BR01419,B03332,R00471,5650,0,Checked-Out,5
BR01420,B07289,R00542,13300,5,Checked-Out,4
BR01421,B06145,R00634,33550,0,Checked-Out,5
BR01422,B02590,R00549,13600,5,Checked-Out,5
BR01423,B02590,R00557,10000,5,Checked-Out,5
BR01424,B09614,R00729,11750,20,Checked-Out,4
BR01425,B05364,R00401,8800,0,Checked-Out,4
BR01426,B07468,R00594,7800,0,Cancelled,
BR01427,B06093,R00487,6000,0,Checked-Out,4
BR01428,B06093,R00511,5500,0,Checked-Out,4
BR01429,B07605,R00434,21850,0,Checked-Out,3
BR01430,B01045,R00430,12500,10,Checked-Out,4
BR01431,B06764,R00436,15600,0,Checked-Out,4
BR01432,B06764,R00574,11600,0,Checked-Out,4
BR01433,B05732,R00578,12000,5,Checked-Out,4
BR01434,B06698,R00411,7900,0,Checked-Out,4
BR01435,B08317,R00594,8150,0,No-Show,
BR01436,B09080,R00594,7400,10,Checked-Out,5
BR01437,B09842,R00593,9400,0,Checked-Out,5
BR01438,B00051,R00592,8100,10,No-Show,
BR01439,B06813,R00592,8000,20,Checked-Out,4
BR01440,B04900,R00412,9500,0,Checked-Out,4
BR01441,B07158,R00626,12100,15,Checked-Out,5
BR01442,B00929,R00606,11900,15,Checked-Out,5
BR01443,B05206,R00526,6200,10,Cancelled,
BR01444,B08091,R00649,27100,0,Checked-Out,4
BR01445,B09576,R00457,25650,0,Checked-Out,4
BR01446,B09576,R00432,15500,5,Checked-Out,5
BR01447,B02650,R00526,6100,10,Checked-Out,5
BR01448,B02863,R00608,12200,0,Checked-Out,3
BR01449,B08816,R00417,8850,0,Checked-Out,4
BR01450,B09542,R00632,11200,0,Checked-Out,5
BR01451,B08297,R00610,8000,5,Checked-Out,5
BR01452,B07364,R00727,29500,10,Checked-Out,4
BR01453,B02477,R00420,7900,0,Checked-Out,4
BR01454,B02715,R00561,7300,10,Checked-Out,3
BR01455,B02715,R00536,4550,10,Checked-Out,3
BR01456,B03309,R00458,15650,0,Checked-Out,4
BR01457,B04934,R00421,9000,10,Checked-Out,5
BR01458,B07579,R00566,6500,5,Checked-Out,5
BR01459,B07579,R00560,4800,10,Checked-Out,4
BR01460,B02033,R00428,6500,20,No-Show,
BR01461,B02033,R00429,7900,0,No-Show,
BR01462,B06398,R00460,14400,0,Checked-Out,5
BR01463,B06398,R00469,25750,5,Checked-Out,4
BR01464,B04864,R00473,21950,10,Checked-Out,4
BR01465,B06517,R00428,6600,0,Checked-Out,5
BR01466,B07056,R00615,10650,5,Checked-Out,5
BR01467,B01984,R00568,4300,0,Checked-Out,4
BR01468,B04648,R00429,7350,10,Checked-Out,4
BR01469,B06050,R00619,10000,0,No-Show,
BR01470,B07013,R00441,9500,10,Checked-Out,3
BR01471,B07487,R00619,10400,5,Checked-Out,4
BR01472,B07487,R00620,11250,5,Checked-Out,5
BR01473,B07487,R00622,12950,20,Checked-Out,3
BR01474,B04783,R00445,8000,15,Checked-Out,4
BR01475,B09995,R00476,19450,30,Checked-Out,3
BR01476,B01411,R00442,12700,0,Checked-Out,5
BR01477,B01411,R00451,14100,25,Checked-Out,5
BR01478,B04583,R00496,26200,5,Checked-Out,5
BR01479,B07344,R00482,10650,10,Checked-Out,4
BR01480,B08581,R00571,4500,15,Checked-Out,3
BR01481,B09516,R00502,22950,0,Checked-Out,4
BR01482,B09516,R00508,24900,10,Checked-Out,5
BR01483,B04496,R00450,8250,25,Checked-Out,5
BR01484,B02812,R00627,11700,5,Checked-Out,4
BR01485,B09227,R00628,9900,15,Checked-Out,4
BR01486,B04173,R00515,21800,25,Cancelled,
BR01487,B06605,R00640,11050,10,Checked-Out,3
BR01488,B06605,R00573,5900,0,Checked-Out,4
BR01489,B06605,R00650,12750,0,Checked-Out,4
BR01490,B06605,R00515,21050,0,Checked-Out,4
BR01491,B01020,R00629,9950,0,Checked-Out,5
BR01492,B04318,R00588,4100,0,Checked-Out,4
BR01493,B04318,R00590,6350,15,Checked-Out,4
BR01494,B04318,R00623,6650,0,Checked-Out,4
BR01495,B07223,R00488,9700,10,Checked-Out,5
BR01496,B08156,R00517,13800,25,Checked-Out,4
BR01497,B08156,R00523,15750,15,Checked-Out,4
BR01498,B06995,R00641,7800,10,Checked-Out,5
BR01499,B00608,R00643,8250,0,Checked-Out,4
BR01500,B00608,R00647,13550,0,Checked-Out,4
BR01501,B05592,R00654,9000,10,Cancelled,
BR01502,B05010,R00531,18850,15,Checked-Out,4
BR01503,B06765,R00490,7750,15,Checked-Out,3
BR01504,B06853,R00452,7000,10,Cancelled,
BR01505,B06853,R00456,8850,0,Cancelled,
BR01506,B07155,R00664,11150,25,Checked-Out,5
BR01507,B08844,R00654,10350,25,Checked-Out,5
BR01508,B03000,R00534,16650,10,Cancelled,
BR01509,B06062,R00534,18500,0,Checked-Out,3
BR01510,B07413,R00668,12200,15,Checked-Out,4
BR01511,B09301,R00535,20350,20,Checked-Out,5
BR01512,B02689,R00656,10850,5,Checked-Out,3
BR01513,B07713,R00499,10250,0,Checked-Out,4
BR01514,B07290,R00452,6450,0,Checked-Out,4
BR01515,B06476,R00657,11150,15,Cancelled,
BR01516,B05075,R00670,10000,0,No-Show,
BR01517,B05750,R00631,5200,10,Checked-Out,4
BR01518,B01611,R00456,7900,25,Checked-Out,5
BR01519,B01611,R00510,8150,25,Checked-Out,5
BR01520,B01611,R00541,11550,20,Checked-Out,5
BR01521,B07302,R00657,10500,10,Checked-Out,5
BR01522,B02270,R00661,9400,5,Checked-Out,5
BR01523,B02362,R00667,8950,0,Checked-Out,4
BR01524,B05956,R00670,9400,0,Cancelled,
BR01525,B09175,R00673,11300,0,Checked-Out,4
BR01526,B08689,R00670,9000,5,Checked-Out,5
BR01527,B02925,R00464,7700,0,Checked-Out,5
BR01528,B05524,R00467,9650,0,Checked-Out,5
BR01529,B01432,R00679,7600,5,Checked-Out,5
BR01530,B01432,R00683,7950,15,Checked-Out,3
BR01531,B03627,R00468,7650,15,Cancelled,
BR01532,B01152,R00543,23700,15,No-Show,
BR01533,B01152,R00544,17250,10,No-Show,
BR01534,B02319,R00689,7950,5,Checked-Out,4
BR01535,B03484,R00691,8650,0,Checked-Out,2
BR01536,B06169,R00468,7450,5,Checked-Out,5
BR01537,B06169,R00472,6000,0,Checked-Out,4
BR01538,B06169,R00475,7450,5,Checked-Out,4
BR01539,B04497,R00543,22250,10,Checked-Out,5
BR01540,B04497,R00419,30000,5,Checked-Out,3
BR01541,B04497,R00633,5500,0,Checked-Out,3
BR01542,B00217,R00639,4850,5,Checked-Out,4
BR01543,B06424,R00544,17950,15,Checked-Out,5
BR01544,B06183,R00706,10350,0,Checked-Out,3
BR01545,B09470,R00709,12450,25,Checked-Out,4
BR01546,B01720,R00675,9450,15,Checked-Out,5
BR01547,B06231,R00547,13000,0,Checked-Out,5
BR01548,B08515,R00548,17600,20,Checked-Out,4
BR01549,B02674,R00659,3900,5,Checked-Out,4
BR01550,B04678,R00711,8150,5,Checked-Out,5
BR01551,B08362,R00717,11400,0,Checked-Out,4
BR01552,B02220,R00551,16700,10,Checked-Out,4
BR01553,B09991,R00677,9550,10,Checked-Out,1
BR01554,B08140,R00671,4350,10,Checked-Out,5
BR01555,B08140,R00719,10100,0,Checked-Out,4
BR01556,B08140,R00478,8400,5,Checked-Out,5
BR01557,B03941,R00724,10000,0,Checked-Out,3
BR01558,B03941,R00405,11150,5,Checked-Out,5
BR01559,B07431,R00406,8050,0,Cancelled,
BR01560,B07431,R00414,10800,25,Cancelled,
BR01561,B02267,R00493,9000,10,Cancelled,
BR01562,B02267,R00485,8250,0,Cancelled,
BR01563,B04233,R00493,9050,5,Checked-Out,3
BR01564,B09975,R00485,8850,0,Checked-Out,4
BR01565,B09975,R00491,9500,20,Checked-Out,5
BR01566,B01157,R00495,9500,20,Checked-Out,5
BR01567,B01157,R00501,7950,0,Checked-Out,4
BR01568,B05368,R00406,7750,5,Checked-Out,3
BR01569,B09522,R00681,8300,25,Checked-Out,4
BR01570,B05806,R00684,12250,10,Checked-Out,5
BR01571,B01592,R00509,6050,0,Checked-Out,5
BR01572,B09596,R00512,5550,15,Checked-Out,3
BR01573,B09596,R00513,7800,10,Checked-Out,5
BR01574,B01665,R00685,9250,0,Cancelled,
BR01575,B04852,R00672,4250,20,Cancelled,
BR01576,B07714,R00556,14050,5,Checked-Out,5
BR01577,B07714,R00576,19200,10,Checked-Out,4
BR01578,B02322,R00672,4000,5,Checked-Out,4
BR01579,B06184,R00414,10150,5,Checked-Out,2
BR01580,B09231,R00408,9200,20,Checked-Out,4
BR01581,B09231,R00415,10100,20,Checked-Out,5
BR01582,B04174,R00416,11400,15,Checked-Out,3
BR01583,B07178,R00514,8300,10,Checked-Out,5
BR01584,B00663,R00435,11750,0,Cancelled,
BR01585,B06739,R00579,13100,0,Checked-Out,4
BR01586,B07214,R00518,7650,10,Checked-Out,5
BR01587,B07214,R00520,7600,0,Checked-Out,4
BR01588,B02762,R00674,4350,0,Checked-Out,5
BR01589,B02245,R00524,7050,5,Checked-Out,4
BR01590,B02594,R00685,8450,0,No-Show,
BR01591,B02594,R00527,8600,0,No-Show,
BR01592,B03577,R00527,8750,10,Checked-Out,5
BR01593,B05621,R00528,5250,0,Checked-Out,4
BR01594,B05621,R00538,10450,15,Checked-Out,4
BR01595,B06221,R00685,8350,5,Checked-Out,4
BR01596,B05625,R00688,6700,15,Checked-Out,4
BR01597,B09302,R00540,8100,5,Checked-Out,2
BR01598,B09302,R00546,8350,20,Checked-Out,4
BR01599,B09685,R00707,6600,0,Checked-Out,5
BR01600,B04656,R00435,10700,10,Checked-Out,5
BR01601,B02085,R00686,11650,5,Checked-Out,5
BR01602,B01551,R00552,9300,0,Checked-Out,4
BR01603,B08131,R00553,7750,5,Checked-Out,3
BR01604,B00242,R00439,8900,5,Checked-Out,4
BR01605,B00242,R00418,10700,30,Checked-Out,3
BR01606,B02846,R00692,6000,15,Cancelled,
BR01607,B02846,R00586,14950,10,Cancelled,
BR01608,B07336,R00426,11600,20,No-Show,
BR01609,B07336,R00440,11100,0,No-Show,
BR01610,B07950,R00692,6400,0,Checked-Out,4
BR01611,B07950,R00712,6500,10,Checked-Out,4
BR01612,B06428,R00562,9500,5,No-Show,
BR01613,B02034,R00586,18550,30,Checked-Out,4
BR01614,B02034,R00589,22400,15,Checked-Out,5
BR01615,B03600,R00690,11500,0,Checked-Out,3
BR01616,B07613,R00562,9450,15,Checked-Out,4
BR01617,B08203,R00696,11550,0,Cancelled,
BR01618,B09176,R00564,7700,5,Checked-Out,5
BR01619,B00168,R00599,19400,0,Checked-Out,4
BR01620,B02440,R00563,7400,20,Checked-Out,5
BR01621,B04654,R00426,11400,15,Cancelled,
BR01622,B09992,R00570,9550,5,Checked-Out,5
BR01623,B00279,R00567,6500,30,Checked-Out,4
BR01624,B00279,R00600,16850,30,Checked-Out,4
BR01625,B00279,R00569,7350,0,Checked-Out,5
BR01626,B00921,R00696,10500,10,Checked-Out,5
BR01627,B00921,R00693,9700,0,Checked-Out,5
BR01628,B03889,R00700,13600,0,Checked-Out,4
BR01629,B05807,R00447,30900,10,Checked-Out,2
BR01630,B05872,R00601,22350,5,Cancelled,
BR01631,B09146,R00601,18850,15,Checked-Out,3
BR01632,B03428,R00426,11650,10,Checked-Out,4
BR01633,B04146,R00461,30550,0,Checked-Out,5
BR01634,B07127,R00701,11650,0,Checked-Out,4
BR01635,B01553,R00572,5600,5,Checked-Out,5
BR01636,B00284,R00580,8450,30,Cancelled,
BR01637,B08064,R00703,13650,0,Checked-Out,5
BR01638,B04113,R00440,11750,5,Checked-Out,4
BR01639,B04113,R00446,10400,10,Checked-Out,4
BR01640,B08739,R00602,14550,20,Checked-Out,4
BR01641,B01263,R00449,11750,0,Cancelled,
BR01642,B01946,R00704,12550,0,Checked-Out,3
BR01643,B02358,R00580,7650,0,Checked-Out,5
BR01644,B00786,R00710,11900,20,Checked-Out,3
BR01645,B00786,R00716,11350,0,Checked-Out,5
BR01646,B05231,R00582,9700,0,Checked-Out,4
BR01647,B07204,R00577,11300,0,Checked-Out,4
BR01648,B05767,R00741,29450,0,Checked-Out,4
BR01649,B05767,R00747,34600,5,Checked-Out,4
BR01650,B06607,R00731,18100,0,No-Show,
BR01651,B02702,R00733,15250,0,Checked-Out,4
BR01652,B03178,R00746,24550,0,Checked-Out,5
BR01653,B03178,R00750,22050,10,Checked-Out,4
BR01654,B03736,R00756,28300,0,Checked-Out,5
BR01655,B07787,R00765,22000,0,Checked-Out,5
BR01656,B02447,R00748,21050,5,Checked-Out,4
BR01657,B04946,R00757,31300,10,Checked-Out,4
BR01658,B00992,R00732,8200,0,Checked-Out,5
BR01659,B09008,R00734,10200,10,Checked-Out,5
BR01660,B09008,R00878,15750,5,Checked-Out,5
BR01661,B09008,R00737,12050,0,Checked-Out,5
BR01662,B08968,R00736,9350,0,Checked-Out,4
BR01663,B03373,R00759,23350,15,Cancelled,
BR01664,B06563,R00759,22700,5,Checked-Out,3
BR01665,B03362,R00744,9750,10,Checked-Out,4
BR01666,B04061,R00731,17150,5,Checked-Out,4
BR01667,B04061,R00735,14700,0,Checked-Out,5
BR01668,B04726,R00738,11750,15,Checked-Out,5
BR01669,B03144,R00761,27100,0,Checked-Out,4
BR01670,B04239,R00771,19500,5,Checked-Out,4
BR01671,B08281,R00751,7950,0,No-Show,
BR01672,B03814,R00743,6050,20,Checked-Out,5
BR01673,B03814,R00745,5350,5,Checked-Out,2
BR01674,B03814,R00754,7400,10,Checked-Out,5
BR01675,B04926,R00751,7850,10,Checked-Out,4
BR01676,B06682,R00739,11200,25,Checked-Out,4
BR01677,B02596,R00910,17700,0,Checked-Out,3
BR01678,B01320,R00755,7900,25,Checked-Out,3
BR01679,B02880,R00774,18350,0,Checked-Out,4
BR01680,B01027,R00758,9150,5,Checked-Out,4
BR01681,B00640,R00740,15750,0,Checked-Out,5
BR01682,B06277,R00742,11300,10,Checked-Out,4
BR01683,B07309,R00760,8550,15,Checked-Out,1
BR01684,B02314,R00749,13200,5,Checked-Out,4
BR01685,B02314,R00762,17650,0,Checked-Out,4
BR01686,B02314,R00768,12500,0,Checked-Out,4
BR01687,B02789,R00782,20150,10,Checked-Out,4
BR01688,B04114,R00752,11200,0,Checked-Out,4
BR01689,B05790,R00766,32450,30,Checked-Out,4
BR01690,B01679,R00786,4850,10,Checked-Out,4
BR01691,B02858,R00784,26400,0,Checked-Out,3
BR01692,B08089,R00920,10600,10,Checked-Out,5
BR01693,B07654,R00773,14850,5,Cancelled,
BR01694,B01118,R00767,11750,0,Cancelled,
BR01695,B02053,R00767,10700,20,Checked-Out,4
BR01696,B08502,R01029,16900,10,Checked-Out,5
BR01697,B04707,R00770,8800,10,Checked-Out,4
BR01698,B03175,R00793,23150,0,Checked-Out,5
BR01699,B03861,R00775,7700,25,Checked-Out,4
BR01700,B06434,R00789,7950,5,Checked-Out,2
BR01701,B06434,R00790,10600,0,Checked-Out,4
BR01702,B08945,R01058,12300,0,Checked-Out,3
BR01703,B05919,R00753,11700,5,Checked-Out,4
BR01704,B05919,R00763,18000,0,Checked-Out,5
BR01705,B05919,R00764,14250,0,Checked-Out,4
BR01706,B08327,R00769,15350,0,Checked-Out,4
BR01707,B08327,R00772,13200,0,Checked-Out,4
BR01708,B08327,R00780,14650,0,Checked-Out,3
BR01709,B08160,R00776,37350,0,Checked-Out,4
BR01710,B04343,R00792,11100,5,Cancelled,
BR01711,B04343,R00801,11100,10,Cancelled,
BR01712,B09439,R00773,14900,20,Checked-Out,5
BR01713,B05095,R00778,14700,0,Checked-Out,5
BR01714,B06514,R00779,11700,10,Checked-Out,4
BR01715,B08009,R00792,11500,0,Checked-Out,4
BR01716,B08009,R00801,11000,0,Checked-Out,4
BR01717,B08267,R00799,5800,15,Checked-Out,4
BR01718,B09361,R00794,22050,15,Checked-Out,5
BR01719,B09361,R00797,22100,10,Checked-Out,4
BR01720,B01979,R00798,17700,5,Checked-Out,5
BR01721,B01979,R00812,25250,5,Checked-Out,4
BR01722,B02601,R00788,17950,0,Checked-Out,5
BR01723,B02621,R00804,9150,0,Checked-Out,4
BR01724,B06065,R00791,14500,5,Checked-Out,4
BR01725,B04098,R00824,12300,15,Checked-Out,4
BR01726,B04098,R00827,10900,10,Checked-Out,5
BR01727,B01698,R00807,9850,0,Checked-Out,4
BR01728,B01698,R00808,7500,0,Checked-Out,4
BR01729,B06130,R00809,8050,5,Checked-Out,4
BR01730,B06130,R01060,10750,5,Checked-Out,5
BR01731,B09281,R00819,22050,15,Cancelled,
BR01732,B09281,R00826,23800,0,Cancelled,
BR01733,B07710,R00810,10950,5,Checked-Out,4
BR01734,B02710,R00814,7400,20,Checked-Out,3
BR01735,B09386,R00829,12450,15,Checked-Out,4
BR01736,B07171,R00785,8800,0,Checked-Out,5
BR01737,B08315,R00787,11250,15,Checked-Out,4
BR01738,B02394,R00815,8650,5,Checked-Out,2
BR01739,B06491,R00830,14100,10,Cancelled,
BR01740,B04641,R00817,7950,0,Checked-Out,4
BR01741,B06151,R00830,12100,0,Checked-Out,5
BR01742,B01335,R00841,9500,30,Checked-Out,5
BR01743,B03865,R00819,23200,10,Checked-Out,4
BR01744,B06604,R00777,22600,0,Checked-Out,5
BR01745,B06604,R00781,27550,5,Checked-Out,5
BR01746,B03676,R00783,27050,20,Checked-Out,5
BR01747,B03676,R00800,24800,5,Checked-Out,4
BR01748,B03676,R00802,30450,15,Checked-Out,5
BR01749,B05404,R00811,31550,0,Checked-Out,5
BR01750,B06131,R00843,12300,5,No-Show,
BR01751,B06131,R00847,8550,10,No-Show,
BR01752,B09835,R00826,25050,0,Checked-Out,4
BR01753,B03465,R00795,9750,0,Cancelled,
BR01754,B08062,R00844,6800,10,Checked-Out,4
BR01755,B03805,R00843,12900,5,Checked-Out,4
BR01756,B08200,R00795,8250,25,Checked-Out,3
BR01757,B03959,R00845,8300,0,Checked-Out,4
BR01758,B05509,R00846,9800,0,Checked-Out,5
BR01759,B01725,R00848,6500,0,Checked-Out,5
BR01760,B08186,R00828,21500,0,Cancelled,
BR01761,B08186,R00833,12050,5,Cancelled,
BR01762,B05358,R00828,20000,0,Checked-Out,4
BR01763,B08145,R00849,7450,5,Cancelled,
BR01764,B09484,R00849,8400,0,Checked-Out,4
BR01765,B09484,R00813,14700,5,Checked-Out,5
BR01766,B03303,R00847,7300,15,Checked-Out,3
BR01767,B08856,R00818,5750,10,Checked-Out,5
BR01768,B09319,R00796,9650,10,Checked-Out,5
BR01769,B08924,R00850,14750,0,Checked-Out,4
BR01770,B01206,R00820,18450,15,Checked-Out,4
BR01771,B06053,R00803,9250,0,Checked-Out,4
BR01772,B06289,R00822,4550,10,Checked-Out,5
BR01773,B01307,R00851,8150,0,Checked-Out,3
BR01774,B01307,R00859,6300,10,Checked-Out,5
BR01775,B01307,R00864,5700,0,Checked-Out,4
BR01776,B05302,R00805,12450,20,Checked-Out,5
BR01777,B05302,R00806,9100,15,Checked-Out,2
BR01778,B08643,R00855,10400,5,Checked-Out,4
BR01779,B08643,R00856,13700,0,Checked-Out,5
BR01780,B06787,R00833,12250,15,Checked-Out,4
BR01781,B07130,R00862,10900,0,Checked-Out,4
BR01782,B03922,R00865,13850,0,Checked-Out,5
BR01783,B05090,R00867,8150,5,Checked-Out,4
BR01784,B02452,R00834,21400,15,Checked-Out,4
BR01785,B06170,R00878,10850,0,Checked-Out,5
BR01786,B01085,R00874,8800,25,Checked-Out,5
BR01787,B07880,R00879,8550,15,Checked-Out,4
BR01788,B02548,R00835,18150,5,Checked-Out,5
BR01789,B08637,R00866,13050,0,Checked-Out,4
BR01790,B04252,R00880,6050,20,Checked-Out,4
BR01791,B08740,R00836,13950,0,Checked-Out,4
BR01792,B00746,R00881,7100,0,Checked-Out,4
BR01793,B07904,R00821,19100,15,Checked-Out,5
BR01794,B02579,R00838,16150,15,No-Show,
BR01795,B05652,R00838,16350,5,Checked-Out,5
BR01796,B05652,R00854,12100,10,Checked-Out,4
BR01797,B07507,R00831,27200,5,Checked-Out,5
BR01798,B06878,R00861,14050,5,Checked-Out,5
BR01799,B03121,R00884,9400,15,Checked-Out,4
BR01800,B08039,R00863,13150,20,Checked-Out,4
BR01801,B04862,R00816,11400,5,Checked-Out,4
BR01802,B05304,R00873,18000,10,Checked-Out,3
BR01803,B06831,R00823,11450,10,Checked-Out,4
BR01804,B07622,R00825,8300,0,Checked-Out,3
BR01805,B07979,R00832,9200,30,Cancelled,
BR01806,B01595,R00832,9850,15,Checked-Out,5
BR01807,B06748,R00887,6150,0,Checked-Out,5
BR01808,B06748,R00837,15500,0,Checked-Out,3
BR01809,B00198,R00875,12550,0,Cancelled,
BR01810,B01561,R00888,7350,10,Checked-Out,5
BR01811,B04571,R00868,9800,0,Checked-Out,4
BR01812,B04571,R00871,11800,5,Checked-Out,4
BR01813,B05791,R00875,11800,20,Checked-Out,3
BR01814,B05791,R00895,17050,25,Checked-Out,5
BR01815,B01259,R00889,7950,0,Cancelled,
BR01816,B03215,R00839,30150,5,Checked-Out,5
BR01817,B03215,R00840,22500,10,Checked-Out,5
BR01818,B08419,R00900,17550,10,Checked-Out,4
BR01819,B01639,R00886,9900,15,No-Show,
BR01820,B03253,R00853,6100,15,Cancelled,
BR01821,B03969,R00908,19700,5,Checked-Out,3
BR01822,B08537,R00853,7200,10,Checked-Out,5
BR01823,B00243,R00857,5700,5,Checked-Out,4
BR01824,B02628,R00858,5600,10,Checked-Out,4
BR01825,B05408,R00913,20050,0,Checked-Out,5
BR01826,B09571,R00886,12200,0,Checked-Out,4
BR01827,B09571,R00889,9900,25,Checked-Out,5
BR01828,B02695,R00876,13300,10,Checked-Out,5
BR01829,B03201,R00892,8750,10,Checked-Out,5
BR01830,B03434,R00918,16350,15,Checked-Out,4
BR01831,B05520,R00899,9100,0,Checked-Out,5
BR01832,B05520,R00925,29500,15,Checked-Out,5
BR01833,B03461,R00929,20100,10,Cancelled,
BR01834,B02312,R00929,19200,10,Cancelled,
BR01835,B02312,R00890,14450,0,Cancelled,
BR01836,B09122,R00885,10900,10,Checked-Out,4
BR01837,B00200,R00890,14250,0,Checked-Out,5
BR01838,B07237,R00929,18850,10,Checked-Out,5
BR01839,B07237,R00910,15250,15,Checked-Out,4
BR01840,B03137,R00898,17250,0,Checked-Out,4
BR01841,B07386,R00906,10400,0,Checked-Out,4
BR01842,B05322,R00912,9200,0,Checked-Out,4
BR01843,B06789,R00915,9950,5,Checked-Out,5
BR01844,B09003,R00901,11750,15,Checked-Out,4
BR01845,B04445,R00909,10700,20,Checked-Out,4
BR01846,B04957,R00902,12650,0,Checked-Out,4
BR01847,B04957,R00931,25300,5,Checked-Out,4
BR01848,B00710,R00842,37100,5,Checked-Out,4
BR01849,B03139,R00917,7900,30,Checked-Out,5
BR01850,B01694,R00877,7050,15,Checked-Out,5
BR01851,B02685,R00852,26000,10,Cancelled,
BR01852,B02685,R00882,7150,20,Cancelled,
BR01853,B03048,R00852,26400,10,Checked-Out,3
BR01854,B03048,R00860,20650,15,Checked-Out,5
BR01855,B04513,R00923,10350,15,Cancelled,
BR01856,B08993,R00903,13300,0,Checked-Out,4
BR01857,B04624,R00904,13850,5,Checked-Out,5
BR01858,B08556,R00933,19600,5,Cancelled,
BR01859,B01208,R00927,14000,10,Checked-Out,4
BR01860,B01208,R00940,11300,5,Checked-Out,5
BR01861,B09129,R00933,19500,10,Checked-Out,5
BR01862,B07937,R00956,12950,10,Checked-Out,5
BR01863,B09652,R00934,19000,0,Cancelled,
BR01864,B09782,R00907,12350,10,Checked-Out,5
BR01865,B03184,R00960,13050,10,Checked-Out,2
BR01866,B08082,R00934,18650,10,Cancelled,
BR01867,B08082,R00923,9600,5,Cancelled,
BR01868,B00713,R00921,16100,10,Checked-Out,3
BR01869,B02718,R00869,23550,0,Checked-Out,5
BR01870,B02851,R00923,9950,0,Checked-Out,4
BR01871,B02341,R00937,11950,5,Checked-Out,5
BR01872,B00812,R00920,9850,0,No-Show,
BR01873,B01917,R00882,7300,5,Checked-Out,4
BR01874,B01917,R00934,18250,5,Checked-Out,4
BR01875,B07580,R00945,13900,5,Checked-Out,4
BR01876,B07580,R00946,14950,20,Checked-Out,3
BR01877,B07580,R00950,15550,10,Checked-Out,5
BR01878,B01122,R00870,33050,10,Checked-Out,5
BR01879,B08665,R00954,11700,5,Checked-Out,5
BR01880,B08665,R00959,10700,5,Checked-Out,5
BR01881,B05286,R00962,13400,10,Checked-Out,3
BR01882,B07330,R00928,9100,0,Checked-Out,4
BR01883,B07330,R00930,11250,15,Checked-Out,4
BR01884,B00237,R00932,10800,0,Checked-Out,5
BR01885,B00860,R00965,11400,5,Checked-Out,5
BR01886,B09403,R00967,14300,5,Checked-Out,3
BR01887,B04629,R00936,11500,20,Checked-Out,3
BR01888,B04629,R00939,7900,5,Checked-Out,5
BR01889,B01080,R00968,12400,0,Checked-Out,4
BR01890,B01319,R00891,6850,0,Checked-Out,4
BR01891,B01887,R00872,38100,10,Checked-Out,5
BR01892,B07453,R00935,19300,0,Checked-Out,3
BR01893,B05501,R00981,10800,5,Checked-Out,4
BR01894,B05501,R00987,14450,20,Checked-Out,4
BR01895,B02630,R00995,11950,0,No-Show,
BR01896,B06069,R00995,12650,0,Checked-Out,4
BR01897,B06069,R00996,14500,10,Checked-Out,5
BR01898,B03547,R00941,9300,5,Checked-Out,4
BR01899,B03547,R00943,7450,5,Checked-Out,4
BR01900,B01028,R00883,24550,10,Checked-Out,4
BR01901,B01028,R00893,31650,20,Checked-Out,4
BR01902,B03164,R00894,7100,0,Checked-Out,4
BR01903,B03164,R00896,5550,10,Checked-Out,5
BR01904,B00603,R00948,23000,10,Checked-Out,3
BR01905,B08147,R00957,24200,5,Checked-Out,5
BR01906,B02794,R00974,10650,10,Checked-Out,4
BR01907,B06572,R00944,11800,10,Checked-Out,5
BR01908,B09563,R00897,41400,5,Checked-Out,4
BR01909,B04903,R01001,11450,0,Cancelled,
BR01910,B07684,R01001,12650,0,Checked-Out,5
BR01911,B05253,R00975,12300,15,Checked-Out,5
BR01912,B01331,R00952,12150,15,Checked-Out,4
BR01913,B07044,R00984,15100,15,Checked-Out,5
BR01914,B08842,R01005,12150,30,Checked-Out,4
BR01915,B08842,R01008,12550,0,Checked-Out,4
BR01916,B06792,R01023,9350,0,Checked-Out,2
BR01917,B02586,R00992,13850,0,Checked-Out,5
BR01918,B02586,R00994,13200,15,Checked-Out,5
BR01919,B04848,R00905,27850,10,No-Show,
BR01920,B04848,R00966,25750,0,No-Show,
BR01921,B01141,R00914,7000,20,Checked-Out,3
BR01922,B03012,R00905,28100,0,Checked-Out,3
BR01923,B01952,R00911,21350,0,Checked-Out,4
BR01924,B00374,R00966,28650,10,Checked-Out,3
BR01925,B02772,R00920,10100,15,Checked-Out,4
BR01926,B03304,R01029,15800,5,Checked-Out,4
BR01927,B03304,R00953,11100,15,Checked-Out,5
BR01928,B03304,R00919,27900,15,Checked-Out,5
BR01929,B07673,R00922,29200,10,Checked-Out,4
BR01930,B01023,R00999,14200,15,Checked-Out,4
BR01931,B01023,R01000,14900,20,Checked-Out,4
BR01932,B00386,R00955,11250,0,Checked-Out,5
BR01933,B09131,R00963,12650,25,Checked-Out,4
BR01934,B09131,R00964,11300,10,Checked-Out,4
BR01935,B08915,R00971,12400,15,Checked-Out,5
BR01936,B09253,R00924,34650,10,Checked-Out,4
BR01937,B09952,R01011,15450,0,Checked-Out,4
BR01938,B00587,R00969,23400,10,Checked-Out,5
BR01939,B00587,R00938,35000,0,Checked-Out,2
BR01940,B00298,R01012,13600,5,Cancelled,
BR01941,B07516,R00970,26000,10,Checked-Out,4
BR01942,B07782,R00980,13000,10,Checked-Out,5
BR01943,B08021,R00942,29450,10,Checked-Out,5
BR01944,B08021,R00947,24250,0,Checked-Out,4
BR01945,B08021,R00951,19350,30,Checked-Out,3
BR01946,B02039,R00916,7000,20,Checked-Out,4
BR01947,B03435,R00985,11650,10,Checked-Out,4
BR01948,B05783,R00998,11650,5,Cancelled,
BR01949,B06107,R01058,10700,5,Checked-Out,4
BR01950,B06474,R01012,14150,5,Checked-Out,4
BR01951,B05410,R01019,14900,10,No-Show,
BR01952,B05410,R00973,27000,10,No-Show,
BR01953,B05410,R00976,18150,25,No-Show,
BR01954,B00133,R01019,13000,10,Checked-Out,3
BR01955,B07631,R00998,12200,15,Checked-Out,5
BR01956,B08782,R01004,11250,15,Checked-Out,5
BR01957,B01921,R00961,25400,5,Checked-Out,4
BR01958,B08895,R01007,9700,15,Checked-Out,4
BR01959,B03468,R01009,11150,30,Checked-Out,5
BR01960,B03468,R01010,12100,0,Checked-Out,5
BR01961,B05899,R01018,9850,5,Cancelled,
BR01962,B04727,R01027,12550,5,Checked-Out,4
BR01963,B05687,R01030,11000,15,No-Show,
BR01964,B09620,R01060,14000,25,Checked-Out,5
BR01965,B07406,R01018,9550,15,Cancelled,
BR01966,B00835,R01018,9050,0,Checked-Out,3
BR01967,B04274,R01030,11000,15,Checked-Out,3
BR01968,B01559,R00973,24100,0,Checked-Out,4
BR01969,B04283,R01020,10500,20,Checked-Out,4
BR01970,B04283,R01022,9250,10,Checked-Out,2
BR01971,B08217,R00976,18100,0,Checked-Out,4
BR01972,B01518,R01036,7350,5,Checked-Out,5
BR01973,B02818,R01040,10150,5,Cancelled,
BR01974,B02818,R01047,12450,5,Cancelled,
BR01975,B04588,R01025,10650,0,Checked-Out,5
BR01976,B04588,R01026,17150,10,Checked-Out,4
BR01977,B09239,R00978,25600,0,Checked-Out,5
BR01978,B00931,R01040,9300,5,Checked-Out,5
BR01979,B07062,R01044,7700,0,Checked-Out,5
BR01980,B02458,R00979,27500,10,Checked-Out,5
BR01981,B02458,R00982,25800,25,Checked-Out,2
BR01982,B02171,R01028,16000,15,Checked-Out,5
BR01983,B01455,R01031,15350,20,Cancelled,
BR01984,B01286,R01048,11450,10,No-Show,
BR01985,B04428,R00972,29600,0,Checked-Out,5
BR01986,B04428,R00977,27500,10,Checked-Out,3
BR01987,B06207,R00983,33000,5,Checked-Out,4
BR01988,B09448,R00990,23600,10,Checked-Out,5
BR01989,B09448,R00997,29400,10,Checked-Out,5
BR01990,B01021,R00986,26250,0,Checked-Out,2
BR01991,B01932,R01047,13500,5,Cancelled,
BR01992,B01991,R01048,11800,5,Cancelled,
BR01993,B04158,R01002,25150,0,Checked-Out,4
BR01994,B08503,R01003,15850,10,Checked-Out,4
BR01995,B00377,R01048,11900,5,Checked-Out,4
BR01996,B00238,R00988,20150,0,Checked-Out,4
BR01997,B00572,R00878,15700,5,Checked-Out,5
BR01998,B05194,R01063,10150,5,Cancelled,
BR01999,B05266,R01031,14050,20,Checked-Out,4
BR02000,B03776,R01032,12300,5,Checked-Out,3
BR02001,B01505,R01063,10200,15,Checked-Out,4
BR02002,B01981,R01047,13650,5,Checked-Out,4
BR02003,B01981,R01059,13050,0,Checked-Out,3
BR02004,B06518,R01065,15100,10,Checked-Out,5
BR02005,B01123,R01033,13950,5,Checked-Out,5
BR02006,B02415,R01064,13250,5,Checked-Out,5
BR02007,B02415,R00991,31950,10,Checked-Out,5
BR02008,B00681,R00993,21650,0,Checked-Out,3
BR02009,B03200,R01067,13750,30,Checked-Out,4
BR02010,B01953,R01079,13200,15,Checked-Out,4
BR02011,B01953,R01037,16600,15,Checked-Out,5
BR02012,B07581,R01042,12050,25,Checked-Out,4
BR02013,B08435,R01006,16500,25,Checked-Out,5
BR02014,B07829,R01083,14350,5,Checked-Out,5
BR02015,B03629,R01070,12300,0,Checked-Out,5
BR02016,B00620,R01013,18250,0,Checked-Out,4
BR02017,B08148,R01071,10700,0,Checked-Out,4
BR02018,B00629,R01084,16700,10,Checked-Out,4
BR02019,B00629,R01086,15000,0,Checked-Out,4
BR02020,B08476,R01014,24900,0,Cancelled,
BR02021,B00265,R01014,26700,5,Checked-Out,5
BR02022,B00265,R01021,20150,15,Checked-Out,4
BR02023,B02816,R01075,12850,5,Checked-Out,5
BR02024,B07325,R01090,15900,15,Checked-Out,5
BR02025,B07325,R01091,13800,0,Checked-Out,3
BR02026,B06378,R01043,11450,10,Checked-Out,5
BR02027,B08389,R01081,9750,0,Checked-Out,4
BR02028,B06321,R00910,13100,15,Checked-Out,4
BR02029,B06321,R01029,12850,5,Checked-Out,4
BR02030,B02123,R01082,9450,0,No-Show,
BR02031,B05589,R01050,11250,5,Checked-Out,3
BR02032,B08100,R01082,10550,0,Checked-Out,5
BR02033,B09085,R01034,19250,0,Checked-Out,3
BR02034,B00375,R01038,14200,30,Checked-Out,5
BR02035,B06108,R01015,27800,15,Cancelled,
BR02036,B02318,R01052,12350,0,Checked-Out,4
BR02037,B02318,R01053,10000,10,Checked-Out,4
BR02038,B04214,R00920,8400,0,Checked-Out,4
BR02039,B04928,R01015,27700,0,Cancelled,
BR02040,B06066,R01015,29950,10,Checked-Out,4
BR02041,B08010,R00926,5450,15,Checked-Out,4
BR02042,B08143,R01089,10700,5,Cancelled,
BR02043,B01858,R01089,10400,15,Checked-Out,4
BR02044,B02313,R01055,11400,0,Checked-Out,4
BR02045,B08857,R01093,11650,0,Checked-Out,5
BR02046,B01970,R01041,18650,15,Checked-Out,4
BR02047,B05475,R01095,9850,5,Checked-Out,2
BR02048,B05475,R01097,10800,15,Checked-Out,3
BR02049,B06712,R01016,16600,20,No-Show,
BR02050,B08951,R00949,5650,0,Checked-Out,3
BR02051,B06040,R01107,14450,10,Checked-Out,5
BR02052,B06040,R00958,4200,25,Checked-Out,4
BR02053,B06040,R01045,20650,15,Checked-Out,4
BR02054,B03970,R01062,9350,15,Checked-Out,4
BR02055,B03970,R01016,16950,5,Checked-Out,3
BR02056,B08631,R01100,9900,0,Checked-Out,5
BR02057,B08631,R01017,15050,0,Checked-Out,3
BR02058,B06845,R01105,8800,5,Checked-Out,4
BR02059,B06845,R00732,7100,5,Checked-Out,5
BR02060,B05310,R01051,20500,5,Checked-Out,4
BR02061,B09379,R01108,14800,15,Checked-Out,3
BR02062,B02218,R00734,8900,5,Checked-Out,4
BR02063,B00324,R01061,17500,10,Checked-Out,5
BR02064,B00561,R01110,11600,0,Checked-Out,2
BR02065,B07276,R00737,8950,10,Checked-Out,4
BR02066,B01124,R01068,14400,30,Checked-Out,4
BR02067,B08452,R01074,15300,0,Checked-Out,4
BR02068,B05098,R01069,9800,20,Checked-Out,5
BR02069,B05098,R01072,13700,20,Checked-Out,4
BR02070,B05098,R01073,10450,0,Checked-Out,5
BR02071,B06468,R00738,11100,25,Checked-Out,1
BR02072,B00188,R01088,14400,5,Checked-Out,5
BR02073,B01290,R00736,7200,5,Cancelled,
BR02074,B06877,R00736,8550,0,Checked-Out,5
BR02075,B02114,R01035,30600,0,Checked-Out,5
BR02076,B02114,R01046,20500,0,Checked-Out,4
BR02077,B02114,R01049,27850,5,Checked-Out,5
BR02078,B05725,R00740,13100,5,Checked-Out,5
BR02079,B05725,R00742,9750,5,Checked-Out,5
BR02080,B06924,R00749,9650,5,Checked-Out,3
BR02081,B06701,R00762,15350,0,Cancelled,
BR02082,B06701,R00744,7750,10,Cancelled,
BR02083,B06886,R01058,9050,0,Checked-Out,4
BR02084,B07114,R01054,25050,15,Checked-Out,4
BR02085,B02466,R01076,11250,15,Checked-Out,4
BR02086,B00813,R01077,10000,0,Checked-Out,3
BR02087,B01806,R00744,8600,5,Cancelled,
BR02088,B00895,R00989,6350,5,Checked-Out,3
BR02089,B03114,R01080,14500,0,Cancelled,
BR02090,B03114,R00744,7800,0,Cancelled,
BR02091,B04769,R01096,22150,10,Checked-Out,5
BR02092,B05167,R01080,13350,5,Checked-Out,4
BR02093,B07301,R00744,7150,0,Checked-Out,4
BR02094,B07505,R01101,19050,15,No-Show,
BR02095,B02364,R01056,19550,0,Checked-Out,5
BR02096,B02364,R01057,18600,10,Checked-Out,5
BR02097,B04436,R00762,12350,10,Checked-Out,5
BR02098,B09838,R00768,8300,15,Checked-Out,5
BR02099,B04885,R01060,9450,10,Checked-Out,4
BR02100,B08511,R00773,11800,15,Cancelled,
BR02101,B04221,R01101,18200,0,Checked-Out,4
BR02102,B01847,R00751,5750,5,Checked-Out,2
BR02103,B01847,R01066,21750,15,Checked-Out,5
BR02104,B01847,R01024,3950,10,Checked-Out,2
BR02105,B04313,R01078,13700,0,Cancelled,
BR02106,B07743,R01102,12950,20,Checked-Out,5
BR02107,B01235,R01085,12550,30,Checked-Out,4
BR02108,B06749,R01078,13250,15,Checked-Out,5
BR02109,B06935,R01104,26600,5,Cancelled,
BR02110,B06935,R00741,27600,0,Cancelled,
BR02111,B06935,R00747,29550,0,Cancelled,
BR02112,B08616,R00755,5750,20,Checked-Out,4
BR02113,B02152,R00773,11900,5,Checked-Out,5
BR02114,B09841,R01106,13100,10,Checked-Out,4
BR02115,B09841,R01109,19100,15,Checked-Out,3
BR02116,B03227,R00733,13200,5,Checked-Out,2
BR02117,B04879,R00758,6500,15,Checked-Out,2
BR02118,B06708,R00779,9000,10,Cancelled,
BR02119,B06708,R00778,9750,5,Cancelled,
BR02120,B04952,R00746,18550,5,Checked-Out,4
BR02121,B07756,R00750,15750,0,Checked-Out,5
BR02122,B07479,R01039,5100,0,Checked-Out,4
BR02123,B07479,R00760,6500,15,Checked-Out,4
BR02124,B07479,R00767,7950,15,Checked-Out,5
BR02125,B07810,R00770,5600,0,Cancelled,
BR02126,B08193,R00779,8250,20,Checked-Out,4
BR02127,B07674,R00756,17400,0,No-Show,
BR02128,B07674,R00765,18250,0,No-Show,
BR02129,B04608,R00778,10800,5,Cancelled,
BR02130,B09423,R01104,25750,15,Checked-Out,4
BR02131,B04834,R01087,8800,30,Checked-Out,4
BR02132,B09915,R00756,19150,5,Checked-Out,5
BR02133,B04827,R00878,12200,5,Checked-Out,2
BR02134,B05648,R00770,5700,10,Checked-Out,4
BR02135,B05648,R00765,18500,5,Checked-Out,5
BR02136,B05648,R01094,8600,10,Checked-Out,3
BR02137,B07322,R00910,12400,0,Checked-Out,4
BR02138,B06666,R00771,15350,20,Checked-Out,4
BR02139,B09719,R00778,10100,5,Checked-Out,4
BR02140,B09719,R01098,12300,0,Checked-Out,4
BR02141,B07020,R01103,13550,0,Checked-Out,4
BR02142,B01279,R00789,5850,5,Checked-Out,5
BR02143,B06301,R00790,8150,10,Checked-Out,4
BR02144,B07557,R00731,13850,5,Checked-Out,5
BR02145,B08286,R00774,12950,20,Checked-Out,5
BR02146,B02820,R01092,3800,15,Cancelled,
BR02147,B06790,R00735,11250,5,Checked-Out,4
BR02148,B07294,R00739,8650,0,Checked-Out,3
BR02149,B00415,R00785,8300,10,Checked-Out,5
BR02150,B00415,R00787,11300,0,Checked-Out,5
BR02151,B02264,R00775,6100,10,Cancelled,
BR02152,B02525,R00752,7650,10,Checked-Out,5
BR02153,B02525,R00753,9100,0,Checked-Out,4
BR02154,B02525,R00763,12750,15,Checked-Out,5
BR02155,B03325,R01092,3950,5,Checked-Out,3
BR02156,B09653,R00782,16050,10,Checked-Out,5
BR02157,B07766,R00741,28550,10,Checked-Out,4
BR02158,B03226,R00764,10450,10,Cancelled,
BR02159,B07424,R00775,5900,0,Checked-Out,5
BR02160,B07792,R00764,11200,20,Checked-Out,3
BR02161,B06247,R00804,7200,10,Checked-Out,5
BR02162,B09548,R00792,9600,0,Cancelled,
BR02163,B01130,R00795,8050,5,Checked-Out,4
BR02164,B07319,R00747,29250,5,Checked-Out,5
BR02165,B06493,R00792,9550,0,Cancelled,
BR02166,B07551,R00792,8350,10,Checked-Out,4
BR02167,B08259,R01099,6300,10,Cancelled,
BR02168,B08259,R00796,12150,15,Cancelled,
BR02169,B02277,R00784,19100,0,Checked-Out,2
BR02170,B02277,R00793,18300,0,Checked-Out,4
BR02171,B02277,R00794,16650,0,Checked-Out,4
BR02172,B02277,R00797,16050,10,Checked-Out,5
BR02173,B03269,R00757,27500,5,Cancelled,
BR02174,B08288,R01099,6000,10,Checked-Out,1
BR02175,B08549,R01029,14200,10,Checked-Out,5
BR02176,B03639,R00796,10550,5,Checked-Out,4
BR02177,B03639,R00803,11100,5,Checked-Out,4
BR02178,B03639,R00805,11950,5,Checked-Out,4
BR02179,B04038,R00806,8400,15,Checked-Out,5
BR02180,B01460,R00798,14250,20,Checked-Out,5
BR02181,B00214,R00812,25650,10,Checked-Out,3
BR02182,B00214,R00801,10650,0,Checked-Out,3
BR02183,B02035,R00825,10900,15,Checked-Out,3
BR02184,B05489,R00816,15050,5,No-Show,
BR02185,B06756,R00920,10450,0,Checked-Out,4
BR02186,B09581,R00819,29050,0,Checked-Out,4
BR02187,B09581,R01058,11650,0,Checked-Out,5
BR02188,B04087,R00826,26600,10,Checked-Out,5
BR02189,B01931,R00816,15850,10,Checked-Out,5
BR02190,B04163,R00757,30900,10,Checked-Out,4
BR02191,B06804,R00807,11650,0,Checked-Out,4
BR02192,B01248,R00828,26550,5,Cancelled,
BR02193,B03863,R00832,12700,15,Checked-Out,4
BR02194,B04743,R00808,9750,10,Checked-Out,4
BR02195,B07234,R00809,9350,0,Checked-Out,4
BR02196,B07234,R00810,13050,0,Checked-Out,5
BR02197,B04974,R00814,9250,5,No-Show,
BR02198,B05312,R00823,15350,5,Checked-Out,5
BR02199,B05479,R00814,8350,0,Checked-Out,5
BR02200,B02965,R00748,28550,10,Checked-Out,3
BR02201,B06035,R00769,15550,0,Checked-Out,4
BR02202,B06035,R00828,27600,5,Checked-Out,4
BR02203,B06035,R00833,17500,5,Checked-Out,4
BR02204,B00246,R00875,15300,10,Checked-Out,5
BR02205,B03508,R00743,6400,20,Checked-Out,5
BR02206,B08417,R00817,9800,20,Checked-Out,5
BR02207,B08254,R00834,27700,10,Cancelled,
BR02208,B04167,R00772,13350,0,Checked-Out,5
BR02209,B01786,R00745,5400,0,Cancelled,
BR02210,B01786,R00754,7350,15,Cancelled,
BR02211,B03405,R00759,22700,15,Checked-Out,5
BR02212,B03799,R00761,25100,0,Checked-Out,4
BR02213,B00890,R00876,13100,5,Checked-Out,5
BR02214,B02644,R00766,35000,5,Checked-Out,4
BR02215,B04679,R00885,12250,0,Checked-Out,4
BR02216,B09012,R00815,9450,5,Checked-Out,4
BR02217,B04314,R00834,29100,5,Checked-Out,5
BR02218,B06012,R00835,23250,5,Checked-Out,3
BR02219,B07656,R01060,13550,0,Checked-Out,4
BR02220,B06380,R00745,5700,0,Checked-Out,5
BR02221,B06591,R00776,32200,0,Checked-Out,5
BR02222,B06591,R00777,26000,15,Checked-Out,4
BR02223,B06591,R00781,34900,5,Checked-Out,4
BR02224,B00634,R00836,20950,10,Checked-Out,4
BR02225,B01172,R00841,11500,5,Cancelled,
BR02226,B02214,R00783,33750,20,Checked-Out,5
BR02227,B03948,R00841,11500,0,Checked-Out,4
BR02228,B03948,R00844,8200,10,Checked-Out,2
BR02229,B03259,R00845,9800,0,Checked-Out,5
BR02230,B07226,R00838,19400,15,Checked-Out,4
BR02231,B03280,R00878,15750,0,Checked-Out,5
BR02232,B03280,R00910,15500,10,Checked-Out,4
BR02233,B07465,R00854,15300,0,Checked-Out,4
BR02234,B07465,R00861,16700,0,Checked-Out,5
BR02235,B08714,R00800,26600,0,Checked-Out,1
BR02236,B09657,R00802,33800,0,Checked-Out,3
BR02237,B04869,R00863,20900,5,Cancelled,
BR02238,B02612,R00906,9800,15,Checked-Out,3
BR02239,B04234,R00909,11100,0,Cancelled,
BR02240,B02137,R00863,20700,10,Checked-Out,3
BR02241,B07878,R00846,11400,0,Checked-Out,5
BR02242,B08936,R00811,33650,5,Checked-Out,4
BR02243,B08644,R00813,18550,0,Checked-Out,5
BR02244,B01134,R00909,10150,5,Checked-Out,5
BR02245,B03365,R00820,25550,0,Checked-Out,5
BR02246,B01706,R00754,7450,20,No-Show,
BR02247,B09722,R00821,28200,0,Checked-Out,5
BR02248,B09722,R00831,37300,15,Checked-Out,4
BR02249,B00273,R00956,13350,10,Checked-Out,5
BR02250,B00273,R00780,15600,15,Checked-Out,5
BR02251,B01183,R00873,24150,0,No-Show,
BR02252,B01675,R00788,16850,5,Checked-Out,5
BR02253,B04465,R00791,16500,0,Checked-Out,4
BR02254,B08667,R00848,8100,0,Checked-Out,3
BR02255,B06939,R00824,11650,15,Checked-Out,4
BR02256,B06939,R00827,11000,5,Checked-Out,4
BR02257,B06939,R00829,15000,0,Checked-Out,4
BR02258,B05719,R00927,14500,0,Cancelled,
BR02259,B04003,R00830,14900,0,Checked-Out,4
BR02260,B04425,R00927,14700,10,Checked-Out,4
BR02261,B06770,R00843,14950,5,No-Show,
BR02262,B08172,R00849,10800,5,Checked-Out,4
BR02263,B08194,R00940,12000,0,Checked-Out,3
BR02264,B08218,R00843,15600,10,Checked-Out,4
BR02265,B02173,R00873,24350,0,Checked-Out,3
BR02266,B02278,R00837,21500,10,Checked-Out,5
BR02267,B06054,R00960,14200,15,Checked-Out,5
BR02268,B06526,R00754,7500,5,Checked-Out,5
BR02269,B05953,R00962,12500,5,Checked-Out,3
BR02270,B06575,R00839,39000,5,Checked-Out,5
BR02271,B09520,R00851,9900,0,Checked-Out,4
BR02272,B09520,R00859,9200,5,Checked-Out,5
BR02273,B03963,R00968,11400,0,Checked-Out,5
BR02274,B03963,R00974,10400,0,Checked-Out,5
BR02275,B00208,R00847,10600,0,Checked-Out,5
BR02276,B03554,R00864,7900,5,Checked-Out,5
BR02277,B04438,R00850,16200,25,Checked-Out,5
BR02278,B04438,R00855,11500,10,Checked-Out,4
BR02279,B04438,R00856,17400,0,Checked-Out,3
BR02280,B00582,R00840,26050,5,Checked-Out,5
BR02281,B00582,R00786,5400,0,Checked-Out,4
BR02282,B00582,R01029,15000,5,Checked-Out,5
BR02283,B00582,R00975,11200,10,Checked-Out,4
BR02284,B02309,R00920,11600,15,Checked-Out,2
BR02285,B05778,R00895,19450,5,Checked-Out,5
BR02286,B06654,R00842,36450,5,Checked-Out,4
BR02287,B05802,R00867,10950,5,No-Show,
BR02288,B07172,R00900,23000,5,Checked-Out,4
BR02289,B08712,R00799,5350,10,Checked-Out,5
BR02290,B00833,R00818,8100,5,Cancelled,
BR02291,B03702,R00867,11200,0,Checked-Out,5
BR02292,B03702,R00862,17400,20,Checked-Out,4
BR02293,B03632,R00984,16400,25,Checked-Out,4
BR02294,B09792,R00865,18350,0,Cancelled,
BR02295,B01379,R00874,10500,0,Checked-Out,4
BR02296,B01379,R00908,22950,25,Checked-Out,4
BR02297,B01379,R00879,11200,5,Checked-Out,4
BR02298,B02889,R00913,24250,0,Checked-Out,1
BR02299,B05191,R00918,16400,5,Checked-Out,5
BR02300,B00928,R00992,15400,0,Cancelled,
BR02301,B04381,R00880,8600,5,No-Show,
BR02302,B04381,R00925,28250,15,No-Show,
BR02303,B07095,R00865,16800,5,Checked-Out,4
BR02304,B03255,R00866,17750,15,Checked-Out,4
BR02305,B03255,R00880,8400,5,Checked-Out,5
BR02306,B07853,R00881,11450,0,Checked-Out,4
BR02307,B01663,R00992,14250,15,Checked-Out,4
BR02308,B01005,R00884,12400,20,Checked-Out,3
BR02309,B01005,R00887,8800,5,Checked-Out,3
BR02310,B09659,R00888,9900,10,Checked-Out,5
BR02311,B06558,R00868,12450,25,Checked-Out,5
BR02312,B04627,R00852,27200,0,Cancelled,
BR02313,B03171,R00925,27100,10,Checked-Out,4
BR02314,B06650,R00871,16100,0,Checked-Out,4
BR02315,B04164,R00889,10850,10,Checked-Out,4
BR02316,B04164,R00852,27850,20,Checked-Out,4
BR02317,B05077,R00994,13050,10,Checked-Out,3
BR02318,B05480,R00999,16500,0,Checked-Out,3
BR02319,B03491,R00886,12950,10,Checked-Out,4
BR02320,B06416,R00818,8150,30,Checked-Out,3
BR02321,B06416,R00822,7000,10,Checked-Out,4
BR02322,B02873,R00892,7850,0,No-Show,
BR02323,B03870,R00929,20000,10,Checked-Out,3
BR02324,B03870,R00931,31650,5,Checked-Out,4
BR02325,B03366,R00892,8100,10,Checked-Out,4
BR02326,B05548,R01000,16050,20,Checked-Out,3
BR02327,B09498,R00899,8900,5,Checked-Out,5
BR02328,B01270,R00890,15050,5,Checked-Out,4
BR02329,B00354,R00898,16650,0,Checked-Out,4
BR02330,B03923,R00853,8950,5,Checked-Out,4
BR02331,B03923,R00857,7150,0,Checked-Out,5
BR02332,B00382,R00912,7800,20,Checked-Out,4
BR02333,B00856,R00915,10550,0,Checked-Out,5
BR02334,B01336,R00917,7800,5,No-Show,
BR02335,B04980,R00917,8450,0,Checked-Out,5
BR02336,B09583,R00860,23550,5,Checked-Out,5
BR02337,B08588,R01058,10100,10,Checked-Out,5
BR02338,B08921,R00869,22900,5,Checked-Out,5
BR02339,B06001,R01011,16050,10,Checked-Out,3
BR02340,B09709,R00933,20200,15,Checked-Out,4
BR02341,B02753,R00858,8000,25,Checked-Out,2
BR02342,B06204,R01012,13950,15,Checked-Out,5
BR02343,B09967,R01019,12600,0,Checked-Out,4
BR02344,B00134,R00923,9900,20,Checked-Out,3
BR02345,B05803,R01027,12550,5,Cancelled,
BR02346,B05803,R01030,10850,0,Cancelled,
BR02347,B07480,R01060,13750,0,Checked-Out,5
BR02348,B01565,R00901,12400,0,Checked-Out,4
BR02349,B01565,R00902,12750,10,Checked-Out,5
BR02350,B03009,R00934,19800,0,Checked-Out,2
BR02351,B08949,R00935,18700,0,Checked-Out,3
BR02352,B01840,R00928,10300,10,Checked-Out,5
BR02353,B05534,R00957,22250,10,Checked-Out,4
BR02354,B01658,R00930,9750,0,Checked-Out,5
BR02355,B03725,R00948,22450,0,Checked-Out,4
BR02356,B03138,R01027,12750,0,Checked-Out,4
BR02357,B09880,R01030,11950,5,Cancelled,
BR02358,B03413,R01030,10300,0,Checked-Out,4
BR02359,B07910,R00966,25250,5,Checked-Out,4
BR02360,B00387,R00878,15400,10,Checked-Out,4
BR02361,B07591,R00870,33300,0,Checked-Out,5
BR02362,B07439,R00872,36400,0,Checked-Out,3
BR02363,B01024,R00932,11450,10,Cancelled,
BR02364,B01024,R00936,12400,5,Cancelled,
BR02365,B01024,R00939,8500,20,Cancelled,
BR02366,B04927,R00932,13000,0,Checked-Out,5
BR02367,B07533,R00936,14100,15,Cancelled,
BR02368,B09723,R01040,11250,5,Checked-Out,4
BR02369,B00696,R00936,11850,10,Checked-Out,5
BR02370,B06527,R00883,25050,0,Cancelled,
BR02371,B06527,R00893,34750,5,Cancelled,
BR02372,B09086,R01047,12900,0,Checked-Out,4
BR02373,B00511,R00939,8100,0,Cancelled,
BR02374,B03270,R00903,13550,0,Checked-Out,3
BR02375,B04201,R01059,13300,15,Checked-Out,5
BR02376,B08430,R01065,17400,0,Checked-Out,3
BR02377,B03422,R00969,20650,5,Checked-Out,4
BR02378,B08103,R00939,8300,5,Checked-Out,4
BR02379,B09037,R00941,9550,15,Cancelled,
BR02380,B09697,R00941,9700,0,No-Show,
BR02381,B06805,R01079,13800,15,Checked-Out,4
BR02382,B02184,R00941,9100,5,Checked-Out,4
BR02383,B02618,R00970,27200,5,Checked-Out,4
BR02384,B03367,R01067,15500,0,Cancelled,
BR02385,B06920,R00943,7300,0,Checked-Out,5
BR02386,B02948,R00910,14850,0,Checked-Out,4
BR02387,B05720,R00904,15550,5,Checked-Out,3
BR02388,B00956,R00907,12900,0,Checked-Out,5
BR02389,B02443,R00921,16900,5,Checked-Out,4
BR02390,B02443,R00937,12650,15,Checked-Out,4
BR02391,B08889,R01067,13000,10,Checked-Out,5
BR02392,B02032,R00883,23000,15,Checked-Out,4
BR02393,B04029,R00976,17750,25,Checked-Out,5
BR02394,B07365,R00945,13850,0,Checked-Out,5
BR02395,B07576,R00944,11600,5,Checked-Out,4
BR02396,B04955,R00920,10800,10,Checked-Out,4
BR02397,B07635,R00952,11600,0,Checked-Out,5
BR02398,B07635,R00953,9700,10,Checked-Out,5
BR02399,B05779,R00955,11050,20,Checked-Out,5
BR02400,B07592,R00946,15550,0,Checked-Out,2
BR02401,B07592,R00950,16300,0,Checked-Out,4
BR02402,B08907,R00973,28150,0,Cancelled,
BR02403,B03696,R00973,24150,10,Checked-Out,3
BR02404,B00365,R00877,7400,15,Checked-Out,4
BR02405,B00365,R00882,7550,20,Checked-Out,5
BR02406,B08136,R00963,12800,0,Checked-Out,5
BR02407,B05292,R00891,6600,10,Checked-Out,4
BR02408,B07894,R00978,25850,0,Checked-Out,4
BR02409,B09598,R00979,26550,15,Cancelled,
BR02410,B09786,R00964,10700,0,Checked-Out,3
BR02411,B01967,R01083,14400,15,Checked-Out,3
BR02412,B01967,R01084,17400,0,Checked-Out,4
BR02413,B06244,R00971,12500,15,Cancelled,
BR02414,B08083,R01086,15050,10,No-Show,
BR02415,B08083,R01090,15300,15,No-Show,
BR02416,B00839,R00954,13300,20,Checked-Out,4
BR02417,B00177,R00959,9300,0,Checked-Out,3
BR02418,B00177,R00965,9300,5,Checked-Out,4
BR02419,B06462,R00971,11050,20,Checked-Out,5
BR02420,B05810,R00894,7000,20,Checked-Out,4
BR02421,B02849,R01086,15550,5,Checked-Out,4
BR02422,B08488,R01090,14200,10,Checked-Out,5
BR02423,B04962,R00980,12900,0,Checked-Out,5
BR02424,B04962,R00985,12750,0,Checked-Out,4
BR02425,B04962,R00998,11400,30,Checked-Out,4
BR02426,B05591,R01007,10250,15,Checked-Out,5
BR02427,B08079,R00893,34900,0,No-Show,
BR02428,B08079,R01004,12300,10,No-Show,
BR02429,B04088,R01004,12050,0,No-Show,
BR02430,B05835,R01091,14650,5,Checked-Out,4
BR02431,B06353,R01095,13600,5,Checked-Out,4
BR02432,B00094,R01004,11650,0,Checked-Out,4
BR02433,B01025,R01009,9950,0,Checked-Out,5
BR02434,B03887,R00967,15450,0,Checked-Out,5
BR02435,B04514,R00979,26950,0,Cancelled,
BR02436,B04673,R00893,38300,10,Checked-Out,4
BR02437,B07695,R00981,11400,10,Checked-Out,3
BR02438,B09044,R00896,5400,10,Checked-Out,5
BR02439,B00452,R01010,10600,5,Checked-Out,4
BR02440,B07218,R01018,8250,25,Cancelled,
BR02441,B04505,R00897,41150,0,Checked-Out,5
BR02442,B04505,R00905,26800,25,Checked-Out,5
BR02443,B04505,R00911,23800,5,Checked-Out,3
BR02444,B08613,R00987,15850,5,Checked-Out,5
BR02445,B08735,R00914,8100,0,Checked-Out,5
BR02446,B06801,R01097,12450,0,Checked-Out,5
BR02447,B07962,R00979,26800,0,Checked-Out,5
BR02448,B07962,R00982,25850,15,Checked-Out,5
BR02449,B08863,R01107,17200,0,Checked-Out,4
BR02450,B03406,R00995,12500,5,Checked-Out,5
BR02451,B02748,R00990,25100,15,Checked-Out,4
BR02452,B06925,R01018,8500,5,Checked-Out,5
BR02453,B06925,R01020,10500,5,Checked-Out,4
BR02454,B06925,R01022,9650,10,Checked-Out,5
BR02455,B08519,R00996,14650,0,No-Show,
BR02456,B02613,R00996,16750,5,Checked-Out,5
BR02457,B02613,R01001,12250,10,Checked-Out,5
BR02458,B01918,R01036,8200,5,Checked-Out,4
BR02459,B03820,R01044,8500,0,Checked-Out,4
BR02460,B03820,R01005,11500,10,Checked-Out,4
BR02461,B03820,R00997,25450,0,Checked-Out,5
BR02462,B03820,R00919,30200,0,Checked-Out,3
BR02463,B07371,R01002,33550,10,Checked-Out,5
BR02464,B00478,R00922,30400,0,Checked-Out,4
BR02465,B02921,R00924,34200,0,Checked-Out,5
BR02466,B05192,R01008,11050,25,Checked-Out,3
BR02467,B05192,R01023,9300,25,Checked-Out,4
BR02468,B05192,R01025,9950,0,Checked-Out,5
BR02469,B06132,R01108,15850,20,Checked-Out,5
BR02470,B06834,R00737,11700,25,Checked-Out,5
BR02471,B02498,R01003,16650,20,Checked-Out,4
BR02472,B02498,R01006,17950,15,Checked-Out,3
BR02473,B09944,R01048,10850,10,Checked-Out,5
BR02474,B04115,R01110,13350,15,Checked-Out,5
BR02475,B03528,R01013,18950,5,Cancelled,
BR02476,B08835,R01013,20200,10,Checked-Out,4
BR02477,B08835,R01014,25300,10,Checked-Out,5
BR02478,B00944,R01063,9650,0,Checked-Out,5
BR02479,B04680,R01026,17100,10,Checked-Out,5
BR02480,B05013,R01064,12400,0,Checked-Out,4
BR02481,B06908,R01070,11600,10,Checked-Out,3
BR02482,B07194,R00938,34300,5,Checked-Out,5
BR02483,B05848,R01071,10350,10,Checked-Out,4
BR02484,B01668,R01021,17350,0,Checked-Out,5
BR02485,B01713,R00916,7600,5,Checked-Out,5
BR02486,B09679,R00738,10950,5,Checked-Out,5
BR02487,B00087,R00740,15150,0,Cancelled,
BR02488,B08418,R01028,13800,0,Checked-Out,4
BR02489,B09186,R01034,22300,10,Checked-Out,4
BR02490,B02021,R01038,19100,0,Cancelled,
BR02491,B03790,R00740,14850,15,No-Show,
BR02492,B03790,R00742,11950,0,No-Show,
BR02493,B03790,R00749,12800,15,No-Show,
BR02494,B07063,R00740,14850,0,Checked-Out,4
BR02495,B07895,R00742,12900,5,Checked-Out,5
BR02496,B09584,R01075,11350,15,Checked-Out,4
BR02497,B09584,R01032,12900,10,Checked-Out,4
BR02498,B02047,R00942,30300,5,Checked-Out,3
BR02499,B05394,R01031,13900,5,Checked-Out,4
BR02500,B00569,R01038,20950,5,Checked-Out,4
BR02501,B00569,R01041,22050,10,Checked-Out,4
BR02502,B01326,R01045,28300,15,Cancelled,
BR02503,B03351,R01045,25500,0,Checked-Out,3
BR02504,B03351,R01051,25100,15,Checked-Out,4
BR02505,B03351,R00947,24500,10,Checked-Out,5
BR02506,B03351,R01061,21550,10,Checked-Out,3
BR02507,B03382,R01074,16550,10,Checked-Out,4
BR02508,B08099,R01088,17000,0,Checked-Out,4
BR02509,B08534,R01033,12800,0,Checked-Out,4
BR02510,B09787,R00926,6600,20,Checked-Out,5
BR02511,B09787,R01081,10900,10,Checked-Out,5
BR02512,B00622,R01037,17150,10,No-Show,
BR02513,B01770,R01082,11500,0,Checked-Out,3
BR02514,B01770,R01037,15950,10,Checked-Out,5
BR02515,B03932,R01093,12800,0,Checked-Out,4
BR02516,B08589,R00749,12700,10,Checked-Out,5
BR02517,B09165,R00762,16450,20,Checked-Out,4
BR02518,B09165,R00768,11100,5,Checked-Out,5
BR02519,B05962,R01096,28250,5,Checked-Out,4
BR02520,B06358,R01101,25750,20,Checked-Out,4
BR02521,B06358,R01102,17250,15,Checked-Out,4
BR02522,B08461,R00951,21450,5,Checked-Out,2
BR02523,B00420,R01106,15600,0,Cancelled,
BR02524,B07473,R00961,25600,15,Checked-Out,5
BR02525,B00686,R00949,5150,0,Checked-Out,4
BR02526,B03154,R00773,11650,5,Checked-Out,4
BR02527,B03228,R01106,14100,5,Checked-Out,4
BR02528,B06262,R00972,26200,5,Checked-Out,5
BR02529,B06384,R01109,24100,0,Checked-Out,4
BR02530,B07554,R01089,10600,5,Checked-Out,4
BR02531,B01289,R00779,10350,0,Cancelled,
BR02532,B01289,R00733,13600,10,Cancelled,
BR02533,B01354,R01042,9900,10,Checked-Out,3
BR02534,B02804,R00779,10000,15,Checked-Out,4
BR02535,B00376,R01029,15450,0,Checked-Out,4
BR02536,B00714,R00778,11500,10,Checked-Out,3
BR02537,B00714,R00732,6750,0,Checked-Out,5
BR02538,B09793,R01105,9950,15,Checked-Out,5
BR02539,B09793,R01100,10350,5,Checked-Out,4
BR02540,B04728,R00785,9050,15,Checked-Out,5
BR02541,B03481,R00734,8650,5,Checked-Out,4
BR02542,B07949,R00736,7800,15,Checked-Out,5
BR02543,B09523,R00744,8050,15,Checked-Out,5
BR02544,B01478,R00787,11650,15,Checked-Out,4
BR02545,B07356,R00751,6850,0,Checked-Out,5
BR02546,B01872,R01050,10500,0,Cancelled,
BR02547,B01872,R01043,10250,0,Cancelled,
BR02548,B01872,R01052,12250,0,Cancelled,
BR02549,B00372,R00733,13550,5,Checked-Out,5
BR02550,B02597,R00755,6650,5,Checked-Out,4
BR02551,B02597,R00758,7650,0,Checked-Out,4
BR02552,B06463,R00760,8000,15,Checked-Out,5
BR02553,B06883,R01058,8750,30,Checked-Out,4
BR02554,B07432,R00795,8750,0,No-Show,
BR02555,B08431,R00795,9250,0,Checked-Out,5
BR02556,B07497,R01050,10500,20,No-Show,
BR02557,B00383,R00796,12200,0,Checked-Out,4
BR02558,B00793,R00958,4150,0,Checked-Out,3
BR02559,B06836,R00989,6600,5,No-Show,
BR02560,B06836,R00767,9050,10,No-Show,
BR02561,B07270,R01060,10250,0,Checked-Out,4
BR02562,B01243,R01050,10700,5,Checked-Out,4
BR02563,B02115,R00767,9800,0,Checked-Out,4
BR02564,B00570,R00750,16400,20,Cancelled,
BR02565,B00570,R01043,12050,20,Cancelled,
BR02566,B04922,R00770,6700,5,Checked-Out,5
BR02567,B06667,R00803,10700,5,Checked-Out,5
BR02568,B06667,R00805,14200,0,Checked-Out,4
BR02569,B09411,R01043,11100,5,Checked-Out,5
BR02570,B07875,R01052,12100,20,Checked-Out,3
BR02571,B09430,R00977,27050,15,Checked-Out,4
BR02572,B04429,R00789,5900,0,Checked-Out,3
BR02573,B09586,R00806,9350,0,Checked-Out,5
BR02574,B01670,R00750,17350,20,Checked-Out,4
BR02575,B04558,R00746,19200,15,Checked-Out,3
BR02576,B00066,R00983,28800,15,No-Show,
BR02577,B02745,R00790,9700,10,Checked-Out,5
BR02578,B03734,R00756,20700,0,Checked-Out,4
BR02579,B02260,R00775,7000,15,Checked-Out,3
BR02580,B05049,R00765,18950,5,Checked-Out,5
BR02581,B05330,R00804,7750,15,Checked-Out,4
BR02582,B05443,R00771,16700,15,Checked-Out,3
BR02583,B05443,R00774,13300,15,Checked-Out,4
BR02584,B06657,R01053,9950,0,Checked-Out,5
BR02585,B06946,R00989,7150,10,Checked-Out,2
BR02586,B07854,R00825,10200,15,Cancelled,
BR02587,B04977,R00825,9950,10,Checked-Out,5
BR02588,B07366,R00792,9450,15,Checked-Out,5
BR02589,B00573,R00816,13450,5,Checked-Out,5
BR02590,B01666,R00832,10300,10,Checked-Out,5
BR02591,B07624,R00983,26700,0,Cancelled,
BR02592,B00207,R00782,16150,10,Checked-Out,4
BR02593,B00207,R01055,12600,0,Checked-Out,1
BR02594,B08261,R00801,8050,25,Checked-Out,4
BR02595,B09954,R00807,10700,10,Checked-Out,5
BR02596,B09954,R00808,7800,15,Checked-Out,4
BR02597,B00950,R00809,7050,15,Checked-Out,4
BR02598,B01648,R00983,27450,10,Checked-Out,5
BR02599,B04800,R00823,13200,0,Checked-Out,4
BR02600,B09087,R01024,4600,15,Checked-Out,5
BR02601,B01846,R01062,8700,5,Checked-Out,5
BR02602,B04708,R00810,11100,5,Checked-Out,4
BR02603,B01258,R00814,7700,25,Checked-Out,5
BR02604,B05869,R00784,20450,10,Checked-Out,5
BR02605,B06055,R01068,15550,0,Cancelled,
BR02606,B06055,R01069,10350,0,Cancelled,
BR02607,B06519,R01068,14450,10,Checked-Out,4
BR02608,B03042,R00793,19800,10,Checked-Out,5
BR02609,B03368,R01069,9600,0,Checked-Out,5
BR02610,B05937,R01072,14200,0,Checked-Out,5
BR02611,B05804,R01073,11900,0,Checked-Out,4
BR02612,B05804,R00817,8200,10,Checked-Out,4
BR02613,B06302,R00815,9050,0,Checked-Out,5
BR02614,B04437,R01076,12700,0,Checked-Out,3
BR02615,B04437,R01077,9500,15,Checked-Out,5
BR02616,B08119,R00794,19000,0,Checked-Out,5
BR02617,B08119,R01080,13650,5,Checked-Out,3
BR02618,B06515,R01085,13000,0,Checked-Out,5
BR02619,B09486,R00875,11700,10,Checked-Out,4
BR02620,B09941,R01087,7750,5,Cancelled,
BR02621,B02591,R00797,18850,10,Checked-Out,4
BR02622,B09826,R00812,20250,20,Checked-Out,4
BR02623,B06256,R00798,14850,0,Checked-Out,5
BR02624,B06256,R00819,21900,10,Checked-Out,4
BR02625,B00692,R01087,9450,0,No-Show,
BR02626,B01615,R00986,21450,25,Checked-Out,4
BR02627,B01615,R00988,16900,10,Checked-Out,4
BR02628,B03333,R00841,10050,0,Checked-Out,5
BR02629,B03333,R00844,7250,5,Checked-Out,4
BR02630,B07271,R00845,8800,0,Checked-Out,4
BR02631,B07271,R00991,28500,15,Checked-Out,5
BR02632,B07271,R00993,18250,5,Checked-Out,4
BR02633,B09369,R01015,27550,5,Checked-Out,4
BR02634,B00221,R01016,17950,30,Checked-Out,4
BR02635,B01449,R00846,9850,10,Checked-Out,3
BR02636,B02099,R01017,17400,15,Cancelled,
BR02637,B05125,R01039,6200,15,Checked-Out,4
BR02638,B04402,R00876,10400,0,Checked-Out,4
BR02639,B00479,R00848,5750,0,Checked-Out,5
BR02640,B09985,R00826,22650,0,Checked-Out,5
BR02641,B03472,R00885,8800,10,Checked-Out,4
BR02642,B06786,R01087,7600,15,Cancelled,
BR02643,B02310,R01092,3700,5,Checked-Out,5
BR02644,B07871,R01017,15300,15,Checked-Out,3
BR02645,B00671,R01087,8150,0,Checked-Out,5
BR02646,B04625,R01094,9600,0,Checked-Out,5
BR02647,B07162,R01099,6050,10,Checked-Out,4
BR02648,B04981,R00849,7750,25,Checked-Out,2
BR02649,B07097,R00828,21550,5,Cancelled,
BR02650,B03933,R01098,11350,10,Cancelled,
BR02651,B05678,R00906,7650,20,Checked-Out,5
BR02652,B00299,R01098,12200,5,Checked-Out,4
BR02653,B07213,R00956,10400,5,Checked-Out,4
BR02654,B05054,R00851,7200,15,Checked-Out,5
BR02655,B05054,R00859,5850,5,Checked-Out,2
BR02656,B00389,R00864,6450,5,Cancelled,
BR02657,B00389,R00867,7650,15,Cancelled,
BR02658,B06118,R00864,6500,0,Checked-Out,5
BR02659,B06118,R00867,8250,10,Checked-Out,5
BR02660,B07022,R00828,20750,5,No-Show,
BR02661,B08127,R00743,4450,10,Checked-Out,5
BR02662,B02504,R00828,20350,0,Checked-Out,4
BR02663,B05695,R01103,12100,5,Checked-Out,3
BR02664,B07963,R00880,6300,5,Checked-Out,5
BR02665,B02156,R01035,29000,5,Checked-Out,5
BR02666,B00427,R00874,8350,10,Cancelled,
BR02667,B03784,R00745,4050,0,No-Show,
BR02668,B06212,R00874,7850,15,Checked-Out,5
BR02669,B09413,R00735,10900,10,Cancelled,
BR02670,B09413,R00739,7650,30,Cancelled,
BR02671,B07699,R00879,8050,30,Checked-Out,5
BR02672,B07699,R00888,7150,30,Checked-Out,5
BR02673,B08946,R00833,14450,0,Cancelled,
BR02674,B09524,R00909,7200,10,Checked-Out,4
BR02675,B04076,R00745,3750,0,Checked-Out,3
BR02676,B04076,R00754,5900,10,Checked-Out,3
BR02677,B07064,R00927,8900,0,Checked-Out,3
BR02678,B07064,R00833,13600,10,Checked-Out,4
BR02679,B07064,R00881,8300,10,Checked-Out,5
BR02680,B08663,R00735,12000,15,Checked-Out,5
BR02681,B02235,R00940,8650,5,Checked-Out,4
BR02682,B01566,R00884,8800,0,No-Show,
BR02683,B01566,R00786,4000,15,No-Show,
BR02684,B05721,R00739,7900,15,Checked-Out,4
BR02685,B07470,R00884,9000,5,Checked-Out,3
BR02686,B00535,R00887,6400,10,Checked-Out,4
BR02687,B00512,R00889,8150,5,Checked-Out,4
BR02688,B00512,R00892,5950,0,Checked-Out,3
BR02689,B04963,R00835,19850,5,Checked-Out,5
BR02690,B02800,R00899,6600,15,Checked-Out,4
BR02691,B02800,R00917,6300,5,Checked-Out,5
BR02692,B00656,R00960,10300,10,Checked-Out,5
BR02693,B00656,R00962,10650,10,Checked-Out,4
BR02694,B04090,R00968,8550,10,Checked-Out,4
BR02695,B05444,R00974,7850,10,Cancelled,
BR02696,B08398,R01046,20250,0,Checked-Out,4
BR02697,B08398,R01049,23350,5,Checked-Out,3
BR02698,B08398,R01054,19950,10,Checked-Out,4
BR02699,B00797,R00731,13350,0,No-Show,
BR02700,B03958,R00912,6500,10,Checked-Out,5
BR02701,B00331,R00974,8000,10,Checked-Out,4
BR02702,B06133,R00975,9300,25,Checked-Out,5
BR02703,B00951,R00834,20850,10,Checked-Out,5
BR02704,B02913,R00915,8900,10,Checked-Out,5
BR02705,B09891,R00731,12350,5,Checked-Out,5
BR02706,B09042,R00752,8400,5,Checked-Out,4
BR02707,B09503,R00923,6700,0,Checked-Out,4
BR02708,B01116,R00984,11800,0,Checked-Out,5
BR02709,B08477,R01056,21000,0,Checked-Out,4
BR02710,B03358,R00786,3800,0,Checked-Out,4
BR02711,B04298,R00753,9000,0,No-Show,
BR02712,B04801,R00928,7850,5,Checked-Out,5
BR02713,B09882,R00836,13950,0,Checked-Out,3
BR02714,B09882,R00838,16600,5,Checked-Out,4
BR02715,B05139,R00753,9600,0,Checked-Out,4
BR02716,B06283,R00930,7400,20,Checked-Out,2
BR02717,B09330,R00932,8100,0,Cancelled,
BR02718,B04241,R00763,13700,5,Checked-Out,4
BR02719,B06029,R00932,8700,5,Checked-Out,5
BR02720,B07475,R00799,4100,10,Checked-Out,5
BR02721,B00423,R00818,5550,15,Checked-Out,5
BR02722,B00423,R00822,4850,10,Checked-Out,5
BR02723,B00423,R00853,5500,0,Checked-Out,4
BR02724,B00423,R00857,5850,25,Checked-Out,5
BR02725,B08819,R00936,8950,5,Cancelled,
BR02726,B09457,R00936,9000,15,Checked-Out,4
BR02727,B09457,R00939,6300,5,Checked-Out,2
BR02728,B02048,R00941,6800,5,Checked-Out,4
BR02729,B02100,R00992,11800,20,Cancelled,
BR02730,B02100,R00999,12200,30,Cancelled,
BR02731,B02100,R00994,10650,15,Cancelled,
BR02732,B02100,R01000,12050,5,Cancelled,
BR02733,B04246,R00858,5100,15,Checked-Out,5
BR02734,B04246,R00943,5950,10,Checked-Out,5
BR02735,B03975,R00764,10200,0,No-Show,
BR02736,B02890,R00854,10800,0,Checked-Out,5
BR02737,B03529,R00861,12750,0,Checked-Out,4
BR02738,B03529,R00863,13300,10,Checked-Out,1
BR02739,B04439,R00764,9950,0,Cancelled,
BR02740,B09720,R00952,9400,30,Checked-Out,4
BR02741,B03271,R01057,20450,0,Checked-Out,4
BR02742,B04380,R01066,18450,0,Checked-Out,4
BR02743,B08652,R00953,7650,20,No-Show,
BR02744,B08829,R00953,7750,10,No-Show,
BR02745,B09984,R00992,12150,0,Checked-Out,4
BR02746,B09984,R00999,12200,10,Checked-Out,4
BR02747,B08307,R00873,18050,10,No-Show,
BR02748,B00693,R00764,10050,10,Checked-Out,5
BR02749,B00693,R00769,10800,10,Checked-Out,4
BR02750,B03334,R00953,7800,15,Checked-Out,4
BR02751,B06969,R00955,7300,0,Checked-Out,5
BR02752,B05474,R00873,19000,5,No-Show,
BR02753,B01139,R00873,16050,10,Checked-Out,4
BR02754,B01139,R00895,15250,10,Checked-Out,2
BR02755,B07246,R00900,17300,0,Checked-Out,3
BR02756,B07382,R00908,18400,10,Cancelled,
BR02757,B01332,R00944,8700,0,Checked-Out,4
BR02758,B01332,R00963,9550,0,Checked-Out,5
BR02759,B03410,R00994,9400,5,Checked-Out,5
BR02760,B05035,R01000,12050,5,Checked-Out,3
BR02761,B05035,R00772,9150,15,Checked-Out,4
BR02762,B07284,R01078,12900,5,Checked-Out,3
BR02763,B07284,R01104,25650,5,Checked-Out,4
BR02764,B07935,R00908,17250,5,Checked-Out,4
BR02765,B05606,R00964,6900,5,Checked-Out,5
BR02766,B09773,R00971,8450,20,Checked-Out,5
BR02767,B05014,R00741,23000,10,Checked-Out,5
BR02768,B05014,R00747,26550,10,Checked-Out,4
BR02769,B03003,R00757,22800,5,Checked-Out,5
BR02770,B03642,R00980,8050,5,Checked-Out,5
BR02771,B06745,R00878,11350,0,Checked-Out,5
BR02772,B06745,R00985,8100,20,Checked-Out,3
BR02773,B03278,R00998,8550,10,Checked-Out,5
BR02774,B05289,R00780,11800,0,Checked-Out,1
BR02775,B08786,R00748,18900,0,Checked-Out,5
BR02776,B04419,R01004,8200,10,Checked-Out,4
BR02777,B06083,R00910,10900,0,Cancelled,
BR02778,B07128,R00913,19750,15,Checked-Out,5
BR02779,B07349,R00759,17700,20,Checked-Out,4
BR02780,B08947,R00791,10350,0,No-Show,
BR02781,B08947,R00788,11850,0,No-Show,
BR02782,B08947,R00824,8700,20,No-Show,
BR02783,B07156,R00791,11000,10,Checked-Out,4
BR02784,B09334,R00918,12800,0,Checked-Out,4
BR02785,B08424,R00925,20200,10,Checked-Out,4
BR02786,B08568,R00788,12800,20,Checked-Out,4
BR02787,B09721,R00824,8900,30,Checked-Out,4
BR02788,B00672,R01011,12600,15,Checked-Out,5
BR02789,B02059,R00929,14600,0,Checked-Out,3
BR02790,B05668,R00827,7550,0,Checked-Out,5
BR02791,B05668,R00829,11250,20,Checked-Out,4
BR02792,B05668,R00843,11500,5,Checked-Out,3
BR02793,B00464,R01012,9850,10,Checked-Out,4
BR02794,B05901,R01007,6700,5,Checked-Out,4
BR02795,B09356,R01009,7550,5,Checked-Out,5
BR02796,B01310,R01010,8000,15,Checked-Out,4
BR02797,B02380,R00830,11550,10,Cancelled,
BR02798,B08182,R00877,5000,10,Cancelled,
BR02799,B03741,R00766,23950,10,Checked-Out,4
BR02800,B03741,R00761,17500,0,Checked-Out,4
BR02801,B05593,R00776,27100,0,Checked-Out,5
BR02802,B06162,R01019,11150,10,Checked-Out,4
BR02803,B06162,R01030,7650,10,Checked-Out,5
BR02804,B07163,R01018,6650,0,Checked-Out,4
BR02805,B01916,R00931,19650,0,Checked-Out,4
BR02806,B04122,R00777,20450,0,Checked-Out,5
BR02807,B06658,R00781,25800,0,Checked-Out,4
BR02808,B01710,R01027,9900,20,No-Show,
BR02809,B06134,R00830,10250,0,Checked-Out,5
BR02810,B00065,R00847,7150,0,Cancelled,
BR02811,B00065,R00850,13700,15,Cancelled,
BR02812,B00694,R01020,7650,0,Checked-Out,4
BR02813,B00952,R00847,8100,5,Checked-Out,5
BR02814,B01044,R01022,7700,0,Checked-Out,5
BR02815,B01044,R01036,5800,5,Checked-Out,4
BR02816,B01115,R00877,4900,0,Checked-Out,5
BR02817,B01255,R00933,13550,5,Checked-Out,4
BR02818,B01736,R01027,9350,20,Checked-Out,3
BR02819,B06232,R01044,6000,15,Checked-Out,5
BR02820,B08144,R00850,12600,0,Checked-Out,4
BR02821,B09906,R01048,8350,15,Cancelled,
BR02822,B02342,R00855,10000,15,Checked-Out,3
BR02823,B03155,R00934,13650,15,Checked-Out,2
BR02824,B06242,R00856,13000,0,Checked-Out,4
BR02825,B06242,R00935,12550,0,Checked-Out,4
BR02826,B08601,R01048,9150,0,Checked-Out,4
BR02827,B08879,R00882,5700,0,Checked-Out,4
BR02828,B01564,R01070,8250,20,Cancelled,
BR02829,B03383,R00891,4400,0,Checked-Out,3
BR02830,B03739,R01040,7950,25,Checked-Out,5
BR02831,B06322,R00957,17450,10,Checked-Out,5
BR02832,B08615,R00948,17200,15,Checked-Out,5
BR02833,B09373,R01070,8500,0,Checked-Out,3
BR02834,B03926,R00966,18900,10,Checked-Out,4
BR02835,B05469,R00783,25900,10,Checked-Out,4
BR02836,B05469,R00800,21700,0,Checked-Out,4
BR02837,B08227,R00969,15700,15,Checked-Out,4
BR02838,B02514,R01063,6300,0,Checked-Out,4
BR02839,B07093,R01064,9300,5,Checked-Out,5
BR02840,B00584,R00894,5250,25,Checked-Out,2
BR02841,B00729,R00862,12600,0,Checked-Out,5
BR02842,B02602,R00970,18050,5,Cancelled,
BR02843,B04247,R01047,10200,0,Checked-Out,5
BR02844,B01928,R00865,12850,0,Checked-Out,4
BR02845,B03907,R01071,7200,25,Checked-Out,4
BR02846,B03907,R01075,8750,5,Checked-Out,4
BR02847,B05981,R01081,8100,0,Checked-Out,5
BR02848,B06140,R01065,10750,25,Checked-Out,3
BR02849,B07434,R01082,8750,0,Checked-Out,4
BR02850,B08535,R01059,9950,25,Checked-Out,4
BR02851,B08871,R00802,24400,20,Checked-Out,5
BR02852,B04440,R00811,27950,10,Checked-Out,4
BR02853,B08653,R01093,9850,0,Checked-Out,5
BR02854,B09407,R00813,15300,5,Checked-Out,4
BR02855,B09414,R00820,20650,0,Checked-Out,4
BR02856,B09414,R00821,20100,0,Checked-Out,3
BR02857,B09504,R01089,8100,10,Checked-Out,4
BR02858,B06947,R01079,10850,0,Checked-Out,4
BR02859,B07215,R00970,18500,15,Checked-Out,4
BR02860,B08415,R00973,17500,5,Checked-Out,4
BR02861,B08415,R01100,8500,15,Checked-Out,5
BR02862,B01671,R00866,13100,15,Checked-Out,4
BR02863,B06574,R00896,4150,5,Checked-Out,4
BR02864,B00135,R01114,10750,5,Checked-Out,4
BR02865,B04368,R01113,15300,15,Checked-Out,4
BR02866,B01585,R01112,11250,0,Checked-Out,4
BR02867,B08380,R01126,9650,5,Checked-Out,3
BR02868,B04762,R01127,9700,10,Checked-Out,2
BR02869,B04587,R01117,22400,0,Checked-Out,3
BR02870,B04873,R01129,10950,0,Checked-Out,3
BR02871,B04873,R01115,14450,5,Checked-Out,3
BR02872,B04212,R01118,22200,10,Checked-Out,4
BR02873,B00009,R01116,12350,5,Checked-Out,4
BR02874,B06510,R01111,35700,30,Checked-Out,2
BR02875,B06510,R01120,24950,10,Checked-Out,5
BR02876,B08004,R01119,12750,25,Checked-Out,5
BR02877,B01864,R01138,32500,0,Checked-Out,4
BR02878,B05904,R01124,9800,0,Checked-Out,4
BR02879,B04143,R01121,23900,5,Checked-Out,5
BR02880,B08355,R01144,14850,30,Checked-Out,5
BR02881,B03117,R01122,5150,10,Checked-Out,5
BR02882,B02212,R01156,28950,10,Checked-Out,4
BR02883,B07030,R01131,10450,10,Checked-Out,5
BR02884,B06788,R01125,13750,0,Checked-Out,4
BR02885,B06364,R01152,12050,25,Checked-Out,5
BR02886,B08028,R01130,13650,10,Checked-Out,5
BR02887,B09377,R01123,15800,0,Checked-Out,3
BR02888,B05651,R01139,16750,5,Checked-Out,4
BR02889,B07397,R01153,11300,0,Checked-Out,3
BR02890,B07397,R01128,17950,0,Checked-Out,4
BR02891,B04768,R01132,22950,15,Checked-Out,4
BR02892,B07140,R01140,11450,5,Checked-Out,3
BR02893,B08700,R01133,19650,5,Checked-Out,4
BR02894,B07909,R01141,10100,20,Checked-Out,4
BR02895,B07909,R01134,16650,0,Checked-Out,5
BR02896,B02882,R01174,30850,20,Checked-Out,3
BR02897,B00760,R01136,10800,10,No-Show,
BR02898,B07422,R01150,10650,0,Checked-Out,5
BR02899,B07422,R01162,13500,5,Checked-Out,4
BR02900,B03145,R01137,20550,0,Checked-Out,5
BR02901,B07704,R01165,10950,15,Checked-Out,4
BR02902,B05973,R01142,22800,10,Checked-Out,4
BR02903,B01231,R01171,9100,15,Checked-Out,5
BR02904,B04259,R01136,10200,0,No-Show,
BR02905,B07794,R01166,13600,0,Checked-Out,4
BR02906,B07794,R01177,17700,5,Checked-Out,5
BR02907,B03667,R01167,12950,0,Checked-Out,4
BR02908,B05403,R01179,13150,0,Checked-Out,4
BR02909,B04013,R01180,12750,15,Checked-Out,3
BR02910,B04013,R01146,19300,15,Checked-Out,3
BR02911,B09593,R01136,9750,20,Checked-Out,5
BR02912,B00229,R01191,13700,10,Checked-Out,5
BR02913,B04682,R01196,15900,0,Checked-Out,5
BR02914,B00121,R01143,11500,0,Cancelled,
BR02915,B01195,R01147,16900,0,Checked-Out,4
BR02916,B00440,R01185,27150,0,No-Show,
BR02917,B06930,R01201,12250,10,Checked-Out,3
BR02918,B06102,R01207,12400,20,No-Show,
BR02919,B04328,R01185,24300,0,Checked-Out,4
BR02920,B03019,R01143,10800,10,Checked-Out,4
BR02921,B04959,R01186,10750,10,Checked-Out,5
BR02922,B03213,R01145,5650,0,Checked-Out,3
BR02923,B03213,R01149,4900,10,Checked-Out,3
BR02924,B01594,R01189,9750,0,Checked-Out,5
BR02925,B06993,R01197,15250,20,Cancelled,
BR02926,B06993,R01155,16000,15,Cancelled,
BR02927,B06993,R01158,19150,0,Cancelled,
BR02928,B02404,R01204,12450,5,Checked-Out,5
BR02929,B00761,R01163,5150,10,Checked-Out,4
BR02930,B00781,R01148,7700,25,Checked-Out,3
BR02931,B06352,R01155,16750,10,Checked-Out,3
BR02932,B06352,R01197,15950,0,Checked-Out,5
BR02933,B06352,R01135,9350,15,Checked-Out,2
BR02934,B09312,R01151,8750,0,Checked-Out,5
BR02935,B05390,R01205,10700,5,Checked-Out,4
BR02936,B04832,R01222,9750,25,Checked-Out,5
BR02937,B02240,R01232,11800,5,Checked-Out,3
BR02938,B03085,R01154,9100,5,Checked-Out,5
BR02939,B00560,R01206,24250,5,Checked-Out,4
BR02940,B04603,R01158,20850,5,Checked-Out,4
BR02941,B04603,R01161,13000,0,Checked-Out,5
BR02942,B04603,R01169,14700,5,Checked-Out,5
BR02943,B06540,R01157,6300,0,Checked-Out,5
BR02944,B01502,R01173,12250,0,Checked-Out,4
BR02945,B02929,R01160,7650,0,Checked-Out,5
BR02946,B05823,R01175,18700,5,Checked-Out,5
BR02947,B05823,R01176,21800,0,Checked-Out,3
BR02948,B05823,R01178,16800,10,Checked-Out,4
BR02949,B08837,R01234,10150,15,Checked-Out,4
BR02950,B02836,R01241,11000,5,Checked-Out,4
BR02951,B02836,R01249,8850,15,Checked-Out,5
BR02952,B07137,R01215,17000,15,Checked-Out,4
BR02953,B07137,R01216,23750,0,Checked-Out,5
BR02954,B03214,R01207,10100,10,Checked-Out,3
BR02955,B03214,R01213,9000,25,Checked-Out,5
BR02956,B00580,R01164,8950,15,Checked-Out,4
BR02957,B08594,R01184,17900,10,Checked-Out,4
BR02958,B08594,R01187,10850,0,Checked-Out,4
BR02959,B04722,R01170,7550,0,Checked-Out,4
BR02960,B08545,R01192,10400,5,Checked-Out,4
BR02961,B04604,R01172,6550,0,Checked-Out,4
BR02962,B01439,R01214,11100,5,Checked-Out,4
BR02963,B05686,R01182,6200,5,Checked-Out,4
BR02964,B08745,R01193,11500,5,Checked-Out,3
BR02965,B00199,R01219,11600,5,Checked-Out,4
BR02966,B01059,R01252,8900,0,Checked-Out,5
BR02967,B01226,R01199,16500,10,Checked-Out,4
BR02968,B01226,R01209,17550,0,Checked-Out,5
BR02969,B01226,R01210,11400,15,Checked-Out,5
BR02970,B02175,R01183,7500,0,Cancelled,
BR02971,B05282,R01212,16550,15,Checked-Out,5
BR02972,B05282,R01183,7200,10,Checked-Out,4
BR02973,B03432,R01159,8250,0,Checked-Out,4
BR02974,B06411,R01228,9450,10,Checked-Out,5
BR02975,B05174,R01257,7850,5,Checked-Out,3
BR02976,B05455,R01188,9150,0,Checked-Out,4
BR02977,B05455,R01190,8700,0,Checked-Out,4
BR02978,B04786,R01194,8150,15,Checked-Out,4
BR02979,B04786,R01258,8300,0,Checked-Out,4
BR02980,B03723,R01195,6750,10,Checked-Out,4
BR02981,B07296,R01198,8100,0,No-Show,
BR02982,B07296,R01202,5600,20,No-Show,
BR02983,B07296,R01203,9450,0,No-Show,
BR02984,B02518,R01198,7800,0,Cancelled,
BR02985,B05927,R01230,11300,0,Checked-Out,4
BR02986,B01076,R01226,11700,0,Checked-Out,5
BR02987,B07287,R01227,15600,0,Cancelled,
BR02988,B06209,R01198,8800,5,Checked-Out,3
BR02989,B02476,R01223,24900,5,Checked-Out,5
BR02990,B08560,R01235,14750,10,Checked-Out,5
BR02991,B01811,R01225,11400,10,Checked-Out,3
BR02992,B06487,R01244,22350,0,Checked-Out,4
BR02993,B00109,R01247,18400,25,Checked-Out,3
BR02994,B03415,R01202,5600,0,Checked-Out,4
BR02995,B09924,R01227,17750,0,Checked-Out,4
BR02996,B05649,R01237,11350,15,No-Show,
BR02997,B06681,R01238,17500,10,Checked-Out,5
BR02998,B07688,R01203,9300,0,Checked-Out,5
BR02999,B06987,R01237,10800,0,Checked-Out,5
BR03000,B03378,R01208,9050,0,Checked-Out,3
BR03001,B03378,R01211,6650,5,Checked-Out,4
BR03002,B05270,R01266,12400,10,Checked-Out,5
BR03003,B09408,R01273,9250,5,Checked-Out,3
BR03004,B09343,R01220,7650,10,Checked-Out,2
BR03005,B00122,R01239,12550,10,Checked-Out,1
BR03006,B00513,R01276,10150,20,Checked-Out,5
BR03007,B05923,R01282,12700,5,Checked-Out,5
BR03008,B09254,R01242,12550,0,Checked-Out,3
BR03009,B06290,R01168,8250,10,Checked-Out,4
BR03010,B00898,R01221,8550,15,Checked-Out,4
BR03011,B03943,R01245,16900,0,Cancelled,
BR03012,B09144,R01231,14600,0,Checked-Out,4
BR03013,B01060,R01256,20300,10,Cancelled,
BR03014,B01060,R01269,30700,25,Cancelled,
BR03015,B07189,R01240,19300,0,Checked-Out,4
BR03016,B09392,R01294,11500,15,Checked-Out,5
BR03017,B05577,R01256,18150,5,Checked-Out,5
BR03018,B02886,R01224,6750,0,Checked-Out,4
BR03019,B04147,R01181,7100,5,Checked-Out,4
BR03020,B04147,R01295,15200,0,Checked-Out,4
BR03021,B04147,R01229,11700,0,Checked-Out,4
BR03022,B03546,R01269,28750,10,Checked-Out,4
BR03023,B05426,R01274,18000,0,Checked-Out,5
BR03024,B07113,R01297,9900,15,Checked-Out,5
BR03025,B04565,R01299,15500,10,Cancelled,
BR03026,B07890,R01299,13900,10,Checked-Out,4
BR03027,B07890,R01303,12050,5,Checked-Out,4
BR03028,B07890,R01248,16250,0,Checked-Out,3
BR03029,B02073,R01283,37000,5,Checked-Out,3
BR03030,B08108,R01245,16750,10,Checked-Out,5
BR03031,B09540,R01302,27350,0,Checked-Out,5
BR03032,B09540,R01307,17750,15,Checked-Out,4
BR03033,B01820,R01306,14950,0,Checked-Out,5
BR03034,B06135,R01236,10500,10,Cancelled,
BR03035,B06135,R01243,8550,0,Cancelled,
BR03036,B00287,R01250,14900,5,Checked-Out,4
BR03037,B06909,R01309,8850,15,Checked-Out,4
BR03038,B07732,R01259,25350,20,Checked-Out,4
BR03039,B07357,R01313,14350,5,Checked-Out,4
BR03040,B07357,R01322,13050,5,Checked-Out,5
BR03041,B02752,R01251,15000,20,Checked-Out,4
BR03042,B02752,R01331,16050,5,Checked-Out,4
BR03043,B07141,R01236,8850,5,Checked-Out,5
BR03044,B05027,R01255,13400,0,Checked-Out,5
BR03045,B06098,R01261,11400,10,Checked-Out,2
BR03046,B04610,R01316,29350,25,Checked-Out,4
BR03047,B04080,R01337,15350,5,Checked-Out,3
BR03048,B04787,R01262,9800,5,Cancelled,
BR03049,B00790,R01351,13900,10,Checked-Out,5
BR03050,B06043,R01319,24950,15,Checked-Out,4
BR03051,B06711,R01355,14450,0,Cancelled,
BR03052,B07138,R01260,19950,0,Checked-Out,4
BR03053,B00988,R01262,10400,0,Checked-Out,4
BR03054,B05002,R01264,20900,20,Checked-Out,4
BR03055,B05002,R01268,20300,5,Checked-Out,4
BR03056,B08413,R01243,7950,0,Checked-Out,3
BR03057,B03217,R01233,14050,0,Checked-Out,5
BR03058,B05521,R01355,14850,15,Checked-Out,4
BR03059,B03877,R01356,11300,10,Checked-Out,5
BR03060,B01426,R01270,24400,10,Checked-Out,4
BR03061,B05306,R01200,7600,10,Checked-Out,4
BR03062,B05306,R01217,6500,10,Checked-Out,4
BR03063,B00212,R01324,28800,10,Checked-Out,4
BR03064,B08595,R01267,11550,0,Checked-Out,4
BR03065,B01077,R01271,18800,10,Checked-Out,5
BR03066,B03147,R01253,12250,5,Checked-Out,5
BR03067,B06059,R01325,21850,5,Checked-Out,5
BR03068,B01790,R01363,15800,0,Checked-Out,5
BR03069,B03543,R01277,16550,5,Checked-Out,4
BR03070,B03543,R01286,15550,5,Checked-Out,4
BR03071,B03825,R01218,6800,15,Checked-Out,5
BR03072,B08463,R01364,12050,5,Checked-Out,4
BR03073,B09672,R01365,14450,15,Checked-Out,4
BR03074,B00522,R01287,10800,5,Checked-Out,5
BR03075,B00522,R01292,11050,5,Checked-Out,2
BR03076,B00032,R01371,14800,25,Checked-Out,4
BR03077,B08911,R01296,16700,15,Checked-Out,4
BR03078,B02871,R01374,13800,0,Checked-Out,4
BR03079,B09192,R01254,9500,5,Checked-Out,5
BR03080,B00346,R01326,25850,0,Cancelled,
BR03081,B08414,R01298,16050,25,Checked-Out,4
BR03082,B09932,R01290,15900,15,Checked-Out,2
BR03083,B04779,R01272,12600,0,Checked-Out,3
BR03084,B04779,R01275,9100,0,Checked-Out,4
BR03085,B07321,R01300,15800,0,Checked-Out,5
BR03086,B07321,R01301,22000,0,Checked-Out,5
BR03087,B04170,R01326,29100,15,Checked-Out,5
BR03088,B01004,R01378,10900,10,Cancelled,
BR03089,B01503,R01305,14450,5,Checked-Out,4
BR03090,B05976,R01310,17600,30,Checked-Out,5
BR03091,B08040,R01279,7100,15,Checked-Out,4
BR03092,B04775,R01308,14100,15,Checked-Out,5
BR03093,B04775,R01312,10900,20,Checked-Out,5
BR03094,B06234,R01320,9700,0,Checked-Out,4
BR03095,B09777,R01281,10000,10,Checked-Out,4
BR03096,B02304,R01246,13100,10,Checked-Out,5
BR03097,B06157,R01352,15950,0,Cancelled,
BR03098,B08604,R01328,14150,5,Cancelled,
BR03099,B08510,R01263,7150,10,No-Show,
BR03100,B01464,R01332,27500,0,Checked-Out,5
BR03101,B02928,R01328,13600,5,Checked-Out,4
BR03102,B04202,R01330,10850,0,Checked-Out,4
BR03103,B04202,R01333,13400,0,Checked-Out,3
BR03104,B07262,R01263,6350,10,Checked-Out,4
BR03105,B00213,R01335,13850,10,Checked-Out,5
BR03106,B06976,R01334,30250,10,Checked-Out,4
BR03107,B00145,R01284,12200,10,Checked-Out,4
BR03108,B00408,R01338,12700,15,Checked-Out,2
BR03109,B00408,R01341,15150,10,Checked-Out,4
BR03110,B01284,R01343,13800,25,Checked-Out,5
BR03111,B03315,R01265,6850,5,Checked-Out,5
BR03112,B03315,R01345,14600,15,Checked-Out,5
BR03113,B09027,R01280,5500,5,Checked-Out,4
BR03114,B09844,R01346,17350,5,Checked-Out,4
BR03115,B04665,R01359,15300,15,Checked-Out,5
BR03116,B04665,R01368,15800,0,Checked-Out,3
BR03117,B07742,R01340,23250,0,Checked-Out,5
BR03118,B07742,R01352,18250,0,Checked-Out,4
BR03119,B07742,R01342,28900,10,Checked-Out,5
BR03120,B06356,R01354,19550,15,Checked-Out,4
BR03121,B00275,R01285,11050,15,Checked-Out,4
BR03122,B04352,R01357,20300,15,Cancelled,
BR03123,B05965,R01378,10950,15,Cancelled,
BR03124,B07117,R01293,6950,0,Checked-Out,4
BR03125,B00829,R01288,8350,10,Checked-Out,5
BR03126,B05754,R01291,11500,5,Checked-Out,3
BR03127,B04911,R01311,11550,5,Checked-Out,4
BR03128,B02629,R01373,12400,5,Checked-Out,5
BR03129,B00978,R01386,15950,0,Checked-Out,4
BR03130,B07941,R01378,10650,0,Checked-Out,4
BR03131,B02837,R01392,15500,0,Cancelled,
BR03132,B02430,R01315,8000,15,Checked-Out,4
BR03133,B01253,R01357,20050,5,Checked-Out,5
BR03134,B09621,R01348,31250,10,Checked-Out,4
BR03135,B09621,R01329,6000,10,Checked-Out,5
BR03136,B04255,R01390,10850,5,Checked-Out,5
BR03137,B04255,R01393,10450,0,Checked-Out,2
BR03138,B09035,R01396,15450,0,Checked-Out,5
BR03139,B05284,R01367,23800,10,Checked-Out,4
BR03140,B01015,R01410,14100,5,Checked-Out,4
BR03141,B01015,R01415,9600,0,Checked-Out,5
BR03142,B01015,R01416,10100,30,Checked-Out,4
BR03143,B02323,R01392,15600,5,Checked-Out,5
BR03144,B04047,R01400,12600,5,Cancelled,
BR03145,B05769,R01366,5400,10,Checked-Out,5
BR03146,B05929,R01400,13100,5,Checked-Out,3
BR03147,B04972,R01421,11750,30,Checked-Out,5
BR03148,B00864,R01317,10950,10,Checked-Out,5
BR03149,B00864,R01370,13550,0,Checked-Out,4
BR03150,B02125,R01377,22550,10,Checked-Out,4
BR03151,B01609,R01318,6850,20,Cancelled,
BR03152,B08443,R01353,33350,0,Checked-Out,5
BR03153,B08443,R01360,26100,10,Checked-Out,5
BR03154,B08443,R01362,25500,20,Checked-Out,4
BR03155,B08443,R01369,17600,0,Checked-Out,5
BR03156,B08437,R01375,24250,15,Checked-Out,4
BR03157,B08437,R01318,6550,0,Checked-Out,4
BR03158,B08437,R01427,10650,15,Checked-Out,4
BR03159,B08437,R01405,14400,5,Checked-Out,5
BR03160,B02282,R01372,4800,0,Checked-Out,5
BR03161,B00305,R01398,16800,5,Cancelled,
BR03162,B01468,R01116,10600,10,Checked-Out,4
BR03163,B09916,R01278,14000,5,Checked-Out,4
BR03164,B05205,R01144,11750,5,Checked-Out,4
BR03165,B03901,R01152,9500,10,No-Show,
BR03166,B06011,R01152,10100,5,Checked-Out,4
BR03167,B09111,R01398,15350,5,Checked-Out,5
BR03168,B09111,R01399,21600,0,Checked-Out,5
BR03169,B04483,R01321,6300,0,No-Show,
BR03170,B06706,R01321,7000,5,Checked-Out,5
BR03171,B06851,R01153,9100,0,Checked-Out,5
BR03172,B06851,R01406,9350,0,Checked-Out,5
BR03173,B01490,R01376,17100,10,Checked-Out,5
BR03174,B01490,R01379,28800,10,Checked-Out,5
BR03175,B02405,R01323,6500,0,Checked-Out,2
BR03176,B07282,R01327,8900,5,Checked-Out,5
BR03177,B03714,R01404,12350,15,Checked-Out,3
BR03178,B04183,R01289,11200,25,Checked-Out,3
BR03179,B05275,R01385,19750,5,Checked-Out,3
BR03180,B06246,R01117,19300,10,Checked-Out,4
BR03181,B06900,R01344,7350,0,Checked-Out,5
BR03182,B00201,R01166,10700,0,Checked-Out,5
BR03183,B00201,R01347,7750,0,Checked-Out,4
BR03184,B04921,R01408,12300,0,Checked-Out,5
BR03185,B01191,R01409,11500,0,Checked-Out,5
BR03186,B02632,R01387,19550,5,Checked-Out,4
BR03187,B06944,R01118,21200,0,Checked-Out,4
BR03188,B09351,R01381,4650,15,Checked-Out,4
BR03189,B05137,R01349,7750,5,Checked-Out,5
BR03190,B03047,R01413,29750,0,Checked-Out,5
BR03191,B03047,R01111,28000,20,Checked-Out,4
BR03192,B05676,R01167,11450,10,No-Show,
BR03193,B05676,R01179,11800,10,No-Show,
BR03194,B08621,R01121,21900,10,Checked-Out,5
BR03195,B05150,R01123,12900,10,Checked-Out,4
BR03196,B03638,R01389,5250,5,Checked-Out,5
BR03197,B09798,R01167,9950,15,Checked-Out,5
BR03198,B04666,R01179,11000,0,Checked-Out,5
BR03199,B03742,R01128,16050,5,Checked-Out,4
BR03200,B00262,R01350,7500,0,Checked-Out,5
BR03201,B05433,R01186,11500,5,Checked-Out,5
BR03202,B05433,R01189,10400,0,Checked-Out,5
BR03203,B05433,R01204,12150,0,Checked-Out,5
BR03204,B07483,R01132,22650,0,Checked-Out,3
BR03205,B05078,R01205,9950,10,Checked-Out,4
BR03206,B09123,R01133,14350,5,Checked-Out,5
BR03207,B01812,R01358,7750,15,Checked-Out,4
BR03208,B09033,R01361,6750,5,Checked-Out,5
BR03209,B04405,R01222,8500,10,Checked-Out,5
BR03210,B04405,R01232,10150,0,Checked-Out,5
BR03211,B08676,R01120,18950,10,Checked-Out,4
BR03212,B02607,R01380,5750,5,Checked-Out,4
BR03213,B02633,R01382,6550,0,Checked-Out,3
BR03214,B02633,R01412,8600,10,Checked-Out,5
BR03215,B01011,R01234,8800,0,Checked-Out,5
BR03216,B07286,R01241,10550,0,Checked-Out,5
BR03217,B04822,R01134,11650,0,Cancelled,
BR03218,B04822,R01137,17800,10,Cancelled,
BR03219,B03404,R01249,9100,0,Checked-Out,4
BR03220,B03404,R01252,8100,0,Checked-Out,4
BR03221,B08765,R01383,8200,0,Checked-Out,4
BR03222,B09149,R01414,11000,0,Checked-Out,3
BR03223,B09149,R01257,8150,5,Checked-Out,2
BR03224,B09149,R01258,7700,0,Checked-Out,5
BR03225,B09632,R01397,4450,10,Checked-Out,5
BR03226,B09632,R01402,4450,0,Checked-Out,4
BR03227,B05293,R01417,10350,25,Checked-Out,1
BR03228,B01014,R01422,12850,5,Checked-Out,4
BR03229,B06905,R01134,11900,5,Checked-Out,5
BR03230,B07283,R01122,3650,10,Checked-Out,3
BR03231,B08335,R01138,24400,5,Checked-Out,4
BR03232,B03169,R01423,10550,0,Checked-Out,5
BR03233,B08081,R01424,11300,20,Checked-Out,5
BR03234,B08081,R01426,10200,5,Checked-Out,5
BR03235,B04108,R01384,7750,5,Checked-Out,4
BR03236,B09054,R01266,11350,15,Checked-Out,2
BR03237,B09054,R01273,9350,5,Checked-Out,4
BR03238,B09357,R01156,19050,10,Checked-Out,4
BR03239,B08558,R01137,16550,0,Cancelled,
BR03240,B03704,R01429,10850,10,Checked-Out,4
BR03241,B01849,R01137,17050,5,Checked-Out,4
BR03242,B06990,R01142,16650,0,Checked-Out,4
BR03243,B06979,R01388,8400,0,Cancelled,
BR03244,B02290,R01388,8550,10,Checked-Out,4
BR03245,B02290,R01276,8850,20,Checked-Out,5
BR03246,B02290,R01282,10550,5,Checked-Out,5
BR03247,B07558,R01391,6550,10,Checked-Out,5
BR03248,B03650,R01174,23800,0,Checked-Out,5
BR03249,B08724,R01394,6250,0,Checked-Out,5
BR03250,B00719,R01395,9050,30,Checked-Out,4
BR03251,B00719,R01177,14800,15,Checked-Out,4
BR03252,B07807,R01114,8050,5,Checked-Out,4
BR03253,B06838,R01304,8100,0,Checked-Out,4
BR03254,B06838,R01314,8450,0,Checked-Out,4
BR03255,B01301,R01115,11850,0,Checked-Out,4
BR03256,B06479,R01401,9350,15,Checked-Out,3
BR03257,B02138,R01294,8200,25,Checked-Out,4
BR03258,B03049,R01295,11300,0,No-Show,
BR03259,B06158,R01403,7100,5,Checked-Out,4
BR03260,B02020,R01146,14600,0,Checked-Out,5
BR03261,B08225,R01295,11450,0,Cancelled,
BR03262,B03498,R01185,21750,10,Checked-Out,5
BR03263,B03498,R01197,14200,10,Checked-Out,5
BR03264,B09436,R01206,21900,0,Checked-Out,4
BR03265,B09927,R01295,11650,15,Cancelled,
BR03266,B09927,R01297,8050,0,Cancelled,
BR03267,B09179,R01119,8900,15,Checked-Out,5
BR03268,B05870,R01147,13400,0,Checked-Out,4
BR03269,B07747,R01295,12550,5,Checked-Out,4
BR03270,B08578,R01407,6750,0,Checked-Out,4
BR03271,B05240,R01155,16500,10,Checked-Out,4
BR03272,B05240,R01158,18800,0,Checked-Out,4
BR03273,B02608,R01161,11650,10,Checked-Out,5
BR03274,B02990,R01169,13950,15,Cancelled,
BR03275,B05367,R01169,14400,5,Checked-Out,5
BR03276,B00682,R01173,12150,5,Checked-Out,3
BR03277,B00682,R01124,7600,10,Checked-Out,5
BR03278,B04159,R01215,17150,0,Checked-Out,4
BR03279,B04159,R01216,27550,0,Checked-Out,4
BR03280,B04159,R01223,24150,30,Checked-Out,1
BR03281,B04804,R01175,17800,20,Checked-Out,4
BR03282,B01374,R01176,19600,10,Checked-Out,4
BR03283,B07425,R01411,7400,0,Checked-Out,5
BR03284,B01427,R01125,9750,10,Checked-Out,5
BR03285,B03693,R01145,4850,10,Checked-Out,4
BR03286,B07058,R01297,8200,5,Checked-Out,4
BR03287,B03291,R01244,26950,10,Cancelled,
BR03288,B02180,R01418,11550,0,Checked-Out,3
BR03289,B02862,R01299,15250,0,Checked-Out,4
BR03290,B02862,R01303,11000,0,Checked-Out,4
BR03291,B08356,R01419,12350,10,Checked-Out,5
BR03292,B08356,R01420,9450,10,Checked-Out,2
BR03293,B09634,R01336,13050,25,Checked-Out,4
BR03294,B03677,R01306,14650,0,Checked-Out,4
BR03295,B09541,R01130,11350,5,Checked-Out,4
BR03296,B04605,R01244,28700,0,Cancelled,
BR03297,B02569,R01178,19900,15,Checked-Out,5
BR03298,B04613,R01149,5450,0,Checked-Out,3
BR03299,B04545,R01139,16850,5,Checked-Out,5
BR03300,B06841,R01184,23150,5,Checked-Out,5
BR03301,B05096,R01244,27200,0,Checked-Out,4
BR03302,B05096,R01247,22050,10,Checked-Out,2
BR03303,B05528,R01309,9050,0,Checked-Out,5
BR03304,B05528,R01140,11650,5,Checked-Out,4
BR03305,B00291,R01141,10250,10,Checked-Out,4
BR03306,B09745,R01150,10850,20,No-Show,
BR03307,B09745,R01162,15250,15,No-Show,
BR03308,B01969,R01187,16300,0,Checked-Out,5
BR03309,B05522,R01313,14550,5,No-Show,
BR03310,B06632,R01163,6250,30,Checked-Out,3
BR03311,B02339,R01168,6950,0,Cancelled,
BR03312,B07677,R01150,11200,30,Checked-Out,5
BR03313,B08796,R01256,18900,5,Checked-Out,4
BR03314,B08796,R01269,32000,5,Checked-Out,2
BR03315,B09103,R01274,18900,10,Checked-Out,5
BR03316,B09103,R01283,33450,0,Checked-Out,5
BR03317,B06876,R01162,13900,0,Checked-Out,2
BR03318,B02460,R01302,28750,0,Checked-Out,4
BR03319,B06686,R01165,11150,0,Checked-Out,3
BR03320,B00252,R01425,9700,10,Checked-Out,4
BR03321,B01711,R01313,15300,10,Checked-Out,5
BR03322,B07849,R01192,14600,15,Checked-Out,3
BR03323,B02238,R01428,10400,10,Checked-Out,3
BR03324,B05260,R01322,14100,5,Checked-Out,3
BR03325,B02971,R01193,18150,30,Checked-Out,5
BR03326,B05042,R01430,8050,10,Checked-Out,4
BR03327,B05609,R01171,8800,5,Checked-Out,5
BR03328,B08444,R01307,19150,0,Checked-Out,2
BR03329,B09972,R01112,11250,0,Checked-Out,5
BR03330,B09645,R01180,13800,15,Checked-Out,5
BR03331,B04788,R01331,16000,10,Checked-Out,4
BR03332,B06019,R01126,10050,0,Checked-Out,5
BR03333,B06019,R01127,9250,5,Checked-Out,5
BR03334,B01898,R01191,16150,0,Checked-Out,5
BR03335,B01898,R01337,17050,0,Checked-Out,5
BR03336,B09693,R01199,22700,0,Checked-Out,3
BR03337,B00571,R01209,21900,0,Cancelled,
BR03338,B04883,R01129,10500,15,Checked-Out,4
BR03339,B00373,R01131,9050,0,Checked-Out,5
BR03340,B00373,R01136,10950,0,Checked-Out,4
BR03341,B06441,R01316,27950,0,Checked-Out,5
BR03342,B06441,R01143,11250,0,Checked-Out,4
BR03343,B07297,R01168,7400,0,Checked-Out,5
BR03344,B08683,R01181,7150,25,Checked-Out,5
BR03345,B09400,R01209,21100,0,Checked-Out,4
BR03346,B00146,R01210,16150,5,Checked-Out,4
BR03347,B03960,R01212,22550,25,Checked-Out,5
BR03348,B03322,R01339,12000,0,Checked-Out,5
BR03349,B09823,R01319,29600,0,Checked-Out,4
BR03350,B09066,R01226,17300,10,Checked-Out,4
BR03351,B06806,R01351,12600,10,Checked-Out,5
BR03352,B01752,R01196,14750,25,Checked-Out,5
BR03353,B04474,R01148,7800,15,Checked-Out,3
BR03354,B04401,R01151,10150,0,Checked-Out,5
BR03355,B06570,R01227,23250,10,Checked-Out,5
BR03356,B06570,R01355,13750,5,Checked-Out,3
BR03357,B01068,R01154,10350,5,Checked-Out,4
BR03358,B07885,R01201,13900,0,Cancelled,
BR03359,B07885,R01207,14900,5,Cancelled,
BR03360,B05525,R01157,7850,10,Checked-Out,5
BR03361,B05525,R01160,7800,5,Checked-Out,4
BR03362,B07377,R01164,12500,0,Checked-Out,4
BR03363,B00683,R01201,13450,0,Checked-Out,5
BR03364,B01381,R01207,14350,5,Checked-Out,5
BR03365,B05684,R01170,12250,0,Checked-Out,5
BR03366,B08272,R01213,12600,20,Checked-Out,4
BR03367,B08272,R01113,16050,15,Checked-Out,4
BR03368,B00955,R01214,15650,0,Cancelled,
BR03369,B00566,R01172,9050,0,Checked-Out,5
BR03370,B00957,R01238,23100,10,Checked-Out,4
BR03371,B00957,R01240,19150,10,Checked-Out,3
BR03372,B01106,R01200,7400,0,Checked-Out,5
BR03373,B01106,R01182,8600,0,Checked-Out,4
BR03374,B03451,R01356,12050,10,Checked-Out,4
BR03375,B01850,R01214,16200,15,No-Show,
BR03376,B05895,R01363,15450,5,No-Show,
BR03377,B06259,R01183,10200,0,Cancelled,
BR03378,B01058,R01217,6100,0,Cancelled,
BR03379,B01058,R01218,7300,5,Cancelled,
BR03380,B04322,R01324,32450,10,Checked-Out,5
BR03381,B09799,R01214,16350,30,Checked-Out,2
BR03382,B09799,R01219,16300,15,Checked-Out,5
BR03383,B09799,R01228,11950,30,Checked-Out,2
BR03384,B09112,R01248,14000,15,Checked-Out,4
BR03385,B00662,R01183,9950,0,No-Show,
BR03386,B09378,R01325,24500,10,Checked-Out,5
BR03387,B06020,R01230,13650,30,Checked-Out,5
BR03388,B01274,R01326,28850,0,Checked-Out,5
BR03389,B01264,R01135,10950,10,Checked-Out,4
BR03390,B01480,R01259,25600,30,Checked-Out,3
BR03391,B00339,R01183,11000,15,Checked-Out,4
BR03392,B02923,R01332,29050,0,Cancelled,
BR03393,B07298,R01235,15150,5,Checked-Out,4
BR03394,B07420,R01217,6200,10,Checked-Out,4
BR03395,B03617,R01237,13550,10,Checked-Out,5
BR03396,B09384,R01332,30850,30,Checked-Out,3
BR03397,B03454,R01334,29800,0,Checked-Out,4
BR03398,B03454,R01188,11350,30,Checked-Out,4
BR03399,B04954,R01239,15500,10,Checked-Out,3
BR03400,B02703,R01260,20850,0,Cancelled,
BR03401,B09417,R01260,22000,0,Checked-Out,4
BR03402,B00832,R01190,11500,5,Checked-Out,4
BR03403,B08112,R01340,24300,15,Checked-Out,4
BR03404,B08112,R01363,14950,5,Checked-Out,5
BR03405,B08112,R01342,31700,15,Checked-Out,4
BR03406,B08112,R01195,9100,0,Checked-Out,5
BR03407,B09928,R01242,13250,30,Checked-Out,5
BR03408,B09928,R01348,30400,10,Checked-Out,5
BR03409,B02490,R01264,20950,5,Checked-Out,5
BR03410,B01313,R01218,6400,30,Checked-Out,3
BR03411,B01313,R01263,6950,10,Checked-Out,4
BR03412,B09511,R01353,36500,0,Checked-Out,3
BR03413,B09868,R01198,11400,25,Checked-Out,5
BR03414,B00744,R01360,28850,30,Checked-Out,4
BR03415,B00744,R01364,11050,20,Checked-Out,5
BR03416,B00949,R01268,21150,0,Checked-Out,4
BR03417,B07961,R01270,19350,20,Checked-Out,4
BR03418,B07781,R01202,7700,0,Checked-Out,5
BR03419,B04391,R01271,19600,25,Checked-Out,4
BR03420,B06980,R01245,15350,25,Checked-Out,4
BR03421,B07384,R01365,14750,15,Checked-Out,4
BR03422,B00050,R01371,14500,15,Checked-Out,5
BR03423,B04171,R01374,12500,5,Checked-Out,5
BR03424,B00534,R01277,16250,15,Checked-Out,4
BR03425,B00534,R01203,11800,10,Checked-Out,5
BR03426,B00534,R01286,16000,5,Checked-Out,4
BR03427,B01338,R01250,12450,5,No-Show,
BR03428,B09185,R01290,18350,0,Checked-Out,5
BR03429,B00469,R01208,11300,0,Checked-Out,5
BR03430,B00932,R01250,14050,0,Checked-Out,4
BR03431,B08868,R01280,5900,0,Checked-Out,4
BR03432,B09646,R01211,8850,0,Checked-Out,4
BR03433,B05815,R01220,9600,5,Checked-Out,5
BR03434,B05933,R01251,14400,10,Checked-Out,4
BR03435,B01368,R01378,11850,15,Checked-Out,4
BR03436,B04546,R01261,11250,0,Checked-Out,4
BR03437,B05186,R01159,10900,15,Checked-Out,3
BR03438,B04932,R01221,8350,0,Checked-Out,5
BR03439,B05907,R01390,10450,25,Checked-Out,4
BR03440,B05907,R01393,11100,5,Checked-Out,5
BR03441,B06533,R01396,15750,0,Checked-Out,3
BR03442,B07456,R01265,6250,10,Checked-Out,5
BR03443,B07456,R01255,14900,5,Checked-Out,5
BR03444,B04160,R01410,13950,5,Checked-Out,5
BR03445,B04766,R01362,29900,15,Checked-Out,3
BR03446,B06771,R01415,10350,5,Checked-Out,5
BR03447,B05153,R01262,10050,5,Cancelled,
BR03448,B08051,R01229,12000,10,Checked-Out,5
BR03449,B04456,R01224,7950,25,Checked-Out,4
BR03450,B04891,R01236,9800,0,Checked-Out,3
BR03451,B01664,R01369,20250,25,Checked-Out,4
BR03452,B01664,R01305,14700,15,Checked-Out,5
BR03453,B03566,R01301,23950,0,Checked-Out,3
BR03454,B02094,R01375,27500,5,Cancelled,
BR03455,B04742,R01262,9350,0,Checked-Out,4
BR03456,B07559,R01416,11550,10,Checked-Out,4
BR03457,B09113,R01194,9400,0,Checked-Out,2
BR03458,B08980,R01421,13150,10,Checked-Out,4
BR03459,B02071,R01427,12100,5,Checked-Out,5
BR03460,B07731,R01116,11450,20,Checked-Out,5
BR03461,B04692,R01267,12050,30,Checked-Out,4
BR03462,B04692,R01287,10100,20,Checked-Out,3
BR03463,B04692,R01292,11350,0,Checked-Out,5
BR03464,B04692,R01296,14850,0,Checked-Out,4
BR03465,B00735,R01310,18400,0,Cancelled,
BR03466,B08812,R01375,28100,15,Checked-Out,4
BR03467,B03170,R01144,14700,25,Checked-Out,5
BR03468,B03385,R01310,17350,10,Checked-Out,3
BR03469,B03385,R01354,19450,0,Checked-Out,4
BR03470,B00972,R01225,13800,5,Cancelled,
BR03471,B00972,R01231,15750,0,Cancelled,
BR03472,B00972,R01233,13650,5,Cancelled,
BR03473,B03675,R01298,15300,25,Cancelled,
BR03474,B03361,R01225,13850,5,Checked-Out,5
BR03475,B01202,R01298,17600,0,Checked-Out,3
BR03476,B09704,R01352,17200,5,Checked-Out,5
BR03477,B08775,R01293,8100,10,Checked-Out,5
BR03478,B04475,R01376,19500,10,Checked-Out,5
BR03479,B07059,R01329,5500,0,Cancelled,
BR03480,B07168,R01300,16750,15,Checked-Out,4
BR03481,B07196,R01357,19800,20,Checked-Out,4
BR03482,B00316,R01152,11500,0,Checked-Out,4
BR03483,B02744,R01243,9600,20,Checked-Out,5
BR03484,B05960,R01153,11100,15,Checked-Out,4
BR03485,B05960,R01308,14150,20,Checked-Out,5
BR03486,B04884,R01312,10950,0,Checked-Out,3
BR03487,B05218,R01329,6100,0,Checked-Out,4
BR03488,B09055,R01379,35650,0,Checked-Out,5
BR03489,B09055,R01385,21200,10,Checked-Out,4
BR03490,B07136,R01253,12050,0,Checked-Out,4
BR03491,B00510,R01320,9200,15,Checked-Out,4
BR03492,B09613,R01330,10800,15,Checked-Out,2
BR03493,B02190,R01254,9400,0,Checked-Out,5
BR03494,B04007,R01166,13500,15,Checked-Out,5
BR03495,B04007,R01167,13300,10,Checked-Out,5
BR03496,B04007,R01179,14100,0,Checked-Out,4
BR03497,B04117,R01272,12550,10,Checked-Out,1
BR03498,B04594,R01367,19600,15,Cancelled,
BR03499,B08781,R01367,20650,15,Checked-Out,5
BR03500,B01442,R01370,13750,0,Checked-Out,2
BR03501,B06835,R01377,20900,15,Checked-Out,5
BR03502,B01959,R01398,18550,0,Checked-Out,2
BR03503,B07552,R01399,28000,0,Checked-Out,3
BR03504,B08512,R01404,16200,5,Checked-Out,2
BR03505,B06328,R01333,12900,15,Checked-Out,5
BR03506,B04364,R01275,7800,15,Checked-Out,4
BR03507,B04364,R01366,5250,15,Checked-Out,5
BR03508,B04375,R01372,5200,10,Checked-Out,5
BR03509,B01323,R01117,21800,15,Checked-Out,5
BR03510,B04731,R01328,13750,10,Checked-Out,4
BR03511,B09754,R01387,18800,0,Checked-Out,3
BR03512,B03822,R01118,19550,10,Checked-Out,5
BR03513,B05228,R01186,12800,20,Checked-Out,4
BR03514,B05928,R01189,11200,5,Checked-Out,3
BR03515,B01947,R01335,13900,20,Checked-Out,2
BR03516,B01947,R01343,12800,0,Checked-Out,3
BR03517,B04341,R01231,15150,20,Checked-Out,4
BR03518,B01230,R01279,7350,30,Checked-Out,4
BR03519,B06344,R01121,22350,0,Checked-Out,3
BR03520,B01356,R01123,14050,20,Checked-Out,4
BR03521,B02635,R01281,9600,5,Cancelled,
BR03522,B02635,R01284,9800,10,Cancelled,
BR03523,B01088,R01345,12850,10,Checked-Out,2
BR03524,B01205,R01204,13800,0,Checked-Out,4
BR03525,B04256,R01281,8350,5,Checked-Out,4
BR03526,B05299,R01205,12450,5,Checked-Out,4
BR03527,B06103,R01111,31350,0,Checked-Out,5
BR03528,B06103,R01413,33900,30,Checked-Out,4
BR03529,B01596,R01284,10350,0,Checked-Out,4
BR03530,B04032,R01285,9500,0,Checked-Out,4
BR03531,B05490,R01359,14150,0,Checked-Out,4
BR03532,B05490,R01368,14500,0,Checked-Out,5
BR03533,B08324,R01120,23600,5,Checked-Out,4
BR03534,B07840,R01128,15300,0,Checked-Out,5
BR03535,B07840,R01288,7400,15,Checked-Out,4
BR03536,B07840,R01138,26600,0,Checked-Out,5
BR03537,B08785,R01291,10300,15,Checked-Out,5
BR03538,B09019,R01156,21650,0,Checked-Out,5
BR03539,B04933,R01311,10250,15,Checked-Out,4
BR03540,B02345,R01233,10950,10,Checked-Out,5
BR03541,B01423,R01315,6200,0,Checked-Out,4
BR03542,B01423,R01317,10550,0,Checked-Out,3
BR03543,B06024,R01338,10950,0,Checked-Out,4
BR03544,B09513,R01222,9400,0,Checked-Out,2
BR03545,B09702,R01341,12450,0,Checked-Out,5
BR03546,B01758,R01346,14550,0,Checked-Out,3
BR03547,B05506,R01373,9900,0,Checked-Out,4
BR03548,B05506,R01381,4450,10,Checked-Out,5
BR03549,B07944,R01386,11350,10,Checked-Out,4
BR03550,B08351,R01246,11900,10,Checked-Out,4
BR03551,B01086,R01174,27350,15,Checked-Out,5
BR03552,B01086,R01177,15450,25,Checked-Out,5
BR03553,B01086,R01185,24400,0,Checked-Out,4
BR03554,B04640,R01132,18200,15,Checked-Out,5
BR03555,B05954,R01318,6250,0,Checked-Out,4
BR03556,B05954,R01232,11200,5,Checked-Out,3
BR03557,B09441,R01234,10400,5,Checked-Out,5
BR03558,B07717,R01392,12700,25,Checked-Out,4
BR03559,B09126,R01400,13000,15,Checked-Out,3
BR03560,B00101,R01405,13150,0,Cancelled,
BR03561,B00101,R01406,10700,5,Cancelled,
BR03562,B07826,R01133,17500,5,Checked-Out,3
BR03563,B07826,R01321,6750,10,Checked-Out,4
BR03564,B05452,R01323,6850,5,Checked-Out,3
BR03565,B06111,R01134,12100,15,Checked-Out,4
BR03566,B04714,R01327,10050,0,Checked-Out,5
BR03567,B04714,R01344,7400,15,Checked-Out,5
BR03568,B04714,R01347,8350,0,Checked-Out,4
BR03569,B05934,R01197,15200,0,Checked-Out,5
BR03570,B05934,R01206,26100,5,Checked-Out,5
BR03571,B05863,R01405,13050,0,Checked-Out,3
BR03572,B06137,R01349,7850,0,Checked-Out,2
BR03573,B08445,R01241,11600,0,Cancelled,
BR03574,B00922,R01406,10550,15,Checked-Out,4
BR03575,B06707,R01137,19650,15,Checked-Out,2
BR03576,B02955,R01350,7150,0,Checked-Out,4
BR03577,B07115,R01142,17200,5,Cancelled,
BR03578,B03203,R01358,8450,10,Checked-Out,5
BR03579,B07553,R01241,11850,0,Checked-Out,4
BR03580,B01910,R01249,9600,10,Checked-Out,5
BR03581,B09781,R01215,19600,30,Cancelled,
BR03582,B02461,R01142,17750,25,Checked-Out,5
BR03583,B01131,R01278,12350,20,Checked-Out,4
BR03584,B06821,R01361,8350,0,Checked-Out,5
BR03585,B03791,R01408,13200,15,Checked-Out,3
BR03586,B07784,R01382,7350,0,Checked-Out,5
BR03587,B07784,R01380,6700,0,Checked-Out,4
BR03588,B07784,R01383,8200,0,Checked-Out,5
BR03589,B07784,R01384,8300,0,Checked-Out,4
BR03590,B09899,R01252,9200,0,Checked-Out,3
BR03591,B06166,R01388,9450,0,Checked-Out,5
BR03592,B00444,R01257,9400,10,Checked-Out,3
BR03593,B01973,R01258,9550,10,Checked-Out,4
BR03594,B08985,R01409,12800,0,Checked-Out,5
BR03595,B06808,R01389,5100,0,Checked-Out,5
BR03596,B07845,R01412,9550,15,Checked-Out,4
BR03597,B07845,R01266,12300,10,Checked-Out,5
BR03598,B09961,R01391,8100,0,Checked-Out,5
BR03599,B09961,R01394,6900,10,Checked-Out,3
BR03600,B07310,R01273,11650,25,Checked-Out,5
BR03601,B01443,R01276,9750,20,Checked-Out,4
BR03602,B01443,R01215,17800,5,Checked-Out,5
BR03603,B05641,R01216,26700,5,Checked-Out,5
BR03604,B02917,R01146,18200,0,Checked-Out,4
BR03605,B01685,R01147,15450,0,Checked-Out,5
BR03606,B05234,R01155,18700,15,Checked-Out,4
BR03607,B07070,R01414,13200,5,Checked-Out,4
BR03608,B07070,R01417,10950,10,Checked-Out,5
BR03609,B07070,R01422,14000,10,Checked-Out,4
BR03610,B07070,R01424,11800,10,Checked-Out,4
BR03611,B09514,R01395,9100,0,No-Show,
BR03612,B09514,R01223,26700,10,No-Show,
BR03613,B09514,R01401,10200,10,No-Show,
BR03614,B09404,R01289,10450,0,Checked-Out,4
BR03615,B09755,R01158,21150,5,Checked-Out,4
BR03616,B01741,R01426,10250,0,Checked-Out,3
BR03617,B06465,R01395,9700,5,Checked-Out,5
BR03618,B02535,R01282,10000,0,Checked-Out,5
BR03619,B01729,R01294,9550,0,Checked-Out,2
BR03620,B06926,R01401,10200,0,Cancelled,
BR03621,B00641,R01423,13500,20,Checked-Out,5
BR03622,B09236,R01295,13350,5,Cancelled,
BR03623,B05979,R01122,4150,0,Checked-Out,4
BR03624,B05979,R01295,12150,25,Checked-Out,5
BR03625,B04435,R01401,8600,5,Checked-Out,4
BR03626,B09847,R01429,12550,15,Checked-Out,4
BR03627,B09847,R01169,14000,10,Checked-Out,4
BR03628,B00518,R01403,7850,0,Cancelled,
BR03629,B02015,R01114,8200,0,Checked-Out,5
BR03630,B02015,R01223,25700,0,Checked-Out,4
BR03631,B06205,R01244,18800,5,Checked-Out,5
BR03632,B04650,R01297,7850,15,Checked-Out,5
BR03633,B05709,R01299,11650,0,Checked-Out,5
BR03634,B05709,R01303,8300,15,Checked-Out,4
BR03635,B05709,R01306,11050,30,Checked-Out,5
BR03636,B03533,R01161,11300,0,Checked-Out,4
BR03637,B08514,R01175,17500,5,Checked-Out,5
BR03638,B05087,R01115,10800,10,Checked-Out,2
BR03639,B07385,R01119,8600,5,Checked-Out,3
BR03640,B01723,R01124,6050,30,Checked-Out,4
BR03641,B01121,R01397,4350,20,Checked-Out,5
BR03642,B03536,R01403,6250,0,Checked-Out,5
BR03643,B02736,R01407,7200,5,Checked-Out,4
BR03644,B02736,R01411,7750,10,Checked-Out,5
BR03645,B02736,R01418,8700,25,Checked-Out,4
BR03646,B03925,R01125,8900,0,Checked-Out,4
BR03647,B01989,R01309,6800,5,Checked-Out,5
BR03648,B01989,R01313,11150,0,Checked-Out,4
BR03649,B02536,R01176,18600,5,Checked-Out,4
BR03650,B05772,R01419,9000,5,Checked-Out,4
BR03651,B00903,R01420,7600,5,Checked-Out,5
BR03652,B03573,R01173,11100,0,Checked-Out,5
BR03653,B05047,R01425,7200,0,Checked-Out,4
BR03654,B05047,R01430,6050,5,Checked-Out,4
BR03655,B04387,R01130,8800,0,Checked-Out,4
BR03656,B01182,R01112,8200,25,Cancelled,
BR03657,B01392,R01247,18150,5,Cancelled,
BR03658,B06438,R01112,8750,5,Checked-Out,5
BR03659,B08743,R01178,14850,10,Checked-Out,4
BR03660,B02379,R01428,7200,5,Checked-Out,3
BR03661,B00470,R01304,7850,25,Checked-Out,4
BR03662,B06389,R01184,19000,5,Checked-Out,4
BR03663,B07169,R01247,16750,10,Checked-Out,2
BR03664,B07169,R01274,12500,15,Checked-Out,4
BR03665,B07971,R01139,11500,0,Checked-Out,5
BR03666,B07381,R01140,9100,0,Checked-Out,4
BR03667,B08721,R01126,7750,0,Checked-Out,4
BR03668,B01341,R01141,7600,0,Checked-Out,4
BR03669,B05756,R01314,8050,0,Checked-Out,5
BR03670,B07560,R01150,7450,20,Checked-Out,5
BR03671,B02956,R01187,11300,20,Cancelled,
BR03672,B02956,R01193,12450,10,Cancelled,
BR03673,B02956,R01192,10900,0,Cancelled,
BR03674,B01448,R01187,10700,0,Checked-Out,5
BR03675,B01448,R01127,7300,5,Checked-Out,5
BR03676,B04901,R01162,10700,10,Cancelled,
BR03677,B02907,R01162,10400,10,Checked-Out,4
BR03678,B04068,R01193,11950,0,Checked-Out,4
BR03679,B04068,R01336,9350,15,Checked-Out,4
BR03680,B05217,R01165,8200,0,Checked-Out,3
BR03681,B09587,R01192,11950,15,Checked-Out,5
BR03682,B09587,R01171,7200,5,Checked-Out,2
BR03683,B09735,R01283,27600,10,Checked-Out,5
BR03684,B03218,R01302,19650,0,Checked-Out,5
BR03685,B03806,R01129,7700,5,Checked-Out,4
BR03686,B09804,R01131,7200,10,Checked-Out,5
BR03687,B01219,R01322,10500,25,Checked-Out,4
BR03688,B01219,R01180,9350,15,Checked-Out,4
BR03689,B00878,R01331,10350,15,Checked-Out,5
BR03690,B02011,R01199,16300,0,Checked-Out,4
BR03691,B02011,R01256,15300,5,Checked-Out,5
BR03692,B04734,R01337,10150,25,Checked-Out,3
BR03693,B00728,R01191,9850,0,Checked-Out,3
BR03694,B00728,R01209,16600,25,Checked-Out,3
BR03695,B09108,R01210,11600,0,Checked-Out,4
BR03696,B02239,R01351,9650,10,Checked-Out,3
BR03697,B02169,R01226,10900,0,Checked-Out,5
BR03698,B02169,R01212,15850,5,Checked-Out,4
BR03699,B07430,R01355,10550,10,Checked-Out,4
BR03700,B07430,R01356,8250,0,Checked-Out,5
BR03701,B01724,R01402,4250,0,Checked-Out,2
BR03702,B01724,R01145,5000,10,Checked-Out,4
BR03703,B02491,R01149,4750,10,Checked-Out,5
BR03704,B02491,R01163,4850,10,Checked-Out,4
BR03705,B09567,R01269,20000,10,Checked-Out,4
BR03706,B04675,R01196,12400,5,Checked-Out,5
BR03707,B07891,R01363,10700,10,Checked-Out,5
BR03708,B09416,R01201,9200,10,Checked-Out,4
BR03709,B00226,R01307,14700,0,Checked-Out,2
BR03710,B01750,R01316,22350,0,Checked-Out,5
BR03711,B00255,R01319,19350,0,No-Show,
BR03712,B02555,R01319,20650,0,Checked-Out,4
BR03713,B07567,R01136,8600,15,Checked-Out,5
BR03714,B03951,R01365,12150,15,Checked-Out,4
BR03715,B04651,R01143,8800,10,Checked-Out,4
BR03716,B03542,R01207,10350,10,Checked-Out,5
BR03717,B07945,R01364,8700,5,Checked-Out,5
BR03718,B01533,R01325,16700,5,Checked-Out,3
BR03719,B01533,R01324,24100,5,Checked-Out,5
BR03720,B05224,R01148,5500,15,Checked-Out,2
BR03721,B05980,R01339,9050,0,Checked-Out,3
BR03722,B07092,R01151,7450,10,Cancelled,
BR03723,B09099,R01151,8550,5,Checked-Out,5
BR03724,B02095,R01157,5000,10,Checked-Out,5
BR03725,B04569,R01160,6500,15,Checked-Out,5
BR03726,B04569,R01164,8500,5,Checked-Out,4
BR03727,B07697,R01213,9550,0,Checked-Out,4
BR03728,B08849,R01154,6700,0,No-Show,
BR03729,B01067,R01374,9200,15,Checked-Out,5
BR03730,B05555,R01154,7400,0,Checked-Out,5
BR03731,B07846,R01182,5900,10,Checked-Out,4
BR03732,B01683,R01227,15750,5,Checked-Out,4
BR03733,B01753,R01238,18550,0,Checked-Out,4
BR03734,B01753,R01170,8650,15,Checked-Out,5
BR03735,B01753,R01113,10400,0,Checked-Out,5
BR03736,B01753,R01214,11350,20,Checked-Out,5
BR03737,B08845,R01168,5650,5,Checked-Out,5
BR03738,B08845,R01181,4700,5,Checked-Out,4
BR03739,B08845,R01200,5400,5,Checked-Out,5
BR03740,B08898,R01172,6050,0,Checked-Out,4
BR03741,B08898,R01183,6700,0,Checked-Out,4
BR03742,B00468,R01326,19850,5,Checked-Out,5
BR03743,B00468,R01332,20400,0,Checked-Out,4
BR03744,B00468,R01334,22200,30,Checked-Out,4
BR03745,B00468,R01340,17550,0,Checked-Out,2
BR03746,B03219,R01188,9650,5,Checked-Out,4
BR03747,B04182,R01190,8450,0,Checked-Out,5
BR03748,B09707,R01135,8400,0,Cancelled,
BR03749,B09707,R01240,13450,20,Cancelled,
BR03750,B04327,R01219,11450,15,Checked-Out,4
BR03751,B02025,R01228,8950,15,Checked-Out,5
BR03752,B02025,R01230,10200,20,Checked-Out,5
BR03753,B01574,R01371,11750,0,Checked-Out,4
BR03754,B00473,R01195,5650,5,Cancelled,
BR03755,B00473,R01198,8250,20,Cancelled,
BR03756,B00473,R01202,5500,15,Cancelled,
BR03757,B00473,R01203,8800,5,Cancelled,
BR03758,B03389,R01235,11700,5,Cancelled,
BR03759,B04286,R01235,11750,0,Checked-Out,4
BR03760,B04924,R01240,16650,0,Checked-Out,5
BR03761,B05915,R01248,11050,25,Checked-Out,4
BR03762,B05915,R01396,10850,0,Checked-Out,5
BR03763,B05915,R01195,5850,5,Checked-Out,5
BR03764,B06557,R01378,8500,5,Checked-Out,5
BR03765,B01759,R01390,7650,0,Checked-Out,4
BR03766,B01700,R01342,20650,10,Checked-Out,5
BR03767,B03735,R01198,7750,10,Checked-Out,1
BR03768,B04350,R01217,4700,20,Checked-Out,5
BR03769,B06680,R01259,20400,0,Checked-Out,4
BR03770,B07427,R01260,14100,10,Checked-Out,5
BR03771,B06045,R01237,10300,5,Checked-Out,5
BR03772,B01577,R01348,20850,10,Checked-Out,4
BR03773,B07206,R01393,7950,5,Checked-Out,3
BR03774,B07206,R01415,7300,10,Checked-Out,5
BR03775,B07206,R01410,10650,5,Checked-Out,2
BR03776,B07206,R01416,7650,5,Checked-Out,5
BR03777,B08668,R01421,9700,10,Checked-Out,3
BR03778,B00657,R01202,5350,0,Checked-Out,5
BR03779,B05259,R01353,24600,20,Checked-Out,5
BR03780,B02355,R01203,8300,10,Checked-Out,4
BR03781,B02355,R01264,14950,5,Checked-Out,5
BR03782,B02355,R01116,9150,20,Checked-Out,3
BR03783,B06022,R01268,15800,10,Checked-Out,5
BR03784,B06022,R01271,15700,10,Checked-Out,5
BR03785,B08366,R01360,21250,5,Checked-Out,4
BR03786,B08400,R01208,7750,0,No-Show,
BR03787,B08679,R01208,7700,10,Checked-Out,3
BR03788,B09736,R01239,11900,0,Cancelled,
BR03789,B05126,R01239,12300,5,Checked-Out,4
BR03790,B05911,R01220,6550,20,Checked-Out,4
BR03791,B05065,R01242,9250,0,Checked-Out,4
BR03792,B07773,R01427,8250,0,No-Show,
BR03793,B01105,R01245,12650,0,Cancelled,
BR03794,B01105,R01250,9800,0,Cancelled,
BR03795,B01105,R01251,10550,0,Cancelled,
BR03796,B01105,R01255,11450,0,Cancelled,
BR03797,B05816,R01270,14650,0,Checked-Out,4
BR03798,B05816,R01211,6600,0,Checked-Out,1
BR03799,B09421,R01277,12250,0,Checked-Out,3
BR03800,B00345,R01362,21300,0,Checked-Out,3
BR03801,B01220,R01218,4700,30,Checked-Out,4
BR03802,B06466,R01221,6750,15,Checked-Out,4
BR03803,B07892,R01369,14750,15,Checked-Out,4
BR03804,B00439,R01427,8100,0,Checked-Out,3
BR03805,B00439,R01144,9850,15,Checked-Out,4
BR03806,B06498,R01375,20450,10,Checked-Out,4
BR03807,B06600,R01152,8650,15,Checked-Out,5
BR03808,B08827,R01245,11300,5,Checked-Out,5
BR03809,B01684,R01153,8550,0,Checked-Out,3
BR03810,B03136,R01229,8550,10,Checked-Out,4
BR03811,B04676,R01166,9600,0,Checked-Out,5
BR03812,B08598,R01236,6800,5,Checked-Out,3
BR03813,B08598,R01224,5200,0,Checked-Out,4
BR03814,B01909,R01286,11400,20,Checked-Out,5
BR03815,B01909,R01290,12050,25,Checked-Out,3
BR03816,B01909,R01305,10750,0,Checked-Out,3
BR03817,B01909,R01301,17100,15,Checked-Out,4
BR03818,B05562,R01250,10000,10,Checked-Out,2
BR03819,B05562,R01251,9950,10,Checked-Out,4
BR03820,B07129,R01310,13450,5,Checked-Out,5
BR03821,B09335,R01167,10750,5,Checked-Out,2
BR03822,B04277,R01432,9650,0,Checked-Out,5
BR03823,B04277,R01447,9050,25,Checked-Out,4
BR03824,B04264,R01435,6550,0,Checked-Out,4
BR03825,B02284,R01437,12100,0,Checked-Out,3
BR03826,B02284,R01438,12250,0,Checked-Out,5
BR03827,B05746,R01436,5800,5,Checked-Out,2
BR03828,B07038,R01433,9250,10,Checked-Out,3
BR03829,B09314,R01451,10250,0,Checked-Out,4
BR03830,B04389,R01440,4900,5,Checked-Out,3
BR03831,B05789,R01439,15800,0,Cancelled,
BR03832,B07316,R01431,23400,10,Checked-Out,5
BR03833,B06996,R01442,11550,20,Checked-Out,5
BR03834,B02543,R01445,5750,15,Checked-Out,5
BR03835,B01542,R01439,16850,20,Checked-Out,4
BR03836,B04045,R01444,13100,15,Checked-Out,5
BR03837,B06904,R01519,5900,0,Checked-Out,4
BR03838,B06904,R01523,4950,20,Checked-Out,4
BR03839,B00817,R01464,10850,5,Checked-Out,5
BR03840,B08256,R01469,7650,15,Checked-Out,5
BR03841,B04868,R01529,4900,15,Checked-Out,5
BR03842,B04868,R01531,6750,15,Checked-Out,4
BR03843,B05044,R01441,12600,15,Checked-Out,4
BR03844,B04920,R01450,17800,5,Checked-Out,3
BR03845,B00617,R01472,7900,10,Checked-Out,3
BR03846,B02186,R01443,11550,0,Checked-Out,4
BR03847,B03123,R01446,12100,10,Checked-Out,4
BR03848,B09320,R01449,12500,0,Checked-Out,5
BR03849,B03008,R01456,11350,0,Checked-Out,4
BR03850,B03551,R01474,7200,20,Checked-Out,5
BR03851,B03890,R01538,5400,0,Checked-Out,4
BR03852,B02274,R01475,10000,10,Checked-Out,4
BR03853,B02274,R01479,9850,0,Checked-Out,5
BR03854,B05267,R01452,14150,5,Checked-Out,4
BR03855,B08818,R01481,9450,10,Checked-Out,5
BR03856,B08818,R01483,8300,5,Checked-Out,4
BR03857,B04165,R01485,8950,0,Checked-Out,4
BR03858,B04189,R01489,7200,10,Checked-Out,5
BR03859,B01856,R01490,9800,0,Checked-Out,5
BR03860,B01856,R01491,9250,5,Checked-Out,4
BR03861,B04628,R01460,10700,10,Cancelled,
BR03862,B03843,R01453,14500,15,Checked-Out,5
BR03863,B05796,R01460,11250,10,Cancelled,
BR03864,B05796,R01492,7650,25,Cancelled,
BR03865,B05796,R01495,7000,30,Cancelled,
BR03866,B09843,R01448,27700,10,Checked-Out,4
BR03867,B04342,R01492,8000,5,Checked-Out,2
BR03868,B05213,R01495,7200,10,No-Show,
BR03869,B09607,R01495,6750,5,Checked-Out,4
BR03870,B09607,R01498,6200,0,Checked-Out,3
BR03871,B09607,R01504,10700,25,Checked-Out,4
BR03872,B02850,R01458,10550,25,Checked-Out,5
BR03873,B03381,R01466,17050,0,Checked-Out,5
BR03874,B00486,R01460,10100,20,Checked-Out,5
BR03875,B04187,R01467,11800,15,Checked-Out,4
BR03876,B04187,R01470,7300,5,Checked-Out,5
BR03877,B00670,R01509,9500,0,Checked-Out,4
BR03878,B06670,R01473,13600,15,Checked-Out,4
BR03879,B02202,R01553,5100,10,Checked-Out,5
BR03880,B02202,R01556,4400,5,Checked-Out,4
BR03881,B02419,R01513,8750,0,Checked-Out,5
BR03882,B09323,R01461,11800,5,No-Show,
BR03883,B01454,R01461,10600,15,Checked-Out,4
BR03884,B03569,R01477,13150,5,Checked-Out,2
BR03885,B03569,R01480,13300,10,Checked-Out,3
BR03886,B08990,R01463,7550,0,Checked-Out,4
BR03887,B08990,R01476,9750,5,Checked-Out,5
BR03888,B03697,R01488,16000,15,No-Show,
BR03889,B02920,R01482,11600,5,Checked-Out,4
BR03890,B07334,R01455,16250,5,Checked-Out,4
BR03891,B09359,R01487,13550,0,Checked-Out,3
BR03892,B01324,R01569,5450,20,Checked-Out,2
BR03893,B01324,R01650,3900,30,Checked-Out,3
BR03894,B01324,R01665,5650,25,Checked-Out,4
BR03895,B03024,R01457,15850,5,Checked-Out,4
BR03896,B01660,R01478,10800,5,Cancelled,
BR03897,B04186,R01478,11100,10,Checked-Out,5
BR03898,B04186,R01484,8050,15,Checked-Out,5
BR03899,B03052,R01488,16950,0,Checked-Out,3
BR03900,B03052,R01459,17650,5,Checked-Out,5
BR03901,B02592,R01494,19100,15,Checked-Out,4
BR03902,B08133,R01434,9750,5,Checked-Out,4
BR03903,B01547,R01516,20600,5,Checked-Out,4
BR03904,B03077,R01497,11950,0,Checked-Out,5
BR03905,B09288,R01515,6150,5,Checked-Out,4
BR03906,B09288,R01499,9000,0,Checked-Out,4
BR03907,B00418,R01486,9550,0,Checked-Out,5
BR03908,B06978,R01493,10350,0,Checked-Out,5
BR03909,B05454,R01533,17050,15,Checked-Out,4
BR03910,B06200,R01539,17300,0,Checked-Out,4
BR03911,B06182,R01500,9000,30,Checked-Out,4
BR03912,B08441,R01501,8750,0,Checked-Out,4
BR03913,B07602,R01496,10400,20,Checked-Out,5
BR03914,B05327,R01543,21550,0,Checked-Out,5
BR03915,B05327,R01518,6450,10,Checked-Out,4
BR03916,B02756,R01527,5750,0,Checked-Out,4
BR03917,B02205,R01465,17100,15,Checked-Out,5
BR03918,B03056,R01503,7100,15,Checked-Out,5
BR03919,B08251,R01502,7200,5,Checked-Out,4
BR03920,B02388,R01550,24700,5,Checked-Out,5
BR03921,B07250,R01511,7350,20,Cancelled,
BR03922,B07250,R01517,9000,5,Cancelled,
BR03923,B03713,R01508,7250,5,Checked-Out,4
BR03924,B03713,R01684,5200,0,Checked-Out,4
BR03925,B09837,R01514,9000,0,Checked-Out,4
BR03926,B09837,R01511,7050,20,Checked-Out,5
BR03927,B00631,R01686,5250,0,Checked-Out,4
BR03928,B08353,R01520,6800,0,Checked-Out,4
BR03929,B00499,R01530,6250,0,Checked-Out,1
BR03930,B00984,R01559,21150,15,Checked-Out,4
BR03931,B05698,R01697,4600,20,No-Show,
BR03932,B01070,R01560,22800,5,Checked-Out,5
BR03933,B06596,R01468,13800,10,Checked-Out,5
BR03934,B00589,R01505,8850,25,Cancelled,
BR03935,B08791,R01454,9350,0,Checked-Out,5
BR03936,B08791,R01541,5850,5,Checked-Out,2
BR03937,B08791,R01580,12350,0,Checked-Out,5
BR03938,B03603,R01505,10000,5,Checked-Out,4
BR03939,B08001,R01517,10650,10,Checked-Out,5
BR03940,B06971,R01548,6450,0,Checked-Out,4
BR03941,B02879,R01554,7700,10,Checked-Out,5
BR03942,B01022,R01521,11050,0,Checked-Out,4
BR03943,B01022,R01525,6900,25,Checked-Out,2
BR03944,B03284,R01561,7500,5,Checked-Out,5
BR03945,B03344,R01522,9900,0,Checked-Out,4
BR03946,B03844,R01697,5300,10,Cancelled,
BR03947,B09889,R01697,5250,0,Checked-Out,5
BR03948,B01481,R01563,6800,5,Cancelled,
BR03949,B04973,R01563,7100,15,Checked-Out,5
BR03950,B03631,R01524,10750,10,Checked-Out,3
BR03951,B05885,R01565,7900,5,Checked-Out,5
BR03952,B01884,R01506,23150,10,Checked-Out,4
BR03953,B09809,R01462,10800,5,Checked-Out,5
BR03954,B06781,R01570,7350,0,Cancelled,
BR03955,B04562,R01570,7950,10,Checked-Out,5
BR03956,B04562,R01582,10550,20,Checked-Out,5
BR03957,B04562,R01587,10450,0,Checked-Out,4
BR03958,B04562,R01594,9500,15,Checked-Out,4
BR03959,B09564,R01535,9050,10,Checked-Out,4
BR03960,B09982,R01528,13200,5,Checked-Out,4
BR03961,B07825,R01537,13800,5,Checked-Out,4
BR03962,B02809,R01536,11200,15,Checked-Out,5
BR03963,B08654,R01540,12100,15,Checked-Out,4
BR03964,B00529,R01596,8600,5,Checked-Out,4
BR03965,B00564,R01586,30600,5,Checked-Out,3
BR03966,B02344,R01720,4600,0,Checked-Out,4
BR03967,B02187,R01599,6800,5,Checked-Out,2
BR03968,B02187,R01601,7050,0,Checked-Out,3
BR03969,B09515,R01435,6600,10,Checked-Out,4
BR03970,B05543,R01510,14750,0,Checked-Out,4
BR03971,B05543,R01607,25000,0,Checked-Out,4
BR03972,B03538,R01471,12050,0,Checked-Out,5
BR03973,B07705,R01603,10250,5,Checked-Out,5
BR03974,B00147,R01610,30800,0,Checked-Out,5
BR03975,B01348,R01604,8750,10,Checked-Out,5
BR03976,B08450,R01546,9300,0,Checked-Out,5
BR03977,B09718,R01549,13500,5,Checked-Out,4
BR03978,B00189,R01542,9900,0,Checked-Out,4
BR03979,B03990,R01512,17200,10,No-Show,
BR03980,B05127,R01512,18700,10,Checked-Out,4
BR03981,B05337,R01558,12600,15,Checked-Out,4
BR03982,B06962,R01605,8400,0,Checked-Out,4
BR03983,B04284,R01545,11000,30,Checked-Out,4
BR03984,B06531,R01608,11750,0,Checked-Out,4
BR03985,B06762,R01571,8950,0,Checked-Out,5
BR03986,B00698,R01552,9300,0,Checked-Out,4
BR03987,B00318,R01526,21650,25,Checked-Out,3
BR03988,B06202,R01566,8950,20,Checked-Out,5
BR03989,B06202,R01614,8750,0,Checked-Out,5
BR03990,B03112,R01617,21550,5,Checked-Out,5
BR03991,B08596,R01534,15150,0,Cancelled,
BR03992,B00976,R01568,8300,25,Checked-Out,4
BR03993,B04243,R01621,10700,15,Checked-Out,4
BR03994,B05430,R01573,13450,0,Checked-Out,4
BR03995,B08325,R01507,11950,15,Checked-Out,5
BR03996,B08325,R01532,14000,5,Checked-Out,4
BR03997,B08723,R01436,6950,15,Checked-Out,4
BR03998,B06469,R01619,25650,0,Checked-Out,4
BR03999,B02634,R01622,10400,20,Checked-Out,5
BR04000,B02634,R01578,10100,0,Checked-Out,4
BR04001,B02634,R01579,9050,0,Checked-Out,5
BR04002,B02634,R01624,16350,5,Checked-Out,4
BR04003,B07144,R01534,15350,5,Checked-Out,5
BR04004,B08557,R01581,9150,15,No-Show,
BR04005,B09526,R01575,9050,5,Checked-Out,4
BR04006,B06720,R01544,22600,0,Checked-Out,4
BR04007,B06720,R01628,8400,15,Checked-Out,4
BR04008,B09446,R01625,20300,15,Checked-Out,5
BR04009,B09446,R01632,30050,0,Checked-Out,3
BR04010,B01197,R01630,6300,0,Checked-Out,5
BR04011,B05504,R01642,27400,5,Cancelled,
BR04012,B05504,R01660,20400,0,Cancelled,
BR04013,B07068,R01440,4800,0,No-Show,
BR04014,B09290,R01634,9300,10,Checked-Out,4
BR04015,B09290,R01547,22350,10,Checked-Out,5
BR04016,B09290,R01440,4550,5,Checked-Out,4
BR04017,B07077,R01445,6100,5,Checked-Out,5
BR04018,B04712,R01551,19100,10,Checked-Out,5
BR04019,B06004,R01642,25450,5,Checked-Out,4
BR04020,B08134,R01576,12850,5,No-Show,
BR04021,B06685,R01660,19250,0,Checked-Out,4
BR04022,B09780,R01557,15950,0,Checked-Out,4
BR04023,B08480,R01555,12050,10,Checked-Out,3
BR04024,B09449,R01576,13350,10,Checked-Out,4
BR04025,B07411,R01519,5950,0,Checked-Out,4
BR04026,B05296,R01581,8550,0,Checked-Out,5
BR04027,B05296,R01635,10650,15,Checked-Out,4
BR04028,B00187,R01523,5250,25,Checked-Out,5
BR04029,B09856,R01562,14400,0,Checked-Out,3
BR04030,B09856,R01564,16550,5,Checked-Out,5
BR04031,B02062,R01592,8600,0,Checked-Out,4
BR04032,B03570,R01583,12150,0,Checked-Out,4
BR04033,B08995,R01593,9200,5,Cancelled,
BR04034,B02980,R01637,10350,5,Checked-Out,5
BR04035,B05328,R01529,5200,5,Checked-Out,4
BR04036,B05613,R01643,7350,5,Checked-Out,3
BR04037,B05613,R01644,7650,10,Checked-Out,4
BR04038,B08402,R01652,9600,0,Checked-Out,4
BR04039,B07609,R01567,14850,5,Checked-Out,3
BR04040,B07609,R01574,21300,0,Checked-Out,5
BR04041,B02348,R01584,13750,15,Cancelled,
BR04042,B09100,R01577,16250,10,Checked-Out,3
BR04043,B08702,R01584,13500,0,Checked-Out,4
BR04044,B01601,R01653,8250,5,Checked-Out,3
BR04045,B05883,R01657,6450,15,Checked-Out,4
BR04046,B03275,R01585,23400,0,Checked-Out,5
BR04047,B08370,R01531,6750,10,Checked-Out,4
BR04048,B01823,R01595,14100,20,Checked-Out,4
BR04049,B01823,R01597,20800,15,Checked-Out,4
BR04050,B01823,R01598,21650,25,Checked-Out,5
BR04051,B00319,R01593,8600,10,Checked-Out,5
BR04052,B09382,R01662,18600,0,Checked-Out,2
BR04053,B08343,R01538,5500,0,Checked-Out,5
BR04054,B02893,R01588,11750,0,Checked-Out,5
BR04055,B06161,R01590,10700,15,Checked-Out,5
BR04056,B06161,R01572,12750,10,Checked-Out,4
BR04057,B08312,R01553,5800,5,Checked-Out,5
BR04058,B01570,R01664,8650,0,Checked-Out,5
BR04059,B03384,R01666,17150,0,Checked-Out,4
BR04060,B03384,R01668,7200,0,Checked-Out,5
BR04061,B03384,R01680,26450,0,Checked-Out,5
BR04062,B06369,R01602,13600,0,No-Show,
BR04063,B00697,R01609,12050,5,Checked-Out,5
BR04064,B00697,R01615,13200,10,Checked-Out,4
BR04065,B05842,R01616,9550,15,Checked-Out,5
BR04066,B05294,R01600,17300,0,Checked-Out,2
BR04067,B06742,R01633,11550,20,Checked-Out,3
BR04068,B05252,R01671,10250,0,Checked-Out,5
BR04069,B00747,R01673,8100,20,Checked-Out,3
BR04070,B03305,R01606,23250,0,Cancelled,
BR04071,B05360,R01646,8650,0,Checked-Out,5
BR04072,B07185,R01606,22100,0,Checked-Out,3
BR04073,B06867,R01623,18300,15,Cancelled,
BR04074,B07712,R01556,4700,15,Cancelled,
BR04075,B03850,R01623,18350,0,Checked-Out,4
BR04076,B02582,R01626,12950,5,Checked-Out,4
BR04077,B02582,R01647,14050,10,Checked-Out,4
BR04078,B00458,R01674,8500,15,Checked-Out,4
BR04079,B00458,R01679,7450,5,Checked-Out,4
BR04080,B08564,R01685,9250,0,Checked-Out,5
BR04081,B08564,R01687,8150,10,Checked-Out,3
BR04082,B09010,R01648,8500,5,Cancelled,
BR04083,B05997,R01602,13750,0,Cancelled,
BR04084,B05997,R01629,15750,0,Cancelled,
BR04085,B07001,R01689,9150,5,Cancelled,
BR04086,B07556,R01602,12350,5,Checked-Out,4
BR04087,B08910,R01648,7950,0,Checked-Out,5
BR04088,B08910,R01611,11350,20,Checked-Out,4
BR04089,B00091,R01612,12050,0,Checked-Out,5
BR04090,B06671,R01682,16400,20,Checked-Out,5
BR04091,B00357,R01689,8100,5,Checked-Out,4
BR04092,B09128,R01649,10600,0,Checked-Out,5
BR04093,B03177,R01629,15550,10,Checked-Out,5
BR04094,B03177,R01692,5750,5,Checked-Out,3
BR04095,B03177,R01556,4150,0,Checked-Out,5
BR04096,B00073,R01693,6250,15,Checked-Out,2
BR04097,B03928,R01655,10850,20,Checked-Out,3
BR04098,B02595,R01589,10200,0,Checked-Out,5
BR04099,B02010,R01704,6450,5,Checked-Out,5
BR04100,B02010,R01708,8150,15,Checked-Out,3
BR04101,B02010,R01711,8300,5,Checked-Out,5
BR04102,B09590,R01658,9650,5,No-Show,
BR04103,B05961,R01713,8050,15,No-Show,
BR04104,B06757,R01613,8800,10,Cancelled,
BR04105,B06757,R01658,9200,5,Cancelled,
BR04106,B00546,R01658,9800,0,Checked-Out,4
BR04107,B08026,R01613,9250,5,Checked-Out,4
BR04108,B02757,R01694,23600,0,Checked-Out,4
BR04109,B07314,R01618,8050,0,Checked-Out,5
BR04110,B09415,R01661,9250,25,Cancelled,
BR04111,B09415,R01667,9700,10,Cancelled,
BR04112,B04478,R01591,8750,10,Cancelled,
BR04113,B07123,R01638,11250,0,Checked-Out,5
BR04114,B03726,R01627,8450,20,Checked-Out,3
BR04115,B05366,R01591,8550,0,Checked-Out,4
BR04116,B05012,R01661,9600,10,Checked-Out,5
BR04117,B05984,R01667,7650,0,No-Show,
BR04118,B06797,R01640,12850,0,Checked-Out,5
BR04119,B06623,R01569,4800,20,Checked-Out,4
BR04120,B08033,R01667,8850,15,Checked-Out,4
BR04121,B01311,R01699,13000,10,Cancelled,
BR04122,B01311,R01713,7950,0,Cancelled,
BR04123,B03417,R01641,14250,10,Checked-Out,4
BR04124,B03417,R01675,10850,5,Checked-Out,3
BR04125,B09072,R01713,7150,0,Checked-Out,5
BR04126,B07582,R01677,18200,0,Checked-Out,3
BR04127,B09557,R01678,14450,0,Checked-Out,2
BR04128,B00854,R01699,12550,10,Checked-Out,4
BR04129,B02306,R01681,9300,5,Checked-Out,5
BR04130,B07998,R01714,6500,0,Checked-Out,4
BR04131,B00005,R01669,8000,15,Checked-Out,5
BR04132,B06504,R01721,5400,5,Checked-Out,5
BR04133,B06504,R01726,6100,15,Checked-Out,4
BR04134,B09800,R01650,3800,15,Checked-Out,4
BR04135,B09800,R01665,5150,20,Checked-Out,5
BR04136,B09800,R01684,4750,5,Checked-Out,4
BR04137,B00137,R01691,10700,0,Checked-Out,5
BR04138,B07707,R01620,6850,15,Checked-Out,5
BR04139,B09626,R01706,17700,0,Checked-Out,4
BR04140,B07331,R01670,8300,10,Checked-Out,4
BR04141,B02124,R01672,9850,0,Checked-Out,5
BR04142,B05235,R01688,9100,15,Cancelled,
BR04143,B09127,R01656,9100,10,Checked-Out,5
BR04144,B01209,R01695,11850,0,Cancelled,
BR04145,B03633,R01707,12800,10,Checked-Out,4
BR04146,B07233,R01631,11100,10,Checked-Out,4
BR04147,B08442,R01688,9550,5,Cancelled,
BR04148,B08442,R01690,7050,15,Cancelled,
BR04149,B09785,R01636,7800,5,Cancelled,
BR04150,B06975,R01695,12800,20,Cancelled,
BR04151,B06975,R01696,10800,0,Cancelled,
BR04152,B07604,R01727,5350,30,Checked-Out,3
BR04153,B08730,R01636,7400,0,Cancelled,
BR04154,B02734,R01695,13500,0,Checked-Out,5
BR04155,B01891,R01636,7550,0,Checked-Out,5
BR04156,B07238,R01688,9600,0,Checked-Out,4
BR04157,B05604,R01639,10200,0,Checked-Out,4
BR04158,B00970,R01696,10950,10,No-Show,
BR04159,B09904,R01696,12450,0,Checked-Out,5
BR04160,B09649,R01698,19600,10,Checked-Out,5
BR04161,B09649,R01700,11850,0,Checked-Out,5
BR04162,B02617,R01659,9050,5,Checked-Out,4
BR04163,B08475,R01730,7050,0,Checked-Out,5
BR04164,B00295,R01690,7700,0,Checked-Out,5
BR04165,B03851,R01645,8150,15,Checked-Out,4
BR04166,B07920,R01710,10200,15,Checked-Out,3
BR04167,B07078,R01651,6900,10,Checked-Out,4
BR04168,B04745,R01432,7750,10,Checked-Out,4
BR04169,B03033,R01715,10100,0,Checked-Out,5
BR04170,B03033,R01716,9150,5,Checked-Out,3
BR04171,B03033,R01717,11150,0,Checked-Out,5
BR04172,B07990,R01654,10900,5,Checked-Out,3
BR04173,B09875,R01447,7250,10,Checked-Out,4
BR04174,B01308,R01722,9900,5,Checked-Out,5
BR04175,B01308,R01451,7850,0,Checked-Out,3
BR04176,B02407,R01464,11300,0,Cancelled,
BR04177,B02407,R01469,7250,0,Cancelled,
BR04178,B03173,R01729,12800,5,Checked-Out,5
BR04179,B01794,R01686,6900,0,Checked-Out,5
BR04180,B05396,R01433,9150,30,Checked-Out,5
BR04181,B05396,R01439,16050,0,Checked-Out,5
BR04182,B07767,R01441,12450,10,Checked-Out,4
BR04183,B04567,R01697,7050,30,Checked-Out,5
BR04184,B06824,R01443,12050,10,Checked-Out,4
BR04185,B06824,R01449,12000,0,Checked-Out,5
BR04186,B00653,R01663,13150,0,Checked-Out,5
BR04187,B05581,R01456,11450,15,No-Show,
BR04188,B03630,R01676,14950,10,Checked-Out,5
BR04189,B07729,R01720,4900,20,Checked-Out,5
BR04190,B09474,R01709,26400,0,Checked-Out,4
BR04191,B03314,R01456,11350,25,Checked-Out,4
BR04192,B03314,R01460,12200,5,Checked-Out,4
BR04193,B05781,R01683,10000,30,Checked-Out,5
BR04194,B02705,R01701,15300,20,Checked-Out,1
BR04195,B07039,R01719,21900,15,No-Show,
BR04196,B07230,R01464,10950,15,Checked-Out,5
BR04197,B08257,R01702,13400,0,Checked-Out,5
BR04198,B00416,R01467,15400,5,Checked-Out,5
BR04199,B03232,R01469,7350,0,Checked-Out,4
BR04200,B04017,R01472,8350,0,Checked-Out,3
BR04201,B05918,R01724,11950,5,Checked-Out,4
BR04202,B08027,R01475,10400,10,Checked-Out,5
BR04203,B03487,R01719,25350,0,Checked-Out,4
BR04204,B07124,R01703,25250,15,Checked-Out,4
BR04205,B00659,R01470,10700,10,Checked-Out,5
BR04206,B00659,R01473,16450,5,Checked-Out,3
BR04207,B09097,R01725,10450,10,Checked-Out,5
BR04208,B02624,R01705,16000,10,Checked-Out,4
BR04209,B00936,R01479,10900,0,Checked-Out,4
BR04210,B00936,R01474,6900,0,Checked-Out,5
BR04211,B03846,R01477,14400,5,Checked-Out,3
BR04212,B03846,R01480,14300,0,Checked-Out,5
BR04213,B01352,R01482,14100,0,Checked-Out,4
BR04214,B09960,R01481,9550,10,Checked-Out,4
BR04215,B08390,R01487,13150,5,Checked-Out,4
BR04216,B01926,R01728,11450,10,Checked-Out,5
BR04217,B01926,R01437,11400,20,Checked-Out,3
BR04218,B06190,R01723,26300,5,Checked-Out,5
BR04219,B05512,R01483,7500,0,Cancelled,
BR04220,B00344,R01435,6400,0,Checked-Out,4
BR04221,B04547,R01497,13550,15,Cancelled,
BR04222,B08168,R01483,8300,20,Checked-Out,5
BR04223,B08168,R01485,8800,0,Checked-Out,4
BR04224,B08168,R01489,7250,20,Checked-Out,5
BR04225,B08168,R01490,11000,20,Checked-Out,4
BR04226,B08566,R01712,14950,5,Checked-Out,2
BR04227,B07106,R01448,30300,5,Checked-Out,5
BR04228,B07106,R01466,24700,5,Checked-Out,5
BR04229,B07106,R01488,21600,5,Checked-Out,4
BR04230,B08925,R01494,22100,10,Cancelled,
BR04231,B08925,R01516,21100,5,Cancelled,
BR04232,B06144,R01491,9400,0,Checked-Out,5
BR04233,B09258,R01718,20500,10,Checked-Out,4
BR04234,B09258,R01431,22000,10,Checked-Out,5
BR04235,B07898,R01494,21300,0,Checked-Out,3
BR04236,B08988,R01444,14500,0,Checked-Out,4
BR04237,B06265,R01492,8450,5,Checked-Out,1
BR04238,B04244,R01495,7350,5,Checked-Out,5
BR04239,B06763,R01450,17350,15,Checked-Out,4
BR04240,B09623,R01438,12000,15,Checked-Out,5
BR04241,B04111,R01497,15900,0,Checked-Out,4
BR04242,B03222,R01499,13900,15,Checked-Out,5
BR04243,B04672,R01516,21900,5,Cancelled,
BR04244,B03141,R01498,8000,5,Checked-Out,5
BR04245,B08984,R01500,12100,10,Checked-Out,5
BR04246,B08984,R01504,9950,0,Checked-Out,4
BR04247,B00855,R01501,10500,15,Checked-Out,4
BR04248,B00855,R01453,14050,5,Checked-Out,4
BR04249,B02183,R01442,10550,15,Checked-Out,5
BR04250,B06858,R01436,7600,5,Checked-Out,5
BR04251,B00016,R01503,9550,10,Checked-Out,4
BR04252,B01110,R01509,10350,15,Checked-Out,4
BR04253,B01110,R01513,10450,0,Checked-Out,5
BR04254,B01110,R01515,10100,5,Checked-Out,4
BR04255,B07253,R01440,4800,20,Checked-Out,4
BR04256,B07253,R01455,18300,5,Checked-Out,4
BR04257,B09930,R01446,10950,10,Checked-Out,5
BR04258,B09535,R01457,17350,5,Cancelled,
BR04259,B09535,R01459,20600,0,Cancelled,
BR04260,B00780,R01445,5750,15,Checked-Out,5
BR04261,B08008,R01518,9000,0,Checked-Out,5
BR04262,B02127,R01457,19500,10,Checked-Out,3
BR04263,B02199,R01511,10250,0,Checked-Out,5
BR04264,B03208,R01527,8900,0,Checked-Out,4
BR04265,B03293,R01517,14200,0,Checked-Out,5
BR04266,B07708,R01516,22050,10,Checked-Out,5
BR04267,B07708,R01533,24600,25,Checked-Out,4
BR04268,B08877,R01434,11750,10,No-Show,
BR04269,B01775,R01519,5700,0,Checked-Out,4
BR04270,B07964,R01452,15300,15,Checked-Out,4
BR04271,B03094,R01521,14100,20,Checked-Out,4
BR04272,B03198,R01530,9900,5,Checked-Out,4
BR04273,B04597,R01539,21450,10,Checked-Out,4
BR04274,B04597,R01458,11500,15,Checked-Out,4
BR04275,B01655,R01541,7650,0,Checked-Out,5
BR04276,B01795,R01461,13400,15,Checked-Out,4
BR04277,B02201,R01548,8850,5,Checked-Out,4
BR04278,B02201,R01463,8950,5,Checked-Out,4
BR04279,B02201,R01554,10550,15,Checked-Out,4
BR04280,B03931,R01543,29800,5,Checked-Out,4
BR04281,B03931,R01525,9150,0,Checked-Out,5
BR04282,B06240,R01459,20850,5,Checked-Out,4
BR04283,B09700,R01476,12350,5,Checked-Out,4
BR04284,B01531,R01528,12250,0,Checked-Out,4
BR04285,B09896,R01465,23100,5,Checked-Out,4
BR04286,B03046,R01468,19350,5,No-Show,
BR04287,B00530,R01434,11400,0,Checked-Out,4
BR04288,B07045,R01537,14200,10,Cancelled,
BR04289,B09574,R01478,13600,10,Cancelled,
BR04290,B03562,R01537,14400,0,Checked-Out,2
BR04291,B03562,R01540,13200,5,Checked-Out,4
BR04292,B01296,R01468,18600,0,Checked-Out,4
BR04293,B01296,R01505,13050,0,Checked-Out,3
BR04294,B08287,R01478,13550,10,Checked-Out,4
BR04295,B02130,R01542,10050,0,Checked-Out,2
BR04296,B06191,R01484,10800,15,Checked-Out,4
BR04297,B02000,R01550,31600,5,Checked-Out,3
BR04298,B02315,R01545,10550,15,Checked-Out,5
BR04299,B04156,R01552,9800,15,Cancelled,
BR04300,B05161,R01561,10250,0,Cancelled,
BR04301,B01507,R01486,12950,0,Cancelled,
BR04302,B01507,R01561,10000,0,Cancelled,
BR04303,B01507,R01506,22000,15,Cancelled,
BR04304,B07335,R01560,30600,10,Checked-Out,5
BR04305,B01292,R01486,13800,10,No-Show,
BR04306,B03489,R01486,12100,30,Cancelled,
BR04307,B05418,R01552,9450,0,Checked-Out,5
BR04308,B00292,R01506,24500,5,Checked-Out,5
BR04309,B05291,R01566,8800,0,Checked-Out,5
BR04310,B05291,R01568,9150,0,Checked-Out,3
BR04311,B05291,R01573,11650,15,Checked-Out,4
BR04312,B06859,R01523,4750,5,Cancelled,
BR04313,B06859,R01529,5100,5,Cancelled,
BR04314,B06859,R01531,6250,15,Cancelled,
BR04315,B07727,R01523,5000,5,No-Show,
BR04316,B07946,R01561,10450,10,Checked-Out,5
BR04317,B01600,R01559,28150,5,Checked-Out,2
BR04318,B06918,R01510,15000,0,Checked-Out,5
BR04319,B02767,R01486,12450,0,Checked-Out,4
BR04320,B05347,R01575,9250,5,Checked-Out,5
BR04321,B06958,R01576,13900,5,Checked-Out,4
BR04322,B03241,R01580,19550,0,Checked-Out,5
BR04323,B00116,R01563,8600,5,Checked-Out,5
BR04324,B06562,R01583,10800,0,Checked-Out,3
BR04325,B01353,R01493,13550,5,Checked-Out,4
BR04326,B03034,R01512,18400,10,Checked-Out,4
BR04327,B06048,R01496,14350,0,Checked-Out,5
BR04328,B06296,R01526,22150,20,Cancelled,
BR04329,B06296,R01534,16850,25,Cancelled,
BR04330,B04601,R01565,7150,10,Checked-Out,5
BR04331,B04601,R01570,8400,0,Checked-Out,4
BR04332,B07628,R01523,5000,5,Checked-Out,5
BR04333,B00660,R01586,29950,10,Checked-Out,5
BR04334,B06376,R01502,9950,20,Checked-Out,5
BR04335,B00990,R01584,12800,0,Checked-Out,4
BR04336,B00990,R01508,10100,10,Checked-Out,2
BR04337,B04132,R01588,11100,10,Checked-Out,5
BR04338,B04132,R01590,10700,0,Checked-Out,5
BR04339,B01396,R01454,13950,0,Checked-Out,4
BR04340,B02495,R01582,10750,15,Checked-Out,4
BR04341,B02495,R01587,10100,10,Checked-Out,4
BR04342,B02495,R01594,9500,30,Checked-Out,5
BR04343,B05124,R01529,5800,5,Checked-Out,3
BR04344,B09684,R01596,8800,5,Checked-Out,3
BR04345,B09684,R01599,7100,15,Checked-Out,4
BR04346,B03802,R01526,21800,15,Checked-Out,5
BR04347,B03802,R01534,15250,0,Checked-Out,4
BR04348,B08749,R01609,12800,5,No-Show,
BR04349,B08749,R01615,14900,0,No-Show,
BR04350,B08749,R01616,10200,5,No-Show,
BR04351,B03847,R01609,12100,10,Checked-Out,4
BR04352,B07646,R01601,7200,5,Checked-Out,5
BR04353,B03053,R01603,9950,15,Checked-Out,4
BR04354,B01293,R01531,7050,5,Cancelled,
BR04355,B01293,R01538,5300,0,Cancelled,
BR04356,B02003,R01615,14900,0,Checked-Out,5
BR04357,B03055,R01531,7000,0,Checked-Out,5
BR04358,B04042,R01544,24600,10,Checked-Out,4
BR04359,B04960,R01604,10050,20,Checked-Out,4
BR04360,B02425,R01616,9850,10,Checked-Out,5
BR04361,B04104,R01607,21500,10,No-Show,
BR04362,B05677,R01633,9700,5,No-Show,
BR04363,B06931,R01607,23200,0,Checked-Out,4
BR04364,B06931,R01610,31000,20,Checked-Out,5
BR04365,B02174,R01547,23600,10,Checked-Out,5
BR04366,B01688,R01538,5350,5,Checked-Out,4
BR04367,B03328,R01605,9600,5,Checked-Out,4
BR04368,B09224,R01617,21000,30,Checked-Out,5
BR04369,B00395,R01633,10650,15,Checked-Out,4
BR04370,B04643,R01462,12150,0,Checked-Out,4
BR04371,B07239,R01646,9950,0,Checked-Out,4
BR04372,B07239,R01647,15650,0,Checked-Out,4
BR04373,B07239,R01648,8750,10,Checked-Out,5
BR04374,B07958,R01514,12250,0,Checked-Out,3
BR04375,B00327,R01520,10200,5,Checked-Out,4
BR04376,B03917,R01649,12800,0,Checked-Out,4
BR04377,B03917,R01655,11600,10,Checked-Out,4
BR04378,B05335,R01619,25150,0,Checked-Out,4
BR04379,B05335,R01624,16750,0,Checked-Out,4
BR04380,B09337,R01608,11500,0,Checked-Out,3
BR04381,B05734,R01658,11100,10,Checked-Out,5
BR04382,B05734,R01661,12400,15,Checked-Out,5
BR04383,B07679,R01625,18400,10,Cancelled,
BR04384,B06951,R01614,9700,0,Checked-Out,5
BR04385,B09637,R01522,11700,0,Checked-Out,4
BR04386,B00850,R01667,12900,0,Checked-Out,4
BR04387,B00850,R01669,11400,5,Checked-Out,3
BR04388,B00850,R01621,11900,5,Checked-Out,5
BR04389,B01340,R01622,9900,5,Checked-Out,4
BR04390,B03249,R01628,9600,0,Checked-Out,5
BR04391,B07205,R01551,18800,0,Cancelled,
BR04392,B07205,R01557,16450,0,Cancelled,
BR04393,B00209,R01625,18550,15,Checked-Out,5
BR04394,B01602,R01634,8200,30,Checked-Out,5
BR04395,B01602,R01630,6300,0,Checked-Out,5
BR04396,B01602,R01635,11650,10,Checked-Out,5
BR04397,B01602,R01637,10600,0,Checked-Out,4
BR04398,B05128,R01670,10450,5,Checked-Out,2
BR04399,B07142,R01672,13500,0,Checked-Out,5
BR04400,B07142,R01688,12950,0,Checked-Out,3
BR04401,B01291,R01690,9450,0,Checked-Out,3
BR04402,B01291,R01710,12250,0,Checked-Out,5
BR04403,B02941,R01551,18350,15,Checked-Out,5
BR04404,B07085,R01524,10450,0,Checked-Out,4
BR04405,B07085,R01535,9300,15,Checked-Out,3
BR04406,B09090,R01715,12300,0,Checked-Out,4
BR04407,B02192,R01643,7100,0,Checked-Out,5
BR04408,B03128,R01536,10050,0,Checked-Out,5
BR04409,B03552,R01716,12400,5,No-Show,
BR04410,B05822,R01644,7300,5,Cancelled,
BR04411,B02069,R01557,15900,0,Checked-Out,4
BR04412,B01016,R01716,11850,5,Checked-Out,5
BR04413,B04748,R01562,13200,10,Checked-Out,3
BR04414,B05685,R01717,12850,5,Checked-Out,4
BR04415,B01074,R01564,16750,0,Checked-Out,4
BR04416,B01074,R01722,13200,5,Checked-Out,5
BR04417,B09594,R01553,5200,10,Checked-Out,4
BR04418,B04791,R01546,8700,10,No-Show,
BR04419,B04791,R01729,11550,5,No-Show,
BR04420,B04791,R01577,14650,0,No-Show,
BR04421,B04791,R01549,12700,15,No-Show,
BR04422,B04227,R01577,15100,25,Checked-Out,4
BR04423,B06825,R01567,13950,10,Checked-Out,5
BR04424,B05066,R01644,7100,15,Checked-Out,3
BR04425,B03810,R01652,10250,5,Checked-Out,4
BR04426,B00180,R01546,8450,0,Checked-Out,5
BR04427,B00180,R01549,12650,5,Checked-Out,3
BR04428,B00180,R01729,11850,0,Checked-Out,4
BR04429,B08426,R01441,12550,5,Cancelled,
BR04430,B09428,R01441,12300,5,Checked-Out,4
BR04431,B06898,R01653,8050,5,Checked-Out,3
BR04432,B09237,R01632,25350,0,Checked-Out,5
BR04433,B09237,R01642,26000,5,Checked-Out,5
BR04434,B09790,R01433,9800,0,Checked-Out,5
BR04435,B07412,R01439,14600,5,Cancelled,
BR04436,B07988,R01574,18900,15,Checked-Out,3
BR04437,B04720,R01585,21450,0,Cancelled,
BR04438,B07007,R01660,20450,0,Checked-Out,5
BR04439,B06446,R01558,11400,0,Checked-Out,4
BR04440,B06446,R01571,8650,0,Checked-Out,5
BR04441,B05574,R01585,21200,10,Checked-Out,4
BR04442,B05574,R01595,14700,25,Checked-Out,4
BR04443,B08439,R01597,19150,0,No-Show,
BR04444,B05585,R01439,14900,10,Cancelled,
BR04445,B09390,R01657,6700,5,Cancelled,
BR04446,B04602,R01597,19000,10,Checked-Out,4
BR04447,B05183,R01657,5500,0,Cancelled,
BR04448,B05183,R01556,4250,15,Cancelled,
BR04449,B08249,R01662,15800,15,Checked-Out,5
BR04450,B04653,R01471,9900,25,Cancelled,
BR04451,B05334,R01578,9850,0,Checked-Out,4
BR04452,B00742,R01579,7550,0,Checked-Out,4
BR04453,B07380,R01657,5850,0,Cancelled,
BR04454,B08375,R01581,7850,5,Checked-Out,5
BR04455,B01042,R01657,6200,0,Checked-Out,4
BR04456,B01042,R01664,7700,25,Checked-Out,4
BR04457,B04357,R01439,12850,5,Cancelled,
BR04458,B03483,R01439,12250,5,Checked-Out,5
BR04459,B03483,R01666,13350,0,Checked-Out,5
BR04460,B04333,R01598,19400,0,Checked-Out,4
BR04461,B02930,R01556,3900,20,Checked-Out,3
BR04462,B03449,R01443,9650,5,No-Show,
BR04463,B09569,R01668,5300,5,Checked-Out,4
BR04464,B03583,R01592,6650,10,Checked-Out,4
BR04465,B00646,R01671,8100,25,Checked-Out,4
BR04466,B00646,R01673,6700,0,Checked-Out,4
BR04467,B02257,R01600,12600,0,Cancelled,
BR04468,B03370,R01443,10150,10,Checked-Out,4
BR04469,B03370,R01449,10550,30,Checked-Out,5
BR04470,B03370,R01456,10250,0,Checked-Out,5
BR04471,B09238,R01680,19850,0,Checked-Out,4
BR04472,B09238,R01682,16700,10,Checked-Out,4
BR04473,B03411,R01674,7800,15,Checked-Out,4
BR04474,B03833,R01679,6850,0,Checked-Out,3
BR04475,B02234,R01685,9200,5,Cancelled,
BR04476,B03572,R01569,5400,10,Checked-Out,5
BR04477,B03572,R01650,4000,0,Checked-Out,5
BR04478,B07053,R01460,9650,10,Checked-Out,5
BR04479,B07053,R01467,11900,0,Checked-Out,4
BR04480,B07053,R01470,7200,5,Checked-Out,4
BR04481,B07053,R01473,12850,15,Checked-Out,4
BR04482,B08536,R01482,11800,0,Checked-Out,3
BR04483,B04533,R01685,8400,5,Checked-Out,2
BR04484,B04533,R01687,7550,15,Checked-Out,4
BR04485,B09213,R01600,14150,25,Checked-Out,5
BR04486,B09213,R01606,21000,10,Checked-Out,4
BR04487,B02004,R01689,8150,15,Checked-Out,4
BR04488,B04056,R01665,5350,25,Checked-Out,5
BR04489,B01656,R01694,22950,20,Checked-Out,5
BR04490,B01656,R01593,7700,5,Checked-Out,4
BR04491,B00268,R01477,11350,5,Cancelled,
BR04492,B00268,R01471,10050,0,Cancelled,
BR04493,B04075,R01602,11700,0,Checked-Out,4
BR04494,B04075,R01684,6100,0,Checked-Out,4
BR04495,B04644,R01471,10800,25,Checked-Out,3
BR04496,B04644,R01507,8550,15,Checked-Out,5
BR04497,B07304,R01477,12400,20,Checked-Out,3
BR04498,B00851,R01532,11150,0,Checked-Out,5
BR04499,B00851,R01555,9800,30,Checked-Out,4
BR04500,B03826,R01623,15550,10,Checked-Out,4
BR04501,B03826,R01626,10650,5,Checked-Out,4
BR04502,B05187,R01611,9850,30,Checked-Out,5
BR04503,B01508,R01480,12350,0,Checked-Out,4
BR04504,B01297,R01487,12800,0,Checked-Out,4
BR04505,B01297,R01499,11900,10,Checked-Out,4
BR04506,B06263,R01693,6550,20,Checked-Out,3
BR04507,B07539,R01497,11650,0,Checked-Out,4
BR04508,B07593,R01612,12650,5,Checked-Out,3
BR04509,B07593,R01692,6500,0,Checked-Out,4
BR04510,B07593,R01699,14150,15,Checked-Out,4
BR04511,B09193,R01629,15150,10,Checked-Out,4
BR04512,B07626,R01704,6900,0,Checked-Out,5
BR04513,B07626,R01613,8950,5,Checked-Out,4
BR04514,B09242,R01708,8350,10,Checked-Out,4
BR04515,B09242,R01711,8400,5,Checked-Out,5
BR04516,B04699,R01638,11550,15,No-Show,
BR04517,B03749,R01706,19950,10,Checked-Out,5
BR04518,B04528,R01713,8650,15,No-Show,
BR04519,B05605,R01713,8450,0,Checked-Out,5
BR04520,B05605,R01714,6700,0,Checked-Out,4
BR04521,B05605,R01721,5500,5,Checked-Out,3
BR04522,B09869,R01501,9400,5,Checked-Out,5
BR04523,B00621,R01726,6800,5,Checked-Out,4
BR04524,B05659,R01727,5750,0,Checked-Out,4
BR04525,B07320,R01707,15300,0,Checked-Out,5
BR04526,B07320,R01709,20800,15,Checked-Out,5
BR04527,B01890,R01500,11150,0,Cancelled,
BR04528,B01890,R01503,7850,5,Cancelled,
BR04529,B05523,R01638,11500,5,Cancelled,
BR04530,B05523,R01640,14150,10,Cancelled,
BR04531,B06767,R01500,10900,10,Checked-Out,4
BR04532,B00616,R01638,12100,10,Checked-Out,5
BR04533,B00616,R01640,15100,10,Checked-Out,5
BR04534,B03209,R01503,8100,0,Checked-Out,3
BR04535,B07658,R01641,15300,0,Checked-Out,5
BR04536,B07658,R01675,12150,10,Checked-Out,4
BR04537,B06833,R01618,8800,10,Checked-Out,3
BR04538,B03285,R01719,20650,5,Checked-Out,5
BR04539,B03285,R01723,21450,10,Checked-Out,2
BR04540,B08559,R01511,8950,0,Checked-Out,5
BR04541,B08559,R01517,11100,20,Checked-Out,5
BR04542,B09670,R01627,7550,10,Checked-Out,5
BR04543,B05473,R01678,16000,0,Checked-Out,4
BR04544,B05473,R01677,20000,5,Checked-Out,4
BR04545,B08870,R01730,6750,15,Checked-Out,4
BR04546,B07750,R01681,11450,15,Checked-Out,5
BR04547,B06603,R01521,12750,20,Checked-Out,4
BR04548,B09005,R01686,6100,0,Checked-Out,4
BR04549,B04984,R01448,25200,0,Checked-Out,4
BR04550,B04984,R01466,18000,30,Checked-Out,4
BR04551,B03727,R01631,9350,15,Checked-Out,4
BR04552,B00886,R01691,11700,0,Checked-Out,4
BR04553,B05624,R01525,7050,25,Checked-Out,4
BR04554,B05624,R01528,9400,15,Checked-Out,4
BR04555,B03221,R01432,6800,5,Checked-Out,3
BR04556,B03236,R01537,10100,10,Checked-Out,4
BR04557,B03167,R01540,8700,0,No-Show,
BR04558,B03167,R01636,8100,0,No-Show,
BR04559,B07341,R01695,12500,15,Checked-Out,4
BR04560,B02237,R01540,10350,5,Checked-Out,3
BR04561,B08340,R01542,7700,10,Checked-Out,4
BR04562,B02409,R01572,9850,0,Checked-Out,5
BR04563,B02409,R01589,9300,5,Checked-Out,5
BR04564,B09890,R01488,14750,0,Checked-Out,5
BR04565,B08847,R01447,6600,5,Checked-Out,5
BR04566,B01424,R01636,8000,5,Checked-Out,5
BR04567,B04416,R01545,8300,20,Checked-Out,4
BR04568,B04485,R01494,15800,15,Checked-Out,3
BR04569,B04780,R01552,7350,15,Checked-Out,4
BR04570,B09929,R01696,9750,5,Checked-Out,4
BR04571,B07300,R01451,8100,0,Checked-Out,4
BR04572,B01315,R01516,15850,10,Checked-Out,5
BR04573,B07256,R01464,7550,10,Checked-Out,3
BR04574,B00398,R01698,17350,10,No-Show,
BR04575,B08576,R01639,10050,0,Checked-Out,5
BR04576,B08576,R01645,7950,10,Checked-Out,5
BR04577,B05158,R01698,17400,0,Checked-Out,3
BR04578,B07815,R01566,6500,0,Checked-Out,5
BR04579,B07815,R01568,6900,10,Checked-Out,4
BR04580,B09671,R01700,11100,0,Checked-Out,4
BR04581,B09671,R01701,11850,5,Checked-Out,4
BR04582,B01266,R01651,6350,5,Checked-Out,3
BR04583,B06715,R01573,9750,30,Checked-Out,4
BR04584,B09871,R01703,18600,0,Checked-Out,5
BR04585,B09871,R01705,12800,0,Checked-Out,5
BR04586,B01275,R01654,11050,0,Checked-Out,5
BR04587,B03412,R01472,7000,0,Checked-Out,4
BR04588,B08885,R01712,9450,20,Checked-Out,3
BR04589,B04037,R01575,7750,0,Checked-Out,5
BR04590,B04568,R01469,5600,0,Checked-Out,4
BR04591,B07876,R01431,18300,5,Checked-Out,4
BR04592,B07876,R01444,10300,10,Checked-Out,5
BR04593,B07876,R01718,15000,10,Checked-Out,5
BR04594,B09852,R01533,18600,5,Checked-Out,5
BR04595,B09852,R01539,17800,0,Checked-Out,4
BR04596,B09852,R01543,23350,0,Checked-Out,5
BR04597,B01212,R01450,12850,5,Checked-Out,5
BR04598,B05536,R01475,7550,5,Checked-Out,3
BR04599,B01738,R01576,9750,5,Checked-Out,5
BR04600,B07761,R01591,7800,25,Checked-Out,5
BR04601,B09966,R01474,5300,0,Checked-Out,5
BR04602,B09966,R01479,7500,20,Checked-Out,2
BR04603,B03301,R01481,7200,15,Cancelled,
BR04604,B01893,R01550,24250,0,Checked-Out,5
BR04605,B08399,R01481,6900,10,Checked-Out,3
BR04606,B09243,R01663,9500,10,Checked-Out,3
BR04607,B01754,R01583,8700,30,Checked-Out,4
BR04608,B07014,R01483,5650,10,Checked-Out,5
BR04609,B07791,R01485,5850,15,Checked-Out,5
BR04610,B02788,R01560,22200,0,Checked-Out,4
BR04611,B07680,R01489,5800,15,Checked-Out,5
BR04612,B09919,R01453,10500,10,No-Show,
BR04613,B01527,R01584,9300,15,Cancelled,
BR04614,B01575,R01676,10150,10,Cancelled,
BR04615,B03014,R01490,7050,0,No-Show,
BR04616,B06780,R01676,10150,0,Checked-Out,4
BR04617,B07659,R01490,7650,15,Checked-Out,4
BR04618,B08851,R01559,22550,15,No-Show,
BR04619,B04531,R01584,10100,25,Checked-Out,4
BR04620,B04589,R01491,6650,10,Checked-Out,5
BR04621,B04589,R01495,5250,0,Checked-Out,5
BR04622,B00406,R01683,8150,5,No-Show,
BR04623,B03785,R01492,5950,5,No-Show,
BR04624,B04941,R01559,22450,0,Checked-Out,5
BR04625,B04941,R01580,14000,0,Checked-Out,5
BR04626,B02193,R01588,8750,0,Checked-Out,3
BR04627,B03766,R01492,6650,20,Checked-Out,4
BR04628,B01312,R01586,20650,10,Checked-Out,4
BR04629,B08163,R01697,4450,0,Checked-Out,4
BR04630,B03377,R01590,6850,0,Checked-Out,5
BR04631,B04217,R01498,5300,0,Checked-Out,4
BR04632,B03659,R01720,3900,10,Checked-Out,5
BR04633,B05706,R01504,7000,15,Checked-Out,4
BR04634,B08150,R01453,11250,15,Checked-Out,4
BR04635,B00736,R01509,8500,10,Checked-Out,4
BR04636,B04110,R01607,17100,0,Checked-Out,4
BR04637,B08692,R01610,21100,0,No-Show,
BR04638,B08692,R01617,15150,20,No-Show,
BR04639,B08189,R01455,13250,0,Checked-Out,5
BR04640,B07616,R01610,22000,10,Checked-Out,5
BR04641,B00804,R01513,7200,0,No-Show,
BR04642,B01038,R01683,7700,30,Checked-Out,3
BR04643,B03692,R01457,14950,15,Checked-Out,5
BR04644,B04417,R01435,4800,10,Checked-Out,4
BR04645,B08719,R01436,4750,30,Checked-Out,4
BR04646,B01822,R01459,16050,5,Checked-Out,4
BR04647,B02888,R01513,8500,0,Checked-Out,4
BR04648,B06625,R01620,7050,5,Checked-Out,4
BR04649,B08874,R01702,10350,5,Checked-Out,4
BR04650,B03490,R01515,7500,0,Checked-Out,4
BR04651,B00432,R01617,16000,15,Checked-Out,3
BR04652,B00432,R01619,16550,15,Checked-Out,4
BR04653,B01782,R01609,9450,5,Checked-Out,5
BR04654,B04354,R01615,10650,10,Checked-Out,5
BR04655,B08085,R01616,7650,10,Checked-Out,5
BR04656,B02241,R01624,13150,20,Checked-Out,5
BR04657,B02989,R01465,17350,0,Checked-Out,4
BR04658,B07877,R01625,13050,0,Checked-Out,4
BR04659,B02643,R01724,8250,5,Checked-Out,5
BR04660,B03879,R01518,7050,0,Checked-Out,3
BR04661,B01755,R01527,6600,0,Checked-Out,5
BR04662,B03537,R01725,7600,10,Cancelled,
BR04663,B03537,R01437,8900,15,Cancelled,
BR04664,B03537,R01728,8450,5,Cancelled,
BR04665,B06716,R01530,6650,10,Checked-Out,4
BR04666,B07926,R01632,19050,5,Checked-Out,4
BR04667,B02211,R01541,5600,20,Checked-Out,2
BR04668,B02544,R01468,12700,0,No-Show,
BR04669,B01397,R01548,6650,0,Checked-Out,3
BR04670,B03058,R01554,7650,25,Checked-Out,5
BR04671,B07681,R01642,20250,0,Checked-Out,3
BR04672,B07835,R01646,6400,10,Cancelled,
BR04673,B02121,R01561,7350,0,Checked-Out,3
BR04674,B09638,R01646,6700,10,Checked-Out,5
BR04675,B05988,R01656,9700,30,Checked-Out,4
BR04676,B05988,R01468,14600,0,Checked-Out,5
BR04677,B07303,R01440,3700,5,Checked-Out,3
BR04678,B05463,R01659,7450,10,Checked-Out,5
BR04679,B00536,R01647,10550,0,Checked-Out,5
BR04680,B02542,R01505,10400,0,Cancelled,
BR04681,B08301,R01563,6200,15,Checked-Out,5
BR04682,B09987,R01725,7800,15,Checked-Out,5
BR04683,B05159,R01437,8800,10,Checked-Out,2
BR04684,B06249,R01565,5300,20,Checked-Out,4
BR04685,B06249,R01648,6500,5,Checked-Out,3
BR04686,B02511,R01633,8100,15,No-Show,
BR04687,B02511,R01658,8650,30,No-Show,
BR04688,B03513,R01505,9900,0,Checked-Out,5
BR04689,B04875,R01633,7450,5,Checked-Out,5
BR04690,B00332,R01728,7450,10,Checked-Out,4
BR04691,B00332,R01438,8650,15,Checked-Out,4
BR04692,B00332,R01442,8400,0,Checked-Out,5
BR04693,B02556,R01570,5700,15,Checked-Out,4
BR04694,B02556,R01582,7700,25,Checked-Out,4
BR04695,B07660,R01506,16600,5,Checked-Out,2
BR04696,B08751,R01587,7500,0,Checked-Out,5
BR04697,B09935,R01660,15250,5,Checked-Out,4
BR04698,B04639,R01510,11400,15,Checked-Out,4
BR04699,B04639,R01512,14400,10,Checked-Out,4
BR04700,B02162,R01594,5750,0,Cancelled,
BR04701,B03419,R01662,12550,5,Checked-Out,4
BR04702,B03419,R01666,12800,0,Checked-Out,4
BR04703,B03690,R01526,16600,0,Checked-Out,5
BR04704,B05696,R01594,6700,0,Checked-Out,5
BR04705,B07231,R01534,13750,0,Checked-Out,4
BR04706,B02194,R01434,8300,0,Checked-Out,3
BR04707,B03660,R01446,9450,0,Cancelled,
BR04708,B09214,R01596,6100,0,Checked-Out,5
BR04709,B02378,R01733,11100,0,Checked-Out,4
BR04710,B02378,R01731,5800,0,Checked-Out,4
BR04711,B00399,R01732,7700,0,Checked-Out,2
BR04712,B00399,R01736,7700,5,Checked-Out,5
BR04713,B00399,R01737,7050,20,Checked-Out,4
BR04714,B02434,R01735,4200,20,Checked-Out,4
BR04715,B02450,R01749,9250,0,Checked-Out,4
BR04716,B04270,R01738,4700,0,Checked-Out,3
BR04717,B00654,R01744,6050,15,Checked-Out,4
BR04718,B04703,R01734,11600,30,Cancelled,
BR04719,B08965,R01748,4650,0,Checked-Out,5
BR04720,B04267,R01766,6750,25,Checked-Out,4
BR04721,B02973,R01750,3800,5,Checked-Out,5
BR04722,B02973,R01752,6150,0,Checked-Out,5
BR04723,B02973,R01753,4350,15,Checked-Out,4
BR04724,B02973,R01754,4650,5,Checked-Out,3
BR04725,B08892,R01734,10850,0,Checked-Out,3
BR04726,B05777,R01758,5750,15,Checked-Out,4
BR04727,B04803,R01742,10950,0,Checked-Out,4
BR04728,B03330,R01759,4000,5,Checked-Out,5
BR04729,B02429,R01767,5600,0,Cancelled,
BR04730,B09483,R01740,6750,15,Checked-Out,4
BR04731,B03172,R01739,7750,10,Checked-Out,5
BR04732,B03172,R01741,9400,0,Checked-Out,3
BR04733,B01760,R01760,3800,0,Checked-Out,4
BR04734,B00426,R01755,8700,5,Checked-Out,4
BR04735,B09808,R01743,5000,10,Checked-Out,5
BR04736,B09808,R01745,5600,20,Checked-Out,5
BR04737,B09808,R01757,7300,5,Checked-Out,5
BR04738,B09162,R01746,7750,0,Checked-Out,5
BR04739,B04412,R01747,6250,5,Checked-Out,3
BR04740,B06064,R01761,5750,25,Checked-Out,4
BR04741,B06230,R01763,3150,0,Checked-Out,5
BR04742,B08887,R01769,4850,20,Checked-Out,4
BR04743,B09512,R01751,8050,0,Checked-Out,2
BR04744,B00798,R01776,12350,15,Checked-Out,4
BR04745,B06998,R01787,12950,15,Checked-Out,4
BR04746,B01635,R01756,7800,15,Checked-Out,5
BR04747,B02246,R01764,6100,5,Cancelled,
BR04748,B09767,R01764,5350,0,Checked-Out,4
BR04749,B00531,R01771,3150,20,Checked-Out,3
BR04750,B03950,R01765,5550,5,Checked-Out,5
BR04751,B02859,R01778,3200,5,Checked-Out,5
BR04752,B02859,R01768,4650,20,Checked-Out,4
BR04753,B08817,R01772,5600,0,Checked-Out,4
BR04754,B03608,R01792,8650,0,No-Show,
BR04755,B00948,R01773,4600,10,Checked-Out,5
BR04756,B08865,R01762,7800,10,Checked-Out,5
BR04757,B02545,R01782,4350,10,Checked-Out,5
BR04758,B07147,R01770,7100,0,Checked-Out,5
BR04759,B07147,R01774,6600,10,Checked-Out,4
BR04760,B04902,R01786,4300,15,Checked-Out,4
BR04761,B02798,R01777,4900,0,Checked-Out,3
BR04762,B00525,R01780,3800,30,Checked-Out,5
BR04763,B08016,R01775,5550,0,Checked-Out,4
BR04764,B07768,R01781,4600,10,Checked-Out,4
BR04765,B09942,R01779,7350,15,Checked-Out,4
BR04766,B09942,R01785,4450,15,Checked-Out,5
BR04767,B03815,R01788,5650,5,Checked-Out,4
BR04768,B02096,R01792,9250,0,No-Show,
BR04769,B03127,R01789,3850,15,Checked-Out,4
BR04770,B04220,R01793,3450,15,Checked-Out,4
BR04771,B02598,R01794,3650,0,Checked-Out,4
BR04772,B02707,R01797,4350,15,Checked-Out,4
BR04773,B01865,R01767,5900,0,Checked-Out,3
BR04774,B01987,R01790,7350,0,Checked-Out,4
BR04775,B01987,R01791,7900,0,Checked-Out,4
BR04776,B03025,R01783,7100,0,Checked-Out,4
BR04777,B06521,R01800,4050,0,Checked-Out,4
BR04778,B04083,R01801,3850,5,Checked-Out,3
BR04779,B07568,R01784,7700,5,Checked-Out,5
BR04780,B05411,R01795,7800,10,Checked-Out,5
BR04781,B05003,R01820,10700,10,Cancelled,
BR04782,B04099,R01807,6100,0,Checked-Out,3
BR04783,B05472,R01796,7100,5,Checked-Out,4
BR04784,B05472,R01799,7500,10,Checked-Out,5
BR04785,B09380,R01805,8800,10,Cancelled,
BR04786,B09045,R01820,9250,10,Checked-Out,4
BR04787,B05460,R01832,6850,10,Checked-Out,5
BR04788,B09169,R01809,6800,0,Checked-Out,4
BR04789,B09464,R01792,12400,10,Checked-Out,3
BR04790,B01204,R01798,9550,10,Checked-Out,4
BR04791,B02866,R01812,5650,25,Checked-Out,3
BR04792,B05550,R01816,6500,0,Checked-Out,5
BR04793,B00335,R01819,6050,10,Checked-Out,4
BR04794,B06663,R01811,5850,10,Cancelled,
BR04795,B06663,R01814,5500,0,Cancelled,
BR04796,B08433,R01823,7500,0,Checked-Out,4
BR04797,B05610,R01826,6900,5,No-Show,
BR04798,B05610,R01829,5500,5,No-Show,
BR04799,B04124,R01802,12950,0,Checked-Out,4
BR04800,B05190,R01811,6300,0,Checked-Out,3
BR04801,B09078,R01805,8750,30,Checked-Out,4
BR04802,B09678,R01808,7150,0,Checked-Out,4
BR04803,B08304,R01826,7650,0,Checked-Out,5
BR04804,B08304,R01803,12600,0,Checked-Out,4
BR04805,B08304,R01829,5950,0,Checked-Out,4
BR04806,B07932,R01830,7650,10,Checked-Out,3
BR04807,B02944,R01831,8200,10,Cancelled,
BR04808,B09069,R01814,5350,0,Checked-Out,3
BR04809,B01222,R01831,7450,5,Checked-Out,4
BR04810,B08893,R01834,5150,10,Checked-Out,5
BR04811,B08893,R01835,6850,5,Checked-Out,3
BR04812,B08893,R01836,6350,5,Checked-Out,5
BR04813,B00256,R01857,10300,0,Checked-Out,4
BR04814,B08391,R01837,6900,15,Checked-Out,4
BR04815,B04493,R01840,6100,20,Checked-Out,4
BR04816,B09742,R01846,6500,0,Checked-Out,1
BR04817,B09742,R01847,6800,10,Checked-Out,5
BR04818,B01853,R01848,5550,15,Checked-Out,4
BR04819,B03684,R01818,3800,10,Checked-Out,3
BR04820,B07281,R01850,6600,0,Checked-Out,5
BR04821,B03540,R01821,4250,10,Checked-Out,5
BR04822,B08285,R01852,5250,5,Checked-Out,3
BR04823,B02751,R01853,7750,25,Checked-Out,5
BR04824,B02751,R01859,10550,15,Checked-Out,5
BR04825,B06089,R01804,14000,0,Checked-Out,3
BR04826,B06089,R01806,16450,0,Checked-Out,3
BR04827,B06089,R01855,6650,0,Checked-Out,5
BR04828,B09465,R01856,7400,0,Checked-Out,5
BR04829,B06541,R01822,5900,5,Checked-Out,5
BR04830,B02281,R01810,12450,5,Checked-Out,4
BR04831,B02281,R01828,13350,5,Checked-Out,3
BR04832,B01375,R01861,8500,10,Checked-Out,3
BR04833,B09664,R01824,5250,0,No-Show,
BR04834,B08358,R01862,7700,0,Checked-Out,4
BR04835,B03637,R01860,5000,0,Checked-Out,4
BR04836,B06938,R01824,5650,5,Checked-Out,4
BR04837,B06938,R01825,4450,10,Checked-Out,4
BR04838,B07490,R01827,5350,10,Checked-Out,4
BR04839,B07490,R01833,5000,5,Checked-Out,4
BR04840,B00349,R01865,7600,5,Checked-Out,4
BR04841,B05762,R01863,8450,20,Cancelled,
BR04842,B02449,R01866,7100,10,No-Show,
BR04843,B02449,R01839,14600,10,No-Show,
BR04844,B05977,R01838,4050,10,Checked-Out,5
BR04845,B02670,R01863,9250,0,Checked-Out,4
BR04846,B06031,R01866,6750,0,Checked-Out,4
BR04847,B06031,R01870,5800,15,Checked-Out,5
BR04848,B00090,R01872,5800,10,Cancelled,
BR04849,B02481,R01841,4950,0,Checked-Out,4
BR04850,B08531,R01872,6050,0,Checked-Out,2
BR04851,B01859,R01879,6500,5,Checked-Out,4
BR04852,B03994,R01842,4100,5,Checked-Out,4
BR04853,B08913,R01885,5950,10,Checked-Out,4
BR04854,B03190,R01887,7900,0,Checked-Out,4
BR04855,B00892,R01867,8450,0,No-Show,
BR04856,B00892,R01873,8500,10,No-Show,
BR04857,B00892,R01874,8650,15,No-Show,
BR04858,B07265,R01839,12000,0,Checked-Out,5
BR04859,B07164,R01843,3700,5,Checked-Out,3
BR04860,B08138,R01867,7750,10,Checked-Out,4
BR04861,B08697,R01873,6550,0,Checked-Out,4
BR04862,B01158,R01874,7100,15,Checked-Out,4
BR04863,B03429,R01845,3350,0,No-Show,
BR04864,B08329,R01813,5550,20,Checked-Out,2
BR04865,B08939,R01815,5150,5,Checked-Out,5
BR04866,B08939,R01878,5500,30,Checked-Out,5
BR04867,B08939,R01845,3300,20,Checked-Out,4
BR04868,B08807,R01849,7050,0,Checked-Out,2
BR04869,B09528,R01817,6650,10,Checked-Out,4
BR04870,B03898,R01890,5050,0,Checked-Out,1
BR04871,B02206,R01851,3550,20,Checked-Out,5
BR04872,B01819,R01899,4600,0,Checked-Out,3
BR04873,B07011,R01854,3150,0,Checked-Out,4
BR04874,B04100,R01858,10700,5,Checked-Out,3
BR04875,B04100,R01864,8150,15,Checked-Out,3
BR04876,B08029,R01900,4300,0,Checked-Out,3
BR04877,B02455,R01868,10200,15,Checked-Out,4
BR04878,B06379,R01903,4900,10,Checked-Out,3
BR04879,B08151,R01908,5400,20,Checked-Out,4
BR04880,B05164,R01869,2750,0,Checked-Out,4
BR04881,B02526,R01875,3500,0,Checked-Out,5
BR04882,B04929,R01910,4400,10,Checked-Out,4
BR04883,B09450,R01876,3550,20,Checked-Out,5
BR04884,B09450,R01880,3100,5,Checked-Out,4
BR04885,B00789,R01844,6200,20,Checked-Out,4
BR04886,B00789,R01877,5750,20,Checked-Out,5
BR04887,B06609,R01881,3650,0,Checked-Out,4
BR04888,B01317,R01892,6550,0,Checked-Out,4
BR04889,B01510,R01871,7950,5,Checked-Out,5
BR04890,B03148,R01889,10450,0,Checked-Out,4
BR04891,B03780,R01882,2800,10,Cancelled,
BR04892,B06374,R01898,10850,25,Checked-Out,4
BR04893,B07517,R01731,4500,5,Checked-Out,4
BR04894,B05417,R01732,6100,5,Checked-Out,5
BR04895,B03495,R01736,5050,25,Checked-Out,4
BR04896,B03495,R01737,5700,10,Checked-Out,4
BR04897,B03495,R01740,5850,0,Checked-Out,4
BR04898,B06041,R01882,3000,0,Checked-Out,5
BR04899,B06041,R01883,3750,10,Checked-Out,5
BR04900,B06007,R01906,11100,10,Cancelled,
BR04901,B01036,R01743,4300,15,Checked-Out,4
BR04902,B01178,R01745,5000,0,Checked-Out,5
BR04903,B01178,R01884,4150,0,Checked-Out,4
BR04904,B08487,R01886,4450,25,Checked-Out,5
BR04905,B07985,R01757,5600,0,Checked-Out,5
BR04906,B07985,R01761,4950,15,Checked-Out,4
BR04907,B05057,R01891,4200,30,Checked-Out,3
BR04908,B03840,R01906,11000,15,Cancelled,
BR04909,B09997,R01893,3150,0,Checked-Out,4
BR04910,B09074,R01894,5300,10,Checked-Out,5
BR04911,B07405,R01888,7050,15,Checked-Out,5
BR04912,B09461,R01895,4250,0,Checked-Out,4
BR04913,B00055,R01764,7050,30,Checked-Out,5
BR04914,B01325,R01896,5650,20,Checked-Out,4
BR04915,B09352,R01765,7650,0,Checked-Out,4
BR04916,B05067,R01901,9450,5,Checked-Out,4
BR04917,B08957,R01897,4050,0,Checked-Out,1
BR04918,B00160,R01906,12700,5,Cancelled,
BR04919,B00160,R01733,11150,5,Cancelled,
BR04920,B00160,R01734,11000,0,Cancelled,
BR04921,B05615,R01906,15050,0,Checked-Out,5
BR04922,B02896,R01733,9950,10,Checked-Out,2
BR04923,B08379,R01768,6550,0,Checked-Out,5
BR04924,B05198,R01772,7750,5,Checked-Out,2
BR04925,B02681,R01773,6450,5,Checked-Out,5
BR04926,B07257,R01739,8900,10,Checked-Out,4
BR04927,B05623,R01749,8350,5,Checked-Out,5
BR04928,B08022,R01777,6200,15,Checked-Out,3
BR04929,B06436,R01741,9400,15,Checked-Out,5
BR04930,B09451,R01780,5750,5,Checked-Out,3
BR04931,B08152,R01746,9950,5,Checked-Out,3
BR04932,B08763,R01902,5500,15,Checked-Out,5
BR04933,B01681,R01734,11050,0,Checked-Out,4
BR04934,B01744,R01742,13450,15,Checked-Out,4
BR04935,B07644,R01781,5400,0,Cancelled,
BR04936,B00581,R01904,4700,10,Checked-Out,4
BR04937,B00196,R01905,3650,0,Checked-Out,4
BR04938,B02485,R01781,5450,0,Checked-Out,4
BR04939,B02485,R01788,8200,0,Checked-Out,4
BR04940,B04413,R01785,5900,5,Checked-Out,4
BR04941,B01193,R01789,5250,5,Checked-Out,5
BR04942,B02994,R01790,7750,15,Checked-Out,4
BR04943,B09911,R01791,7050,15,Checked-Out,3
BR04944,B08237,R01755,9400,10,Checked-Out,4
BR04945,B05165,R01795,7250,0,Checked-Out,4
BR04946,B09120,R01907,4550,0,Checked-Out,4
BR04947,B09605,R01747,8000,10,Checked-Out,4
BR04948,B03640,R01909,5300,25,Checked-Out,4
BR04949,B03640,R01735,4200,0,Checked-Out,5
BR04950,B06656,R01738,5450,10,Checked-Out,3
BR04951,B00935,R01766,7300,15,Checked-Out,4
BR04952,B08876,R01796,7450,0,Checked-Out,5
BR04953,B01033,R01799,6450,5,Checked-Out,4
BR04954,B01033,R01809,6100,10,Checked-Out,3
BR04955,B01033,R01816,7450,5,Checked-Out,4
BR04956,B07032,R01751,9100,15,Checked-Out,5
BR04957,B05560,R01812,5500,10,Checked-Out,2
BR04958,B05560,R01756,9650,0,Checked-Out,4
BR04959,B01726,R01762,9150,20,Checked-Out,4
BR04960,B05526,R01819,6750,5,Checked-Out,4
BR04961,B00612,R01776,15900,0,Checked-Out,5
BR04962,B03982,R01787,13600,10,Checked-Out,4
BR04963,B08023,R01767,6600,10,Checked-Out,5
BR04964,B08302,R01823,7700,10,Checked-Out,4
BR04965,B03643,R01744,5100,5,No-Show,
BR04966,B06986,R01826,6950,0,Checked-Out,3
BR04967,B06164,R01744,5550,5,Checked-Out,2
BR04968,B08223,R01829,6000,0,Checked-Out,3
BR04969,B08223,R01830,7250,0,Checked-Out,4
BR04970,B04733,R01770,10900,5,Checked-Out,3
BR04971,B04733,R01774,9800,10,Checked-Out,2
BR04972,B05693,R01834,5750,5,Checked-Out,4
BR04973,B05693,R01835,7700,0,Checked-Out,4
BR04974,B06868,R01798,9400,5,Checked-Out,5
BR04975,B06365,R01836,6700,5,Checked-Out,3
BR04976,B08406,R01748,4250,10,Checked-Out,4
BR04977,B04747,R01775,7600,15,Cancelled,
BR04978,B04747,R01779,9650,10,Cancelled,
BR04979,B09046,R01831,9400,0,Checked-Out,4
BR04980,B09046,R01837,6550,15,Checked-Out,5
BR04981,B09046,R01840,6350,30,Checked-Out,5
BR04982,B02352,R01750,3900,10,No-Show,
BR04983,B08310,R01792,11650,10,Checked-Out,4
BR04984,B08310,R01802,14800,15,Checked-Out,4
BR04985,B04991,R01750,4050,0,No-Show,
BR04986,B01626,R01750,3900,0,Checked-Out,3
BR04987,B04340,R01775,8750,10,Checked-Out,4
BR04988,B07808,R01779,7900,10,Cancelled,
BR04989,B07808,R01783,6750,10,Cancelled,
BR04990,B03180,R01846,7000,0,Checked-Out,4
BR04991,B03339,R01847,5800,0,Checked-Out,5
BR04992,B05527,R01848,5000,10,Checked-Out,3
BR04993,B07457,R01752,5700,5,Cancelled,
BR04994,B06127,R01752,6100,0,Checked-Out,4
BR04995,B06395,R01753,4700,0,Checked-Out,4
BR04996,B07832,R01803,12700,5,Checked-Out,4
BR04997,B03494,R01850,6150,5,Checked-Out,4
BR04998,B03783,R01754,4450,10,Checked-Out,5
BR04999,B03783,R01758,5150,0,Checked-Out,4
BR05000,B09376,R01804,13000,0,Checked-Out,5
BR05001,B09998,R01855,6500,5,Checked-Out,4
BR05002,B02294,R01759,3950,10,Checked-Out,5
BR05003,B04995,R01760,4000,10,Checked-Out,3
BR05004,B09599,R01852,5300,0,Checked-Out,4
BR05005,B02243,R01853,6150,15,Checked-Out,4
BR05006,B04469,R01806,13350,0,Checked-Out,3
BR05007,B01922,R01763,3500,0,Checked-Out,4
BR05008,B02185,R01769,4750,0,Checked-Out,5
BR05009,B02185,R01771,4200,10,Checked-Out,3
BR05010,B03340,R01856,7500,0,Checked-Out,4
BR05011,B03340,R01860,4400,0,Checked-Out,5
BR05012,B03340,R01865,6300,15,Checked-Out,5
BR05013,B06248,R01866,7000,15,Checked-Out,5
BR05014,B06248,R01870,6850,10,Checked-Out,3
BR05015,B06248,R01872,6000,0,Checked-Out,5
BR05016,B04936,R01779,8050,0,Checked-Out,4
BR05017,B05844,R01778,3900,5,Cancelled,
BR05018,B01813,R01879,7500,0,Checked-Out,4
BR05019,B08224,R01783,7050,5,No-Show,
BR05020,B02828,R01805,7400,10,Checked-Out,4
BR05021,B03962,R01783,6650,0,Checked-Out,3
BR05022,B09825,R01885,5750,0,Checked-Out,3
BR05023,B09825,R01887,6250,20,Checked-Out,4
BR05024,B07241,R01890,5900,15,Checked-Out,4
BR05025,B00400,R01899,5650,5,Checked-Out,1
BR05026,B02912,R01900,4900,10,Checked-Out,4
BR05027,B02912,R01903,5000,0,Checked-Out,4
BR05028,B05705,R01810,10450,10,Checked-Out,5
BR05029,B07844,R01784,6200,0,Checked-Out,3
BR05030,B00691,R01778,3700,0,Checked-Out,4
BR05031,B03246,R01828,10300,0,No-Show,
BR05032,B06743,R01820,8050,20,Checked-Out,3
BR05033,B04018,R01908,5950,15,Checked-Out,3
BR05034,B00397,R01910,5450,10,Checked-Out,4
BR05035,B01708,R01828,10550,0,Checked-Out,4
BR05036,B09510,R01731,4250,0,Checked-Out,5
BR05037,B05599,R01808,5900,5,Checked-Out,5
BR05038,B08270,R01732,5650,15,Checked-Out,4
BR05039,B07503,R01736,5750,10,No-Show,
BR05040,B03976,R01736,5800,10,Checked-Out,4
BR05041,B06580,R01782,4550,10,No-Show,
BR05042,B05307,R01737,5500,15,Checked-Out,2
BR05043,B03204,R01740,6800,5,Checked-Out,3
BR05044,B03204,R01813,6050,10,Checked-Out,4
BR05045,B05178,R01782,4750,15,Checked-Out,4
BR05046,B05178,R01786,5150,5,Checked-Out,5
BR05047,B08878,R01743,4250,0,Cancelled,
BR05048,B09757,R01743,4050,10,Checked-Out,4
BR05049,B03700,R01745,5300,10,Checked-Out,4
BR05050,B07841,R01757,6650,10,Checked-Out,3
BR05051,B07841,R01761,5350,5,Checked-Out,5
BR05052,B09600,R01793,3500,0,Checked-Out,4
BR05053,B09600,R01794,3700,0,Checked-Out,5
BR05054,B03580,R01832,6150,15,Checked-Out,3
BR05055,B03523,R01797,4700,5,Checked-Out,3
BR05056,B05561,R01800,3400,0,Checked-Out,3
BR05057,B09553,R01801,2900,25,Checked-Out,4
BR05058,B07513,R01839,11650,30,Checked-Out,5
BR05059,B08109,R01764,5600,0,Checked-Out,3
BR05060,B09150,R01857,6850,15,Cancelled,
BR05061,B06237,R01857,7800,0,Cancelled,
BR05062,B05201,R01815,5150,0,Checked-Out,4
BR05063,B07426,R01817,6700,10,Checked-Out,4
BR05064,B06480,R01807,4350,10,Checked-Out,3
BR05065,B04992,R01765,5050,0,Checked-Out,5
BR05066,B00064,R01768,4950,0,Checked-Out,4
BR05067,B05004,R01857,7850,20,Checked-Out,4
BR05068,B05004,R01772,5650,10,Checked-Out,4
BR05069,B06336,R01849,7800,15,Checked-Out,4
BR05070,B08855,R01811,4000,10,Cancelled,
BR05071,B06573,R01811,4300,20,Checked-Out,3
BR05072,B05666,R01814,3800,5,Checked-Out,4
BR05073,B08348,R01773,4800,5,No-Show,
BR05074,B02295,R01773,4150,10,Checked-Out,4
BR05075,B09426,R01818,3000,0,Checked-Out,4
BR05076,B09426,R01821,2750,0,Checked-Out,5
BR05077,B09426,R01822,4100,5,Checked-Out,5
BR05078,B05533,R01827,4700,10,Checked-Out,4
BR05079,B00968,R01777,4550,5,Checked-Out,1
BR05080,B05120,R01858,10300,5,Checked-Out,4
BR05081,B01627,R01833,4400,15,Checked-Out,4
BR05082,B01627,R01824,3800,0,Checked-Out,5
BR05083,B04121,R01859,6700,0,Checked-Out,5
BR05084,B04121,R01864,7900,0,Checked-Out,3
BR05085,B04392,R01780,4150,0,Checked-Out,3
BR05086,B04392,R01785,4050,5,Checked-Out,3
BR05087,B05728,R01825,3650,0,Checked-Out,4
BR05088,B08808,R01861,6350,0,No-Show,
BR05089,B01576,R01781,4100,5,Checked-Out,5
BR05090,B06599,R01844,6150,0,Checked-Out,4
BR05091,B05712,R01788,5750,0,Checked-Out,5
BR05092,B00678,R01789,4050,0,Checked-Out,4
BR05093,B09355,R01838,3200,10,Checked-Out,4
BR05094,B02962,R01791,5350,5,Cancelled,
BR05095,B07458,R01841,3750,10,Checked-Out,4
BR05096,B01246,R01842,3450,10,Checked-Out,3
BR05097,B06294,R01791,5400,10,Checked-Out,4
BR05098,B06294,R01790,5500,15,Checked-Out,4
BR05099,B06294,R01795,5650,0,Checked-Out,4
BR05100,B06294,R01796,4950,15,Checked-Out,4
BR05101,B03427,R01843,3500,0,Cancelled,
BR05102,B03216,R01843,3500,15,Checked-Out,4
BR05103,B00519,R01799,5400,0,No-Show,
BR05104,B02784,R01799,5900,25,Checked-Out,3
BR05105,B04102,R01845,3100,0,Checked-Out,5
BR05106,B08137,R01851,3450,5,Checked-Out,5
BR05107,B08137,R01854,3500,0,Checked-Out,5
BR05108,B05169,R01861,7550,0,Checked-Out,5
BR05109,B03987,R01875,3850,15,Checked-Out,3
BR05110,B08707,R01869,2750,0,Checked-Out,4
BR05111,B08707,R01876,3600,0,Checked-Out,3
BR05112,B09151,R01809,4600,10,Checked-Out,5
BR05113,B00971,R01862,6250,0,Checked-Out,4
BR05114,B00971,R01863,6900,20,Checked-Out,3
BR05115,B01897,R01880,2950,15,Checked-Out,5
BR05116,B06864,R01816,5200,0,Checked-Out,2
BR05117,B09797,R01812,4550,0,Checked-Out,4
BR05118,B04700,R01881,4250,10,Checked-Out,4
BR05119,B06539,R01819,4900,15,Checked-Out,4
BR05120,B00526,R01823,5900,10,Checked-Out,3
BR05121,B00930,R01826,5300,5,Checked-Out,4
BR05122,B00565,R01868,11800,15,Checked-Out,4
BR05123,B05864,R01829,4050,15,Checked-Out,4
BR05124,B04126,R01830,5000,25,Checked-Out,4
BR05125,B04126,R01871,7200,20,Checked-Out,3
BR05126,B04126,R01834,4500,0,Checked-Out,4
BR05127,B04702,R01835,6000,0,Checked-Out,5
BR05128,B04702,R01836,5350,0,Checked-Out,4
BR05129,B06630,R01831,5700,0,Checked-Out,3
BR05130,B02701,R01837,4600,10,Checked-Out,4
BR05131,B02963,R01882,2600,0,Checked-Out,3
BR05132,B02963,R01883,3300,15,Checked-Out,4
BR05133,B03349,R01884,3950,10,Checked-Out,4
BR05134,B08533,R01886,4450,10,Checked-Out,4
BR05135,B08836,R01877,5800,0,Checked-Out,4
BR05136,B01318,R01840,4150,0,Checked-Out,4
BR05137,B07438,R01891,4450,15,Cancelled,
BR05138,B07694,R01867,6850,10,Checked-Out,5
BR05139,B07694,R01891,4200,10,Checked-Out,4
BR05140,B02465,R01893,2850,5,Checked-Out,4
BR05141,B03576,R01847,4200,5,Checked-Out,2
BR05142,B04489,R01889,10150,15,Cancelled,
BR05143,B07028,R01848,4300,30,Checked-Out,3
BR05144,B02551,R01874,6300,10,Checked-Out,4
BR05145,B06295,R01873,6450,0,Checked-Out,5
BR05146,B01787,R01888,6950,0,Checked-Out,4
BR05147,B02679,R01846,4900,0,Checked-Out,4
BR05148,B05841,R01889,10350,5,Checked-Out,4
BR05149,B05841,R01898,9800,15,Checked-Out,5
BR05150,B05841,R01906,10400,20,Checked-Out,2
BR05151,B08486,R01895,3800,0,Checked-Out,3
BR05152,B08486,R01855,4600,0,Checked-Out,3
BR05153,B07355,R01894,3800,10,Cancelled,
BR05154,B07719,R01894,3750,5,Checked-Out,4
BR05155,B00407,R01749,7500,15,Checked-Out,5
BR05156,B04034,R01850,4900,10,Checked-Out,4
BR05157,B09651,R01852,4000,0,Checked-Out,3
BR05158,B04127,R01878,5550,10,Checked-Out,4
BR05159,B01017,R01912,6300,15,Checked-Out,5
BR05160,B02578,R01916,8450,25,Checked-Out,3
BR05161,B00705,R01911,3350,15,Checked-Out,4
BR05162,B04839,R01915,4350,10,Checked-Out,4
BR05163,B05423,R01917,3450,15,Cancelled,
BR05164,B07907,R01932,9800,0,Checked-Out,5
BR05165,B07907,R01940,12150,10,Checked-Out,5
BR05166,B03816,R01917,3400,5,Checked-Out,4
BR05167,B03816,R01913,7750,10,Checked-Out,4
BR05168,B07350,R01922,4600,20,Checked-Out,4
BR05169,B08308,R01945,11900,20,Checked-Out,4
BR05170,B08308,R01956,10100,15,Checked-Out,4
BR05171,B01092,R01914,5200,10,Cancelled,
BR05172,B04390,R01924,6500,5,Checked-Out,5
BR05173,B04390,R01927,7000,10,Checked-Out,5
BR05174,B05674,R01914,4700,15,Cancelled,
BR05175,B09500,R01925,4600,0,Cancelled,
BR05176,B04890,R01914,4750,20,Checked-Out,4
BR05177,B02782,R01925,3850,10,Checked-Out,5
BR05178,B02782,R01929,2750,0,Checked-Out,3
BR05179,B01672,R01964,8100,0,Checked-Out,4
BR05180,B02009,R01918,6000,0,Checked-Out,5
BR05181,B04696,R01919,6000,0,Checked-Out,4
BR05182,B04696,R01920,5700,5,Checked-Out,3
BR05183,B03746,R01930,3450,0,Checked-Out,4
BR05184,B03746,R01933,6950,5,Checked-Out,3
BR05185,B07167,R01983,8600,5,Checked-Out,4
BR05186,B08867,R01936,2650,15,Cancelled,
BR05187,B08483,R01935,6400,5,Checked-Out,4
BR05188,B08483,R01939,6000,5,Checked-Out,5
BR05189,B03750,R01942,5700,10,No-Show,
BR05190,B07785,R01936,2300,10,Cancelled,
BR05191,B07785,R01937,2300,5,Cancelled,
BR05192,B07562,R01921,4000,0,Checked-Out,5
BR05193,B07562,R01987,10800,5,Checked-Out,4
BR05194,B01701,R01988,7750,0,Checked-Out,4
BR05195,B01701,R01936,2700,5,Checked-Out,4
BR05196,B06772,R01923,5300,15,Checked-Out,2
BR05197,B06772,R01926,3800,10,Checked-Out,5
BR05198,B05375,R01941,5300,0,Checked-Out,5
BR05199,B06793,R01928,3800,10,Checked-Out,4
BR05200,B06793,R01931,5200,25,Checked-Out,4
BR05201,B04566,R01934,4350,5,Checked-Out,5
BR05202,B06432,R01944,3600,15,Checked-Out,4
BR05203,B06203,R01946,4450,10,Checked-Out,4
BR05204,B03747,R01943,5500,15,Checked-Out,1
BR05205,B04382,R01953,7000,10,Checked-Out,3
BR05206,B02950,R01955,5500,5,Checked-Out,4
BR05207,B02950,R01968,3950,0,Checked-Out,3
BR05208,B02950,R02005,8600,10,Checked-Out,5
BR05209,B02950,R02006,7450,5,Checked-Out,4
BR05210,B00768,R01971,4300,10,Checked-Out,3
BR05211,B03446,R01937,2550,0,Checked-Out,4
BR05212,B02411,R01938,3300,5,Checked-Out,4
BR05213,B02411,R01974,3650,0,Checked-Out,3
BR05214,B08687,R01977,4650,10,Checked-Out,4
BR05215,B00655,R02011,12800,10,Checked-Out,5
BR05216,B02117,R01979,5650,10,Cancelled,
BR05217,B08248,R02027,12800,5,Checked-Out,3
BR05218,B02665,R01979,5600,10,Checked-Out,4
BR05219,B02665,R01959,9950,5,Checked-Out,4
BR05220,B08231,R01948,4100,10,Cancelled,
BR05221,B03206,R02037,10800,15,Cancelled,
BR05222,B04359,R01980,6600,0,Cancelled,
BR05223,B02870,R01967,9500,15,Checked-Out,4
BR05224,B02870,R01978,8650,0,Checked-Out,4
BR05225,B02251,R02037,10650,0,Checked-Out,4
BR05226,B02251,R02043,10000,5,Checked-Out,4
BR05227,B07409,R01948,4250,5,Checked-Out,5
BR05228,B09255,R01949,5300,20,Checked-Out,3
BR05229,B01128,R01950,3750,15,Checked-Out,5
BR05230,B04057,R01942,6900,10,Checked-Out,4
BR05231,B06072,R01952,4400,5,Checked-Out,4
BR05232,B06072,R01954,5400,0,Checked-Out,4
BR05233,B03916,R01957,3550,0,Checked-Out,5
BR05234,B03916,R01958,4900,30,Checked-Out,4
BR05235,B04237,R01980,6450,15,Checked-Out,5
BR05236,B01555,R01985,7600,0,Checked-Out,4
BR05237,B06193,R01981,6050,10,Checked-Out,4
BR05238,B01328,R01982,5700,20,Checked-Out,5
BR05239,B07901,R02069,10800,0,Checked-Out,3
BR05240,B06595,R01960,3950,0,Checked-Out,2
BR05241,B09061,R01984,5200,0,Checked-Out,4
BR05242,B09061,R01986,5100,0,Checked-Out,4
BR05243,B03691,R02003,8300,0,Checked-Out,4
BR05244,B02723,R02013,7000,10,Checked-Out,4
BR05245,B02581,R01947,8100,0,Checked-Out,3
BR05246,B04069,R02021,8950,0,Cancelled,
BR05247,B01703,R01994,5250,0,Cancelled,
BR05248,B01703,R01995,5100,15,Cancelled,
BR05249,B00313,R01961,5050,5,Checked-Out,2
BR05250,B00313,R01962,4650,0,Checked-Out,4
BR05251,B08541,R01965,5000,10,Checked-Out,5
BR05252,B05537,R01969,3200,0,Checked-Out,4
BR05253,B05537,R01970,5550,0,Checked-Out,4
BR05254,B02273,R01916,8400,20,Checked-Out,4
BR05255,B03698,R01932,8900,20,Checked-Out,3
BR05256,B06847,R01972,3400,0,Checked-Out,4
BR05257,B04723,R01994,5250,0,Checked-Out,5
BR05258,B01827,R01951,6750,5,Checked-Out,5
BR05259,B06885,R01963,7200,0,Checked-Out,3
BR05260,B07587,R01940,12900,15,Checked-Out,5
BR05261,B04337,R01995,5100,10,Checked-Out,4
BR05262,B01894,R01973,3200,0,Checked-Out,3
BR05263,B05276,R02021,8450,15,Checked-Out,4
BR05264,B03350,R01998,5750,5,Checked-Out,4
BR05265,B06026,R01999,5850,5,Checked-Out,3
BR05266,B06026,R01990,4250,0,Checked-Out,4
BR05267,B06122,R02026,8700,15,Checked-Out,4
BR05268,B00602,R02000,5850,0,Checked-Out,5
BR05269,B04595,R01945,11500,5,Cancelled,
BR05270,B08734,R01945,11750,10,Checked-Out,4
BR05271,B09275,R02031,7100,20,Cancelled,
BR05272,B01913,R01956,9200,0,Checked-Out,4
BR05273,B08319,R02004,4650,5,Cancelled,
BR05274,B08319,R02007,6250,5,Cancelled,
BR05275,B04486,R02004,4650,0,Checked-Out,4
BR05276,B05424,R01991,2850,20,Checked-Out,4
BR05277,B05737,R01992,4350,10,Cancelled,
BR05278,B04215,R01966,6500,10,Checked-Out,5
BR05279,B04265,R02007,6400,20,Cancelled,
BR05280,B04863,R01992,4400,10,Checked-Out,4
BR05281,B03694,R02007,5350,10,Checked-Out,4
BR05282,B05225,R01964,8300,0,Checked-Out,5
BR05283,B04116,R01993,2450,10,Checked-Out,3
BR05284,B06723,R01983,6900,25,Checked-Out,5
BR05285,B06723,R01988,8200,10,Checked-Out,3
BR05286,B02497,R02010,5000,0,Checked-Out,4
BR05287,B09920,R02031,5850,25,Checked-Out,3
BR05288,B09920,R02035,7700,20,Checked-Out,5
BR05289,B07061,R02012,6050,0,Checked-Out,4
BR05290,B06755,R01996,3200,15,Checked-Out,4
BR05291,B08410,R01997,4000,0,Checked-Out,5
BR05292,B03165,R02015,5150,15,No-Show,
BR05293,B09582,R02015,5150,10,Checked-Out,2
BR05294,B01384,R02001,3950,0,Checked-Out,3
BR05295,B04967,R02038,7250,10,Checked-Out,3
BR05296,B04967,R02056,7350,10,Checked-Out,4
BR05297,B01842,R02016,4400,15,Checked-Out,4
BR05298,B09921,R02018,4750,0,Checked-Out,3
BR05299,B03324,R02002,3000,10,Checked-Out,4
BR05300,B07873,R02022,4400,0,Checked-Out,5
BR05301,B07873,R02024,5000,5,Checked-Out,5
BR05302,B05875,R02025,3450,5,Checked-Out,4
BR05303,B05875,R02028,4250,0,Checked-Out,3
BR05304,B06317,R01987,10550,10,Checked-Out,3
BR05305,B06317,R02005,8050,10,Checked-Out,4
BR05306,B06039,R01975,5750,5,Checked-Out,4
BR05307,B03061,R02030,4750,5,Checked-Out,4
BR05308,B06181,R02006,7250,5,Checked-Out,4
BR05309,B06023,R02008,2650,15,Checked-Out,5
BR05310,B00245,R02060,6500,10,Checked-Out,5
BR05311,B02392,R01912,5250,10,Checked-Out,5
BR05312,B03701,R02009,3900,20,Checked-Out,4
BR05313,B09163,R02011,8750,5,Checked-Out,5
BR05314,B07315,R02027,9200,15,Checked-Out,5
BR05315,B04501,R02017,2900,10,Checked-Out,4
BR05316,B04501,R02019,2300,0,Checked-Out,5
BR05317,B04501,R02033,4900,5,Checked-Out,5
BR05318,B07546,R02037,8400,10,Cancelled,
BR05319,B09257,R02034,4650,15,Checked-Out,5
BR05320,B01093,R02036,5500,15,Checked-Out,3
BR05321,B05362,R02041,5150,0,Cancelled,
BR05322,B01040,R01913,6050,15,Checked-Out,5
BR05323,B00132,R02020,3450,0,Checked-Out,4
BR05324,B07671,R02037,7800,10,Checked-Out,4
BR05325,B00836,R02041,4800,0,Checked-Out,4
BR05326,B03827,R02042,5500,20,Checked-Out,4
BR05327,B03827,R02044,4050,15,Checked-Out,3
BR05328,B03827,R02046,5400,0,Checked-Out,4
BR05329,B00947,R02023,3250,15,Checked-Out,4
BR05330,B06318,R02043,9900,0,Checked-Out,4
BR05331,B00233,R01924,7550,5,Checked-Out,5
BR05332,B08733,R02069,10700,0,Checked-Out,5
BR05333,B03050,R01916,7750,0,Checked-Out,4
BR05334,B03050,R01932,9550,0,Checked-Out,5
BR05335,B06985,R02029,4200,10,Checked-Out,4
BR05336,B06985,R02039,3050,0,Checked-Out,5
BR05337,B01309,R02047,5650,10,Checked-Out,4
BR05338,B02773,R02040,3350,25,Checked-Out,4
BR05339,B04816,R02045,5200,0,No-Show,
BR05340,B05559,R02045,5650,20,Checked-Out,2
BR05341,B05559,R02048,5650,0,Checked-Out,4
BR05342,B07823,R02049,3900,10,Checked-Out,4
BR05343,B06809,R02053,3400,0,Checked-Out,3
BR05344,B05554,R02057,4650,0,Checked-Out,4
BR05345,B06042,R02050,6350,5,Checked-Out,5
BR05346,B06042,R02051,6750,0,Checked-Out,4
BR05347,B01294,R02067,3400,0,Checked-Out,3
BR05348,B09263,R01940,12650,5,No-Show,
BR05349,B05748,R01940,12600,0,Checked-Out,5
BR05350,B05838,R01927,8600,15,Checked-Out,3
BR05351,B08037,R02052,5450,0,Checked-Out,5
BR05352,B04947,R01911,3200,0,Checked-Out,5
BR05353,B05435,R02054,5950,10,No-Show,
BR05354,B02007,R02054,6650,5,Cancelled,
BR05355,B07856,R01915,4000,15,Checked-Out,5
BR05356,B07672,R01917,3950,15,Checked-Out,4
BR05357,B07277,R01933,8150,0,Cancelled,
BR05358,B07277,R01976,6100,0,Cancelled,
BR05359,B01488,R01922,4750,0,Checked-Out,4
BR05360,B01488,R02054,6300,5,Checked-Out,3
BR05361,B03480,R01925,4200,0,Checked-Out,4
BR05362,B03480,R01929,3200,5,Checked-Out,2
BR05363,B00802,R01930,4050,0,Checked-Out,5
BR05364,B03831,R01933,8500,10,Cancelled,
BR05365,B03329,R01936,3200,15,Checked-Out,5
BR05366,B07600,R02055,6300,25,Checked-Out,5
BR05367,B03949,R01945,10700,5,Checked-Out,1
BR05368,B05034,R01976,5800,5,Checked-Out,4
BR05369,B04697,R02058,6550,0,Cancelled,
BR05370,B07957,R02058,6750,5,Checked-Out,5
BR05371,B02014,R01933,7350,0,Checked-Out,3
BR05372,B02014,R02061,4300,10,Checked-Out,5
BR05373,B08438,R01956,9450,15,Checked-Out,4
BR05374,B08666,R02062,6350,0,Cancelled,
BR05375,B00651,R01937,3100,10,Checked-Out,5
BR05376,B09948,R01964,9100,5,Checked-Out,3
BR05377,B00925,R02062,6950,10,Checked-Out,4
BR05378,B00925,R02063,6100,5,Checked-Out,4
BR05379,B08497,R02064,6750,30,Cancelled,
BR05380,B03705,R01938,3900,15,Checked-Out,2
BR05381,B07837,R02064,6700,0,Checked-Out,4
BR05382,B08188,R02065,5800,0,Checked-Out,4
BR05383,B08188,R01948,4150,10,Checked-Out,4
BR05384,B03357,R01935,8050,5,Cancelled,
BR05385,B05436,R01949,5400,10,Checked-Out,4
BR05386,B04470,R01935,8150,5,Checked-Out,5
BR05387,B02236,R01950,3850,10,Cancelled,
BR05388,B02236,R01939,8150,15,Cancelled,
BR05389,B02236,R01983,8750,5,Cancelled,
BR05390,B01249,R01950,3650,15,Checked-Out,4
BR05391,B04251,R01989,6600,20,No-Show,
BR05392,B05680,R02066,6300,0,Checked-Out,4
BR05393,B05680,R02068,5600,0,Checked-Out,4
BR05394,B06489,R01983,9550,0,Checked-Out,1
BR05395,B06489,R01989,7100,5,Checked-Out,4
BR05396,B08479,R02070,6600,0,Checked-Out,3
BR05397,B08155,R01952,4400,0,Checked-Out,3
BR05398,B03613,R01939,7850,10,Checked-Out,4
BR05399,B03613,R01941,8000,0,Checked-Out,4
BR05400,B06728,R01914,4650,5,Checked-Out,5
BR05401,B00624,R01943,7750,0,Checked-Out,5
BR05402,B01184,R01954,4800,5,Checked-Out,4
BR05403,B01184,R01957,3550,0,Checked-Out,4
BR05404,B05101,R01958,5050,15,Checked-Out,4
BR05405,B05101,R01918,5900,10,Checked-Out,3
BR05406,B05101,R01960,3750,5,Checked-Out,4
BR05407,B03477,R01919,6300,5,Checked-Out,4
BR05408,B03477,R01988,9800,10,Checked-Out,4
BR05409,B08068,R01961,4600,0,Checked-Out,3
BR05410,B09158,R01920,4900,0,Cancelled,
BR05411,B08364,R01962,3900,15,Checked-Out,4
BR05412,B08364,R01965,4100,5,Checked-Out,4
BR05413,B08364,R01969,3000,20,Checked-Out,5
BR05414,B08850,R01987,12400,0,Checked-Out,4
BR05415,B01333,R02014,7600,20,Cancelled,
BR05416,B03835,R01953,10250,0,Cancelled,
BR05417,B05420,R01920,5350,5,No-Show,
BR05418,B02017,R01970,4900,5,Checked-Out,5
BR05419,B02576,R01972,3300,5,Checked-Out,4
BR05420,B06578,R01920,5850,0,Checked-Out,4
BR05421,B06578,R01923,6650,10,Checked-Out,4
BR05422,B06773,R01953,9250,10,Cancelled,
BR05423,B06773,R01959,9750,0,Cancelled,
BR05424,B04434,R01953,8850,20,Checked-Out,5
BR05425,B04434,R01926,5550,0,Checked-Out,4
BR05426,B01168,R01921,5050,5,Checked-Out,5
BR05427,B04308,R01973,2950,0,Checked-Out,2
BR05428,B09469,R02005,8600,20,Checked-Out,4
BR05429,B06114,R01990,4000,5,Checked-Out,5
BR05430,B05074,R01928,4050,10,Checked-Out,5
BR05431,B05348,R01991,2750,10,Checked-Out,3
BR05432,B01098,R02006,7750,0,Checked-Out,4
BR05433,B09159,R01931,5450,0,Checked-Out,4
BR05434,B01645,R01934,5950,15,Checked-Out,4
BR05435,B01645,R01944,3950,10,Checked-Out,5
BR05436,B01645,R01946,4800,5,Checked-Out,5
BR05437,B01645,R01971,5100,10,Checked-Out,4
BR05438,B08629,R01955,6500,5,Checked-Out,5
BR05439,B02909,R01968,4000,5,Checked-Out,3
BR05440,B08120,R02011,10350,10,Checked-Out,4
BR05441,B08120,R02027,10550,0,Checked-Out,4
BR05442,B09145,R02037,9400,15,Checked-Out,2
BR05443,B07965,R01959,8200,20,Checked-Out,5
BR05444,B07149,R01974,4050,0,Checked-Out,4
BR05445,B07149,R01977,4600,0,Checked-Out,4
BR05446,B02825,R01979,5500,20,Checked-Out,3
BR05447,B02564,R02043,7650,15,Checked-Out,3
BR05448,B02564,R01916,7300,5,Checked-Out,3
BR05449,B05166,R01932,8300,30,Checked-Out,4
BR05450,B00154,R01992,3850,0,Cancelled,
BR05451,B08540,R01980,5950,0,Checked-Out,5
BR05452,B06744,R01992,4350,0,Checked-Out,3
BR05453,B01404,R01993,2700,10,Checked-Out,3
BR05454,B07372,R01967,7750,0,Checked-Out,5
BR05455,B07372,R01978,6850,0,Checked-Out,5
BR05456,B06709,R01981,4550,5,Cancelled,
BR05457,B06709,R01985,5700,0,Cancelled,
BR05458,B06709,R01996,3550,0,Cancelled,
BR05459,B04302,R01981,4750,10,Checked-Out,4
BR05460,B07139,R01985,5900,5,Cancelled,
BR05461,B07219,R01996,3150,20,Checked-Out,5
BR05462,B01254,R01982,4400,0,Checked-Out,5
BR05463,B05818,R01997,3800,10,Checked-Out,4
BR05464,B05782,R01984,3800,5,Checked-Out,4
BR05465,B01512,R01986,3600,25,Cancelled,
BR05466,B01512,R01994,4250,15,Cancelled,
BR05467,B04631,R01986,4000,0,Checked-Out,5
BR05468,B04631,R01994,4250,5,Checked-Out,5
BR05469,B04399,R01985,5250,0,No-Show,
BR05470,B06774,R01995,4150,5,Cancelled,
BR05471,B06774,R01999,4900,10,Cancelled,
BR05472,B07642,R01985,4950,10,Checked-Out,5
BR05473,B05324,R02003,6250,5,Cancelled,
BR05474,B05324,R01995,3750,15,Cancelled,
BR05475,B02826,R02001,3000,0,Checked-Out,5
BR05476,B02327,R02003,5700,0,Checked-Out,3
BR05477,B02327,R02002,3100,10,Checked-Out,4
BR05478,B00463,R02013,5200,10,Checked-Out,5
BR05479,B01573,R01995,3750,0,Checked-Out,3
BR05480,B04432,R02021,6650,10,Checked-Out,4
BR05481,B00785,R02069,7550,5,Checked-Out,2
BR05482,B00785,R01940,9400,5,Checked-Out,5
BR05483,B04559,R01999,4100,20,No-Show,
BR05484,B04559,R01998,4350,0,No-Show,
BR05485,B01185,R02008,2550,30,Checked-Out,4
BR05486,B00046,R02009,3350,5,Cancelled,
BR05487,B05999,R02014,6150,5,Checked-Out,4
BR05488,B02168,R01945,9750,10,Checked-Out,4
BR05489,B03018,R01999,3850,0,Checked-Out,4
BR05490,B03559,R01956,6800,0,Checked-Out,4
BR05491,B07203,R01964,7200,15,Checked-Out,5
BR05492,B02328,R02032,5300,0,Cancelled,
BR05493,B07959,R02026,6550,15,Checked-Out,4
BR05494,B07959,R01998,4550,5,Checked-Out,4
BR05495,B06477,R02009,3850,0,Checked-Out,5
BR05496,B06477,R02017,2850,30,Checked-Out,5
BR05497,B05314,R02000,5100,25,No-Show,
BR05498,B05314,R02004,3700,5,No-Show,
BR05499,B01911,R02019,2300,30,Checked-Out,4
BR05500,B01911,R02020,2900,0,Checked-Out,5
BR05501,B02153,R02023,2500,15,Checked-Out,1
BR05502,B03423,R02000,4750,30,Checked-Out,2
BR05503,B00323,R02032,4850,10,Checked-Out,5
BR05504,B06320,R02031,6000,10,Checked-Out,5
BR05505,B02878,R02035,6500,5,Checked-Out,5
BR05506,B04584,R02029,3300,25,Checked-Out,5
BR05507,B07089,R01983,7250,10,Checked-Out,4
BR05508,B00588,R02004,3600,0,Cancelled,
BR05509,B02271,R02038,5700,15,Checked-Out,5
BR05510,B06292,R02004,3500,0,Checked-Out,5
BR05511,B06895,R01988,7350,5,Checked-Out,2
BR05512,B00939,R02039,2250,5,Checked-Out,4
BR05513,B00939,R02040,2450,5,Checked-Out,4
BR05514,B01963,R02045,4150,0,Checked-Out,4
BR05515,B03854,R02007,4900,0,Checked-Out,4
BR05516,B08569,R02010,4950,10,Checked-Out,3
BR05517,B07855,R02048,3600,0,Cancelled,
BR05518,B07855,R02049,2900,0,Cancelled,
BR05519,B07855,R02053,2650,10,Cancelled,
BR05520,B07855,R02057,3150,5,Cancelled,
BR05521,B07166,R02056,6600,0,Checked-Out,3
BR05522,B00563,R02012,5200,5,Checked-Out,4
BR05523,B02463,R02015,4950,10,Checked-Out,3
BR05524,B02463,R02016,4400,0,Checked-Out,5
BR05525,B08686,R01987,10050,15,Checked-Out,4
BR05526,B00047,R02005,6450,0,Cancelled,
BR05527,B01504,R02048,3600,30,Checked-Out,4
BR05528,B04299,R02018,4700,0,Checked-Out,5
BR05529,B06449,R02060,7850,0,Checked-Out,3
BR05530,B06160,R02022,3650,10,Checked-Out,4
BR05531,B07972,R02071,5900,10,Cancelled,
BR05532,B08472,R02076,12650,10,Checked-Out,5
BR05533,B01061,R02080,5100,10,Checked-Out,5
BR05534,B01061,R02081,5300,5,Checked-Out,2
BR05535,B03031,R02071,6000,5,Checked-Out,5
BR05536,B09083,R02083,10700,10,Cancelled,
BR05537,B09083,R02093,13850,0,Cancelled,
BR05538,B05600,R02085,4050,0,Checked-Out,4
BR05539,B01082,R02072,8300,0,Checked-Out,4
BR05540,B01082,R02086,4050,0,Checked-Out,4
BR05541,B01082,R02074,7650,20,Checked-Out,5
BR05542,B01082,R02075,8100,0,Checked-Out,3
BR05543,B07018,R02090,8100,5,Checked-Out,4
BR05544,B01210,R02087,4550,0,Checked-Out,3
BR05545,B06450,R02083,9100,5,Cancelled,
BR05546,B04454,R02077,7900,10,Checked-Out,4
BR05547,B05122,R02078,5450,10,Checked-Out,5
BR05548,B00828,R02088,3750,0,Checked-Out,5
BR05549,B04442,R02092,4300,0,Checked-Out,4
BR05550,B01414,R02079,6650,5,Checked-Out,3
BR05551,B08177,R02102,9950,5,Checked-Out,4
BR05552,B07247,R02115,8850,10,Checked-Out,4
BR05553,B00270,R02082,6300,10,Cancelled,
BR05554,B08841,R02122,9600,20,Checked-Out,4
BR05555,B09947,R02131,7100,10,Checked-Out,4
BR05556,B00204,R02082,6400,0,Cancelled,
BR05557,B08216,R02096,5300,5,Checked-Out,4
BR05558,B04645,R02082,5600,0,Checked-Out,5
BR05559,B04004,R02084,5500,0,Checked-Out,2
BR05560,B01398,R02089,5200,5,Checked-Out,4
BR05561,B08624,R02135,8700,5,Checked-Out,4
BR05562,B09487,R02091,6050,10,Checked-Out,3
BR05563,B09487,R02083,9300,30,Checked-Out,5
BR05564,B01643,R02097,3550,0,Checked-Out,5
BR05565,B01643,R02101,3850,15,Checked-Out,5
BR05566,B00417,R02143,8850,0,Checked-Out,2
BR05567,B00417,R02144,8650,0,Checked-Out,5
BR05568,B06046,R02093,10300,5,Checked-Out,4
BR05569,B03356,R02147,6600,0,Checked-Out,3
BR05570,B04210,R02105,4550,0,Checked-Out,2
BR05571,B07435,R02106,12550,0,Checked-Out,4
BR05572,B07435,R02113,10450,0,Checked-Out,4
BR05573,B05662,R02094,5800,10,Checked-Out,5
BR05574,B05662,R02095,5450,5,Checked-Out,4
BR05575,B08520,R02119,9450,0,Checked-Out,4
BR05576,B08520,R02112,3200,15,Checked-Out,3
BR05577,B08520,R02098,5250,10,Checked-Out,5
BR05578,B03063,R02100,6150,5,Checked-Out,1
BR05579,B03063,R02104,6350,0,Checked-Out,4
BR05580,B09058,R02120,4050,0,Checked-Out,3
BR05581,B01797,R02107,5400,10,Checked-Out,5
BR05582,B01797,R02108,5650,0,Checked-Out,4
BR05583,B01797,R02109,5300,0,Checked-Out,5
BR05584,B07634,R02157,4800,0,Checked-Out,2
BR05585,B07634,R02162,6300,0,Checked-Out,4
BR05586,B09139,R02110,5650,10,Checked-Out,4
BR05587,B04774,R02136,3500,15,Checked-Out,4
BR05588,B04774,R02142,4200,5,Checked-Out,4
BR05589,B02340,R02127,9100,10,Checked-Out,4
BR05590,B02179,R02170,5700,10,Checked-Out,3
BR05591,B09931,R02148,3600,10,Cancelled,
BR05592,B09931,R02152,3050,20,Cancelled,
BR05593,B01618,R02173,6800,15,Checked-Out,4
BR05594,B01618,R02129,8050,0,Checked-Out,4
BR05595,B01618,R02111,6150,10,Checked-Out,4
BR05596,B03884,R02073,7200,5,Checked-Out,1
BR05597,B03884,R02099,5850,15,Checked-Out,5
BR05598,B06126,R02148,3600,5,Checked-Out,4
BR05599,B01549,R02103,6300,15,Checked-Out,5
BR05600,B03601,R02124,4950,15,Checked-Out,4
BR05601,B06396,R02130,12100,0,Checked-Out,3
BR05602,B08894,R02114,6600,5,Checked-Out,5
BR05603,B08894,R02116,6250,25,Checked-Out,5
BR05604,B08894,R02117,5250,20,Checked-Out,4
BR05605,B08894,R02118,5000,0,Checked-Out,5
BR05606,B00816,R02152,3250,5,Cancelled,
BR05607,B04917,R02138,10750,10,Checked-Out,5
BR05608,B03089,R02155,8800,15,Checked-Out,4
BR05609,B06173,R02121,8150,5,No-Show,
BR05610,B09402,R02152,4150,0,Checked-Out,4
BR05611,B06433,R02153,5100,5,Checked-Out,4
BR05612,B08280,R02154,4500,5,Checked-Out,3
BR05613,B00206,R02159,4800,15,Checked-Out,5
BR05614,B00206,R02165,6500,30,Checked-Out,1
BR05615,B00206,R02166,4850,25,Checked-Out,3
BR05616,B08250,R02176,4950,0,Checked-Out,4
BR05617,B00311,R02121,8350,0,No-Show,
BR05618,B02641,R02181,4100,15,No-Show,
BR05619,B02641,R02190,4450,10,No-Show,
BR05620,B06435,R02121,8100,15,Checked-Out,3
BR05621,B01808,R02123,7900,15,Checked-Out,3
BR05622,B03027,R02125,8200,5,Checked-Out,5
BR05623,B05413,R02126,7150,5,Checked-Out,3
BR05624,B02263,R02128,6600,5,Checked-Out,4
BR05625,B03669,R02174,9150,5,Checked-Out,4
BR05626,B03927,R02141,14750,5,Checked-Out,5
BR05627,B03927,R02149,15200,20,Checked-Out,4
BR05628,B07511,R02178,9450,5,Checked-Out,4
BR05629,B02016,R02181,4350,10,Checked-Out,5
BR05630,B04213,R02182,10000,20,Checked-Out,5
BR05631,B06195,R02190,5150,0,Checked-Out,4
BR05632,B06195,R02198,5750,25,Checked-Out,5
BR05633,B03956,R02183,8500,10,Checked-Out,4
BR05634,B03956,R02132,6700,15,Checked-Out,3
BR05635,B09472,R02133,6200,0,Checked-Out,4
BR05636,B01083,R02134,6650,15,Cancelled,
BR05637,B09776,R02134,6750,0,Checked-Out,2
BR05638,B02653,R02199,4550,20,Checked-Out,4
BR05639,B08632,R02137,5950,0,Checked-Out,5
BR05640,B02061,R02139,8700,0,Checked-Out,5
BR05641,B05144,R02185,10250,20,Checked-Out,3
BR05642,B03591,R02140,7600,0,Checked-Out,4
BR05643,B03602,R02211,5500,30,Checked-Out,5
BR05644,B05028,R02192,7350,10,Checked-Out,4
BR05645,B09154,R02145,7350,0,Checked-Out,3
BR05646,B02432,R02215,5150,15,Checked-Out,3
BR05647,B02432,R02146,8300,5,Checked-Out,4
BR05648,B05935,R02080,5250,10,Checked-Out,3
BR05649,B03596,R02195,9950,5,Checked-Out,4
BR05650,B00424,R02150,6150,20,Checked-Out,3
BR05651,B09166,R02151,8000,15,Checked-Out,4
BR05652,B03199,R02160,9250,0,Checked-Out,4
BR05653,B06844,R02196,10050,15,Checked-Out,5
BR05654,B02823,R02081,5550,0,Checked-Out,3
BR05655,B01079,R02167,10900,5,Checked-Out,3
BR05656,B05461,R02168,11600,0,Checked-Out,4
BR05657,B05461,R02169,11400,5,Checked-Out,2
BR05658,B09750,R02085,4000,30,Checked-Out,4
BR05659,B05894,R02086,3750,10,Cancelled,
BR05660,B05894,R02156,6850,10,Cancelled,
BR05661,B08268,R02156,6000,10,Checked-Out,2
BR05662,B04464,R02158,8050,15,Checked-Out,4
BR05663,B03363,R02086,3550,20,Checked-Out,4
BR05664,B01383,R02172,7000,5,Checked-Out,4
BR05665,B06345,R02161,6350,5,Cancelled,
BR05666,B07992,R02087,4550,0,Checked-Out,5
BR05667,B07992,R02088,3800,20,Checked-Out,4
BR05668,B07026,R02161,5600,0,Checked-Out,4
BR05669,B08236,R02092,4200,15,Cancelled,
BR05670,B08236,R02096,5450,10,Cancelled,
BR05671,B08888,R02092,4150,10,Checked-Out,5
BR05672,B08888,R02096,5250,10,Checked-Out,5
BR05673,B08888,R02097,3450,5,Checked-Out,4
BR05674,B07041,R02163,5850,5,Checked-Out,4
BR05675,B01347,R02197,9450,10,Checked-Out,5
BR05676,B01347,R02203,9900,0,Checked-Out,5
BR05677,B05495,R02101,3150,0,Checked-Out,5
BR05678,B05689,R02177,14200,0,Checked-Out,5
BR05679,B05309,R02184,8000,0,Checked-Out,4
BR05680,B04276,R02204,6750,5,Checked-Out,5
BR05681,B04276,R02210,8400,20,Checked-Out,4
BR05682,B04596,R02187,5600,10,Checked-Out,4
BR05683,B08798,R02164,5900,5,Checked-Out,4
BR05684,B00831,R02189,12950,5,Checked-Out,4
BR05685,B07820,R02105,4850,5,Cancelled,
BR05686,B07820,R02112,3800,10,Cancelled,
BR05687,B04041,R02205,7700,10,Checked-Out,5
BR05688,B05447,R02193,8300,30,Checked-Out,5
BR05689,B02366,R02090,6750,0,Checked-Out,4
BR05690,B02366,R02200,9300,0,Checked-Out,5
BR05691,B08464,R02105,4950,15,Checked-Out,4
BR05692,B06546,R02206,12300,15,Cancelled,
BR05693,B01941,R02171,6000,0,Checked-Out,4
BR05694,B02253,R02112,3400,15,Cancelled,
BR05695,B02678,R02102,8550,0,Checked-Out,4
BR05696,B03782,R02115,7950,20,Checked-Out,4
BR05697,B05726,R02122,6900,5,Checked-Out,4
BR05698,B05939,R02112,3300,5,Checked-Out,5
BR05699,B01619,R02175,4900,5,Checked-Out,3
BR05700,B01619,R02179,6150,20,Checked-Out,5
BR05701,B00677,R02180,5950,20,Checked-Out,5
BR05702,B06274,R02214,5600,10,Checked-Out,4
BR05703,B05496,R02186,3750,25,Checked-Out,4
BR05704,B00474,R02131,5950,0,Checked-Out,3
BR05705,B03337,R02073,7200,5,Checked-Out,5
BR05706,B01689,R02206,10900,0,Checked-Out,3
BR05707,B05575,R02216,9500,0,Checked-Out,4
BR05708,B05575,R02219,8050,15,Checked-Out,5
BR05709,B00271,R02188,4700,5,Checked-Out,5
BR05710,B08976,R02120,4300,10,Checked-Out,5
BR05711,B08135,R02136,3550,10,No-Show,
BR05712,B08135,R02142,4000,0,No-Show,
BR05713,B09752,R02136,3650,0,Checked-Out,5
BR05714,B00962,R02142,3850,10,Checked-Out,4
BR05715,B00024,R02148,3700,10,Checked-Out,3
BR05716,B03191,R02099,5950,30,Checked-Out,5
BR05717,B06910,R02152,3000,10,Cancelled,
BR05718,B05130,R02076,9550,0,Cancelled,
BR05719,B05130,R02083,8000,30,Cancelled,
BR05720,B05936,R02076,10100,25,Checked-Out,4
BR05721,B05936,R02083,7950,15,Checked-Out,4
BR05722,B08977,R02135,7650,0,Checked-Out,3
BR05723,B08977,R02143,7800,15,Checked-Out,4
BR05724,B07833,R02191,6100,5,Checked-Out,5
BR05725,B08110,R02194,8050,5,Cancelled,
BR05726,B00838,R02124,6450,10,Checked-Out,4
BR05727,B07326,R02093,12850,15,Checked-Out,5
BR05728,B07817,R02194,7900,30,Cancelled,
BR05729,B03254,R02103,6950,0,Checked-Out,4
BR05730,B03737,R02144,9850,0,Checked-Out,4
BR05731,B01475,R02152,4250,15,Cancelled,
BR05732,B09234,R02155,9800,15,Checked-Out,3
BR05733,B02401,R02160,10000,5,Checked-Out,3
BR05734,B00263,R02106,14600,20,Checked-Out,5
BR05735,B01783,R02152,4150,10,Checked-Out,5
BR05736,B01899,R02194,6900,15,Checked-Out,5
BR05737,B06839,R02147,7900,0,Checked-Out,3
BR05738,B06839,R02157,6950,10,Checked-Out,3
BR05739,B07150,R02153,4750,10,Checked-Out,3
BR05740,B07362,R02201,6750,5,Checked-Out,3
BR05741,B01245,R02113,12600,5,Checked-Out,4
BR05742,B01245,R02119,13250,5,Checked-Out,4
BR05743,B06497,R02162,8250,10,Checked-Out,4
BR05744,B06784,R02127,12050,10,Checked-Out,5
BR05745,B05940,R02172,7400,5,Checked-Out,5
BR05746,B03153,R02202,6250,0,Checked-Out,3
BR05747,B06957,R02154,4050,5,Checked-Out,4
BR05748,B00857,R02207,8950,0,Checked-Out,3
BR05749,B00712,R02159,4550,10,Checked-Out,4
BR05750,B01834,R02208,8600,20,Checked-Out,5
BR05751,B09803,R02165,6250,15,Checked-Out,3
BR05752,B01119,R02209,8150,15,Checked-Out,4
BR05753,B01119,R02170,8600,10,Checked-Out,4
BR05754,B01933,R02212,7850,0,Cancelled,
BR05755,B03823,R02166,4500,0,Checked-Out,3
BR05756,B04958,R02212,8050,20,Checked-Out,4
BR05757,B07982,R02129,12200,15,Checked-Out,5
BR05758,B00858,R02213,6250,0,Checked-Out,3
BR05759,B00858,R02217,6350,15,Checked-Out,5
BR05760,B03189,R02173,9400,5,Checked-Out,5
BR05761,B03189,R02174,9600,0,Checked-Out,5
BR05762,B03189,R02178,9450,10,Checked-Out,5
BR05763,B04536,R02182,10000,0,Checked-Out,3
BR05764,B05612,R02176,5100,10,Checked-Out,4
BR05765,B02074,R02218,6050,0,Checked-Out,4
BR05766,B04101,R02220,6200,0,Checked-Out,3
BR05767,B04101,R02071,6050,25,Checked-Out,3
BR05768,B06863,R02183,7400,0,Checked-Out,5
BR05769,B06863,R02185,9600,5,Checked-Out,3
BR05770,B06863,R02192,7700,0,Checked-Out,2
BR05771,B05727,R02181,3950,0,Checked-Out,5
BR05772,B02636,R02072,8150,25,Checked-Out,5
BR05773,B00107,R02074,8300,0,Checked-Out,4
BR05774,B00107,R02190,4550,20,Checked-Out,4
BR05775,B04089,R02195,9900,5,Checked-Out,2
BR05776,B04089,R02196,9650,5,Checked-Out,3
BR05777,B02098,R02075,7750,10,Checked-Out,5
BR05778,B09170,R02198,4950,15,Checked-Out,4
BR05779,B09170,R02199,4450,15,Checked-Out,1
BR05780,B09170,R02211,5450,5,Checked-Out,5
BR05781,B01590,R02080,4950,0,Checked-Out,4
BR05782,B01590,R02215,4950,25,Checked-Out,4
BR05783,B01590,R02081,5750,10,Checked-Out,3
BR05784,B01569,R02085,4000,30,Checked-Out,5
BR05785,B01552,R02086,4100,5,Checked-Out,5
BR05786,B00156,R02130,14750,5,Checked-Out,4
BR05787,B01346,R02184,8250,10,Checked-Out,5
BR05788,B06452,R02077,8500,5,Checked-Out,5
BR05789,B08823,R02087,4450,20,Checked-Out,3
BR05790,B08823,R02088,4000,5,Checked-Out,5
BR05791,B06333,R02197,9700,5,Checked-Out,5
BR05792,B06333,R02203,10850,15,Checked-Out,5
BR05793,B02975,R02078,5450,5,Checked-Out,5
BR05794,B02975,R02079,6500,0,Checked-Out,4
BR05795,B02975,R02082,7100,25,Checked-Out,2
BR05796,B04537,R02092,4200,0,Checked-Out,4
BR05797,B04537,R02096,5250,5,Checked-Out,5
BR05798,B01571,R02187,6150,15,Cancelled,
BR05799,B09460,R02138,11800,0,Checked-Out,5
BR05800,B04646,R02097,3600,10,Checked-Out,5
BR05801,B04646,R02204,8450,5,Checked-Out,4
BR05802,B04646,R02210,10900,10,Checked-Out,5
BR05803,B04806,R02084,5650,10,Cancelled,
BR05804,B04914,R02101,3500,20,Checked-Out,3
BR05805,B04914,R02141,15000,0,Checked-Out,4
BR05806,B06319,R02084,6100,15,Checked-Out,2
BR05807,B00434,R02149,14650,0,Checked-Out,5
BR05808,B04288,R02089,6150,10,Checked-Out,4
BR05809,B04288,R02091,6200,25,Checked-Out,5
BR05810,B09955,R02098,6750,0,Checked-Out,5
BR05811,B01778,R02094,7200,0,Checked-Out,4
BR05812,B08635,R02095,5600,0,Checked-Out,4
BR05813,B08757,R02105,5500,10,Checked-Out,4
BR05814,B08757,R02112,4050,0,Checked-Out,4
BR05815,B06722,R02120,5550,5,Cancelled,
BR05816,B02028,R02120,5300,5,Checked-Out,5
BR05817,B04961,R02100,8600,0,Checked-Out,4
BR05818,B02847,R02104,7400,15,Checked-Out,3
BR05819,B02279,R02090,6750,20,Checked-Out,2
BR05820,B02279,R02115,7350,30,Checked-Out,4
BR05821,B03106,R02102,7650,10,Checked-Out,5
BR05822,B03106,R02136,4550,5,Checked-Out,4
BR05823,B04481,R02142,4500,5,Cancelled,
BR05824,B06220,R02167,8850,10,Checked-Out,4
BR05825,B03813,R02122,7400,5,Checked-Out,5
BR05826,B06346,R02168,9750,0,Checked-Out,5
BR05827,B03296,R02131,6600,0,Checked-Out,3
BR05828,B09082,R02142,4600,0,Checked-Out,3
BR05829,B09082,R02148,4100,0,Checked-Out,4
BR05830,B00025,R02152,3500,10,Checked-Out,4
BR05831,B08821,R02153,4250,10,Checked-Out,5
BR05832,B08884,R02107,6350,15,Checked-Out,4
BR05833,B03864,R02154,3400,0,Checked-Out,4
BR05834,B06394,R02108,6550,5,Checked-Out,5
BR05835,B06394,R02109,6350,15,Checked-Out,4
BR05836,B07273,R02135,7700,0,Checked-Out,4
BR05837,B07273,R02143,7500,5,Checked-Out,4
BR05838,B07273,R02144,9050,10,Checked-Out,4
BR05839,B08126,R02147,7400,10,Checked-Out,4
BR05840,B03479,R02159,3850,0,Checked-Out,4
BR05841,B08996,R02169,10150,5,No-Show,
BR05842,B08996,R02177,13800,0,No-Show,
BR05843,B03044,R02165,5550,0,Checked-Out,3
BR05844,B03044,R02110,6650,0,Checked-Out,3
BR05845,B08432,R02157,6350,0,Checked-Out,4
BR05846,B02051,R02187,5900,0,Checked-Out,3
BR05847,B02051,R02205,7100,10,Checked-Out,3
BR05848,B04529,R02166,3850,5,Checked-Out,4
BR05849,B04176,R02111,6800,0,Checked-Out,5
BR05850,B04620,R02114,6550,0,Checked-Out,4
BR05851,B08685,R02116,6550,0,Checked-Out,4
BR05852,B05135,R02214,6550,0,Cancelled,
BR05853,B05341,R02117,5300,0,Checked-Out,5
BR05854,B01066,R02176,4050,0,Checked-Out,4
BR05855,B06245,R02118,5550,5,Checked-Out,5
BR05856,B06852,R02121,5950,5,Checked-Out,1
BR05857,B09141,R02162,6550,30,Checked-Out,4
BR05858,B06179,R02123,7050,5,Checked-Out,3
BR05859,B06179,R02125,6400,10,Checked-Out,4
BR05860,B06592,R02170,5550,5,Checked-Out,5
BR05861,B06592,R02126,5050,15,Checked-Out,5
BR05862,B06592,R02128,4600,15,Checked-Out,3
BR05863,B07474,R02181,3200,0,Checked-Out,4
BR05864,B00225,R02190,3300,25,Checked-Out,5
BR05865,B00225,R02169,9050,5,Checked-Out,4
BR05866,B00225,R02132,4850,0,Checked-Out,2
BR05867,B03126,R02133,4750,5,Checked-Out,4
BR05868,B02280,R02214,5400,5,Checked-Out,4
BR05869,B00431,R02134,5450,15,Checked-Out,5
BR05870,B00431,R02139,6500,5,Checked-Out,5
BR05871,B08123,R02137,4950,5,No-Show,
BR05872,B09098,R02137,4450,15,No-Show,
BR05873,B04695,R02198,4400,0,Checked-Out,5
BR05874,B09543,R02137,5000,5,Checked-Out,3
BR05875,B00029,R02199,3350,0,Checked-Out,4
BR05876,B00029,R02177,11350,10,Checked-Out,5
BR05877,B01260,R02211,4450,5,Checked-Out,4
BR05878,B05735,R02173,6600,10,Checked-Out,4
BR05879,B02905,R02140,5600,30,Checked-Out,5
BR05880,B08290,R02073,7100,15,Checked-Out,4
BR05881,B00411,R02189,9900,0,Checked-Out,3
BR05882,B04376,R02085,2800,0,Checked-Out,4
BR05883,B04909,R02174,6800,5,Checked-Out,3
BR05884,B09552,R02080,3100,0,Checked-Out,4
BR05885,B05545,R02178,7700,0,Checked-Out,4
BR05886,B06233,R02182,6650,10,Checked-Out,5
BR05887,B06233,R02099,5050,5,Checked-Out,5
BR05888,B07816,R02145,5500,15,Checked-Out,5
BR05889,B08954,R02081,3750,0,Cancelled,
BR05890,B01628,R02081,3900,5,No-Show,
BR05891,B01628,R02215,3950,0,No-Show,
BR05892,B05448,R02193,7450,5,Checked-Out,4
BR05893,B09322,R02183,6100,10,Checked-Out,3
BR05894,B09405,R02081,4400,10,Checked-Out,4
BR05895,B05319,R02185,7950,5,Checked-Out,4
BR05896,B06061,R02146,6100,0,Checked-Out,4
BR05897,B06061,R02150,4400,10,Checked-Out,4
BR05898,B06061,R02124,5200,0,Checked-Out,4
BR05899,B07373,R02103,5150,30,No-Show,
BR05900,B01513,R02151,5750,5,Checked-Out,5
BR05901,B08904,R02215,3700,5,Checked-Out,4
BR05902,B01462,R02156,4850,0,Checked-Out,4
BR05903,B09184,R02158,5650,10,Checked-Out,1
BR05904,B04685,R02200,8200,0,Checked-Out,5
BR05905,B04685,R02206,11150,0,Checked-Out,3
BR05906,B07709,R02192,5550,10,Checked-Out,5
BR05907,B01039,R02233,2850,0,Checked-Out,5
BR05908,B01039,R02221,2250,5,Checked-Out,4
BR05909,B07573,R02222,2100,5,Checked-Out,5
BR05910,B07573,R02224,2350,0,Checked-Out,5
BR05911,B02869,R02226,3300,10,No-Show,
BR05912,B01201,R02234,2150,10,Checked-Out,3
BR05913,B01201,R02236,1950,0,Checked-Out,4
BR05914,B01201,R02240,1750,10,Checked-Out,5
BR05915,B00447,R02223,1350,10,Checked-Out,4
BR05916,B03416,R02244,2750,10,Checked-Out,3
BR05917,B04452,R02225,1400,0,Checked-Out,4
BR05918,B04452,R02228,1250,0,Checked-Out,4
BR05919,B06185,R02229,1950,0,Checked-Out,4
BR05920,B08165,R02247,2500,0,Checked-Out,4
BR05921,B09791,R02255,1450,15,Checked-Out,4
BR05922,B05547,R02230,1400,5,Checked-Out,2
BR05923,B01537,R02231,1500,5,Checked-Out,3
BR05924,B03193,R02260,2350,0,No-Show,
BR05925,B09501,R02232,1250,5,Checked-Out,3
BR05926,B07232,R02260,2800,20,Checked-Out,4
BR05927,B02451,R02237,1700,0,Checked-Out,4
BR05928,B03488,R02238,2300,0,Checked-Out,3
BR05929,B03488,R02239,1150,0,Checked-Out,4
BR05930,B05143,R02241,2050,25,Checked-Out,4
BR05931,B02974,R02264,3000,0,Checked-Out,4
BR05932,B09136,R02242,1550,5,Checked-Out,5
BR05933,B06486,R02235,4350,10,Checked-Out,5
BR05934,B02259,R02226,4050,0,Cancelled,
BR05935,B08971,R02243,1150,25,Checked-Out,4
BR05936,B02037,R02246,1650,20,Cancelled,
BR05937,B07370,R02246,2000,25,Checked-Out,2
BR05938,B07370,R02248,1400,0,Checked-Out,5
BR05939,B08481,R02258,2850,5,Cancelled,
BR05940,B05241,R02249,1650,0,Checked-Out,5
BR05941,B05241,R02250,1500,0,Checked-Out,4
BR05942,B00485,R02265,2850,0,Checked-Out,4
BR05943,B00650,R02251,1000,5,Checked-Out,4
BR05944,B03242,R02252,1600,0,Checked-Out,5
BR05945,B01586,R02253,1500,10,Cancelled,
BR05946,B00801,R02253,1450,5,Checked-Out,5
BR05947,B06689,R02254,1600,5,Checked-Out,3
BR05948,B07157,R02256,1500,0,Checked-Out,4
BR05949,B02642,R02266,2500,5,Checked-Out,4
BR05950,B05857,R02267,2650,0,Checked-Out,4
BR05951,B05857,R02270,2700,10,Checked-Out,5
BR05952,B05857,R02273,2650,10,Checked-Out,5
BR05953,B08018,R02257,1600,0,Cancelled,
BR05954,B07100,R02274,1800,20,Checked-Out,5
BR05955,B02116,R02257,1700,5,Checked-Out,4
BR05956,B01329,R02259,1900,10,Checked-Out,4
BR05957,B01329,R02275,2850,10,Checked-Out,5
BR05958,B01329,R02261,1300,0,Checked-Out,4
BR05959,B02435,R02262,2150,0,Checked-Out,5
BR05960,B09447,R02263,1500,0,Checked-Out,5
BR05961,B00378,R02268,2000,10,Checked-Out,4
BR05962,B03507,R02282,1550,0,Checked-Out,5
BR05963,B03507,R02283,1800,30,Checked-Out,4
BR05964,B07541,R02258,2550,30,Cancelled,
BR05965,B00379,R02226,4250,0,Checked-Out,3
BR05966,B02233,R02269,1150,0,Cancelled,
BR05967,B08943,R02269,1300,0,Checked-Out,4
BR05968,B01766,R02271,1550,10,Checked-Out,5
BR05969,B08755,R02272,1450,0,Checked-Out,4
BR05970,B03319,R02287,2950,5,Checked-Out,4
BR05971,B05535,R02276,1300,15,Checked-Out,5
BR05972,B05535,R02277,2250,0,Checked-Out,4
BR05973,B05535,R02279,1200,10,Checked-Out,3
BR05974,B05780,R02280,1950,0,Checked-Out,4
BR05975,B08060,R02284,2300,0,Checked-Out,4
BR05976,B00171,R02306,1950,25,Checked-Out,4
BR05977,B05900,R02285,1250,30,Checked-Out,5
BR05978,B04467,R02286,1650,25,Cancelled,
BR05979,B01862,R02286,1650,20,Checked-Out,4
BR05980,B07953,R02288,1350,15,Checked-Out,4
BR05981,B08809,R02290,1700,0,Checked-Out,3
BR05982,B01273,R02291,1300,15,Checked-Out,4
BR05983,B00215,R02308,2250,0,Checked-Out,5
BR05984,B09934,R02292,1850,20,Checked-Out,5
BR05985,B09183,R02293,1050,0,Checked-Out,5
BR05986,B01497,R02314,1700,5,Checked-Out,4
BR05987,B09056,R02294,2000,10,Checked-Out,4
BR05988,B07444,R02295,1650,0,Checked-Out,5
BR05989,B05223,R02296,1800,20,Checked-Out,4
BR05990,B06258,R02297,2000,0,Checked-Out,5
BR05991,B01784,R02298,1500,10,Checked-Out,5
BR05992,B06616,R02299,2500,0,Checked-Out,5
BR05993,B06616,R02258,3150,0,Checked-Out,4
BR05994,B07258,R02300,1700,0,Checked-Out,3
BR05995,B07508,R02317,3750,0,Checked-Out,2
BR05996,B03888,R02227,4750,5,Checked-Out,4
BR05997,B03107,R02281,2500,20,Checked-Out,3
BR05998,B03107,R02289,3500,0,Checked-Out,5
BR05999,B00223,R02320,2100,10,Checked-Out,3
BR06000,B03492,R02222,1650,10,Checked-Out,1
BR06001,B00264,R02301,1450,20,Checked-Out,5
BR06002,B09244,R02303,1350,0,No-Show,
BR06003,B01189,R02303,1400,10,Checked-Out,5
BR06004,B02109,R02224,1950,5,Checked-Out,4
BR06005,B00689,R02326,3850,0,Checked-Out,5
BR06006,B00689,R02332,4200,0,Checked-Out,4
BR06007,B08987,R02325,1900,5,Checked-Out,3
BR06008,B05898,R02327,2250,0,Checked-Out,5
BR06009,B05898,R02328,2200,10,Checked-Out,4
BR06010,B01445,R02329,2000,5,Checked-Out,4
BR06011,B01629,R02321,3650,20,Checked-Out,4
BR06012,B05903,R02331,1450,0,Checked-Out,4
BR06013,B02365,R02335,1550,0,Checked-Out,5
BR06014,B09547,R02322,1650,5,Checked-Out,4
BR06015,B07683,R02349,4700,5,Cancelled,
BR06016,B04235,R02337,2200,10,Checked-Out,4
BR06017,B04235,R02338,1500,15,Checked-Out,5
BR06018,B06555,R02339,2350,20,Checked-Out,2
BR06019,B06555,R02323,2900,0,Checked-Out,4
BR06020,B02170,R02344,2150,0,Cancelled,
BR06021,B09226,R02324,3450,25,Checked-Out,5
BR06022,B01484,R02340,4000,10,Checked-Out,4
BR06023,B09572,R02344,2400,15,Checked-Out,2
BR06024,B08625,R02345,2300,0,Checked-Out,4
BR06025,B07358,R02330,2600,10,Checked-Out,3
BR06026,B00901,R02350,2200,10,Checked-Out,4
BR06027,B00901,R02351,2350,15,Checked-Out,5
BR06028,B05860,R02357,2600,20,Checked-Out,4
BR06029,B05160,R02333,1850,5,Cancelled,
BR06030,B05160,R02334,2750,20,Cancelled,
BR06031,B06399,R02333,1750,10,Checked-Out,3
BR06032,B02097,R02373,4000,0,Checked-Out,3
BR06033,B05017,R02386,2550,0,Cancelled,
BR06034,B05017,R02402,4350,15,Cancelled,
BR06035,B02262,R02358,1650,5,Checked-Out,4
BR06036,B07661,R02334,3000,30,Checked-Out,4
BR06037,B07661,R02336,2700,5,Checked-Out,5
BR06038,B09177,R02341,2000,10,Checked-Out,4
BR06039,B09182,R02360,1700,0,Checked-Out,5
BR06040,B09182,R02361,1600,0,Checked-Out,3
BR06041,B06652,R02363,1250,15,Checked-Out,4
BR06042,B06652,R02364,1150,0,Checked-Out,4
BR06043,B09296,R02366,1250,0,Checked-Out,3
BR06044,B04347,R02342,2400,5,Checked-Out,5
BR06045,B06250,R02368,1850,10,Checked-Out,4
BR06046,B03455,R02343,2700,10,Checked-Out,5
BR06047,B06988,R02386,2300,5,Checked-Out,4
BR06048,B04693,R02369,1650,10,Checked-Out,3
BR06049,B07071,R02371,1050,5,Checked-Out,4
BR06050,B06349,R02374,1300,5,Checked-Out,5
BR06051,B06349,R02375,1000,0,Checked-Out,5
BR06052,B06349,R02376,1250,0,Checked-Out,4
BR06053,B01964,R02346,3000,5,Cancelled,
BR06054,B04008,R02377,1550,0,Checked-Out,5
BR06055,B02400,R02349,4000,5,Checked-Out,4
BR06056,B08828,R02346,2800,10,Cancelled,
BR06057,B08828,R02347,3050,0,Cancelled,
BR06058,B06309,R02378,1650,15,Checked-Out,4
BR06059,B00425,R02379,1500,5,Cancelled,
BR06060,B04521,R02379,1350,0,Cancelled,
BR06061,B00358,R02379,1450,0,Checked-Out,5
BR06062,B06907,R02352,7600,5,Checked-Out,5
BR06063,B07948,R02381,2500,0,Checked-Out,4
BR06064,B06303,R02346,3200,10,Checked-Out,4
BR06065,B03985,R02382,1600,5,Checked-Out,5
BR06066,B09336,R02347,3150,10,Checked-Out,4
BR06067,B07359,R02402,3750,5,Checked-Out,3
BR06068,B08784,R02384,1900,0,Checked-Out,5
BR06069,B08107,R02348,1900,5,Cancelled,
BR06070,B08107,R02353,3650,0,Cancelled,
BR06071,B06005,R02387,1800,0,Checked-Out,5
BR06072,B06005,R02388,2600,0,Checked-Out,5
BR06073,B05279,R02396,6850,15,Checked-Out,4
BR06074,B03268,R02389,3050,15,Checked-Out,4
BR06075,B03268,R02390,2400,0,Checked-Out,3
BR06076,B03268,R02391,2000,5,Checked-Out,4
BR06077,B07264,R02348,1900,25,Checked-Out,5
BR06078,B07264,R02353,3350,25,Checked-Out,5
BR06079,B04773,R02393,2400,10,Checked-Out,5
BR06080,B04730,R02399,1550,0,Checked-Out,4
BR06081,B06982,R02400,2250,10,Checked-Out,5
BR06082,B06982,R02403,1350,0,Checked-Out,5
BR06083,B07797,R02354,3100,15,Checked-Out,4
BR06084,B00597,R02406,4050,5,Checked-Out,4
BR06085,B07254,R02404,1250,25,Checked-Out,4
BR06086,B07947,R02405,1600,10,Checked-Out,3
BR06087,B07947,R02407,2700,0,Checked-Out,4
BR06088,B09299,R02326,3850,0,Checked-Out,5
BR06089,B05817,R02332,3550,0,Checked-Out,3
BR06090,B04655,R02409,1700,20,Cancelled,
BR06091,B04655,R02355,2050,15,Cancelled,
BR06092,B03281,R02409,1750,10,Checked-Out,5
BR06093,B09994,R02410,2000,20,Checked-Out,4
BR06094,B06759,R02325,1950,5,Checked-Out,4
BR06095,B07449,R02327,2500,5,Checked-Out,3
BR06096,B08003,R02328,2300,0,Checked-Out,1
BR06097,B08539,R02355,1800,30,Cancelled,
BR06098,B03029,R02329,2050,20,Checked-Out,5
BR06099,B03029,R02331,1550,10,Checked-Out,3
BR06100,B03029,R02335,1550,10,Checked-Out,4
BR06101,B00551,R02355,1700,0,Checked-Out,4
BR06102,B00317,R02356,3150,0,Checked-Out,3
BR06103,B05422,R02359,2350,15,Checked-Out,4
BR06104,B05422,R02362,2900,25,Checked-Out,4
BR06105,B05422,R02365,3250,0,Checked-Out,4
BR06106,B09753,R02337,2450,15,Checked-Out,5
BR06107,B05387,R02338,1200,10,Checked-Out,5
BR06108,B02005,R02367,2300,5,Checked-Out,4
BR06109,B03386,R02339,1900,25,Checked-Out,4
BR06110,B00636,R02344,1900,0,Checked-Out,4
BR06111,B05840,R02370,2100,5,Checked-Out,4
BR06112,B03807,R02340,3950,5,Checked-Out,4
BR06113,B05714,R02372,2250,10,No-Show,
BR06114,B05714,R02345,2100,20,No-Show,
BR06115,B00504,R02345,1850,15,Checked-Out,5
BR06116,B01908,R02349,3650,0,Checked-Out,5
BR06117,B07122,R02350,2300,5,Checked-Out,5
BR06118,B05632,R02351,2050,15,Checked-Out,3
BR06119,B09060,R02357,2300,10,Checked-Out,4
BR06120,B09060,R02358,1250,0,Checked-Out,4
BR06121,B09060,R02360,1700,20,Checked-Out,4
BR06122,B04480,R02361,1900,5,Checked-Out,3
BR06123,B02952,R02363,1050,0,Checked-Out,4
BR06124,B07983,R02373,4350,0,Checked-Out,4
BR06125,B06457,R02372,2200,0,Checked-Out,4
BR06126,B06457,R02380,2550,0,Checked-Out,2
BR06127,B06275,R02411,4950,20,Checked-Out,5
BR06128,B02492,R02419,4900,5,Checked-Out,4
BR06129,B06669,R02413,4050,0,Cancelled,
BR06130,B06192,R02437,7600,15,Checked-Out,3
BR06131,B06192,R02412,6850,0,Checked-Out,4
BR06132,B02316,R02414,9000,10,Checked-Out,4
BR06133,B01642,R02433,9150,5,Checked-Out,5
BR06134,B06198,R02420,5600,0,Checked-Out,4
BR06135,B09894,R02421,6050,0,Checked-Out,4
BR06136,B09894,R02422,4150,5,Checked-Out,4
BR06137,B03544,R02435,12050,10,Checked-Out,5
BR06138,B00173,R02416,8200,5,Checked-Out,4
BR06139,B07369,R02417,7100,0,Checked-Out,4
BR06140,B01536,R02441,7400,10,Checked-Out,4
BR06141,B08484,R02445,5100,10,Checked-Out,5
BR06142,B06936,R02426,4150,5,Checked-Out,4
BR06143,B06936,R02427,5450,0,Checked-Out,4
BR06144,B08372,R02453,8350,10,Checked-Out,4
BR06145,B02334,R02413,4950,15,No-Show,
BR06146,B04542,R02413,3700,20,Checked-Out,4
BR06147,B04542,R02415,5700,15,Checked-Out,4
BR06148,B05211,R02418,4750,0,Checked-Out,5
BR06149,B02835,R02425,7450,5,Checked-Out,3
BR06150,B02835,R02423,7850,0,Checked-Out,5
BR06151,B06119,R02432,7050,0,Checked-Out,3
BR06152,B06284,R02456,6950,0,No-Show,
BR06153,B06284,R02484,8650,10,No-Show,
BR06154,B02442,R02436,8350,30,Checked-Out,4
BR06155,B02026,R02428,5450,10,Checked-Out,4
BR06156,B07936,R02440,6650,20,Checked-Out,4
BR06157,B01616,R02448,8650,0,Checked-Out,4
BR06158,B01616,R02430,4050,15,Checked-Out,4
BR06159,B06559,R02446,7450,5,Checked-Out,3
BR06160,B00752,R02450,8400,20,Checked-Out,4
BR06161,B00752,R02447,6800,5,Checked-Out,3
BR06162,B00752,R02434,3200,5,Checked-Out,4
BR06163,B07995,R02438,4850,5,Checked-Out,4
BR06164,B07995,R02439,5300,10,Checked-Out,3
BR06165,B03400,R02449,8650,20,Checked-Out,5
BR06166,B02335,R02424,6300,0,Checked-Out,5
BR06167,B05269,R02456,5750,5,Checked-Out,5
BR06168,B06419,R02429,9000,5,Checked-Out,4
BR06169,B04532,R02431,7700,10,Checked-Out,5
BR06170,B04532,R02443,8350,0,Checked-Out,4
BR06171,B01583,R02484,8500,15,Checked-Out,3
BR06172,B01583,R02488,9050,5,Checked-Out,5
BR06173,B06928,R02451,5500,0,Checked-Out,5
BR06174,B09692,R02442,4750,5,Checked-Out,3
BR06175,B09692,R02444,4250,5,Checked-Out,2
BR06176,B00480,R02489,5550,5,Checked-Out,2
BR06177,B09532,R02462,5100,5,Checked-Out,4
BR06178,B08690,R02454,4400,0,Checked-Out,5
BR06179,B03973,R02455,6000,15,Checked-Out,4
BR06180,B07024,R02463,5500,0,Checked-Out,5
BR06181,B04907,R02465,5550,5,Checked-Out,3
BR06182,B03460,R02452,7000,5,Checked-Out,5
BR06183,B03645,R02459,7550,10,Checked-Out,4
BR06184,B00505,R02467,3250,5,Cancelled,
BR06185,B01241,R02467,3250,15,Checked-Out,3
BR06186,B01241,R02471,4400,10,Checked-Out,5
BR06187,B05024,R02496,9200,5,Cancelled,
BR06188,B05055,R02496,7700,25,Checked-Out,4
BR06189,B03132,R02457,9050,0,Checked-Out,2
BR06190,B05032,R02474,3550,0,Checked-Out,4
BR06191,B05032,R02475,3400,10,Checked-Out,5
BR06192,B02154,R02477,4750,10,Checked-Out,5
BR06193,B02154,R02478,4650,30,Checked-Out,5
BR06194,B02027,R02479,3700,0,Cancelled,
BR06195,B01597,R02460,7950,10,Cancelled,
BR06196,B06112,R02460,7850,5,Checked-Out,4
BR06197,B02043,R02479,3400,0,Checked-Out,4
BR06198,B06550,R02461,6000,5,Checked-Out,5
BR06199,B04741,R02480,4550,5,Checked-Out,5
BR06200,B04741,R02485,4300,0,Checked-Out,5
BR06201,B04741,R02486,5300,5,Checked-Out,5
BR06202,B01271,R02492,4450,20,Cancelled,
BR06203,B09232,R02492,4150,15,Checked-Out,4
BR06204,B01545,R02494,3600,5,Checked-Out,4
BR06205,B09443,R02469,5100,10,Checked-Out,5
BR06206,B02387,R02499,5100,0,Checked-Out,5
BR06207,B02387,R02464,6500,0,Checked-Out,5
BR06208,B02252,R02466,5100,10,Checked-Out,3
BR06209,B04935,R02500,3100,5,Checked-Out,3
BR06210,B04935,R02501,2750,15,Checked-Out,4
BR06211,B04935,R02503,2850,25,Checked-Out,2
BR06212,B01359,R02476,8100,0,Checked-Out,4
BR06213,B00881,R02506,3750,0,Checked-Out,3
BR06214,B06146,R02507,3300,10,Checked-Out,5
BR06215,B08660,R02470,6750,10,Checked-Out,1
BR06216,B06276,R02508,3950,5,Checked-Out,4
BR06217,B09957,R02483,7250,0,Cancelled,
BR06218,B07143,R02497,5550,15,Checked-Out,2
BR06219,B04517,R02498,5550,0,No-Show,
BR06220,B08752,R02472,6300,5,Checked-Out,5
BR06221,B08752,R02473,6050,5,Checked-Out,4
BR06222,B01587,R02511,3200,5,Checked-Out,3
BR06223,B06948,R02481,4250,5,Checked-Out,5
BR06224,B00759,R02513,3450,10,Checked-Out,5
BR06225,B02755,R02521,4500,25,Checked-Out,4
BR06226,B02755,R02522,3900,5,Checked-Out,4
BR06227,B07118,R02530,3150,25,No-Show,
BR06228,B05700,R02530,2850,0,Checked-Out,4
BR06229,B04966,R02458,11500,10,Checked-Out,4
BR06230,B04966,R02468,10450,0,Checked-Out,5
BR06231,B01525,R02483,6400,0,Checked-Out,4
BR06232,B08459,R02535,3000,5,Checked-Out,4
BR06233,B00866,R02487,7050,20,Checked-Out,4
BR06234,B00866,R02491,7050,0,Checked-Out,4
BR06235,B03072,R02493,5650,0,Checked-Out,3
BR06236,B02249,R02502,7000,5,Checked-Out,4
BR06237,B04197,R02482,7850,5,Checked-Out,5
BR06238,B04197,R02490,10000,20,Checked-Out,2
BR06239,B06279,R02536,3600,10,Checked-Out,4
BR06240,B06279,R02538,3100,0,Checked-Out,3
BR06241,B06285,R02539,5200,10,Checked-Out,5
BR06242,B01860,R02505,5750,0,Checked-Out,5
BR06243,B00257,R02512,7800,20,Checked-Out,4
BR06244,B03032,R02519,8900,0,Checked-Out,4
BR06245,B09662,R02540,3900,0,Checked-Out,3
BR06246,B00142,R02545,4200,5,Checked-Out,4
BR06247,B06618,R02546,4450,5,Checked-Out,5
BR06248,B03070,R02495,5350,5,Checked-Out,4
BR06249,B05488,R02498,5650,0,No-Show,
BR06250,B00194,R02504,3650,10,Cancelled,
BR06251,B00414,R02514,6950,20,Checked-Out,4
BR06252,B06499,R02498,6300,0,Checked-Out,5
BR06253,B05237,R02504,3800,5,Checked-Out,5
BR06254,B05237,R02509,6450,15,Checked-Out,5
BR06255,B07478,R02547,4650,10,Checked-Out,3
BR06256,B01283,R02518,7550,0,Checked-Out,5
BR06257,B01283,R02537,7200,5,Checked-Out,3
BR06258,B02558,R02562,5950,10,Checked-Out,4
BR06259,B04226,R02523,5450,5,Cancelled,
BR06260,B04749,R02510,6200,5,Cancelled,
BR06261,B00820,R02510,6850,5,Checked-Out,4
BR06262,B06710,R02544,11800,10,Checked-Out,4
BR06263,B06710,R02552,13550,5,Checked-Out,4
BR06264,B07866,R02523,5850,25,Checked-Out,5
BR06265,B07866,R02515,6650,25,Checked-Out,4
BR06266,B05643,R02516,5050,20,Checked-Out,5
BR06267,B05643,R02551,4750,15,Checked-Out,5
BR06268,B05643,R02556,6000,5,Checked-Out,4
BR06269,B00419,R02517,7050,20,Checked-Out,5
BR06270,B00419,R02525,8100,20,Checked-Out,5
BR06271,B01221,R02520,4650,0,Checked-Out,5
BR06272,B09958,R02524,4350,20,Checked-Out,4
BR06273,B09958,R02526,5300,5,Checked-Out,3
BR06274,B08490,R02558,11550,10,Checked-Out,5
BR06275,B03558,R02563,4750,10,Checked-Out,4
BR06276,B01584,R02569,5400,10,Checked-Out,4
BR06277,B06104,R02532,7100,5,Checked-Out,5
BR06278,B03194,R02533,7350,0,Checked-Out,3
BR06279,B02834,R02567,12950,25,Checked-Out,4
BR06280,B02834,R02527,6100,0,Checked-Out,5
BR06281,B07786,R02541,4700,0,Checked-Out,5
BR06282,B08963,R02571,4350,5,Checked-Out,3
BR06283,B01010,R02528,6700,10,No-Show,
BR06284,B08071,R02579,4550,0,Cancelled,
BR06285,B05616,R02542,5500,10,No-Show,
BR06286,B02770,R02542,4050,15,Checked-Out,4
BR06287,B02770,R02543,4750,0,Checked-Out,5
BR06288,B00110,R02528,7750,20,Checked-Out,5
BR06289,B06651,R02579,3800,0,Cancelled,
BR06290,B08416,R02579,3800,10,Checked-Out,4
BR06291,B01798,R02580,4600,5,Checked-Out,4
BR06292,B04945,R02529,8200,5,Checked-Out,5
BR06293,B09032,R02581,3050,0,Checked-Out,4
BR06294,B09610,R02553,5150,10,Checked-Out,4
BR06295,B00043,R02554,7000,10,Checked-Out,4
BR06296,B06494,R02531,7750,0,Checked-Out,4
BR06297,B06494,R02534,9600,5,Checked-Out,5
BR06298,B01229,R02548,6750,15,Checked-Out,5
BR06299,B05867,R02572,13050,0,Cancelled,
BR06300,B08797,R02583,3550,20,Checked-Out,4
BR06301,B04009,R02572,13300,0,Checked-Out,4
BR06302,B04540,R02561,8050,10,Checked-Out,4
BR06303,B04162,R02549,8100,0,Checked-Out,4
BR06304,B03161,R02585,10700,0,Checked-Out,5
BR06305,B08275,R02564,5950,10,Checked-Out,5
BR06306,B00841,R02568,5850,0,Checked-Out,4
BR06307,B02457,R02570,6750,10,Checked-Out,4
BR06308,B08093,R02586,4750,0,Checked-Out,3
BR06309,B06281,R02565,7450,10,Cancelled,
BR06310,B06281,R02587,6650,0,Cancelled,
BR06311,B08213,R02592,3400,0,Checked-Out,4
BR06312,B08504,R02550,7250,5,Checked-Out,3
BR06313,B02426,R02555,7150,10,Checked-Out,4
BR06314,B04709,R02573,7750,5,Checked-Out,5
BR06315,B04709,R02574,6750,20,Checked-Out,5
BR06316,B04709,R02594,4600,0,Checked-Out,3
BR06317,B04709,R02565,10100,20,Checked-Out,4
BR06318,B09493,R02575,5100,5,Checked-Out,5
BR06319,B06278,R02587,8100,20,Checked-Out,3
BR06320,B06278,R02557,10150,10,Checked-Out,4
BR06321,B09606,R02559,7300,30,Checked-Out,4
BR06322,B01177,R02603,3950,5,Checked-Out,4
BR06323,B01177,R02605,4700,0,Checked-Out,5
BR06324,B00044,R02560,6250,0,Checked-Out,4
BR06325,B04550,R02607,4950,0,Checked-Out,4
BR06326,B05808,R02608,3950,20,Checked-Out,4
BR06327,B06879,R02588,9650,0,Checked-Out,5
BR06328,B04818,R02566,7100,0,Checked-Out,3
BR06329,B06311,R02578,6100,10,Checked-Out,4
BR06330,B01654,R02576,6150,0,Cancelled,
BR06331,B01203,R02584,6800,10,Cancelled,
BR06332,B01422,R02611,4850,5,No-Show,
BR06333,B09580,R02584,7500,5,Checked-Out,4
BR06334,B04296,R02593,6350,5,Checked-Out,2
BR06335,B02942,R02576,6900,5,Checked-Out,2
BR06336,B09387,R02612,13100,0,Checked-Out,4
BR06337,B03902,R02618,8900,0,Checked-Out,4
BR06338,B03902,R02624,6550,10,Checked-Out,5
BR06339,B03902,R02639,9350,0,Checked-Out,4
BR06340,B00590,R02620,10050,10,Checked-Out,2
BR06341,B04737,R02577,5450,0,No-Show,
BR06342,B09518,R02590,7050,10,Checked-Out,4
BR06343,B09518,R02611,4400,10,Checked-Out,2
BR06344,B06568,R02577,5700,0,Checked-Out,4
BR06345,B09303,R02616,6100,0,Checked-Out,5
BR06346,B02134,R02627,4400,15,Checked-Out,3
BR06347,B03013,R02631,4000,5,Checked-Out,4
BR06348,B03013,R02636,4800,0,Checked-Out,3
BR06349,B01900,R02595,9350,15,Checked-Out,4
BR06350,B07105,R02621,14400,15,Checked-Out,3
BR06351,B02227,R02638,6250,10,Cancelled,
BR06352,B02227,R02641,5200,0,Cancelled,
BR06353,B02227,R02649,5600,10,Cancelled,
BR06354,B03886,R02640,7900,5,Checked-Out,4
BR06355,B02197,R02582,5650,0,Checked-Out,2
BR06356,B04821,R02638,4850,5,Checked-Out,3
BR06357,B08153,R02589,3850,5,Checked-Out,5
BR06358,B08153,R02591,5600,10,Checked-Out,4
BR06359,B06500,R02597,6250,5,Checked-Out,4
BR06360,B06105,R02596,8950,5,Checked-Out,4
BR06361,B06105,R02600,8250,10,Checked-Out,5
BR06362,B06105,R02601,7900,10,Checked-Out,3
BR06363,B08830,R02598,5450,0,Checked-Out,4
BR06364,B06644,R02606,7100,15,Cancelled,
BR06365,B06644,R02613,9950,0,Cancelled,
BR06366,B06644,R02614,8500,15,Cancelled,
BR06367,B06644,R02615,6250,0,Cancelled,
BR06368,B05910,R02599,6500,10,Checked-Out,4
BR06369,B07636,R02606,7250,0,Checked-Out,3
BR06370,B08401,R02613,8650,10,Checked-Out,3
BR06371,B02983,R02614,8650,20,Checked-Out,4
BR06372,B07720,R02641,4850,25,Checked-Out,4
BR06373,B06855,R02628,8200,15,Checked-Out,4
BR06374,B01188,R02649,6250,20,Checked-Out,4
BR06375,B01188,R02643,8550,0,Checked-Out,5
BR06376,B06406,R02646,7100,0,Checked-Out,4
BR06377,B02587,R02651,5250,15,Checked-Out,4
BR06378,B08397,R02615,6350,15,Checked-Out,5
BR06379,B01774,R02617,8400,5,Checked-Out,5
BR06380,B02741,R02656,6000,0,No-Show,
BR06381,B05491,R02655,3300,10,Checked-Out,4
BR06382,B01929,R02668,4350,10,Checked-Out,2
BR06383,B01728,R02676,3650,0,Checked-Out,4
BR06384,B01728,R02678,4150,10,Checked-Out,4
BR06385,B08184,R02689,4750,0,Checked-Out,5
BR06386,B04520,R02619,8850,10,No-Show,
BR06387,B00494,R02642,12450,0,Checked-Out,4
BR06388,B00494,R02645,8700,0,Checked-Out,4
BR06389,B00934,R02602,4000,5,Checked-Out,4
BR06390,B01232,R02604,4200,10,Checked-Out,4
BR06391,B01699,R02650,9550,5,Checked-Out,4
BR06392,B01824,R02692,4100,10,Checked-Out,2
BR06393,B03991,R02656,6450,0,No-Show,
BR06394,B03991,R02670,8400,5,No-Show,
BR06395,B05371,R02656,6200,0,Checked-Out,4
BR06396,B09624,R02619,9000,0,Checked-Out,5
BR06397,B07043,R02693,4100,5,Checked-Out,3
BR06398,B07043,R02670,9200,0,Checked-Out,4
BR06399,B02019,R02609,4800,10,Checked-Out,3
BR06400,B05955,R02623,5650,0,Checked-Out,3
BR06401,B04172,R02695,4900,0,Checked-Out,3
BR06402,B09802,R02610,4900,0,Checked-Out,4
BR06403,B02883,R02699,3050,5,Checked-Out,5
BR06404,B09858,R02622,5450,20,Checked-Out,4
BR06405,B08313,R02673,6350,5,Cancelled,
BR06406,B04091,R02626,4350,0,Checked-Out,4
BR06407,B05076,R02632,3650,15,Checked-Out,2
BR06408,B05752,R02637,5150,20,Checked-Out,5
BR06409,B00192,R02644,4850,0,Checked-Out,5
BR06410,B00192,R02652,4700,5,Checked-Out,3
BR06411,B00115,R02663,6650,0,Cancelled,
BR06412,B02459,R02625,8100,5,Checked-Out,4
BR06413,B02459,R02629,6950,5,Checked-Out,4
BR06414,B05538,R02663,7400,0,No-Show,
BR06415,B05538,R02702,4600,5,No-Show,
BR06416,B06645,R02663,6750,0,Checked-Out,4
BR06417,B09573,R02702,4400,5,Checked-Out,4
BR06418,B07134,R02630,6800,10,Checked-Out,5
BR06419,B00876,R02653,10250,0,Checked-Out,3
BR06420,B08078,R02709,4550,15,Checked-Out,4
BR06421,B00625,R02666,4500,0,Checked-Out,5
BR06422,B00625,R02673,4850,20,Checked-Out,4
BR06423,B03880,R02633,5850,0,Checked-Out,4
BR06424,B05391,R02657,8350,0,Checked-Out,5
BR06425,B08456,R02711,3850,0,Checked-Out,5
BR06426,B08456,R02674,7150,10,Checked-Out,3
BR06427,B00652,R02713,3950,10,Checked-Out,5
BR06428,B00753,R02718,3300,0,Checked-Out,3
BR06429,B01789,R02679,6750,20,Checked-Out,4
BR06430,B09251,R02659,7000,5,Checked-Out,4
BR06431,B08542,R02683,4800,10,Checked-Out,4
BR06432,B07857,R02667,5800,5,Checked-Out,3
BR06433,B09683,R02672,5950,5,Checked-Out,5
BR06434,B07065,R02677,6500,15,Checked-Out,4
BR06435,B01659,R02680,7000,10,Cancelled,
BR06436,B03974,R02726,4300,0,Checked-Out,4
BR06437,B04020,R02680,6400,0,Checked-Out,5
BR06438,B04020,R02688,6400,0,Checked-Out,4
BR06439,B05959,R02710,5450,0,Checked-Out,5
BR06440,B05571,R02727,2850,0,Checked-Out,4
BR06441,B07318,R02634,6300,0,Checked-Out,4
BR06442,B09625,R02682,5500,25,Cancelled,
BR06443,B09625,R02684,4800,5,Cancelled,
BR06444,B09625,R02690,4500,10,Cancelled,
BR06445,B06403,R02682,5700,0,Checked-Out,4
BR06446,B06403,R02684,5700,0,Checked-Out,5
BR06447,B01018,R02729,3700,15,Checked-Out,3
BR06448,B02717,R02635,5550,10,Checked-Out,4
BR06449,B02726,R02411,4800,5,Checked-Out,5
BR06450,B00193,R02661,8600,15,Checked-Out,4
BR06451,B00193,R02671,9950,5,Checked-Out,5
BR06452,B00193,R02675,13550,0,Checked-Out,5
BR06453,B06129,R02647,7000,10,Checked-Out,3
BR06454,B00306,R02419,3800,0,Cancelled,
BR06455,B04551,R02648,7100,10,Cancelled,
BR06456,B02654,R02419,3500,20,Checked-Out,4
BR06457,B02654,R02420,3800,10,Checked-Out,4
BR06458,B02654,R02421,3700,5,Checked-Out,3
BR06459,B02654,R02422,2750,0,Checked-Out,4
BR06460,B00023,R02426,3800,10,Checked-Out,4
BR06461,B00185,R02648,6400,5,Checked-Out,5
BR06462,B02797,R02427,4850,10,Checked-Out,4
BR06463,B02797,R02428,5100,10,Checked-Out,5
BR06464,B02225,R02430,3100,0,Checked-Out,4
BR06465,B06074,R02690,5600,0,Checked-Out,4
BR06466,B01506,R02434,2900,5,Cancelled,
BR06467,B02832,R02654,6300,10,Checked-Out,4
BR06468,B05497,R02691,4450,5,Checked-Out,3
BR06469,B05497,R02696,3400,5,Checked-Out,4
BR06470,B08179,R02434,2900,20,Checked-Out,4
BR06471,B05656,R02438,4250,15,Checked-Out,3
BR06472,B03920,R02658,7450,0,Checked-Out,2
BR06473,B03920,R02660,8150,5,Checked-Out,4
BR06474,B03920,R02662,7200,0,Checked-Out,2
BR06475,B03881,R02439,4250,15,Checked-Out,3
BR06476,B03881,R02442,4750,0,Checked-Out,4
BR06477,B08242,R02698,5050,10,Checked-Out,4
BR06478,B09011,R02700,6300,0,Checked-Out,4
BR06479,B07491,R02704,6100,10,Checked-Out,5
BR06480,B02984,R02706,6850,0,Checked-Out,5
BR06481,B03695,R02444,4500,15,Checked-Out,5
BR06482,B05753,R02715,5350,5,Checked-Out,3
BR06483,B06460,R02462,4600,25,Checked-Out,4
BR06484,B05943,R02664,7500,0,Checked-Out,5
BR06485,B07312,R02716,4100,5,Checked-Out,5
BR06486,B02464,R02712,6800,20,Checked-Out,4
BR06487,B02464,R02717,5800,0,Checked-Out,5
BR06488,B00195,R02463,4650,5,Cancelled,
BR06489,B00756,R02463,5000,5,Checked-Out,4
BR06490,B01345,R02719,6550,20,Checked-Out,2
BR06491,B01046,R02465,4400,30,Checked-Out,4
BR06492,B05812,R02721,5100,0,Checked-Out,5
BR06493,B00074,R02722,3800,5,Checked-Out,5
BR06494,B01869,R02467,2550,0,Cancelled,
BR06495,B01869,R02471,3600,0,Cancelled,
BR06496,B01869,R02474,3800,5,Cancelled,
BR06497,B09308,R02467,2500,15,Checked-Out,5
BR06498,B09453,R02471,4200,15,Checked-Out,5
BR06499,B08491,R02413,3900,5,Cancelled,
BR06500,B00779,R02720,6150,5,Checked-Out,4
BR06501,B00779,R02437,6250,15,Checked-Out,5
BR06502,B05440,R02413,2950,5,No-Show,
BR06503,B05440,R02415,4150,0,No-Show,
BR06504,B07610,R02665,4750,0,Checked-Out,3
BR06505,B00353,R02413,3650,0,Checked-Out,5
BR06506,B00353,R02415,4900,0,Checked-Out,4
BR06507,B00353,R02418,3950,0,Checked-Out,4
BR06508,B06308,R02423,6800,0,Checked-Out,4
BR06509,B00231,R02669,7500,0,Checked-Out,4
BR06510,B02383,R02424,5850,5,Checked-Out,5
BR06511,B08983,R02681,8150,0,Checked-Out,4
BR06512,B02226,R02474,4100,10,Cancelled,
BR06513,B07643,R02474,4800,20,Checked-Out,4
BR06514,B08571,R02685,7800,15,Checked-Out,4
BR06515,B01692,R02441,6100,5,Checked-Out,2
BR06516,B02795,R02475,3450,10,Checked-Out,4
BR06517,B02795,R02477,4150,0,Checked-Out,4
BR06518,B05093,R02478,3450,0,Checked-Out,5
BR06519,B05715,R02429,6250,20,Cancelled,
BR06520,B07376,R02694,9200,5,Checked-Out,5
BR06521,B07376,R02701,6950,5,Checked-Out,4
BR06522,B02126,R02479,3050,0,Cancelled,
BR06523,B02126,R02480,3350,0,Cancelled,
BR06524,B03849,R02707,9050,0,Checked-Out,5
BR06525,B02985,R02686,6400,10,Checked-Out,4
BR06526,B02915,R02479,3000,0,Checked-Out,5
BR06527,B04269,R02728,5900,5,Checked-Out,4
BR06528,B04236,R02445,5350,0,Checked-Out,4
BR06529,B04236,R02453,7450,0,Checked-Out,5
BR06530,B04881,R02687,6200,0,Checked-Out,5
BR06531,B02250,R02697,8150,0,Checked-Out,3
BR06532,B03140,R02429,7850,10,Checked-Out,3
BR06533,B04491,R02431,5550,0,Checked-Out,5
BR06534,B00891,R02456,7350,0,Cancelled,
BR06535,B06818,R02703,8050,10,Checked-Out,3
BR06536,B06032,R02730,8600,0,Checked-Out,2
BR06537,B05764,R02705,7050,15,Checked-Out,4
BR06538,B06513,R02480,4350,5,Checked-Out,4
BR06539,B09167,R02443,8600,0,Checked-Out,4
BR06540,B03911,R02485,5050,15,Checked-Out,4
BR06541,B03159,R02486,4550,0,Checked-Out,5
BR06542,B03159,R02492,4350,15,Checked-Out,5
BR06543,B05498,R02708,9750,10,Checked-Out,4
BR06544,B09152,R02714,10500,5,Checked-Out,4
BR06545,B07540,R02451,8150,0,Checked-Out,5
BR06546,B02520,R02494,4100,10,Checked-Out,5
BR06547,B08428,R02723,6550,5,Checked-Out,3
BR06548,B08428,R02724,6050,15,Checked-Out,4
BR06549,B05730,R02499,5000,5,Checked-Out,5
BR06550,B03674,R02456,6750,10,Checked-Out,5
BR06551,B05107,R02725,6900,0,Checked-Out,4
BR06552,B09247,R02500,3400,25,Checked-Out,5
BR06553,B01394,R02484,8300,5,Checked-Out,4
BR06554,B02731,R02454,5300,0,Checked-Out,5
BR06555,B02731,R02501,3550,5,Checked-Out,4
BR06556,B07351,R02455,6750,15,Checked-Out,4
BR06557,B07867,R02459,8350,5,Checked-Out,4
BR06558,B03992,R02503,4000,10,Cancelled,
BR06559,B00075,R02461,5450,10,Checked-Out,3
BR06560,B07900,R02469,4500,5,Checked-Out,5
BR06561,B04229,R02503,3850,15,Checked-Out,4
BR06562,B06960,R02506,4150,15,Checked-Out,4
BR06563,B06960,R02507,4200,0,Checked-Out,5
BR06564,B07212,R02412,6650,15,Checked-Out,3
BR06565,B07813,R02508,5000,25,Checked-Out,4
BR06566,B03671,R02414,9250,10,Checked-Out,4
BR06567,B01500,R02416,7800,0,Checked-Out,3
BR06568,B06520,R02470,6400,5,Checked-Out,5
BR06569,B02293,R02511,3600,0,Checked-Out,5
BR06570,B02588,R02433,10850,0,Checked-Out,4
BR06571,B02324,R02435,11950,0,Checked-Out,5
BR06572,B02553,R02472,8500,0,Checked-Out,4
BR06573,B02553,R02473,8250,0,Checked-Out,4
BR06574,B00321,R02481,4950,0,Checked-Out,4
BR06575,B00451,R02417,8700,5,Checked-Out,4
BR06576,B09432,R02513,3350,0,Checked-Out,4
BR06577,B06814,R02448,9500,10,Checked-Out,5
BR06578,B01535,R02488,8100,10,Checked-Out,4
BR06579,B03503,R02521,4650,10,Checked-Out,4
BR06580,B03174,R02522,4050,10,Checked-Out,4
BR06581,B05085,R02493,7250,5,Checked-Out,4
BR06582,B08657,R02530,3150,20,No-Show,
BR06583,B03016,R02489,6800,5,No-Show,
BR06584,B03016,R02496,8200,5,No-Show,
BR06585,B01242,R02425,7700,0,Checked-Out,5
BR06586,B03327,R02495,6950,10,Checked-Out,4
BR06587,B03327,R02504,5200,0,Checked-Out,4
BR06588,B08113,R02509,6150,15,Cancelled,
BR06589,B08447,R02432,7400,20,Checked-Out,4
BR06590,B04219,R02530,3650,5,No-Show,
BR06591,B01453,R02530,3550,10,Checked-Out,4
BR06592,B00307,R02436,7450,10,Checked-Out,4
BR06593,B00307,R02509,7600,5,Checked-Out,4
BR06594,B00307,R02510,7850,10,Checked-Out,3
BR06595,B07775,R02489,6800,0,Checked-Out,4
BR06596,B07775,R02496,8750,5,Checked-Out,4
BR06597,B07775,R02497,7350,0,Checked-Out,3
BR06598,B07775,R02498,6950,5,Checked-Out,4
BR06599,B06901,R02515,5450,15,Checked-Out,4
BR06600,B06901,R02450,8000,5,Checked-Out,3
BR06601,B03375,R02535,3200,10,Checked-Out,4
BR06602,B06675,R02536,4150,15,Checked-Out,4
BR06603,B01473,R02458,12450,5,Checked-Out,4
BR06604,B00164,R02538,3600,0,Checked-Out,1
BR06605,B00164,R02539,6450,10,Checked-Out,4
BR06606,B00164,R02540,5300,0,Checked-Out,4
BR06607,B00614,R02516,4450,10,Checked-Out,4
BR06608,B05601,R02440,6300,20,Checked-Out,4
BR06609,B07407,R02518,7100,5,Checked-Out,3
BR06610,B03166,R02537,8700,5,No-Show,
BR06611,B03166,R02562,7550,25,No-Show,
BR06612,B01302,R02517,6800,0,Cancelled,
BR06613,B07734,R02446,7800,5,Checked-Out,2
BR06614,B09854,R02468,10800,0,Checked-Out,4
BR06615,B01971,R02545,4500,30,Checked-Out,5
BR06616,B07459,R02447,6500,15,Checked-Out,4
BR06617,B07955,R02517,6950,5,Checked-Out,4
BR06618,B06932,R02537,7900,5,Checked-Out,4
BR06619,B06071,R02449,7500,10,Checked-Out,4
BR06620,B06071,R02452,7250,25,Checked-Out,4
BR06621,B06067,R02457,8750,10,Checked-Out,5
BR06622,B05744,R02562,7300,20,Checked-Out,3
BR06623,B01625,R02546,4900,10,Checked-Out,4
BR06624,B02639,R02547,4700,0,Checked-Out,3
BR06625,B05094,R02551,4700,10,Checked-Out,4
BR06626,B02155,R02520,5700,10,Checked-Out,3
BR06627,B07939,R02460,10100,0,Checked-Out,4
BR06628,B06033,R02464,7150,5,Checked-Out,5
BR06629,B00842,R02524,4700,0,Checked-Out,5
BR06630,B00842,R02526,6100,0,Checked-Out,4
BR06631,B07080,R02556,5600,10,Checked-Out,3
BR06632,B08777,R02482,11650,10,Cancelled,
BR06633,B08777,R02490,13550,0,Cancelled,
BR06634,B09383,R02563,3700,0,Checked-Out,4
BR06635,B00787,R02569,5300,0,Checked-Out,5
BR06636,B03964,R02571,5200,0,Cancelled,
BR06637,B05081,R02571,5200,0,Checked-Out,5
BR06638,B03294,R02532,6650,10,Checked-Out,5
BR06639,B07096,R02466,7750,5,No-Show,
BR06640,B09907,R02533,6950,15,Cancelled,
BR06641,B07534,R02579,3800,0,Checked-Out,2
BR06642,B09846,R02565,9650,0,Checked-Out,4
BR06643,B09846,R02533,7050,0,Checked-Out,5
BR06644,B01233,R02541,5450,0,Cancelled,
BR06645,B03912,R02580,3400,0,Checked-Out,4
BR06646,B02382,R02541,4900,0,Checked-Out,3
BR06647,B02819,R02587,6800,10,Checked-Out,5
BR06648,B05465,R02581,3550,0,Checked-Out,5
BR06649,B05465,R02583,3300,5,Checked-Out,4
BR06650,B03545,R02466,8000,20,Checked-Out,5
BR06651,B03545,R02476,10000,5,Checked-Out,4
BR06652,B07778,R02483,7400,20,Checked-Out,3
BR06653,B07778,R02487,8500,15,Checked-Out,4
BR06654,B03993,R02491,7250,15,Checked-Out,4
BR06655,B07442,R02542,4950,15,Checked-Out,5
BR06656,B06798,R02586,5450,0,Checked-Out,4
BR06657,B09309,R02592,3900,0,Checked-Out,5
BR06658,B02147,R02543,3850,5,Checked-Out,5
BR06659,B00615,R02553,5050,20,Checked-Out,4
BR06660,B06856,R02502,7250,10,Checked-Out,3
BR06661,B01391,R02512,9400,5,Checked-Out,4
BR06662,B01006,R02505,8300,10,Checked-Out,4
BR06663,B02384,R02554,8450,15,Checked-Out,5
BR06664,B09519,R02561,7700,15,Checked-Out,4
BR06665,B03748,R02594,4750,20,Checked-Out,4
BR06666,B06299,R02603,4650,10,Checked-Out,4
BR06667,B00827,R02514,7000,0,Checked-Out,5
BR06668,B00827,R02523,5950,10,Checked-Out,3
BR06669,B08429,R02564,6050,0,No-Show,
BR06670,B00492,R02605,5850,0,Checked-Out,4
BR06671,B06956,R02482,10850,0,Checked-Out,5
BR06672,B06113,R02608,3900,0,Checked-Out,5
BR06673,B06117,R02564,6800,0,Checked-Out,4
BR06674,B09119,R02525,8000,5,Checked-Out,4
BR06675,B06427,R02527,5900,0,Checked-Out,4
BR06676,B08208,R02607,5000,0,Checked-Out,5
BR06677,B05082,R02611,4200,0,Checked-Out,5
BR06678,B03202,R02570,5400,0,Checked-Out,2
BR06679,B03202,R02568,5400,5,Checked-Out,4
BR06680,B08715,R02616,5900,0,Checked-Out,2
BR06681,B00920,R02573,6750,5,Checked-Out,3
BR06682,B02852,R02627,4800,5,Cancelled,
BR06683,B09565,R02627,4950,0,Checked-Out,4
BR06684,B08873,R02574,5950,10,Checked-Out,4
BR06685,B08407,R02528,6250,20,Checked-Out,4
BR06686,B03921,R02631,4700,10,Checked-Out,5
BR06687,B03921,R02636,5500,0,Checked-Out,4
BR06688,B03083,R02529,7450,5,Checked-Out,5
BR06689,B08658,R02638,6450,0,No-Show,
BR06690,B06257,R02575,4700,10,No-Show,
BR06691,B09949,R02575,4550,0,Checked-Out,4
BR06692,B09968,R02638,5700,10,Cancelled,
BR06693,B03762,R02576,6300,10,Checked-Out,5
BR06694,B00749,R02638,5250,0,Checked-Out,4
BR06695,B06547,R02548,6000,10,Checked-Out,5
BR06696,B00567,R02577,4550,5,Checked-Out,5
BR06697,B00567,R02582,4900,10,Checked-Out,5
BR06698,B02275,R02641,3700,10,Checked-Out,4
BR06699,B06929,R02649,4700,0,No-Show,
BR06700,B09561,R02589,4450,0,Checked-Out,4
BR06701,B09561,R02593,7300,5,Checked-Out,4
BR06702,B03499,R02649,6050,10,Checked-Out,3
BR06703,B05487,R02591,5850,20,Checked-Out,4
BR06704,B08584,R02618,8950,0,Checked-Out,4
BR06705,B08869,R02624,6500,5,Checked-Out,5
BR06706,B08896,R02531,7000,0,Checked-Out,4
BR06707,B08896,R02534,9800,0,Checked-Out,4
BR06708,B01438,R02597,7000,10,Checked-Out,4
BR06709,B04151,R02639,8050,20,Checked-Out,4
BR06710,B05567,R02598,6200,10,Cancelled,
BR06711,B09114,R02651,5650,0,Checked-Out,4
BR06712,B09433,R02655,3450,10,Checked-Out,5
BR06713,B00347,R02598,4800,5,Cancelled,
BR06714,B00559,R02598,5650,15,Checked-Out,4
BR06715,B02600,R02668,4600,0,Checked-Out,4
BR06716,B02600,R02676,4000,0,Checked-Out,3
BR06717,B00626,R02678,3700,0,Checked-Out,4
BR06718,B07903,R02689,4050,20,Checked-Out,4
BR06719,B07903,R02640,6050,0,Checked-Out,3
BR06720,B05131,R02549,7850,15,Checked-Out,3
BR06721,B05920,R02550,6050,10,Checked-Out,4
BR06722,B06627,R02692,4250,5,Checked-Out,4
BR06723,B05146,R02599,6600,25,Checked-Out,3
BR06724,B00007,R02490,12750,20,Checked-Out,3
BR06725,B02951,R02555,6750,0,Checked-Out,4
BR06726,B08684,R02693,3700,5,Checked-Out,5
BR06727,B08684,R02695,5450,0,Checked-Out,4
BR06728,B05157,R02646,7000,0,Checked-Out,3
BR06729,B07082,R02559,6450,0,Checked-Out,4
BR06730,B09650,R02604,3850,5,Checked-Out,5
BR06731,B05025,R02557,7400,5,Checked-Out,2
BR06732,B00381,R02560,6100,0,Checked-Out,5
BR06733,B06937,R02643,8400,15,Checked-Out,4
BR06734,B06937,R02699,4050,25,Checked-Out,4
BR06735,B06937,R02566,9650,5,Checked-Out,5
BR06736,B00777,R02602,4600,0,Checked-Out,5
BR06737,B02266,R02578,5750,5,Checked-Out,4
BR06738,B02266,R02584,7050,15,Checked-Out,5
BR06739,B09556,R02656,6150,20,Checked-Out,4
BR06740,B04778,R02702,4750,0,Checked-Out,4
BR06741,B06490,R02609,6450,0,Cancelled,
BR06742,B09249,R02709,4100,10,Checked-Out,5
BR06743,B04479,R02609,6500,5,Checked-Out,5
BR06744,B00794,R02590,7850,10,Checked-Out,4
BR06745,B00794,R02595,7750,0,Checked-Out,4
BR06746,B06548,R02519,9300,0,Checked-Out,2
BR06747,B07814,R02713,4400,5,Cancelled,
BR06748,B05825,R02596,6900,15,Checked-Out,3
BR06749,B01637,R02610,4500,0,Checked-Out,4
BR06750,B05466,R02713,3950,0,Checked-Out,4
BR06751,B01610,R02711,3800,0,Checked-Out,5
BR06752,B07675,R02622,6650,10,Checked-Out,5
BR06753,B06347,R02718,3850,0,Cancelled,
BR06754,B03687,R02626,4400,5,Checked-Out,5
BR06755,B04180,R02718,4400,0,Checked-Out,4
BR06756,B06189,R02544,8200,10,Checked-Out,4
BR06757,B03756,R02552,9350,15,Checked-Out,5
BR06758,B01239,R02670,8450,15,Checked-Out,5
BR06759,B01622,R02632,4750,10,Checked-Out,3
BR06760,B08314,R02726,4450,20,Checked-Out,5
BR06761,B08314,R02729,4300,15,Checked-Out,4
BR06762,B09204,R02673,6100,15,Cancelled,
BR06763,B09204,R02674,6950,5,Cancelled,
BR06764,B09204,R02679,6950,0,Cancelled,
BR06765,B09204,R02683,4750,15,Cancelled,
BR06766,B09065,R02673,6350,0,Checked-Out,5
BR06767,B08597,R02600,7000,15,Checked-Out,3
BR06768,B00178,R02674,7100,10,Checked-Out,4
BR06769,B04518,R02601,6650,15,Checked-Out,4
BR06770,B04136,R02727,3300,5,Checked-Out,4
BR06771,B04136,R02411,4450,20,Checked-Out,4
BR06772,B09017,R02637,5600,20,Checked-Out,2
BR06773,B05694,R02644,5150,5,Checked-Out,4
BR06774,B05694,R02652,4550,0,Checked-Out,3
BR06775,B05694,R02663,7100,15,Checked-Out,4
BR06776,B05620,R02419,4400,15,Checked-Out,5
BR06777,B06679,R02679,6600,5,Cancelled,
BR06778,B00077,R02558,11500,0,No-Show,
BR06779,B00077,R02666,5600,10,No-Show,
BR06780,B08696,R02606,6600,0,Checked-Out,4
BR06781,B08696,R02558,12450,0,Checked-Out,2
BR06782,B06165,R02613,8500,10,Checked-Out,5
BR06783,B06426,R02666,5900,0,Checked-Out,5
BR06784,B06586,R02420,4300,10,Checked-Out,4
BR06785,B03282,R02614,7100,15,No-Show,
BR06786,B05745,R02567,10900,0,Checked-Out,4
BR06787,B06534,R02667,5400,30,Checked-Out,4
BR06788,B07942,R02679,6950,15,Cancelled,
BR06789,B07942,R02683,5300,10,Cancelled,
BR06790,B09300,R02672,5750,25,Checked-Out,4
BR06791,B03414,R02614,8350,25,Checked-Out,5
BR06792,B03414,R02615,6350,0,Checked-Out,4
BR06793,B04050,R02677,6500,0,Checked-Out,4
BR06794,B04482,R02421,5850,0,Checked-Out,4
BR06795,B04482,R02422,4200,20,Checked-Out,4
BR06796,B07174,R02680,7100,0,Checked-Out,5
BR06797,B07174,R02682,6350,15,Checked-Out,4
BR06798,B00819,R02426,3900,5,Checked-Out,4
BR06799,B00819,R02427,5250,30,Checked-Out,4
BR06800,B07132,R02617,7800,0,Checked-Out,4
BR06801,B08825,R02428,4950,15,Checked-Out,5
BR06802,B03666,R02684,6100,5,Checked-Out,4
BR06803,B06702,R02619,7800,10,Cancelled,
BR06804,B06702,R02623,7550,10,Cancelled,
BR06805,B06702,R02691,5200,0,Cancelled,
BR06806,B07352,R02691,5300,15,Checked-Out,5
BR06807,B08813,R02679,6750,0,Checked-Out,4
BR06808,B00877,R02619,6800,5,Checked-Out,4
BR06809,B07993,R02623,6350,10,Cancelled,
BR06810,B07993,R02696,3800,5,Cancelled,
BR06811,B04427,R02683,4450,0,Checked-Out,2
BR06812,B01939,R02430,3200,5,Checked-Out,3
BR06813,B02560,R02696,3800,0,Checked-Out,4
BR06814,B06366,R02623,6100,0,Checked-Out,5
BR06815,B06366,R02690,5700,15,Checked-Out,5
BR06816,B08265,R02434,3000,10,Checked-Out,4
BR06817,B06423,R02438,3950,0,Checked-Out,1
BR06818,B06423,R02439,4700,10,Checked-Out,4
BR06819,B06668,R02442,5050,0,Checked-Out,5
BR06820,B06668,R02444,4400,0,Checked-Out,4
BR06821,B06455,R02462,4550,25,No-Show,
BR06822,B09983,R02625,7350,10,Checked-Out,5
BR06823,B08897,R02698,6250,0,Checked-Out,4
BR06824,B07494,R02629,6150,0,Checked-Out,5
BR06825,B07494,R02630,6150,0,Checked-Out,4
BR06826,B07186,R02572,10850,10,Checked-Out,2
BR06827,B09205,R02585,7300,15,Checked-Out,5
BR06828,B01854,R02704,5750,0,Checked-Out,4
BR06829,B05062,R02700,7000,0,Checked-Out,4
BR06830,B05249,R02462,4900,0,Checked-Out,4
BR06831,B05249,R02463,5050,0,Checked-Out,4
BR06832,B05249,R02465,5400,15,Checked-Out,2
BR06833,B09595,R02633,6850,0,Cancelled,
BR06834,B02877,R02588,8150,0,Checked-Out,4
BR06835,B02877,R02612,10150,0,Checked-Out,3
BR06836,B08055,R02633,6350,0,Checked-Out,4
BR06837,B06236,R02634,7850,10,Checked-Out,4
BR06838,B04360,R02620,7700,0,Checked-Out,4
BR06839,B06238,R02688,7150,0,Checked-Out,4
BR06840,B00958,R02706,6500,10,Checked-Out,3
BR06841,B03162,R02467,2900,30,No-Show,
BR06842,B06761,R02715,6150,0,Cancelled,
BR06843,B01793,R02715,5250,0,Checked-Out,3
BR06844,B01793,R02635,5900,10,Checked-Out,3
BR06845,B00843,R02716,3950,5,Checked-Out,2
BR06846,B00843,R02721,5600,0,Checked-Out,4
BR06847,B00843,R02722,3800,0,Checked-Out,4
BR06848,B00843,R02423,6650,10,Checked-Out,5
BR06849,B07175,R02647,7500,0,No-Show,
BR06850,B07175,R02648,6800,0,No-Show,
BR06851,B01087,R02467,2900,5,No-Show,
BR06852,B03100,R02710,6250,0,Checked-Out,3
BR06853,B04232,R02467,3100,10,Cancelled,
BR06854,B06407,R02647,7200,0,Checked-Out,5
BR06855,B06407,R02413,4200,20,Checked-Out,4
BR06856,B07072,R02415,5350,0,Checked-Out,4
BR06857,B07072,R02418,4550,15,Checked-Out,4
BR06858,B07632,R02424,5300,0,Checked-Out,2
BR06859,B09999,R02429,6650,5,Checked-Out,4
BR06860,B01240,R02467,3350,20,Checked-Out,4
BR06861,B04859,R02471,4300,10,Checked-Out,5
BR06862,B04859,R02474,4450,20,Checked-Out,5
BR06863,B03910,R02475,3900,5,Checked-Out,4
BR06864,B05879,R02431,4800,0,Checked-Out,4
BR06865,B00302,R02443,6400,30,Checked-Out,4
BR06866,B00302,R02451,5450,0,Checked-Out,4
BR06867,B00127,R02621,12600,10,Checked-Out,3
BR06868,B04051,R02454,4500,15,Checked-Out,4
BR06869,B00867,R02455,6150,10,Checked-Out,4
BR06870,B03399,R02459,6650,30,Checked-Out,5
BR06871,B00552,R02461,6000,10,Checked-Out,4
BR06872,B04970,R02712,7050,5,Checked-Out,4
BR06873,B00297,R02717,5250,10,Cancelled,
BR06874,B00297,R02719,6050,0,Cancelled,
BR06875,B00297,R02437,5450,5,Cancelled,
BR06876,B06227,R02648,5800,0,Checked-Out,3
BR06877,B08736,R02654,6000,0,Checked-Out,4
BR06878,B06178,R02469,5000,0,Checked-Out,5
BR06879,B09256,R02477,4350,0,Checked-Out,4
BR06880,B09633,R02478,4800,5,Checked-Out,5
BR06881,B01306,R02717,6350,0,Cancelled,
BR06882,B01902,R02628,7600,0,Checked-Out,4
BR06883,B03828,R02470,6650,10,Checked-Out,5
BR06884,B02738,R02472,5550,0,Checked-Out,4
BR06885,B02738,R02473,6000,5,Checked-Out,4
BR06886,B06703,R02479,3050,5,No-Show,
BR06887,B06703,R02480,3150,15,No-Show,
BR06888,B00179,R02658,7300,5,Checked-Out,3
BR06889,B00179,R02481,4550,15,Checked-Out,5
BR06890,B08440,R02642,11400,20,Checked-Out,4
BR06891,B02488,R02717,6950,10,Checked-Out,4
BR06892,B04647,R02719,6450,20,Checked-Out,4
BR06893,B08129,R02493,7450,0,Cancelled,
BR06894,B04829,R02493,6550,20,Checked-Out,5
BR06895,B05483,R02479,3500,10,Checked-Out,5
BR06896,B05660,R02495,6200,10,Checked-Out,5
BR06897,B09029,R02645,7900,10,Checked-Out,4
BR06898,B04488,R02504,4300,15,Cancelled,
BR06899,B07460,R02480,3650,15,Checked-Out,4
BR06900,B08266,R02650,8050,20,Checked-Out,5
BR06901,B06018,R02660,7200,15,Checked-Out,4
BR06902,B09219,R02504,4050,10,Checked-Out,5
BR06903,B03678,R02485,4100,0,Checked-Out,3
BR06904,B05258,R02509,6700,0,Checked-Out,4
BR06905,B07668,R02662,7050,0,Checked-Out,3
BR06906,B06125,R02486,4500,0,Checked-Out,4
BR06907,B09206,R02510,6350,10,Checked-Out,2
BR06908,B05880,R02437,6800,10,Checked-Out,4
BR06909,B03168,R02515,5600,5,Checked-Out,4
BR06910,B03168,R02516,3750,0,Checked-Out,5
BR06911,B03731,R02664,6400,0,Checked-Out,4
BR06912,B01877,R02517,5700,5,Checked-Out,2
BR06913,B01877,R02520,4550,30,Checked-Out,5
BR06914,B05813,R02492,4800,15,Checked-Out,4
BR06915,B08620,R02665,5800,5,Checked-Out,5
BR06916,B08620,R02669,7700,0,Checked-Out,4
BR06917,B09953,R02685,7300,30,Checked-Out,3
BR06918,B01494,R02524,3550,10,Checked-Out,4
BR06919,B01623,R02494,2550,15,Checked-Out,4
BR06920,B02368,R02526,5450,0,Checked-Out,3
BR06921,B04423,R02720,5350,5,Checked-Out,3
BR06922,B08944,R02441,5100,10,Checked-Out,4
BR06923,B03673,R02532,5550,0,Checked-Out,5
BR06924,B04593,R02686,6000,10,Cancelled,
BR06925,B09445,R02445,5050,15,Checked-Out,3
BR06926,B01360,R02453,6700,5,Checked-Out,3
BR06927,B05063,R02456,5800,5,Checked-Out,4
BR06928,B01162,R02533,6950,5,Cancelled,
BR06929,B00893,R02499,4150,0,Checked-Out,4
BR06930,B04169,R02533,5150,0,Checked-Out,5
BR06931,B07700,R02541,4450,0,Cancelled,
BR06932,B00493,R02686,5300,5,Checked-Out,3
BR06933,B04316,R02541,5350,15,Cancelled,
BR06934,B08659,R02484,5850,10,Checked-Out,3
BR06935,B03688,R02500,3250,15,Checked-Out,5
BR06936,B04049,R02541,5250,5,Checked-Out,2
BR06937,B08525,R02542,3950,10,Cancelled,
BR06938,B08826,R02501,3150,10,Checked-Out,5
BR06939,B09675,R02542,4600,5,Checked-Out,5
BR06940,B00983,R02503,3250,0,Checked-Out,4
BR06941,B00983,R02508,4250,0,Checked-Out,4
BR06942,B06159,R02543,4400,5,Cancelled,
BR06943,B06159,R02553,4450,10,Cancelled,
BR06944,B03517,R02543,4500,0,Checked-Out,3
BR06945,B03792,R02687,4950,15,Checked-Out,4
BR06946,B07176,R02697,8700,10,Checked-Out,5
BR06947,B08077,R02653,10800,0,Checked-Out,5
BR06948,B01832,R02553,4900,5,Cancelled,
BR06949,B03267,R02488,7050,5,Checked-Out,4
BR06950,B04153,R02506,3500,10,Checked-Out,5
BR06951,B02357,R02507,3400,15,Checked-Out,5
BR06952,B08209,R02703,5650,10,Checked-Out,4
BR06953,B06213,R02511,3100,15,Cancelled,
BR06954,B07653,R02511,3000,5,Checked-Out,4
BR06955,B06842,R02553,4850,0,Checked-Out,5
BR06956,B00868,R02513,3500,5,Checked-Out,5
BR06957,B00872,R02657,9050,0,Checked-Out,4
BR06958,B00872,R02521,4350,5,Checked-Out,4
BR06959,B00872,R02489,5100,0,Checked-Out,4
BR06960,B02102,R02705,6250,0,Checked-Out,4
BR06961,B06705,R02554,6100,0,Checked-Out,3
BR06962,B00609,R02522,4100,15,Checked-Out,5
BR06963,B01603,R02561,6800,10,Checked-Out,4
BR06964,B05655,R02708,7350,10,Checked-Out,4
BR06965,B09209,R02714,8100,0,Checked-Out,5
BR06966,B00724,R02496,7850,10,Cancelled,
BR06967,B01069,R02530,3300,25,Cancelled,
BR06968,B08455,R02659,8300,10,Checked-Out,4
BR06969,B01904,R02530,2800,0,Checked-Out,5
BR06970,B02739,R02535,2500,15,Checked-Out,3
BR06971,B02739,R02536,3350,10,Checked-Out,5
BR06972,B04802,R02538,2650,5,Checked-Out,5
BR06973,B01146,R02496,5900,0,Checked-Out,4
BR06974,B01146,R02497,4800,10,Checked-Out,4
BR06975,B06473,R02564,5200,10,Cancelled,
BR06976,B03680,R02539,5000,0,Checked-Out,5
BR06977,B02012,R02564,5900,5,Checked-Out,3
BR06978,B02926,R02568,4500,5,Cancelled,
BR06979,B03556,R02498,5950,0,Checked-Out,4
BR06980,B08141,R02568,4800,15,Checked-Out,4
BR06981,B00197,R02723,6250,15,Checked-Out,4
BR06982,B07754,R02570,4450,5,Checked-Out,4
BR06983,B09250,R02540,3950,10,Checked-Out,4
BR06984,B01785,R02573,6450,20,Checked-Out,4
BR06985,B01785,R02574,5700,10,Checked-Out,5
BR06986,B05827,R02575,4300,10,Checked-Out,4
BR06987,B00036,R02545,4300,15,Checked-Out,5
BR06988,B00036,R02724,6550,5,Checked-Out,5
BR06989,B04570,R02546,4700,5,Checked-Out,3
BR06990,B06306,R02576,6100,5,Cancelled,
BR06991,B07967,R02725,6000,0,Checked-Out,4
BR06992,B00894,R02551,3050,10,Checked-Out,4
BR06993,B03359,R02547,4100,10,Cancelled,
BR06994,B03359,R02556,4250,0,Cancelled,
BR06995,B00301,R02576,5550,0,No-Show,
BR06996,B00954,R02661,8000,0,Checked-Out,5
BR06997,B01624,R02576,5100,0,Checked-Out,5
BR06998,B02132,R02547,3850,10,Checked-Out,4
BR06999,B03848,R02556,4050,0,Checked-Out,5
BR07000,B05942,R02671,8450,0,Checked-Out,5
BR07001,B05354,R02732,4100,10,Checked-Out,5
BR07002,B03290,R02733,5950,10,Checked-Out,4
BR07003,B07645,R02737,5400,10,Checked-Out,4
BR07004,B02436,R02738,7550,0,Checked-Out,4
BR07005,B09517,R02742,4400,5,Checked-Out,4
BR07006,B07999,R02735,6350,5,Checked-Out,2
BR07007,B01919,R02736,4350,10,Checked-Out,4
BR07008,B07588,R02755,7050,10,Checked-Out,4
BR07009,B04657,R02739,4800,5,Cancelled,
BR07010,B04721,R02744,7950,0,Checked-Out,3
BR07011,B08626,R02739,5450,0,Checked-Out,4
BR07012,B00940,R02758,8750,15,Checked-Out,5
BR07013,B05558,R02749,11650,30,Checked-Out,3
BR07014,B05558,R02768,7950,0,Checked-Out,4
BR07015,B07650,R02773,7500,5,Cancelled,
BR07016,B01895,R02764,7950,10,Checked-Out,5
BR07017,B01496,R02743,6800,10,Checked-Out,3
BR07018,B00757,R02766,6350,0,Cancelled,
BR07019,B07803,R02747,5950,10,Checked-Out,4
BR07020,B07803,R02763,6450,0,Checked-Out,5
BR07021,B09748,R02741,4100,15,Checked-Out,4
BR07022,B09748,R02745,3600,10,Checked-Out,4
BR07023,B05070,R02766,5700,5,Checked-Out,4
BR07024,B00027,R02773,7200,10,Checked-Out,4
BR07025,B00443,R02765,6350,25,Checked-Out,5
BR07026,B00443,R02746,5400,10,Checked-Out,4
BR07027,B00443,R02770,6150,15,Checked-Out,4
BR07028,B00443,R02772,6350,10,Checked-Out,5
BR07029,B01696,R02780,8450,5,Checked-Out,3
BR07030,B08900,R02750,4200,15,Checked-Out,5
BR07031,B08900,R02751,4650,0,Checked-Out,4
BR07032,B09562,R02752,4450,0,Checked-Out,4
BR07033,B08858,R02781,7950,0,Checked-Out,4
BR07034,B03767,R02753,3850,0,Checked-Out,4
BR07035,B08538,R02775,6250,0,Checked-Out,4
BR07036,B05873,R02782,8250,0,Checked-Out,5
BR07037,B03118,R02785,6300,5,Checked-Out,4
BR07038,B00461,R02778,7300,5,Checked-Out,4
BR07039,B05884,R02779,3550,10,Checked-Out,4
BR07040,B05884,R02787,6000,0,Checked-Out,4
BR07041,B06401,R02790,7000,5,Cancelled,
BR07042,B03989,R02790,7700,25,Checked-Out,5
BR07043,B06865,R02731,4100,10,Checked-Out,4
BR07044,B06382,R02754,4500,20,Checked-Out,5
BR07045,B05141,R02786,4300,0,Checked-Out,5
BR07046,B05141,R02789,5600,0,Checked-Out,5
BR07047,B01517,R02794,6000,10,Checked-Out,4
BR07048,B03279,R02793,8200,0,Cancelled,
BR07049,B00966,R02803,4550,5,Checked-Out,4
BR07050,B07589,R02756,3650,0,Cancelled,
BR07051,B07589,R02757,5150,20,Cancelled,
BR07052,B07589,R02760,3950,15,Cancelled,
BR07053,B03868,R02756,3300,0,Cancelled,
BR07054,B03623,R02784,9550,10,Checked-Out,1
BR07055,B09865,R02805,5550,5,Checked-Out,4
BR07056,B03040,R02793,8600,10,Checked-Out,3
BR07057,B03040,R02797,8750,0,Checked-Out,4
BR07058,B03040,R02824,10100,10,Checked-Out,5
BR07059,B03040,R02827,10650,5,Checked-Out,5
BR07060,B07195,R02806,5900,5,No-Show,
BR07061,B05113,R02734,5600,0,Checked-Out,4
BR07062,B05113,R02740,4500,0,Checked-Out,3
BR07063,B05185,R02843,8900,5,Checked-Out,4
BR07064,B06286,R02756,3150,5,Cancelled,
BR07065,B06286,R02757,4400,10,Cancelled,
BR07066,B01048,R02798,5900,5,Checked-Out,5
BR07067,B02178,R02756,3100,0,Checked-Out,5
BR07068,B03717,R02757,3900,10,Checked-Out,5
BR07069,B03717,R02845,7050,0,Checked-Out,4
BR07070,B05582,R02802,6300,0,Checked-Out,4
BR07071,B07852,R02760,3200,10,Checked-Out,4
BR07072,B07715,R02762,2850,5,Checked-Out,4
BR07073,B07715,R02872,8750,0,Checked-Out,4
BR07074,B01487,R02806,5700,10,Checked-Out,3
BR07075,B01487,R02819,5450,5,Checked-Out,5
BR07076,B01337,R02767,3400,20,Checked-Out,3
BR07077,B01337,R02774,3950,5,Checked-Out,4
BR07078,B02720,R02776,3350,30,Checked-Out,5
BR07079,B06316,R02808,7650,20,Checked-Out,3
BR07080,B09836,R02822,5050,0,Cancelled,
BR07081,B00082,R02822,5300,5,Checked-Out,5
BR07082,B00082,R02811,6300,0,Checked-Out,4
BR07083,B00082,R02748,5450,15,Checked-Out,4
BR07084,B02087,R02874,9350,0,Checked-Out,5
BR07085,B02087,R02904,7550,0,Checked-Out,5
BR07086,B04404,R02777,2950,10,Checked-Out,5
BR07087,B06330,R02812,6400,0,Checked-Out,4
BR07088,B06330,R02814,7650,5,Checked-Out,4
BR07089,B06330,R02815,6300,10,Checked-Out,3
BR07090,B08669,R02783,3150,15,Checked-Out,2
BR07091,B04854,R02826,5050,15,Checked-Out,4
BR07092,B04854,R02832,5250,10,Checked-Out,3
BR07093,B04854,R02833,4900,0,Checked-Out,2
BR07094,B05566,R02906,8250,15,No-Show,
BR07095,B04538,R02836,5850,25,Checked-Out,4
BR07096,B08054,R02788,3050,25,Cancelled,
BR07097,B08054,R02792,4300,10,Cancelled,
BR07098,B03207,R02788,3500,0,Checked-Out,5
BR07099,B06729,R02839,4350,0,Checked-Out,5
BR07100,B06729,R02817,7950,15,Checked-Out,4
BR07101,B03905,R02759,5200,0,Checked-Out,5
BR07102,B09101,R02820,5650,5,Checked-Out,5
BR07103,B01522,R02906,8900,0,Checked-Out,4
BR07104,B05921,R02761,5350,0,Checked-Out,2
BR07105,B07757,R02914,9650,0,Cancelled,
BR07106,B07757,R02922,7700,0,Cancelled,
BR07107,B08859,R02840,4550,5,Checked-Out,3
BR07108,B03842,R02848,5500,0,Cancelled,
BR07109,B03842,R02849,4950,5,Cancelled,
BR07110,B02204,R02769,6700,0,Checked-Out,4
BR07111,B02204,R02771,4950,0,Checked-Out,3
BR07112,B01883,R02821,6100,0,Checked-Out,4
BR07113,B06481,R02792,4550,0,Checked-Out,4
BR07114,B00917,R02848,6600,0,Checked-Out,3
BR07115,B02854,R02825,6950,0,No-Show,
BR07116,B05671,R02849,4350,15,Cancelled,
BR07117,B06287,R02795,3300,5,Checked-Out,5
BR07118,B08546,R02799,2850,20,Checked-Out,4
BR07119,B02647,R02804,4200,0,Checked-Out,5
BR07120,B04515,R02849,4300,15,Checked-Out,4
BR07121,B04515,R02853,4900,10,Checked-Out,3
BR07122,B03438,R02807,3650,0,Checked-Out,5
BR07123,B08377,R02809,4450,0,Cancelled,
BR07124,B08377,R02810,3650,0,Cancelled,
BR07125,B08377,R02813,3350,5,Cancelled,
BR07126,B02018,R02825,5950,20,Checked-Out,4
BR07127,B01617,R02857,6150,5,Checked-Out,3
BR07128,B06888,R02809,4850,25,Checked-Out,4
BR07129,B06888,R02810,4100,5,Checked-Out,5
BR07130,B09876,R02813,3300,30,Checked-Out,5
BR07131,B00941,R02914,9150,10,Checked-Out,2
BR07132,B00941,R02922,8150,5,Checked-Out,4
BR07133,B06837,R02816,4300,10,Checked-Out,4
BR07134,B07499,R02859,5000,5,No-Show,
BR07135,B08474,R02829,5650,5,Checked-Out,5
BR07136,B08474,R02937,9250,5,Checked-Out,4
BR07137,B00773,R02791,6250,25,Checked-Out,5
BR07138,B06060,R02831,5050,10,Checked-Out,5
BR07139,B06060,R02842,6800,0,Checked-Out,5
BR07140,B03380,R02859,5350,10,Checked-Out,4
BR07141,B06528,R02818,3500,10,Checked-Out,4
BR07142,B05795,R02823,4500,15,Checked-Out,4
BR07143,B02106,R02828,5550,10,Checked-Out,5
BR07144,B08880,R02862,5400,20,Checked-Out,3
BR07145,B09488,R02863,5200,10,Checked-Out,5
BR07146,B00658,R02938,10850,0,Checked-Out,5
BR07147,B02406,R02844,7100,0,Checked-Out,3
BR07148,B04819,R02864,6250,0,Checked-Out,4
BR07149,B05925,R02830,2800,10,Checked-Out,4
BR07150,B04690,R02866,6200,0,Checked-Out,4
BR07151,B04690,R02942,8050,0,Checked-Out,3
BR07152,B05389,R02835,5350,5,Checked-Out,2
BR07153,B07896,R02868,4250,0,Checked-Out,4
BR07154,B05059,R02837,4250,5,Checked-Out,4
BR07155,B05059,R02841,3900,0,Checked-Out,4
BR07156,B05957,R02846,3650,5,Checked-Out,5
BR07157,B05957,R02852,3450,10,Checked-Out,2
BR07158,B06447,R02856,4800,0,Checked-Out,4
BR07159,B04659,R02858,3450,15,No-Show,
BR07160,B04659,R02860,4000,5,No-Show,
BR07161,B04473,R02950,11450,0,Checked-Out,3
BR07162,B07353,R02858,4550,30,Checked-Out,4
BR07163,B07353,R02878,5350,0,Checked-Out,4
BR07164,B07353,R02962,8750,15,Checked-Out,4
BR07165,B02875,R02860,4650,15,Checked-Out,5
BR07166,B00248,R02861,4350,0,Checked-Out,5
BR07167,B02887,R02865,3150,15,Checked-Out,4
BR07168,B08387,R02881,6900,10,Checked-Out,4
BR07169,B00822,R02963,8500,20,Checked-Out,3
BR07170,B00840,R02885,7350,0,Checked-Out,3
BR07171,B06355,R02966,8300,10,Checked-Out,1
BR07172,B04516,R02867,4650,10,No-Show,
BR07173,B06587,R02887,3900,0,Checked-Out,4
BR07174,B01885,R02889,5200,10,Checked-Out,4
BR07175,B09687,R02891,6200,20,Checked-Out,5
BR07176,B05493,R02847,6750,5,Checked-Out,4
BR07177,B05513,R02867,4500,5,Checked-Out,4
BR07178,B00105,R02871,4600,5,Checked-Out,3
BR07179,B02370,R02894,6100,0,Checked-Out,3
BR07180,B05033,R02851,7850,5,Checked-Out,4
BR07181,B05922,R02873,4400,10,Checked-Out,5
BR07182,B06866,R02897,5250,5,Checked-Out,3
BR07183,B06866,R02900,5750,5,Checked-Out,4
BR07184,B06866,R02907,6950,15,Checked-Out,3
BR07185,B07170,R02854,6850,0,Checked-Out,4
BR07186,B07170,R02855,7050,0,Checked-Out,4
BR07187,B02959,R02909,4850,0,Checked-Out,3
BR07188,B00601,R02869,8000,10,Checked-Out,4
BR07189,B02363,R02911,5800,5,Checked-Out,5
BR07190,B02363,R02913,5000,0,Checked-Out,4
BR07191,B04240,R02875,4350,10,Checked-Out,4
BR07192,B06965,R02916,5100,0,Checked-Out,4
BR07193,B03150,R02876,3950,10,Checked-Out,4
BR07194,B03004,R02917,4750,15,Checked-Out,3
BR07195,B03893,R02967,8750,0,Checked-Out,4
BR07196,B03893,R02976,10550,0,Checked-Out,5
BR07197,B07448,R02796,6150,10,Checked-Out,4
BR07198,B00205,R02918,5200,5,Checked-Out,3
BR07199,B00205,R02985,9700,20,Checked-Out,4
BR07200,B04441,R02800,8250,25,Checked-Out,5
BR07201,B04441,R02801,10050,20,Checked-Out,3
BR07202,B04441,R02834,5950,0,Checked-Out,4
BR07203,B00220,R02877,3500,5,Checked-Out,4
BR07204,B00220,R02879,6450,0,Checked-Out,3
BR07205,B00649,R02882,3100,15,Checked-Out,4
BR07206,B07860,R02919,5300,5,Checked-Out,4
BR07207,B03390,R02920,5850,25,Checked-Out,4
BR07208,B06010,R02991,9150,5,Checked-Out,4
BR07209,B06010,R02996,10600,10,Checked-Out,4
BR07210,B01990,R02880,7550,15,No-Show,
BR07211,B07780,R02880,7250,20,Cancelled,
BR07212,B00481,R02924,4550,5,Checked-Out,5
BR07213,B06381,R02883,3950,10,Checked-Out,3
BR07214,B03439,R02998,8650,10,Checked-Out,5
BR07215,B00738,R02926,3650,10,Checked-Out,5
BR07216,B00718,R02838,7250,0,Checked-Out,4
BR07217,B00942,R02928,4500,0,Checked-Out,4
BR07218,B04997,R02929,5400,10,No-Show,
BR07219,B08206,R02880,7800,15,Checked-Out,4
BR07220,B08704,R02929,5200,5,Checked-Out,4
BR07221,B04717,R02884,3550,0,Checked-Out,3
BR07222,B00190,R02888,4150,0,Checked-Out,4
BR07223,B01407,R02886,6300,10,Checked-Out,4
BR07224,B01407,R02933,5300,30,Checked-Out,4
BR07225,B01407,R02890,4200,0,Checked-Out,4
BR07226,B01407,R02893,4500,15,Checked-Out,4
BR07227,B00022,R02936,4150,0,Checked-Out,5
BR07228,B00861,R02896,4600,10,Checked-Out,4
BR07229,B01582,R02899,4700,0,Checked-Out,3
BR07230,B01582,R02908,4050,10,Checked-Out,4
BR07231,B09874,R02943,4150,0,Checked-Out,3
BR07232,B00981,R02947,4850,5,Checked-Out,5
BR07233,B00152,R02910,3650,0,Checked-Out,5
BR07234,B03287,R02850,5850,5,Checked-Out,3
BR07235,B04635,R02954,6150,10,Checked-Out,5
BR07236,B02092,R02921,3350,0,Checked-Out,4
BR07237,B09422,R03008,9450,0,Checked-Out,3
BR07238,B08599,R02956,7200,5,Checked-Out,5
BR07239,B00008,R02925,3750,0,Checked-Out,4
BR07240,B03587,R02957,5450,15,Checked-Out,5
BR07241,B04198,R02892,7000,10,Checked-Out,5
BR07242,B01012,R02895,7400,0,Checked-Out,5
BR07243,B09468,R02901,7300,0,Checked-Out,4
BR07244,B09278,R02932,3550,15,Checked-Out,4
BR07245,B02093,R02912,7100,15,Checked-Out,4
BR07246,B00706,R02945,5150,0,Checked-Out,4
BR07247,B03245,R02946,4650,0,Checked-Out,3
BR07248,B04544,R02915,5550,20,Checked-Out,5
BR07249,B01261,R02969,5650,20,Checked-Out,4
BR07250,B01261,R02870,5900,5,Checked-Out,4
BR07251,B07374,R02970,4700,15,Checked-Out,3
BR07252,B07783,R02971,3450,20,Checked-Out,3
BR07253,B01589,R02948,3300,10,Checked-Out,5
BR07254,B08059,R02980,3250,0,Checked-Out,4
BR07255,B08059,R02981,4800,20,Checked-Out,2
BR07256,B01546,R02984,6950,0,Checked-Out,4
BR07257,B03342,R02898,6200,0,Checked-Out,5
BR07258,B03342,R02902,7050,0,Checked-Out,5
BR07259,B01216,R02986,4650,5,Checked-Out,4
BR07260,B00476,R02949,3950,0,Checked-Out,5
BR07261,B05603,R02735,6050,20,Checked-Out,4
BR07262,B06822,R02987,5550,5,Checked-Out,4
BR07263,B06730,R02988,4300,10,Checked-Out,3
BR07264,B00774,R02952,2550,0,Checked-Out,4
BR07265,B01327,R02992,4700,10,Cancelled,
BR07266,B08090,R02923,6100,0,Checked-Out,3
BR07267,B08090,R02744,7300,0,Checked-Out,5
BR07268,B02118,R02931,7600,0,No-Show,
BR07269,B03459,R02955,3500,5,Checked-Out,4
BR07270,B04031,R02931,8350,10,Checked-Out,4
BR07271,B04031,R02934,7850,10,Checked-Out,4
BR07272,B02814,R02935,5550,5,Checked-Out,4
BR07273,B04636,R02959,3850,5,Checked-Out,4
BR07274,B07229,R02903,5000,0,No-Show,
BR07275,B06633,R02992,5200,0,Checked-Out,5
BR07276,B06633,R02993,4650,5,Checked-Out,3
BR07277,B03482,R02997,4500,5,Checked-Out,4
BR07278,B03482,R03003,4650,25,Checked-Out,4
BR07279,B03482,R03005,5350,15,Checked-Out,4
BR07280,B04904,R02960,3150,15,Checked-Out,4
BR07281,B08197,R02965,3350,5,No-Show,
BR07282,B08698,R02732,4100,5,Cancelled,
BR07283,B07987,R02732,4200,10,Checked-Out,4
BR07284,B08195,R02903,5200,5,Checked-Out,5
BR07285,B09695,R02733,5000,0,Checked-Out,5
BR07286,B00136,R02965,3000,10,Checked-Out,3
BR07287,B00136,R02974,4000,0,Checked-Out,4
BR07288,B00800,R02940,6200,20,Checked-Out,4
BR07289,B09311,R02905,4400,15,Checked-Out,5
BR07290,B06163,R02944,5250,15,Checked-Out,4
BR07291,B01541,R02977,3050,5,Checked-Out,5
BR07292,B03343,R02978,3750,5,Checked-Out,4
BR07293,B04987,R02749,11500,0,Checked-Out,4
BR07294,B04218,R02951,6900,0,Checked-Out,5
BR07295,B06171,R02737,4350,0,Checked-Out,4
BR07296,B09527,R02953,6500,0,Checked-Out,4
BR07297,B05072,R02979,4000,0,Checked-Out,4
BR07298,B05072,R02982,3900,5,Checked-Out,3
BR07299,B09410,R02983,3800,15,Checked-Out,4
BR07300,B02157,R02958,4800,0,Checked-Out,3
BR07301,B03878,R02961,5000,0,Cancelled,
BR07302,B03878,R02994,4300,25,Cancelled,
BR07303,B03878,R03000,2900,25,Cancelled,
BR07304,B03878,R03002,3450,0,Cancelled,
BR07305,B06304,R02738,6150,15,Checked-Out,3
BR07306,B06846,R02961,5150,5,Checked-Out,5
BR07307,B01704,R02927,5550,10,Checked-Out,4
BR07308,B05100,R02994,3850,10,Checked-Out,3
BR07309,B00364,R03000,3000,15,Checked-Out,5
BR07310,B02242,R02742,4800,0,Checked-Out,4
BR07311,B02242,R02743,5400,5,Checked-Out,5
BR07312,B02349,R02930,6600,15,Checked-Out,5
BR07313,B03028,R03002,4000,10,Checked-Out,5
BR07314,B09853,R02968,7100,10,Cancelled,
BR07315,B00422,R02736,4000,0,Checked-Out,3
BR07316,B05340,R02747,4400,0,Checked-Out,4
BR07317,B08864,R02768,7550,0,Checked-Out,5
BR07318,B08864,R02773,7200,5,Checked-Out,4
BR07319,B01523,R02763,4850,5,No-Show,
BR07320,B03261,R02939,4950,5,Checked-Out,3
BR07321,B08772,R02784,10550,0,Checked-Out,4
BR07322,B08772,R02797,7700,5,Checked-Out,5
BR07323,B08772,R02824,9300,0,Checked-Out,4
BR07324,B08772,R02827,11000,10,Checked-Out,4
BR07325,B09106,R02763,4650,5,Checked-Out,4
BR07326,B09106,R02941,6850,0,Checked-Out,5
BR07327,B03522,R02968,7250,10,Checked-Out,4
BR07328,B08655,R02765,5300,0,Checked-Out,4
BR07329,B03619,R02972,5350,15,No-Show,
BR07330,B07390,R02972,6500,0,No-Show,
BR07331,B09268,R02964,6650,5,Checked-Out,5
BR07332,B09943,R02739,4250,10,Checked-Out,4
BR07333,B07029,R02972,6200,0,Checked-Out,4
BR07334,B00166,R02741,3550,5,Checked-Out,3
BR07335,B04724,R02770,4650,25,Checked-Out,5
BR07336,B09658,R02772,5000,5,No-Show,
BR07337,B07615,R02772,5900,5,Checked-Out,5
BR07338,B07615,R02775,5600,0,Checked-Out,4
BR07339,B07615,R02778,5950,5,Checked-Out,4
BR07340,B04141,R02990,7250,5,Cancelled,
BR07341,B08610,R02779,3000,0,Checked-Out,4
BR07342,B08610,R02786,3350,20,Checked-Out,4
BR07343,B01524,R02973,6050,0,Checked-Out,3
BR07344,B04612,R02789,4950,0,Checked-Out,4
BR07345,B04612,R02745,2600,5,Checked-Out,3
BR07346,B07651,R02975,7250,5,Checked-Out,4
BR07347,B06999,R02843,9150,0,No-Show,
BR07348,B04144,R02794,6000,15,Checked-Out,2
BR07349,B07974,R02989,4600,15,Checked-Out,4
BR07350,B00054,R02746,3700,0,Checked-Out,5
BR07351,B00111,R02803,4550,10,Checked-Out,4
BR07352,B00111,R02805,5200,30,Checked-Out,5
BR07353,B06676,R02806,5200,20,Checked-Out,4
BR07354,B02533,R02819,5300,10,Checked-Out,4
BR07355,B03903,R02750,3200,10,Cancelled,
BR07356,B06984,R02750,3450,5,No-Show,
BR07357,B01304,R03007,4700,0,Checked-Out,4
BR07358,B08305,R02750,3450,5,Checked-Out,5
BR07359,B08820,R02990,7500,0,Checked-Out,4
BR07360,B09801,R02822,4650,10,Checked-Out,5
BR07361,B08500,R02751,4200,10,Checked-Out,5
BR07362,B08500,R02826,4150,0,Checked-Out,3
BR07363,B01836,R02995,4950,5,Checked-Out,3
BR07364,B01833,R02999,7400,0,Checked-Out,4
BR07365,B07762,R03001,6300,0,No-Show,
BR07366,B03493,R03009,7200,5,Checked-Out,4
BR07367,B03781,R02752,5000,5,Checked-Out,3
BR07368,B03781,R02753,4500,5,Checked-Out,4
BR07369,B06795,R02832,4650,10,Checked-Out,5
BR07370,B05657,R02843,8850,5,Checked-Out,4
BR07371,B06916,R02833,4550,30,Checked-Out,4
BR07372,B03143,R02754,4900,5,Checked-Out,4
BR07373,B03143,R02836,6500,10,Checked-Out,2
BR07374,B05598,R02839,5200,5,Cancelled,
BR07375,B08705,R02756,3850,10,Checked-Out,4
BR07376,B08705,R02757,4750,25,Checked-Out,4
BR07377,B06402,R03010,7700,0,Checked-Out,3
BR07378,B08339,R02760,4550,15,Checked-Out,5
BR07379,B07199,R02762,3200,0,Cancelled,
BR07380,B08460,R02762,3150,20,Checked-Out,4
BR07381,B08460,R02767,3150,0,Checked-Out,5
BR07382,B07689,R02774,4450,10,Checked-Out,4
BR07383,B08840,R02839,5600,5,Checked-Out,4
BR07384,B09269,R03001,6950,10,Checked-Out,5
BR07385,B09647,R02776,4300,0,Checked-Out,2
BR07386,B07981,R02840,5350,0,Checked-Out,5
BR07387,B08210,R02777,3700,0,Checked-Out,4
BR07388,B08210,R02848,7000,10,Checked-Out,5
BR07389,B08210,R03004,7550,15,Checked-Out,3
BR07390,B05349,R02849,4750,5,Checked-Out,5
BR07391,B05349,R02853,6150,5,Checked-Out,4
BR07392,B09669,R02783,3450,0,Checked-Out,5
BR07393,B02528,R02788,4000,5,Checked-Out,4
BR07394,B03966,R03006,6500,10,Checked-Out,4
BR07395,B09845,R02755,8000,10,Cancelled,
BR07396,B06973,R02857,6450,20,Cancelled,
BR07397,B06973,R02859,5000,5,Cancelled,
BR07398,B06973,R02862,4700,0,Cancelled,
BR07399,B08457,R02755,7000,10,Checked-Out,5
BR07400,B09481,R02758,8500,0,Checked-Out,5
BR07401,B01907,R02764,8200,10,Checked-Out,4
BR07402,B08346,R02845,8500,10,Checked-Out,4
BR07403,B08728,R02766,5600,5,Checked-Out,3
BR07404,B08728,R02780,7800,25,Checked-Out,5
BR07405,B09956,R02857,5650,5,Checked-Out,4
BR07406,B09325,R02792,5150,0,No-Show,
BR07407,B07693,R02781,6600,10,Checked-Out,3
BR07408,B02151,R02792,4950,5,Cancelled,
BR07409,B04494,R02872,10400,0,Checked-Out,5
BR07410,B01013,R02782,9000,20,Checked-Out,4
BR07411,B01013,R02792,5450,20,Checked-Out,4
BR07412,B06239,R02795,4600,10,Checked-Out,4
BR07413,B09189,R02874,10150,15,Checked-Out,3
BR07414,B09189,R02731,5500,0,Checked-Out,3
BR07415,B09321,R02859,5700,0,Checked-Out,3
BR07416,B05244,R02862,5750,0,No-Show,
BR07417,B00730,R02904,8400,0,Checked-Out,4
BR07418,B07888,R02785,7400,10,Checked-Out,3
BR07419,B03574,R02787,7900,0,Checked-Out,4
BR07420,B05250,R02906,9600,5,Checked-Out,4
BR07421,B05250,R02914,12600,0,Checked-Out,4
BR07422,B05250,R02922,9200,10,Checked-Out,4
BR07423,B05250,R02937,11700,15,Checked-Out,3
BR07424,B07244,R02799,4000,10,Checked-Out,4
BR07425,B00814,R02862,5300,10,Cancelled,
BR07426,B03041,R02938,11450,5,Cancelled,
BR07427,B05200,R02804,4550,5,Checked-Out,5
BR07428,B07523,R02807,4250,0,Checked-Out,4
BR07429,B00153,R02809,4900,5,Checked-Out,3
BR07430,B04253,R02734,7650,0,Checked-Out,5
BR07431,B04253,R02740,6250,0,Checked-Out,5
BR07432,B04253,R02748,7750,0,Checked-Out,4
BR07433,B01678,R02862,5350,5,Checked-Out,5
BR07434,B05986,R02863,5550,5,Checked-Out,4
BR07435,B09452,R02810,4300,10,Checked-Out,4
BR07436,B09452,R02759,5600,0,Checked-Out,5
BR07437,B08890,R02938,10500,10,Cancelled,
BR07438,B02044,R02938,8850,0,Cancelled,
BR07439,B00707,R02790,9150,10,Checked-Out,4
BR07440,B06848,R02813,4350,5,Checked-Out,3
BR07441,B07148,R02761,6600,0,Checked-Out,3
BR07442,B02215,R02864,6800,10,Checked-Out,4
BR07443,B02215,R02866,6050,10,Checked-Out,3
BR07444,B07396,R02816,5100,0,Checked-Out,5
BR07445,B01408,R02868,4500,0,Checked-Out,5
BR07446,B01408,R02878,5600,0,Checked-Out,4
BR07447,B03777,R02793,8500,5,Checked-Out,5
BR07448,B07131,R02798,7500,5,Checked-Out,3
BR07449,B02301,R02881,6600,15,Checked-Out,4
BR07450,B07790,R02802,6750,0,Checked-Out,5
BR07451,B07790,R02808,8050,0,Checked-Out,4
BR07452,B07790,R02811,7850,0,Checked-Out,4
BR07453,B02534,R02818,3500,10,Checked-Out,3
BR07454,B04082,R02812,8300,10,Checked-Out,4
BR07455,B04082,R02814,8350,10,Checked-Out,4
BR07456,B01630,R02938,9400,10,Checked-Out,2
BR07457,B02799,R02815,6200,5,Cancelled,
BR07458,B08672,R02885,6450,15,Checked-Out,4
BR07459,B07570,R02815,7850,0,Checked-Out,3
BR07460,B01120,R02887,4500,0,Checked-Out,3
BR07461,B01120,R02889,5300,0,Checked-Out,5
BR07462,B02396,R02823,4000,10,Checked-Out,3
BR07463,B09772,R02828,5250,0,Checked-Out,3
BR07464,B03318,R02830,2900,10,Checked-Out,4
BR07465,B00549,R02835,5200,5,Checked-Out,3
BR07466,B01557,R02846,4100,0,Checked-Out,4
BR07467,B09094,R02891,7650,10,Checked-Out,5
BR07468,B02103,R02894,7150,30,Checked-Out,5
BR07469,B08458,R02897,5500,10,Cancelled,
BR07470,B05138,R02852,4100,0,Checked-Out,4
BR07471,B05149,R02942,7150,15,Checked-Out,4
BR07472,B07042,R02817,9150,5,Cancelled,
BR07473,B07042,R02820,6350,10,Cancelled,
BR07474,B06849,R02897,5650,10,Checked-Out,4
BR07475,B01958,R02817,10250,5,Checked-Out,3
BR07476,B07763,R02837,4550,10,Checked-Out,4
BR07477,B01686,R02950,11400,5,Checked-Out,5
BR07478,B01686,R02962,7500,0,Checked-Out,5
BR07479,B03683,R02841,3550,10,Checked-Out,2
BR07480,B04575,R02769,6450,0,Checked-Out,5
BR07481,B00186,R02900,5600,0,Cancelled,
BR07482,B02657,R02856,5550,10,Checked-Out,4
BR07483,B06445,R02858,4250,5,Checked-Out,5
BR07484,B07759,R02820,6550,0,Checked-Out,3
BR07485,B04431,R02821,6900,10,Checked-Out,3
BR07486,B00482,R02900,5700,15,Checked-Out,5
BR07487,B01983,R02771,5200,5,Checked-Out,3
BR07488,B09079,R02860,5150,10,Checked-Out,4
BR07489,B05204,R02861,4250,5,Checked-Out,4
BR07490,B05204,R02865,3200,0,Checked-Out,5
BR07491,B05889,R02907,7900,10,No-Show,
BR07492,B00583,R02963,12650,0,Checked-Out,4
BR07493,B07410,R02907,6400,0,Checked-Out,3
BR07494,B07410,R02909,4350,0,Checked-Out,2
BR07495,B09559,R02867,3900,0,Checked-Out,5
BR07496,B03149,R02911,4950,5,Cancelled,
BR07497,B05761,R02871,4500,5,Checked-Out,3
BR07498,B05761,R02873,3800,0,Checked-Out,5
BR07499,B00360,R02911,5750,5,Checked-Out,5
BR07500,B05207,R02825,6850,10,Checked-Out,5
BR07501,B05207,R02829,5800,15,Checked-Out,3
BR07502,B02580,R02875,4450,0,Checked-Out,3
BR07503,B05913,R02831,6600,0,Checked-Out,2
BR07504,B02960,R02876,3200,10,Checked-Out,5
BR07505,B03761,R02913,5000,10,Checked-Out,5
BR07506,B03761,R02916,5000,5,Checked-Out,3
BR07507,B05861,R02842,6600,10,Checked-Out,4
BR07508,B08600,R02844,6950,30,Checked-Out,4
BR07509,B02774,R02877,3600,10,Checked-Out,4
BR07510,B02774,R02882,3450,10,Checked-Out,4
BR07511,B03986,R02883,3900,0,Checked-Out,4
BR07512,B08276,R02884,3550,0,Checked-Out,4
BR07513,B07120,R02918,5050,10,Checked-Out,4
BR07514,B07500,R02888,3450,0,Checked-Out,4
BR07515,B08019,R02847,7850,10,Checked-Out,5
BR07516,B04332,R02851,5550,30,Cancelled,
BR07517,B04332,R02854,6000,20,Cancelled,
BR07518,B07521,R02890,3750,0,Checked-Out,4
BR07519,B07521,R02893,3700,10,Checked-Out,4
BR07520,B07601,R02896,3850,0,Checked-Out,3
BR07521,B06211,R02899,5300,5,Checked-Out,5
BR07522,B02692,R02851,7700,10,Checked-Out,4
BR07523,B03759,R02917,4350,15,Checked-Out,2
BR07524,B04093,R02791,7250,15,Checked-Out,4
BR07525,B04262,R02966,8400,0,Checked-Out,1
BR07526,B07255,R02854,6650,0,Checked-Out,3
BR07527,B05427,R02908,4500,10,Checked-Out,5
BR07528,B02088,R02919,6250,5,Checked-Out,4
BR07529,B03096,R02920,7400,5,Checked-Out,5
BR07530,B07033,R02924,4300,20,Checked-Out,5
BR07531,B09881,R02967,8850,0,Checked-Out,3
BR07532,B04810,R02910,3200,5,Checked-Out,3
BR07533,B04810,R02921,3000,15,Checked-Out,4
BR07534,B04810,R02925,3800,5,Checked-Out,4
BR07535,B04810,R02932,3400,15,Checked-Out,4
BR07536,B05572,R02855,6500,10,Checked-Out,4
BR07537,B01636,R02926,4800,0,Checked-Out,5
BR07538,B04072,R02945,5900,0,Checked-Out,4
BR07539,B05195,R02946,4250,20,Checked-Out,5
BR07540,B08345,R02869,7250,0,Checked-Out,5
BR07541,B08345,R02928,4700,5,Checked-Out,4
BR07542,B09164,R02948,4200,10,Checked-Out,4
BR07543,B09666,R02879,6650,10,Checked-Out,3
BR07544,B00441,R02880,7350,0,Checked-Out,3
BR07545,B02771,R02886,6800,15,Checked-Out,4
BR07546,B07924,R02929,5500,0,Checked-Out,5
BR07547,B07924,R02933,5400,0,Checked-Out,5
BR07548,B05060,R02949,3850,0,Checked-Out,5
BR07549,B03620,R02952,3350,15,Checked-Out,4
BR07550,B03620,R02796,5100,0,Checked-Out,4
BR07551,B06850,R02800,6450,0,Checked-Out,3
BR07552,B08470,R02936,4250,0,Checked-Out,4
BR07553,B05317,R02955,5550,15,Cancelled,
BR07554,B05828,R02955,4850,10,Checked-Out,4
BR07555,B09648,R02943,5400,0,Checked-Out,3
BR07556,B06371,R02892,7100,5,Checked-Out,5
BR07557,B06335,R02976,10750,15,Checked-Out,2
BR07558,B09536,R02947,4500,10,Checked-Out,3
BR07559,B05987,R02954,5700,25,Checked-Out,2
BR07560,B08246,R02801,7100,0,Cancelled,
BR07561,B09806,R02895,8200,0,Checked-Out,4
BR07562,B09806,R02901,7550,15,Checked-Out,5
BR07563,B00635,R02959,3800,5,Checked-Out,3
BR07564,B04046,R02956,6600,10,Checked-Out,4
BR07565,B04046,R02957,5800,0,Checked-Out,1
BR07566,B05542,R02969,5500,25,Checked-Out,4
BR07567,B08086,R02960,2750,0,Checked-Out,5
BR07568,B07066,R02912,6050,0,Checked-Out,5
BR07569,B00435,R02985,8000,0,Cancelled,
BR07570,B00435,R02991,8000,0,Cancelled,
BR07571,B01305,R02965,3200,5,Checked-Out,5
BR07572,B06323,R02970,4800,5,Checked-Out,1
BR07573,B07462,R02974,3800,0,Cancelled,
BR07574,B08575,R02974,4150,10,Checked-Out,5
BR07575,B08575,R02915,6600,0,Checked-Out,3
BR07576,B08738,R02978,3700,0,Checked-Out,4
BR07577,B02807,R02971,4050,15,Checked-Out,2
BR07578,B09270,R02980,4450,5,Checked-Out,4
BR07579,B02353,R02981,5250,15,Checked-Out,3
BR07580,B00363,R02801,7100,0,Checked-Out,4
BR07581,B01722,R02977,3100,15,Checked-Out,4
BR07582,B07337,R02983,3800,20,Checked-Out,4
BR07583,B09327,R02834,5750,0,Checked-Out,4
BR07584,B09327,R02838,5900,20,Checked-Out,4
BR07585,B01903,R02923,5350,0,Checked-Out,5
BR07586,B06235,R02979,3800,0,Checked-Out,3
BR07587,B04297,R02984,7100,20,Checked-Out,5
BR07588,B08289,R02986,4800,0,Checked-Out,5
BR07589,B00310,R02982,4350,5,Checked-Out,3
BR07590,B00310,R02987,6450,0,Checked-Out,5
BR07591,B00310,R02988,4450,10,Checked-Out,4
BR07592,B07970,R02931,7650,0,Checked-Out,4
BR07593,B08931,R02994,4000,0,Checked-Out,4
BR07594,B08931,R03000,3400,15,Checked-Out,4
BR07595,B05236,R03002,4200,15,Checked-Out,4
BR07596,B09807,R02736,3650,5,Checked-Out,4
BR07597,B03607,R02985,7800,0,Checked-Out,4
BR07598,B04148,R02850,5200,0,Checked-Out,3
BR07599,B08706,R02739,3550,5,Checked-Out,4
BR07600,B01661,R02741,3700,0,No-Show,
BR07601,B01734,R02741,3550,0,Checked-Out,5
BR07602,B04131,R02870,5600,10,Checked-Out,4
BR07603,B09294,R02898,6200,5,No-Show,
BR07604,B07702,R02745,3100,0,Checked-Out,4
BR07605,B09482,R02898,5600,10,Checked-Out,5
BR07606,B01075,R02746,3900,5,Checked-Out,5
BR07607,B07261,R02750,3100,25,Checked-Out,4
BR07608,B01223,R02997,5250,10,Checked-Out,5
BR07609,B01223,R03003,5100,0,Checked-Out,5
BR07610,B04206,R02902,6300,0,Checked-Out,4
BR07611,B02537,R03005,5550,15,Checked-Out,3
BR07612,B02537,R02992,4900,15,Checked-Out,5
BR07613,B08744,R02934,8650,5,Checked-Out,4
BR07614,B01950,R02935,6100,10,Checked-Out,5
BR07615,B04386,R02751,4050,10,Checked-Out,3
BR07616,B08337,R02752,4100,30,Cancelled,
BR07617,B09218,R02752,4600,15,Checked-Out,5
BR07618,B08277,R02753,3650,10,Checked-Out,4
BR07619,B03262,R02991,7450,0,Checked-Out,5
BR07620,B09866,R02993,4700,5,Checked-Out,3
BR07621,B09866,R02732,4600,5,Checked-Out,4
BR07622,B09328,R02940,6150,5,Checked-Out,5
BR07623,B09328,R02944,6350,10,Checked-Out,4
BR07624,B03277,R02754,3700,5,Checked-Out,4
BR07625,B07863,R02733,4700,0,Checked-Out,4
BR07626,B03097,R02737,3800,15,Checked-Out,4
BR07627,B05540,R02996,11600,5,Checked-Out,4
BR07628,B02529,R02756,3450,5,Checked-Out,3
BR07629,B03615,R02757,4000,15,No-Show,
BR07630,B07086,R02998,6200,30,Checked-Out,4
BR07631,B07086,R03008,7700,5,Checked-Out,4
BR07632,B04912,R02738,5550,5,Cancelled,
BR07633,B09277,R02738,6200,0,Checked-Out,5
BR07634,B08509,R02742,5000,15,Checked-Out,4
BR07635,B00875,R02951,6900,10,Checked-Out,4
BR07636,B00875,R02953,6450,10,Checked-Out,5
BR07637,B01876,R02743,5650,10,Checked-Out,5
BR07638,B02142,R02757,4500,10,Checked-Out,4
BR07639,B02142,R02760,4050,10,Checked-Out,5
BR07640,B00923,R02735,7150,5,Checked-Out,4
BR07641,B00923,R02958,5300,15,Checked-Out,3
BR07642,B02045,R02747,4300,10,Checked-Out,4
BR07643,B02045,R02744,5950,20,Checked-Out,4
BR07644,B02210,R02774,3000,15,Checked-Out,5
BR07645,B02210,R02762,2400,5,Checked-Out,3
BR07646,B01169,R02961,4950,5,Checked-Out,5
BR07647,B01169,R02968,7350,0,Checked-Out,4
BR07648,B07861,R02763,4700,15,Checked-Out,5
BR07649,B06015,R02972,6350,0,Checked-Out,2
BR07650,B06015,R02990,7650,5,Checked-Out,5
BR07651,B06921,R02767,3200,10,Checked-Out,4
BR07652,B03641,R02903,6000,5,Checked-Out,4
BR07653,B03641,R02905,5950,0,Checked-Out,2
BR07654,B03641,R02927,4950,10,Checked-Out,4
BR07655,B00943,R02776,3250,0,No-Show,
BR07656,B00943,R02999,7150,0,No-Show,
BR07657,B05400,R02999,8650,15,Checked-Out,3
BR07658,B06152,R02930,6550,5,Checked-Out,3
BR07659,B07925,R02776,3200,0,Checked-Out,4
BR07660,B07925,R02777,2800,10,Checked-Out,4
BR07661,B07925,R02783,3150,10,Checked-Out,4
BR07662,B09537,R02995,5150,5,Cancelled,
BR07663,B01129,R02749,9400,10,Checked-Out,2
BR07664,B08159,R02765,4500,5,Checked-Out,4
BR07665,B05681,R02770,4650,0,Checked-Out,4
BR07666,B06529,R02768,6800,0,Checked-Out,5
BR07667,B09051,R02788,3250,20,Checked-Out,4
BR07668,B07338,R02772,5650,5,No-Show,
BR07669,B07652,R02795,3550,15,Cancelled,
BR07670,B07402,R02995,4700,10,Checked-Out,4
BR07671,B04044,R02772,4650,30,Checked-Out,5
BR07672,B04044,R02775,4950,5,Checked-Out,4
BR07673,B09229,R03001,6550,0,Checked-Out,4
BR07674,B03497,R03004,6400,5,Checked-Out,4
BR07675,B05742,R02778,5950,10,Checked-Out,3
BR07676,B05742,R02773,5850,15,Checked-Out,5
BR07677,B05742,R02795,3600,15,Checked-Out,4
BR07678,B05742,R02792,4100,10,Checked-Out,5
BR07679,B05826,R03006,5200,0,Checked-Out,5
BR07680,B00442,R02779,4150,0,Checked-Out,5
BR07681,B00442,R02786,4400,30,Checked-Out,4
BR07682,B09396,R02784,9400,10,Checked-Out,4
BR07683,B03575,R02755,6100,5,Checked-Out,4
BR07684,B09095,R02758,8400,0,Checked-Out,5
BR07685,B06013,R02789,4650,25,Checked-Out,3
BR07686,B02072,R02799,2600,0,Checked-Out,3
BR07687,B07112,R02794,5100,0,Checked-Out,3
BR07688,B01974,R02764,6700,10,No-Show,
BR07689,B05958,R02804,4500,10,No-Show,
BR07690,B05969,R02803,5050,5,Cancelled,
BR07691,B05969,R02805,5550,0,Cancelled,
BR07692,B07482,R02803,5250,10,Checked-Out,4
BR07693,B07408,R02804,4250,0,Checked-Out,4
BR07694,B07408,R02807,3900,5,Checked-Out,5
BR07695,B07408,R02809,4650,25,Checked-Out,4
BR07696,B03711,R02939,4900,0,Checked-Out,5
BR07697,B06537,R02805,5450,5,Cancelled,
BR07698,B00228,R02764,6350,0,Cancelled,
BR07699,B05557,R02805,4150,5,Checked-Out,4
BR07700,B08352,R02810,3100,30,Checked-Out,5
BR07701,B01102,R02797,6700,10,Checked-Out,2
BR07702,B06751,R02813,2750,0,Checked-Out,5
BR07703,B06324,R02816,4500,0,Checked-Out,3
BR07704,B02397,R02941,6650,0,Checked-Out,3
BR07705,B03824,R02819,5700,10,Checked-Out,5
BR07706,B03824,R02764,6550,30,Checked-Out,2
BR07707,B03824,R02766,4650,0,Checked-Out,4
BR07708,B07391,R02806,5350,10,Checked-Out,4
BR07709,B09616,R02964,6550,5,Checked-Out,5
BR07710,B05553,R02822,5550,0,Checked-Out,5
BR07711,B06051,R02824,9550,0,Checked-Out,5
BR07712,B06051,R02780,6300,15,Checked-Out,2
BR07713,B06051,R02781,6350,15,Checked-Out,4
BR07714,B01825,R02818,2700,0,Checked-Out,5
BR07715,B02325,R02827,9650,0,Checked-Out,4
BR07716,B02513,R02823,2900,10,Checked-Out,5
BR07717,B09024,R02782,6000,0,Checked-Out,4
BR07718,B09221,R02973,6000,10,Checked-Out,4
BR07719,B07618,R02826,4200,0,Checked-Out,5
BR07720,B02356,R02785,5800,0,Checked-Out,3
BR07721,B02356,R02787,6450,0,Checked-Out,3
BR07722,B02356,R02790,7150,5,Checked-Out,4
BR07723,B06608,R02828,4250,10,Checked-Out,4
BR07724,B04543,R02830,2400,0,Checked-Out,4
BR07725,B01281,R02793,7400,15,Checked-Out,4
BR07726,B01281,R02843,8200,10,Checked-Out,5
BR07727,B01498,R02989,4850,0,Cancelled,
BR07728,B00679,R02832,4500,0,Checked-Out,5
BR07729,B09280,R02833,4150,0,Checked-Out,4
BR07730,B04784,R02798,5750,10,Cancelled,
BR07731,B05305,R02835,4200,10,Checked-Out,4
BR07732,B03372,R02836,5050,5,Checked-Out,5
BR07733,B06505,R02839,3850,0,Checked-Out,2
BR07734,B03712,R02846,2750,0,Checked-Out,5
BR07735,B04637,R02840,4850,15,No-Show,
BR07736,B08338,R02798,6050,0,Checked-Out,3
BR07737,B01401,R02845,7500,0,Checked-Out,4
BR07738,B01401,R02872,7950,15,Checked-Out,5
BR07739,B08717,R02874,11550,0,Checked-Out,4
BR07740,B00098,R02989,3850,5,Checked-Out,3
BR07741,B04649,R02840,4050,10,Cancelled,
BR07742,B04649,R02848,4650,5,Cancelled,
BR07743,B05950,R02904,6650,15,Checked-Out,4
BR07744,B07217,R02852,2900,0,Checked-Out,4
BR07745,B07217,R02837,3150,5,Checked-Out,5
BR07746,B07217,R02841,2900,20,Checked-Out,3
BR07747,B06121,R02856,3500,0,Checked-Out,3
BR07748,B06121,R02858,3150,5,Checked-Out,5
BR07749,B02143,R02840,4350,0,Checked-Out,4
BR07750,B02143,R02848,6300,0,Checked-Out,5
BR07751,B02308,R02860,4100,5,Cancelled,
BR07752,B03317,R02906,8600,0,No-Show,
BR07753,B09834,R02849,4350,10,Checked-Out,4
BR07754,B09834,R02802,5300,15,Checked-Out,3
BR07755,B09834,R02860,4000,15,Checked-Out,4
BR07756,B01868,R02975,6900,20,Checked-Out,4
BR07757,B08780,R02861,3450,5,Checked-Out,4
BR07758,B01695,R02865,2650,0,Checked-Out,4
BR07759,B02931,R03007,5000,0,Checked-Out,4
BR07760,B03323,R02853,6100,15,Checked-Out,5
BR07761,B03323,R02857,6500,0,Checked-Out,1
BR07762,B07083,R03009,7500,0,Cancelled,
BR07763,B07083,R03010,7200,0,Cancelled,
BR07764,B07083,R02871,4100,10,Cancelled,
BR07765,B07339,R02871,4300,0,Checked-Out,4
BR07766,B08670,R02808,7150,0,Checked-Out,4
BR07767,B08670,R02811,6050,20,Checked-Out,4
BR07768,B02078,R03009,7700,15,Checked-Out,3
BR07769,B05914,R02906,7950,5,Checked-Out,5
BR07770,B05914,R02812,6850,5,Checked-Out,5
BR07771,B08215,R03010,7600,20,Checked-Out,5
BR07772,B07619,R02873,3800,0,Cancelled,
BR07773,B03708,R02914,10300,30,Cancelled,
BR07774,B07542,R02814,7250,25,No-Show,
BR07775,B01779,R02873,4050,0,Checked-Out,4
BR07776,B01779,R02867,4150,0,Checked-Out,4
BR07777,B04978,R02859,4900,0,Checked-Out,5
BR07778,B04978,R02875,3500,0,Checked-Out,3
BR07779,B05110,R02876,2800,10,Cancelled,
BR07780,B07798,R02731,4600,0,Checked-Out,5
BR07781,B03335,R02876,3000,5,Checked-Out,3
BR07782,B02216,R02877,2300,10,Checked-Out,5
BR07783,B10000,R02882,2700,10,Checked-Out,5
BR07784,B08794,R02862,3800,25,Checked-Out,4
BR07785,B06440,R02863,4300,5,Checked-Out,5
BR07786,B01065,R02814,7700,5,Checked-Out,4
BR07787,B01213,R02883,3100,10,Checked-Out,5
BR07788,B01213,R02884,3150,10,Checked-Out,3
BR07789,B01403,R02734,5500,10,Cancelled,
BR07790,B01403,R02740,4900,5,Cancelled,
BR07791,B08157,R02734,6550,0,Checked-Out,5
BR07792,B02326,R02888,3100,25,Checked-Out,4
BR07793,B02532,R02890,3400,15,Checked-Out,4
BR07794,B04971,R02893,3950,0,Checked-Out,4
BR07795,B00778,R02914,7950,10,Checked-Out,4
BR07796,B01662,R02864,4900,0,Checked-Out,3
BR07797,B05401,R02896,3300,0,Checked-Out,5
BR07798,B06889,R02866,4650,10,Checked-Out,5
BR07799,B08471,R02899,4050,10,Cancelled,
BR07800,B09007,R02868,2950,20,Checked-Out,5
BR07801,B09007,R02878,3700,5,Checked-Out,4
BR07802,B09458,R02899,3750,25,Checked-Out,3
BR07803,B01912,R02881,5500,5,Checked-Out,4
BR07804,B01912,R02885,4850,15,Checked-Out,5
BR07805,B03610,R02887,2850,0,Checked-Out,4
BR07806,B03838,R02815,5550,5,Checked-Out,4
BR07807,B01444,R03011,6500,0,Cancelled,
BR07808,B01444,R03015,6750,5,Cancelled,
BR07809,B00995,R03012,9850,5,Checked-Out,4
BR07810,B00995,R03013,9600,20,Checked-Out,4
BR07811,B01520,R03011,7250,0,Checked-Out,5
BR07812,B01520,R03015,7200,20,Checked-Out,5
BR07813,B05456,R03014,6400,5,Checked-Out,4
BR07814,B08032,R03018,8600,20,Checked-Out,5
BR07815,B03648,R03017,4300,5,Checked-Out,5
BR07816,B03648,R03023,3700,0,Checked-Out,5
BR07817,B03648,R03027,5900,10,Checked-Out,4
BR07818,B07776,R03033,5500,10,Checked-Out,5
BR07819,B01731,R03039,4150,10,Checked-Out,5
BR07820,B06869,R03019,9400,10,Checked-Out,4
BR07821,B03532,R03020,8550,5,Checked-Out,4
BR07822,B06919,R03024,8550,5,Checked-Out,5
BR07823,B02763,R03016,8000,0,Checked-Out,3
BR07824,B06940,R03022,7100,0,Checked-Out,4
BR07825,B06860,R03025,7600,0,Checked-Out,4
BR07826,B05392,R03021,8350,10,Checked-Out,4
BR07827,B00013,R03026,5450,20,Checked-Out,5
BR07828,B02918,R03040,3450,5,Checked-Out,4
BR07829,B09629,R03029,5900,5,Checked-Out,4
BR07830,B02261,R03028,7200,5,No-Show,
BR07831,B07724,R03035,8100,15,Checked-Out,3
BR07832,B07724,R03042,9300,0,Checked-Out,5
BR07833,B00003,R03057,3600,0,Cancelled,
BR07834,B06874,R03046,13200,0,Checked-Out,5
BR07835,B06874,R03080,11150,15,Checked-Out,4
BR07836,B06874,R03089,11950,10,Checked-Out,5
BR07837,B05038,R03034,7700,10,Checked-Out,4
BR07838,B05022,R03057,3250,5,Checked-Out,5
BR07839,B00099,R03043,4600,0,Checked-Out,4
BR07840,B09705,R03060,2750,10,Checked-Out,4
BR07841,B09737,R03061,3950,0,Checked-Out,5
BR07842,B08056,R03065,3800,5,Checked-Out,4
BR07843,B08056,R03070,4800,0,Checked-Out,4
BR07844,B09818,R03028,6100,15,Checked-Out,5
BR07845,B09235,R03071,5200,10,Checked-Out,4
BR07846,B02743,R03044,4700,10,Checked-Out,3
BR07847,B07532,R03037,7150,0,Checked-Out,3
BR07848,B04752,R03045,4800,15,No-Show,
BR07849,B08467,R03030,7100,10,Checked-Out,4
BR07850,B00011,R03038,6750,0,Checked-Out,5
BR07851,B00887,R03045,4850,0,Cancelled,
BR07852,B09978,R03072,4400,10,Checked-Out,5
BR07853,B09978,R03075,5350,0,Checked-Out,5
BR07854,B04617,R03076,3000,20,Checked-Out,5
BR07855,B06025,R03045,4600,10,Checked-Out,5
BR07856,B02203,R03047,6650,0,Checked-Out,4
BR07857,B02203,R03049,6400,5,Checked-Out,3
BR07858,B09350,R03048,6300,5,Checked-Out,5
BR07859,B09350,R03078,3000,0,Checked-Out,4
BR07860,B08468,R03079,2950,15,Checked-Out,5
BR07861,B01762,R03093,11500,10,Checked-Out,4
BR07862,B01463,R03031,5050,15,Checked-Out,3
BR07863,B08214,R03054,4200,0,Checked-Out,4
BR07864,B03686,R03032,6200,10,Checked-Out,5
BR07865,B08104,R03081,4050,0,Checked-Out,4
BR07866,B04097,R03056,4750,5,Checked-Out,4
BR07867,B04097,R03059,5750,15,Checked-Out,5
BR07868,B04345,R03062,4150,10,Checked-Out,4
BR07869,B08451,R03051,8250,15,No-Show,
BR07870,B08451,R03053,6200,0,No-Show,
BR07871,B02272,R03082,4150,10,Checked-Out,4
BR07872,B04798,R03094,10500,15,Checked-Out,4
BR07873,B04713,R03036,8050,0,Checked-Out,2
BR07874,B04161,R03096,3750,0,Checked-Out,4
BR07875,B05373,R03041,7250,5,Checked-Out,2
BR07876,B00068,R03063,5450,10,Checked-Out,4
BR07877,B09885,R03051,7800,5,Checked-Out,3
BR07878,B02454,R03103,8950,20,Checked-Out,4
BR07879,B04711,R03066,6300,15,Checked-Out,5
BR07880,B00913,R03067,5600,0,Checked-Out,4
BR07881,B00913,R03068,6850,0,Checked-Out,4
BR07882,B03471,R03097,4500,10,Checked-Out,3
BR07883,B02329,R03074,6950,15,Checked-Out,4
BR07884,B03760,R03100,3100,10,Checked-Out,3
BR07885,B07057,R03050,6800,10,Checked-Out,4
BR07886,B06725,R03106,8300,5,Checked-Out,3
BR07887,B06725,R03108,9700,5,Checked-Out,3
BR07888,B09577,R03053,6550,15,Checked-Out,3
BR07889,B09577,R03105,3400,5,Checked-Out,4
BR07890,B03845,R03077,4900,0,Checked-Out,4
BR07891,B08774,R03083,6750,25,Checked-Out,4
BR07892,B02911,R03055,7150,10,Checked-Out,3
BR07893,B02911,R03069,5300,15,Checked-Out,4
BR07894,B03621,R03091,5650,20,Checked-Out,5
BR07895,B03152,R03052,8600,0,Checked-Out,4
BR07896,B04339,R03085,6850,15,Checked-Out,4
BR07897,B06560,R03058,9150,10,Checked-Out,4
BR07898,B03163,R03115,9950,15,Checked-Out,3
BR07899,B03163,R03120,8700,10,Checked-Out,2
BR07900,B03292,R03086,7200,25,Checked-Out,4
BR07901,B02899,R03122,10650,5,Checked-Out,4
BR07902,B05376,R03088,7000,10,Cancelled,
BR07903,B06601,R03088,6500,0,Checked-Out,4
BR07904,B03979,R03110,3350,0,Checked-Out,5
BR07905,B07753,R03064,5600,30,Checked-Out,2
BR07906,B07512,R03073,9350,5,Checked-Out,4
BR07907,B07512,R03084,9150,0,Checked-Out,3
BR07908,B02303,R03087,6550,10,Cancelled,
BR07909,B04753,R03112,4600,0,Checked-Out,4
BR07910,B03757,R03090,5750,5,Checked-Out,4
BR07911,B02861,R03098,6150,25,Cancelled,
BR07912,B05691,R03121,3400,5,Checked-Out,5
BR07913,B06076,R03098,6850,10,Checked-Out,5
BR07914,B06076,R03099,6000,5,Checked-Out,5
BR07915,B05853,R03135,11250,0,Checked-Out,5
BR07916,B06388,R03128,3250,15,Checked-Out,5
BR07917,B00810,R03130,5300,0,Checked-Out,5
BR07918,B00810,R03136,5950,0,Checked-Out,5
BR07919,B00810,R03087,8000,0,Checked-Out,4
BR07920,B03649,R03092,7900,0,Checked-Out,5
BR07921,B08552,R03104,7800,5,Checked-Out,3
BR07922,B00702,R03137,4450,0,Checked-Out,4
BR07923,B03855,R03156,8200,30,Checked-Out,4
BR07924,B04618,R03140,3400,5,Checked-Out,4
BR07925,B02519,R03109,7450,5,Checked-Out,4
BR07926,B02519,R03141,4350,15,Checked-Out,4
BR07927,B03360,R03142,4600,10,Checked-Out,4
BR07928,B01608,R03101,7800,0,Checked-Out,4
BR07929,B04177,R03095,7400,15,Cancelled,
BR07930,B04177,R03113,9750,0,Cancelled,
BR07931,B09148,R03116,7600,10,Checked-Out,3
BR07932,B05949,R03102,6500,0,Checked-Out,5
BR07933,B05949,R03144,3450,0,Checked-Out,3
BR07934,B07906,R03117,6150,5,Checked-Out,4
BR07935,B08392,R03118,6550,5,Checked-Out,3
BR07936,B08392,R03119,8100,15,Checked-Out,2
BR07937,B08392,R03124,6450,0,Checked-Out,3
BR07938,B06727,R03148,3400,0,Checked-Out,5
BR07939,B04686,R03126,7200,10,Checked-Out,5
BR07940,B00293,R03127,6100,0,Cancelled,
BR07941,B08382,R03150,3950,5,Checked-Out,4
BR07942,B00769,R03127,6700,5,Checked-Out,4
BR07943,B07801,R03132,5200,5,Checked-Out,4
BR07944,B01108,R03095,5800,0,Checked-Out,4
BR07945,B05209,R03113,8600,0,Checked-Out,4
BR07946,B05209,R03123,7450,20,Checked-Out,5
BR07947,B08636,R03133,4900,10,Checked-Out,4
BR07948,B09903,R03153,3500,10,Checked-Out,5
BR07949,B02571,R03157,5750,5,Checked-Out,3
BR07950,B05588,R03134,8650,25,Checked-Out,4
BR07951,B05339,R03131,6600,0,Checked-Out,5
BR07952,B00290,R03138,6950,0,Checked-Out,5
BR07953,B05983,R03139,6600,5,Checked-Out,4
BR07954,B00619,R03143,5900,0,Checked-Out,4
BR07955,B00619,R03146,6950,15,Checked-Out,4
BR07956,B04820,R03107,8200,25,Checked-Out,5
BR07957,B04820,R03111,8700,0,Checked-Out,3
BR07958,B03093,R03169,10850,0,Checked-Out,4
BR07959,B09289,R03180,11900,5,Checked-Out,3
BR07960,B00184,R03147,5900,5,Cancelled,
BR07961,B00184,R03151,7200,10,Cancelled,
BR07962,B00123,R03145,8800,0,Checked-Out,4
BR07963,B01433,R03147,6500,0,Checked-Out,4
BR07964,B01433,R03151,7700,25,Checked-Out,4
BR07965,B03158,R03149,9250,15,Checked-Out,2
BR07966,B02110,R03152,5450,5,Checked-Out,4
BR07967,B08843,R03155,8050,10,Cancelled,
BR07968,B08843,R03114,6400,0,Cancelled,
BR07969,B08843,R03159,5650,10,Cancelled,
BR07970,B08953,R03155,8100,0,Checked-Out,4
BR07971,B09009,R03159,4950,15,Cancelled,
BR07972,B04305,R03158,6600,25,Checked-Out,4
BR07973,B02901,R03159,5800,0,Checked-Out,5
BR07974,B02901,R03161,6400,0,Checked-Out,3
BR07975,B02901,R03163,4650,5,Checked-Out,4
BR07976,B00799,R03171,9850,0,Checked-Out,5
BR07977,B02691,R03164,5050,20,Checked-Out,5
BR07978,B00889,R03165,4700,15,Checked-Out,3
BR07979,B05707,R03114,6550,0,Checked-Out,5
BR07980,B03403,R03178,7650,5,Checked-Out,4
BR07981,B03403,R03179,8600,0,Checked-Out,4
BR07982,B03403,R03184,7250,0,Checked-Out,5
BR07983,B03403,R03189,7250,10,Checked-Out,4
BR07984,B03628,R03125,9650,20,Checked-Out,3
BR07985,B02970,R03160,5850,5,Checked-Out,1
BR07986,B02970,R03162,5550,0,Checked-Out,4
BR07987,B04263,R03168,4550,0,Checked-Out,5
BR07988,B09879,R03183,11800,10,Checked-Out,5
BR07989,B00350,R03186,13100,5,Checked-Out,5
BR07990,B00350,R03191,9750,0,Checked-Out,4
BR07991,B09295,R03166,6450,10,Checked-Out,5
BR07992,B08489,R03172,3250,5,Checked-Out,5
BR07993,B01632,R03175,6150,25,Checked-Out,3
BR07994,B01632,R03176,4150,5,Checked-Out,3
BR07995,B06640,R03185,4800,0,No-Show,
BR07996,B03469,R03167,7300,5,Checked-Out,4
BR07997,B00884,R03214,12450,10,No-Show,
BR07998,B04736,R03170,8550,15,Checked-Out,3
BR07999,B07259,R03185,4650,0,Checked-Out,5
BR08000,B07259,R03192,4850,0,Checked-Out,4
BR08001,B06444,R03181,4300,10,Checked-Out,4
BR08002,B06444,R03182,4800,10,Checked-Out,4
BR08003,B06444,R03188,5000,10,Checked-Out,5
BR08004,B05439,R03190,6900,10,Checked-Out,5
BR08005,B01562,R03194,4300,10,Checked-Out,5
BR08006,B05989,R03195,4800,15,Checked-Out,3
BR08007,B03421,R03129,7400,0,Checked-Out,5
BR08008,B05393,R03193,6900,10,Checked-Out,4
BR08009,B05507,R03199,6050,30,Checked-Out,4
BR08010,B05507,R03203,6600,0,Checked-Out,5
BR08011,B06199,R03204,5350,0,Checked-Out,4
BR08012,B06199,R03207,5650,10,Checked-Out,4
BR08013,B01572,R03208,6800,0,Checked-Out,3
BR08014,B05377,R03211,5250,15,Checked-Out,4
BR08015,B05905,R03197,3150,15,Checked-Out,4
BR08016,B05905,R03198,3800,5,Checked-Out,4
BR08017,B05905,R03200,3100,25,Checked-Out,2
BR08018,B07414,R03218,8500,0,Checked-Out,4
BR08019,B02359,R03220,5050,10,Checked-Out,1
BR08020,B06492,R03206,4050,0,Checked-Out,5
BR08021,B00114,R03229,4700,20,Checked-Out,2
BR08022,B01402,R03230,5200,25,Checked-Out,5
BR08023,B02777,R03233,5900,0,Checked-Out,4
BR08024,B02777,R03237,5800,10,Checked-Out,5
BR08025,B09107,R03239,6200,10,Checked-Out,5
BR08026,B06057,R03212,4400,10,Checked-Out,2
BR08027,B02934,R03243,5400,15,Checked-Out,3
BR08028,B09617,R03245,6150,20,Checked-Out,3
BR08029,B09617,R03259,5000,20,Checked-Out,3
BR08030,B06154,R03154,7600,10,Checked-Out,4
BR08031,B04207,R03214,9350,0,Checked-Out,5
BR08032,B00129,R03257,8900,0,Checked-Out,4
BR08033,B09348,R03196,7050,5,Cancelled,
BR08034,B00762,R03215,4700,10,No-Show,
BR08035,B08771,R03196,6900,10,Checked-Out,5
BR08036,B08771,R03201,8050,5,Checked-Out,4
BR08037,B00879,R03025,6850,10,Checked-Out,5
BR08038,B04652,R03011,6750,0,Checked-Out,2
BR08039,B01717,R03015,6900,10,Checked-Out,5
BR08040,B01717,R03016,7350,25,Checked-Out,5
BR08041,B00155,R03022,5800,0,Checked-Out,5
BR08042,B06128,R03215,4400,10,Cancelled,
BR08043,B00034,R03215,4150,20,Checked-Out,4
BR08044,B06415,R03173,5800,0,Checked-Out,5
BR08045,B06415,R03174,8400,20,Checked-Out,4
BR08046,B04846,R03202,6650,0,Checked-Out,4
BR08047,B03733,R03035,7500,0,Cancelled,
BR08048,B00472,R03026,4600,5,No-Show,
BR08049,B02522,R03216,5400,0,Checked-Out,5
BR08050,B04026,R03210,7850,5,Checked-Out,3
BR08051,B04026,R03213,7250,30,Checked-Out,5
BR08052,B07502,R03217,3050,10,Checked-Out,4
BR08053,B07839,R03026,4350,20,Checked-Out,4
BR08054,B03753,R03222,4250,5,Checked-Out,3
BR08055,B00267,R03223,4450,10,Checked-Out,4
BR08056,B08573,R03219,7200,10,No-Show,
BR08057,B05906,R03029,4600,0,Checked-Out,3
BR08058,B06014,R03219,5700,25,Checked-Out,4
BR08059,B09233,R03177,5850,5,Checked-Out,5
BR08060,B09233,R03187,5750,10,Checked-Out,5
BR08061,B04837,R03035,7400,5,Checked-Out,5
BR08062,B06471,R03221,7250,20,Checked-Out,5
BR08063,B01434,R03225,4800,25,Checked-Out,4
BR08064,B04667,R03043,4500,10,Checked-Out,4
BR08065,B05710,R03044,5150,0,Checked-Out,4
BR08066,B05710,R03045,4400,10,Checked-Out,4
BR08067,B05710,R03047,6350,10,Checked-Out,5
BR08068,B07094,R03226,4550,5,Checked-Out,4
BR08069,B00870,R03205,8300,10,No-Show,
BR08070,B06610,R03224,6300,0,Checked-Out,2
BR08071,B01171,R03049,5350,5,Checked-Out,2
BR08072,B03131,R03236,7200,10,Checked-Out,4
BR08073,B00648,R03054,4000,5,Checked-Out,5
BR08074,B03338,R03227,4400,0,Checked-Out,4
BR08075,B09973,R03042,9500,0,Checked-Out,4
BR08076,B06120,R03228,3450,25,Checked-Out,4
BR08077,B01081,R03231,3400,0,Checked-Out,4
BR08078,B05089,R03056,5450,5,Checked-Out,4
BR08079,B07252,R03046,8600,15,No-Show,
BR08080,B07252,R03080,7350,0,No-Show,
BR08081,B06953,R03251,6800,20,No-Show,
BR08082,B08814,R03232,3250,0,Checked-Out,5
BR08083,B01598,R03046,11350,10,Checked-Out,5
BR08084,B01598,R03080,8150,15,Checked-Out,2
BR08085,B03425,R03251,6500,0,Cancelled,
BR08086,B00315,R03205,7500,25,Cancelled,
BR08087,B00315,R03209,6550,0,Cancelled,
BR08088,B00143,R03234,3850,10,Checked-Out,5
BR08089,B00143,R03238,3550,0,Checked-Out,4
BR08090,B05374,R03240,4800,0,Checked-Out,4
BR08091,B06252,R03241,4700,20,Checked-Out,4
BR08092,B02343,R03059,6050,5,Checked-Out,5
BR08093,B05941,R03244,3850,15,Checked-Out,5
BR08094,B06495,R03062,4850,10,Cancelled,
BR08095,B02427,R03251,7100,0,Checked-Out,5
BR08096,B00366,R03254,6200,10,Checked-Out,5
BR08097,B03023,R03248,4550,0,Checked-Out,4
BR08098,B05634,R03249,4850,10,Checked-Out,4
BR08099,B02503,R03205,8500,30,Checked-Out,4
BR08100,B07236,R03252,4650,5,Checked-Out,3
BR08101,B09091,R03256,9450,10,Checked-Out,4
BR08102,B09738,R03014,5450,15,Checked-Out,5
BR08103,B09738,R03017,4150,0,Checked-Out,5
BR08104,B08321,R03258,9300,0,Checked-Out,5
BR08105,B09619,R03062,6250,0,Checked-Out,4
BR08106,B08592,R03063,6200,10,Checked-Out,3
BR08107,B05023,R03089,11050,5,Checked-Out,4
BR08108,B05023,R03023,3300,0,Checked-Out,5
BR08109,B05023,R03260,9050,0,Checked-Out,3
BR08110,B07599,R03012,9850,10,Checked-Out,4
BR08111,B03195,R03013,11000,30,Checked-Out,5
BR08112,B05888,R03018,9250,5,Checked-Out,3
BR08113,B02428,R03066,7650,5,Checked-Out,2
BR08114,B07879,R03027,5300,10,Checked-Out,5
BR08115,B07879,R03033,5950,20,Checked-Out,5
BR08116,B01054,R03067,5550,0,Cancelled,
BR08117,B01054,R03068,6950,20,Cancelled,
BR08118,B02360,R03019,8150,0,Checked-Out,4
BR08119,B07031,R03020,8650,0,Checked-Out,3
BR08120,B04317,R03024,9450,5,Checked-Out,4
BR08121,B04317,R03028,8000,15,Checked-Out,5
BR08122,B04317,R03030,8700,0,Checked-Out,1
BR08123,B04055,R03093,11700,20,Checked-Out,3
BR08124,B07509,R03039,3550,10,Checked-Out,4
BR08125,B03657,R03067,6450,5,Checked-Out,4
BR08126,B04691,R03209,6600,15,Checked-Out,1
BR08127,B04691,R03068,7100,5,Checked-Out,5
BR08128,B07260,R03094,12350,0,Checked-Out,4
BR08129,B02444,R03040,4750,0,Checked-Out,5
BR08130,B07160,R03057,3750,0,Checked-Out,5
BR08131,B07443,R03031,7300,0,Checked-Out,4
BR08132,B07443,R03032,7400,5,Checked-Out,4
BR08133,B05007,R03060,3300,0,Checked-Out,5
BR08134,B05007,R03061,3950,5,Checked-Out,5
BR08135,B03612,R03074,7650,0,Checked-Out,5
BR08136,B07266,R03077,5200,0,No-Show,
BR08137,B02433,R03077,4200,0,Checked-Out,4
BR08138,B05836,R03036,8000,5,Cancelled,
BR08139,B00905,R03103,11300,0,Checked-Out,5
BR08140,B06525,R03036,9050,0,Checked-Out,5
BR08141,B00721,R03065,4250,15,Checked-Out,3
BR08142,B01163,R03070,5400,0,Cancelled,
BR08143,B04889,R03070,5250,0,Checked-Out,5
BR08144,B06008,R03071,5650,0,Checked-Out,3
BR08145,B04979,R03083,6500,15,No-Show,
BR08146,B05692,R03106,10750,5,Checked-Out,4
BR08147,B07220,R03072,4800,0,Checked-Out,2
BR08148,B07220,R03075,6200,5,Checked-Out,4
BR08149,B02727,R03083,6950,0,Checked-Out,4
BR08150,B01458,R03085,7400,10,No-Show,
BR08151,B03298,R03041,9000,0,Checked-Out,5
BR08152,B01807,R03085,8200,0,Checked-Out,4
BR08153,B01807,R03235,6800,0,Checked-Out,4
BR08154,B08986,R03086,8700,0,Checked-Out,3
BR08155,B08986,R03088,7400,0,Checked-Out,4
BR08156,B04576,R03090,5400,10,Checked-Out,4
BR08157,B04576,R03098,6450,20,Checked-Out,5
BR08158,B04576,R03099,6650,15,Checked-Out,4
BR08159,B05481,R03076,4200,5,Checked-Out,4
BR08160,B05481,R03078,3950,0,Checked-Out,5
BR08161,B03240,R03079,3300,25,Checked-Out,4
BR08162,B07547,R03108,10550,15,Checked-Out,4
BR08163,B03092,R03050,7500,0,Cancelled,
BR08164,B08030,R03050,8950,5,Checked-Out,5
BR08165,B09551,R03115,11750,5,No-Show,
BR08166,B09551,R03052,9150,0,No-Show,
BR08167,B02661,R03104,6300,15,Checked-Out,4
BR08168,B08495,R03081,3750,10,Checked-Out,4
BR08169,B08495,R03082,4900,10,Checked-Out,4
BR08170,B04898,R03115,12050,20,Checked-Out,4
BR08171,B08098,R03109,7200,0,Checked-Out,3
BR08172,B09688,R03052,8800,10,Checked-Out,3
BR08173,B03929,R03242,7650,5,Checked-Out,5
BR08174,B08973,R03058,8950,0,Checked-Out,5
BR08175,B08973,R03073,7900,10,Checked-Out,5
BR08176,B09305,R03096,4050,10,Checked-Out,4
BR08177,B00871,R03246,9600,5,Checked-Out,4
BR08178,B00871,R03097,5050,0,Checked-Out,3
BR08179,B01843,R03116,8900,0,Checked-Out,5
BR08180,B01843,R03117,6150,5,Checked-Out,4
BR08181,B04754,R03100,3850,0,Checked-Out,2
BR08182,B04754,R03105,3700,0,Checked-Out,4
BR08183,B04306,R03118,6850,0,Checked-Out,5
BR08184,B08773,R03084,7700,15,Checked-Out,5
BR08185,B09333,R03119,7100,10,Cancelled,
BR08186,B06989,R03064,6700,15,Cancelled,
BR08187,B06989,R03087,7100,0,Cancelled,
BR08188,B06989,R03092,8900,15,Cancelled,
BR08189,B05635,R03064,5250,0,Cancelled,
BR08190,B01160,R03119,8050,15,Checked-Out,5
BR08191,B01160,R03124,6800,5,Checked-Out,3
BR08192,B01160,R03126,6850,0,Checked-Out,4
BR08193,B07145,R03247,8150,10,Checked-Out,3
BR08194,B09964,R03064,6800,5,Checked-Out,5
BR08195,B09964,R03087,7700,0,Checked-Out,5
BR08196,B04125,R03092,8500,10,Checked-Out,4
BR08197,B04125,R03095,6650,0,Checked-Out,4
BR08198,B09612,R03110,3250,5,Checked-Out,5
BR08199,B03462,R03113,7750,0,Cancelled,
BR08200,B03625,R03113,9150,15,Cancelled,
BR08201,B04194,R03127,6800,25,Checked-Out,5
BR08202,B04194,R03132,4950,10,Checked-Out,4
BR08203,B01390,R03113,9650,0,Checked-Out,5
BR08204,B05743,R03123,6900,15,Checked-Out,4
BR08205,B06363,R03112,4150,25,Checked-Out,4
BR08206,B06363,R03121,3500,5,Checked-Out,5
BR08207,B08881,R03133,5100,0,Checked-Out,4
BR08208,B04552,R03134,8600,0,Checked-Out,4
BR08209,B04552,R03138,7350,10,Checked-Out,5
BR08210,B04552,R03143,5900,5,Checked-Out,3
BR08211,B07048,R03146,6550,5,Checked-Out,4
BR08212,B07524,R03128,3800,10,Checked-Out,4
BR08213,B02244,R03120,10050,0,Checked-Out,4
BR08214,B02244,R03130,4600,5,Checked-Out,5
BR08215,B05227,R03147,6550,5,Checked-Out,4
BR08216,B07859,R03122,8900,10,Checked-Out,4
BR08217,B05784,R03131,6500,0,Checked-Out,5
BR08218,B09897,R03139,7000,10,Checked-Out,4
BR08219,B03098,R03250,6700,10,Checked-Out,4
BR08220,B03098,R03253,6200,10,Checked-Out,4
BR08221,B00162,R03135,11350,10,Checked-Out,5
BR08222,B07299,R03156,7550,0,Checked-Out,3
BR08223,B04307,R03151,8150,0,No-Show,
BR08224,B04548,R03136,5350,20,Checked-Out,5
BR08225,B01037,R03151,8000,5,Checked-Out,5
BR08226,B09795,R03180,12250,25,Checked-Out,4
BR08227,B09795,R03169,9150,10,Checked-Out,4
BR08228,B05325,R03137,4450,5,Checked-Out,4
BR08229,B05325,R03140,3750,20,Checked-Out,4
BR08230,B03794,R03183,11850,5,Checked-Out,4
BR08231,B04224,R03152,5450,15,Cancelled,
BR08232,B04224,R03158,6200,5,Cancelled,
BR08233,B05216,R03141,4200,5,Cancelled,
BR08234,B05216,R03142,4300,5,Cancelled,
BR08235,B05824,R03141,4250,5,Cancelled,
BR08236,B06383,R03141,3900,10,Checked-Out,5
BR08237,B06149,R03142,3800,0,Checked-Out,5
BR08238,B02626,R03144,4250,0,Checked-Out,2
BR08239,B04356,R03148,4000,0,Checked-Out,5
BR08240,B00979,R03150,4000,5,Checked-Out,4
BR08241,B08162,R03186,13000,25,Cancelled,
BR08242,B02662,R03152,5100,0,Checked-Out,2
BR08243,B03841,R03153,4200,5,Checked-Out,4
BR08244,B03841,R03157,6100,0,Checked-Out,4
BR08245,B03841,R03159,5450,30,Checked-Out,3
BR08246,B03196,R03161,6100,0,Checked-Out,4
BR08247,B07278,R03163,4650,0,Checked-Out,4
BR08248,B00259,R03158,6500,10,Checked-Out,4
BR08249,B00259,R03145,9150,5,Checked-Out,4
BR08250,B00259,R03164,4500,10,Checked-Out,2
BR08251,B00259,R03149,8800,0,Checked-Out,4
BR08252,B02855,R03165,4900,5,Checked-Out,4
BR08253,B07908,R03186,11700,0,Checked-Out,4
BR08254,B08905,R03168,5000,20,Checked-Out,5
BR08255,B01804,R03160,6350,15,Checked-Out,4
BR08256,B06827,R03155,7400,0,Cancelled,
BR08257,B06827,R03162,6450,0,Cancelled,
BR08258,B06827,R03172,3650,0,Cancelled,
BR08259,B06827,R03175,5850,20,Cancelled,
BR08260,B01250,R03162,6450,15,Checked-Out,5
BR08261,B04999,R03255,8150,0,Checked-Out,3
BR08262,B08815,R03191,9100,10,Checked-Out,4
BR08263,B02420,R03166,6500,15,Checked-Out,5
BR08264,B03930,R03172,3850,0,Checked-Out,4
BR08265,B04956,R03167,6850,0,Checked-Out,4
BR08266,B02902,R03170,6950,0,Checked-Out,5
BR08267,B01190,R03175,6450,0,Checked-Out,4
BR08268,B05631,R03155,7900,0,Checked-Out,4
BR08269,B07706,R03214,12350,5,Checked-Out,5
BR08270,B00521,R03176,4500,0,Cancelled,
BR08271,B04152,R03021,8600,5,Checked-Out,5
BR08272,B04152,R03181,5700,15,Checked-Out,5
BR08273,B04152,R03176,4700,10,Checked-Out,5
BR08274,B05199,R03185,4550,0,Checked-Out,4
BR08275,B05119,R03192,3950,0,Cancelled,
BR08276,B06959,R03192,4400,15,Checked-Out,4
BR08277,B08205,R03171,8200,5,Checked-Out,4
BR08278,B08553,R03257,9750,0,Cancelled,
BR08279,B08553,R03195,5650,0,Cancelled,
BR08280,B00253,R03178,8800,15,Checked-Out,5
BR08281,B04225,R03182,5050,15,Checked-Out,3
BR08282,B06253,R03179,8900,0,Cancelled,
BR08283,B06253,R03184,8100,20,Cancelled,
BR08284,B04326,R03195,4800,5,Checked-Out,4
BR08285,B09016,R03188,5100,0,Checked-Out,4
BR08286,B00998,R03179,7800,0,Checked-Out,4
BR08287,B07202,R03034,8250,10,Checked-Out,4
BR08288,B05597,R03194,5450,5,Checked-Out,3
BR08289,B05597,R03037,11050,5,Checked-Out,5
BR08290,B03654,R03199,6550,5,Checked-Out,4
BR08291,B01593,R03197,3450,10,Checked-Out,3
BR08292,B05441,R03184,6350,0,Checked-Out,3
BR08293,B09316,R03198,4150,0,Checked-Out,3
BR08294,B05008,R03200,2950,0,Checked-Out,3
BR08295,B09225,R03203,6400,0,Checked-Out,5
BR08296,B03115,R03206,4700,5,Checked-Out,5
BR08297,B06293,R03189,8000,20,Checked-Out,4
BR08298,B07630,R03038,6700,10,Checked-Out,3
BR08299,B05858,R03212,5200,10,Checked-Out,5
BR08300,B08727,R03204,7250,10,Checked-Out,5
BR08301,B07069,R03215,4100,5,Checked-Out,5
BR08302,B02402,R03207,7350,15,Checked-Out,4
BR08303,B09208,R03190,5950,15,Checked-Out,5
BR08304,B00722,R03216,4800,15,Checked-Out,4
BR08305,B01718,R03217,3750,0,No-Show,
BR08306,B09902,R03217,3800,10,Checked-Out,3
BR08307,B09902,R03222,5650,5,Checked-Out,5
BR08308,B09902,R03223,5200,5,Checked-Out,4
BR08309,B00703,R03048,7350,0,Checked-Out,5
BR08310,B01532,R03225,5250,0,Checked-Out,4
BR08311,B02441,R03208,6050,10,Checked-Out,4
BR08312,B01467,R03211,4600,10,Checked-Out,4
BR08313,B09674,R03226,4900,0,Checked-Out,2
BR08314,B09674,R03051,8150,10,Checked-Out,4
BR08315,B06305,R03218,7800,5,Checked-Out,2
BR08316,B06714,R03220,4750,5,Checked-Out,5
BR08317,B07722,R03229,5000,0,Checked-Out,3
BR08318,B07722,R03230,6000,0,Checked-Out,5
BR08319,B07851,R03193,7550,0,Checked-Out,3
BR08320,B04315,R03053,6300,0,Checked-Out,4
BR08321,B03346,R03233,7900,20,Checked-Out,5
BR08322,B05629,R03237,7750,0,No-Show,
BR08323,B08044,R03227,3850,10,Cancelled,
BR08324,B09092,R03227,4100,20,Checked-Out,4
BR08325,B04070,R03228,3700,5,Checked-Out,3
BR08326,B07154,R03237,7300,5,Checked-Out,4
BR08327,B05755,R03055,7450,5,Cancelled,
BR08328,B08918,R03257,7850,5,Checked-Out,3
BR08329,B05326,R03231,4200,5,Checked-Out,4
BR08330,B06150,R03239,7050,15,Checked-Out,3
BR08331,B06176,R03196,6350,0,Checked-Out,4
BR08332,B08651,R03232,3700,10,Checked-Out,2
BR08333,B09974,R03243,4950,10,Checked-Out,5
BR08334,B06760,R03234,3900,10,No-Show,
BR08335,B06760,R03238,3350,10,No-Show,
BR08336,B03635,R03234,4900,10,Checked-Out,4
BR08337,B03017,R03238,3800,0,Checked-Out,5
BR08338,B01287,R03055,8250,15,Checked-Out,5
BR08339,B00600,R03201,9000,20,Checked-Out,4
BR08340,B00750,R03245,5700,20,Checked-Out,4
BR08341,B04209,R03259,4750,0,Cancelled,
BR08342,B04209,R03011,5700,20,Cancelled,
BR08343,B04209,R03015,6050,15,Cancelled,
BR08344,B08726,R03259,5150,0,Checked-Out,4
BR08345,B01428,R03069,6350,0,Checked-Out,4
BR08346,B07921,R03202,6800,20,Checked-Out,5
BR08347,B07921,R03210,8650,15,Checked-Out,4
BR08348,B07921,R03213,8550,0,Checked-Out,5
BR08349,B08742,R03219,7500,0,Checked-Out,4
BR08350,B08742,R03221,7750,0,Checked-Out,2
BR08351,B09284,R03011,6800,10,Checked-Out,5
BR08352,B09284,R03015,6650,0,Checked-Out,5
BR08353,B04067,R03224,6650,25,Checked-Out,5
BR08354,B08579,R03240,4850,15,Checked-Out,4
BR08355,B01650,R03091,7300,10,No-Show,
BR08356,B09508,R03241,4750,5,Checked-Out,4
BR08357,B03288,R03016,7050,5,No-Show,
BR08358,B03288,R03022,6550,0,No-Show,
BR08359,B07060,R03244,5200,0,Checked-Out,5
BR08360,B05051,R03249,4050,0,Cancelled,
BR08361,B00260,R03091,7050,5,Checked-Out,4
BR08362,B02769,R03249,5100,5,Checked-Out,4
BR08363,B01817,R03016,6400,15,Checked-Out,5
BR08364,B01817,R03022,5750,0,Checked-Out,5
BR08365,B08527,R03026,5250,0,Checked-Out,4
BR08366,B02446,R03025,7250,5,Cancelled,
BR08367,B04915,R03248,4500,10,Checked-Out,4
BR08368,B02627,R03236,6700,20,Checked-Out,4
BR08369,B00770,R03252,4000,30,Checked-Out,4
BR08370,B04409,R03251,7250,0,Checked-Out,3
BR08371,B09796,R03254,6500,0,Checked-Out,4
BR08372,B01844,R03014,3950,10,No-Show,
BR08373,B06139,R03256,7300,15,Checked-Out,4
BR08374,B03302,R03014,4350,5,Checked-Out,4
BR08375,B04616,R03029,4500,10,Checked-Out,4
BR08376,B03197,R03043,4450,15,Checked-Out,5
BR08377,B03197,R03044,5250,0,Checked-Out,4
BR08378,B06088,R03045,4550,15,Checked-Out,4
BR08379,B00765,R03017,3650,10,Checked-Out,4
BR08380,B02897,R03023,2950,0,Checked-Out,5
BR08381,B00139,R03047,6650,10,Checked-Out,5
BR08382,B01056,R03027,4900,10,Checked-Out,5
BR08383,B06420,R03258,8650,5,Checked-Out,5
BR08384,B05271,R03260,7200,20,Checked-Out,4
BR08385,B09566,R03012,8450,0,Checked-Out,4
BR08386,B09566,R03013,7400,10,Checked-Out,5
BR08387,B03500,R03033,5250,0,Checked-Out,4
BR08388,B01829,R03049,5750,0,No-Show,
BR08389,B02287,R03049,5000,0,Cancelled,
BR08390,B06458,R03039,2800,10,Checked-Out,4
BR08391,B08122,R03049,4400,0,Checked-Out,4
BR08392,B00708,R03025,6100,10,Checked-Out,4
BR08393,B03874,R03018,7800,5,Checked-Out,4
BR08394,B03874,R03040,4000,20,Checked-Out,4
BR08395,B08012,R03054,4850,25,No-Show,
BR08396,B07415,R03054,5150,0,Checked-Out,4
BR08397,B03181,R03057,3050,0,Checked-Out,1
BR08398,B03181,R03060,2900,5,Checked-Out,5
BR08399,B04905,R03061,3650,0,Checked-Out,5
BR08400,B00926,R03101,6100,0,Checked-Out,3
BR08401,B07087,R03035,8800,20,Checked-Out,5
BR08402,B07110,R03102,6550,10,Checked-Out,5
BR08403,B08606,R03065,3250,10,Checked-Out,5
BR08404,B03789,R03056,4650,5,Checked-Out,4
BR08405,B03789,R03059,6000,5,Checked-Out,5
BR08406,B05052,R03071,4400,0,Checked-Out,4
BR08407,B07051,R03062,4150,10,Checked-Out,3
BR08408,B03896,R03070,3850,0,Checked-Out,5
BR08409,B04285,R03019,7300,5,Cancelled,
BR08410,B04916,R03072,4350,5,Checked-Out,4
BR08411,B04916,R03075,5050,15,Checked-Out,4
BR08412,B04916,R03076,3500,0,Checked-Out,4
BR08413,B09706,R03078,2850,5,Checked-Out,4
BR08414,B09706,R03079,3000,5,Checked-Out,4
BR08415,B03972,R03063,5750,15,No-Show,
BR08416,B07870,R03019,6650,0,Checked-Out,4
BR08417,B02659,R03042,9200,0,Checked-Out,3
BR08418,B08496,R03024,8250,5,Checked-Out,4
BR08419,B07208,R03063,4800,0,Checked-Out,4
BR08420,B05723,R03066,6200,0,Checked-Out,3
BR08421,B02052,R03028,6300,10,Checked-Out,4
BR08422,B02651,R03081,3800,10,Checked-Out,3
BR08423,B00269,R03107,7500,10,Checked-Out,5
BR08424,B03584,R03030,6750,0,Checked-Out,5
BR08425,B00436,R03067,5600,0,Checked-Out,4
BR08426,B04996,R03082,5050,0,Checked-Out,3
BR08427,B03392,R03096,3650,0,Cancelled,
BR08428,B04842,R03096,3800,0,Checked-Out,5
BR08429,B09531,R03046,12100,0,Checked-Out,5
BR08430,B02108,R03097,4550,20,Checked-Out,4
BR08431,B05230,R03068,6300,10,Checked-Out,4
BR08432,B04982,R03100,3150,20,Checked-Out,3
BR08433,B08767,R03105,3250,0,Checked-Out,4
BR08434,B08767,R03110,2950,10,Checked-Out,4
BR08435,B08767,R03112,3850,0,Checked-Out,4
BR08436,B09317,R03111,7500,0,Checked-Out,5
BR08437,B09909,R03020,6700,5,Checked-Out,2
BR08438,B03616,R03074,6900,30,Checked-Out,4
BR08439,B09266,R03080,9300,15,Checked-Out,4
BR08440,B01687,R03031,6150,30,Checked-Out,4
BR08441,B04838,R03077,4600,0,Cancelled,
BR08442,B08185,R03121,2800,10,Cancelled,
BR08443,B01330,R03032,6600,0,Checked-Out,4
BR08444,B01855,R03089,11100,15,Checked-Out,5
BR08445,B06421,R03077,4250,0,Checked-Out,4
BR08446,B01334,R03093,12550,5,Checked-Out,3
BR08447,B01334,R03083,6800,15,Checked-Out,5
BR08448,B07902,R03121,3250,5,No-Show,
BR08449,B04549,R03085,6150,5,Checked-Out,4
BR08450,B01975,R03121,3300,10,Checked-Out,3
BR08451,B01975,R03128,3150,10,Checked-Out,4
BR08452,B02091,R03036,7950,5,Checked-Out,4
BR08453,B01998,R03086,6600,5,Checked-Out,4
BR08454,B01998,R03094,10750,5,Checked-Out,5
BR08455,B09116,R03130,4550,25,Checked-Out,4
BR08456,B06677,R03041,6900,15,Checked-Out,3
BR08457,B06933,R03136,5300,15,Checked-Out,4
BR08458,B07819,R03050,7000,5,Checked-Out,5
BR08459,B01556,R03088,6200,10,Checked-Out,5
BR08460,B05758,R03137,4000,10,Checked-Out,4
BR08461,B05758,R03052,8300,15,Checked-Out,4
BR08462,B05758,R03140,3450,15,Checked-Out,4
BR08463,B03593,R03141,3100,0,Checked-Out,4
BR08464,B05647,R03114,5850,15,Checked-Out,3
BR08465,B02690,R03090,4350,10,Checked-Out,3
BR08466,B08125,R03098,5650,5,Checked-Out,3
BR08467,B08125,R03099,5100,25,Checked-Out,4
BR08468,B08125,R03104,6850,10,Checked-Out,4
BR08469,B08125,R03109,6400,15,Checked-Out,4
BR08470,B07586,R03058,7100,10,Checked-Out,3
BR08471,B01406,R03142,3450,25,Checked-Out,5
BR08472,B03560,R03073,7700,20,Checked-Out,4
BR08473,B09848,R03144,3250,0,Checked-Out,3
BR08474,B06063,R03084,7600,10,Checked-Out,4
BR08475,B09366,R03103,8850,10,Checked-Out,5
BR08476,B00258,R03092,7300,0,Checked-Out,5
BR08477,B02742,R03095,5650,10,Checked-Out,4
BR08478,B07227,R03106,9350,0,Checked-Out,4
BR08479,B07227,R03108,9600,0,Checked-Out,5
BR08480,B09180,R03125,7950,0,Checked-Out,4
BR08481,B04054,R03064,5000,5,No-Show,
BR08482,B00613,R03116,8100,5,Checked-Out,4
BR08483,B01276,R03064,6750,5,Checked-Out,5
BR08484,B02652,R03087,6500,5,Checked-Out,4
BR08485,B02652,R03117,5000,0,Checked-Out,3
BR08486,B07569,R03113,7650,5,Checked-Out,3
BR08487,B04828,R03115,9500,15,Checked-Out,5
BR08488,B07269,R03123,5700,15,Checked-Out,5
BR08489,B07269,R03139,5800,0,Checked-Out,4
BR08490,B07922,R03148,3450,0,Cancelled,
BR08491,B07054,R03118,5950,25,Checked-Out,4
BR08492,B06538,R03131,5100,10,Checked-Out,3
BR08493,B06538,R03145,7500,0,Checked-Out,4
BR08494,B02320,R03119,6350,0,Checked-Out,3
BR08495,B04184,R03149,7100,5,Cancelled,
BR08496,B07571,R03120,8050,10,Checked-Out,5
BR08497,B01456,R03261,2450,15,Checked-Out,4
BR08498,B01674,R03263,4500,10,Checked-Out,4
BR08499,B06884,R03269,6200,15,Cancelled,
BR08500,B09770,R03265,4150,20,Checked-Out,5
BR08501,B00806,R03267,6900,0,Checked-Out,4
BR08502,B04222,R03264,5650,0,Checked-Out,3
BR08503,B04222,R03266,5400,5,Checked-Out,2
BR08504,B01143,R03262,6000,5,Checked-Out,4
BR08505,B01143,R03269,5650,5,Checked-Out,4
BR08506,B05105,R03285,7200,15,Checked-Out,5
BR08507,B05105,R03288,8200,0,Checked-Out,5
BR08508,B05105,R03303,8300,0,Checked-Out,5
BR08509,B07188,R03274,8550,15,Checked-Out,3
BR08510,B04807,R03273,3600,0,Checked-Out,5
BR08511,B04807,R03276,8400,10,Checked-Out,5
BR08512,B00996,R03284,3050,15,Checked-Out,5
BR08513,B01186,R03282,8200,0,Checked-Out,5
BR08514,B08005,R03270,6150,0,Checked-Out,3
BR08515,B00026,R03289,4150,10,Checked-Out,5
BR08516,B08074,R03286,9400,10,Checked-Out,4
BR08517,B08074,R03297,8700,10,Checked-Out,5
BR08518,B08074,R03298,9150,15,Checked-Out,3
BR08519,B08074,R03299,9650,20,Checked-Out,3
BR08520,B08526,R03290,3650,0,Checked-Out,5
BR08521,B05594,R03292,3350,20,Checked-Out,5
BR08522,B05594,R03293,4000,5,Checked-Out,5
BR08523,B03506,R03296,3300,20,Checked-Out,5
BR08524,B08199,R03271,4800,5,Checked-Out,5
BR08525,B09137,R03301,8400,0,Checked-Out,4
BR08526,B04278,R03306,7300,10,Cancelled,
BR08527,B04330,R03326,5450,10,Checked-Out,5
BR08528,B01771,R03328,6550,20,Checked-Out,4
BR08529,B03952,R03306,6550,0,Checked-Out,5
BR08530,B01657,R03302,3900,15,No-Show,
BR08531,B02416,R03278,6400,10,Checked-Out,3
BR08532,B02740,R03307,5950,5,Checked-Out,3
BR08533,B01361,R03302,3000,0,Checked-Out,4
BR08534,B04140,R03279,5000,0,Checked-Out,4
BR08535,B07789,R03317,7950,10,Checked-Out,4
BR08536,B01237,R03323,8350,0,Checked-Out,3
BR08537,B01237,R03331,6400,5,Checked-Out,3
BR08538,B01237,R03333,7700,15,Checked-Out,5
BR08539,B02297,R03272,6100,0,Checked-Out,5
BR08540,B02297,R03268,10650,5,Checked-Out,3
BR08541,B02297,R03334,8000,5,Checked-Out,3
BR08542,B04281,R03275,9300,20,Checked-Out,4
BR08543,B09297,R03304,2100,10,Checked-Out,4
BR08544,B00599,R03357,6900,30,Checked-Out,4
BR08545,B05329,R03277,13550,0,Checked-Out,5
BR08546,B05329,R03337,9200,0,Checked-Out,3
BR08547,B04658,R03305,3600,0,Checked-Out,4
BR08548,B00096,R03339,5200,0,Checked-Out,5
BR08549,B00096,R03340,7700,0,Checked-Out,4
BR08550,B05136,R03341,7400,15,Checked-Out,4
BR08551,B05909,R03281,4000,0,Checked-Out,4
BR08552,B05862,R03314,3400,10,Checked-Out,4
BR08553,B05862,R03315,2500,10,Checked-Out,4
BR08554,B07596,R03360,5350,0,No-Show,
BR08555,B08271,R03350,7000,0,Checked-Out,4
BR08556,B08363,R03354,6600,10,Checked-Out,5
BR08557,B01117,R03318,3600,5,Checked-Out,4
BR08558,B07471,R03283,4650,10,Checked-Out,4
BR08559,B05147,R03280,10650,5,Checked-Out,5
BR08560,B05147,R03313,7650,0,Checked-Out,4
BR08561,B05189,R03320,3600,5,Checked-Out,4
BR08562,B00001,R03322,3350,10,Checked-Out,5
BR08563,B00001,R03325,2850,30,Checked-Out,3
BR08564,B05966,R03291,4600,20,Checked-Out,2
BR08565,B08190,R03343,2950,10,Checked-Out,4
BR08566,B08190,R03344,2950,20,Checked-Out,5
BR08567,B08656,R03360,6250,15,Checked-Out,3
BR08568,B02300,R03346,3350,0,Checked-Out,2
BR08569,B01234,R03364,7050,5,Checked-Out,4
BR08570,B09117,R03368,8850,25,Checked-Out,4
BR08571,B03904,R03374,5150,15,Checked-Out,5
BR08572,B03904,R03327,6600,0,Checked-Out,5
BR08573,B03598,R03385,6250,5,Checked-Out,3
BR08574,B05114,R03371,5350,5,Checked-Out,5
BR08575,B05995,R03295,5700,15,Checked-Out,5
BR08576,B06549,R03287,5100,15,Checked-Out,5
BR08577,B06549,R03294,4450,5,Checked-Out,4
BR08578,B04105,R03300,3550,0,No-Show,
BR08579,B04105,R03308,4700,0,No-Show,
BR08580,B01382,R03348,2600,20,No-Show,
BR08581,B01509,R03348,2950,5,Checked-Out,2
BR08582,B07446,R03391,6600,25,Checked-Out,5
BR08583,B08959,R03386,7200,0,Checked-Out,5
BR08584,B04668,R03355,2750,20,Checked-Out,4
BR08585,B07279,R03300,4200,10,Checked-Out,3
BR08586,B07996,R03392,6650,10,Checked-Out,4
BR08587,B00487,R03309,5450,15,Checked-Out,3
BR08588,B01727,R03361,1850,5,No-Show,
BR08589,B04919,R03310,4050,25,Checked-Out,5
BR08590,B07796,R03361,1950,5,Checked-Out,5
BR08591,B07796,R03365,1850,10,Checked-Out,4
BR08592,B07796,R03369,2200,5,Checked-Out,2
BR08593,B02622,R03312,5150,5,Checked-Out,3
BR08594,B07192,R03329,8850,5,Checked-Out,4
BR08595,B07291,R03388,7450,20,Checked-Out,4
BR08596,B04196,R03319,4550,25,Checked-Out,4
BR08597,B05697,R03413,5900,0,Checked-Out,3
BR08598,B06582,R03389,5700,5,Checked-Out,5
BR08599,B01395,R03421,5850,5,Checked-Out,4
BR08600,B02853,R03393,5050,0,Checked-Out,5
BR08601,B09313,R03395,6600,0,Checked-Out,5
BR08602,B05264,R03370,2300,5,Checked-Out,4
BR08603,B06331,R03399,6800,15,Checked-Out,5
BR08604,B08020,R03321,3750,10,Checked-Out,3
BR08605,B02189,R03373,2850,5,Checked-Out,4
BR08606,B02189,R03401,5600,10,Checked-Out,5
BR08607,B02189,R03324,3950,10,Checked-Out,4
BR08608,B02189,R03422,4900,20,Checked-Out,5
BR08609,B08024,R03407,6400,5,No-Show,
BR08610,B01715,R03330,4650,10,Checked-Out,4
BR08611,B04331,R03430,7200,10,No-Show,
BR08612,B04331,R03336,10050,10,No-Show,
BR08613,B08548,R03332,3250,20,Checked-Out,3
BR08614,B08017,R03335,5950,5,Checked-Out,4
BR08615,B04876,R03375,2600,15,Checked-Out,5
BR08616,B09945,R03407,8450,10,Checked-Out,5
BR08617,B09945,R03410,7800,10,Checked-Out,5
BR08618,B04420,R03338,4700,15,Cancelled,
BR08619,B02508,R03338,4950,30,Checked-Out,4
BR08620,B02508,R03342,4250,10,Checked-Out,4
BR08621,B05850,R03430,7450,10,Checked-Out,4
BR08622,B07504,R03412,5500,10,Checked-Out,5
BR08623,B07504,R03419,6850,0,Checked-Out,4
BR08624,B04065,R03376,2800,20,Checked-Out,5
BR08625,B04065,R03380,3000,5,Checked-Out,5
BR08626,B04065,R03384,3550,30,Checked-Out,5
BR08627,B09765,R03429,6150,0,Checked-Out,5
BR08628,B02995,R03345,3800,0,Checked-Out,4
BR08629,B09220,R03349,3850,0,Checked-Out,4
BR08630,B06361,R03435,4500,0,Cancelled,
BR08631,B03768,R03336,7100,0,Checked-Out,4
BR08632,B06264,R03351,5650,0,No-Show,
BR08633,B09052,R03351,5900,10,No-Show,
BR08634,B00030,R03387,2450,10,Checked-Out,4
BR08635,B09304,R03308,6000,0,Checked-Out,4
BR08636,B04388,R03396,2150,25,Checked-Out,5
BR08637,B04817,R03400,1850,30,Checked-Out,5
BR08638,B04817,R03435,4450,0,Checked-Out,5
BR08639,B08211,R03351,4950,20,Checked-Out,5
BR08640,B02122,R03404,3400,15,Checked-Out,5
BR08641,B03496,R03353,4900,20,Checked-Out,4
BR08642,B06735,R03408,2650,25,Checked-Out,4
BR08643,B03808,R03436,6500,5,Checked-Out,4
BR08644,B08178,R03414,3450,0,Checked-Out,4
BR08645,B03486,R03347,9150,0,Checked-Out,4
BR08646,B08354,R03311,5750,10,Checked-Out,5
BR08647,B08354,R03316,7200,0,Checked-Out,5
BR08648,B09588,R03415,3600,10,Cancelled,
BR08649,B00128,R03433,8100,10,No-Show,
BR08650,B05031,R03415,2700,15,Checked-Out,4
BR08651,B05031,R03418,2750,5,Checked-Out,4
BR08652,B08473,R03441,6700,5,Checked-Out,5
BR08653,B07842,R03425,3200,15,Checked-Out,4
BR08654,B05908,R03358,4350,5,Checked-Out,5
BR08655,B06000,R03444,4700,0,Checked-Out,4
BR08656,B03073,R03359,6300,0,Checked-Out,4
BR08657,B01062,R03427,3850,15,Cancelled,
BR08658,B00393,R03427,3550,0,Checked-Out,5
BR08659,B06934,R03438,4300,0,Checked-Out,4
BR08660,B01350,R03446,9700,0,Checked-Out,4
BR08661,B01350,R03455,7550,15,Checked-Out,5
BR08662,B02839,R03352,11350,5,Checked-Out,4
BR08663,B00140,R03458,8850,10,Checked-Out,4
BR08664,B01980,R03440,3650,0,Checked-Out,4
BR08665,B00371,R03356,6550,5,Checked-Out,3
BR08666,B04808,R03362,5150,5,Checked-Out,5
BR08667,B04808,R03367,4700,15,Checked-Out,3
BR08668,B04808,R03378,3950,30,Checked-Out,3
BR08669,B04808,R03379,5700,0,Checked-Out,5
BR08670,B04294,R03459,6850,10,Checked-Out,3
BR08671,B04677,R03465,5800,0,Checked-Out,4
BR08672,B00403,R03467,7900,10,Cancelled,
BR08673,B01633,R03381,5250,0,Checked-Out,5
BR08674,B02759,R03467,7400,0,Checked-Out,5
BR08675,B08602,R03443,3400,5,Cancelled,
BR08676,B08602,R03447,3350,15,Cancelled,
BR08677,B01420,R03443,3250,15,Checked-Out,4
BR08678,B06056,R03468,5950,15,Checked-Out,4
BR08679,B00540,R03473,8300,0,Checked-Out,4
BR08680,B00540,R03475,6700,0,Checked-Out,5
BR08681,B03187,R03433,6900,10,No-Show,
BR08682,B03661,R03447,3750,20,Checked-Out,4
BR08683,B03475,R03477,9050,10,Checked-Out,3
BR08684,B07200,R03433,7600,0,Checked-Out,4
BR08685,B08834,R03383,5100,0,Checked-Out,3
BR08686,B00807,R03483,8750,10,Checked-Out,4
BR08687,B00807,R03390,6400,5,Checked-Out,4
BR08688,B01009,R03484,7450,5,Checked-Out,4
BR08689,B00821,R03372,7800,10,Checked-Out,5
BR08690,B07881,R03397,6300,15,Checked-Out,5
BR08691,B05020,R03398,5600,0,Checked-Out,3
BR08692,B09502,R03402,4750,5,Checked-Out,4
BR08693,B05992,R03405,4750,20,Checked-Out,5
BR08694,B07404,R03409,4500,5,Checked-Out,4
BR08695,B02470,R03485,6100,0,Checked-Out,5
BR08696,B09766,R03442,7350,10,Checked-Out,5
BR08697,B03113,R03403,5200,0,Checked-Out,4
BR08698,B09093,R03448,3150,0,Checked-Out,4
BR08699,B07735,R03454,3350,10,Checked-Out,2
BR08700,B05148,R03417,4750,0,Checked-Out,4
BR08701,B06583,R03487,6550,5,Checked-Out,5
BR08702,B06583,R03474,3150,0,Checked-Out,4
BR08703,B07611,R03424,4450,15,Checked-Out,4
BR08704,B00993,R03363,14950,10,Checked-Out,5
BR08705,B04500,R03420,5850,0,Checked-Out,4
BR08706,B00312,R03476,2750,20,Checked-Out,4
BR08707,B00312,R03478,2550,15,Checked-Out,4
BR08708,B03571,R03492,8700,0,Checked-Out,5
BR08709,B01841,R03449,6200,10,Checked-Out,5
BR08710,B07583,R03451,6850,0,Checked-Out,5
BR08711,B07583,R03456,4650,5,Checked-Out,5
BR08712,B09682,R03423,3100,5,Checked-Out,5
BR08713,B07548,R03489,3250,10,Checked-Out,4
BR08714,B07548,R03493,3100,0,Checked-Out,4
BR08715,B05902,R03495,8250,10,Checked-Out,3
BR08716,B05902,R03503,8800,15,Checked-Out,4
BR08717,B05902,R03509,5600,5,Checked-Out,5
BR08718,B05902,R03510,8750,5,Checked-Out,3
BR08719,B00471,R03426,4100,0,Checked-Out,3
BR08720,B00471,R03428,3250,0,Checked-Out,4
BR08721,B06461,R03494,2400,0,Cancelled,
BR08722,B01543,R03432,4700,5,Cancelled,
BR08723,B03286,R03432,5500,10,Checked-Out,5
BR08724,B03286,R03511,8650,0,Checked-Out,3
BR08725,B05886,R03513,9250,0,Checked-Out,4
BR08726,B06214,R03463,6050,20,Checked-Out,5
BR08727,B08583,R03520,8100,0,Checked-Out,3
BR08728,B07514,R03464,6800,30,Checked-Out,5
BR08729,B07514,R03466,6950,5,Checked-Out,1
BR08730,B04586,R03434,3800,25,Checked-Out,4
BR08731,B04586,R03437,4850,20,Checked-Out,3
BR08732,B04586,R03439,4150,0,Checked-Out,5
BR08733,B04586,R03445,6100,0,Checked-Out,5
BR08734,B02496,R03494,3000,5,Checked-Out,5
BR08735,B09030,R03450,4150,5,Cancelled,
BR08736,B01138,R03366,8950,5,Checked-Out,5
BR08737,B05716,R03450,6000,10,Cancelled,
BR08738,B05716,R03452,5800,0,Cancelled,
BR08739,B00118,R03479,5100,20,Checked-Out,1
BR08740,B03312,R03522,4350,5,Checked-Out,4
BR08741,B00791,R03496,3300,0,Checked-Out,4
BR08742,B00791,R03497,3850,5,Checked-Out,4
BR08743,B00791,R03524,7600,0,Checked-Out,4
BR08744,B01032,R03499,3650,10,Checked-Out,4
BR08745,B03110,R03450,5500,0,Checked-Out,2
BR08746,B06507,R03452,5250,20,Checked-Out,5
BR08747,B06507,R03453,5650,10,Checked-Out,5
BR08748,B06507,R03460,6800,5,Checked-Out,4
BR08749,B01934,R03500,3900,0,Checked-Out,4
BR08750,B06362,R03505,3250,10,No-Show,
BR08751,B07989,R03461,3750,20,Checked-Out,2
BR08752,B09830,R03515,7150,15,Checked-Out,5
BR08753,B09884,R03527,5750,5,Checked-Out,5
BR08754,B09884,R03462,6100,0,Checked-Out,5
BR08755,B06251,R03470,3650,20,Checked-Out,4
BR08756,B01431,R03505,3700,0,Checked-Out,5
BR08757,B02900,R03471,5250,5,Checked-Out,4
BR08758,B00328,R03472,4100,10,Checked-Out,3
BR08759,B00328,R03482,5850,10,Checked-Out,5
BR08760,B00328,R03506,3650,0,Checked-Out,4
BR08761,B01371,R03486,4900,0,Checked-Out,5
BR08762,B02089,R03488,6600,10,Checked-Out,4
BR08763,B03043,R03532,5200,0,Checked-Out,4
BR08764,B08935,R03514,2850,10,Checked-Out,2
BR08765,B03622,R03498,4000,15,Checked-Out,4
BR08766,B07079,R03507,3750,20,Checked-Out,5
BR08767,B09747,R03508,4800,5,Checked-Out,4
BR08768,B06073,R03526,6050,0,Cancelled,
BR08769,B09427,R03526,5900,10,Checked-Out,5
BR08770,B08374,R03512,4400,10,Checked-Out,3
BR08771,B00330,R03541,6550,15,Checked-Out,4
BR08772,B02286,R03518,4850,10,Checked-Out,4
BR08773,B04826,R03521,4050,0,Checked-Out,4
BR08774,B08228,R03377,7700,0,Checked-Out,4
BR08775,B00450,R03516,2750,15,Checked-Out,4
BR08776,B06422,R03531,4750,10,Checked-Out,4
BR08777,B08572,R03535,4700,5,Checked-Out,4
BR08778,B08572,R03431,5400,5,Checked-Out,4
BR08779,B00912,R03517,4150,15,Checked-Out,3
BR08780,B03699,R03525,4300,0,Checked-Out,4
BR08781,B04767,R03528,5450,0,Checked-Out,5
BR08782,B05502,R03519,4200,0,No-Show,
BR08783,B09970,R03519,4150,15,No-Show,
BR08784,B03212,R03542,5000,5,Checked-Out,4
BR08785,B09663,R03529,4900,15,Checked-Out,4
BR08786,B00788,R03519,4400,0,Checked-Out,4
BR08787,B04418,R03530,3450,25,No-Show,
BR08788,B01415,R03534,3450,20,Checked-Out,5
BR08789,B01415,R03538,3800,15,Checked-Out,4
BR08790,B05539,R03539,5500,0,Checked-Out,4
BR08791,B07758,R03544,3600,0,Checked-Out,5
BR08792,B07758,R03545,3850,15,Checked-Out,5
BR08793,B05300,R03469,5350,5,Checked-Out,3
BR08794,B02919,R03543,4050,10,Checked-Out,5
BR08795,B02919,R03546,4050,5,Checked-Out,5
BR08796,B03589,R03548,4550,0,Checked-Out,5
BR08797,B03710,R03553,3550,5,Checked-Out,3
BR08798,B01667,R03556,5350,5,Checked-Out,4
BR08799,B05805,R03382,12850,0,Checked-Out,4
BR08800,B00945,R03554,6200,20,Checked-Out,4
BR08801,B03090,R03480,4000,5,Checked-Out,5
BR08802,B03090,R03394,6100,10,Checked-Out,4
BR08803,B02412,R03530,3500,5,Checked-Out,5
BR08804,B01649,R03562,4100,10,Checked-Out,1
BR08805,B01649,R03568,3950,10,Checked-Out,5
BR08806,B05115,R03481,5450,5,Cancelled,
BR08807,B06524,R03533,2900,0,Checked-Out,5
BR08808,B08359,R03537,2450,15,Cancelled,
BR08809,B06543,R03547,7750,0,Checked-Out,5
BR08810,B06832,R03406,7450,0,Cancelled,
BR08811,B05505,R03571,5900,15,Cancelled,
BR08812,B07280,R03549,5950,20,Checked-Out,3
BR08813,B04261,R03563,4350,10,Checked-Out,4
BR08814,B07986,R03566,3850,0,Checked-Out,5
BR08815,B02231,R03567,5300,0,Checked-Out,4
BR08816,B05419,R03569,4200,0,Checked-Out,4
BR08817,B04016,R03537,2800,10,No-Show,
BR08818,B03466,R03537,2100,10,Checked-Out,4
BR08819,B02489,R03574,4300,25,Checked-Out,4
BR08820,B02895,R03571,5350,0,Checked-Out,5
BR08821,B00277,R03598,7200,0,Checked-Out,3
BR08822,B04192,R03577,4600,0,Checked-Out,3
BR08823,B04192,R03579,4350,15,Checked-Out,4
BR08824,B04192,R03587,4800,10,Checked-Out,4
BR08825,B06724,R03592,4650,0,Checked-Out,2
BR08826,B05717,R03593,4550,20,Checked-Out,5
BR08827,B04989,R03596,4750,20,Checked-Out,4
BR08828,B01180,R03550,2500,5,Checked-Out,5
BR08829,B01180,R03599,4700,15,Checked-Out,3
BR08830,B03555,R03551,3100,10,Checked-Out,4
BR08831,B09696,R03552,2600,5,Checked-Out,4
BR08832,B00748,R03481,6550,15,Checked-Out,3
BR08833,B04937,R03555,7600,15,Checked-Out,3
BR08834,B05214,R03560,3950,0,Checked-Out,1
BR08835,B06598,R03557,5900,10,Checked-Out,5
BR08836,B07272,R03491,5700,15,Checked-Out,5
BR08837,B00340,R03602,4650,5,Checked-Out,4
BR08838,B01949,R03502,6050,0,Checked-Out,4
BR08839,B02631,R03607,4900,15,Checked-Out,5
BR08840,B01416,R03614,4950,5,Cancelled,
BR08841,B01994,R03406,6850,0,Checked-Out,4
BR08842,B01857,R03411,11600,5,Cancelled,
BR08843,B01857,R03416,9300,5,Cancelled,
BR08844,B03524,R03411,13550,5,Checked-Out,4
BR08845,B03524,R03416,9800,15,Checked-Out,1
BR08846,B05944,R03561,3850,0,Cancelled,
BR08847,B09717,R03614,4750,0,Checked-Out,5
BR08848,B09478,R03564,5750,0,Checked-Out,4
BR08849,B06636,R03561,4300,5,Checked-Out,5
BR08850,B08720,R03565,5900,5,Checked-Out,4
BR08851,B09768,R03570,4100,10,Checked-Out,3
BR08852,B07637,R03621,4900,10,Checked-Out,4
BR08853,B06464,R03572,2700,5,Checked-Out,4
BR08854,B06891,R03573,4000,0,Checked-Out,4
BR08855,B06917,R03576,5300,20,No-Show,
BR08856,B07736,R03623,3500,0,Checked-Out,5
BR08857,B00018,R03575,2250,10,Checked-Out,4
BR08858,B08932,R03585,4250,0,Checked-Out,4
BR08859,B06136,R03617,5100,0,Checked-Out,5
BR08860,B06565,R03576,5750,25,Checked-Out,2
BR08861,B07938,R03633,4150,25,Cancelled,
BR08862,B09668,R03590,3900,5,Checked-Out,4
BR08863,B07447,R03633,4300,10,Checked-Out,4
BR08864,B08175,R03638,4400,5,Checked-Out,4
BR08865,B08175,R03640,7150,0,Checked-Out,2
BR08866,B02730,R03578,5600,5,Checked-Out,4
BR08867,B00092,R03626,4250,0,Checked-Out,5
BR08868,B05718,R03264,5700,20,Checked-Out,5
BR08869,B05097,R03266,6050,0,Checked-Out,5
BR08870,B06502,R03605,3150,10,Checked-Out,1
BR08871,B08222,R03580,7850,0,Checked-Out,4
BR08872,B07538,R03630,5750,0,Checked-Out,5
BR08873,B03834,R03606,3250,25,No-Show,
BR08874,B05704,R03581,6250,5,Checked-Out,4
BR08875,B01457,R03582,6500,0,Checked-Out,4
BR08876,B01457,R03583,5900,5,Checked-Out,4
BR08877,B06981,R03606,3950,10,Checked-Out,4
BR08878,B06981,R03612,2650,10,Checked-Out,4
BR08879,B07893,R03631,5150,10,Checked-Out,4
BR08880,B06892,R03632,3600,15,Checked-Out,3
BR08881,B05106,R03616,3750,0,Checked-Out,4
BR08882,B05990,R03636,3850,0,Checked-Out,4
BR08883,B05990,R03263,4000,10,Checked-Out,5
BR08884,B01385,R03285,6850,10,Checked-Out,4
BR08885,B09977,R03288,7400,10,Checked-Out,5
BR08886,B03947,R03627,2900,10,Checked-Out,4
BR08887,B01218,R03584,5900,15,Checked-Out,3
BR08888,B05407,R03269,3900,0,Checked-Out,2
BR08889,B05407,R03270,4500,0,Checked-Out,4
BR08890,B05947,R03303,4950,15,Checked-Out,4
BR08891,B08169,R03271,4400,30,Checked-Out,3
BR08892,B00520,R03628,4100,0,Checked-Out,3
BR08893,B09286,R03637,3300,15,Checked-Out,5
BR08894,B03809,R03588,6950,0,Checked-Out,4
BR08895,B04738,R03278,6350,10,Checked-Out,5
BR08896,B05663,R03639,2100,5,Cancelled,
BR08897,B07725,R03589,4900,0,Checked-Out,5
BR08898,B09062,R03591,7850,10,Checked-Out,3
BR08899,B01192,R03594,9050,0,Checked-Out,4
BR08900,B03091,R03639,2900,10,Checked-Out,5
BR08901,B08852,R03261,2000,5,Checked-Out,4
BR08902,B08933,R03265,3150,5,Checked-Out,4
BR08903,B06327,R03284,4000,10,Checked-Out,3
BR08904,B01528,R03597,7350,5,Checked-Out,5
BR08905,B06215,R03279,5100,5,Checked-Out,4
BR08906,B06215,R03273,3850,0,Checked-Out,5
BR08907,B02395,R03600,5550,0,Checked-Out,5
BR08908,B09395,R03457,7900,0,Checked-Out,4
BR08909,B03919,R03281,3350,0,Checked-Out,3
BR08910,B08002,R03490,7400,10,Checked-Out,4
BR08911,B08006,R03283,4750,0,Cancelled,
BR08912,B08006,R03291,3700,0,Cancelled,
BR08913,B02373,R03289,4150,5,Checked-Out,5
BR08914,B06138,R03283,7150,10,Checked-Out,5
BR08915,B00623,R03601,7400,10,Checked-Out,4
BR08916,B00576,R03291,5500,15,Checked-Out,3
BR08917,B05948,R03295,5800,15,Checked-Out,3
BR08918,B08034,R03300,5050,0,Checked-Out,4
BR08919,B08567,R03309,7150,15,Checked-Out,3
BR08920,B08567,R03312,5650,5,Checked-Out,4
BR08921,B05277,R03326,6200,5,Checked-Out,4
BR08922,B05277,R03328,7250,0,Checked-Out,4
BR08923,B06218,R03290,3800,0,Checked-Out,3
BR08924,B00125,R03292,2350,10,Checked-Out,4
BR08925,B04451,R03293,3150,15,Checked-Out,3
BR08926,B04451,R03296,2900,15,Checked-Out,4
BR08927,B07800,R03603,6250,25,Checked-Out,4
BR08928,B09901,R03604,6150,0,Checked-Out,5
BR08929,B00837,R03310,5050,20,Checked-Out,2
BR08930,B00837,R03504,7850,5,Checked-Out,4
BR08931,B05320,R03319,4800,0,Checked-Out,3
BR08932,B05320,R03321,4550,10,Checked-Out,5
BR08933,B04010,R03501,12950,0,Cancelled,
BR08934,B04193,R03302,3400,10,Cancelled,
BR08935,B04193,R03536,5350,0,Cancelled,
BR08936,B00723,R03324,4150,5,Checked-Out,4
BR08937,B00723,R03330,6150,15,Checked-Out,3
BR08938,B01607,R03332,3200,0,Checked-Out,4
BR08939,B01607,R03335,5200,0,Checked-Out,4
BR08940,B03448,R03302,3750,0,Checked-Out,4
BR08941,B03448,R03304,2600,0,Checked-Out,4
BR08942,B03502,R03338,5350,15,Cancelled,
BR08943,B03502,R03342,4750,10,Cancelled,
BR08944,B03582,R03305,2950,10,Checked-Out,4
BR08945,B03651,R03314,4450,0,Cancelled,
BR08946,B08695,R03314,4350,20,Checked-Out,5
BR08947,B08695,R03315,3550,15,Checked-Out,4
BR08948,B00338,R03536,4600,10,Checked-Out,3
BR08949,B00338,R03559,6100,5,Checked-Out,5
BR08950,B03647,R03338,3950,0,Checked-Out,4
BR08951,B03647,R03318,3450,5,Checked-Out,4
BR08952,B08378,R03342,3300,10,Checked-Out,5
BR08953,B08378,R03345,3050,0,Checked-Out,4
BR08954,B03779,R03320,4250,0,Checked-Out,5
BR08955,B04275,R03349,3950,0,Checked-Out,5
BR08956,B09358,R03351,6150,5,Checked-Out,4
BR08957,B01814,R03353,5900,0,Checked-Out,4
BR08958,B01814,R03358,5150,10,Checked-Out,3
BR08959,B06501,R03322,3900,0,Checked-Out,3
BR08960,B05298,R03359,6250,0,Cancelled,
BR08961,B02933,R03325,2200,10,Checked-Out,4
BR08962,B02933,R03609,6550,10,Checked-Out,4
BR08963,B02933,R03343,3300,0,Checked-Out,4
BR08964,B06475,R03357,6150,0,Checked-Out,2
BR08965,B00605,R03360,6600,0,Checked-Out,4
BR08966,B08294,R03359,6150,0,Checked-Out,5
BR08967,B00241,R03364,7050,10,Checked-Out,5
BR08968,B00241,R03371,6000,0,Checked-Out,5
BR08969,B01351,R03610,5900,10,Checked-Out,4
BR08970,B07657,R03362,4650,0,Checked-Out,4
BR08971,B07657,R03367,4850,10,Checked-Out,4
BR08972,B08146,R03378,3200,10,Checked-Out,4
BR08973,B01529,R03379,6750,5,Checked-Out,5
BR08974,B09211,R03344,3250,15,Checked-Out,4
BR08975,B09298,R03381,3600,30,Checked-Out,5
BR08976,B00664,R03346,3950,5,Cancelled,
BR08977,B00664,R03348,3200,5,Cancelled,
BR08978,B04403,R03383,5650,0,Cancelled,
BR08979,B04403,R03611,7150,0,Cancelled,
BR08980,B02139,R03611,5850,5,Checked-Out,4
BR08981,B02139,R03391,7300,25,Checked-Out,4
BR08982,B02139,R03383,5450,15,Checked-Out,4
BR08983,B06100,R03392,7950,5,Checked-Out,4
BR08984,B01477,R03390,5800,0,Checked-Out,3
BR08985,B04492,R03346,3600,20,Checked-Out,4
BR08986,B04492,R03397,6400,0,Checked-Out,4
BR08987,B04492,R03615,6700,25,Checked-Out,3
BR08988,B07387,R03402,3850,10,Checked-Out,3
BR08989,B00079,R03620,6550,5,Checked-Out,4
BR08990,B01236,R03398,6500,20,Checked-Out,5
BR08991,B03715,R03405,4300,0,Cancelled,
BR08992,B08149,R03405,4400,0,Checked-Out,4
BR08993,B04599,R03624,9050,0,Checked-Out,4
BR08994,B08799,R03625,6800,10,Checked-Out,4
BR08995,B04430,R03348,2950,0,Checked-Out,5
BR08996,B05091,R03355,2950,15,Checked-Out,5
BR08997,B05091,R03361,2950,0,Checked-Out,5
BR08998,B05091,R03365,2700,20,Checked-Out,4
BR08999,B05711,R03635,8200,15,Checked-Out,3
BR09000,B06496,R03262,6050,5,Checked-Out,3
BR09001,B07923,R03369,3250,15,Checked-Out,4
BR09002,B03225,R03409,3200,15,Checked-Out,5
BR09003,B03225,R03417,3300,0,Checked-Out,5
BR09004,B01519,R03420,6150,0,Checked-Out,2
BR09005,B01421,R03423,4450,0,Checked-Out,5
BR09006,B01421,R03426,6250,5,Checked-Out,3
BR09007,B01923,R03413,6750,10,Checked-Out,5
BR09008,B09267,R03428,3200,0,Checked-Out,3
BR09009,B03331,R03274,8350,0,Cancelled,
BR09010,B00896,R03421,6750,20,Checked-Out,4
BR09011,B01047,R03432,5250,10,Checked-Out,4
BR09012,B01047,R03434,3750,5,Checked-Out,3
BR09013,B04011,R03501,14450,0,Cancelled,
BR09014,B04011,R03523,12700,25,Cancelled,
BR09015,B05672,R03370,2350,0,No-Show,
BR09016,B05672,R03373,2300,15,No-Show,
BR09017,B03071,R03501,12700,15,Checked-Out,4
BR09018,B05196,R03370,2900,0,Checked-Out,3
BR09019,B09925,R03373,3100,5,Checked-Out,5
BR09020,B04408,R03523,11850,20,No-Show,
BR09021,B08176,R03437,5050,0,Checked-Out,5
BR09022,B00902,R03439,4800,15,Checked-Out,4
BR09023,B06084,R03586,5350,0,Cancelled,
BR09024,B03652,R03586,5150,5,Checked-Out,4
BR09025,B02140,R03375,2950,15,Checked-Out,4
BR09026,B08561,R03274,5950,10,Checked-Out,4
BR09027,B03233,R03376,2150,0,Checked-Out,5
BR09028,B05380,R03422,5550,15,Checked-Out,4
BR09029,B05380,R03430,7750,0,Checked-Out,5
BR09030,B05494,R03282,8550,10,Checked-Out,3
BR09031,B06726,R03276,9200,10,Checked-Out,5
BR09032,B09043,R03380,3200,0,Checked-Out,3
BR09033,B01149,R03286,8350,0,Checked-Out,3
BR09034,B06370,R03297,7850,5,Checked-Out,5
BR09035,B06082,R03445,6450,10,Checked-Out,5
BR09036,B07664,R03298,9800,10,Checked-Out,2
BR09037,B07664,R03523,12650,0,Checked-Out,5
BR09038,B04744,R03452,4200,10,Checked-Out,4
BR09039,B06566,R03384,4200,5,Cancelled,
BR09040,B06758,R03433,8700,15,Checked-Out,5
BR09041,B06758,R03442,7050,0,Checked-Out,4
BR09042,B01051,R03453,5450,0,Checked-Out,2
BR09043,B04086,R03460,6150,5,Checked-Out,5
BR09044,B01429,R03608,5950,0,Checked-Out,5
BR09045,B05985,R03299,9000,0,Checked-Out,5
BR09046,B05985,R03301,8750,15,Checked-Out,3
BR09047,B07960,R03306,7450,0,Checked-Out,4
BR09048,B07960,R03450,5800,15,Checked-Out,4
BR09049,B07960,R03461,4350,5,Checked-Out,4
BR09050,B08393,R03540,9450,5,Checked-Out,4
BR09051,B08393,R03462,6350,10,Checked-Out,3
BR09052,B00965,R03384,3950,0,Checked-Out,5
BR09053,B00965,R03387,3150,5,Checked-Out,3
BR09054,B02884,R03470,4800,10,Checked-Out,5
BR09055,B01072,R03307,6000,10,Checked-Out,3
BR09056,B04509,R03396,3400,25,Checked-Out,5
BR09057,B06078,R03400,3150,0,Checked-Out,5
BR09058,B03856,R03558,10200,0,Checked-Out,5
BR09059,B03953,R03471,4200,0,Checked-Out,4
BR09060,B04062,R03472,3200,10,Checked-Out,2
BR09061,B07489,R03482,6100,0,Checked-Out,4
BR09062,B01278,R03451,7550,15,Checked-Out,4
BR09063,B06894,R03404,3600,10,Checked-Out,4
BR09064,B00281,R03317,6750,0,Checked-Out,2
BR09065,B00644,R03613,7100,5,Checked-Out,2
BR09066,B01526,R03486,6050,10,Checked-Out,5
BR09067,B02892,R03408,2700,5,No-Show,
BR09068,B03224,R03488,5750,5,Cancelled,
BR09069,B09191,R03408,2700,15,Checked-Out,3
BR09070,B09191,R03414,4300,5,Checked-Out,4
BR09071,B03134,R03456,5650,0,Checked-Out,4
BR09072,B03134,R03449,6300,20,Checked-Out,3
BR09073,B08800,R03488,7100,5,Checked-Out,4
BR09074,B08930,R03323,8450,20,Checked-Out,3
BR09075,B08930,R03331,6350,0,Checked-Out,3
BR09076,B00283,R03498,4000,5,Checked-Out,3
BR09077,B02833,R03507,4850,25,No-Show,
BR09078,B00296,R03333,6850,10,Checked-Out,3
BR09079,B09324,R03334,7750,0,Checked-Out,4
BR09080,B09324,R03337,8800,5,Checked-Out,4
BR09081,B04107,R03339,5400,15,Checked-Out,4
BR09082,B04107,R03340,6850,10,Checked-Out,2
BR09083,B04498,R03507,4550,5,Checked-Out,4
BR09084,B00477,R03508,5450,10,Checked-Out,4
BR09085,B01815,R03595,12350,5,Checked-Out,4
BR09086,B09694,R03512,6500,10,Cancelled,
BR09087,B09694,R03518,6000,0,Cancelled,
BR09088,B01225,R03415,3750,5,Checked-Out,1
BR09089,B04168,R03512,6600,0,Checked-Out,5
BR09090,B04168,R03518,6150,15,Checked-Out,4
BR09091,B08296,R03341,8100,30,Checked-Out,3
BR09092,B08296,R03350,8600,10,Checked-Out,4
BR09093,B09980,R03463,6450,5,Checked-Out,4
BR09094,B09980,R03464,7700,0,Checked-Out,4
BR09095,B09980,R03466,7000,0,Checked-Out,4
BR09096,B03561,R03521,3350,20,Checked-Out,1
BR09097,B05476,R03418,2250,5,Checked-Out,4
BR09098,B05476,R03425,2200,20,Checked-Out,4
BR09099,B02559,R03354,7950,30,Checked-Out,4
BR09100,B02559,R03438,4150,0,Checked-Out,2
BR09101,B02559,R03427,3550,0,Checked-Out,4
BR09102,B07360,R03525,5100,15,Checked-Out,5
BR09103,B07360,R03528,6400,15,Checked-Out,5
BR09104,B07360,R03529,5650,15,Checked-Out,5
BR09105,B04755,R03534,4700,20,Checked-Out,3
BR09106,B07183,R03374,7650,0,Checked-Out,4
BR09107,B07183,R03368,9050,15,Checked-Out,4
BR09108,B09887,R03479,5700,15,Cancelled,
BR09109,B00506,R03385,8100,0,Checked-Out,5
BR09110,B00506,R03386,8150,0,Checked-Out,4
BR09111,B00506,R03388,9600,5,Checked-Out,4
BR09112,B00506,R03389,6700,0,Checked-Out,5
BR09113,B09026,R03393,5650,10,Checked-Out,4
BR09114,B02158,R03538,4150,0,Checked-Out,5
BR09115,B05865,R03440,3850,10,Checked-Out,4
BR09116,B07929,R03443,3350,10,Checked-Out,4
BR09117,B07929,R03447,3450,0,Checked-Out,4
BR09118,B07929,R03448,3400,0,Checked-Out,4
BR09119,B04048,R03479,5700,5,Checked-Out,5
BR09120,B00165,R03544,4300,5,Checked-Out,5
BR09121,B00165,R03545,4250,5,Checked-Out,5
BR09122,B07549,R03539,4650,30,Checked-Out,4
BR09123,B07549,R03553,2800,15,Checked-Out,4
BR09124,B09549,R03618,8200,5,No-Show,
BR09125,B03913,R03556,6750,5,Checked-Out,5
BR09126,B04293,R03454,4000,10,Checked-Out,2
BR09127,B02195,R03515,7350,0,Checked-Out,4
BR09128,B02090,R03395,8750,0,Checked-Out,3
BR09129,B07760,R03619,6500,5,Checked-Out,5
BR09130,B05048,R03527,4950,20,Checked-Out,4
BR09131,B05556,R03399,5900,5,Checked-Out,5
BR09132,B07228,R03548,4450,0,Checked-Out,5
BR09133,B07275,R03401,5950,10,Checked-Out,4
BR09134,B08574,R03629,5550,0,Checked-Out,2
BR09135,B09023,R03407,9200,15,Checked-Out,4
BR09136,B06584,R03410,8000,0,Checked-Out,4
BR09137,B03549,R03474,3950,5,Checked-Out,4
BR09138,B04216,R03412,4100,0,Cancelled,
BR09139,B04216,R03419,5650,10,Cancelled,
BR09140,B01378,R03412,5550,0,Checked-Out,5
BR09141,B01378,R03419,7850,0,Checked-Out,4
BR09142,B02688,R03476,2750,0,Checked-Out,4
BR09143,B02688,R03478,2600,5,Checked-Out,3
BR09144,B02688,R03489,3050,0,Checked-Out,4
BR09145,B04066,R03563,4900,5,Checked-Out,5
BR09146,B05083,R03634,5450,0,Checked-Out,4
BR09147,B05083,R03272,6050,0,Checked-Out,4
BR09148,B05083,R03287,6550,5,Checked-Out,5
BR09149,B05083,R03294,5500,10,Checked-Out,4
BR09150,B06893,R03493,3250,10,Checked-Out,5
BR09151,B02104,R03566,3700,0,Cancelled,
BR09152,B02104,R03569,4000,0,Cancelled,
BR09153,B09946,R03429,5850,0,Checked-Out,4
BR09154,B05274,R03532,4900,15,Checked-Out,4
BR09155,B09888,R03618,9050,15,Cancelled,
BR09156,B06571,R03494,2200,10,Checked-Out,4
BR09157,B06624,R03496,2150,0,Checked-Out,5
BR09158,B06624,R03497,2450,0,Checked-Out,4
BR09159,B06400,R03618,9150,0,Checked-Out,4
BR09160,B06643,R03566,3900,0,Checked-Out,4
BR09161,B06843,R03499,3150,0,Checked-Out,5
BR09162,B09425,R03569,4250,0,Checked-Out,5
BR09163,B07805,R03500,3150,5,Checked-Out,2
BR09164,B08115,R03567,5500,0,No-Show,
BR09165,B05283,R03505,3100,0,Checked-Out,3
BR09166,B05283,R03506,3350,5,Checked-Out,4
BR09167,B05006,R03514,2050,5,Checked-Out,3
BR09168,B05006,R03516,2400,0,Checked-Out,4
BR09169,B06391,R03567,4600,10,Checked-Out,5
BR09170,B00282,R03517,4000,0,Checked-Out,5
BR09171,B00462,R03519,3800,0,Checked-Out,5
BR09172,B02637,R03308,6650,15,Checked-Out,3
BR09173,B05079,R03435,5650,0,Checked-Out,3
BR09174,B08912,R03436,6400,0,Checked-Out,4
BR09175,B03111,R03574,4050,0,Checked-Out,4
BR09176,B04591,R03577,4700,15,Cancelled,
BR09177,B04591,R03579,5250,10,Cancelled,
BR09178,B00554,R03577,5200,0,Cancelled,
BR09179,B00554,R03579,5000,30,Cancelled,
BR09180,B05068,R03530,4000,0,Cancelled,
BR09181,B01447,R03441,7550,0,Checked-Out,3
BR09182,B01482,R03530,3900,5,Checked-Out,5
BR09183,B02494,R03541,6300,0,Checked-Out,4
BR09184,B01988,R03533,3200,5,Checked-Out,3
BR09185,B02987,R03444,4750,5,Checked-Out,5
BR09186,B02987,R03446,7050,10,Checked-Out,4
BR09187,B02516,R03455,5650,0,Cancelled,
BR09188,B09140,R03577,4150,15,Checked-Out,4
BR09189,B09140,R03579,4250,5,Checked-Out,4
BR09190,B02712,R03587,4300,0,No-Show,
BR09191,B03306,R03587,4450,5,Checked-Out,5
BR09192,B03857,R03542,5000,15,Checked-Out,3
BR09193,B03867,R03592,4800,5,Checked-Out,4
BR09194,B03867,R03593,4400,15,Checked-Out,4
BR09195,B01144,R03554,6650,0,Checked-Out,4
BR09196,B04295,R03455,6050,0,Checked-Out,5
BR09197,B07930,R03599,4950,10,Checked-Out,4
BR09198,B08322,R03596,4350,0,Checked-Out,4
BR09199,B08322,R03562,4550,0,Checked-Out,5
BR09200,B08360,R03537,2850,15,Checked-Out,5
BR09201,B00369,R03550,2600,5,Cancelled,
BR09202,B04986,R03568,4650,5,Checked-Out,5
BR09203,B07249,R03550,2800,20,Checked-Out,5
BR09204,B09969,R03458,7700,15,Checked-Out,4
BR09205,B06750,R03602,6000,0,Checked-Out,4
BR09206,B07934,R03607,5200,5,Checked-Out,3
BR09207,B04336,R03614,5150,15,Checked-Out,4
BR09208,B01187,R03571,4400,0,Checked-Out,5
BR09209,B01187,R03621,4700,0,Checked-Out,4
BR09210,B01187,R03598,5750,10,Checked-Out,3
BR09211,B08989,R03311,5150,30,Checked-Out,5
BR09212,B00368,R03551,2550,15,Checked-Out,4
BR09213,B03763,R03623,3050,20,Checked-Out,5
BR09214,B08462,R03465,3800,0,Checked-Out,4
BR09215,B04681,R03552,3500,0,No-Show,
BR09216,B00542,R03626,5550,20,Checked-Out,4
BR09217,B03653,R03552,3350,5,Checked-Out,3
BR09218,B01052,R03630,5100,5,Checked-Out,3
BR09219,B06810,R03631,4450,20,Checked-Out,5
BR09220,B07806,R03459,6550,5,Checked-Out,4
BR09221,B02023,R03316,5900,5,Checked-Out,5
BR09222,B02023,R03372,6400,15,Checked-Out,5
BR09223,B02991,R03622,8200,20,Checked-Out,4
BR09224,B03251,R03560,3750,0,Checked-Out,3
BR09225,B03534,R03632,3550,0,Checked-Out,4
BR09226,B06392,R03467,5450,5,Checked-Out,4
BR09227,B06392,R03468,5200,10,Checked-Out,4
BR09228,B01936,R03570,4100,5,Checked-Out,4
BR09229,B01936,R03561,4000,5,Checked-Out,4
BR09230,B04592,R03263,4450,15,Checked-Out,4
BR09231,B01430,R03572,2600,0,Checked-Out,4
BR09232,B07991,R03636,3550,10,Checked-Out,5
BR09233,B06902,R03269,4650,0,Checked-Out,4
BR09234,B03080,R03270,3900,0,Checked-Out,5
BR09235,B04776,R03403,4100,0,Checked-Out,4
BR09236,B02719,R03573,3600,20,Checked-Out,1
BR09237,B02719,R03575,2300,0,Checked-Out,4
BR09238,B02719,R03585,3700,0,Checked-Out,3
BR09239,B02719,R03590,4200,5,Checked-Out,4
BR09240,B00684,R03271,4950,5,Checked-Out,4
BR09241,B03074,R03605,2850,5,Checked-Out,5
BR09242,B03074,R03606,3600,5,Checked-Out,5
BR09243,B03516,R03473,6650,0,Checked-Out,5
BR09244,B03525,R03475,5000,25,Checked-Out,4
BR09245,B07940,R03477,6550,10,Checked-Out,5
BR09246,B04908,R03612,2450,10,Checked-Out,4
BR09247,B04908,R03617,5350,5,Checked-Out,4
BR09248,B05785,R03267,7400,10,Checked-Out,3
BR09249,B08049,R03278,5100,0,Checked-Out,4
BR09250,B09013,R03279,3800,10,Checked-Out,5
BR09251,B02988,R03484,5950,5,Cancelled,
BR09252,B03954,R03616,2950,0,Checked-Out,4
BR09253,B06101,R03633,4050,0,Checked-Out,2
BR09254,B06101,R03638,4200,5,Checked-Out,4
BR09255,B01101,R03484,6650,0,Checked-Out,5
BR09256,B03658,R03281,3500,15,Checked-Out,3
BR09257,B07737,R03640,6500,5,Checked-Out,4
BR09258,B04845,R03283,5050,0,Checked-Out,4
BR09259,B06629,R03295,5200,10,Cancelled,
BR09260,B00370,R03483,7400,30,Checked-Out,4
BR09261,B01355,R03424,4850,20,Checked-Out,4
BR09262,B02792,R03627,2500,0,Checked-Out,4
BR09263,B03051,R03264,6600,5,Checked-Out,5
BR09264,B05637,R03295,5150,20,Checked-Out,5
BR09265,B05637,R03309,5150,5,Checked-Out,4
BR09266,B00577,R03637,3050,10,Checked-Out,4
BR09267,B09230,R03628,3450,20,Checked-Out,4
BR09268,B09230,R03639,2500,0,Checked-Out,4
BR09269,B03273,R03312,4200,20,Checked-Out,5
BR09270,B06991,R03485,5000,5,Checked-Out,5
BR09271,B08365,R03261,2450,5,Cancelled,
BR09272,B08365,R03265,3700,0,Cancelled,
BR09273,B01470,R03291,3850,10,Checked-Out,4
BR09274,B02663,R03266,5950,15,Cancelled,
BR09275,B02663,R03288,6200,20,Cancelled,
BR09276,B06385,R03487,7100,10,Checked-Out,3
BR09277,B09615,R03261,2000,5,Checked-Out,4
BR09278,B09615,R03265,3200,5,Checked-Out,5
BR09279,B01417,R03300,3400,0,Checked-Out,5
BR09280,B07802,R03284,2900,0,Checked-Out,5
BR09281,B07802,R03268,7100,20,Checked-Out,4
BR09282,B07802,R03319,3650,0,Checked-Out,4
BR09283,B07802,R03321,3100,0,Checked-Out,4
BR09284,B00380,R03492,7000,5,Checked-Out,5
BR09285,B00380,R03495,6850,15,Checked-Out,5
BR09286,B02141,R03273,3250,5,Checked-Out,5
BR09287,B02141,R03289,3350,20,Checked-Out,3
BR09288,B02176,R03503,8250,5,Checked-Out,4
BR09289,B02176,R03509,5350,0,Checked-Out,5
BR09290,B02176,R03510,7000,0,Checked-Out,3
BR09291,B07437,R03511,8000,30,Checked-Out,4
BR09292,B08361,R03290,3300,5,Checked-Out,5
BR09293,B09864,R03513,7450,10,Cancelled,
BR09294,B03402,R03275,7550,10,Checked-Out,4
BR09295,B01145,R03431,5200,5,Checked-Out,4
BR09296,B04476,R03292,2100,0,Checked-Out,5
BR09297,B08170,R03310,4150,15,Checked-Out,3
BR09298,B03716,R03266,5800,5,Checked-Out,3
BR09299,B03716,R03293,3850,10,Checked-Out,2
BR09300,B07005,R03288,8300,20,No-Show,
BR09301,B03109,R03277,12800,0,Checked-Out,4
BR09302,B01114,R03296,3400,10,Checked-Out,5
BR09303,B01114,R03305,3200,10,Checked-Out,4
BR09304,B01114,R03513,8400,0,Checked-Out,3
BR09305,B06532,R03520,6950,5,Checked-Out,4
BR09306,B01652,R03302,3150,0,Checked-Out,3
BR09307,B01652,R03304,2350,0,Checked-Out,4
BR09308,B04033,R03324,4000,10,Checked-Out,3
BR09309,B06585,R03314,4000,0,Checked-Out,5
BR09310,B07931,R03330,5650,10,No-Show,
BR09311,B00113,R03315,2250,5,Checked-Out,4
BR09312,B02992,R03522,4250,5,Cancelled,
BR09313,B04272,R03522,4900,0,Checked-Out,5
BR09314,B05336,R03318,4250,5,Checked-Out,4
BR09315,B05336,R03330,5350,0,Checked-Out,4
BR09316,B07428,R03332,3350,5,Checked-Out,3
BR09317,B07428,R03335,5500,0,Checked-Out,4
BR09318,B09364,R03338,4550,5,Checked-Out,4
BR09319,B09364,R03322,3250,0,Checked-Out,5
BR09320,B09986,R03524,6250,0,Cancelled,
BR09321,B09986,R03526,5900,10,Cancelled,
BR09322,B09986,R03531,5750,0,Cancelled,
BR09323,B05887,R03288,7450,0,Checked-Out,4
BR09324,B01647,R03285,6350,10,Checked-Out,4
BR09325,B05477,R03469,6000,0,Cancelled,
BR09326,B05477,R03480,5500,0,Cancelled,
BR09327,B09125,R03342,3600,10,Checked-Out,5
BR09328,B09475,R03320,3450,0,No-Show,
BR09329,B01280,R03345,4100,5,Checked-Out,5
BR09330,B00308,R03351,5400,15,Checked-Out,4
BR09331,B07530,R03469,5000,0,Checked-Out,4
BR09332,B08528,R03524,6500,15,Checked-Out,5
BR09333,B03853,R03349,2900,0,Checked-Out,5
BR09334,B03853,R03353,3550,15,Checked-Out,5
BR09335,B02105,R03358,2950,10,Checked-Out,4
BR09336,B04771,R03526,4100,5,Checked-Out,5
BR09337,B01716,R03531,6100,5,Checked-Out,4
BR09338,B03609,R03359,5400,20,Checked-Out,5
BR09339,B08076,R03320,3300,5,Cancelled,
BR09340,B00704,R03320,3700,30,Checked-Out,3
BR09341,B03457,R03362,5050,5,Checked-Out,5
BR09342,B03689,R03535,5100,5,Checked-Out,5
BR09343,B08532,R03367,5350,25,Checked-Out,4
BR09344,B05308,R03378,3750,0,Checked-Out,4
BR09345,B09714,R03543,5300,15,Checked-Out,4
BR09346,B09714,R03480,4900,0,Checked-Out,4
BR09347,B05993,R03303,5450,5,Checked-Out,4
BR09348,B06300,R03379,4850,0,Checked-Out,5
BR09349,B09589,R03325,2200,25,No-Show,
BR09350,B09589,R03343,3000,5,No-Show,
BR09351,B07395,R03280,9000,10,Checked-Out,4
BR09352,B01436,R03481,6450,0,Checked-Out,4
BR09353,B04865,R03381,4650,10,No-Show,
BR09354,B04865,R03390,4550,0,No-Show,
BR09355,B08992,R03326,6000,10,Checked-Out,4
BR09356,B02664,R03546,5500,15,Checked-Out,2
BR09357,B02664,R03381,4650,30,Checked-Out,3
BR09358,B02664,R03325,2500,10,Checked-Out,5
BR09359,B02664,R03343,3600,5,Checked-Out,5
BR09360,B09075,R03344,4050,5,Cancelled,
BR09361,B09075,R03346,3150,0,Cancelled,
BR09362,B02645,R03390,5600,0,Checked-Out,4
BR09363,B09814,R03344,4250,0,Checked-Out,5
BR09364,B09814,R03346,3550,15,Checked-Out,2
BR09365,B09905,R03397,5350,0,Checked-Out,4
BR09366,B05188,R03383,4950,0,Checked-Out,4
BR09367,B06903,R03402,4000,10,Cancelled,
BR09368,B01362,R03313,6950,10,Checked-Out,5
BR09369,B02148,R03547,7800,0,Checked-Out,4
BR09370,B02827,R03402,4400,15,Checked-Out,3
BR09371,B02827,R03398,5800,5,Checked-Out,3
BR09372,B08124,R03355,2950,0,Checked-Out,3
BR09373,B05365,R03361,2200,0,Checked-Out,4
BR09374,B09630,R03405,3200,0,Checked-Out,4
BR09375,B09630,R03409,3250,15,Checked-Out,5
BR09376,B09630,R03417,3550,5,Checked-Out,5
BR09377,B04280,R03549,5900,10,Checked-Out,5
BR09378,B00578,R03555,7000,15,Checked-Out,3
BR09379,B00402,R03557,5650,5,No-Show,
BR09380,B04950,R03557,6000,15,Checked-Out,4
BR09381,B09001,R03365,2400,10,No-Show,
BR09382,B09034,R03365,2600,10,Checked-Out,5
BR09383,B01638,R03420,4850,10,Checked-Out,4
BR09384,B07305,R03369,2750,15,No-Show,
BR09385,B06068,R03328,5750,0,Checked-Out,4
BR09386,B04994,R03423,2950,0,Checked-Out,4
BR09387,B04994,R03357,4550,20,Checked-Out,4
BR09388,B04600,R03364,7200,0,Checked-Out,5
BR09389,B06733,R03564,6850,10,Cancelled,
BR09390,B03955,R03426,5650,10,Checked-Out,4
BR09391,B06512,R03428,3800,0,Checked-Out,5
BR09392,B07191,R03369,2500,15,Checked-Out,4
BR09393,B00348,R03432,5250,5,Checked-Out,5
BR09394,B06425,R03348,2700,0,Checked-Out,5
BR09395,B02993,R03327,6400,20,Checked-Out,5
BR09396,B08675,R03370,2500,10,Checked-Out,5
BR09397,B01768,R03564,5400,0,Cancelled,
BR09398,B01768,R03565,5950,15,Cancelled,
BR09399,B03081,R03373,3000,5,Cancelled,
BR09400,B03441,R03434,4000,10,Checked-Out,4
BR09401,B06194,R03437,4550,5,Checked-Out,4
BR09402,B06194,R03439,3850,5,Checked-Out,3
BR09403,B00017,R03373,2650,15,Checked-Out,4
BR09404,B00309,R03445,5450,10,Cancelled,
BR09405,B04830,R03375,2550,0,Checked-Out,4
BR09406,B03553,R03376,2550,5,Checked-Out,4
BR09407,B05682,R03329,8650,10,Checked-Out,4
BR09408,B07274,R03380,2800,0,Checked-Out,5
BR09409,B03664,R03564,5950,10,Cancelled,
BR09410,B03664,R03565,6550,0,Cancelled,
BR09411,B08293,R03564,6600,0,Checked-Out,5
BR09412,B02296,R03565,6550,10,Checked-Out,5
BR09413,B05736,R03491,5800,5,Checked-Out,3
BR09414,B05736,R03396,2850,0,Checked-Out,4
BR09415,B05994,R03400,2400,20,Checked-Out,4
BR09416,B08262,R03384,3950,5,Checked-Out,4
BR09417,B08262,R03576,6100,15,Checked-Out,5
BR09418,B08262,R03445,5350,25,Checked-Out,4
BR09419,B02258,R03387,2500,10,Checked-Out,5
BR09420,B04772,R03452,3750,10,Checked-Out,5
BR09421,B05321,R03404,2850,20,No-Show,
BR09422,B00847,R03404,3550,10,Checked-Out,4
BR09423,B00897,R03408,2250,10,Checked-Out,5
BR09424,B00897,R03414,4000,10,Checked-Out,5
BR09425,B02666,R03415,3200,0,Checked-Out,5
BR09426,B04843,R03460,6350,10,Checked-Out,4
BR09427,B05866,R03453,5500,5,Checked-Out,3
BR09428,B08409,R03450,5000,5,Checked-Out,3
BR09429,B01363,R03461,4200,10,Checked-Out,3
BR09430,B03283,R03502,6550,0,Checked-Out,4
BR09431,B06776,R03462,5550,0,Checked-Out,4
BR09432,B08171,R03470,4650,15,Checked-Out,4
BR09433,B08582,R03471,4550,0,Checked-Out,2
BR09434,B02547,R03504,6650,0,Checked-Out,4
BR09435,B04906,R03578,5350,0,Checked-Out,5
BR09436,B04906,R03580,7250,15,Checked-Out,5
BR09437,B02947,R03371,5700,25,Checked-Out,5
BR09438,B02967,R03360,6250,0,Checked-Out,3
BR09439,B02967,R03472,3800,10,Checked-Out,4
BR09440,B03007,R03392,5400,5,Checked-Out,4
BR09441,B04393,R03391,5450,0,Checked-Out,5
BR09442,B04942,R03482,4650,0,Checked-Out,3
BR09443,B04942,R03536,4700,0,Checked-Out,4
BR09444,B09134,R03486,4400,0,Checked-Out,3
BR09445,B07868,R03641,7400,10,No-Show,
BR09446,B02619,R03646,6050,15,Checked-Out,4
BR09447,B01773,R03645,7950,0,Checked-Out,5
BR09448,B03430,R03641,5600,5,Checked-Out,4
BR09449,B04310,R03642,3250,5,Checked-Out,4
BR09450,B04310,R03643,2950,30,Checked-Out,2
BR09451,B03473,R03658,6300,5,Checked-Out,5
BR09452,B05975,R03665,8250,30,Checked-Out,3
BR09453,B05132,R03678,10650,5,Checked-Out,5
BR09454,B05132,R03651,8900,0,Checked-Out,3
BR09455,B02758,R03644,3500,0,Cancelled,
BR09456,B08760,R03696,10150,0,Checked-Out,3
BR09457,B08760,R03652,8800,10,Checked-Out,5
BR09458,B02269,R03647,6350,15,Checked-Out,5
BR09459,B03037,R03649,4800,15,Checked-Out,5
BR09460,B03037,R03644,4200,15,Checked-Out,5
BR09461,B03247,R03653,7100,5,Checked-Out,4
BR09462,B08094,R03659,6850,15,Checked-Out,4
BR09463,B09959,R03679,6600,0,Checked-Out,4
BR09464,B04077,R03648,4500,15,Checked-Out,4
BR09465,B04012,R03660,4100,0,Checked-Out,3
BR09466,B09287,R03650,7600,10,Checked-Out,5
BR09467,B00938,R03656,8050,10,Checked-Out,5
BR09468,B09817,R03661,6300,0,Checked-Out,4
BR09469,B09217,R03662,6650,10,Checked-Out,5
BR09470,B06880,R03670,5350,10,Cancelled,
BR09471,B04230,R03681,7000,15,Checked-Out,3
BR09472,B04230,R03715,7300,15,Checked-Out,5
BR09473,B04944,R03657,7800,5,Checked-Out,5
BR09474,B01400,R03663,7450,0,Checked-Out,5
BR09475,B09698,R03718,8150,5,Checked-Out,5
BR09476,B07889,R03666,7900,0,Checked-Out,4
BR09477,B07889,R03667,5650,0,Checked-Out,4
BR09478,B01612,R03670,5600,20,Checked-Out,4
BR09479,B01612,R03669,8150,10,Checked-Out,4
BR09480,B01612,R03674,11550,10,Checked-Out,4
BR09481,B03908,R03671,7400,15,Checked-Out,3
BR09482,B06506,R03673,5000,20,Checked-Out,5
BR09483,B09110,R03676,5900,10,Checked-Out,5
BR09484,B00106,R03677,6050,0,Checked-Out,4
BR09485,B07536,R03682,6350,0,Cancelled,
BR09486,B07536,R03685,8350,15,Cancelled,
BR09487,B00675,R03682,5100,0,Checked-Out,4
BR09488,B00675,R03685,6550,5,Checked-Out,5
BR09489,B03129,R03687,7200,0,Checked-Out,5
BR09490,B08940,R03689,8550,10,Checked-Out,2
BR09491,B06288,R03668,5850,0,Checked-Out,3
BR09492,B06288,R03698,7700,15,Checked-Out,5
BR09493,B00737,R03693,8050,10,Checked-Out,4
BR09494,B08446,R03694,8450,0,Checked-Out,3
BR09495,B09939,R03724,6850,0,Checked-Out,4
BR09496,B09057,R03684,4800,30,Checked-Out,4
BR09497,B00457,R03688,4900,10,Checked-Out,4
BR09498,B01155,R03690,8000,25,Checked-Out,5
BR09499,B01155,R03699,10150,0,Checked-Out,3
BR09500,B03681,R03701,6800,0,Checked-Out,3
BR09501,B06243,R03654,4600,0,Cancelled,
BR09502,B08861,R03697,5900,0,Checked-Out,4
BR09503,B07984,R03722,5700,5,Checked-Out,4
BR09504,B09201,R03654,4450,5,Checked-Out,5
BR09505,B02478,R03655,3800,15,Checked-Out,2
BR09506,B04578,R03664,3350,5,Checked-Out,4
BR09507,B08238,R03672,4400,15,Cancelled,
BR09508,B04913,R03704,7300,5,Checked-Out,5
BR09509,B05751,R03725,5650,5,Checked-Out,5
BR09510,B05514,R03683,6900,20,Checked-Out,5
BR09511,B04444,R03708,7600,30,Checked-Out,4
BR09512,B06872,R03728,5950,15,No-Show,
BR09513,B09261,R03672,4350,0,Checked-Out,4
BR09514,B00645,R03710,7650,15,Checked-Out,5
BR09515,B02860,R03713,4800,5,Checked-Out,2
BR09516,B04535,R03727,6700,0,Cancelled,
BR09517,B02561,R03727,5850,0,Checked-Out,5
BR09518,B04794,R03691,7950,10,Checked-Out,4
BR09519,B06109,R03675,3350,0,Checked-Out,1
BR09520,B08547,R03762,15300,15,Checked-Out,3
BR09521,B02145,R03729,8050,10,Checked-Out,4
BR09522,B08646,R03731,9150,0,Checked-Out,4
BR09523,B08646,R03735,7400,10,Checked-Out,5
BR09524,B00224,R03776,9850,25,Checked-Out,4
BR09525,B03248,R03737,7900,0,Checked-Out,4
BR09526,B03248,R03741,7650,10,Checked-Out,3
BR09527,B09699,R03728,6100,0,Checked-Out,1
BR09528,B09699,R03734,6150,10,Checked-Out,5
BR09529,B01982,R03742,10350,10,Checked-Out,5
BR09530,B08759,R03680,4600,5,Checked-Out,3
BR09531,B01776,R03686,2850,0,Checked-Out,4
BR09532,B07606,R03745,7300,0,Checked-Out,4
BR09533,B01920,R03744,6700,15,Cancelled,
BR09534,B07911,R03702,6800,5,Checked-Out,5
BR09535,B02976,R03757,8250,0,Checked-Out,4
BR09536,B04455,R03759,6500,5,Checked-Out,4
BR09537,B01818,R03740,5200,20,Checked-Out,5
BR09538,B01818,R03760,9950,0,Checked-Out,5
BR09539,B05378,R03692,2850,15,Checked-Out,2
BR09540,B06683,R03761,6500,5,Checked-Out,3
BR09541,B00687,R03695,3850,5,Cancelled,
BR09542,B01437,R03765,7000,5,No-Show,
BR09543,B07824,R03765,10050,20,Checked-Out,5
BR09544,B07040,R03744,7100,0,Checked-Out,4
BR09545,B01968,R03746,6200,10,Checked-Out,5
BR09546,B06597,R03747,5300,20,Checked-Out,5
BR09547,B06597,R03748,3700,20,Checked-Out,4
BR09548,B06597,R03753,5000,0,Checked-Out,4
BR09549,B09202,R03841,10750,0,Checked-Out,5
BR09550,B06217,R03714,8300,0,Checked-Out,5
BR09551,B05846,R03754,6200,5,Checked-Out,4
BR09552,B05846,R03695,4500,5,Checked-Out,5
BR09553,B05846,R03750,5600,0,Checked-Out,4
BR09554,B06768,R03700,3700,0,Checked-Out,4
BR09555,B04572,R03772,5700,10,Checked-Out,4
BR09556,B04572,R03775,6600,0,Checked-Out,4
BR09557,B08522,R03780,7800,10,Cancelled,
BR09558,B08522,R03781,7200,5,Cancelled,
BR09559,B04795,R03873,9950,10,Checked-Out,5
BR09560,B08273,R03703,3100,5,Checked-Out,5
BR09561,B02669,R03705,3400,10,Checked-Out,5
BR09562,B02669,R03706,3400,15,Checked-Out,4
BR09563,B03672,R03755,6950,20,Cancelled,
BR09564,B09203,R03707,3800,0,Checked-Out,4
BR09565,B06307,R03719,4300,0,Checked-Out,4
BR09566,B06307,R03720,6950,20,Checked-Out,5
BR09567,B07311,R03780,8000,0,Checked-Out,5
BR09568,B01977,R03781,6900,15,Checked-Out,5
BR09569,B05503,R03787,6100,0,Cancelled,
BR09570,B03818,R03721,5700,0,Cancelled,
BR09571,B03818,R03723,5600,0,Cancelled,
BR09572,B06915,R03709,3850,5,Checked-Out,5
BR09573,B01937,R03721,6850,0,Checked-Out,4
BR09574,B02144,R03787,7600,20,Checked-Out,4
BR09575,B02144,R03792,7500,20,Checked-Out,4
BR09576,B07135,R03711,4600,10,Checked-Out,4
BR09577,B07135,R03712,2900,20,Checked-Out,3
BR09578,B03821,R03793,6300,0,Checked-Out,5
BR09579,B00946,R03888,12650,15,Cancelled,
BR09580,B00579,R03716,3050,0,Checked-Out,5
BR09581,B06662,R03795,7200,10,Checked-Out,4
BR09582,B06662,R03717,4250,10,Checked-Out,3
BR09583,B06662,R03803,8850,30,Checked-Out,2
BR09584,B05640,R03755,6550,0,Checked-Out,5
BR09585,B05640,R03766,5750,0,Checked-Out,3
BR09586,B00169,R03888,11950,5,Checked-Out,4
BR09587,B06357,R03723,7000,0,No-Show,
BR09588,B06488,R03783,7050,5,Checked-Out,4
BR09589,B09199,R03726,4100,0,Checked-Out,5
BR09590,B09199,R03732,3400,10,Checked-Out,4
BR09591,B09199,R03733,4450,10,Checked-Out,4
BR09592,B09199,R03736,4300,10,Checked-Out,4
BR09593,B00355,R03767,6700,0,Checked-Out,5
BR09594,B04811,R03723,7300,10,Checked-Out,4
BR09595,B04811,R03895,13700,10,Checked-Out,5
BR09596,B05821,R03768,4600,10,Checked-Out,3
BR09597,B05821,R03769,3800,0,Checked-Out,3
BR09598,B05821,R03770,5150,15,Checked-Out,4
BR09599,B07639,R03738,3500,0,No-Show,
BR09600,B04128,R03810,7000,15,Checked-Out,5
BR09601,B09371,R03771,5200,0,Checked-Out,3
BR09602,B09371,R03900,9900,5,Checked-Out,4
BR09603,B01530,R03774,7050,0,Checked-Out,4
BR09604,B01530,R03778,5200,5,Checked-Out,5
BR09605,B01530,R03782,5550,15,Checked-Out,5
BR09606,B06961,R03730,7550,0,Checked-Out,5
BR09607,B04052,R03738,3350,25,Checked-Out,4
BR09608,B07216,R03739,9900,5,Checked-Out,4
BR09609,B00181,R03743,3600,0,Checked-Out,4
BR09610,B05255,R03901,13950,5,Cancelled,
BR09611,B06536,R03785,5950,10,Checked-Out,4
BR09612,B06536,R03786,4750,10,Checked-Out,4
BR09613,B06536,R03789,7550,10,Checked-Out,5
BR09614,B06536,R03791,6700,15,Checked-Out,4
BR09615,B00980,R03813,9850,15,Checked-Out,4
BR09616,B01026,R03794,6300,25,Checked-Out,5
BR09617,B01026,R03784,10100,15,Checked-Out,4
BR09618,B06752,R03901,14050,0,Checked-Out,4
BR09619,B06752,R03910,13450,0,Checked-Out,5
BR09620,B07363,R03749,3200,10,Checked-Out,4
BR09621,B07501,R03818,10950,0,Checked-Out,5
BR09622,B09716,R03798,5800,20,Checked-Out,5
BR09623,B09070,R03751,3750,10,Checked-Out,5
BR09624,B02229,R03758,7650,5,Checked-Out,3
BR09625,B03265,R03779,9100,20,Checked-Out,4
BR09626,B09370,R03797,7650,5,Checked-Out,5
BR09627,B01960,R03752,3200,0,Checked-Out,5
BR09628,B07564,R03820,8100,15,Checked-Out,4
BR09629,B06631,R03799,8000,0,Checked-Out,2
BR09630,B04365,R03821,7150,15,Checked-Out,5
BR09631,B06556,R03788,8300,0,Checked-Out,4
BR09632,B01252,R03800,5550,10,Checked-Out,5
BR09633,B01252,R03802,6100,15,Checked-Out,5
BR09634,B07905,R03824,8200,10,Checked-Out,5
BR09635,B07905,R03826,7550,0,Checked-Out,5
BR09636,B09851,R03756,4800,20,Checked-Out,3
BR09637,B02831,R03804,5250,10,Checked-Out,4
BR09638,B06180,R03763,5250,0,Checked-Out,4
BR09639,B07177,R03805,6700,10,Checked-Out,3
BR09640,B06186,R03764,5300,15,Checked-Out,5
BR09641,B01376,R03837,8850,0,Checked-Out,5
BR09642,B02410,R03807,7400,15,Cancelled,
BR09643,B06079,R03842,10700,0,Checked-Out,5
BR09644,B00031,R03807,8050,10,Checked-Out,5
BR09645,B02728,R03808,5700,0,No-Show,
BR09646,B03730,R03773,4050,0,Checked-Out,2
BR09647,B03730,R03777,3700,20,Checked-Out,3
BR09648,B03730,R03808,4250,0,Checked-Out,4
BR09649,B09329,R03801,4350,20,Checked-Out,4
BR09650,B01604,R03809,5150,5,Checked-Out,3
BR09651,B09200,R03850,6250,10,Checked-Out,4
BR09652,B01845,R03790,5450,0,Checked-Out,4
BR09653,B09363,R03796,9400,5,Checked-Out,4
BR09654,B09363,R03825,9950,0,Checked-Out,5
BR09655,B09363,R03836,10100,0,Checked-Out,4
BR09656,B01613,R03815,10950,5,Checked-Out,4
BR09657,B08551,R03846,7850,5,Checked-Out,4
BR09658,B00711,R03812,6550,0,Checked-Out,2
BR09659,B07452,R03853,8200,30,Checked-Out,3
BR09660,B09908,R03806,5050,10,Checked-Out,2
BR09661,B09908,R03811,4300,10,Checked-Out,5
BR09662,B01031,R03814,3650,10,Cancelled,
BR09663,B01031,R03816,4000,10,Cancelled,
BR09664,B07836,R03854,6850,0,Checked-Out,4
BR09665,B01153,R03817,5800,5,Checked-Out,4
BR09666,B09732,R03814,5150,20,Cancelled,
BR09667,B03830,R03858,7700,15,Cancelled,
BR09668,B09867,R03819,5650,5,Checked-Out,4
BR09669,B00244,R03814,3850,0,Cancelled,
BR09670,B00637,R03823,6150,0,Checked-Out,4
BR09671,B08649,R03814,4200,15,Checked-Out,5
BR09672,B00352,R03828,6850,0,Checked-Out,5
BR09673,B02164,R03816,5450,25,Checked-Out,4
BR09674,B08609,R03830,7100,0,Checked-Out,4
BR09675,B08609,R03833,5350,10,Checked-Out,4
BR09676,B00915,R03862,8400,5,Checked-Out,5
BR09677,B08371,R03845,6250,0,Checked-Out,4
BR09678,B01878,R03822,8000,0,Checked-Out,4
BR09679,B07472,R03866,4650,5,Checked-Out,4
BR09680,B09285,R03874,9550,5,Checked-Out,4
BR09681,B09285,R03877,8250,0,Checked-Out,5
BR09682,B09381,R03848,5350,0,Checked-Out,2
BR09683,B08425,R03879,8150,5,Checked-Out,4
BR09684,B03869,R03930,11750,0,Checked-Out,5
BR09685,B07019,R03827,3600,5,Checked-Out,5
BR09686,B07019,R03880,8150,0,Checked-Out,4
BR09687,B07019,R03858,5100,10,Checked-Out,3
BR09688,B02953,R03849,7300,20,Checked-Out,2
BR09689,B04777,R03855,7200,10,Checked-Out,5
BR09690,B06267,R03829,3100,0,Cancelled,
BR09691,B02029,R03881,8100,15,Checked-Out,4
BR09692,B03732,R03829,4050,15,Checked-Out,5
BR09693,B05740,R03831,3050,15,Checked-Out,4
BR09694,B05740,R03832,3900,5,Checked-Out,3
BR09695,B02068,R03882,4850,0,Cancelled,
BR09696,B04250,R03857,4250,15,Checked-Out,4
BR09697,B08741,R03859,4050,10,Checked-Out,5
BR09698,B05445,R03863,6650,10,Checked-Out,3
BR09699,B00465,R03834,4300,15,Cancelled,
BR09700,B06393,R03864,4750,15,Checked-Out,5
BR09701,B06393,R03868,5900,15,Checked-Out,4
BR09702,B07210,R03882,7500,15,Cancelled,
BR09703,B03624,R03871,6350,15,Checked-Out,4
BR09704,B04799,R03835,8450,0,Checked-Out,3
BR09705,B04799,R03852,7700,0,Checked-Out,3
BR09706,B04799,R03856,7800,15,Checked-Out,5
BR09707,B06016,R03883,6300,0,Checked-Out,3
BR09708,B07267,R03882,6850,20,Checked-Out,5
BR09709,B07267,R03894,11800,0,Checked-Out,5
BR09710,B09138,R03884,5400,25,Checked-Out,4
BR09711,B09821,R03897,9050,15,Checked-Out,3
BR09712,B09821,R03918,9150,10,Checked-Out,5
BR09713,B00460,R03834,4150,0,Checked-Out,5
BR09714,B08421,R03921,5700,0,Checked-Out,4
BR09715,B04758,R03861,9500,20,No-Show,
BR09716,B04758,R03875,6250,10,No-Show,
BR09717,B05856,R03838,5000,0,Checked-Out,2
BR09718,B06080,R03872,11250,0,Checked-Out,5
BR09719,B06890,R03887,6500,15,Checked-Out,2
BR09720,B04036,R03933,14050,5,Checked-Out,5
BR09721,B04211,R03839,5500,15,Checked-Out,3
BR09722,B08902,R03922,7500,5,Checked-Out,3
BR09723,B01763,R03840,4150,25,Checked-Out,4
BR09724,B08713,R03923,4800,0,No-Show,
BR09725,B01413,R03923,7100,5,Checked-Out,5
BR09726,B01614,R03927,8200,10,Cancelled,
BR09727,B05202,R03645,7600,5,Checked-Out,4
BR09728,B05238,R03927,7650,10,Cancelled,
BR09729,B05238,R03650,7200,15,Cancelled,
BR09730,B05256,R03885,5700,0,Checked-Out,4
BR09731,B05256,R03886,5800,0,Checked-Out,5
BR09732,B06796,R03843,3250,5,Checked-Out,4
BR09733,B08161,R03844,3350,25,Cancelled,
BR09734,B05382,R03844,4150,0,Checked-Out,4
BR09735,B06972,R03889,5300,0,Checked-Out,3
BR09736,B04626,R03847,5250,5,Cancelled,
BR09737,B04626,R03851,5450,5,Cancelled,
BR09738,B02729,R03890,7650,10,Checked-Out,4
BR09739,B05050,R03892,7100,15,Checked-Out,3
BR09740,B08482,R03927,5650,0,Checked-Out,5
BR09741,B02649,R03650,4650,15,Checked-Out,4
BR09742,B01961,R03678,9100,15,No-Show,
BR09743,B08770,R03847,4650,5,Checked-Out,4
BR09744,B00849,R03896,3550,5,Checked-Out,4
BR09745,B08187,R03928,7050,10,Checked-Out,4
BR09746,B08187,R03936,5600,10,Checked-Out,5
BR09747,B08187,R03948,7750,0,Checked-Out,4
BR09748,B08187,R03950,7850,5,Checked-Out,4
BR09749,B03518,R03904,4850,10,Checked-Out,4
BR09750,B07543,R03851,4900,5,Checked-Out,4
BR09751,B07751,R03905,7600,5,Checked-Out,4
BR09752,B09673,R03860,4950,5,Cancelled,
BR09753,B06229,R03953,5500,10,Checked-Out,5
BR09754,B08562,R03860,3800,0,Checked-Out,5
BR09755,B08562,R03865,3250,10,Checked-Out,3
BR09756,B07678,R03656,7850,0,Checked-Out,5
BR09757,B08232,R03957,9300,30,Cancelled,
BR09758,B03336,R03867,3800,0,Cancelled,
BR09759,B00272,R03867,3550,5,Cancelled,
BR09760,B00716,R03906,4650,10,Checked-Out,4
BR09761,B00716,R03907,6350,5,Checked-Out,4
BR09762,B00716,R03909,4200,10,Checked-Out,4
BR09763,B09362,R03957,9200,10,Checked-Out,4
BR09764,B01030,R03911,4850,15,Checked-Out,4
BR09765,B03656,R03962,8850,25,Checked-Out,4
BR09766,B09071,R03914,3650,5,Checked-Out,4
BR09767,B03068,R03641,6000,0,Checked-Out,3
BR09768,B07572,R03915,4400,5,Checked-Out,4
BR09769,B06983,R03662,6350,5,Checked-Out,4
BR09770,B09406,R03920,3700,5,Checked-Out,5
BR09771,B00775,R03651,6800,5,Checked-Out,5
BR09772,B05449,R03652,6100,5,Checked-Out,4
BR09773,B05449,R03657,5500,10,Checked-Out,5
BR09774,B07520,R03663,6050,0,Checked-Out,4
BR09775,B07520,R03666,8050,10,Checked-Out,4
BR09776,B00638,R03678,9500,20,Checked-Out,5
BR09777,B00638,R03696,10550,0,Checked-Out,4
BR09778,B02840,R03925,6650,0,Checked-Out,4
BR09779,B02840,R03929,6250,0,Checked-Out,4
BR09780,B02840,R03931,4750,10,Checked-Out,5
BR09781,B07584,R03667,7150,5,Checked-Out,4
BR09782,B04998,R03935,5500,15,No-Show,
BR09783,B02135,R03935,5700,20,Checked-Out,5
BR09784,B02473,R03937,6750,20,Checked-Out,4
BR09785,B00437,R03669,6850,0,Checked-Out,2
BR09786,B00437,R03674,10050,0,Checked-Out,4
BR09787,B06115,R03861,8450,0,Cancelled,
BR09788,B01516,R03867,3950,10,Checked-Out,4
BR09789,B08710,R03698,7750,10,Cancelled,
BR09790,B06030,R03869,2900,15,Checked-Out,4
BR09791,B06861,R03946,6200,0,No-Show,
BR09792,B03504,R03698,10300,10,Checked-Out,5
BR09793,B08080,R03682,5900,0,Checked-Out,4
BR09794,B04321,R03946,5300,15,Checked-Out,4
BR09795,B04750,R03861,7900,0,Checked-Out,4
BR09796,B05297,R03762,14000,0,Checked-Out,4
BR09797,B02213,R03955,5050,20,Checked-Out,4
BR09798,B07685,R03685,7400,10,Checked-Out,5
BR09799,B08436,R03875,5200,15,Checked-Out,5
BR09800,B02805,R03870,3600,0,Checked-Out,4
BR09801,B02805,R03876,3000,0,Checked-Out,4
BR09802,B00459,R03776,8800,0,Cancelled,
BR09803,B01419,R03878,2700,0,Checked-Out,4
BR09804,B05702,R03956,4450,5,Checked-Out,3
BR09805,B05702,R03958,4300,10,Checked-Out,4
BR09806,B02166,R03899,3150,10,Checked-Out,4
BR09807,B02166,R03902,3650,5,Checked-Out,4
BR09808,B03409,R03959,5550,15,Cancelled,
BR09809,B07153,R03959,5000,0,Checked-Out,4
BR09810,B06280,R03668,7450,5,Checked-Out,5
BR09811,B07883,R03689,7900,0,Cancelled,
BR09812,B07883,R03687,7550,0,Cancelled,
BR09813,B08882,R03961,4750,25,Checked-Out,5
BR09814,B03239,R03908,3950,0,Checked-Out,5
BR09815,B00862,R03963,4400,10,Checked-Out,5
BR09816,B08282,R03689,6900,0,Checked-Out,4
BR09817,B01111,R03912,4250,0,Checked-Out,4
BR09818,B07111,R03683,7250,10,Checked-Out,5
BR09819,B07111,R03691,5700,0,Checked-Out,3
BR09820,B00063,R03687,6800,10,Cancelled,
BR09821,B05039,R03687,7600,10,Checked-Out,3
BR09822,B09758,R03693,7150,5,Checked-Out,3
BR09823,B02031,R03913,4200,0,Checked-Out,3
BR09824,B02031,R03964,5400,0,Checked-Out,5
BR09825,B08403,R03776,12850,15,Checked-Out,5
BR09826,B04079,R03916,3850,10,Checked-Out,3
BR09827,B07307,R03841,10950,25,Checked-Out,4
BR09828,B07307,R03873,11500,10,Checked-Out,4
BR09829,B07968,R03966,5700,5,Checked-Out,5
BR09830,B02986,R03694,7250,0,Checked-Out,4
BR09831,B02986,R03702,7600,0,Checked-Out,4
BR09832,B05484,R03967,5350,0,Checked-Out,4
BR09833,B05484,R03891,5900,0,Checked-Out,4
BR09834,B01091,R03714,8850,0,Checked-Out,5
BR09835,B08972,R03699,8550,5,Checked-Out,5
BR09836,B05492,R03888,14800,5,Checked-Out,4
BR09837,B05492,R03895,12050,15,Checked-Out,5
BR09838,B05492,R03900,8650,20,Checked-Out,1
BR09839,B06649,R03901,13150,0,Checked-Out,4
BR09840,B06649,R03910,12450,0,Checked-Out,5
BR09841,B04671,R03719,5150,0,Cancelled,
BR09842,B04671,R03720,7850,5,Cancelled,
BR09843,B06544,R03701,6950,20,Checked-Out,3
BR09844,B08792,R03719,5250,0,Checked-Out,4
BR09845,B02167,R03704,6500,5,Checked-Out,5
BR09846,B02167,R03708,7450,10,Checked-Out,4
BR09847,B02167,R03710,7150,5,Checked-Out,4
BR09848,B02167,R03713,5750,5,Checked-Out,4
BR09849,B04619,R03968,5000,15,Checked-Out,4
BR09850,B06036,R03727,6700,0,Cancelled,
BR09851,B00796,R03919,3650,0,Checked-Out,4
BR09852,B06208,R03969,5200,15,Checked-Out,4
BR09853,B08499,R03720,7450,5,Checked-Out,5
BR09854,B08499,R03646,5100,0,Checked-Out,3
BR09855,B09771,R03924,4500,0,Checked-Out,4
BR09856,B02906,R03926,3050,0,Cancelled,
BR09857,B00848,R03647,5550,0,Checked-Out,5
BR09858,B05765,R03653,5750,20,Checked-Out,4
BR09859,B05765,R03649,4600,0,Checked-Out,4
BR09860,B07869,R03727,5250,25,Cancelled,
BR09861,B02385,R03930,9750,5,Checked-Out,4
BR09862,B07375,R03933,12900,15,No-Show,
BR09863,B07375,R03678,10250,0,No-Show,
BR09864,B07293,R03721,6450,10,Checked-Out,4
BR09865,B00673,R03723,5900,10,Checked-Out,3
BR09866,B05673,R03659,4700,10,Cancelled,
BR09867,B05450,R03893,6600,10,Checked-Out,4
BR09868,B06334,R03730,7900,10,Checked-Out,5
BR09869,B08941,R03898,8800,5,Checked-Out,4
BR09870,B03859,R03659,5400,0,Checked-Out,4
BR09871,B09196,R03933,12900,0,Checked-Out,5
BR09872,B04053,R03678,9300,0,Checked-Out,4
BR09873,B09124,R03926,2900,5,Checked-Out,4
BR09874,B08233,R03932,3750,5,Checked-Out,5
BR09875,B07748,R03727,5300,10,Checked-Out,4
BR09876,B08220,R03934,5200,5,Checked-Out,4
BR09877,B09913,R03729,8450,25,Cancelled,
BR09878,B02254,R03729,8050,10,Cancelled,
BR09879,B04383,R03660,5550,15,Checked-Out,5
BR09880,B03862,R03729,7550,5,Checked-Out,2
BR09881,B05133,R03939,3050,0,Checked-Out,5
BR09882,B09530,R03731,8150,5,Cancelled,
BR09883,B06579,R03903,4850,0,Checked-Out,4
BR09884,B00997,R03731,10500,10,Checked-Out,3
BR09885,B00997,R03735,6750,0,Checked-Out,4
BR09886,B00997,R03737,9050,0,Checked-Out,4
BR09887,B05508,R03940,2550,20,Checked-Out,5
BR09888,B08230,R03941,4700,10,Checked-Out,4
BR09889,B08230,R03942,3850,10,Checked-Out,4
BR09890,B01469,R03943,3700,5,Checked-Out,3
BR09891,B04410,R03696,9800,15,No-Show,
BR09892,B04410,R03698,10000,10,No-Show,
BR09893,B01365,R03741,9050,25,Cancelled,
BR09894,B06769,R03741,9200,0,Checked-Out,5
BR09895,B06172,R03739,8450,5,Checked-Out,3
BR09896,B04397,R03696,10200,10,Checked-Out,3
BR09897,B04397,R03698,10250,5,Checked-Out,4
BR09898,B07565,R03661,6100,0,Checked-Out,4
BR09899,B05703,R03670,5450,15,Cancelled,
BR09900,B03771,R03670,5500,0,Checked-Out,4
BR09901,B04138,R03944,4450,0,Checked-Out,4
BR09902,B02381,R03742,8750,15,No-Show,
BR09903,B03188,R03673,3400,5,Checked-Out,4
BR09904,B07872,R03945,3750,0,Checked-Out,3
BR09905,B02453,R03671,5800,10,Checked-Out,5
BR09906,B02453,R03676,4450,10,Checked-Out,3
BR09907,B07133,R03762,12950,0,Checked-Out,3
BR09908,B07744,R03677,6400,10,Checked-Out,4
BR09909,B08501,R03684,7150,5,Checked-Out,5
BR09910,B05485,R03947,3450,0,Cancelled,
BR09911,B09038,R03688,4700,5,No-Show,
BR09912,B09276,R03758,8400,10,Checked-Out,4
BR09913,B08191,R03779,8700,0,Checked-Out,4
BR09914,B08191,R03788,9450,0,Checked-Out,5
BR09915,B06622,R03776,9800,5,Checked-Out,5
BR09916,B01644,R03947,3250,0,Checked-Out,5
BR09917,B02119,R03951,4750,0,Checked-Out,5
BR09918,B02119,R03952,3050,5,Checked-Out,5
BR09919,B06736,R03742,8650,10,Checked-Out,5
BR09920,B03398,R03688,5050,5,Checked-Out,5
BR09921,B05510,R03954,3250,5,Checked-Out,4
BR09922,B06017,R03960,3750,30,Checked-Out,5
BR09923,B06123,R03690,7450,5,Checked-Out,4
BR09924,B06123,R03697,6650,0,Checked-Out,4
BR09925,B01646,R03722,8200,0,Checked-Out,5
BR09926,B03453,R03965,4850,0,Checked-Out,5
BR09927,B04895,R03790,7500,10,No-Show,
BR09928,B04895,R03796,8750,10,No-Show,
BR09929,B00057,R03841,8850,10,Checked-Out,5
BR09930,B01935,R03970,2550,15,Checked-Out,4
BR09931,B03397,R03745,9000,25,Checked-Out,3
BR09932,B03397,R03757,10050,15,Checked-Out,3
BR09933,B03397,R03759,7250,0,Checked-Out,3
BR09934,B08627,R03642,4100,0,Checked-Out,3
BR09935,B02682,R03917,8200,5,Checked-Out,4
BR09936,B03899,R03725,6250,0,Cancelled,
BR09937,B04366,R03725,5000,10,Checked-Out,5
BR09938,B00491,R03938,8600,10,Cancelled,
BR09939,B06405,R03760,10450,0,Checked-Out,5
BR09940,B08862,R03938,8550,0,Checked-Out,4
BR09941,B01493,R03643,3250,10,Checked-Out,5
BR09942,B04487,R03949,9500,15,Checked-Out,5
BR09943,B05787,R03644,4400,5,Checked-Out,5
BR09944,B05254,R03790,6650,10,Checked-Out,3
BR09945,B01262,R03648,4100,10,Checked-Out,5
BR09946,B08212,R03796,8650,10,Checked-Out,4
BR09947,B08848,R03654,5300,15,Checked-Out,5
BR09948,B08848,R03728,7400,0,Checked-Out,4
BR09949,B08117,R03664,3500,5,Checked-Out,5
BR09950,B08117,R03655,4650,15,Checked-Out,4
BR09951,B08117,R03672,4750,30,Checked-Out,5
BR09952,B00732,R03665,7850,5,Checked-Out,4
BR09953,B07764,R03825,9950,20,Checked-Out,5
BR09954,B07884,R03734,7300,10,Checked-Out,4
BR09955,B07884,R03740,6250,15,Checked-Out,2
BR09956,B05876,R03747,7200,5,Checked-Out,4
BR09957,B05926,R03675,3150,10,Checked-Out,4
BR09958,B05645,R03686,2900,0,Checked-Out,5
BR09959,B08746,R03748,5850,15,Checked-Out,4
BR09960,B01640,R03873,11850,0,Checked-Out,5
BR09961,B09819,R03753,6650,0,Cancelled,
BR09962,B09585,R03680,4850,5,No-Show,
BR09963,B08295,R03836,6300,5,Checked-Out,5
BR09964,B04614,R03680,4750,20,Checked-Out,4
BR09965,B08928,R03753,7150,15,Checked-Out,4
BR09966,B05468,R03754,7100,0,Checked-Out,5
BR09967,B05468,R03658,6600,10,Checked-Out,4
BR09968,B05468,R03755,6750,15,Checked-Out,4
BR09969,B07248,R03692,3450,10,Checked-Out,2
BR09970,B07248,R03761,8100,5,Checked-Out,4
BR09971,B08942,R03695,5400,0,Checked-Out,4
BR09972,B08942,R03700,3450,0,Checked-Out,5
BR09973,B08942,R03703,3800,15,Checked-Out,4
BR09974,B08942,R03705,4800,15,Checked-Out,4
BR09975,B05664,R03679,6250,0,Cancelled,
BR09976,B00182,R03706,5050,0,Checked-Out,5
BR09977,B09133,R03766,4850,0,Checked-Out,4
BR09978,B00276,R03767,7450,5,Checked-Out,4
BR09979,B08255,R03765,9750,0,Checked-Out,5
BR09980,B08255,R03772,7400,5,Checked-Out,5
BR09981,B02676,R03707,4200,10,Checked-Out,5
BR09982,B02676,R03775,8900,25,Checked-Out,4
BR09983,B07752,R03768,5550,0,Checked-Out,3
BR09984,B08961,R03769,5700,0,Checked-Out,4
BR09985,B00539,R03780,7400,5,Checked-Out,2
BR09986,B00688,R03770,6050,5,Checked-Out,4
BR09987,B06511,R03846,5750,0,Checked-Out,5
BR09988,B08331,R03709,3950,10,Checked-Out,5
BR09989,B04975,R03781,7700,5,No-Show,
BR09990,B01299,R03901,13650,10,Checked-Out,4
BR09991,B04027,R03781,8100,10,Checked-Out,5
BR09992,B03866,R03771,4800,10,Checked-Out,4
BR09993,B08938,R03774,6550,0,No-Show,
BR09994,B00967,R03787,6700,10,Cancelled,
BR09995,B01136,R03910,12300,0,Checked-Out,4
BR09996,B03752,R03787,8200,5,Cancelled,
BR09997,B03752,R03792,8000,20,Cancelled,
BR09998,B09558,R03774,6700,0,Checked-Out,5
BR09999,B00334,R03858,6900,0,Checked-Out,5
BR10000,B07288,R03778,4800,0,Checked-Out,4
BR10001,B07288,R03782,4800,20,Checked-Out,4
BR10002,B07288,R03785,5800,5,Checked-Out,4
BR10003,B06826,R03711,5250,20,Checked-Out,4
BR10004,B06775,R03787,6300,15,Checked-Out,4
BR10005,B09274,R03872,7100,0,Checked-Out,2
BR10006,B01792,R03786,4950,20,Checked-Out,5
BR10007,B08350,R03792,7550,0,Checked-Out,5
BR10008,B09805,R03679,6150,0,Checked-Out,5
BR10009,B05295,R03789,7750,0,Checked-Out,4
BR10010,B05295,R03791,7350,0,Checked-Out,4
BR10011,B03086,R03793,6750,20,Checked-Out,5
BR10012,B08204,R03794,6500,0,Checked-Out,2
BR10013,B09477,R03797,7100,0,Checked-Out,5
BR10014,B09529,R03718,7350,0,Checked-Out,5
BR10015,B09529,R03712,2800,20,Checked-Out,4
BR10016,B09529,R03799,6300,0,Checked-Out,5
BR10017,B02133,R03795,6550,5,Cancelled,
BR10018,B02133,R03888,11900,0,Cancelled,
BR10019,B06655,R03795,6250,5,Checked-Out,3
BR10020,B08453,R03716,4050,0,Checked-Out,2
BR10021,B09490,R03887,5550,10,Checked-Out,4
BR10022,B01377,R03888,16750,10,Checked-Out,4
BR10023,B01377,R03895,12900,5,Checked-Out,5
BR10024,B02065,R03717,4900,10,Checked-Out,4
BR10025,B05152,R03803,8500,5,Cancelled,
BR10026,B07625,R03800,5550,0,Checked-Out,4
BR10027,B09187,R03802,6400,5,Checked-Out,4
BR10028,B05383,R03726,4500,0,Checked-Out,4
BR10029,B05383,R03804,5350,5,Checked-Out,5
BR10030,B09789,R03805,6150,10,Checked-Out,4
BR10031,B00138,R03803,6400,0,Checked-Out,3
BR10032,B00517,R03645,6400,10,Cancelled,
BR10033,B07617,R03732,3050,5,Checked-Out,4
BR10034,B07436,R03733,4950,10,Checked-Out,5
BR10035,B02671,R03807,7950,0,Checked-Out,1
BR10036,B02671,R03810,6950,0,Checked-Out,5
BR10037,B06337,R03808,5300,15,Checked-Out,4
BR10038,B06337,R03813,8600,0,Checked-Out,4
BR10039,B01747,R03809,4750,10,Checked-Out,5
BR10040,B01747,R03812,5350,10,Checked-Out,5
BR10041,B03511,R03900,6950,0,Checked-Out,3
BR10042,B05333,R03817,5750,0,Cancelled,
BR10043,B09965,R03930,11450,0,Checked-Out,3
BR10044,B09965,R03933,13850,5,Checked-Out,3
BR10045,B02940,R03817,5900,0,Checked-Out,3
BR10046,B00388,R03819,5850,0,Checked-Out,5
BR10047,B00388,R03823,9300,20,Checked-Out,4
BR10048,B00916,R03818,10900,20,Checked-Out,5
BR10049,B00916,R03828,7600,0,Checked-Out,4
BR10050,B04406,R03830,7500,15,Checked-Out,3
BR10051,B06871,R03833,5500,0,Checked-Out,4
BR10052,B02058,R03820,10050,0,Checked-Out,5
BR10053,B02058,R03821,7600,5,Checked-Out,4
BR10054,B05945,R03681,7300,20,Checked-Out,4
BR10055,B09993,R03845,5700,15,Checked-Out,4
BR10056,B06124,R03848,4050,0,Checked-Out,2
BR10057,B06124,R03849,5750,15,Checked-Out,5
BR10058,B06124,R03855,5850,15,Checked-Out,4
BR10059,B01803,R03857,3750,0,Checked-Out,5
BR10060,B08642,R03645,7750,10,Checked-Out,4
BR10061,B02008,R03859,5450,10,Checked-Out,4
BR10062,B02302,R03824,7600,0,Cancelled,
BR10063,B09900,R03824,7700,5,Checked-Out,3
BR10064,B05399,R03826,6050,15,Checked-Out,5
BR10065,B05399,R03837,8700,0,Checked-Out,4
BR10066,B05280,R03736,4650,5,Checked-Out,4
BR10067,B04621,R03715,6250,0,Checked-Out,5
BR10068,B06881,R03738,3150,5,Checked-Out,4
BR10069,B08645,R03743,3500,20,Checked-Out,5
BR10070,B04495,R03650,5500,0,Checked-Out,3
BR10071,B07245,R03724,4950,5,Checked-Out,4
BR10072,B02780,R03863,7050,0,Checked-Out,5
BR10073,B03852,R03749,3250,30,Checked-Out,4
BR10074,B03924,R03744,6700,0,No-Show,
BR10075,B04369,R03842,11250,5,Checked-Out,5
BR10076,B08929,R03864,4800,10,Checked-Out,4
BR10077,B09544,R03744,7600,0,Checked-Out,4
BR10078,B00039,R03751,3950,20,Checked-Out,3
BR10079,B03646,R03868,5200,30,Checked-Out,4
BR10080,B04674,R03656,8600,10,Checked-Out,3
BR10081,B05021,R03850,5850,10,Cancelled,
BR10082,B05021,R03853,7600,0,Cancelled,
BR10083,B01580,R03871,7800,0,Checked-Out,4
BR10084,B08639,R03850,6900,0,No-Show,
BR10085,B08639,R03883,6700,0,No-Show,
BR10086,B05893,R03883,4200,0,Checked-Out,4
BR10087,B07864,R03752,4100,10,Checked-Out,4
BR10088,B07864,R03884,5650,5,Checked-Out,5
BR10089,B00045,R03756,5750,5,Checked-Out,5
BR10090,B06634,R03662,7050,20,Checked-Out,5
BR10091,B06634,R03668,8200,5,Checked-Out,4
BR10092,B09353,R03683,9200,10,Checked-Out,4
BR10093,B09353,R03885,5600,15,Checked-Out,4
BR10094,B06338,R03763,4250,5,No-Show,
BR10095,B09641,R03691,8050,5,Checked-Out,5
BR10096,B02572,R03850,4950,0,Cancelled,
BR10097,B03371,R03746,6400,20,Checked-Out,2
BR10098,B08605,R03850,6650,0,Cancelled,
BR10099,B08605,R03886,5950,5,Cancelled,
BR10100,B01041,R03763,4700,5,Checked-Out,5
BR10101,B05788,R03678,10350,0,Checked-Out,5
BR10102,B01761,R03850,5950,10,Checked-Out,4
BR10103,B08766,R03764,4900,0,Cancelled,
BR10104,B08766,R03773,5100,0,Cancelled,
BR10105,B08336,R03853,8500,10,Checked-Out,4
BR10106,B08336,R03854,7950,10,Checked-Out,5
BR10107,B08336,R03862,9650,5,Checked-Out,2
BR10108,B08336,R03866,7950,5,Checked-Out,5
BR10109,B08673,R03874,9750,0,Checked-Out,5
BR10110,B08673,R03877,8650,0,Checked-Out,2
BR10111,B01712,R03764,3900,0,Cancelled,
BR10112,B07686,R03696,7350,10,No-Show,
BR10113,B09494,R03886,6150,5,Checked-Out,5
BR10114,B04770,R03764,4950,5,Checked-Out,5
BR10115,B08180,R03702,9100,5,Checked-Out,5
BR10116,B01181,R03880,10900,5,Checked-Out,4
BR10117,B01181,R03879,8000,10,Checked-Out,4
BR10118,B01198,R03714,9600,25,Checked-Out,3
BR10119,B05646,R03881,7550,20,Checked-Out,5
BR10120,B05646,R03882,6650,5,Checked-Out,4
BR10121,B05646,R03894,11600,10,Checked-Out,5
BR10122,B05646,R03897,8700,0,Checked-Out,2
BR10123,B03341,R03889,4550,0,Checked-Out,3
BR10124,B00325,R03773,5200,0,Checked-Out,4
BR10125,B08769,R03777,5200,10,Checked-Out,4
BR10126,B02064,R03892,7150,15,Cancelled,
BR10127,B05595,R03801,3600,10,Checked-Out,4
BR10128,B08070,R03918,7050,0,Checked-Out,2
BR10129,B08070,R03696,7950,15,Checked-Out,4
BR10130,B07745,R03719,4500,10,Checked-Out,4
BR10131,B01410,R03921,7200,5,Checked-Out,4
BR10132,B01410,R03922,8250,10,Checked-Out,2
BR10133,B08747,R03806,5050,0,Checked-Out,4
BR10134,B02867,R03811,4150,0,Checked-Out,2
BR10135,B02867,R03814,4450,15,Checked-Out,3
BR10136,B03514,R03816,4500,10,Checked-Out,4
BR10137,B05210,R03698,7750,0,Checked-Out,4
BR10138,B05210,R03892,5100,0,Checked-Out,4
BR10139,B05210,R03827,3900,0,Checked-Out,4
BR10140,B00203,R03720,7000,0,Checked-Out,4
BR10141,B07016,R03750,4900,0,Checked-Out,5
BR10142,B07308,R03890,6500,5,Checked-Out,5
BR10143,B01892,R03831,3100,0,Checked-Out,4
BR10144,B03394,R03832,4000,0,Checked-Out,5
BR10145,B05968,R03783,6900,0,Cancelled,
BR10146,B08628,R03762,14600,25,Cancelled,
BR10147,B00210,R03721,6700,5,Checked-Out,4
BR10148,B00210,R03923,6900,5,Checked-Out,4
BR10149,B03310,R03829,4000,10,Checked-Out,5
BR10150,B05499,R03896,4900,0,Checked-Out,3
BR10151,B09711,R03904,4900,15,Checked-Out,3
BR10152,B08950,R03927,4950,15,No-Show,
BR10153,B08035,R03905,5550,0,Checked-Out,4
BR10154,B01805,R03834,3700,0,Checked-Out,4
BR10155,B04698,R03838,4200,10,Cancelled,
BR10156,B08084,R03838,4050,0,No-Show,
BR10157,B09918,R03838,3850,0,Checked-Out,5
BR10158,B09918,R03906,4600,5,Checked-Out,2
BR10159,B01867,R03907,7250,10,Checked-Out,4
BR10160,B03235,R03909,5100,5,Checked-Out,5
BR10161,B09710,R03839,4850,25,Checked-Out,4
BR10162,B01972,R03723,5900,15,Cancelled,
BR10163,B08640,R03840,4550,0,Checked-Out,5
BR10164,B00607,R03762,14550,5,Checked-Out,3
BR10165,B03376,R03927,5800,15,Cancelled,
BR10166,B04370,R03911,4300,10,Cancelled,
BR10167,B06174,R03911,4250,0,Checked-Out,3
BR10168,B09690,R03723,7150,5,Cancelled,
BR10169,B00818,R03776,11100,15,Checked-Out,4
BR10170,B02431,R03783,7200,0,Checked-Out,5
BR10171,B05544,R03927,6900,15,Checked-Out,1
BR10172,B03606,R03843,3000,0,Checked-Out,5
BR10173,B02540,R03928,7950,10,Cancelled,
BR10174,B02999,R03914,4650,20,Checked-Out,3
BR10175,B07075,R03844,3050,0,Checked-Out,4
BR10176,B03445,R03723,5600,10,Checked-Out,5
BR10177,B03445,R03928,6600,5,Checked-Out,4
BR10178,B03445,R03784,6300,5,Checked-Out,5
BR10179,B01126,R03936,6050,0,Cancelled,
BR10180,B08492,R03847,4600,15,Checked-Out,5
BR10181,B03836,R03936,6950,0,Cancelled,
BR10182,B00674,R03798,5750,0,Checked-Out,4
BR10183,B00880,R03851,4900,0,Checked-Out,4
BR10184,B03087,R03915,5700,15,Cancelled,
BR10185,B07918,R03730,9300,0,Checked-Out,4
BR10186,B08661,R03739,8350,30,Checked-Out,4
BR10187,B08661,R03758,7350,0,Checked-Out,4
BR10188,B04353,R03841,8800,5,Checked-Out,2
BR10189,B04353,R03779,7100,0,Checked-Out,4
BR10190,B05741,R03936,5750,0,Checked-Out,4
BR10191,B00430,R03915,3950,5,Checked-Out,3
BR10192,B00586,R03873,8150,10,Checked-Out,4
BR10193,B00586,R03901,9900,0,Checked-Out,5
BR10194,B00586,R03910,9350,0,Checked-Out,4
BR10195,B03010,R03948,8900,0,Checked-Out,4
BR10196,B04407,R03920,4550,0,Checked-Out,5
BR10197,B02781,R03788,8750,15,Checked-Out,3
BR10198,B02781,R03925,6050,10,Checked-Out,5
BR10199,B02781,R03860,4400,0,Checked-Out,5
BR10200,B02781,R03950,9200,20,Checked-Out,4
BR10201,B00733,R03953,7150,10,Checked-Out,4
BR10202,B09602,R03865,4100,5,Checked-Out,5
BR10203,B02680,R03867,3500,5,Checked-Out,4
BR10204,B04893,R03929,6200,0,Cancelled,
BR10205,B05890,R03957,8600,5,No-Show,
BR10206,B02307,R03957,7400,5,Checked-Out,4
BR10207,B02307,R03929,4450,5,Checked-Out,3
BR10208,B04701,R03869,2550,0,Checked-Out,3
BR10209,B04701,R03870,2900,5,Checked-Out,4
BR10210,B06628,R03962,7900,10,Checked-Out,4
BR10211,B06187,R03931,3750,0,Checked-Out,5
BR10212,B02467,R03937,6550,15,Checked-Out,4
BR10213,B09761,R03876,3400,25,Checked-Out,5
BR10214,B03456,R03878,3600,10,Checked-Out,5
BR10215,B02961,R03899,3300,5,Checked-Out,5
BR10216,B03424,R03902,2950,5,Checked-Out,4
BR10217,B03424,R03908,3450,0,Checked-Out,4
BR10218,B04095,R03641,5400,10,Checked-Out,4
BR10219,B09479,R03935,5150,15,No-Show,
BR10220,B01591,R03935,6650,10,Checked-Out,4
BR10221,B04446,R03888,13200,15,Checked-Out,5
BR10222,B09667,R03946,5650,10,Checked-Out,5
BR10223,B09667,R03955,4950,0,Checked-Out,5
BR10224,B09667,R03959,5300,0,Checked-Out,4
BR10225,B02472,R03956,4300,25,Checked-Out,3
BR10226,B04129,R03958,4750,5,Checked-Out,5
BR10227,B06472,R03961,4050,5,Checked-Out,3
BR10228,B03804,R03912,4400,0,Checked-Out,4
BR10229,B03804,R03913,3500,5,Checked-Out,2
BR10230,B09438,R03916,3850,25,Cancelled,
BR10231,B06611,R03963,4000,0,Checked-Out,4
BR10232,B06611,R03964,5100,10,Checked-Out,4
BR10233,B06611,R03966,5600,10,Checked-Out,5
BR10234,B06611,R03967,4500,0,Checked-Out,5
BR10235,B00734,R03968,4800,0,Checked-Out,5
BR10236,B04756,R03646,5450,0,Cancelled,
BR10237,B03436,R03916,3750,25,No-Show,
BR10238,B03436,R03919,3750,25,No-Show,
BR10239,B09345,R03916,3750,10,Checked-Out,5
BR10240,B09431,R03646,5150,0,Checked-Out,5
BR10241,B03980,R03969,5800,0,Checked-Out,3
BR10242,B03860,R03919,3500,25,Checked-Out,3
BR10243,B00639,R03651,8500,0,Checked-Out,5
BR10244,B03505,R03649,3950,0,Checked-Out,4
BR10245,B04607,R03653,6200,0,Checked-Out,3
BR10246,B04607,R03647,5050,0,Checked-Out,5
BR10247,B03395,R03659,5300,5,Checked-Out,4
BR10248,B03006,R03790,5800,0,Checked-Out,4
BR10249,B06268,R03796,6950,0,Checked-Out,4
BR10250,B08376,R03825,7900,15,Checked-Out,4
BR10251,B05352,R03660,5100,0,Checked-Out,3
BR10252,B00627,R03836,7500,0,Cancelled,
BR10253,B02161,R03661,5400,10,Checked-Out,4
BR10254,B04988,R03670,5000,0,Checked-Out,1
BR10255,B01405,R03895,11250,0,No-Show,
BR10256,B04472,R03673,4100,10,Checked-Out,5
BR10257,B07008,R03836,7150,10,Checked-Out,5
BR10258,B07008,R03671,6200,0,Checked-Out,4
BR10259,B09153,R03676,5000,5,Checked-Out,4
BR10260,B01745,R03684,4650,30,Checked-Out,4
BR10261,B06823,R03924,3900,10,Checked-Out,4
BR10262,B06823,R03926,2650,25,Checked-Out,3
BR10263,B07585,R03652,6750,10,Checked-Out,3
BR10264,B04058,R03932,3550,10,Checked-Out,3
BR10265,B06635,R03657,6800,0,Checked-Out,4
BR10266,B01199,R03934,4300,10,Cancelled,
BR10267,B01199,R03939,3200,20,Cancelled,
BR10268,B03568,R03934,4450,5,Checked-Out,5
BR10269,B07268,R03677,5000,0,Cancelled,
BR10270,B01682,R03677,5150,0,Checked-Out,5
BR10271,B04025,R03939,3050,5,Checked-Out,4
BR10272,B04025,R03941,4300,0,Checked-Out,4
BR10273,B05757,R03688,4200,0,Checked-Out,4
BR10274,B05757,R03690,6450,30,Checked-Out,3
BR10275,B08181,R03942,3350,10,Checked-Out,4
BR10276,B08181,R03663,4900,5,Checked-Out,4
BR10277,B09047,R03697,5800,5,Checked-Out,4
BR10278,B09306,R03940,2800,5,Checked-Out,4
BR10279,B02699,R03943,3700,15,Checked-Out,3
BR10280,B08036,R03846,6350,5,Checked-Out,3
BR10281,B06348,R03815,7850,0,Checked-Out,4
BR10282,B07749,R03944,4200,15,Checked-Out,4
BR10283,B08962,R03945,3900,5,Checked-Out,4
BR10284,B03906,R03947,3050,20,Checked-Out,5
BR10285,B04896,R03858,6900,10,Checked-Out,4
BR10286,B04896,R03872,8050,0,Checked-Out,4
BR10287,B05916,R03951,3900,25,Checked-Out,4
BR10288,B00500,R03887,5550,5,Checked-Out,5
BR10289,B02101,R03666,10350,5,Checked-Out,4
BR10290,B02101,R03667,6700,10,Checked-Out,4
BR10291,B03655,R03722,6450,5,Checked-Out,3
BR10292,B07531,R03669,7900,0,Checked-Out,4
BR10293,B03703,R03674,7600,0,Checked-Out,4
BR10294,B05384,R03725,4750,30,Checked-Out,4
BR10295,B01800,R03682,6150,10,Checked-Out,4
BR10296,B02403,R03952,2800,5,Checked-Out,4
BR10297,B02403,R03954,3150,0,Checked-Out,5
BR10298,B04732,R03685,8300,0,Checked-Out,5
BR10299,B09173,R03895,11050,15,Checked-Out,5
BR10300,B09173,R03900,8900,5,Checked-Out,5
BR10301,B09173,R03930,10300,5,Checked-Out,4
BR10302,B09712,R03933,10850,15,Checked-Out,5
BR10303,B09712,R03728,5600,0,Checked-Out,4
BR10304,B09712,R03689,7300,5,Checked-Out,4
BR10305,B02462,R03687,7500,0,Cancelled,
BR10306,B04510,R03645,6250,0,Cancelled,
BR10307,B06646,R03687,7250,0,Checked-Out,4
BR10308,B04757,R03960,3400,5,Checked-Out,4
BR10309,B04757,R03965,4000,5,Checked-Out,5
BR10310,B00445,R03970,3200,25,Checked-Out,4
BR10311,B04447,R03693,7650,0,Checked-Out,4
BR10312,B04447,R03734,6300,0,Checked-Out,2
BR10313,B01796,R03694,8350,10,Checked-Out,5
BR10314,B00751,R03740,5650,15,Checked-Out,5
BR10315,B08420,R03822,6450,20,Checked-Out,5
BR10316,B02510,R03747,6350,10,Checked-Out,3
BR10317,B06581,R03748,5150,0,Checked-Out,5
BR10318,B02733,R03699,8250,5,Checked-Out,4
BR10319,B02733,R03835,8000,10,Checked-Out,5
BR10320,B03418,R03753,6250,5,Checked-Out,5
BR10321,B05667,R03754,6450,0,Checked-Out,5
BR10322,B07037,R03642,3450,0,Checked-Out,3
BR10323,B06081,R03645,6500,5,Checked-Out,5
BR10324,B01412,R03650,6350,10,Checked-Out,4
BR10325,B02817,R03643,3200,0,Checked-Out,4
BR10326,B03326,R03644,3850,15,Checked-Out,4
BR10327,B06142,R03648,4200,5,Checked-Out,5
BR10328,B08934,R03656,7950,0,Checked-Out,5
BR10329,B03045,R03755,5050,5,Checked-Out,5
BR10330,B04022,R03701,5650,5,Checked-Out,4
BR10331,B07765,R03654,4050,30,Checked-Out,4
BR10332,B08981,R03852,6550,0,No-Show,
BR10333,B08981,R03856,7500,0,No-Show,
BR10334,B09499,R03655,4100,15,Checked-Out,4
BR10335,B09499,R03664,3100,10,Checked-Out,3
BR10336,B04078,R03672,4200,20,Cancelled,
BR10337,B04078,R03675,3350,10,Cancelled,
BR10338,B05845,R03704,7300,0,Checked-Out,2
BR10339,B06647,R03766,6150,10,Checked-Out,4
BR10340,B08183,R03767,6850,5,Checked-Out,5
BR10341,B03437,R03662,6250,0,Checked-Out,5
BR10342,B08050,R03672,4100,0,Checked-Out,4
BR10343,B04526,R03768,4900,0,Checked-Out,2
BR10344,B04598,R03675,3450,0,Checked-Out,4
BR10345,B07527,R03678,9600,15,Cancelled,
BR10346,B07772,R03769,4950,10,Checked-Out,5
BR10347,B03088,R03770,5700,10,Checked-Out,4
BR10348,B02737,R03771,3750,5,Checked-Out,4
BR10349,B06442,R03686,2550,10,Checked-Out,4
BR10350,B09609,R03774,5150,20,Checked-Out,2
BR10351,B02868,R03708,8150,5,Checked-Out,4
BR10352,B02868,R03710,7700,10,Checked-Out,4
BR10353,B03501,R03778,5000,0,Checked-Out,4
BR10354,B04319,R03713,6700,10,Checked-Out,3
BR10355,B09399,R03782,4650,0,Cancelled,
BR10356,B09399,R03785,4750,15,Cancelled,
BR10357,B09399,R03786,4550,10,Cancelled,
BR10358,B09399,R03668,7850,0,Cancelled,
BR10359,B04781,R03782,5050,5,Checked-Out,5
BR10360,B04781,R03785,4950,10,Checked-Out,5
BR10361,B08038,R03727,5850,10,Checked-Out,4
BR10362,B08038,R03729,7650,10,Checked-Out,4
BR10363,B08580,R03731,10150,0,Checked-Out,4
BR10364,B08839,R03735,6950,0,Checked-Out,5
BR10365,B09262,R03680,4650,0,Cancelled,
BR10366,B09554,R03680,4600,5,Checked-Out,4
BR10367,B00216,R03678,9500,0,Cancelled,
BR10368,B00727,R03786,4650,15,Checked-Out,4
BR10369,B01140,R03692,2750,15,Checked-Out,4
BR10370,B04729,R03737,8550,10,No-Show,
BR10371,B01882,R03695,5000,30,Checked-Out,4
BR10372,B08386,R03700,3350,0,Checked-Out,5
BR10373,B09827,R03668,6900,5,Checked-Out,4
BR10374,B03754,R03683,6750,30,Checked-Out,5
BR10375,B08323,R03703,2450,10,Checked-Out,4
BR10376,B01215,R03705,4400,25,Checked-Out,4
BR10377,B02080,R03691,7050,5,Cancelled,
BR10378,B02080,R03702,7500,5,Cancelled,
BR10379,B02080,R03714,8750,20,Cancelled,
BR10380,B01053,R03737,8300,0,Checked-Out,4
BR10381,B02268,R03741,10200,0,Checked-Out,2
BR10382,B02268,R03742,10000,15,Checked-Out,5
BR10383,B03099,R03789,6700,0,Checked-Out,5
BR10384,B06456,R03791,5350,25,Checked-Out,5
BR10385,B00019,R03678,8500,5,Cancelled,
BR10386,B04133,R03745,8200,0,No-Show,
BR10387,B05661,R03678,9450,0,Cancelled,
BR10388,B07184,R03794,4950,25,Checked-Out,4
BR10389,B08106,R03745,8000,10,Checked-Out,4
BR10390,B07746,R03678,9000,20,Cancelled,
BR10391,B01501,R03706,4550,0,Checked-Out,5
BR10392,B07629,R03797,7300,10,Checked-Out,3
BR10393,B00183,R03707,3600,10,No-Show,
BR10394,B03706,R03799,6500,10,Cancelled,
BR10395,B03706,R03800,5000,15,Cancelled,
BR10396,B00501,R03799,6550,0,Cancelled,
BR10397,B00927,R03852,6300,5,Checked-Out,3
BR10398,B05342,R03678,9550,0,Checked-Out,3
BR10399,B06430,R03799,6250,0,Checked-Out,4
BR10400,B08394,R03696,8900,10,Checked-Out,3
BR10401,B09002,R03707,3950,10,No-Show,
BR10402,B09002,R03709,4600,5,No-Show,
BR10403,B00991,R03757,8950,5,Checked-Out,5
BR10404,B03320,R03759,6550,10,Checked-Out,3
BR10405,B06612,R03707,3950,0,Checked-Out,4
BR10406,B06612,R03709,4700,0,Checked-Out,1
BR10407,B07692,R03698,9750,15,Checked-Out,5
BR10408,B01489,R03711,4450,0,Checked-Out,5
BR10409,B03393,R03760,9900,0,Checked-Out,3
BR10410,B09048,R03761,7000,5,Checked-Out,5
BR10411,B03981,R03800,3600,0,Checked-Out,3
BR10412,B02566,R03712,2550,10,Checked-Out,2
BR10413,B02566,R03717,3550,20,Checked-Out,3
BR10414,B03264,R03856,6550,10,Checked-Out,4
BR10415,B08722,R03802,4300,15,Checked-Out,4
BR10416,B06648,R03716,3650,5,Checked-Out,5
BR10417,B08291,R03765,9250,10,Checked-Out,2
BR10418,B09174,R03726,3850,15,Checked-Out,4
BR10419,B03396,R03732,3700,5,Checked-Out,3
BR10420,B06087,R03733,4350,15,Checked-Out,4
BR10421,B09331,R03736,4050,20,Checked-Out,3
BR10422,B00553,R03804,5500,5,Cancelled,
BR10423,B04557,R03738,2850,5,Checked-Out,4
BR10424,B07076,R03772,6850,0,Checked-Out,3
BR10425,B07076,R03691,6300,10,Checked-Out,3
BR10426,B01495,R03775,7500,5,No-Show,
BR10427,B01495,R03780,8100,5,No-Show,
BR10428,B02675,R03804,5100,10,Checked-Out,4
BR10429,B03084,R03743,2950,15,Checked-Out,4
BR10430,B03084,R03749,2850,5,Checked-Out,4
BR10431,B03084,R03751,3750,10,Checked-Out,4
BR10432,B03084,R03752,3900,25,Checked-Out,5
BR10433,B04663,R03805,5400,0,Checked-Out,4
BR10434,B04663,R03807,6650,5,Checked-Out,5
BR10435,B06615,R03808,5150,0,Checked-Out,4
BR10436,B06615,R03775,7400,0,Checked-Out,5
BR10437,B01173,R03756,4850,5,Checked-Out,3
BR10438,B01173,R03763,4600,0,Checked-Out,3
BR10439,B01173,R03764,4700,0,Checked-Out,4
BR10440,B04688,R03780,8400,5,Checked-Out,4
BR10441,B04688,R03781,6900,15,Checked-Out,5
BR10442,B04790,R03787,7500,15,Checked-Out,3
BR10443,B04790,R03792,7300,15,Checked-Out,3
BR10444,B07461,R03809,5700,0,Checked-Out,4
BR10445,B07476,R03812,5850,0,Checked-Out,5
BR10446,B07862,R03828,6700,0,Checked-Out,5
BR10447,B07862,R03817,5750,0,Checked-Out,4
BR10448,B09207,R03773,5200,10,Cancelled,
BR10449,B01740,R03773,4050,10,Checked-Out,3
BR10450,B01740,R03777,3600,0,Checked-Out,5
BR10451,B01999,R03801,3050,15,No-Show,
BR10452,B05478,R03793,5000,10,No-Show,
BR10453,B08811,R03861,6850,0,Checked-Out,4
BR10454,B08811,R03801,3350,5,Checked-Out,5
BR10455,B09539,R03793,5300,15,Checked-Out,4
BR10456,B01127,R03806,4200,0,Checked-Out,4
BR10457,B01746,R03819,4000,0,Checked-Out,5
BR10458,B01746,R03795,6100,10,Checked-Out,4
BR10459,B05630,R03811,3400,15,Checked-Out,5
BR10460,B08046,R03823,5200,10,Checked-Out,4
BR10461,B06315,R03985,5350,5,Checked-Out,5
BR10462,B04910,R03973,6200,10,Checked-Out,4
BR10463,B05030,R03971,3550,15,Checked-Out,4
BR10464,B02640,R03975,3400,5,Checked-Out,4
BR10465,B00888,R03976,6450,10,Checked-Out,4
BR10466,B00989,R03989,12300,10,Checked-Out,5
BR10467,B00989,R03972,2750,5,Checked-Out,5
BR10468,B00989,R03977,4900,5,Checked-Out,4
BR10469,B04338,R03978,5950,20,No-Show,
BR10470,B07295,R03978,5650,10,Checked-Out,4
BR10471,B07295,R03979,4800,10,Checked-Out,5
BR10472,B07295,R03982,6950,10,Checked-Out,3
BR10473,B01870,R03983,4350,5,Cancelled,
BR10474,B04059,R03987,7050,15,Checked-Out,4
BR10475,B06091,R03994,11150,0,Cancelled,
BR10476,B08234,R03994,8600,0,Checked-Out,4
BR10477,B07528,R03988,9800,15,Checked-Out,4
BR10478,B06478,R03984,6900,20,Checked-Out,4
BR10479,B09252,R03993,8950,5,Checked-Out,4
BR10480,B00454,R04001,7050,10,Checked-Out,3
BR10481,B09989,R04012,4450,10,No-Show,
BR10482,B04735,R03983,4650,0,Checked-Out,3
BR10483,B04030,R03974,3900,10,Checked-Out,4
BR10484,B07340,R04003,6750,20,Checked-Out,2
BR10485,B03611,R03980,3700,10,Checked-Out,5
BR10486,B06577,R03981,3550,10,No-Show,
BR10487,B06577,R03992,2400,20,No-Show,
BR10488,B09635,R03981,5400,15,Checked-Out,5
BR10489,B09680,R03986,5200,5,Checked-Out,4
BR10490,B09892,R04013,6550,20,Checked-Out,5
BR10491,B08544,R04014,8050,15,Cancelled,
BR10492,B02507,R03992,3750,0,Checked-Out,5
BR10493,B02507,R04002,3750,20,Checked-Out,5
BR10494,B09988,R03999,4900,25,Checked-Out,3
BR10495,B09988,R03990,4700,15,Checked-Out,4
BR10496,B02506,R04014,8000,0,Checked-Out,3
BR10497,B01451,R04012,5900,5,Cancelled,
BR10498,B05155,R03991,4100,0,Checked-Out,5
BR10499,B04925,R04023,8500,10,Cancelled,
BR10500,B00102,R03995,4850,0,Cancelled,
BR10501,B07240,R04016,8850,0,Checked-Out,4
BR10502,B00108,R04017,6900,15,Checked-Out,4
BR10503,B00108,R04021,8550,0,Checked-Out,4
BR10504,B02557,R04015,11350,15,Checked-Out,3
BR10505,B01472,R04004,3150,0,Checked-Out,4
BR10506,B09731,R04022,8350,0,Checked-Out,5
BR10507,B09121,R03995,4250,15,Cancelled,
BR10508,B09886,R04032,11350,5,Cancelled,
BR10509,B00089,R04032,10500,20,Checked-Out,3
BR10510,B09228,R04006,4100,0,Checked-Out,5
BR10511,B05971,R03995,3850,5,Checked-Out,5
BR10512,B00067,R04038,9100,15,Checked-Out,4
BR10513,B05776,R04027,7050,0,Checked-Out,4
BR10514,B07919,R04047,9500,0,Checked-Out,5
BR10515,B04385,R04008,2550,0,Checked-Out,5
BR10516,B03263,R04012,4900,0,Checked-Out,4
BR10517,B00811,R04009,3050,10,Checked-Out,3
BR10518,B04311,R03996,4400,0,Checked-Out,5
BR10519,B09859,R04018,2300,0,Checked-Out,4
BR10520,B09346,R04019,2350,0,Checked-Out,4
BR10521,B01007,R04029,6350,20,Cancelled,
BR10522,B02414,R04029,6800,0,Checked-Out,4
BR10523,B09912,R04020,3200,10,Checked-Out,4
BR10524,B03743,R03997,4950,15,Checked-Out,4
BR10525,B01839,R03998,5650,30,No-Show,
BR10526,B01839,R04030,8600,0,No-Show,
BR10527,B05596,R03998,5000,5,Checked-Out,5
BR10528,B06156,R04024,2550,5,Checked-Out,5
BR10529,B04071,R04000,4100,0,Checked-Out,4
BR10530,B07450,R04030,8300,15,Checked-Out,3
BR10531,B04508,R04028,5150,0,Checked-Out,4
BR10532,B04508,R04049,6050,15,Checked-Out,4
BR10533,B08682,R04031,7950,10,Checked-Out,1
BR10534,B08682,R04005,6050,25,Checked-Out,3
BR10535,B03011,R04007,4350,10,Checked-Out,4
BR10536,B03075,R04025,4000,0,Checked-Out,4
BR10537,B01485,R04063,9350,0,Checked-Out,4
BR10538,B07074,R04062,4650,20,Checked-Out,4
BR10539,B08523,R04039,6400,15,Checked-Out,4
BR10540,B08523,R04040,7000,0,Checked-Out,3
BR10541,B08960,R04010,4600,5,Checked-Out,3
BR10542,B08960,R04011,5000,10,Checked-Out,4
BR10543,B01851,R04023,7500,15,Cancelled,
BR10544,B08691,R04106,12150,10,Checked-Out,4
BR10545,B00803,R04033,4400,5,Checked-Out,3
BR10546,B07343,R04042,6350,0,Checked-Out,4
BR10547,B07343,R04043,6150,5,Checked-Out,4
BR10548,B03788,R04026,3750,10,Checked-Out,4
BR10549,B05395,R04048,5350,10,Checked-Out,4
BR10550,B05395,R04050,6250,0,Checked-Out,4
BR10551,B05395,R04056,5700,5,Checked-Out,4
BR10552,B05395,R04059,4900,0,Checked-Out,4
BR10553,B01244,R04064,5000,0,Checked-Out,5
BR10554,B09156,R04034,3650,0,Checked-Out,4
BR10555,B04815,R04036,4000,5,Checked-Out,5
BR10556,B03797,R04046,2650,10,Checked-Out,5
BR10557,B05129,R04051,3000,5,Checked-Out,5
BR10558,B01166,R04052,3700,10,Checked-Out,4
BR10559,B03256,R04035,5450,10,Checked-Out,5
BR10560,B09656,R04041,4250,10,Checked-Out,4
BR10561,B09656,R04044,4050,10,Checked-Out,5
BR10562,B04377,R04053,3900,0,Checked-Out,5
BR10563,B04377,R04054,4550,20,Checked-Out,3
BR10564,B07451,R04065,8000,5,Checked-Out,4
BR10565,B05679,R04055,6350,0,Checked-Out,5
BR10566,B00303,R04066,5100,0,Checked-Out,5
BR10567,B04123,R04060,3350,0,Checked-Out,4
BR10568,B09347,R04057,4850,0,Checked-Out,5
BR10569,B03210,R04070,4150,0,Checked-Out,5
BR10570,B03210,R04058,6300,5,Checked-Out,3
BR10571,B09725,R04068,8550,5,Checked-Out,4
BR10572,B05972,R04069,7050,30,Checked-Out,3
BR10573,B08381,R04061,3300,10,Checked-Out,4
BR10574,B09788,R04071,4000,25,Checked-Out,5
BR10575,B07394,R04074,6750,10,Checked-Out,2
BR10576,B01135,R04078,4550,5,Checked-Out,3
BR10577,B01135,R04083,4000,15,Checked-Out,5
BR10578,B01852,R04073,9400,5,Checked-Out,4
BR10579,B05356,R04075,6600,5,Checked-Out,3
BR10580,B06009,R04090,4050,20,Checked-Out,4
BR10581,B04035,R04023,7850,5,Checked-Out,4
BR10582,B09340,R04091,4100,10,Checked-Out,4
BR10583,B03001,R04110,8700,20,Checked-Out,5
BR10584,B08269,R04081,6050,0,Checked-Out,4
BR10585,B03257,R04084,6900,5,Checked-Out,4
BR10586,B03257,R04088,4950,0,Checked-Out,2
BR10587,B09476,R04076,7100,0,Checked-Out,4
BR10588,B03707,R04093,3750,0,Checked-Out,5
BR10589,B00304,R04097,2850,0,Checked-Out,4
BR10590,B01029,R04092,5050,0,Checked-Out,3
BR10591,B04223,R04103,7500,10,Checked-Out,3
BR10592,B05332,R04118,3000,0,Checked-Out,5
BR10593,B06542,R04077,8300,10,Cancelled,
BR10594,B02346,R04120,5550,15,Checked-Out,4
BR10595,B03060,R04077,6150,15,Cancelled,
BR10596,B08716,R04077,7700,5,Checked-Out,4
BR10597,B08716,R04080,9650,0,Checked-Out,4
BR10598,B09473,R04067,6000,10,Checked-Out,5
BR10599,B03146,R04102,2900,20,Checked-Out,5
BR10600,B03146,R04085,6750,0,Checked-Out,3
BR10601,B07498,R04108,5200,10,Cancelled,
BR10602,B09729,R04089,6300,0,Checked-Out,4
BR10603,B05226,R04128,5350,15,Checked-Out,4
BR10604,B02291,R04130,6000,5,Checked-Out,4
BR10605,B03829,R04108,4500,0,Checked-Out,4
BR10606,B07440,R04142,4800,0,Checked-Out,5
BR10607,B07669,R04112,11900,0,Checked-Out,3
BR10608,B02977,R04149,5000,10,Checked-Out,3
BR10609,B08991,R04153,4450,5,Checked-Out,5
BR10610,B07741,R04155,4800,5,Checked-Out,5
BR10611,B04426,R04094,5700,5,Checked-Out,5
BR10612,B03353,R04158,4350,10,Checked-Out,4
BR10613,B02672,R04160,6350,25,Checked-Out,4
BR10614,B05611,R04082,5250,5,Checked-Out,4
BR10615,B02611,R04170,6400,5,Checked-Out,4
BR10616,B08753,R04111,3150,0,Checked-Out,4
BR10617,B00643,R04037,5500,15,Checked-Out,5
BR10618,B00953,R04171,7300,0,Checked-Out,4
BR10619,B02332,R04116,4550,15,Checked-Out,4
BR10620,B05518,R04119,3150,0,Checked-Out,5
BR10621,B01873,R04096,7150,5,Checked-Out,4
BR10622,B08901,R04098,6850,20,Checked-Out,4
BR10623,B06175,R04122,3350,20,Checked-Out,2
BR10624,B00072,R04045,9400,10,Cancelled,
BR10625,B07865,R04127,3250,20,Checked-Out,5
BR10626,B07865,R04131,3700,10,Checked-Out,4
BR10627,B01342,R04087,6200,10,Checked-Out,5
BR10628,B06545,R04105,5500,10,No-Show,
BR10629,B06545,R04113,7900,0,No-Show,
BR10630,B09307,R04099,8950,15,Checked-Out,5
BR10631,B00083,R04133,3550,10,Checked-Out,4
BR10632,B00083,R04138,3500,15,Checked-Out,5
BR10633,B06870,R04100,9150,10,Checked-Out,4
BR10634,B05774,R04180,6550,5,Checked-Out,3
BR10635,B07099,R04150,3400,0,Checked-Out,4
BR10636,B06740,R04186,5550,0,Checked-Out,3
BR10637,B08619,R04152,3350,0,Checked-Out,4
BR10638,B07667,R04105,5550,20,Cancelled,
BR10639,B09937,R04105,5150,0,Cancelled,
BR10640,B09937,R04187,7000,20,Cancelled,
BR10641,B09937,R04192,5950,0,Cancelled,
BR10642,B07620,R04157,4250,10,Checked-Out,5
BR10643,B08789,R04187,7350,10,Checked-Out,5
BR10644,B05570,R04192,5750,0,Checked-Out,3
BR10645,B05729,R04045,7800,15,Checked-Out,5
BR10646,B05729,R04072,7700,30,Checked-Out,3
BR10647,B05729,R04079,5800,0,Checked-Out,3
BR10648,B01669,R04101,5950,5,Checked-Out,4
BR10649,B04346,R04161,2850,5,Checked-Out,5
BR10650,B01788,R04164,3250,15,Checked-Out,4
BR10651,B05000,R04107,8050,10,Checked-Out,4
BR10652,B03374,R04086,5250,10,Checked-Out,4
BR10653,B03374,R04095,5150,0,Checked-Out,4
BR10654,B08412,R04200,4500,30,Checked-Out,4
BR10655,B06467,R04202,4000,10,No-Show,
BR10656,B06116,R04202,5900,20,Checked-Out,4
BR10657,B00585,R04104,7750,15,Cancelled,
BR10658,B03937,R04115,13550,20,Checked-Out,4
BR10659,B08434,R04207,6450,0,Checked-Out,3
BR10660,B01515,R04209,6450,10,Checked-Out,4
BR10661,B01515,R04216,6100,5,Checked-Out,5
BR10662,B04888,R04222,5700,0,Cancelled,
BR10663,B03005,R04109,8300,15,Checked-Out,4
BR10664,B03005,R04105,5250,10,Checked-Out,5
BR10665,B04861,R04172,2650,0,Checked-Out,4
BR10666,B04857,R04222,5850,0,Checked-Out,5
BR10667,B09936,R04174,2650,5,No-Show,
BR10668,B08748,R04113,8050,10,Checked-Out,5
BR10669,B03211,R04174,3000,5,Checked-Out,4
BR10670,B03223,R04123,5400,0,Checked-Out,4
BR10671,B03038,R04104,7700,10,Checked-Out,3
BR10672,B03038,R04139,7200,15,Checked-Out,5
BR10673,B04228,R04114,6750,0,Checked-Out,5
BR10674,B06794,R04225,4400,0,Cancelled,
BR10675,B06794,R04178,4400,5,Cancelled,
BR10676,B05814,R04121,7300,15,Checked-Out,5
BR10677,B09622,R04225,3450,5,Checked-Out,4
BR10678,B01211,R04178,4600,0,Checked-Out,5
BR10679,B04019,R04168,5600,5,Checked-Out,5
BR10680,B04019,R04169,5100,0,Checked-Out,5
BR10681,B04019,R04188,4500,5,Checked-Out,4
BR10682,B04373,R04117,5100,10,Cancelled,
BR10683,B09850,R04134,7350,0,Checked-Out,5
BR10684,B05353,R04181,4450,0,Checked-Out,5
BR10685,B00969,R04117,5700,15,Checked-Out,5
BR10686,B00969,R04124,7650,10,Checked-Out,5
BR10687,B05431,R04182,4150,5,Cancelled,
BR10688,B05431,R04185,4150,0,Cancelled,
BR10689,B09375,R04182,3900,0,Checked-Out,4
BR10690,B07648,R04185,3650,0,No-Show,
BR10691,B07648,R04194,2850,0,No-Show,
BR10692,B07648,R04196,3650,0,No-Show,
BR10693,B07648,R04197,3450,15,No-Show,
BR10694,B08422,R04227,5400,0,Checked-Out,3
BR10695,B01871,R04235,3750,5,Checked-Out,4
BR10696,B06717,R04243,5350,0,Checked-Out,5
BR10697,B07306,R04185,3950,15,Checked-Out,5
BR10698,B05405,R04194,2850,0,Checked-Out,3
BR10699,B05833,R04196,3900,10,Checked-Out,4
BR10700,B09181,R04197,3700,20,Checked-Out,4
BR10701,B04853,R04125,7250,10,Checked-Out,5
BR10702,B04853,R04126,8300,15,Checked-Out,4
BR10703,B04853,R04129,5600,15,Checked-Out,4
BR10704,B05738,R04141,8050,0,Checked-Out,4
BR10705,B07980,R04244,3100,0,Checked-Out,3
BR10706,B03260,R04245,5400,0,Checked-Out,4
BR10707,B03276,R04143,7400,0,Checked-Out,4
BR10708,B01881,R04248,4550,15,Cancelled,
BR10709,B01881,R04250,6000,5,Cancelled,
BR10710,B05457,R04248,4400,5,Checked-Out,4
BR10711,B07313,R04132,8000,15,No-Show,
BR10712,B00274,R04250,5300,5,Checked-Out,4
BR10713,B08164,R04203,4150,20,Checked-Out,4
BR10714,B07670,R04144,7100,25,Checked-Out,5
BR10715,B03662,R04251,4000,0,Cancelled,
BR10716,B03662,R04253,4500,5,Cancelled,
BR10717,B06862,R04205,3900,5,Checked-Out,4
BR10718,B04335,R04251,5100,10,Checked-Out,3
BR10719,B07914,R04136,8150,0,Checked-Out,4
BR10720,B00391,R04211,3150,0,Checked-Out,3
BR10721,B00391,R04218,2600,15,Checked-Out,5
BR10722,B00391,R04219,3100,10,Checked-Out,4
BR10723,B05924,R04147,6750,20,Checked-Out,4
BR10724,B05924,R04148,5150,10,Checked-Out,4
BR10725,B01452,R04220,3800,5,No-Show,
BR10726,B01452,R04221,2300,0,No-Show,
BR10727,B01452,R04223,2950,15,No-Show,
BR10728,B02764,R04220,3800,20,Checked-Out,2
BR10729,B06588,R04253,5050,0,Checked-Out,4
BR10730,B08332,R04137,7600,10,Checked-Out,4
BR10731,B04348,R04221,2350,0,Checked-Out,5
BR10732,B04348,R04223,2550,10,Checked-Out,4
BR10733,B03795,R04151,5300,15,No-Show,
BR10734,B06443,R04233,2150,0,Checked-Out,4
BR10735,B03179,R04256,4250,10,Checked-Out,5
BR10736,B09794,R04237,3400,20,Checked-Out,4
BR10737,B09315,R04238,2850,20,Checked-Out,1
BR10738,B03599,R04259,4650,15,Checked-Out,5
BR10739,B04886,R04239,3000,5,Checked-Out,4
BR10740,B00394,R04255,3900,15,Checked-Out,4
BR10741,B05760,R04132,7550,0,Checked-Out,4
BR10742,B08229,R04262,4300,5,Checked-Out,4
BR10743,B02523,R04151,5950,5,Checked-Out,4
BR10744,B02523,R04162,8400,10,Checked-Out,4
BR10745,B00904,R04135,5600,20,Cancelled,
BR10746,B09568,R04257,3150,20,Checked-Out,5
BR10747,B05073,R04263,3000,0,Checked-Out,4
BR10748,B06816,R04268,5950,10,Checked-Out,5
BR10749,B02112,R04166,6100,0,Cancelled,
BR10750,B02112,R04176,5700,0,Cancelled,
BR10751,B04664,R03973,5000,0,No-Show,
BR10752,B07899,R03973,6100,30,Checked-Out,5
BR10753,B07899,R03975,4250,15,Checked-Out,3
BR10754,B07899,R03978,5000,0,Checked-Out,3
BR10755,B04871,R04266,3550,0,Cancelled,
BR10756,B04871,R04270,4050,10,Cancelled,
BR10757,B04871,R03971,3350,5,Cancelled,
BR10758,B08633,R04166,6150,10,Checked-Out,5
BR10759,B06653,R04176,5400,0,Checked-Out,5
BR10760,B07035,R04177,8400,0,Checked-Out,5
BR10761,B07035,R03979,4100,10,Checked-Out,4
BR10762,B08648,R03982,6250,0,No-Show,
BR10763,B00830,R03982,4650,25,Checked-Out,3
BR10764,B07198,R04266,2700,30,Cancelled,
BR10765,B08699,R04189,5300,10,Checked-Out,4
BR10766,B03521,R04179,5750,5,Checked-Out,5
BR10767,B08732,R04135,6950,10,Checked-Out,5
BR10768,B08732,R04140,6600,10,Checked-Out,5
BR10769,B06746,R04266,3350,0,Checked-Out,4
BR10770,B02768,R03977,3350,0,Checked-Out,3
BR10771,B05416,R04270,3500,10,Cancelled,
BR10772,B08927,R03983,4050,0,Checked-Out,5
BR10773,B04060,R03986,5750,5,Checked-Out,5
BR10774,B00100,R04184,6050,5,Checked-Out,5
BR10775,B00100,R04193,5900,10,Checked-Out,4
BR10776,B00100,R04195,7400,5,Checked-Out,5
BR10777,B00100,R03990,4450,0,Checked-Out,5
BR10778,B04208,R04199,5400,0,Checked-Out,4
BR10779,B02803,R04270,3600,0,Checked-Out,5
BR10780,B02803,R03991,3750,15,Checked-Out,5
BR10781,B05881,R03995,4350,0,Checked-Out,4
BR10782,B05619,R04145,9300,10,Checked-Out,4
BR10783,B04969,R04198,7700,0,Checked-Out,5
BR10784,B04969,R04201,7450,5,Checked-Out,5
BR10785,B05622,R04165,9150,0,Cancelled,
BR10786,B05622,R03971,3300,10,Cancelled,
BR10787,B08872,R04204,6150,0,Checked-Out,3
BR10788,B08703,R04146,7100,10,Checked-Out,3
BR10789,B05653,R03971,3100,15,Checked-Out,4
BR10790,B08937,R03996,4100,10,No-Show,
BR10791,B01057,R03972,2350,0,Checked-Out,5
BR10792,B01057,R03996,4600,15,Checked-Out,4
BR10793,B00466,R03997,5600,5,Checked-Out,4
BR10794,B02552,R04154,6500,5,Checked-Out,5
BR10795,B07621,R04212,7400,10,Checked-Out,5
BR10796,B07621,R03998,4700,30,Checked-Out,4
BR10797,B07621,R04000,3950,5,Checked-Out,4
BR10798,B07621,R04007,4350,10,Checked-Out,4
BR10799,B06693,R03974,2950,0,Cancelled,
BR10800,B07933,R03974,2950,10,Checked-Out,3
BR10801,B07933,R03980,3700,0,Checked-Out,4
BR10802,B06569,R04206,7250,10,Checked-Out,3
BR10803,B00333,R04214,5050,0,Checked-Out,4
BR10804,B08623,R04213,8400,10,No-Show,
BR10805,B00598,R04213,7500,0,Checked-Out,4
BR10806,B03938,R04005,6100,10,Checked-Out,2
BR10807,B04710,R04156,7050,5,Checked-Out,5
BR10808,B04710,R04159,7200,0,Checked-Out,2
BR10809,B05243,R04165,7400,0,Checked-Out,4
BR10810,B05243,R04183,7300,0,Checked-Out,4
BR10811,B00776,R04010,4100,5,Checked-Out,2
BR10812,B05180,R03981,4500,0,Checked-Out,5
BR10813,B09437,R04215,7300,0,Checked-Out,4
BR10814,B09437,R04217,7800,25,Checked-Out,4
BR10815,B06882,R04224,5750,5,Checked-Out,4
BR10816,B04765,R04011,6200,10,Checked-Out,4
BR10817,B05834,R04033,5150,0,Checked-Out,3
BR10818,B03062,R04229,8100,0,Checked-Out,3
BR10819,B05208,R04163,7300,0,Checked-Out,4
BR10820,B01142,R04167,6750,10,Checked-Out,4
BR10821,B01888,R04231,8350,10,Checked-Out,5
BR10822,B09860,R04041,5450,0,Checked-Out,5
BR10823,B09860,R04044,4950,5,Checked-Out,4
BR10824,B00170,R04035,5700,5,Checked-Out,5
BR10825,B09604,R04053,4950,0,Cancelled,
BR10826,B06613,R04232,7850,0,Checked-Out,2
BR10827,B05268,R04234,9050,20,Checked-Out,4
BR10828,B02160,R04236,6450,10,Checked-Out,4
BR10829,B02160,R04241,5750,0,Checked-Out,4
BR10830,B09036,R04240,14250,0,Checked-Out,4
BR10831,B09036,R04053,5000,15,Checked-Out,4
BR10832,B08344,R04173,6950,0,Checked-Out,4
BR10833,B02386,R04175,8100,0,Checked-Out,3
BR10834,B01370,R04190,5250,5,Checked-Out,4
BR10835,B02456,R04247,6500,15,Cancelled,
BR10836,B00763,R03992,2400,5,Checked-Out,5
BR10837,B09157,R04054,5100,0,Checked-Out,2
BR10838,B07332,R04191,9000,5,Checked-Out,3
BR10839,B00144,R04055,7150,20,Checked-Out,5
BR10840,B05156,R04057,4300,0,Cancelled,
BR10841,B06201,R04002,3300,0,Checked-Out,4
BR10842,B06201,R04004,4500,10,Checked-Out,5
BR10843,B03156,R04242,15150,20,Checked-Out,4
BR10844,B02484,R04247,8700,10,Checked-Out,5
BR10845,B07400,R04226,8100,5,Checked-Out,4
BR10846,B07400,R04228,6550,5,Checked-Out,5
BR10847,B04092,R04254,5000,10,Cancelled,
BR10848,B05415,R04208,5700,5,Checked-Out,5
BR10849,B06516,R04057,4000,0,Checked-Out,5
BR10850,B05040,R04006,4400,0,Checked-Out,5
BR10851,B06503,R04008,3300,0,Checked-Out,5
BR10852,B06503,R04009,3350,0,Checked-Out,5
BR10853,B06503,R04018,2800,5,Checked-Out,3
BR10854,B06665,R04254,6750,10,Checked-Out,4
BR10855,B00924,R04058,6200,5,Checked-Out,4
BR10856,B07897,R04019,2950,5,Checked-Out,5
BR10857,B04953,R04020,4750,5,Checked-Out,5
BR10858,B09873,R04258,8100,5,Checked-Out,5
BR10859,B04039,R04260,8200,0,Checked-Out,3
BR10860,B06642,R04024,2650,5,Checked-Out,3
BR10861,B02724,R04025,4200,5,Checked-Out,4
BR10862,B04704,R04026,3700,15,Cancelled,
BR10863,B01049,R04246,7600,15,Checked-Out,5
BR10864,B01049,R04249,12800,5,Checked-Out,4
BR10865,B06155,R04265,10750,5,Checked-Out,4
BR10866,B03585,R04026,3900,15,Checked-Out,3
BR10867,B01848,R04061,4950,10,Checked-Out,4
BR10868,B04398,R04034,4250,15,No-Show,
BR10869,B04805,R04261,5050,15,Checked-Out,3
BR10870,B07721,R04267,11750,0,Cancelled,
BR10871,B09265,R04034,3900,20,Checked-Out,4
BR10872,B01539,R03976,6650,5,Checked-Out,4
BR10873,B01539,R04267,12650,10,Checked-Out,4
BR10874,B04882,R04036,4400,5,Checked-Out,4
BR10875,B06375,R04074,6350,15,Checked-Out,2
BR10876,B06375,R04075,6500,5,Checked-Out,4
BR10877,B08906,R04051,3250,15,Cancelled,
BR10878,B07347,R03988,7250,10,Checked-Out,4
BR10879,B04142,R04081,5800,10,Checked-Out,4
BR10880,B04142,R04084,6650,0,Checked-Out,3
BR10881,B05912,R04051,3350,0,Checked-Out,4
BR10882,B01064,R03989,11650,5,Checked-Out,5
BR10883,B01064,R04046,3150,0,Checked-Out,3
BR10884,B04303,R04088,3650,5,Checked-Out,4
BR10885,B04303,R04092,4400,20,Checked-Out,5
BR10886,B04303,R04118,3850,0,Checked-Out,4
BR10887,B04303,R04103,5450,5,Checked-Out,5
BR10888,B00907,R04052,4000,0,Checked-Out,2
BR10889,B00342,R04120,5150,0,Checked-Out,4
BR10890,B06219,R04128,6350,15,Checked-Out,5
BR10891,B01651,R04130,6550,10,Checked-Out,4
BR10892,B09341,R04060,2700,0,Checked-Out,4
BR10893,B09341,R04070,3900,5,Checked-Out,5
BR10894,B07518,R03993,8550,5,Checked-Out,4
BR10895,B08831,R04142,5150,15,Cancelled,
BR10896,B03720,R04210,7150,5,Cancelled,
BR10897,B01880,R04001,6600,30,Checked-Out,4
BR10898,B04553,R04071,2900,0,No-Show,
BR10899,B08701,R04003,5800,10,Cancelled,
BR10900,B08701,R04013,6650,10,Cancelled,
BR10901,B08756,R04142,4200,10,Cancelled,
BR10902,B00594,R04071,4250,25,Checked-Out,4
BR10903,B05432,R03984,7000,5,Checked-Out,4
BR10904,B00963,R04003,6600,5,Checked-Out,5
BR10905,B00963,R04013,8650,0,Checked-Out,4
BR10906,B07235,R04142,5250,0,Checked-Out,4
BR10907,B07235,R04155,4450,5,Checked-Out,4
BR10908,B07454,R04210,6800,25,Checked-Out,4
BR10909,B05041,R04078,3500,10,Checked-Out,4
BR10910,B01560,R03999,5250,20,Cancelled,
BR10911,B03039,R04014,6400,0,Checked-Out,4
BR10912,B05519,R04149,6850,5,Checked-Out,3
BR10913,B07821,R04016,9150,0,Checked-Out,3
BR10914,B05486,R04017,7900,0,Checked-Out,5
BR10915,B05486,R04021,8500,0,Checked-Out,4
BR10916,B05874,R04230,4950,10,Checked-Out,5
BR10917,B08333,R04083,3300,0,Checked-Out,4
BR10918,B03744,R04153,4950,15,Checked-Out,4
BR10919,B06291,R04090,3750,20,Checked-Out,3
BR10920,B00070,R04158,5100,15,Checked-Out,4
BR10921,B02924,R04022,8650,15,Checked-Out,5
BR10922,B03444,R04091,2850,5,No-Show,
BR10923,B03444,R04093,3300,5,No-Show,
BR10924,B08105,R04160,6750,0,Checked-Out,5
BR10925,B06941,R04027,5950,10,Checked-Out,4
BR10926,B00808,R04029,7450,0,Checked-Out,4
BR10927,B09293,R04091,4450,0,Checked-Out,3
BR10928,B09293,R04093,4700,15,Checked-Out,5
BR10929,B01071,R04170,6850,0,Checked-Out,5
BR10930,B02801,R04097,2700,0,Checked-Out,4
BR10931,B02610,R04102,3250,5,No-Show,
BR10932,B05967,R04030,9200,15,Checked-Out,4
BR10933,B09727,R04102,2300,10,Checked-Out,4
BR10934,B09727,R04171,4850,0,Checked-Out,5
BR10935,B09727,R04180,5050,10,Checked-Out,3
BR10936,B09727,R04108,3550,10,Checked-Out,4
BR10937,B08677,R04031,7700,5,Checked-Out,5
BR10938,B05046,R04186,6400,5,Checked-Out,4
BR10939,B07098,R04187,6550,10,Checked-Out,5
BR10940,B02330,R03994,12750,0,Cancelled,
BR10941,B02330,R04039,7100,15,Cancelled,
BR10942,B04867,R04252,8050,10,No-Show,
BR10943,B07973,R04252,8350,0,Checked-Out,4
BR10944,B07973,R04039,7800,0,Checked-Out,5
BR10945,B07973,R04040,7600,5,Checked-Out,5
BR10946,B07973,R04111,3450,5,Checked-Out,4
BR10947,B00455,R04192,4100,5,No-Show,
BR10948,B03426,R04116,4650,5,Checked-Out,5
BR10949,B03426,R04119,3350,0,Checked-Out,5
BR10950,B03426,R04122,3400,15,Checked-Out,3
BR10951,B05974,R04192,5300,0,Checked-Out,5
BR10952,B02841,R04042,8300,0,Checked-Out,3
BR10953,B00002,R04200,4100,0,Cancelled,
BR10954,B04751,R04127,2750,15,Checked-Out,5
BR10955,B00595,R04200,3600,25,Checked-Out,3
BR10956,B03354,R04202,4400,0,Checked-Out,5
BR10957,B04560,R04131,3750,0,Checked-Out,4
BR10958,B08978,R04209,6500,5,Checked-Out,4
BR10959,B08978,R04216,5650,0,Checked-Out,5
BR10960,B00362,R04133,4550,20,No-Show,
BR10961,B00362,R03999,7450,0,No-Show,
BR10962,B00362,R04023,7600,25,No-Show,
BR10963,B01151,R04264,7800,15,Checked-Out,5
BR10964,B04484,R04207,6350,20,Checked-Out,4
BR10965,B06260,R04222,5650,0,Checked-Out,4
BR10966,B07529,R04043,8050,10,Checked-Out,5
BR10967,B07529,R04048,6900,15,Checked-Out,5
BR10968,B01491,R04225,4000,10,No-Show,
BR10969,B03721,R04133,3400,5,Checked-Out,4
BR10970,B03079,R04225,5100,15,Checked-Out,3
BR10971,B01097,R04269,6000,10,Cancelled,
BR10972,B00823,R04138,4500,0,Checked-Out,5
BR10973,B02599,R03994,11900,20,Checked-Out,4
BR10974,B07161,R04269,6200,0,Checked-Out,3
BR10975,B07161,R03985,7050,25,Checked-Out,4
BR10976,B09342,R04243,5900,0,Checked-Out,5
BR10977,B05446,R04227,6350,5,Cancelled,
BR10978,B05458,R04152,4450,0,Checked-Out,4
BR10979,B05458,R04227,5700,25,Checked-Out,5
BR10980,B08088,R04050,9250,0,Cancelled,
BR10981,B08088,R04056,7250,0,Cancelled,
BR10982,B04185,R04235,3800,0,Checked-Out,3
BR10983,B05301,R04150,3250,0,Checked-Out,5
BR10984,B05301,R04157,3050,15,Checked-Out,5
BR10985,B00010,R04244,5350,0,Cancelled,
BR10986,B09365,R04244,4850,15,Checked-Out,4
BR10987,B03130,R04161,3550,25,Checked-Out,4
BR10988,B03176,R04050,9550,0,Checked-Out,5
BR10989,B00148,R04056,7700,20,Checked-Out,4
BR10990,B01132,R04245,5500,5,Checked-Out,4
BR10991,B01132,R04248,5200,0,Checked-Out,4
BR10992,B03433,R04250,6350,5,Checked-Out,3
BR10993,B02668,R04164,2450,15,Cancelled,
BR10994,B02668,R04172,3150,10,Cancelled,
BR10995,B05045,R03987,5900,10,Cancelled,
BR10996,B06085,R04251,5850,0,No-Show,
BR10997,B04000,R04251,5400,5,Checked-Out,4
BR10998,B04506,R04164,3650,10,Checked-Out,5
BR10999,B06223,R04172,4150,20,Checked-Out,3
BR11000,B02054,R04253,7250,10,Checked-Out,5
BR11001,B02054,R04174,2850,15,Checked-Out,4
BR11002,B02054,R04178,5350,10,Checked-Out,4
BR11003,B03512,R04256,5300,0,Checked-Out,3
BR11004,B01265,R03987,7750,0,No-Show,
BR11005,B07493,R04059,7150,10,Checked-Out,4
BR11006,B07493,R04065,9050,0,Checked-Out,5
BR11007,B02530,R04259,4900,10,Checked-Out,5
BR11008,B08680,R04262,4800,0,Checked-Out,5
BR11009,B01697,R04268,6700,5,Checked-Out,4
BR11010,B00167,R04181,3950,5,Checked-Out,4
BR11011,B05998,R03987,6200,5,Checked-Out,4
BR11012,B07401,R04182,3250,10,Checked-Out,4
BR11013,B09861,R04068,6550,15,Checked-Out,4
BR11014,B05978,R04196,4600,10,Checked-Out,3
BR11015,B06747,R03973,7150,0,Checked-Out,4
BR11016,B00456,R03975,4600,5,Checked-Out,4
BR11017,B00456,R03978,5800,20,Checked-Out,4
BR11018,B09655,R04185,4450,10,Checked-Out,4
BR11019,B05053,R03979,4300,5,Checked-Out,4
BR11020,B05053,R03982,7150,15,Checked-Out,4
BR11021,B02603,R03977,4600,15,Checked-Out,4
BR11022,B06590,R03983,4300,10,Checked-Out,4
BR11023,B07834,R04069,9450,0,No-Show,
BR11024,B01954,R04194,2250,5,Checked-Out,4
BR11025,B09910,R04197,3150,5,Checked-Out,3
BR11026,B05713,R04203,4550,10,Checked-Out,4
BR11027,B03837,R03999,6200,0,Checked-Out,5
BR11028,B08674,R04205,3950,0,Checked-Out,5
BR11029,B08674,R03986,5550,10,Checked-Out,2
BR11030,B04458,R04211,3050,5,Checked-Out,5
BR11031,B02981,R04012,4000,5,Checked-Out,4
BR11032,B00061,R04069,8100,5,Checked-Out,4
BR11033,B00061,R03990,5650,0,Checked-Out,3
BR11034,B07822,R04218,3000,5,Checked-Out,4
BR11035,B08326,R04015,12250,10,Checked-Out,5
BR11036,B08011,R04219,3150,15,Checked-Out,4
BR11037,B08508,R04073,8500,15,Checked-Out,4
BR11038,B02775,R04220,4000,0,Checked-Out,4
BR11039,B02775,R04221,2600,10,Checked-Out,3
BR11040,B04705,R04076,7900,5,Checked-Out,3
BR11041,B00502,R04223,2400,0,Checked-Out,4
BR11042,B00502,R04233,2200,5,Checked-Out,5
BR11043,B00502,R04237,2850,0,Checked-Out,4
BR11044,B09726,R04077,5450,0,Checked-Out,3
BR11045,B03567,R04238,2600,10,Checked-Out,3
BR11046,B09831,R04080,9250,5,Checked-Out,4
BR11047,B05246,R04032,11600,0,No-Show,
BR11048,B03307,R04085,6050,15,Checked-Out,4
BR11049,B04502,R03991,3950,15,Checked-Out,2
BR11050,B01435,R04028,4250,5,Checked-Out,4
BR11051,B04155,R03995,3850,20,Checked-Out,4
BR11052,B05739,R04239,2700,20,No-Show,
BR11053,B05739,R04255,3750,5,No-Show,
BR11054,B05749,R04023,6600,0,Checked-Out,4
BR11055,B00731,R04049,6700,0,Checked-Out,4
BR11056,B02954,R03996,3800,10,No-Show,
BR11057,B04632,R04239,2850,0,Checked-Out,5
BR11058,B04632,R04089,6850,10,Checked-Out,4
BR11059,B04632,R04255,3600,0,Checked-Out,4
BR11060,B04632,R04094,5200,15,Checked-Out,5
BR11061,B09115,R04257,3650,15,Checked-Out,5
BR11062,B02482,R04263,2650,15,Checked-Out,4
BR11063,B03440,R04062,4500,0,Cancelled,
BR11064,B08838,R04266,3600,20,Checked-Out,4
BR11065,B09938,R04270,3400,0,Checked-Out,5
BR11066,B05108,R04062,5250,0,Cancelled,
BR11067,B08202,R04098,5650,0,Checked-Out,2
BR11068,B03401,R03996,4450,0,Checked-Out,3
BR11069,B08914,R03997,5950,5,Checked-Out,4
BR11070,B09000,R03998,5000,10,Checked-Out,4
BR11071,B00278,R03971,3150,10,Checked-Out,4
BR11072,B01476,R04062,4750,30,Checked-Out,5
BR11073,B02256,R03972,2650,5,No-Show,
BR11074,B03442,R04000,3650,10,No-Show,
BR11075,B01927,R04096,6700,15,Checked-Out,3
BR11076,B09279,R04000,3800,15,Checked-Out,3
BR11077,B02417,R03972,2100,5,Checked-Out,4
BR11078,B02417,R03974,2800,0,Checked-Out,5
BR11079,B02978,R04007,4850,0,Checked-Out,5
BR11080,B02369,R04005,4750,5,Checked-Out,5
BR11081,B04001,R03980,3900,15,Checked-Out,4
BR11082,B08922,R04010,4800,0,Checked-Out,4
BR11083,B08922,R04011,5200,10,Checked-Out,5
BR11084,B03565,R04033,4200,0,Checked-Out,4
BR11085,B03565,R04099,7350,0,Checked-Out,3
BR11086,B01765,R04041,4700,5,Cancelled,
BR11087,B01948,R04032,10850,20,Checked-Out,4
BR11088,B06614,R04064,4750,0,Checked-Out,4
BR11089,B05323,R04066,5500,10,Checked-Out,5
BR11090,B07429,R04041,5050,15,Checked-Out,3
BR11091,B08395,R04044,4150,0,Checked-Out,5
BR11092,B04063,R04100,7650,20,Checked-Out,4
BR11093,B08678,R04101,6350,0,No-Show,
BR11094,B00503,R03981,3350,0,Checked-Out,3
BR11095,B00503,R04038,6700,10,Checked-Out,5
BR11096,B05181,R04035,4300,5,Checked-Out,5
BR11097,B05552,R04067,4950,0,Cancelled,
BR11098,B06418,R04047,9150,10,Checked-Out,3
BR11099,B08408,R04053,4200,0,Checked-Out,3
BR11100,B01581,R03992,2800,5,No-Show,
BR11101,B08803,R04037,4400,0,Checked-Out,5
BR11102,B08803,R04045,7300,5,Checked-Out,5
BR11103,B07121,R04054,4400,0,Checked-Out,4
BR11104,B07121,R04055,5050,0,Checked-Out,4
BR11105,B01693,R03992,3050,5,Checked-Out,5
BR11106,B02531,R04057,4400,10,Checked-Out,5
BR11107,B08014,R04101,6400,5,Checked-Out,5
BR11108,B07361,R04058,5850,10,Cancelled,
BR11109,B09264,R04063,9000,5,Checked-Out,4
BR11110,B05500,R04107,7000,5,Checked-Out,4
BR11111,B06691,R04058,5650,0,Checked-Out,3
BR11112,B09728,R04061,3450,5,Checked-Out,5
BR11113,B03679,R04074,5950,10,Checked-Out,5
BR11114,B03778,R04075,6450,20,Checked-Out,2
BR11115,B00392,R04109,7800,0,Checked-Out,4
BR11116,B03157,R04081,5650,5,Cancelled,
BR11117,B02337,R04081,5500,5,Checked-Out,4
BR11118,B02732,R04084,5100,15,Checked-Out,5
BR11119,B04323,R04088,4650,5,No-Show,
BR11120,B04323,R04092,5050,0,No-Show,
BR11121,B03839,R04002,2850,10,Checked-Out,3
BR11122,B06439,R04067,5300,10,Checked-Out,4
BR11123,B06942,R04114,7650,15,Checked-Out,4
BR11124,B00514,R04106,11250,0,Checked-Out,4
BR11125,B02982,R04004,4150,25,Checked-Out,4
BR11126,B00103,R04088,4350,0,Checked-Out,4
BR11127,B00405,R04082,6750,10,Checked-Out,2
BR11128,B05001,R04117,5550,10,Checked-Out,4
BR11129,B07966,R04092,4650,0,Checked-Out,4
BR11130,B02673,R04103,5000,0,Checked-Out,5
BR11131,B02673,R04118,3650,10,Checked-Out,4
BR11132,B02673,R04120,3900,10,Checked-Out,2
BR11133,B04304,R04128,4950,0,Checked-Out,3
BR11134,B07017,R04130,5800,15,Checked-Out,3
BR11135,B08793,R04124,7350,0,No-Show,
BR11136,B09990,R04124,8650,0,Checked-Out,2
BR11137,B09990,R04142,4550,0,Checked-Out,5
BR11138,B09990,R04155,3950,0,Checked-Out,4
BR11139,B01709,R04006,4100,10,Checked-Out,4
BR11140,B06606,R04008,2900,15,Checked-Out,3
BR11141,B01450,R04125,7600,0,Checked-Out,5
BR11142,B02066,R04072,7600,15,Checked-Out,5
BR11143,B06620,R04149,6000,0,Checked-Out,4
BR11144,B08097,R04126,8600,0,Checked-Out,4
BR11145,B05775,R04129,5050,5,Checked-Out,5
BR11146,B03665,R04009,3150,0,Checked-Out,4
BR11147,B08681,R04018,2550,0,Checked-Out,2
BR11148,B00666,R04019,2650,10,Cancelled,
BR11149,B05121,R04141,7400,0,Checked-Out,4
BR11150,B05121,R04079,5100,15,Checked-Out,5
BR11151,B07627,R04143,7800,5,Checked-Out,4
BR11152,B07535,R04153,5700,10,Checked-Out,5
BR11153,B00052,R04019,2200,15,Checked-Out,4
BR11154,B06791,R04158,3900,10,Checked-Out,5
BR11155,B00095,R04020,3400,10,Checked-Out,4
BR11156,B03289,R04087,7050,10,Checked-Out,5
BR11157,B08411,R04144,7950,10,Checked-Out,4
BR11158,B07484,R04160,5850,5,Checked-Out,5
BR11159,B04556,R04147,7550,0,Checked-Out,3
BR11160,B03345,R04170,6150,0,Checked-Out,4
BR11161,B04930,R04086,5750,0,Checked-Out,4
BR11162,B07718,R04148,6350,5,Checked-Out,5
BR11163,B07718,R04024,3350,0,Checked-Out,5
BR11164,B07718,R04025,3700,15,Checked-Out,5
BR11165,B02331,R04171,6200,20,Cancelled,
BR11166,B02418,R04151,5800,0,Checked-Out,4
BR11167,B03064,R04171,5750,0,Checked-Out,4
BR11168,B03274,R04026,3750,0,Checked-Out,3
BR11169,B06854,R04105,4800,20,Checked-Out,5
BR11170,B06854,R04180,5650,15,Checked-Out,3
BR11171,B07633,R04110,8450,0,Checked-Out,5
BR11172,B04793,R04112,9000,0,Checked-Out,2
BR11173,B00709,R04115,9350,5,Checked-Out,5
BR11174,B04739,R04187,6550,20,Checked-Out,4
BR11175,B05642,R04186,6600,5,Checked-Out,4
BR11176,B09579,R04113,7050,5,Checked-Out,2
BR11177,B00239,R04034,3900,5,No-Show,
BR11178,B00483,R04162,8550,10,No-Show,
BR11179,B04002,R04192,5100,5,Checked-Out,4
BR11180,B04462,R04034,3200,0,Checked-Out,4
BR11181,B04462,R04036,3400,15,Checked-Out,4
BR11182,B04477,R04200,3950,20,Checked-Out,4
BR11183,B06167,R04202,4750,25,Cancelled,
BR11184,B08072,R04051,2900,10,Checked-Out,4
BR11185,B03182,R04046,2950,5,Checked-Out,4
BR11186,B01676,R04162,8800,0,Checked-Out,5
BR11187,B01676,R04166,5800,10,Checked-Out,4
BR11188,B01676,R04052,3550,15,Checked-Out,5
BR11189,B02898,R04060,2600,0,Checked-Out,4
BR11190,B03443,R04202,4550,15,Checked-Out,4
BR11191,B08860,R04123,6700,0,Checked-Out,5
BR11192,B08860,R04132,7800,15,Checked-Out,5
BR11193,B04789,R04177,7100,15,Checked-Out,1
BR11194,B05177,R04209,4700,0,Checked-Out,4
BR11195,B08311,R04135,7300,20,Checked-Out,3
BR11196,B02338,R04176,6050,5,Checked-Out,4
BR11197,B03252,R04179,6150,15,Checked-Out,4
BR11198,B04577,R04140,6300,0,Checked-Out,5
BR11199,B08092,R04184,6550,10,Checked-Out,4
BR11200,B09006,R04193,6650,15,Checked-Out,3
BR11201,B01133,R04216,5450,15,Checked-Out,5
BR11202,B01133,R04207,5000,15,Checked-Out,2
BR11203,B01267,R04222,5250,15,Checked-Out,4
BR11204,B02979,R04070,3850,10,Checked-Out,4
BR11205,B09883,R04071,3750,10,Checked-Out,5
BR11206,B03355,R04078,3950,15,Checked-Out,4
BR11207,B04384,R04225,4450,5,Checked-Out,4
BR11208,B09391,R04083,3700,0,Checked-Out,4
BR11209,B00994,R04090,3000,25,Checked-Out,3
BR11210,B00994,R04091,3300,10,Checked-Out,4
BR11211,B01425,R04227,4500,5,Cancelled,
BR11212,B01538,R04195,7250,0,Checked-Out,5
BR11213,B01538,R04198,6450,0,Checked-Out,4
BR11214,B05184,R04093,3550,5,Checked-Out,3
BR11215,B05154,R04227,4350,25,Checked-Out,4
BR11216,B08058,R04235,3600,0,Checked-Out,5
BR11217,B00084,R04146,7700,0,Checked-Out,5
BR11218,B01951,R04154,6900,10,No-Show,
BR11219,B02842,R04243,5450,10,Cancelled,
BR11220,B03431,R04095,5500,5,Checked-Out,5
BR11221,B04471,R04243,5500,0,Checked-Out,3
BR11222,B00042,R04097,2550,5,Checked-Out,1
BR11223,B00042,R04102,2600,0,Checked-Out,5
BR11224,B05529,R04244,4000,25,Checked-Out,3
BR11225,B05529,R04245,5350,0,Checked-Out,3
BR11226,B06992,R04121,9700,0,Checked-Out,4
BR11227,B07224,R04201,7400,0,Cancelled,
BR11228,B02399,R04154,6800,0,Checked-Out,4
BR11229,B02399,R04108,4300,10,Checked-Out,4
BR11230,B03988,R04111,3000,25,Checked-Out,4
BR11231,B04507,R04201,8200,0,Cancelled,
BR11232,B04273,R04248,4600,0,Cancelled,
BR11233,B06815,R04116,4350,0,Checked-Out,3
BR11234,B07403,R04134,7500,10,Checked-Out,4
BR11235,B09434,R04136,8550,10,Checked-Out,4
BR11236,B09434,R04137,7800,10,Checked-Out,4
BR11237,B00351,R04201,8150,30,Checked-Out,5
BR11238,B08061,R04119,2950,15,Checked-Out,1
BR11239,B07081,R04248,4200,10,Checked-Out,5
BR11240,B02255,R04156,5850,0,Checked-Out,4
BR11241,B02683,R04122,2400,20,Checked-Out,3
BR11242,B03586,R04250,4600,0,Checked-Out,4
BR11243,B03586,R04256,3600,20,Checked-Out,4
BR11244,B06692,R04251,4050,5,Checked-Out,2
BR11245,B01372,R04159,7300,5,Checked-Out,4
BR11246,B02714,R04253,6500,0,Checked-Out,4
BR11247,B02714,R04259,5150,5,Checked-Out,5
BR11248,B03946,R04204,6300,20,Checked-Out,4
BR11249,B06617,R04206,7450,10,Checked-Out,4
BR11250,B03770,R04268,6400,0,Cancelled,
BR11251,B06224,R04213,7800,0,Checked-Out,3
BR11252,B03020,R04268,5700,10,Checked-Out,4
BR11253,B02908,R04215,7500,0,Checked-Out,4
BR11254,B05459,R04262,5300,0,Checked-Out,4
BR11255,B05607,R04145,10850,15,Checked-Out,4
BR11256,B06621,R03973,5600,0,Checked-Out,5
BR11257,B07441,R03979,4700,5,Checked-Out,4
BR11258,B05219,R04104,6650,5,Checked-Out,4
BR11259,B05670,R03982,4950,10,Checked-Out,3
BR11260,B05670,R03975,3250,5,Checked-Out,5
BR11261,B06414,R04217,6700,5,Cancelled,
BR11262,B00484,R03978,4100,0,Cancelled,
BR11263,B01993,R03978,4050,0,Checked-Out,2
BR11264,B01993,R04217,7150,15,Checked-Out,4
BR11265,B09724,R04229,5400,0,Checked-Out,5
BR11266,B02084,R04272,1600,0,Checked-Out,4
BR11267,B06052,R04271,3200,5,Checked-Out,4
BR11268,B03116,R04276,2300,0,Checked-Out,4
BR11269,B08768,R04273,2900,10,Checked-Out,3
BR11270,B00247,R04274,2500,10,Checked-Out,4
BR11271,B03102,R04277,1900,0,Checked-Out,5
BR11272,B01780,R04278,2250,10,No-Show,
BR11273,B08787,R04280,3100,0,Checked-Out,4
BR11274,B04064,R04286,1900,5,Checked-Out,4
BR11275,B07770,R04278,2550,0,Cancelled,
BR11276,B00754,R04288,2400,10,Cancelled,
BR11277,B01707,R04283,4800,15,Cancelled,
BR11278,B09102,R04288,2450,10,Cancelled,
BR11279,B03478,R04278,2500,0,Checked-Out,4
BR11280,B03478,R04279,1700,5,Checked-Out,4
BR11281,B03478,R04281,2300,20,Checked-Out,4
BR11282,B00078,R04282,1500,5,No-Show,
BR11283,B00078,R04283,4100,15,No-Show,
BR11284,B00596,R04283,4000,0,No-Show,
BR11285,B02815,R04288,2100,0,Checked-Out,5
BR11286,B05917,R04289,2450,0,Checked-Out,2
BR11287,B05917,R04293,3000,15,Checked-Out,5
BR11288,B05773,R04275,3600,0,No-Show,
BR11289,B05288,R04282,1500,10,Cancelled,
BR11290,B08729,R04282,1600,20,Checked-Out,5
BR11291,B04590,R04294,2900,30,Checked-Out,4
BR11292,B03738,R04295,2800,0,Checked-Out,4
BR11293,B07067,R04297,2200,0,Checked-Out,5
BR11294,B09310,R04291,1650,5,Checked-Out,5
BR11295,B03122,R04292,2350,15,Checked-Out,4
BR11296,B02821,R04296,2350,15,No-Show,
BR11297,B05565,R04299,2350,10,Checked-Out,5
BR11298,B08570,R04302,2550,0,Checked-Out,5
BR11299,B08570,R04304,2500,5,Checked-Out,3
BR11300,B08570,R04306,2500,25,Checked-Out,4
BR11301,B00488,R04296,2250,5,Checked-Out,4
BR11302,B00574,R04300,2550,10,Checked-Out,5
BR11303,B00574,R04301,1500,30,Checked-Out,5
BR11304,B04249,R04275,3600,0,Checked-Out,5
BR11305,B09215,R04283,3650,0,Checked-Out,5
BR11306,B03900,R04305,2200,0,Checked-Out,3
BR11307,B03900,R04307,2400,20,Checked-Out,4
BR11308,B02843,R04311,2500,5,Cancelled,
BR11309,B06811,R04309,2100,10,Cancelled,
BR11310,B02288,R04311,2250,10,Checked-Out,4
BR11311,B02660,R04284,3600,5,Cancelled,
BR11312,B07285,R04316,2050,20,Checked-Out,4
BR11313,B05626,R04318,2400,5,Checked-Out,4
BR11314,B05626,R04319,1500,10,Checked-Out,5
BR11315,B08630,R04309,2050,20,Checked-Out,4
BR11316,B08630,R04314,2450,10,Checked-Out,3
BR11317,B00149,R04335,2850,0,Cancelled,
BR11318,B00575,R04320,1850,0,Checked-Out,4
BR11319,B00548,R04335,3450,0,Checked-Out,5
BR11320,B07847,R04321,1700,0,Checked-Out,4
BR11321,B06674,R04336,2500,30,Checked-Out,4
BR11322,B07125,R04322,2800,20,Checked-Out,3
BR11323,B07125,R04323,2500,0,Checked-Out,4
BR11324,B07125,R04324,2800,0,Checked-Out,3
BR11325,B07125,R04326,2650,10,Checked-Out,5
BR11326,B09849,R04327,1600,15,Checked-Out,5
BR11327,B01889,R04328,2000,0,Checked-Out,5
BR11328,B01889,R04329,2600,0,Checked-Out,4
BR11329,B08788,R04284,3950,0,Checked-Out,3
BR11330,B05464,R04330,2850,15,Checked-Out,4
BR11331,B02421,R04333,2250,25,Checked-Out,5
BR11332,B01777,R04337,2600,20,Checked-Out,4
BR11333,B03231,R04339,3200,5,Checked-Out,4
BR11334,B03352,R04343,2600,20,Checked-Out,5
BR11335,B00986,R04338,3600,15,Checked-Out,4
BR11336,B01364,R04341,3400,0,Checked-Out,5
BR11337,B05071,R04345,1650,10,No-Show,
BR11338,B07811,R04345,1450,10,Checked-Out,4
BR11339,B03420,R04348,1600,10,Checked-Out,4
BR11340,B07550,R04352,2250,0,Checked-Out,4
BR11341,B03786,R04353,2350,5,Checked-Out,4
BR11342,B02996,R04354,1500,5,Checked-Out,5
BR11343,B02996,R04355,1500,20,Checked-Out,4
BR11344,B02996,R04290,5300,5,Checked-Out,3
BR11345,B02502,R04356,2400,0,Cancelled,
BR11346,B02502,R04358,2000,5,Cancelled,
BR11347,B05011,R04342,3450,20,Checked-Out,4
BR11348,B05011,R04344,2350,5,Checked-Out,2
BR11349,B07537,R04346,1850,0,Checked-Out,3
BR11350,B00568,R04298,5150,10,Checked-Out,3
BR11351,B09429,R04349,2000,25,Checked-Out,3
BR11352,B02667,R04356,2600,10,Checked-Out,4
BR11353,B00695,R04358,2100,0,Checked-Out,5
BR11354,B08025,R04359,2850,10,Checked-Out,5
BR11355,B04292,R04350,2800,5,Checked-Out,4
BR11356,B04292,R04351,2850,10,Checked-Out,4
BR11357,B00060,R04357,2150,15,Checked-Out,2
BR11358,B00060,R04360,1700,10,Checked-Out,4
BR11359,B04849,R04362,2400,0,Cancelled,
BR11360,B04849,R04363,1850,0,Cancelled,
BR11361,B00987,R04361,2250,0,Checked-Out,4
BR11362,B07367,R04285,2850,5,Checked-Out,5
BR11363,B07367,R04287,4000,10,Checked-Out,3
BR11364,B07367,R04303,3900,0,Checked-Out,2
BR11365,B00433,R04364,3100,20,Checked-Out,3
BR11366,B04374,R04365,3300,15,Checked-Out,4
BR11367,B04374,R04378,2150,20,Checked-Out,3
BR11368,B00873,R04379,2350,10,Checked-Out,3
BR11369,B00873,R04382,3000,5,Checked-Out,5
BR11370,B09751,R04362,2500,15,Checked-Out,4
BR11371,B08041,R04386,2050,5,Checked-Out,5
BR11372,B02247,R04363,1500,0,Checked-Out,3
BR11373,B06106,R04367,2100,5,Checked-Out,5
BR11374,B01962,R04368,1300,25,Checked-Out,5
BR11375,B00490,R04371,1750,15,Checked-Out,4
BR11376,B07464,R04373,1900,5,Checked-Out,4
BR11377,B09171,R04374,1350,5,Checked-Out,4
BR11378,B02998,R04375,1850,15,Checked-Out,3
BR11379,B03663,R04389,1800,0,Checked-Out,4
BR11380,B03663,R04376,1600,10,Checked-Out,5
BR11381,B06412,R04377,1900,5,Checked-Out,5
BR11382,B06412,R04380,1850,10,Checked-Out,4
BR11383,B07052,R04312,2950,0,Checked-Out,5
BR11384,B04899,R04393,2400,20,Checked-Out,4
BR11385,B00336,R04396,1850,10,Checked-Out,3
BR11386,B02865,R04308,5750,5,Checked-Out,3
BR11387,B09839,R04381,2450,0,Checked-Out,5
BR11388,B05530,R04398,3050,0,Checked-Out,3
BR11389,B02006,R04384,1350,0,Checked-Out,5
BR11390,B07874,R04387,2300,5,Cancelled,
BR11391,B05287,R04387,2300,5,Checked-Out,3
BR11392,B05287,R04388,1900,15,Checked-Out,3
BR11393,B00717,R04399,1700,20,Checked-Out,4
BR11394,B00240,R04390,1600,30,Checked-Out,4
BR11395,B04135,R04391,1750,0,Checked-Out,4
BR11396,B04512,R04403,4350,0,Checked-Out,4
BR11397,B09130,R04313,3900,15,Checked-Out,4
BR11398,B09089,R04404,3050,0,Checked-Out,4
BR11399,B06576,R04392,1700,0,Checked-Out,5
BR11400,B06576,R04394,2250,10,Checked-Out,3
BR11401,B04504,R04315,4650,10,Checked-Out,3
BR11402,B02872,R04395,1800,5,Checked-Out,3
BR11403,B01349,R04400,1800,5,Checked-Out,4
BR11404,B02493,R04317,5050,15,Checked-Out,4
BR11405,B02493,R04410,3400,10,Checked-Out,4
BR11406,B09440,R04401,1650,15,Checked-Out,5
BR11407,B09525,R04411,2700,0,No-Show,
BR11408,B02605,R04402,2500,15,Checked-Out,5
BR11409,B06554,R04406,1650,15,No-Show,
BR11410,B06561,R04406,1650,0,Checked-Out,5
BR11411,B06970,R04411,2650,5,Checked-Out,4
BR11412,B06970,R04407,2050,30,Checked-Out,4
BR11413,B06970,R04408,1950,5,Checked-Out,4
BR11414,B09178,R04412,3500,15,Checked-Out,4
BR11415,B01548,R04414,3200,10,Checked-Out,4
BR11416,B01548,R04409,2900,10,Checked-Out,4
BR11417,B01277,R04422,2450,0,Checked-Out,4
BR11418,B01277,R04424,3600,5,Checked-Out,3
BR11419,B01277,R04425,3450,10,Checked-Out,2
BR11420,B09063,R04413,2750,10,Checked-Out,4
BR11421,B09063,R04427,4050,0,Checked-Out,4
BR11422,B01579,R04434,2150,15,Checked-Out,4
BR11423,B04609,R04435,3550,20,Checked-Out,5
BR11424,B09703,R04325,4650,15,Cancelled,
BR11425,B09976,R04415,1850,0,Checked-Out,5
BR11426,B06807,R04439,2750,5,Checked-Out,4
BR11427,B03819,R04416,2350,0,Checked-Out,3
BR11428,B02693,R04445,2000,10,Checked-Out,4
BR11429,B02693,R04449,2850,15,Checked-Out,4
BR11430,B03220,R04271,3350,5,Checked-Out,4
BR11431,B03557,R04417,3050,30,Checked-Out,4
BR11432,B07666,R04325,4400,5,Checked-Out,3
BR11433,B03082,R04276,2750,5,Checked-Out,4
BR11434,B03082,R04418,1450,5,Checked-Out,5
BR11435,B07221,R04419,2200,15,Checked-Out,3
BR11436,B07221,R04420,2600,5,Checked-Out,5
BR11437,B09118,R04421,2100,5,Checked-Out,5
BR11438,B09118,R04423,1450,0,Checked-Out,1
BR11439,B08505,R04310,5400,5,Checked-Out,5
BR11440,B06310,R04428,1550,0,Checked-Out,5
BR11441,B04205,R04429,1900,0,Checked-Out,4
BR11442,B07614,R04280,3050,5,Checked-Out,3
BR11443,B07614,R04286,1950,0,Checked-Out,3
BR11444,B07701,R04331,2950,10,Checked-Out,4
BR11445,B08423,R04432,2700,15,Checked-Out,5
BR11446,B09212,R04332,4050,10,Checked-Out,4
BR11447,B09212,R04334,3200,10,Checked-Out,3
BR11448,B02606,R04433,2200,10,Checked-Out,4
BR11449,B03897,R04436,1700,20,Checked-Out,4
BR11450,B08790,R04437,2600,0,No-Show,
BR11451,B04983,R04288,2300,0,Checked-Out,3
BR11452,B08731,R04437,2300,0,Checked-Out,3
BR11453,B06819,R04438,1950,0,Checked-Out,4
BR11454,B03961,R04440,1500,0,Checked-Out,4
BR11455,B00783,R04289,2550,0,Checked-Out,3
BR11456,B04746,R04441,2700,30,Checked-Out,1
BR11457,B04746,R04442,3150,15,Checked-Out,5
BR11458,B04746,R04443,2700,20,Checked-Out,4
BR11459,B04634,R04340,4650,5,No-Show,
BR11460,B09741,R04446,2300,0,Checked-Out,4
BR11461,B04024,R04448,2500,20,Checked-Out,4
BR11462,B04024,R04272,1600,15,Checked-Out,3
BR11463,B09368,R04273,3250,0,Checked-Out,5
BR11464,B00028,R04274,2500,0,Checked-Out,5
BR11465,B08240,R04277,1850,0,Checked-Out,3
BR11466,B04084,R04278,2250,5,Checked-Out,3
BR11467,B02874,R04340,4000,20,Checked-Out,5
BR11468,B04622,R04293,2800,10,No-Show,
BR11469,B04622,R04294,2750,20,No-Show,
BR11470,B05197,R04279,1600,0,Checked-Out,4
BR11471,B07088,R04281,2150,10,Checked-Out,5
BR11472,B07088,R04282,1550,15,Checked-Out,5
BR11473,B04279,R04291,1800,20,Checked-Out,5
BR11474,B06914,R04283,4000,10,Cancelled,
BR11475,B00080,R04347,4150,5,Checked-Out,4
BR11476,B06266,R04366,3350,0,Checked-Out,3
BR11477,B02265,R04293,2950,10,Checked-Out,4
BR11478,B04669,R04292,2300,10,Checked-Out,3
BR11479,B04669,R04296,2400,20,Checked-Out,3
BR11480,B01084,R04300,2800,0,Checked-Out,4
BR11481,B08367,R04294,2850,30,Checked-Out,5
BR11482,B08367,R04295,2750,15,Checked-Out,4
BR11483,B05359,R04369,4000,20,Checked-Out,4
BR11484,B04396,R04301,1700,10,Checked-Out,4
BR11485,B06453,R04297,2200,0,Checked-Out,4
BR11486,B06453,R04299,2650,15,Checked-Out,4
BR11487,B08709,R04305,2200,15,Checked-Out,3
BR11488,B08709,R04307,2500,0,Checked-Out,5
BR11489,B08709,R04311,2350,10,Checked-Out,4
BR11490,B07417,R04316,1700,0,Checked-Out,5
BR11491,B02997,R04302,2900,10,Checked-Out,3
BR11492,B02997,R04304,2750,10,Checked-Out,3
BR11493,B02997,R04283,4200,0,Checked-Out,5
BR11494,B08758,R04318,2400,0,Cancelled,
BR11495,B00015,R04318,2200,0,Checked-Out,5
BR11496,B00015,R04319,1400,0,Checked-Out,5
BR11497,B02658,R04370,3400,0,Checked-Out,4
BR11498,B02002,R04320,1500,0,Checked-Out,4
BR11499,B03957,R04321,1800,10,Checked-Out,4
BR11500,B04231,R04322,2350,5,No-Show,
BR11501,B09198,R04322,2100,0,Checked-Out,4
BR11502,B03030,R04306,2700,25,Cancelled,
BR11503,B01799,R04323,2100,10,Checked-Out,4
BR11504,B01799,R04324,2550,0,Checked-Out,4
BR11505,B05482,R04372,3600,0,Checked-Out,4
BR11506,B03391,R04326,2500,0,Checked-Out,5
BR11507,B03391,R04327,1400,0,Checked-Out,3
BR11508,B03391,R04328,1600,5,Checked-Out,4
BR11509,B03872,R04306,2450,0,Checked-Out,5
BR11510,B09259,R04329,2150,0,Checked-Out,5
BR11511,B04541,R04330,2500,15,Cancelled,
BR11512,B08303,R04383,2950,5,Checked-Out,4
BR11513,B07886,R04330,2750,10,Checked-Out,4
BR11514,B06699,R04309,1650,10,Checked-Out,4
BR11515,B03515,R04314,2200,10,Checked-Out,5
BR11516,B04580,R04333,2000,0,Checked-Out,5
BR11517,B00163,R04337,2100,15,Checked-Out,4
BR11518,B00163,R04339,2550,10,Checked-Out,4
BR11519,B08247,R04335,3100,0,Checked-Out,2
BR11520,B01901,R04336,1950,0,Checked-Out,5
BR11521,B00222,R04343,2350,0,Checked-Out,3
BR11522,B08279,R04345,1300,5,No-Show,
BR11523,B04715,R04338,2700,5,Checked-Out,5
BR11524,B08485,R04341,2850,5,Checked-Out,5
BR11525,B08485,R04342,3150,25,Checked-Out,5
BR11526,B01170,R04344,2050,0,Checked-Out,2
BR11527,B08764,R04346,1900,0,Checked-Out,5
BR11528,B01802,R04349,1900,0,Checked-Out,5
BR11529,B01802,R04350,2650,10,Checked-Out,4
BR11530,B05064,R04345,1300,20,Checked-Out,5
BR11531,B05388,R04351,2350,5,Checked-Out,3
BR11532,B05385,R04348,1200,5,Checked-Out,4
BR11533,B05859,R04290,4950,15,No-Show,
BR11534,B07317,R04357,2050,10,Checked-Out,4
BR11535,B02248,R04385,3350,5,Checked-Out,4
BR11536,B00853,R04361,2000,15,Cancelled,
BR11537,B00853,R04364,3300,0,Cancelled,
BR11538,B00071,R04352,2100,0,Cancelled,
BR11539,B00071,R04353,2050,0,Cancelled,
BR11540,B02191,R04352,2050,0,Checked-Out,5
BR11541,B07887,R04353,2250,0,Checked-Out,4
BR11542,B09538,R04397,2800,0,Checked-Out,5
BR11543,B02228,R04354,1300,15,Checked-Out,4
BR11544,B02228,R04355,1600,15,Checked-Out,5
BR11545,B02228,R04356,2050,10,Checked-Out,4
BR11546,B02538,R04361,2050,0,Checked-Out,5
BR11547,B01461,R04290,4750,0,Checked-Out,4
BR11548,B07104,R04364,3200,15,Checked-Out,5
BR11549,B00515,R04405,3550,10,Checked-Out,4
BR11550,B00329,R04358,1850,10,Checked-Out,5
BR11551,B00329,R04359,2050,0,Checked-Out,5
BR11552,B00329,R04360,1500,0,Checked-Out,4
BR11553,B02042,R04362,2150,10,Checked-Out,5
BR11554,B09677,R04365,2850,0,Checked-Out,4
BR11555,B05793,R04378,2150,10,Checked-Out,4
BR11556,B02159,R04363,1500,5,Checked-Out,5
BR11557,B02159,R04379,2300,10,Checked-Out,4
BR11558,B04761,R04367,2050,0,No-Show,
BR11559,B01826,R04367,2000,30,Checked-Out,4
BR11560,B01830,R04368,1300,0,Checked-Out,3
BR11561,B03022,R04371,1750,15,Checked-Out,4
BR11562,B01721,R04382,3150,10,Checked-Out,4
BR11563,B09147,R04457,4000,0,Checked-Out,5
BR11564,B09147,R04460,3700,10,Checked-Out,2
BR11565,B02305,R04451,2400,10,No-Show,
BR11566,B02305,R04452,1750,0,No-Show,
BR11567,B02305,R04456,2800,25,No-Show,
BR11568,B05247,R04471,6400,0,Checked-Out,4
BR11569,B07978,R04451,2350,5,Checked-Out,4
BR11570,B02957,R04452,1650,5,Checked-Out,3
BR11571,B02957,R04453,2900,0,Checked-Out,4
BR11572,B02957,R04454,2700,5,Checked-Out,3
BR11573,B04106,R04456,2700,0,Checked-Out,2
BR11574,B04106,R04461,3850,30,Checked-Out,3
BR11575,B06694,R04462,2750,20,Checked-Out,5
BR11576,B02838,R04470,3100,10,Checked-Out,4
BR11577,B00390,R04455,2800,10,Checked-Out,4
BR11578,B02885,R04458,3300,20,Cancelled,
BR11579,B06875,R04485,3200,0,Cancelled,
BR11580,B00999,R04458,2600,5,Checked-Out,5
BR11581,B08196,R04476,6500,10,Checked-Out,5
BR11582,B00815,R04459,1900,15,Cancelled,
BR11583,B02521,R04482,3850,5,Checked-Out,5
BR11584,B06273,R04459,2150,10,Checked-Out,3
BR11585,B06273,R04491,4000,10,Checked-Out,5
BR11586,B07655,R04463,1400,5,Checked-Out,5
BR11587,B00523,R04485,2950,0,Checked-Out,5
BR11588,B02217,R04486,2850,0,Cancelled,
BR11589,B03581,R04464,1700,0,Checked-Out,5
BR11590,B07788,R04486,2750,0,Checked-Out,4
BR11591,B07788,R04492,2400,30,Checked-Out,5
BR11592,B01781,R04465,2300,5,Checked-Out,4
BR11593,B08239,R04466,1900,5,No-Show,
BR11594,B08239,R04467,2050,10,No-Show,
BR11595,B00743,R04466,2050,0,Checked-Out,4
BR11596,B05037,R04494,2850,10,Checked-Out,3
BR11597,B00809,R04467,2050,10,Checked-Out,5
BR11598,B04993,R04468,1700,10,Checked-Out,4
BR11599,B04993,R04469,1800,0,Checked-Out,3
BR11600,B04519,R04503,2300,0,Checked-Out,4
BR11601,B02424,R04498,5650,0,Checked-Out,5
BR11602,B00618,R04504,2300,0,Checked-Out,4
BR11603,B03407,R04472,1350,0,Checked-Out,5
BR11604,B07575,R04505,3650,10,Checked-Out,5
BR11605,B07575,R04506,3200,5,Checked-Out,4
BR11606,B04334,R04473,2300,10,Checked-Out,4
BR11607,B07779,R04507,1800,10,Checked-Out,5
BR11608,B04015,R04474,1750,25,No-Show,
BR11609,B04716,R04474,1950,0,Checked-Out,4
BR11610,B01164,R04562,4500,10,Checked-Out,5
BR11611,B08762,R04475,2050,0,Checked-Out,4
BR11612,B05683,R04477,2100,5,Checked-Out,3
BR11613,B02539,R04478,2900,0,Checked-Out,4
BR11614,B08853,R04479,1550,0,Checked-Out,4
BR11615,B05056,R04519,4600,5,Cancelled,
BR11616,B00069,R04480,2750,10,Checked-Out,4
BR11617,B00069,R04481,1600,15,Checked-Out,5
BR11618,B07009,R04483,2650,5,Checked-Out,5
BR11619,B05608,R04511,4000,5,Checked-Out,4
BR11620,B05608,R04513,4600,5,Checked-Out,3
BR11621,B01008,R04484,2750,10,Checked-Out,5
BR11622,B02512,R04600,6450,0,Checked-Out,3
BR11623,B06802,R04519,4250,10,Checked-Out,4
BR11624,B06840,R04532,3050,10,Checked-Out,4
BR11625,B06840,R04536,3850,0,Checked-Out,4
BR11626,B06840,R04550,2950,10,Checked-Out,5
BR11627,B00755,R04514,3400,0,Cancelled,
BR11628,B02972,R04487,2000,10,Checked-Out,3
BR11629,B06339,R04488,2500,10,Checked-Out,4
BR11630,B09820,R04489,1550,0,Checked-Out,4
BR11631,B07488,R04490,2600,0,Checked-Out,4
BR11632,B05564,R04493,2800,10,Checked-Out,3
BR11633,B06153,R04495,2850,0,No-Show,
BR11634,B09816,R04495,3000,10,Checked-Out,3
BR11635,B07848,R04496,1750,0,Checked-Out,4
BR11636,B07848,R04497,1600,5,Checked-Out,4
BR11637,B07951,R04514,3300,0,Checked-Out,4
BR11638,B00040,R04499,2900,0,Checked-Out,4
BR11639,B00040,R04500,2300,10,Checked-Out,5
BR11640,B08245,R04501,2950,20,Checked-Out,5
BR11641,B02500,R04516,2250,5,Checked-Out,5
BR11642,B02810,R04471,5850,10,Checked-Out,5
BR11643,B03670,R04502,2400,10,Checked-Out,5
BR11644,B04511,R04517,3350,20,Checked-Out,4
BR11645,B01050,R04552,4200,15,Checked-Out,4
BR11646,B09996,R04508,2500,5,Checked-Out,5
BR11647,B00676,R04521,2900,10,Checked-Out,3
BR11648,B00852,R04476,6600,20,Checked-Out,5
BR11649,B01282,R04522,4150,15,Checked-Out,4
BR11650,B01288,R04509,2700,5,Checked-Out,2
BR11651,B09049,R04510,2350,25,Checked-Out,4
BR11652,B03728,R04528,2700,20,Checked-Out,4
BR11653,B05832,R04530,2300,20,Checked-Out,4
BR11654,B01828,R04534,4450,5,Checked-Out,4
BR11655,B07152,R04512,2900,10,Checked-Out,5
BR11656,B04028,R04535,3150,10,Cancelled,
BR11657,B00235,R04498,6000,0,No-Show,
BR11658,B03297,R04498,5700,10,Checked-Out,4
BR11659,B06340,R04515,2100,0,Checked-Out,4
BR11660,B06340,R04518,1950,0,Checked-Out,3
BR11661,B02945,R04567,4650,0,Checked-Out,5
BR11662,B04349,R04520,2600,0,Checked-Out,4
BR11663,B02046,R04535,2750,0,Checked-Out,4
BR11664,B02056,R04538,2450,10,Checked-Out,3
BR11665,B00824,R04523,1900,10,Checked-Out,5
BR11666,B02721,R04524,1750,10,Checked-Out,4
BR11667,B04642,R04525,2750,10,Checked-Out,4
BR11668,B08207,R04526,2100,10,Cancelled,
BR11669,B02129,R04540,3550,30,Checked-Out,5
BR11670,B02939,R04581,3250,0,Checked-Out,2
BR11671,B01976,R04542,2100,5,Cancelled,
BR11672,B00782,R04542,2100,5,Checked-Out,5
BR11673,B00232,R04543,3650,5,Checked-Out,4
BR11674,B05829,R04526,2100,15,Checked-Out,5
BR11675,B08956,R04546,3300,10,Checked-Out,4
BR11676,B08956,R04554,3850,5,Checked-Out,5
BR11677,B03765,R04555,2750,0,Checked-Out,5
BR11678,B05747,R04559,3750,15,Cancelled,
BR11679,B06783,R04559,3550,15,Checked-Out,3
BR11680,B01874,R04582,2900,0,Checked-Out,5
BR11681,B07771,R04605,2800,0,Checked-Out,3
BR11682,B07663,R04562,3950,0,Checked-Out,5
BR11683,B03944,R04527,1700,0,Checked-Out,4
BR11684,B00642,R04606,3950,10,Checked-Out,4
BR11685,B06459,R04560,2300,0,Checked-Out,4
BR11686,B08043,R04561,2500,20,Checked-Out,5
BR11687,B06718,R04566,3000,15,Checked-Out,4
BR11688,B04606,R04569,3300,0,Checked-Out,3
BR11689,B04606,R04571,3000,0,Checked-Out,3
BR11690,B00404,R04529,2400,0,Checked-Out,3
BR11691,B06313,R04531,2200,10,Cancelled,
BR11692,B06313,R04533,2200,0,Cancelled,
BR11693,B00959,R04531,2200,0,Checked-Out,3
BR11694,B00959,R04533,2200,0,Checked-Out,4
BR11695,B00959,R04537,2300,0,Checked-Out,5
BR11696,B03592,R04572,2850,0,No-Show,
BR11697,B03592,R04575,3100,30,No-Show,
BR11698,B07190,R04539,2050,10,Checked-Out,5
BR11699,B09459,R04572,2950,5,Checked-Out,3
BR11700,B01373,R04575,3100,5,Checked-Out,5
BR11701,B09922,R04576,2050,0,Checked-Out,5
BR11702,B02848,R04541,2100,5,Checked-Out,4
BR11703,B08299,R04544,1700,10,Checked-Out,5
BR11704,B00475,R04545,2550,0,Cancelled,
BR11705,B08132,R04545,2500,0,Checked-Out,3
BR11706,B00314,R04547,2650,5,Checked-Out,4
BR11707,B02200,R04577,2350,0,Checked-Out,5
BR11708,B05451,R04548,2450,0,Checked-Out,3
BR11709,B07952,R04578,3300,0,Checked-Out,5
BR11710,B07952,R04549,1900,10,Checked-Out,5
BR11711,B03740,R04551,2000,10,Checked-Out,2
BR11712,B03740,R04553,2700,0,Checked-Out,4
BR11713,B06143,R04616,4650,0,Checked-Out,4
BR11714,B06143,R04617,3600,10,Checked-Out,3
BR11715,B06143,R04457,3050,5,Checked-Out,4
BR11716,B02694,R04556,1750,15,Checked-Out,4
BR11717,B01393,R04460,3250,25,Checked-Out,5
BR11718,B01966,R04557,2200,10,Checked-Out,3
BR11719,B02057,R04584,3050,5,Checked-Out,4
BR11720,B02057,R04586,3050,0,Checked-Out,4
BR11721,B02894,R04558,2200,0,No-Show,
BR11722,B08518,R04491,4150,10,Checked-Out,4
BR11723,B09840,R04558,2050,0,Checked-Out,3
BR11724,B09840,R04563,3200,15,Checked-Out,4
BR11725,B00130,R04564,1900,20,Checked-Out,4
BR11726,B06713,R04565,2650,0,Checked-Out,3
BR11727,B06713,R04482,4200,0,Checked-Out,3
BR11728,B06713,R04519,5000,5,Checked-Out,4
BR11729,B09746,R04589,3900,0,Checked-Out,2
BR11730,B07180,R04568,2900,0,Checked-Out,4
BR11731,B05733,R04570,2650,0,Checked-Out,4
BR11732,B05361,R04573,2550,0,Checked-Out,4
BR11733,B06027,R04590,2600,0,Checked-Out,5
BR11734,B06027,R04594,4000,10,Checked-Out,3
BR11735,B09686,R04595,2300,5,Checked-Out,5
BR11736,B00606,R04574,2350,15,Cancelled,
BR11737,B00606,R04579,2900,5,Cancelled,
BR11738,B01165,R04574,2200,0,Checked-Out,4
BR11739,B01165,R04579,2650,10,Checked-Out,4
BR11740,B06779,R04580,3150,15,Checked-Out,4
BR11741,B06779,R04583,1950,15,Checked-Out,5
BR11742,B06779,R04585,2500,10,Checked-Out,4
BR11743,B02785,R04587,1900,20,Checked-Out,5
BR11744,B02785,R04588,3250,20,Checked-Out,4
BR11745,B00825,R04596,2900,0,Cancelled,
BR11746,B03186,R04596,3200,0,Checked-Out,4
BR11747,B01389,R04601,2700,10,Checked-Out,4
BR11748,B01389,R04591,3150,10,Checked-Out,4
BR11749,B07379,R04532,3500,25,Checked-Out,5
BR11750,B07006,R04592,3000,10,Checked-Out,5
BR11751,B07912,R04593,2050,10,Checked-Out,4
BR11752,B01073,R04600,6450,0,Checked-Out,4
BR11753,B01343,R04597,3050,10,Checked-Out,3
BR11754,B09344,R04608,2550,20,Checked-Out,3
BR11755,B02725,R04598,2100,0,Checked-Out,5
BR11756,B05117,R04536,4200,5,Checked-Out,4
BR11757,B02891,R04609,3300,5,No-Show,
BR11758,B05690,R04609,3150,10,Checked-Out,3
BR11759,B08102,R04471,5500,0,Checked-Out,3
BR11760,B00543,R04599,3000,10,Checked-Out,4
BR11761,B08063,R04602,1950,5,Checked-Out,4
BR11762,B04949,R04610,3600,5,Cancelled,
BR11763,B03803,R04610,3350,0,Cancelled,
BR11764,B04457,R04610,3400,10,Checked-Out,4
BR11765,B04457,R04611,2250,0,Checked-Out,5
BR11766,B06254,R04603,2150,15,Checked-Out,3
BR11767,B05573,R04604,2500,10,Checked-Out,4
BR11768,B02620,R04607,3100,5,Checked-Out,5
BR11769,B04866,R04612,1450,5,Checked-Out,4
BR11770,B08883,R04613,2100,10,Checked-Out,5
BR11771,B07021,R04615,2500,5,Checked-Out,4
BR11772,B02722,R04614,2850,5,Checked-Out,4
BR11773,B08357,R04619,2750,0,Checked-Out,2
BR11774,B04844,R04618,2750,5,Checked-Out,4
BR11775,B08891,R04620,4150,0,Checked-Out,4
BR11776,B09064,R04456,3150,0,Checked-Out,3
BR11777,B09064,R04461,4000,15,Checked-Out,5
BR11778,B03474,R04451,2400,5,Checked-Out,3
BR11779,B03474,R04452,1650,5,Checked-Out,5
BR11780,B03474,R04550,3250,0,Checked-Out,5
BR11781,B09812,R04453,3300,10,Checked-Out,4
BR11782,B02038,R04454,3000,5,Checked-Out,1
BR11783,B07843,R04455,2900,30,Checked-Out,4
BR11784,B08614,R04458,3000,15,Checked-Out,5
BR11785,B09372,R04459,2300,5,Cancelled,
BR11786,B09197,R04462,2650,20,Checked-Out,5
BR11787,B09197,R04470,2850,5,Checked-Out,3
BR11788,B03909,R04459,2100,0,Checked-Out,3
BR11789,B03909,R04463,1600,0,Checked-Out,3
BR11790,B07146,R04464,1950,0,Checked-Out,4
BR11791,B00544,R04465,2650,30,Checked-Out,4
BR11792,B00544,R04466,2350,5,Checked-Out,4
BR11793,B01387,R04485,3450,10,Checked-Out,5
BR11794,B00918,R04467,2350,15,Checked-Out,4
BR11795,B05412,R04468,2250,15,Checked-Out,4
BR11796,B05412,R04469,2050,0,Checked-Out,3
BR11797,B05412,R04472,1800,5,Checked-Out,5
BR11798,B05262,R04486,3200,15,Cancelled,
BR11799,B09050,R04552,4400,20,Checked-Out,5
BR11800,B04841,R04486,3350,20,Checked-Out,5
BR11801,B02001,R04492,2650,20,Checked-Out,4
BR11802,B07495,R04473,3200,0,Checked-Out,1
BR11803,B07495,R04494,4250,0,Checked-Out,3
BR11804,B02081,R04474,2050,5,Checked-Out,4
BR11805,B06695,R04503,2700,10,Checked-Out,4
BR11806,B06695,R04504,3050,0,Checked-Out,1
BR11807,B04522,R04567,4400,10,Checked-Out,4
BR11808,B04522,R04505,3600,10,Checked-Out,5
BR11809,B09743,R04475,2100,0,Checked-Out,3
BR11810,B00097,R04477,2150,0,Cancelled,
BR11811,B03817,R04477,2100,15,Checked-Out,4
BR11812,B04782,R04476,6300,25,Cancelled,
BR11813,B09877,R04478,3050,5,Cancelled,
BR11814,B00401,R04581,3350,0,Cancelled,
BR11815,B08513,R04478,2750,10,Checked-Out,5
BR11816,B07545,R04479,1700,0,Checked-Out,5
BR11817,B08846,R04506,3150,0,Checked-Out,4
BR11818,B09354,R04480,2350,20,Checked-Out,3
BR11819,B07598,R04481,1650,15,Checked-Out,5
BR11820,B01896,R04581,3750,5,Checked-Out,2
BR11821,B05086,R04483,2200,5,Checked-Out,4
BR11822,B06028,R04582,3600,20,Checked-Out,5
BR11823,B09628,R04484,2700,10,Checked-Out,5
BR11824,B09628,R04488,2250,15,Checked-Out,4
BR11825,B01159,R04487,1650,5,Checked-Out,3
BR11826,B06732,R04476,6000,20,Checked-Out,4
BR11827,B07354,R04489,1650,15,No-Show,
BR11828,B00396,R04605,3200,15,Checked-Out,4
BR11829,B00396,R04606,4650,5,Checked-Out,3
BR11830,B05770,R04489,1400,5,Checked-Out,5
BR11831,B00062,R04498,5800,0,Checked-Out,4
BR11832,B02055,R04562,4600,0,Checked-Out,3
BR11833,B06785,R04490,2250,20,Checked-Out,2
BR11834,B00516,R04493,2800,0,Checked-Out,4
BR11835,B04611,R04495,2950,5,Checked-Out,4
BR11836,B04638,R04457,3250,0,Checked-Out,4
BR11837,B04638,R04616,4350,10,Checked-Out,5
BR11838,B02082,R04496,1800,15,Cancelled,
BR11839,B03311,R04496,1650,0,Checked-Out,5
BR11840,B05877,R04497,1550,25,Cancelled,
BR11841,B01957,R04497,1400,5,Checked-Out,5
BR11842,B01957,R04499,2500,0,Checked-Out,5
BR11843,B01957,R04507,2150,0,Checked-Out,4
BR11844,B03135,R04511,3150,0,Checked-Out,4
BR11845,B01217,R04500,1950,0,Checked-Out,5
BR11846,B06354,R04501,2300,10,Cancelled,
BR11847,B05639,R04501,2350,15,No-Show,
BR11848,B00982,R04501,2450,0,No-Show,
BR11849,B04894,R04501,2450,0,Checked-Out,4
BR11850,B05215,R04617,3150,5,Checked-Out,4
BR11851,B06964,R04502,1850,0,Checked-Out,5
BR11852,B06964,R04460,3400,10,Checked-Out,3
BR11853,B07716,R04513,3600,0,Checked-Out,4
BR11854,B06099,R04508,2000,30,Checked-Out,5
BR11855,B05109,R04509,2300,0,Checked-Out,4
BR11856,B03026,R04510,1850,5,Checked-Out,5
BR11857,B03470,R04512,2500,5,Checked-Out,4
BR11858,B00438,R04515,2050,0,Checked-Out,4
BR11859,B01940,R04518,1750,0,Checked-Out,4
BR11860,B01940,R04520,2650,15,Checked-Out,4
BR11861,B03550,R04514,3050,0,Checked-Out,5
BR11862,B03021,R04600,5900,10,Checked-Out,4
BR11863,B04096,R04491,3400,0,Checked-Out,5
BR11864,B08284,R04516,1900,5,Checked-Out,5
BR11865,B06341,R04523,1800,5,Checked-Out,4
BR11866,B06367,R04524,1900,5,Checked-Out,4
BR11867,B01446,R04482,4050,5,Checked-Out,4
BR11868,B01446,R04519,3800,5,Checked-Out,3
BR11869,B03548,R04525,2300,0,Checked-Out,3
BR11870,B02706,R04517,3100,0,Checked-Out,4
BR11871,B02706,R04521,2800,15,Checked-Out,5
BR11872,B04139,R04471,5050,20,Checked-Out,2
BR11873,B00669,R04526,2050,10,Checked-Out,3
BR11874,B01194,R04527,1650,0,Checked-Out,5
BR11875,B06372,R04476,6050,0,Cancelled,
BR11876,B06372,R04498,5800,0,Cancelled,
BR11877,B02713,R04529,2200,5,Checked-Out,5
BR11878,B03066,R04476,6050,30,Checked-Out,5
BR11879,B00973,R04531,2150,0,Checked-Out,4
BR11880,B01095,R04498,5500,10,Checked-Out,3
BR11881,B01295,R04533,2150,5,Cancelled,
BR11882,B08330,R04533,2000,5,Checked-Out,5
BR11883,B01227,R04537,2250,10,Cancelled,
BR11884,B01150,R04537,2700,20,Checked-Out,4
BR11885,B03347,R04522,3300,0,Checked-Out,3
BR11886,B08603,R04539,1900,5,Checked-Out,5
BR11887,B05453,R04528,2300,5,Checked-Out,3
BR11888,B05453,R04541,2000,0,Checked-Out,3
BR11889,B05453,R04530,2050,15,Checked-Out,3
BR11890,B03977,R04544,1850,10,Cancelled,
BR11891,B08521,R04544,2050,20,Checked-Out,4
BR11892,B08982,R04545,2750,0,Cancelled,
BR11893,B07515,R04534,3450,0,Checked-Out,2
BR11894,B05344,R04535,2750,5,Checked-Out,4
BR11895,B06228,R04545,2650,5,Checked-Out,5
BR11896,B01380,R04547,2450,0,Checked-Out,5
BR11897,B04534,R04538,2300,5,Checked-Out,4
BR11898,B04534,R04540,3350,0,Checked-Out,4
BR11899,B08427,R04548,2450,0,Checked-Out,5
BR11900,B00964,R04549,1900,15,Checked-Out,4
BR11901,B00964,R04551,1900,0,Checked-Out,4
BR11902,B01358,R04532,2900,0,Checked-Out,4
BR11903,B09631,R04553,2550,10,Checked-Out,4
BR11904,B09762,R04556,1750,30,Checked-Out,3
BR11905,B04878,R04557,2100,0,Checked-Out,5
BR11906,B06700,R04542,1650,0,Checked-Out,2
BR11907,B09715,R04536,3900,0,Checked-Out,4
BR11908,B09815,R04558,1700,10,Checked-Out,4
BR11909,B00059,R04563,2350,15,Checked-Out,4
BR11910,B00053,R04564,1400,20,No-Show,
BR11911,B09291,R04622,7100,20,Checked-Out,4
BR11912,B02289,R04625,5150,25,Checked-Out,4
BR11913,B02289,R04632,4950,25,Checked-Out,4
BR11914,B00161,R04636,5300,15,Checked-Out,4
BR11915,B08478,R04626,8500,5,Cancelled,
BR11916,B06326,R04627,14450,25,Checked-Out,4
BR11917,B06326,R04634,14500,20,Checked-Out,4
BR11918,B02700,R04640,13950,15,Checked-Out,4
BR11919,B02700,R04641,10000,20,Checked-Out,4
BR11920,B01388,R04621,4750,5,Checked-Out,5
BR11921,B06535,R04646,11950,0,Cancelled,
BR11922,B09898,R04639,3500,10,Checked-Out,5
BR11923,B00961,R04628,7050,0,Checked-Out,4
BR11924,B00961,R04630,5050,0,Checked-Out,4
BR11925,B00961,R04637,6700,20,Checked-Out,2
BR11926,B06484,R04638,5850,5,Checked-Out,4
BR11927,B06484,R04643,5450,5,Checked-Out,5
BR11928,B04880,R04623,7050,20,Checked-Out,4
BR11929,B07102,R04644,6850,0,Checked-Out,5
BR11930,B09455,R04626,7000,0,Checked-Out,5
BR11931,B09418,R04648,5650,5,Checked-Out,5
BR11932,B04290,R04649,5050,0,Checked-Out,5
BR11933,B00911,R04642,3200,5,Checked-Out,4
BR11934,B02517,R04624,6800,0,Checked-Out,4
BR11935,B02750,R04653,4650,10,Checked-Out,3
BR11936,B02750,R04655,7750,0,Checked-Out,4
BR11937,B02750,R04659,5400,0,Checked-Out,4
BR11938,B05355,R04629,6650,5,No-Show,
BR11939,B04414,R04646,11850,0,Checked-Out,4
BR11940,B02448,R04629,6500,0,Checked-Out,3
BR11941,B01344,R04662,5300,0,Checked-Out,4
BR11942,B02760,R04665,4700,0,Checked-Out,5
BR11943,B07555,R04650,8000,5,Checked-Out,4
BR11944,B02347,R04669,4600,0,Cancelled,
BR11945,B08806,R04647,3050,5,Checked-Out,5
BR11946,B05111,R04669,3800,25,Checked-Out,4
BR11947,B05111,R04676,5650,10,Checked-Out,3
BR11948,B05111,R04677,3850,10,Checked-Out,4
BR11949,B06766,R04679,5600,10,Checked-Out,4
BR11950,B06766,R04631,8100,0,Checked-Out,5
BR11951,B09578,R04654,10500,10,Checked-Out,5
BR11952,B06754,R04635,5500,0,Checked-Out,4
BR11953,B06754,R04645,6250,10,Checked-Out,4
BR11954,B07850,R04651,5950,0,Checked-Out,3
BR11955,B09810,R04661,3100,25,Checked-Out,4
BR11956,B06800,R04680,4550,25,Checked-Out,4
BR11957,B00725,R04664,4600,15,Checked-Out,4
BR11958,B01554,R04684,4650,25,Checked-Out,3
BR11959,B05849,R04657,10200,0,No-Show,
BR11960,B09749,R04689,3800,0,No-Show,
BR11961,B09749,R04652,7600,0,No-Show,
BR11962,B03871,R04689,3750,5,Cancelled,
BR11963,B08192,R04633,6200,25,Checked-Out,4
BR11964,B05220,R04657,7800,15,Checked-Out,3
BR11965,B05568,R04652,6750,10,Checked-Out,5
BR11966,B02927,R04689,3950,10,Checked-Out,5
BR11967,B09872,R04670,3750,10,Checked-Out,4
BR11968,B09872,R04671,3200,5,Checked-Out,3
BR11969,B01269,R04663,10300,20,Checked-Out,4
BR11970,B09855,R04690,4900,5,Checked-Out,4
BR11971,B07682,R04691,4550,0,Checked-Out,5
BR11972,B02746,R04693,3450,20,Cancelled,
BR11973,B02704,R04656,6150,0,Checked-Out,4
BR11974,B03915,R04658,5350,25,No-Show,
BR11975,B08999,R04666,10300,0,Checked-Out,4
BR11976,B08999,R04674,9950,0,Checked-Out,4
BR11977,B05892,R04658,5150,0,Checked-Out,3
BR11978,B03076,R04672,3350,10,Cancelled,
BR11979,B02376,R04675,8200,0,Checked-Out,4
BR11980,B08516,R04660,4750,0,Cancelled,
BR11981,B04968,R04672,3200,10,Checked-Out,5
BR11982,B05092,R04667,6450,5,Checked-Out,4
BR11983,B05092,R04693,3500,0,Checked-Out,5
BR11984,B05092,R04681,10950,5,Checked-Out,5
BR11985,B05092,R04700,5750,15,Checked-Out,3
BR11986,B01606,R04673,3350,5,Checked-Out,4
BR11987,B01606,R04678,2550,0,Checked-Out,4
BR11988,B02509,R04703,3950,0,Checked-Out,4
BR11989,B07698,R04660,4400,0,Checked-Out,3
BR11990,B03059,R04682,8750,20,Checked-Out,5
BR11991,B03059,R04686,10650,5,Checked-Out,3
BR11992,B08404,R04704,4550,15,Checked-Out,5
BR11993,B00093,R04668,6450,0,Checked-Out,2
BR11994,B01599,R04705,4150,0,Checked-Out,4
BR11995,B09507,R04708,5250,0,Checked-Out,3
BR11996,B05996,R04687,10100,15,Checked-Out,4
BR11997,B06261,R04694,12500,15,Checked-Out,5
BR11998,B06261,R04698,12250,20,Checked-Out,4
BR11999,B04424,R04728,9800,10,Checked-Out,2
BR12000,B06003,R04688,8950,15,Checked-Out,5
BR12001,B02393,R04709,4350,5,No-Show,
BR12002,B06094,R04683,3350,0,Cancelled,
BR12003,B04371,R04695,7650,10,Checked-Out,3
BR12004,B08611,R04709,4100,0,Checked-Out,4
BR12005,B07927,R04710,7050,5,Checked-Out,4
BR12006,B06552,R04683,3050,10,Checked-Out,4
BR12007,B05878,R04711,7350,10,Checked-Out,5
BR12008,B05878,R04712,4550,10,Checked-Out,4
BR12009,B06664,R04713,5600,0,No-Show,
BR12010,B06664,R04702,9150,0,No-Show,
BR12011,B06664,R04714,6800,0,No-Show,
BR12012,B01034,R04713,5100,0,Checked-Out,3
BR12013,B09454,R04714,7100,5,Checked-Out,4
BR12014,B09435,R04731,7350,5,Checked-Out,3
BR12015,B02438,R04685,2950,5,Checked-Out,4
BR12016,B02438,R04692,3800,10,Checked-Out,4
BR12017,B01978,R04696,5100,0,Checked-Out,3
BR12018,B01978,R04697,4350,25,Checked-Out,4
BR12019,B06368,R04715,7500,0,Checked-Out,3
BR12020,B06368,R04722,7300,5,Checked-Out,4
BR12021,B06368,R04699,4800,20,Checked-Out,3
BR12022,B06966,R04724,7050,10,Checked-Out,5
BR12023,B07690,R04725,6200,10,Checked-Out,4
BR12024,B07690,R04727,7000,0,Checked-Out,4
BR12025,B03682,R04730,6600,5,Checked-Out,4
BR12026,B07034,R04736,5750,0,Checked-Out,4
BR12027,B07211,R04739,6350,0,Checked-Out,4
BR12028,B07211,R04740,7400,10,Checked-Out,4
BR12029,B00845,R04702,7900,0,Cancelled,
BR12030,B04372,R04702,8500,10,Cancelled,
BR12031,B04372,R04716,9050,15,Cancelled,
BR12032,B04372,R04719,5650,5,Cancelled,
BR12033,B06342,R04742,7050,0,Checked-Out,4
BR12034,B04833,R04741,9350,10,Checked-Out,4
BR12035,B04833,R04743,14200,20,Checked-Out,4
BR12036,B07755,R04744,5050,15,Checked-Out,4
BR12037,B07755,R04702,9000,5,Checked-Out,4
BR12038,B02938,R04747,5100,15,Checked-Out,5
BR12039,B09240,R04735,5450,10,Cancelled,
BR12040,B09292,R04716,8500,0,Checked-Out,3
BR12041,B00899,R04735,5700,0,Cancelled,
BR12042,B08128,R04749,3900,0,Checked-Out,4
BR12043,B08173,R04753,5950,0,Cancelled,
BR12044,B05636,R04754,11950,10,Checked-Out,5
BR12045,B00361,R04753,5500,20,Checked-Out,4
BR12046,B03408,R04719,4800,5,Checked-Out,4
BR12047,B02439,R04756,5450,25,Checked-Out,4
BR12048,B06148,R04755,7650,15,Checked-Out,4
BR12049,B06945,R04701,3400,20,Checked-Out,4
BR12050,B06945,R04759,4200,5,Checked-Out,4
BR12051,B03519,R04760,8600,0,Checked-Out,4
BR12052,B00632,R04720,6800,5,Checked-Out,4
BR12053,B09081,R04762,3350,5,Checked-Out,5
BR12054,B01366,R04735,5150,10,Cancelled,
BR12055,B08095,R04706,2700,5,Checked-Out,5
BR12056,B09534,R04721,4850,10,Checked-Out,4
BR12057,B09534,R04723,4750,15,Checked-Out,4
BR12058,B06034,R04735,5350,0,Cancelled,
BR12059,B07378,R04763,3350,10,Checked-Out,4
BR12060,B01035,R04732,5450,5,Checked-Out,5
BR12061,B06799,R04764,8650,5,No-Show,
BR12062,B06799,R04766,8350,20,No-Show,
BR12063,B00630,R04765,4150,0,Checked-Out,4
BR12064,B00286,R04767,4850,0,Cancelled,
BR12065,B00286,R04768,3450,10,Cancelled,
BR12066,B00286,R04770,4900,0,Cancelled,
BR12067,B07209,R04707,2750,5,Checked-Out,3
BR12068,B09360,R04767,4850,15,Cancelled,
BR12069,B05145,R04717,3900,0,Checked-Out,4
BR12070,B08243,R04737,5500,0,Checked-Out,4
BR12071,B08969,R04745,5050,25,Checked-Out,5
BR12072,B08969,R04767,5150,10,Checked-Out,4
BR12073,B01228,R04764,7250,0,Checked-Out,3
BR12074,B01228,R04766,6350,15,Checked-Out,5
BR12075,B02778,R04769,9350,20,Checked-Out,4
BR12076,B02778,R04783,9550,0,Checked-Out,3
BR12077,B02778,R04784,7700,5,Checked-Out,4
BR12078,B04940,R04718,2450,10,Checked-Out,4
BR12079,B06906,R04726,2750,0,Checked-Out,4
BR12080,B01238,R04810,10900,20,Checked-Out,4
BR12081,B01238,R04751,7350,0,Checked-Out,4
BR12082,B08118,R04768,3700,5,Cancelled,
BR12083,B07954,R04729,3300,25,Checked-Out,3
BR12084,B08342,R04733,2400,10,Checked-Out,5
BR12085,B06451,R04758,7550,5,Cancelled,
BR12086,B06451,R04773,6650,0,Cancelled,
BR12087,B06451,R04778,6000,0,Cancelled,
BR12088,B04840,R04758,7150,10,Checked-Out,3
BR12089,B06690,R04734,2400,10,Checked-Out,4
BR12090,B06690,R04768,3950,10,Checked-Out,5
BR12091,B03266,R04738,2300,20,Checked-Out,4
BR12092,B00337,R04627,10050,10,Checked-Out,4
BR12093,B00337,R04634,9650,5,Checked-Out,4
BR12094,B01486,R04735,6400,0,Checked-Out,5
BR12095,B07263,R04773,8650,0,Checked-Out,5
BR12096,B07263,R04746,5500,0,Checked-Out,4
BR12097,B04897,R04748,5350,30,Checked-Out,3
BR12098,B04897,R04752,5150,10,Checked-Out,4
BR12099,B07055,R04757,4750,0,Checked-Out,4
BR12100,B02546,R04761,4300,10,Checked-Out,5
BR12101,B05792,R04770,7750,0,Checked-Out,5
BR12102,B05792,R04771,6550,0,Checked-Out,4
BR12103,B02638,R04775,4550,0,Checked-Out,5
BR12104,B01100,R04779,3450,10,Checked-Out,4
BR12105,B05931,R04785,4700,0,No-Show,
BR12106,B08506,R04640,12600,10,Checked-Out,4
BR12107,B05273,R04772,5950,5,Checked-Out,4
BR12108,B03185,R04774,5700,0,Checked-Out,5
BR12109,B05563,R04785,4550,0,Checked-Out,3
BR12110,B07036,R04786,4800,25,Checked-Out,5
BR12111,B04468,R04787,3550,15,Checked-Out,2
BR12112,B04415,R04789,3050,5,Checked-Out,3
BR12113,B03719,R04790,5300,0,Checked-Out,5
BR12114,B05029,R04780,5350,15,Checked-Out,4
BR12115,B05029,R04781,6500,0,Checked-Out,4
BR12116,B05285,R04641,9350,15,No-Show,
BR12117,B08948,R04641,10050,5,Checked-Out,4
BR12118,B05470,R04795,5550,25,Checked-Out,4
BR12119,B05470,R04808,4750,0,Checked-Out,3
BR12120,B09135,R04809,5000,15,Checked-Out,4
BR12121,B09155,R04625,6100,0,Checked-Out,5
BR12122,B07027,R04632,5550,15,Checked-Out,4
BR12123,B05517,R04636,5800,0,Checked-Out,3
BR12124,B02864,R04639,3750,15,Checked-Out,4
BR12125,B04287,R04778,7550,0,Checked-Out,4
BR12126,B04287,R04792,7450,25,Checked-Out,3
BR12127,B05462,R04642,3450,5,Checked-Out,3
BR12128,B01605,R04646,11400,0,Checked-Out,4
BR12129,B01605,R04650,10100,0,Checked-Out,5
BR12130,B07119,R04794,7850,10,Checked-Out,4
BR12131,B00844,R04782,4700,0,Checked-Out,5
BR12132,B07165,R04788,4650,10,Checked-Out,4
BR12133,B02408,R04791,6050,10,Checked-Out,4
BR12134,B02408,R04797,7550,0,Checked-Out,3
BR12135,B08278,R04647,3850,5,Checked-Out,2
BR12136,B06899,R04803,10250,5,Checked-Out,4
BR12137,B06899,R04804,6900,0,Checked-Out,3
BR12138,B02471,R04798,6750,30,Checked-Out,4
BR12139,B05398,R04800,7650,10,Checked-Out,5
BR12140,B05398,R04802,5200,0,Checked-Out,5
BR12141,B06817,R04654,13500,15,Checked-Out,4
BR12142,B08590,R04805,6500,0,Checked-Out,5
BR12143,B08590,R04806,5050,0,Checked-Out,5
BR12144,B00555,R04807,6750,15,Checked-Out,2
BR12145,B00446,R04623,7050,0,No-Show,
BR12146,B07638,R04623,7200,0,Checked-Out,5
BR12147,B07638,R04624,6450,0,Checked-Out,5
BR12148,B08174,R04621,4700,10,Checked-Out,5
BR12149,B05015,R04661,3800,5,Checked-Out,4
BR12150,B03634,R04657,10500,0,Checked-Out,5
BR12151,B03634,R04663,12100,5,Checked-Out,2
BR12152,B05343,R04664,5250,20,Checked-Out,4
BR12153,B05896,R04666,12350,0,Checked-Out,5
BR12154,B05896,R04674,13900,10,Checked-Out,4
BR12155,B05896,R04675,10500,10,Checked-Out,5
BR12156,B05471,R04670,4950,10,Checked-Out,5
BR12157,B03751,R04629,7350,0,Checked-Out,4
BR12158,B03751,R04631,9450,0,Checked-Out,4
BR12159,B05868,R04671,4400,5,Checked-Out,4
BR12160,B05766,R04651,7900,5,Checked-Out,3
BR12161,B07151,R04750,8000,10,Checked-Out,2
BR12162,B05212,R04628,6750,30,Checked-Out,3
BR12163,B04040,R04672,4650,15,Cancelled,
BR12164,B09740,R04672,4250,5,Checked-Out,4
BR12165,B09489,R04681,13950,15,Checked-Out,5
BR12166,B04023,R04673,4400,0,Checked-Out,4
BR12167,B08057,R04630,4950,10,Checked-Out,5
BR12168,B09067,R04637,6300,5,Checked-Out,4
BR12169,B02030,R04678,3350,0,Checked-Out,5
BR12170,B02958,R04635,6350,5,Cancelled,
BR12171,B02958,R04638,6000,10,Cancelled,
BR12172,B03590,R04638,6600,0,Checked-Out,3
BR12173,B04157,R04683,3350,0,Checked-Out,4
BR12174,B03467,R04776,8300,20,Checked-Out,4
BR12175,B01772,R04643,6150,15,Checked-Out,5
BR12176,B01772,R04644,6350,0,Checked-Out,4
BR12177,B01224,R04685,3200,5,Checked-Out,4
BR12178,B08260,R04648,6500,5,Checked-Out,5
BR12179,B08316,R04649,5600,0,Checked-Out,4
BR12180,B08316,R04653,4750,15,Checked-Out,3
BR12181,B03244,R04692,3550,20,No-Show,
BR12182,B04661,R04692,4000,0,Checked-Out,4
BR12183,B05843,R04682,10250,0,Checked-Out,5
BR12184,B05843,R04686,14000,15,Checked-Out,3
BR12185,B01733,R04655,7750,5,Checked-Out,4
BR12186,B09701,R04635,5900,0,Checked-Out,4
BR12187,B09022,R04694,11800,10,Checked-Out,5
BR12188,B04887,R04698,13650,0,Checked-Out,2
BR12189,B00556,R04696,4950,10,Checked-Out,2
BR12190,B00556,R04697,3750,20,Checked-Out,3
BR12191,B02696,R04659,5350,0,Checked-Out,4
BR12192,B03234,R04728,9550,30,Checked-Out,4
BR12193,B04670,R04665,6050,5,Checked-Out,4
BR12194,B04670,R04662,6800,10,Checked-Out,4
BR12195,B09338,R04777,6200,0,Checked-Out,5
BR12196,B09456,R04699,4500,10,Checked-Out,4
BR12197,B09456,R04701,4950,15,Checked-Out,5
BR12198,B09420,R04741,9150,5,Checked-Out,5
BR12199,B06314,R04669,4750,0,Checked-Out,5
BR12200,B01440,R04676,6500,0,Checked-Out,4
BR12201,B05281,R04677,4500,25,Checked-Out,4
BR12202,B08970,R04645,8000,0,Checked-Out,4
BR12203,B04579,R04679,5650,10,Cancelled,
BR12204,B04179,R04706,3350,30,Checked-Out,4
BR12205,B05576,R04652,8450,5,Checked-Out,4
BR12206,B02565,R04679,6000,0,Checked-Out,3
BR12207,B02224,R04656,8600,0,Checked-Out,3
BR12208,B04119,R04793,7250,0,Checked-Out,4
BR12209,B05551,R04680,4900,10,No-Show,
BR12210,B05551,R04707,3300,0,No-Show,
BR12211,B05551,R04717,5200,5,No-Show,
BR12212,B02949,R04707,3400,30,Checked-Out,3
BR12213,B02949,R04717,5300,15,Checked-Out,5
BR12214,B06021,R04658,6200,5,Checked-Out,3
BR12215,B07469,R04743,14300,5,Checked-Out,4
BR12216,B06661,R04660,5950,5,Checked-Out,5
BR12217,B01578,R04680,4450,0,Checked-Out,4
BR12218,B01578,R04684,5650,5,Checked-Out,4
BR12219,B05233,R04689,4400,15,Cancelled,
BR12220,B02336,R04796,6450,25,No-Show,
BR12221,B04120,R04754,12050,0,Cancelled,
BR12222,B00919,R04754,13100,0,Checked-Out,5
BR12223,B00919,R04755,8850,0,Checked-Out,3
BR12224,B02079,R04689,4200,15,Checked-Out,3
BR12225,B02361,R04690,5550,10,Checked-Out,4
BR12226,B06312,R04760,10200,10,Checked-Out,5
BR12227,B02783,R04687,7100,20,Checked-Out,4
BR12228,B03745,R04691,5200,5,Checked-Out,4
BR12229,B09636,R04693,3800,0,Checked-Out,5
BR12230,B09636,R04764,9450,5,Checked-Out,5
BR12231,B01103,R04766,7800,0,Checked-Out,4
BR12232,B08121,R04769,10750,0,Checked-Out,4
BR12233,B01735,R04783,10750,10,Checked-Out,3
BR12234,B01735,R04784,8250,0,Checked-Out,5
BR12235,B01735,R04810,12000,0,Checked-Out,4
BR12236,B00126,R04718,2650,10,Checked-Out,2
BR12237,B00126,R04726,2750,10,Checked-Out,4
BR12238,B09824,R04688,7650,25,Checked-Out,2
BR12239,B04792,R04700,5700,15,Checked-Out,2
BR12240,B05016,R04729,3550,25,Checked-Out,4
BR12241,B05016,R04703,3950,0,Checked-Out,4
BR12242,B07433,R04733,2400,0,Checked-Out,4
BR12243,B07433,R04702,6950,5,Checked-Out,5
BR12244,B07577,R04704,5400,0,Checked-Out,4
BR12245,B00289,R04716,7850,0,Cancelled,
BR12246,B01001,R04716,8100,0,Checked-Out,4
BR12247,B01945,R04796,5950,0,Checked-Out,4
BR12248,B06075,R04734,2800,0,Checked-Out,5
BR12249,B08555,R04738,2800,5,Checked-Out,4
BR12250,B09863,R04746,4300,0,Checked-Out,4
BR12251,B05229,R04748,4200,0,Checked-Out,5
BR12252,B01810,R04752,4250,0,Checked-Out,3
BR12253,B01810,R04757,4500,0,Checked-Out,5
BR12254,B09339,R04761,3750,10,Checked-Out,3
BR12255,B01767,R04627,11700,0,No-Show,
BR12256,B02354,R04775,3950,25,Checked-Out,5
BR12257,B07928,R04705,4350,10,Checked-Out,5
BR12258,B00933,R04779,2700,10,Checked-Out,5
BR12259,B04870,R04627,9300,0,Checked-Out,5
BR12260,B09084,R04786,3200,5,Cancelled,
BR12261,B08241,R04708,3650,0,Checked-Out,5
BR12262,B02910,R04799,4650,0,Checked-Out,5
BR12263,B00527,R04709,3350,15,Checked-Out,4
BR12264,B01906,R04710,4600,30,Checked-Out,4
BR12265,B08045,R04713,4450,5,Checked-Out,5
BR12266,B02196,R04711,5650,15,Checked-Out,5
BR12267,B01104,R04719,4450,0,Checked-Out,5
BR12268,B06141,R04720,6700,0,Checked-Out,5
BR12269,B08662,R04721,4600,15,Cancelled,
BR12270,B04683,R04634,10400,0,Checked-Out,5
BR12271,B00557,R04712,3500,5,Checked-Out,5
BR12272,B00557,R04714,5200,0,Checked-Out,4
BR12273,B01924,R04715,5350,0,Checked-Out,4
BR12274,B01942,R04722,5750,10,Checked-Out,3
BR12275,B08909,R04724,4350,0,Checked-Out,4
BR12276,B09142,R04721,5100,15,Checked-Out,5
BR12277,B09142,R04723,4700,20,Checked-Out,5
BR12278,B07047,R04801,6950,5,Checked-Out,4
BR12279,B07047,R04622,5400,5,Checked-Out,4
BR12280,B07047,R04626,5400,10,Checked-Out,4
BR12281,B08822,R04732,5450,5,Cancelled,
BR12282,B02505,R04786,3800,5,Checked-Out,4
BR12283,B00974,R04785,3250,5,Checked-Out,2
BR12284,B00974,R04787,2550,5,Checked-Out,5
BR12285,B00960,R04725,4650,10,Checked-Out,4
BR12286,B00960,R04727,5050,20,Checked-Out,3
BR12287,B01567,R04789,2350,10,Checked-Out,3
BR12288,B05179,R04640,9800,0,Checked-Out,4
BR12289,B05179,R04641,7300,5,Checked-Out,4
BR12290,B01099,R04730,5100,0,Checked-Out,5
BR12291,B01099,R04736,4700,0,Checked-Out,5
BR12292,B02468,R04790,3850,15,Checked-Out,4
BR12293,B05103,R04795,3750,20,Checked-Out,4
BR12294,B04760,R04808,3450,10,Checked-Out,5
BR12295,B07445,R04809,3500,10,Checked-Out,4
BR12296,B07445,R04625,4050,0,Checked-Out,3
BR12297,B07015,R04739,4900,5,Checked-Out,4
BR12298,B06753,R04732,5200,0,Checked-Out,3
BR12299,B06753,R04737,5400,0,Checked-Out,4
BR12300,B01251,R04646,9350,5,Checked-Out,3
BR12301,B02754,R04632,4150,5,Checked-Out,5
BR12302,B05315,R04639,2350,10,No-Show,
BR12303,B09419,R04639,2750,0,Checked-Out,4
BR12304,B09734,R04650,6700,0,Checked-Out,4
BR12305,B09597,R04740,5000,0,Checked-Out,5
BR12306,B04271,R04742,5200,0,Checked-Out,5
BR12307,B07726,R04745,5200,10,Cancelled,
BR12308,B09603,R04636,4000,0,Checked-Out,4
BR12309,B04503,R04633,5900,10,Checked-Out,3
BR12310,B05798,R04745,5800,0,Checked-Out,2
BR12311,B08618,R04654,8950,5,Checked-Out,2
BR12312,B08754,R04744,3450,0,Checked-Out,5
BR12313,B05428,R04747,3950,5,Checked-Out,3
BR12314,B05428,R04749,3700,10,Checked-Out,4
BR12315,B08524,R04642,2600,5,Checked-Out,3
BR12316,B00975,R04647,2600,0,Checked-Out,5
BR12317,B01367,R04753,5800,20,Checked-Out,4
BR12318,B02469,R04756,4750,5,Checked-Out,3
BR12319,B03237,R04661,2550,10,Cancelled,
BR12320,B05786,R04759,4650,10,Checked-Out,4
BR12321,B07703,R04751,6500,5,Checked-Out,5
BR12322,B07703,R04758,6600,0,Checked-Out,5
BR12323,B03527,R04661,2800,5,Checked-Out,4
BR12324,B07485,R04657,8450,10,Checked-Out,4
BR12325,B04499,R04762,3250,0,Checked-Out,2
BR12326,B02086,R04663,10000,0,Checked-Out,4
BR12327,B02086,R04666,9200,15,Checked-Out,4
BR12328,B05251,R04763,3650,0,Checked-Out,5
BR12329,B09283,R04765,4350,0,Cancelled,
BR12330,B02292,R04817,10500,5,Checked-Out,4
BR12331,B02292,R04824,7950,5,Checked-Out,4
BR12332,B02292,R04825,9550,0,Checked-Out,5
BR12333,B02389,R04813,5750,5,Checked-Out,3
BR12334,B05633,R04829,8150,15,Checked-Out,3
BR12335,B07647,R04814,5850,5,Checked-Out,4
BR12336,B07647,R04815,7750,5,Checked-Out,4
BR12337,B09950,R04812,7200,0,Checked-Out,4
BR12338,B09950,R04822,7100,15,Checked-Out,4
BR12339,B03722,R04826,3850,10,Checked-Out,5
BR12340,B03764,R04818,6900,0,Checked-Out,5
BR12341,B09245,R04819,5800,0,Checked-Out,4
BR12342,B09245,R04821,7350,15,Checked-Out,2
BR12343,B01677,R04832,7400,5,Checked-Out,5
BR12344,B01677,R04828,5550,15,Checked-Out,3
BR12345,B08832,R04811,13400,0,Checked-Out,2
BR12346,B03709,R04838,9700,0,Cancelled,
BR12347,B05338,R04823,8400,0,Checked-Out,4
BR12348,B08711,R04838,11250,0,Checked-Out,4
BR12349,B08708,R04831,3750,20,Checked-Out,5
BR12350,B05290,R04840,7500,10,Cancelled,
BR12351,B05650,R04840,7250,0,Checked-Out,4
BR12352,B03605,R04833,5250,15,Checked-Out,3
BR12353,B05425,R04835,6750,10,No-Show,
BR12354,B04378,R04835,6100,15,Checked-Out,3
BR12355,B04378,R04836,5850,20,Checked-Out,4
BR12356,B02163,R04837,7800,10,Checked-Out,5
BR12357,B03914,R04841,5150,5,Checked-Out,4
BR12358,B03914,R04843,6600,25,Checked-Out,4
BR12359,B05830,R04816,12650,10,Checked-Out,2
BR12360,B00172,R04844,6900,0,Checked-Out,5
BR12361,B00211,R04834,6150,0,No-Show,
BR12362,B09828,R04820,7450,0,Checked-Out,4
BR12363,B07525,R04849,16950,15,Checked-Out,5
BR12364,B09388,R04845,6000,5,Checked-Out,4
BR12365,B09463,R04846,6500,10,Checked-Out,5
BR12366,B05699,R04851,7750,0,Checked-Out,5
BR12367,B08917,R04847,10000,5,No-Show,
BR12368,B00883,R04834,6650,5,Checked-Out,4
BR12369,B01479,R04882,17250,0,Checked-Out,4
BR12370,B09096,R04865,7050,0,Checked-Out,4
BR12371,B01200,R04866,9800,15,Checked-Out,5
BR12372,B02609,R04867,6350,15,Checked-Out,3
BR12373,B05820,R04847,12100,0,Checked-Out,3
BR12374,B05820,R04848,9650,5,Checked-Out,1
BR12375,B06684,R04839,5700,0,Checked-Out,4
BR12376,B07423,R04850,7550,0,Checked-Out,4
BR12377,B07423,R04856,7650,5,Checked-Out,5
BR12378,B09963,R04842,5600,0,Checked-Out,4
BR12379,B07090,R04869,6300,30,Checked-Out,4
BR12380,B01863,R04853,3950,25,Cancelled,
BR12381,B01863,R04854,4200,0,Cancelled,
BR12382,B01863,R04857,6450,15,Cancelled,
BR12383,B04344,R04853,4150,10,Checked-Out,2
BR12384,B09004,R04874,5750,10,Checked-Out,5
BR12385,B01558,R04854,4250,15,Checked-Out,5
BR12386,B08577,R04883,6350,0,Checked-Out,2
BR12387,B08577,R04885,6200,5,Checked-Out,4
BR12388,B08577,R04886,5300,5,Checked-Out,2
BR12389,B08577,R04891,6400,0,Checked-Out,5
BR12390,B00741,R04857,5200,5,Checked-Out,4
BR12391,B07711,R04893,7650,25,Checked-Out,4
BR12392,B00758,R04858,3100,5,Checked-Out,5
BR12393,B05248,R04898,5600,0,Checked-Out,4
BR12394,B05248,R04884,16500,15,Checked-Out,4
BR12395,B06696,R04859,7900,0,Cancelled,
BR12396,B01756,R04900,4900,10,Checked-Out,3
BR12397,B06737,R04859,7850,0,Checked-Out,5
BR12398,B04564,R04860,4200,0,Checked-Out,4
BR12399,B04564,R04902,6550,0,Checked-Out,3
BR12400,B02423,R04863,5500,0,Checked-Out,4
BR12401,B05316,R04864,5700,0,Checked-Out,3
BR12402,B02060,R04901,12800,10,Checked-Out,4
BR12403,B02083,R04904,5550,5,Checked-Out,4
BR12404,B02083,R04870,6300,0,Checked-Out,5
BR12405,B02083,R04861,3800,10,Checked-Out,3
BR12406,B00014,R04911,8800,5,Checked-Out,4
BR12407,B04689,R04910,4950,5,Checked-Out,4
BR12408,B09926,R04862,4050,0,Checked-Out,4
BR12409,B05675,R04827,6150,5,Checked-Out,4
BR12410,B08318,R04868,3950,10,Checked-Out,4
BR12411,B02022,R04912,5100,0,Checked-Out,4
BR12412,B07242,R04872,4000,0,Checked-Out,5
BR12413,B03626,R04873,5500,5,Checked-Out,4
BR12414,B03626,R04871,7750,20,Checked-Out,4
BR12415,B08926,R04875,7550,0,Checked-Out,4
BR12416,B03755,R04876,10600,5,Checked-Out,5
BR12417,B08591,R04923,7800,0,Checked-Out,5
BR12418,B03939,R04924,7500,10,Checked-Out,4
BR12419,B05163,R04878,4650,0,Checked-Out,5
BR12420,B02391,R04926,5850,10,Checked-Out,3
BR12421,B00219,R04933,5450,0,Checked-Out,4
BR12422,B00356,R04877,11250,0,Checked-Out,4
BR12423,B08031,R04881,4050,0,Checked-Out,4
BR12424,B08166,R04830,7600,10,Checked-Out,4
BR12425,B09774,R04937,8450,10,Checked-Out,4
BR12426,B09774,R04938,5850,5,Checked-Out,5
BR12427,B01801,R04879,11100,10,Checked-Out,4
BR12428,B02822,R04942,7300,10,Checked-Out,1
BR12429,B02822,R04890,4950,0,Checked-Out,3
BR12430,B02936,R04941,17300,10,Checked-Out,3
BR12431,B02936,R04947,12500,15,Checked-Out,2
BR12432,B08047,R04943,7900,0,Checked-Out,4
BR12433,B09282,R04852,8700,10,Checked-Out,5
BR12434,B00900,R04944,6900,10,Checked-Out,4
BR12435,B03103,R04950,9950,10,Checked-Out,4
BR12436,B00715,R04855,10450,15,Checked-Out,4
BR12437,B03183,R04894,4600,15,Checked-Out,3
BR12438,B06897,R04880,8100,0,Checked-Out,3
BR12439,B06922,R04945,6200,5,Checked-Out,5
BR12440,B06922,R04948,7350,0,Checked-Out,5
BR12441,B07676,R04888,7350,0,Checked-Out,4
BR12442,B03054,R04951,7350,15,Checked-Out,5
BR12443,B03997,R04952,6100,0,Checked-Out,5
BR12444,B00680,R04953,7850,5,Checked-Out,4
BR12445,B05569,R04955,16150,0,No-Show,
BR12446,B00863,R04955,14650,5,Checked-Out,5
BR12447,B00037,R04958,17600,5,Checked-Out,5
BR12448,B05854,R04887,7700,10,Checked-Out,4
BR12449,B05854,R04889,9100,5,Checked-Out,4
BR12450,B05854,R04903,5600,20,Checked-Out,5
BR12451,B04660,R04954,6450,15,Checked-Out,4
BR12452,B01137,R04957,6850,20,Checked-Out,4
BR12453,B03447,R04892,7900,0,Checked-Out,4
BR12454,B06974,R04905,3500,0,Checked-Out,3
BR12455,B04329,R04895,10000,0,Checked-Out,4
BR12456,B04976,R04961,8450,15,Checked-Out,3
BR12457,B01956,R04964,8400,10,Checked-Out,4
BR12458,B00532,R04960,12150,10,Checked-Out,4
BR12459,B00038,R04966,6750,10,Checked-Out,4
BR12460,B07738,R04907,5650,15,Checked-Out,3
BR12461,B00764,R04908,5300,15,Checked-Out,5
BR12462,B00448,R04972,6350,15,Checked-Out,2
BR12463,B08776,R04973,5250,0,No-Show,
BR12464,B02219,R04973,4900,0,No-Show,
BR12465,B03798,R04897,7150,5,Checked-Out,3
BR12466,B02188,R04896,8400,5,Checked-Out,4
BR12467,B02188,R04899,7200,0,Checked-Out,4
BR12468,B01094,R04973,5750,0,Checked-Out,4
BR12469,B02372,R04982,8100,30,Checked-Out,5
BR12470,B08622,R04909,3900,0,Checked-Out,4
BR12471,B08725,R04962,13950,0,Checked-Out,4
BR12472,B08725,R04968,15900,0,Checked-Out,4
BR12473,B08964,R04913,8050,0,Checked-Out,4
BR12474,B08634,R04906,8750,0,Checked-Out,3
BR12475,B05278,R04985,8150,30,Checked-Out,5
BR12476,B06343,R04914,6150,20,Checked-Out,4
BR12477,B07956,R04916,10150,5,Checked-Out,4
BR12478,B02790,R04918,9000,5,Checked-Out,3
BR12479,B02914,R04986,6650,10,Checked-Out,4
BR12480,B05852,R04987,9050,20,Checked-Out,4
BR12481,B08671,R04993,7800,0,Checked-Out,5
BR12482,B09783,R04915,4750,15,No-Show,
BR12483,B00085,R04995,7200,0,Cancelled,
BR12484,B05855,R04920,7100,15,Checked-Out,4
BR12485,B02932,R04995,6950,5,Checked-Out,5
BR12486,B00489,R04813,5350,0,Checked-Out,3
BR12487,B00489,R04814,5600,5,Checked-Out,3
BR12488,B00489,R04815,8500,5,Checked-Out,4
BR12489,B03769,R04818,6250,0,Checked-Out,4
BR12490,B01743,R04915,4500,5,Checked-Out,4
BR12491,B01743,R04919,2950,0,Checked-Out,4
BR12492,B00131,R04819,4650,10,Checked-Out,4
BR12493,B03151,R04976,10300,20,Checked-Out,4
BR12494,B03151,R04821,6350,5,Checked-Out,4
BR12495,B07466,R04922,5550,0,Checked-Out,5
BR12496,B05946,R04921,5400,0,Checked-Out,4
BR12497,B08693,R04925,7400,0,Checked-Out,4
BR12498,B06994,R04823,7900,0,No-Show,
BR12499,B06994,R04833,4500,10,No-Show,
BR12500,B08778,R04927,5950,10,Checked-Out,4
BR12501,B03065,R04930,6650,30,Checked-Out,4
BR12502,B08833,R04823,6800,20,Checked-Out,1
BR12503,B02198,R04980,10100,0,Cancelled,
BR12504,B09545,R04833,3900,10,Checked-Out,4
BR12505,B01568,R04932,6350,5,Checked-Out,3
BR12506,B01568,R04934,6750,5,Checked-Out,4
BR12507,B07812,R04917,6100,0,Checked-Out,5
BR12508,B06923,R04929,5200,10,Checked-Out,4
BR12509,B03998,R04980,9800,15,Checked-Out,4
BR12510,B05257,R04835,4750,5,Checked-Out,4
BR12511,B05257,R04836,5600,5,Checked-Out,3
BR12512,B09210,R04928,3100,20,Checked-Out,5
BR12513,B08252,R04981,8350,0,Checked-Out,4
BR12514,B05516,R04984,6700,5,Checked-Out,5
BR12515,B09681,R04992,13000,10,Checked-Out,3
BR12516,B09681,R04931,3000,0,Checked-Out,5
BR12517,B08694,R04994,11550,20,Checked-Out,5
BR12518,B02120,R04999,11800,0,Checked-Out,4
BR12519,B02120,R04940,5100,5,Checked-Out,2
BR12520,B02120,R04811,11850,15,Checked-Out,5
BR12521,B00191,R04946,3550,10,Checked-Out,4
BR12522,B03463,R04935,9400,20,Checked-Out,3
BR12523,B04081,R04837,9050,5,Checked-Out,5
BR12524,B04081,R04841,5750,0,Checked-Out,4
BR12525,B04081,R04843,6500,10,Checked-Out,5
BR12526,B00496,R04844,8000,25,Checked-Out,5
BR12527,B07002,R04988,7050,15,Checked-Out,5
BR12528,B04563,R04936,8850,0,Checked-Out,3
BR12529,B09332,R04939,9050,10,Checked-Out,4
BR12530,B09895,R04949,4100,0,Checked-Out,4
BR12531,B02390,R04845,6050,10,Checked-Out,4
BR12532,B02390,R04846,6800,5,Checked-Out,5
BR12533,B09028,R04956,6400,10,Checked-Out,2
BR12534,B09028,R04959,4800,0,Checked-Out,4
BR12535,B09028,R04965,5700,25,Checked-Out,5
BR12536,B02968,R04971,4550,0,Checked-Out,5
BR12537,B01835,R04851,7300,5,Checked-Out,4
BR12538,B01835,R04865,7900,20,Checked-Out,4
BR12539,B02562,R04816,14600,0,Checked-Out,4
BR12540,B06967,R04974,4300,20,Checked-Out,4
BR12541,B07084,R04867,6350,5,Checked-Out,5
BR12542,B07084,R04866,7900,15,Checked-Out,3
BR12543,B05708,R04820,7950,10,Checked-Out,5
BR12544,B07623,R04849,17350,10,Checked-Out,3
BR12545,B08466,R04882,17900,0,Checked-Out,4
BR12546,B07393,R04827,8000,15,Cancelled,
BR12547,B08563,R04869,6200,10,Checked-Out,4
BR12548,B00012,R04977,4700,0,Checked-Out,5
BR12549,B09389,R04874,6450,10,Checked-Out,3
BR12550,B01247,R04883,7100,15,Checked-Out,4
BR12551,B01247,R04885,7000,5,Checked-Out,4
BR12552,B09497,R04884,17950,0,Checked-Out,5
BR12553,B00985,R04901,17100,10,Checked-Out,3
BR12554,B00985,R04911,13500,10,Checked-Out,3
BR12555,B07662,R04963,8300,20,No-Show,
BR12556,B05768,R04886,7000,0,No-Show,
BR12557,B05768,R04891,6850,0,No-Show,
BR12558,B08069,R04978,5250,0,Checked-Out,4
BR12559,B04200,R04886,6950,15,Checked-Out,5
BR12560,B01256,R04891,6950,0,Checked-Out,3
BR12561,B01256,R04893,9000,10,Checked-Out,5
BR12562,B00326,R04983,4750,0,Checked-Out,4
BR12563,B04836,R04997,5500,10,Checked-Out,4
BR12564,B04836,R04900,5150,5,Checked-Out,3
BR12565,B05731,R04963,7300,10,Checked-Out,5
BR12566,B09248,R05000,4850,0,Cancelled,
BR12567,B07831,R04941,18100,5,Checked-Out,4
BR12568,B07831,R05000,5200,0,Checked-Out,4
BR12569,B08903,R04898,7850,10,Cancelled,
BR12570,B09409,R04812,5250,5,Checked-Out,4
BR12571,B00533,R04822,6400,20,Checked-Out,2
BR12572,B01459,R04826,3750,5,Checked-Out,4
BR12573,B03801,R04967,7600,10,Checked-Out,3
BR12574,B07193,R04828,6500,5,Checked-Out,3
BR12575,B07193,R04831,4250,0,Checked-Out,4
BR12576,B04411,R04898,7250,5,Checked-Out,4
BR12577,B04411,R04947,12900,10,Checked-Out,4
BR12578,B05170,R04834,5850,5,Checked-Out,5
BR12579,B05688,R04950,11800,0,Checked-Out,4
BR12580,B05688,R04955,17200,5,Checked-Out,5
BR12581,B05688,R04958,18200,25,Checked-Out,5
BR12582,B05590,R04827,7900,25,Checked-Out,3
BR12583,B05590,R04830,8500,10,Checked-Out,4
BR12584,B07327,R04969,8600,15,Checked-Out,5
BR12585,B09784,R04852,8300,15,Cancelled,
BR12586,B05357,R04902,7400,10,Checked-Out,4
BR12587,B02181,R04904,7600,10,No-Show,
BR12588,B02181,R04839,6550,10,No-Show,
BR12589,B02181,R04910,6250,10,No-Show,
BR12590,B07526,R04852,9300,15,Checked-Out,5
BR12591,B07526,R04855,10150,0,Checked-Out,3
BR12592,B09546,R04839,7200,0,Checked-Out,4
BR12593,B09068,R04960,12450,15,Checked-Out,5
BR12594,B04466,R04904,7950,0,Cancelled,
BR12595,B04466,R04910,6550,0,Cancelled,
BR12596,B09367,R04962,14350,30,Checked-Out,4
BR12597,B09367,R04968,16100,5,Checked-Out,4
BR12598,B09367,R04976,12100,0,Checked-Out,4
BR12599,B07003,R04980,14700,10,Checked-Out,4
BR12600,B01764,R04842,6600,10,Checked-Out,4
BR12601,B02711,R04904,8250,10,Checked-Out,4
BR12602,B02711,R04970,11000,15,Checked-Out,3
BR12603,B08114,R04910,7100,15,Checked-Out,4
BR12604,B00041,R04975,8300,0,Checked-Out,4
BR12605,B04301,R04853,4350,0,Checked-Out,4
BR12606,B06873,R04912,6050,0,Cancelled,
BR12607,B04706,R04979,10000,0,Cancelled,
BR12608,B07818,R04981,12500,5,Cancelled,
BR12609,B01563,R04979,8600,10,Checked-Out,4
BR12610,B01563,R04989,10750,0,Checked-Out,5
BR12611,B01996,R04854,4750,0,Checked-Out,5
BR12612,B02969,R04990,7700,0,Checked-Out,5
BR12613,B02969,R04857,6200,30,Checked-Out,4
BR12614,B09326,R04858,3550,0,Checked-Out,3
BR12615,B04150,R04860,5650,0,Checked-Out,4
BR12616,B05172,R04912,6250,5,Checked-Out,1
BR12617,B07173,R04923,7550,0,Checked-Out,4
BR12618,B07173,R04991,7700,15,Checked-Out,4
BR12619,B02796,R04924,7200,10,Checked-Out,4
BR12620,B07976,R04926,5650,0,Checked-Out,3
BR12621,B07976,R04933,5800,0,Checked-Out,5
BR12622,B07976,R04937,9150,0,Checked-Out,5
BR12623,B07739,R04981,12800,5,Checked-Out,4
BR12624,B00104,R04996,9450,10,Checked-Out,5
BR12625,B00104,R04998,10150,0,Checked-Out,5
BR12626,B09660,R04817,11050,5,No-Show,
BR12627,B09040,R04861,4450,5,Checked-Out,4
BR12628,B09040,R04862,6000,5,Checked-Out,5
BR12629,B07004,R04938,5100,10,Checked-Out,4
BR12630,B07004,R04942,7100,25,Checked-Out,5
BR12631,B03588,R04943,6900,0,Checked-Out,4
BR12632,B00409,R04992,15400,5,Cancelled,
BR12633,B04145,R04868,5050,15,Checked-Out,3
BR12634,B01339,R04872,4950,15,Checked-Out,5
BR12635,B01339,R04873,5200,10,Checked-Out,4
BR12636,B01257,R04944,5500,5,Checked-Out,5
BR12637,B04892,R04817,10100,0,No-Show,
BR12638,B08967,R04945,6100,15,Checked-Out,3
BR12639,B03999,R04887,7050,0,Checked-Out,4
BR12640,B03595,R04948,7550,0,Checked-Out,4
BR12641,B02824,R04817,9000,30,Checked-Out,4
BR12642,B06820,R04878,4700,0,Checked-Out,4
BR12643,B06226,R04951,7650,20,Checked-Out,4
BR12644,B05171,R04824,8400,5,Cancelled,
BR12645,B06044,R04992,15800,5,Cancelled,
BR12646,B09041,R04952,5650,0,Checked-Out,3
BR12647,B03832,R04881,3350,0,Checked-Out,4
BR12648,B03832,R04953,6500,15,Checked-Out,5
BR12649,B03614,R04954,5400,10,Checked-Out,4
BR12650,B03614,R04957,6600,15,Checked-Out,4
BR12651,B01816,R04992,15700,15,Checked-Out,4
BR12652,B01938,R04961,7750,0,Checked-Out,3
BR12653,B02698,R04811,11550,0,Checked-Out,5
BR12654,B02698,R04994,10700,5,Checked-Out,4
BR12655,B02698,R04999,9900,5,Checked-Out,5
BR12656,B08226,R04964,8500,10,Checked-Out,4
BR12657,B08226,R04966,6550,0,Checked-Out,4
BR12658,B08221,R04824,8150,0,Checked-Out,4
BR12659,B00453,R04896,8500,5,Checked-Out,4
BR12660,B00453,R04890,4800,0,Checked-Out,4
BR12661,B03604,R04825,8800,10,Checked-Out,4
BR12662,B00497,R04899,6650,15,Checked-Out,3
BR12663,B05831,R04816,12500,10,Cancelled,
BR12664,B09412,R04972,6150,0,Checked-Out,4
BR12665,B08801,R04973,5600,5,Checked-Out,4
BR12666,B01399,R04982,8850,10,Checked-Out,4
BR12667,B06272,R04985,9450,20,Checked-Out,5
BR12668,B09862,R04986,7300,0,Checked-Out,4
BR12669,B04453,R04894,4350,5,Checked-Out,2
BR12670,B06777,R04987,9250,5,Checked-Out,3
BR12671,B07243,R04829,8750,10,Checked-Out,5
BR12672,B09769,R04993,7700,10,Checked-Out,3
BR12673,B09769,R04813,6250,10,Checked-Out,4
BR12674,B03078,R04903,7150,5,Checked-Out,3
BR12675,B08804,R04814,5250,10,Checked-Out,5
BR12676,B04725,R04816,12450,5,Checked-Out,4
BR12677,B04725,R04882,17850,0,Checked-Out,5
BR12678,B06255,R04832,7400,0,Checked-Out,4
BR12679,B02527,R04849,18950,5,Checked-Out,5
BR12680,B07103,R04838,11250,15,Checked-Out,4
BR12681,B03388,R04840,7150,10,Checked-Out,5
BR12682,B01837,R04815,7600,0,Checked-Out,4
BR12683,B08368,R04913,8100,10,Checked-Out,5
BR12684,B08368,R04847,10550,5,Checked-Out,4
BR12685,B00784,R04905,3950,5,Checked-Out,4
BR12686,B06968,R04995,7100,0,Checked-Out,5
BR12687,B05797,R04884,16450,10,Checked-Out,3
BR12688,B05797,R04818,6300,10,Checked-Out,4
BR12689,B00665,R04917,8400,30,Checked-Out,3
BR12690,B00665,R04848,10200,15,Checked-Out,4
BR12691,B00665,R04819,5800,0,Checked-Out,4
BR12692,B03787,R04821,7200,15,Checked-Out,5
BR12693,B04309,R04833,5400,5,Cancelled,
BR12694,B08617,R04833,5450,0,Checked-Out,5
BR12695,B08617,R04823,8300,0,Checked-Out,3
BR12696,B09878,R04929,7600,0,Checked-Out,3
BR12697,B07687,R04850,8450,0,Checked-Out,4
BR12698,B07687,R04856,7900,0,Checked-Out,5
BR12699,B05261,R04835,6150,0,No-Show,
BR12700,B00119,R04859,9200,0,Checked-Out,4
BR12701,B05168,R04835,7850,0,Cancelled,
BR12702,B05438,R04863,7100,5,Checked-Out,4
BR12703,B04938,R04835,5200,25,Checked-Out,5
BR12704,B06086,R04907,5050,10,Checked-Out,3
BR12705,B06086,R04908,4600,15,Checked-Out,3
BR12706,B06086,R04836,6400,5,Checked-Out,3
BR12707,B04684,R04837,7200,15,Checked-Out,5
BR12708,B05964,R04901,13400,0,Checked-Out,5
BR12709,B09188,R04911,10700,5,Checked-Out,4
BR12710,B07696,R04841,5100,5,Checked-Out,5
BR12711,B04379,R04909,3350,10,Checked-Out,5
BR12712,B04379,R04914,5450,10,Checked-Out,5
BR12713,B05809,R04915,4650,20,Checked-Out,5
BR12714,B03348,R04941,15750,20,Checked-Out,5
BR12715,B05084,R04843,5950,10,Cancelled,
BR12716,B08130,R04919,3100,0,Cancelled,
BR12717,B08130,R04921,6000,5,Cancelled,
BR12718,B03541,R04984,8350,10,Checked-Out,5
BR12719,B04461,R04843,6350,10,Checked-Out,4
BR12720,B05173,R04844,6500,10,Checked-Out,5
BR12721,B09917,R04845,5450,5,Checked-Out,4
BR12722,B09917,R04846,5800,5,Checked-Out,3
BR12723,B09833,R04950,9350,0,No-Show,
BR12724,B02845,R04851,6300,20,Cancelled,
BR12725,B05897,R04919,3750,5,Checked-Out,4
BR12726,B00498,R04851,6950,0,Cancelled,
BR12727,B00498,R04865,6850,15,Cancelled,
BR12728,B04923,R04864,7750,10,Checked-Out,3
BR12729,B06448,R04851,6150,10,Checked-Out,5
BR12730,B03464,R04865,5250,0,Checked-Out,5
BR12731,B03464,R04866,6750,15,Checked-Out,4
BR12732,B03464,R04867,5150,30,Checked-Out,5
BR12733,B06704,R04869,4550,25,Checked-Out,5
BR12734,B06704,R04874,4850,5,Checked-Out,2
BR12735,B07838,R04921,4650,5,Checked-Out,4
BR12736,B09643,R04928,3300,5,Checked-Out,4
BR12737,B02311,R04950,7700,0,Checked-Out,5
BR12738,B02946,R04870,6850,10,Checked-Out,5
BR12739,B06177,R04883,5550,15,Checked-Out,3
BR12740,B00300,R04885,5000,0,Checked-Out,5
BR12741,B00300,R04886,4900,15,Checked-Out,4
BR12742,B03205,R04931,3350,0,Checked-Out,4
BR12743,B03205,R04940,3600,15,Checked-Out,3
BR12744,B07418,R04875,6750,15,Checked-Out,5
BR12745,B07418,R04871,6000,5,Checked-Out,3
BR12746,B06952,R04946,2550,0,Cancelled,
BR12747,B06593,R04891,5150,10,Checked-Out,4
BR12748,B06593,R04893,6150,0,Checked-Out,4
BR12749,B07590,R04900,4000,10,Checked-Out,4
BR12750,B07342,R04898,4900,0,Checked-Out,5
BR12751,B08341,R04902,5250,0,Checked-Out,4
BR12752,B08341,R04946,2500,0,Checked-Out,3
BR12753,B09031,R04988,5550,0,Checked-Out,4
BR12754,B09829,R04876,7050,0,Checked-Out,3
BR12755,B07455,R04955,11950,0,Checked-Out,4
BR12756,B07187,R04949,3250,10,Checked-Out,4
BR12757,B06413,R04877,7300,20,Checked-Out,4
BR12758,B06413,R04879,7350,10,Checked-Out,4
BR12759,B06927,R04971,3550,0,Checked-Out,5
BR12760,B01925,R04880,6450,15,Checked-Out,3
BR12761,B04951,R04888,6100,0,No-Show,
BR12762,B07392,R04956,5000,0,Cancelled,
BR12763,B08015,R04956,4350,5,Checked-Out,4
BR12764,B09661,R04959,3450,10,Checked-Out,4
BR12765,B09661,R04965,4050,0,Checked-Out,5
BR12766,B00120,R04888,5300,20,No-Show,
BR12767,B02182,R04888,5250,5,Checked-Out,5
BR12768,B02182,R04889,6500,5,Checked-Out,4
BR12769,B02574,R04974,3150,0,Checked-Out,5
BR12770,B09550,R04904,6100,5,Checked-Out,5
BR12771,B03101,R04910,5200,0,Checked-Out,4
BR12772,B03101,R04923,5750,20,Checked-Out,3
BR12773,B03101,R04912,4250,10,Checked-Out,5
BR12774,B01730,R04926,4550,0,Checked-Out,5
BR12775,B03772,R04933,4050,0,Checked-Out,4
BR12776,B09627,R04937,6750,0,Cancelled,
BR12777,B06408,R04937,6700,20,Checked-Out,5
BR12778,B06408,R04977,3750,10,Checked-Out,4
BR12779,B06594,R04924,5400,0,Checked-Out,5
BR12780,B02584,R04938,4450,0,Checked-Out,5
BR12781,B01653,R04978,4250,10,Cancelled,
BR12782,B05331,R04892,6050,0,Checked-Out,3
BR12783,B01418,R04978,4200,5,Checked-Out,2
BR12784,B01418,R04983,3100,15,Checked-Out,4
BR12785,B01418,R04997,3850,0,Checked-Out,3
BR12786,B02577,R04942,5500,5,Checked-Out,5
BR12787,B08805,R04812,4200,15,Checked-Out,5
BR12788,B00081,R04820,6400,0,Checked-Out,4
BR12789,B05970,R04958,12850,0,Cancelled,
BR12790,B05437,R04895,7150,15,Checked-Out,5
BR12791,B03108,R04958,12000,15,Checked-Out,4
BR12792,B03108,R04947,9600,0,Checked-Out,5
