booking_id,hotel_id,guest_id,booking_date,check_in_date,check_out_date,booking_channel
B00001,H014,G00001,2024-03-01,2024-04-11,2024-04-12,Corporate Booking
B00002,H016,G00001,2026-01-29,2026-02-13,2026-02-16,Corporate Booking
B00003,H013,G00002,2024-03-10,2024-03-24,2024-03-26,Phone Booking
B00004,H001,G00002,2024-03-31,2024-04-29,2024-05-04,Hotel Website
B00005,H005,G00002,2025-06-17,2025-07-04,2025-07-07,Mobile App
B00006,H001,G00003,2024-02-03,2024-02-04,2024-02-06,Walk-in
B00007,H011,G00003,2026-03-31,2026-04-13,2026-04-15,Travel Agent
B00008,H012,G00004,2025-02-06,2025-03-09,2025-03-11,Hotel Website
B00009,H004,G00005,2024-01-07,2024-01-29,2024-02-03,Hotel Website
B00010,H016,G00005,2026-03-01,2026-03-02,2026-03-03,Walk-in
B00011,H013,G00006,2024-05-12,2024-05-13,2024-05-15,Walk-in
B00012,H020,G00007,2025-10-29,2025-11-18,2025-11-21,Travel Agent
B00013,H013,G00008,2024-01-29,2024-03-01,2024-03-03,Travel Agent
B00014,H020,G00008,2024-07-26,2024-08-01,2024-08-06,OTA
B00015,H017,G00008,2026-04-24,2026-05-10,2026-05-11,OTA
B00016,H005,G00009,2025-10-23,2025-11-18,2025-11-21,OTA
B00017,H014,G00009,2026-07-04,2026-08-18,2026-08-22,Corporate Booking
B00018,H014,G00009,2025-08-06,2025-08-21,2025-08-22,Corporate Booking
B00019,H015,G00009,2026-07-12,2026-08-13,2026-08-15,Corporate Booking
B00020,H001,G00010,2024-07-03,2024-07-21,2024-07-26,Hotel Website
B00021,H001,G00010,2025-04-11,2025-05-06,2025-05-11,Hotel Website
B00022,H012,G00011,2025-02-03,2025-02-08,2025-02-09,Phone Booking
B00023,H011,G00011,2025-07-09,2025-07-16,2025-07-17,OTA
B00024,H008,G00012,2025-08-09,2025-08-10,2025-08-14,Walk-in
B00025,H008,G00012,2026-03-25,2026-04-29,2026-05-01,Hotel Website
B00026,H014,G00013,2024-01-15,2024-01-25,2024-01-29,Mobile App
B00027,H012,G00014,2024-02-04,2024-03-01,2024-03-02,Corporate Booking
B00028,H017,G00015,2026-03-03,2026-03-29,2026-03-31,Hotel Website
B00029,H008,G00015,2026-06-23,2026-07-05,2026-07-07,Hotel Website
B00030,H014,G00016,2024-08-15,2024-08-31,2024-09-03,Phone Booking
B00031,H015,G00016,2024-12-01,2024-12-12,2024-12-14,OTA
B00032,H004,G00017,2024-12-07,2024-12-25,2024-12-29,Mobile App
B00033,H002,G00018,2025-10-17,2025-11-16,2025-11-18,Hotel Website
B00034,H013,G00019,2025-04-26,2025-05-22,2025-05-23,OTA
B00035,H001,G00019,2026-04-18,2026-04-19,2026-04-23,Walk-in
B00036,H011,G00019,2026-07-27,2026-08-28,2026-08-31,Hotel Website
B00037,H020,G00020,2024-12-19,2024-12-31,2025-01-04,Mobile App
B00038,H020,G00020,2025-01-24,2025-02-16,2025-02-18,Hotel Website
B00039,H015,G00021,2026-02-02,2026-02-20,2026-02-23,Corporate Booking
B00040,H018,G00022,2025-01-15,2025-01-21,2025-01-26,Mobile App
B00041,H020,G00022,2026-01-10,2026-01-31,2026-02-04,OTA
B00042,H016,G00022,2026-07-11,2026-08-18,2026-08-21,Corporate Booking
B00043,H011,G00023,2024-12-08,2024-12-11,2024-12-12,OTA
B00044,H011,G00023,2025-01-13,2025-01-22,2025-01-23,Travel Agent
B00045,H015,G00023,2026-03-02,2026-03-04,2026-03-08,OTA
B00046,H007,G00024,2026-05-31,2026-07-13,2026-07-16,Travel Agent
B00047,H007,G00024,2026-08-16,2026-08-25,2026-08-28,Travel Agent
B00048,H002,G00025,2024-07-26,2024-07-27,2024-07-30,Walk-in
B00049,H001,G00025,2025-07-31,2025-08-02,2025-08-04,Mobile App
B00050,H004,G00026,2026-01-02,2026-01-11,2026-01-18,OTA
B00051,H002,G00026,2026-03-29,2026-04-22,2026-04-25,Travel Agent
B00052,H016,G00027,2026-06-17,2026-07-25,2026-07-27,Corporate Booking
B00053,H018,G00027,2026-08-13,2026-08-29,2026-08-31,OTA
B00054,H012,G00027,2025-08-05,2025-08-30,2025-09-01,Corporate Booking
B00055,H006,G00028,2025-09-28,2025-10-04,2025-10-07,Mobile App
B00056,H001,G00028,2025-11-19,2025-12-17,2025-12-22,Hotel Website
B00057,H015,G00029,2025-10-18,2025-10-25,2025-10-28,Phone Booking
B00058,H002,G00029,2026-01-08,2026-01-11,2026-01-15,OTA
B00059,H018,G00030,2026-08-04,2026-08-28,2026-08-31,OTA
B00060,H017,G00031,2025-03-29,2025-04-04,2025-04-07,Hotel Website
B00061,H016,G00032,2026-04-05,2026-04-06,2026-04-10,Phone Booking
B00062,H018,G00032,2026-05-16,2026-05-22,2026-05-23,OTA
B00063,H015,G00033,2025-06-14,2025-06-30,2025-07-03,Mobile App
B00064,H006,G00034,2026-05-27,2026-06-11,2026-06-14,Mobile App
B00065,H003,G00034,2026-07-29,2026-08-20,2026-08-24,Hotel Website
B00066,H003,G00034,2026-04-16,2026-05-06,2026-05-09,Phone Booking
B00067,H016,G00035,2024-05-04,2024-05-29,2024-05-31,Hotel Website
B00068,H013,G00035,2024-08-06,2024-08-17,2024-08-19,Hotel Website
B00069,H018,G00035,2024-09-21,2024-10-12,2024-10-16,Corporate Booking
B00070,H016,G00036,2026-01-15,2026-01-16,2026-01-20,Phone Booking
B00071,H017,G00036,2026-07-26,2026-08-07,2026-08-10,Mobile App
B00072,H016,G00037,2025-01-07,2025-01-10,2025-01-13,Hotel Website
B00073,H005,G00037,2025-04-12,2025-04-13,2025-04-16,Phone Booking
B00074,H011,G00038,2025-07-12,2025-08-23,2025-08-24,Travel Agent
B00075,H011,G00038,2025-10-18,2025-11-08,2025-11-11,Mobile App
B00076,H002,G00039,2025-11-16,2025-12-13,2025-12-16,Corporate Booking
B00077,H011,G00040,2026-04-30,2026-05-20,2026-05-23,OTA
B00078,H017,G00041,2024-03-21,2024-04-08,2024-04-09,Mobile App
B00079,H014,G00041,2025-12-13,2025-12-16,2025-12-19,OTA
B00080,H017,G00041,2026-04-18,2026-04-19,2026-04-20,Walk-in
B00081,H020,G00041,2026-08-17,2026-08-24,2026-08-26,Mobile App
B00082,H012,G00042,2024-06-27,2024-07-09,2024-07-10,Corporate Booking
B00083,H016,G00042,2025-01-11,2025-01-18,2025-01-20,Phone Booking
B00084,H016,G00042,2026-08-13,2026-08-17,2026-08-18,Hotel Website
B00085,H020,G00043,2025-05-18,2025-05-25,2025-05-28,OTA
B00086,H001,G00043,2026-01-24,2026-02-17,2026-02-24,Corporate Booking
B00087,H003,G00043,2026-03-04,2026-03-14,2026-03-17,Corporate Booking
B00088,H001,G00043,2026-07-19,2026-08-17,2026-08-20,Hotel Website
B00089,H016,G00044,2024-04-10,2024-05-10,2024-05-12,OTA
B00090,H006,G00044,2025-03-20,2025-04-04,2025-04-05,Mobile App
B00091,H005,G00045,2025-03-20,2025-04-05,2025-04-11,Travel Agent
B00092,H014,G00045,2025-07-27,2025-09-07,2025-09-10,Corporate Booking
B00093,H019,G00046,2024-09-18,2024-09-23,2024-09-26,Phone Booking
B00094,H003,G00046,2026-01-18,2026-02-19,2026-02-23,Hotel Website
B00095,H016,G00046,2026-07-11,2026-07-26,2026-07-29,Travel Agent
B00096,H014,G00047,2024-02-26,2024-03-19,2024-03-20,Corporate Booking
B00097,H018,G00048,2026-03-07,2026-04-05,2026-04-09,Hotel Website
B00098,H012,G00048,2026-07-06,2026-08-08,2026-08-09,Hotel Website
B00099,H013,G00049,2024-03-30,2024-04-08,2024-04-09,Phone Booking
B00100,H016,G00050,2025-08-23,2025-08-24,2025-08-27,Walk-in
B00101,H004,G00050,2026-04-01,2026-04-20,2026-04-24,Hotel Website
B00102,H016,G00051,2024-04-01,2024-04-04,2024-04-09,Mobile App
B00103,H016,G00051,2026-06-30,2026-07-09,2026-07-10,OTA
B00104,H020,G00052,2026-02-10,2026-02-25,2026-02-27,Mobile App
B00105,H012,G00053,2024-12-04,2024-12-05,2024-12-08,Mobile App
B00106,H015,G00054,2024-02-27,2024-03-05,2024-03-09,Travel Agent
B00107,H008,G00055,2025-12-25,2026-01-01,2026-01-03,Mobile App
B00108,H016,G00056,2024-03-27,2024-04-05,2024-04-06,Hotel Website
B00109,H004,G00056,2024-08-10,2024-09-08,2024-09-13,Travel Agent
B00110,H011,G00056,2024-11-13,2024-12-02,2024-12-04,Corporate Booking
B00111,H012,G00056,2025-08-10,2025-09-01,2025-09-04,OTA
B00112,H002,G00056,2026-02-23,2026-03-09,2026-03-15,Travel Agent
B00113,H014,G00057,2026-06-20,2026-07-12,2026-07-13,Corporate Booking
B00114,H013,G00058,2025-03-25,2025-04-21,2025-04-25,OTA
B00115,H011,G00059,2025-04-21,2025-05-21,2025-05-22,OTA
B00116,H005,G00059,2025-12-15,2026-01-09,2026-01-15,OTA
B00117,H001,G00060,2024-06-29,2024-07-03,2024-07-07,Mobile App
B00118,H014,G00061,2025-01-18,2025-02-28,2025-03-05,Corporate Booking
B00119,H020,G00061,2026-05-29,2026-05-30,2026-06-02,Walk-in
B00120,H020,G00061,2026-08-05,2026-08-07,2026-08-11,Hotel Website
B00121,H004,G00061,2024-03-21,2024-03-27,2024-03-30,Phone Booking
B00122,H004,G00061,2024-09-19,2024-09-30,2024-10-02,OTA
B00123,H013,G00061,2025-01-09,2025-01-15,2025-01-16,Hotel Website
B00124,H002,G00062,2024-02-01,2024-02-17,2024-02-19,OTA
B00125,H014,G00062,2025-10-26,2025-11-01,2025-11-02,Phone Booking
B00126,H019,G00063,2026-03-25,2026-04-28,2026-04-30,Hotel Website
B00127,H011,G00063,2026-06-02,2026-07-06,2026-07-08,Hotel Website
B00128,H014,G00064,2024-09-18,2024-10-04,2024-10-05,Mobile App
B00129,H013,G00065,2025-05-02,2025-05-07,2025-05-09,Hotel Website
B00130,H018,G00065,2025-09-25,2025-10-08,2025-10-11,Mobile App
B00131,H020,G00066,2025-06-04,2025-06-21,2025-06-23,Travel Agent
B00132,H007,G00066,2025-09-16,2025-09-17,2025-09-18,Walk-in
B00133,H003,G00067,2024-12-20,2025-02-01,2025-02-06,Travel Agent
B00134,H003,G00067,2025-12-30,2026-01-09,2026-01-13,Phone Booking
B00135,H004,G00068,2024-01-01,2024-01-06,2024-01-11,OTA
B00136,H012,G00068,2025-05-15,2025-06-02,2025-06-03,Hotel Website
B00137,H005,G00069,2025-07-02,2025-07-16,2025-07-19,Travel Agent
B00138,H015,G00069,2025-12-18,2026-01-10,2026-01-13,OTA
B00139,H013,G00069,2026-05-11,2026-06-17,2026-06-18,Corporate Booking
B00140,H014,G00070,2024-10-13,2024-11-01,2024-11-04,OTA
B00141,H001,G00070,2026-06-13,2026-06-25,2026-06-28,Phone Booking
B00142,H011,G00071,2024-08-12,2024-08-28,2024-08-29,Hotel Website
B00143,H013,G00071,2025-09-05,2025-09-17,2025-09-19,Travel Agent
B00144,H016,G00071,2025-10-29,2025-10-31,2025-11-01,Mobile App
B00145,H004,G00072,2025-01-21,2025-01-30,2025-02-01,Hotel Website
B00146,H004,G00072,2025-11-12,2025-11-17,2025-11-20,OTA
B00147,H005,G00073,2024-11-08,2024-11-12,2024-11-16,Hotel Website
B00148,H016,G00073,2026-02-10,2026-03-06,2026-03-07,Corporate Booking
B00149,H017,G00074,2024-10-28,2024-11-11,2024-11-15,OTA
B00150,H001,G00074,2025-11-30,2025-12-19,2025-12-21,OTA
B00151,H001,G00074,2026-02-19,2026-03-07,2026-03-12,OTA
B00152,H012,G00075,2025-01-29,2025-02-26,2025-02-27,Corporate Booking
B00153,H012,G00075,2025-11-18,2025-12-09,2025-12-10,OTA
B00154,H007,G00075,2026-04-23,2026-05-21,2026-05-24,OTA
B00155,H013,G00076,2025-05-08,2025-05-21,2025-05-22,Travel Agent
B00156,H008,G00076,2026-01-15,2026-02-05,2026-02-09,Mobile App
B00157,H001,G00077,2024-12-01,2024-12-20,2024-12-26,Phone Booking
B00158,H001,G00077,2025-01-20,2025-02-21,2025-02-24,Travel Agent
B00159,H002,G00078,2025-07-18,2025-08-02,2025-08-05,OTA
B00160,H006,G00078,2025-10-01,2025-10-11,2025-10-14,Mobile App
B00161,H019,G00079,2024-01-14,2024-01-21,2024-01-27,Travel Agent
B00162,H013,G00080,2026-01-09,2026-01-25,2026-01-27,Hotel Website
B00163,H017,G00080,2026-05-09,2026-06-17,2026-06-19,Travel Agent
B00164,H011,G00081,2025-11-28,2025-12-19,2025-12-20,Hotel Website
B00165,H014,G00082,2026-02-12,2026-03-12,2026-03-14,Hotel Website
B00166,H012,G00083,2025-07-26,2025-08-08,2025-08-09,Phone Booking
B00167,H016,G00083,2026-03-16,2026-03-21,2026-03-22,Mobile App
B00168,H002,G00083,2026-08-15,2026-08-18,2026-08-20,OTA
B00169,H015,G00084,2024-09-04,2024-09-20,2024-09-23,Corporate Booking
B00170,H016,G00084,2025-09-16,2025-10-13,2025-10-14,Hotel Website
B00171,H009,G00084,2026-02-22,2026-03-06,2026-03-08,Travel Agent
B00172,H020,G00085,2024-03-14,2024-03-19,2024-03-20,Travel Agent
B00173,H011,G00086,2024-01-10,2024-01-24,2024-01-27,Corporate Booking
B00174,H001,G00087,2025-01-15,2025-01-30,2025-02-02,OTA
B00175,H001,G00087,2025-03-15,2025-03-28,2025-04-01,Hotel Website
B00176,H002,G00088,2024-10-23,2024-11-04,2024-11-08,OTA
B00177,H003,G00088,2026-01-22,2026-02-12,2026-02-15,Corporate Booking
B00178,H011,G00089,2026-05-05,2026-05-15,2026-05-17,OTA
B00179,H011,G00089,2026-06-25,2026-07-20,2026-07-23,Travel Agent
B00180,H005,G00090,2026-03-09,2026-03-20,2026-03-24,Mobile App
B00181,H015,G00091,2024-10-12,2024-10-24,2024-10-25,OTA
B00182,H015,G00091,2025-11-24,2025-12-05,2025-12-07,Mobile App
B00183,H015,G00091,2026-08-13,2026-08-18,2026-08-20,Corporate Booking
B00184,H013,G00092,2024-12-11,2025-01-14,2025-01-18,Corporate Booking
B00185,H011,G00093,2025-06-12,2025-07-16,2025-07-18,Hotel Website
B00186,H012,G00093,2026-01-11,2026-02-02,2026-02-03,Corporate Booking
B00187,H005,G00094,2024-12-31,2025-01-28,2025-01-31,Hotel Website
B00188,H003,G00094,2025-05-11,2025-05-16,2025-05-19,Mobile App
B00189,H005,G00095,2024-11-10,2024-11-23,2024-11-26,Mobile App
B00190,H012,G00096,2025-01-06,2025-02-05,2025-02-06,Travel Agent
B00191,H020,G00096,2025-09-28,2025-10-07,2025-10-08,Phone Booking
B00192,H011,G00097,2025-05-10,2025-05-20,2025-05-21,Phone Booking
B00193,H011,G00097,2025-07-03,2025-07-04,2025-07-07,Walk-in
B00194,H011,G00098,2024-08-18,2024-09-02,2024-09-03,Corporate Booking
B00195,H011,G00098,2025-07-08,2025-08-13,2025-08-17,Corporate Booking
B00196,H006,G00098,2025-10-29,2025-11-07,2025-11-13,Travel Agent
B00197,H011,G00099,2026-08-25,2026-08-26,2026-08-27,Walk-in
B00198,H003,G00099,2024-08-31,2024-09-06,2024-09-09,Hotel Website
B00199,H004,G00100,2024-05-28,2024-06-23,2024-06-28,Travel Agent
B00200,H003,G00100,2024-09-24,2024-10-14,2024-10-19,OTA
B00201,H004,G00101,2025-04-09,2025-05-01,2025-05-04,Corporate Booking
B00202,H002,G00101,2026-01-29,2026-02-12,2026-02-15,Mobile App
B00203,H015,G00101,2026-02-27,2026-04-05,2026-04-07,Travel Agent
B00204,H008,G00102,2024-02-21,2024-03-07,2024-03-08,OTA
B00205,H012,G00103,2024-12-22,2024-12-27,2024-12-28,Hotel Website
B00206,H008,G00104,2024-09-16,2024-10-12,2024-10-15,OTA
B00207,H003,G00104,2026-04-26,2026-05-14,2026-05-19,Hotel Website
B00208,H003,G00105,2025-11-30,2025-12-02,2025-12-05,OTA
B00209,H005,G00105,2026-01-05,2026-02-17,2026-02-21,Travel Agent
B00210,H015,G00105,2026-03-27,2026-04-09,2026-04-11,Mobile App
B00211,H020,G00106,2024-03-19,2024-03-24,2024-03-27,Phone Booking
B00212,H004,G00107,2024-11-07,2024-12-06,2024-12-09,Travel Agent
B00213,H004,G00107,2025-01-20,2025-01-23,2025-01-29,Hotel Website
B00214,H003,G00108,2025-08-29,2025-10-01,2025-10-05,Travel Agent
B00215,H009,G00108,2026-05-06,2026-05-21,2026-05-23,Mobile App
B00216,H015,G00108,2026-08-02,2026-08-06,2026-08-07,OTA
B00217,H002,G00109,2026-06-27,2026-07-06,2026-07-12,Travel Agent
B00218,H001,G00109,2026-07-22,2026-08-21,2026-08-26,OTA
B00219,H020,G00110,2024-10-14,2024-10-30,2024-11-03,OTA
B00220,H012,G00110,2024-12-14,2025-01-01,2025-01-03,OTA
B00221,H003,G00111,2026-05-13,2026-05-29,2026-06-02,Mobile App
B00222,H017,G00111,2026-06-19,2026-06-25,2026-06-30,OTA
B00223,H009,G00111,2026-07-23,2026-08-07,2026-08-10,OTA
B00224,H015,G00112,2024-05-17,2024-06-13,2024-06-15,Corporate Booking
B00225,H008,G00112,2026-06-07,2026-06-14,2026-06-16,Phone Booking
B00226,H004,G00112,2026-07-15,2026-07-26,2026-07-29,Phone Booking
B00227,H001,G00113,2026-01-14,2026-01-21,2026-01-23,Phone Booking
B00228,H012,G00113,2026-07-08,2026-07-11,2026-07-15,Mobile App
B00229,H004,G00114,2024-02-27,2024-03-21,2024-03-24,OTA
B00230,H001,G00114,2024-11-08,2024-12-12,2024-12-15,Travel Agent
B00231,H011,G00114,2025-09-02,2025-09-03,2025-09-04,Walk-in
B00232,H018,G00115,2025-05-08,2025-05-19,2025-05-22,Phone Booking
B00233,H007,G00115,2025-09-24,2025-10-06,2025-10-07,Corporate Booking
B00234,H001,G00116,2024-01-08,2024-01-11,2024-01-15,OTA
B00235,H018,G00116,2025-04-01,2025-04-11,2025-04-13,OTA
B00236,H001,G00116,2025-12-27,2025-12-28,2025-12-31,OTA
B00237,H003,G00117,2024-12-06,2024-12-09,2024-12-12,Phone Booking
B00238,H003,G00117,2025-02-25,2025-03-10,2025-03-14,Travel Agent
B00239,H016,G00118,2026-08-02,2026-08-05,2026-08-07,Hotel Website
B00240,H017,G00118,2025-09-08,2025-09-11,2025-09-13,Mobile App
B00241,H014,G00118,2025-10-28,2025-11-27,2025-11-28,OTA
B00242,H002,G00118,2026-08-13,2026-08-14,2026-08-20,Walk-in
B00243,H003,G00119,2024-09-12,2024-09-27,2024-10-01,Travel Agent
B00244,H015,G00119,2025-01-05,2025-01-11,2025-01-12,OTA
B00245,H007,G00120,2025-07-08,2025-07-30,2025-08-02,OTA
B00246,H003,G00120,2025-09-08,2025-10-19,2025-10-23,Corporate Booking
B00247,H017,G00121,2024-01-22,2024-01-23,2024-01-25,OTA
B00248,H012,G00122,2024-10-12,2024-11-13,2024-11-15,Travel Agent
B00249,H001,G00123,2025-09-21,2025-10-07,2025-10-10,Travel Agent
B00250,H001,G00123,2026-02-26,2026-03-22,2026-03-25,OTA
B00251,H001,G00123,2026-06-10,2026-06-20,2026-06-23,OTA
B00252,H004,G00124,2025-10-14,2025-10-27,2025-11-02,Hotel Website
B00253,H013,G00125,2026-02-15,2026-03-17,2026-03-20,Hotel Website
B00254,H001,G00125,2026-05-26,2026-06-18,2026-06-24,OTA
B00255,H004,G00125,2026-07-04,2026-07-27,2026-07-30,Travel Agent
B00256,H006,G00126,2024-12-21,2024-12-23,2024-12-27,Mobile App
B00257,H011,G00127,2024-08-05,2024-08-19,2024-08-20,OTA
B00258,H013,G00127,2026-08-11,2026-08-21,2026-08-24,Phone Booking
B00259,H013,G00128,2026-02-11,2026-02-25,2026-02-28,Phone Booking
B00260,H013,G00128,2026-05-06,2026-05-28,2026-05-29,OTA
B00261,H001,G00129,2024-07-13,2024-07-18,2024-07-21,Phone Booking
B00262,H004,G00129,2025-05-12,2025-05-27,2025-05-30,Mobile App
B00263,H008,G00129,2025-10-12,2025-10-14,2025-10-17,Phone Booking
B00264,H009,G00130,2026-07-21,2026-08-18,2026-08-19,Travel Agent
B00265,H003,G00130,2025-03-22,2025-03-30,2025-04-03,Hotel Website
B00266,H001,G00131,2024-12-30,2025-01-24,2025-01-26,Travel Agent
B00267,H013,G00132,2025-06-15,2025-07-02,2025-07-06,OTA
B00268,H005,G00133,2026-05-02,2026-05-05,2026-05-09,OTA
B00269,H013,G00133,2026-07-14,2026-07-21,2026-07-23,Hotel Website
B00270,H008,G00134,2024-02-01,2024-02-22,2024-02-24,OTA
B00271,H008,G00134,2025-06-12,2025-07-16,2025-07-19,Hotel Website
B00272,H015,G00135,2025-03-24,2025-04-24,2025-04-25,Hotel Website
B00273,H003,G00135,2025-11-10,2025-11-17,2025-11-19,Travel Agent
B00274,H016,G00136,2025-05-07,2025-05-19,2025-05-21,Corporate Booking
B00275,H004,G00137,2025-01-19,2025-02-05,2025-02-11,Phone Booking
B00276,H015,G00137,2025-11-18,2025-12-08,2025-12-11,OTA
B00277,H014,G00138,2025-07-04,2025-07-17,2025-07-19,Corporate Booking
B00278,H016,G00138,2026-04-11,2026-05-14,2026-05-16,Hotel Website
B00279,H002,G00138,2026-07-30,2026-08-19,2026-08-24,OTA
B00280,H001,G00139,2025-08-08,2025-09-07,2025-09-10,Hotel Website
B00281,H014,G00139,2026-02-03,2026-02-18,2026-02-22,Hotel Website
B00282,H014,G00139,2026-04-06,2026-04-16,2026-04-17,Mobile App
B00283,H014,G00140,2026-02-03,2026-02-20,2026-02-24,Corporate Booking
B00284,H002,G00140,2026-08-25,2026-08-26,2026-08-28,Walk-in
B00285,H001,G00141,2025-01-26,2025-02-12,2025-02-15,OTA
B00286,H019,G00142,2025-06-26,2025-07-29,2025-08-04,Corporate Booking
B00287,H004,G00143,2024-10-07,2024-11-10,2024-11-14,Hotel Website
B00288,H001,G00143,2026-03-12,2026-03-25,2026-03-29,OTA
B00289,H019,G00143,2026-04-20,2026-05-08,2026-05-09,OTA
B00290,H013,G00144,2025-01-01,2025-01-02,2025-01-03,Walk-in
B00291,H004,G00144,2025-10-09,2025-10-20,2025-10-24,Phone Booking
B00292,H005,G00144,2025-12-19,2025-12-26,2025-12-31,Hotel Website
B00293,H013,G00145,2024-11-08,2024-11-26,2024-11-29,Corporate Booking
B00294,H001,G00146,2024-10-13,2024-11-07,2024-11-09,OTA
B00295,H005,G00146,2025-08-23,2025-09-16,2025-09-22,OTA
B00296,H014,G00147,2026-02-15,2026-02-23,2026-02-26,Hotel Website
B00297,H011,G00147,2026-07-10,2026-07-11,2026-07-13,Walk-in
B00298,H003,G00148,2025-01-06,2025-01-26,2025-01-29,Mobile App
B00299,H003,G00148,2026-05-31,2026-06-08,2026-06-13,Mobile App
B00300,H020,G00149,2026-06-27,2026-07-14,2026-07-20,Phone Booking
B00301,H011,G00149,2026-08-08,2026-08-30,2026-08-31,Hotel Website
B00302,H011,G00149,2026-07-04,2026-07-05,2026-07-07,Walk-in
B00303,H016,G00150,2024-09-16,2024-09-29,2024-10-01,Hotel Website
B00304,H016,G00150,2024-10-21,2024-11-06,2024-11-09,Corporate Booking
B00305,H004,G00150,2025-03-20,2025-03-27,2025-03-30,Corporate Booking
B00306,H011,G00151,2025-07-05,2025-07-10,2025-07-11,Corporate Booking
B00307,H011,G00151,2025-12-03,2025-12-11,2025-12-13,OTA
B00308,H014,G00152,2026-06-11,2026-07-17,2026-07-21,Travel Agent
B00309,H014,G00152,2026-07-17,2026-08-18,2026-08-19,Hotel Website
B00310,H012,G00152,2026-04-03,2026-04-22,2026-04-25,Mobile App
B00311,H008,G00153,2024-09-26,2024-10-15,2024-10-17,Travel Agent
B00312,H014,G00153,2025-01-05,2025-01-22,2025-01-23,Corporate Booking
B00313,H007,G00154,2025-01-05,2025-01-12,2025-01-14,OTA
B00314,H018,G00154,2025-08-07,2025-08-24,2025-08-25,Hotel Website
B00315,H013,G00154,2025-08-11,2025-09-15,2025-09-18,Hotel Website
B00316,H004,G00155,2026-01-30,2026-02-16,2026-02-20,Travel Agent
B00317,H010,G00155,2026-04-20,2026-04-26,2026-04-28,Hotel Website
B00318,H005,G00156,2024-11-02,2024-12-13,2024-12-15,Travel Agent
B00319,H005,G00156,2025-01-21,2025-02-16,2025-02-21,Corporate Booking
B00320,H002,G00157,2025-04-07,2025-04-08,2025-04-12,Walk-in
B00321,H011,G00157,2025-11-07,2025-11-20,2025-11-21,Phone Booking
B00322,H001,G00158,2024-11-26,2024-12-01,2024-12-03,Mobile App
B00323,H007,G00158,2026-07-17,2026-08-01,2026-08-03,Mobile App
B00324,H003,G00159,2025-05-02,2025-05-13,2025-05-16,Phone Booking
B00325,H015,G00159,2026-03-06,2026-03-26,2026-03-28,Corporate Booking
B00326,H020,G00160,2025-12-04,2025-12-16,2025-12-20,Hotel Website
B00327,H005,G00160,2026-02-08,2026-02-09,2026-02-11,Walk-in
B00328,H014,G00161,2025-03-18,2025-03-27,2025-03-29,Hotel Website
B00329,H017,G00161,2026-08-18,2026-08-24,2026-08-26,OTA
B00330,H014,G00161,2025-04-22,2025-05-08,2025-05-09,Corporate Booking
B00331,H003,G00162,2026-06-23,2026-07-02,2026-07-04,Hotel Website
B00332,H005,G00162,2026-08-20,2026-08-26,2026-08-29,OTA
B00333,H016,G00163,2025-08-26,2025-09-16,2025-09-17,Travel Agent
B00334,H015,G00163,2025-12-09,2025-12-24,2025-12-27,Travel Agent
B00335,H006,G00164,2024-10-10,2024-11-10,2024-11-15,Corporate Booking
B00336,H017,G00164,2025-07-24,2025-08-07,2025-08-11,Hotel Website
B00337,H019,G00164,2025-09-08,2025-09-30,2025-10-03,Corporate Booking
B00338,H014,G00165,2025-11-04,2025-11-15,2025-11-16,Hotel Website
B00339,H004,G00165,2025-12-18,2025-12-19,2025-12-21,Walk-in
B00340,H014,G00166,2025-07-02,2025-08-02,2025-08-04,Hotel Website
B00341,H001,G00167,2024-11-08,2024-12-22,2024-12-27,Travel Agent
B00342,H016,G00168,2025-11-28,2025-12-19,2025-12-20,Phone Booking
B00343,H001,G00169,2025-06-21,2025-06-23,2025-06-27,Mobile App
B00344,H005,G00169,2025-10-11,2025-10-28,2025-10-31,Mobile App
B00345,H004,G00169,2026-08-08,2026-08-26,2026-08-29,Hotel Website
B00346,H004,G00170,2024-12-27,2024-12-30,2025-01-03,Mobile App
B00347,H011,G00170,2026-03-11,2026-03-28,2026-03-30,Mobile App
B00348,H014,G00170,2026-07-06,2026-08-14,2026-08-16,Corporate Booking
B00349,H006,G00171,2025-03-14,2025-03-15,2025-03-17,Walk-in
B00350,H013,G00172,2025-02-21,2025-03-06,2025-03-07,Mobile App
B00351,H016,G00172,2026-07-26,2026-08-21,2026-08-23,OTA
B00352,H015,G00173,2024-12-05,2025-01-13,2025-01-16,Corporate Booking
B00353,H011,G00174,2025-08-08,2025-09-02,2025-09-04,Corporate Booking
B00354,H003,G00174,2025-11-26,2026-01-02,2026-01-05,Corporate Booking
B00355,H015,G00175,2024-09-19,2024-09-24,2024-09-25,Travel Agent
B00356,H020,G00175,2024-10-26,2024-10-30,2024-11-01,Mobile App
B00357,H005,G00175,2025-03-10,2025-04-09,2025-04-15,Hotel Website
B00358,H010,G00175,2025-09-22,2025-09-23,2025-09-26,Walk-in
B00359,H001,G00176,2025-10-07,2025-10-22,2025-10-24,Mobile App
B00360,H012,G00176,2026-02-10,2026-02-17,2026-02-19,OTA
B00361,H019,G00177,2025-05-13,2025-05-31,2025-06-02,Corporate Booking
B00362,H016,G00177,2026-02-03,2026-02-17,2026-02-20,Phone Booking
B00363,H012,G00177,2026-03-17,2026-04-16,2026-04-17,OTA
B00364,H012,G00178,2025-06-20,2025-07-09,2025-07-10,Corporate Booking
B00365,H003,G00178,2026-01-28,2026-02-07,2026-02-13,Mobile App
B00366,H013,G00179,2025-08-28,2025-09-27,2025-09-28,Hotel Website
B00367,H001,G00180,2025-12-24,2025-12-29,2026-01-03,Mobile App
B00368,H014,G00180,2026-05-09,2026-05-16,2026-05-18,OTA
B00369,H014,G00181,2026-04-22,2026-04-29,2026-05-05,Hotel Website
B00370,H014,G00181,2026-05-23,2026-06-15,2026-06-18,OTA
B00371,H014,G00182,2024-10-24,2024-11-10,2024-11-12,Hotel Website
B00372,H003,G00183,2026-03-16,2026-04-14,2026-04-18,OTA
B00373,H004,G00184,2025-10-28,2025-11-11,2025-11-16,Travel Agent
B00374,H003,G00185,2024-12-17,2025-01-17,2025-01-19,Hotel Website
B00375,H003,G00185,2025-03-28,2025-04-09,2025-04-12,Corporate Booking
B00376,H003,G00185,2026-03-14,2026-04-08,2026-04-14,Hotel Website
B00377,H003,G00186,2025-02-19,2025-03-09,2025-03-14,Mobile App
B00378,H009,G00186,2025-11-24,2025-11-30,2025-12-01,Corporate Booking
B00379,H009,G00186,2025-12-04,2025-12-28,2025-12-29,OTA
B00380,H014,G00186,2026-06-23,2026-06-29,2026-06-30,Corporate Booking
B00381,H011,G00187,2026-04-19,2026-04-21,2026-04-23,OTA
B00382,H003,G00188,2025-12-10,2026-01-03,2026-01-07,Hotel Website
B00383,H003,G00188,2026-04-18,2026-04-19,2026-04-22,Walk-in
B00384,H002,G00189,2025-09-28,2025-11-07,2025-11-11,Corporate Booking
B00385,H002,G00189,2025-12-25,2026-01-22,2026-01-24,OTA
B00386,H003,G00190,2024-12-25,2025-01-21,2025-01-24,OTA
B00387,H003,G00190,2026-01-06,2026-01-17,2026-01-21,Hotel Website
B00388,H015,G00191,2026-01-21,2026-01-22,2026-01-25,Walk-in
B00389,H003,G00191,2026-05-14,2026-06-11,2026-06-13,Travel Agent
B00390,H018,G00192,2024-01-30,2024-02-19,2024-02-21,Hotel Website
B00391,H016,G00193,2025-05-21,2025-06-04,2025-06-06,Hotel Website
B00392,H016,G00193,2026-05-20,2026-07-01,2026-07-02,Corporate Booking
B00393,H014,G00194,2024-10-18,2024-10-21,2024-10-24,Hotel Website
B00394,H016,G00195,2025-07-12,2025-07-23,2025-07-24,Travel Agent
B00395,H005,G00195,2025-12-24,2026-02-07,2026-02-12,Travel Agent
B00396,H018,G00195,2026-05-19,2026-05-20,2026-05-21,Walk-in
B00397,H006,G00196,2026-04-17,2026-05-04,2026-05-05,OTA
B00398,H005,G00196,2026-05-23,2026-06-18,2026-06-21,OTA
B00399,H006,G00197,2024-01-09,2024-01-11,2024-01-14,Hotel Website
B00400,H006,G00197,2026-03-05,2026-04-15,2026-04-19,Corporate Booking
B00401,H018,G00198,2026-03-18,2026-04-10,2026-04-11,Hotel Website
B00402,H014,G00198,2026-07-31,2026-08-05,2026-08-08,OTA
B00403,H014,G00198,2024-10-09,2024-11-19,2024-11-22,Travel Agent
B00404,H018,G00199,2025-06-07,2025-06-28,2025-06-30,Corporate Booking
B00405,H016,G00199,2026-06-18,2026-07-09,2026-07-10,Hotel Website
B00406,H005,G00200,2026-07-10,2026-07-21,2026-07-24,Hotel Website
B00407,H006,G00200,2026-08-18,2026-08-29,2026-08-31,Hotel Website
B00408,H004,G00201,2025-01-24,2025-01-31,2025-02-06,Phone Booking
B00409,H020,G00202,2026-01-21,2026-03-06,2026-03-08,Travel Agent
B00410,H001,G00202,2026-03-26,2026-04-24,2026-04-29,Corporate Booking
B00411,H008,G00202,2026-06-25,2026-07-18,2026-07-23,OTA
B00412,H001,G00203,2025-01-20,2025-02-18,2025-02-22,OTA
B00413,H002,G00204,2024-04-03,2024-04-28,2024-05-03,OTA
B00414,H011,G00204,2024-08-22,2024-09-04,2024-09-05,OTA
B00415,H003,G00205,2025-08-15,2025-08-26,2025-08-31,Phone Booking
B00416,H005,G00205,2025-10-06,2025-10-16,2025-10-20,Travel Agent
B00417,H008,G00206,2024-04-09,2024-04-13,2024-04-15,Phone Booking
B00418,H005,G00207,2024-06-08,2024-06-09,2024-06-14,OTA
B00419,H011,G00207,2024-10-04,2024-10-11,2024-10-13,Mobile App
B00420,H003,G00208,2026-03-13,2026-03-30,2026-04-01,Corporate Booking
B00421,H001,G00208,2026-07-06,2026-08-01,2026-08-07,Corporate Booking
B00422,H012,G00209,2025-06-23,2025-07-11,2025-07-13,Mobile App
B00423,H003,G00210,2026-06-19,2026-07-17,2026-07-21,OTA
B00424,H008,G00211,2024-12-06,2024-12-23,2024-12-28,OTA
B00425,H010,G00211,2025-08-25,2025-09-06,2025-09-09,Corporate Booking
B00426,H006,G00212,2024-03-18,2024-03-26,2024-03-29,Phone Booking
B00427,H003,G00212,2026-05-27,2026-06-16,2026-06-22,Mobile App
B00428,H001,G00213,2024-09-07,2024-10-01,2024-10-04,OTA
B00429,H002,G00214,2025-12-19,2026-01-06,2026-01-12,OTA
B00430,H015,G00214,2026-04-05,2026-05-10,2026-05-11,Corporate Booking
B00431,H008,G00215,2026-06-20,2026-06-21,2026-06-23,Walk-in
B00432,H005,G00215,2026-07-28,2026-08-06,2026-08-11,OTA
B00433,H017,G00216,2025-04-17,2025-04-27,2025-05-01,Mobile App
B00434,H008,G00216,2026-02-11,2026-03-04,2026-03-09,Mobile App
B00435,H012,G00216,2026-03-21,2026-04-06,2026-04-09,Hotel Website
B00436,H013,G00216,2026-07-07,2026-07-22,2026-07-24,OTA
B00437,H015,G00217,2025-05-15,2025-05-20,2025-05-23,Corporate Booking
B00438,H018,G00217,2026-06-14,2026-07-05,2026-07-07,Travel Agent
B00439,H004,G00217,2026-08-21,2026-08-28,2026-08-31,OTA
B00440,H004,G00218,2024-03-11,2024-03-30,2024-04-05,Mobile App
B00441,H012,G00218,2026-03-03,2026-03-19,2026-03-20,Hotel Website
B00442,H012,G00218,2026-06-03,2026-07-01,2026-07-03,Hotel Website
B00443,H012,G00219,2024-02-23,2024-03-07,2024-03-09,Phone Booking
B00444,H004,G00219,2026-04-29,2026-05-12,2026-05-14,Mobile App
B00445,H015,G00219,2026-07-04,2026-07-15,2026-07-17,OTA
B00446,H019,G00220,2025-11-21,2025-12-19,2025-12-22,Travel Agent
B00447,H009,G00221,2024-05-01,2024-05-17,2024-05-20,Mobile App
B00448,H020,G00222,2025-02-15,2025-02-19,2025-02-22,Mobile App
B00449,H002,G00222,2025-07-26,2025-08-04,2025-08-07,Hotel Website
B00450,H014,G00223,2025-04-21,2025-05-11,2025-05-15,Mobile App
B00451,H011,G00223,2025-11-03,2025-11-20,2025-11-21,Travel Agent
B00452,H003,G00223,2026-02-22,2026-02-24,2026-02-28,Mobile App
B00453,H020,G00223,2026-03-02,2026-04-08,2026-04-11,Travel Agent
B00454,H016,G00224,2024-01-30,2024-02-21,2024-02-22,Hotel Website
B00455,H016,G00224,2026-01-22,2026-02-08,2026-02-13,Travel Agent
B00456,H016,G00224,2026-03-11,2026-03-24,2026-03-27,OTA
B00457,H015,G00225,2024-02-27,2024-03-26,2024-03-29,Travel Agent
B00458,H005,G00225,2025-03-02,2025-03-23,2025-03-26,Travel Agent
B00459,H015,G00225,2025-05-22,2025-06-07,2025-06-10,Corporate Booking
B00460,H015,G00226,2025-01-21,2025-02-28,2025-03-03,Corporate Booking
B00461,H012,G00227,2024-04-18,2024-04-19,2024-04-20,Walk-in
B00462,H014,G00228,2026-04-15,2026-04-16,2026-04-18,Walk-in
B00463,H007,G00228,2026-05-26,2026-06-29,2026-07-01,Hotel Website
B00464,H003,G00228,2026-07-15,2026-08-14,2026-08-18,OTA
B00465,H015,G00229,2025-02-13,2025-02-20,2025-02-23,Phone Booking
B00466,H016,G00229,2025-08-08,2025-09-11,2025-09-12,Corporate Booking
B00467,H001,G00230,2024-12-02,2024-12-23,2024-12-25,Hotel Website
B00468,H004,G00230,2026-07-31,2026-08-08,2026-08-10,OTA
B00469,H004,G00231,2026-01-08,2026-01-16,2026-01-21,Phone Booking
B00470,H004,G00231,2026-06-21,2026-06-30,2026-07-03,Hotel Website
B00471,H014,G00232,2025-01-09,2025-02-01,2025-02-04,Hotel Website
B00472,H013,G00233,2025-05-27,2025-06-13,2025-06-16,Travel Agent
B00473,H004,G00233,2026-07-15,2026-08-13,2026-08-16,Hotel Website
B00474,H008,G00234,2025-05-20,2025-06-21,2025-06-23,Travel Agent
B00475,H018,G00234,2025-07-09,2025-08-13,2025-08-17,Hotel Website
B00476,H012,G00235,2025-04-16,2025-04-17,2025-04-19,Walk-in
B00477,H014,G00235,2026-01-25,2026-02-26,2026-03-02,Hotel Website
B00478,H003,G00236,2026-02-21,2026-03-05,2026-03-10,Hotel Website
B00479,H003,G00236,2026-05-16,2026-06-01,2026-06-05,OTA
B00480,H011,G00237,2024-03-07,2024-04-02,2024-04-04,Corporate Booking
B00481,H012,G00238,2024-12-19,2025-01-17,2025-01-18,Corporate Booking
B00482,H012,G00238,2025-12-28,2026-02-05,2026-02-07,Corporate Booking
B00483,H016,G00238,2026-07-26,2026-08-05,2026-08-08,Mobile App
B00484,H016,G00238,2026-08-03,2026-08-30,2026-08-31,Hotel Website
B00485,H009,G00239,2025-03-26,2025-04-09,2025-04-10,Hotel Website
B00486,H005,G00240,2024-03-19,2024-04-07,2024-04-10,OTA
B00487,H014,G00240,2024-05-05,2024-05-24,2024-05-27,OTA
B00488,H017,G00241,2024-08-04,2024-08-08,2024-08-11,OTA
B00489,H020,G00241,2025-05-18,2025-05-28,2025-05-31,OTA
B00490,H017,G00242,2025-06-16,2025-06-27,2025-06-29,Mobile App
B00491,H015,G00242,2025-10-29,2025-11-04,2025-11-07,Phone Booking
B00492,H011,G00243,2026-02-07,2026-02-26,2026-02-27,Phone Booking
B00493,H011,G00243,2026-07-09,2026-08-09,2026-08-13,Hotel Website
B00494,H011,G00244,2025-04-08,2025-04-22,2025-04-23,Phone Booking
B00495,H001,G00244,2026-02-15,2026-02-19,2026-02-24,Phone Booking
B00496,H020,G00245,2025-10-07,2025-10-16,2025-10-18,Mobile App
B00497,H020,G00245,2026-03-29,2026-04-09,2026-04-10,Travel Agent
B00498,H020,G00245,2026-06-10,2026-06-28,2026-07-03,Phone Booking
B00499,H005,G00246,2024-07-15,2024-08-08,2024-08-15,Corporate Booking
B00500,H015,G00247,2026-06-29,2026-07-03,2026-07-05,Mobile App
B00501,H015,G00247,2026-07-19,2026-08-19,2026-08-20,Hotel Website
B00502,H016,G00248,2026-03-31,2026-04-11,2026-04-13,Corporate Booking
B00503,H016,G00248,2026-05-05,2026-06-13,2026-06-14,Corporate Booking
B00504,H010,G00248,2026-07-09,2026-07-20,2026-07-21,Phone Booking
B00505,H011,G00249,2024-03-27,2024-04-17,2024-04-20,Corporate Booking
B00506,H014,G00249,2026-03-01,2026-03-06,2026-03-09,OTA
B00507,H001,G00249,2026-08-09,2026-08-25,2026-08-27,Mobile App
B00508,H002,G00250,2025-02-01,2025-02-04,2025-02-07,Phone Booking
B00509,H001,G00250,2025-12-16,2025-12-30,2026-01-03,Phone Booking
B00510,H004,G00250,2026-02-04,2026-02-23,2026-02-26,OTA
B00511,H003,G00251,2025-12-21,2026-01-24,2026-01-28,Hotel Website
B00512,H003,G00251,2026-06-14,2026-06-28,2026-07-02,Mobile App
B00513,H004,G00252,2024-09-29,2024-09-30,2024-10-03,Walk-in
B00514,H016,G00252,2026-06-09,2026-07-08,2026-07-10,Travel Agent
B00515,H017,G00252,2026-08-03,2026-08-23,2026-08-24,Hotel Website
B00516,H018,G00252,2026-05-11,2026-05-29,2026-05-31,OTA
B00517,H015,G00253,2026-01-09,2026-01-10,2026-01-14,Walk-in
B00518,H004,G00253,2026-04-30,2026-06-03,2026-06-10,Hotel Website
B00519,H006,G00253,2026-06-21,2026-07-17,2026-07-19,OTA
B00520,H014,G00254,2025-09-11,2025-09-29,2025-10-03,Hotel Website
B00521,H013,G00255,2026-02-16,2026-03-12,2026-03-15,Hotel Website
B00522,H004,G00256,2024-11-29,2024-12-24,2024-12-30,OTA
B00523,H018,G00257,2024-05-10,2024-05-18,2024-05-19,OTA
B00524,H001,G00257,2024-06-15,2024-07-26,2024-07-29,Corporate Booking
B00525,H006,G00257,2024-08-17,2024-08-30,2024-09-01,OTA
B00526,H006,G00257,2026-07-10,2026-08-06,2026-08-12,OTA
B00527,H019,G00258,2026-06-02,2026-06-11,2026-06-14,Hotel Website
B00528,H001,G00258,2026-08-05,2026-08-08,2026-08-11,Mobile App
B00529,H005,G00259,2024-09-06,2024-10-16,2024-10-18,Travel Agent
B00530,H005,G00259,2025-11-26,2025-12-11,2025-12-15,Mobile App
B00531,H006,G00260,2024-05-16,2024-06-08,2024-06-10,OTA
B00532,H020,G00260,2025-01-28,2025-02-15,2025-02-17,Mobile App
B00533,H020,G00261,2025-12-17,2025-12-25,2025-12-29,Corporate Booking
B00534,H004,G00262,2025-12-16,2026-01-13,2026-01-15,OTA
B00535,H003,G00262,2026-06-09,2026-06-25,2026-06-30,Hotel Website
B00536,H005,G00262,2026-08-01,2026-08-21,2026-08-28,Travel Agent
B00537,H002,G00263,2024-08-01,2024-08-12,2024-08-18,Mobile App
B00538,H001,G00264,2025-09-12,2025-10-02,2025-10-06,OTA
B00539,H015,G00264,2025-12-05,2025-12-13,2025-12-16,Mobile App
B00540,H014,G00265,2024-12-06,2024-12-09,2024-12-14,Phone Booking
B00541,H001,G00265,2025-12-21,2026-01-10,2026-01-13,Hotel Website
B00542,H014,G00265,2026-05-12,2026-05-19,2026-05-20,OTA
B00543,H018,G00266,2025-12-24,2025-12-28,2025-12-30,Hotel Website
B00544,H018,G00266,2026-02-03,2026-02-27,2026-03-01,Hotel Website
B00545,H001,G00267,2024-06-24,2024-06-25,2024-06-28,OTA
B00546,H005,G00267,2025-04-06,2025-05-02,2025-05-06,OTA
B00547,H002,G00267,2025-10-08,2025-10-12,2025-10-19,Mobile App
B00548,H017,G00268,2024-11-16,2024-11-17,2024-11-19,Walk-in
B00549,H012,G00268,2026-01-17,2026-01-19,2026-01-20,Hotel Website
B00550,H001,G00268,2026-02-20,2026-03-12,2026-03-18,Phone Booking
B00551,H010,G00268,2026-04-04,2026-04-15,2026-04-20,Mobile App
B00552,H011,G00268,2026-07-05,2026-07-10,2026-07-11,Mobile App
B00553,H015,G00268,2026-08-10,2026-08-26,2026-08-31,Travel Agent
B00554,H014,G00269,2026-04-14,2026-04-21,2026-04-24,Phone Booking
B00555,H019,G00270,2025-12-16,2025-12-18,2025-12-19,Hotel Website
B00556,H019,G00270,2026-02-08,2026-02-16,2026-02-21,Mobile App
B00557,H019,G00270,2026-07-06,2026-07-07,2026-07-10,Walk-in
B00558,H002,G00271,2026-01-12,2026-01-28,2026-02-03,Hotel Website
B00559,H011,G00271,2026-03-22,2026-03-28,2026-03-29,Phone Booking
B00560,H004,G00272,2024-03-25,2024-05-03,2024-05-07,Travel Agent
B00561,H003,G00272,2025-04-18,2025-05-13,2025-05-18,OTA
B00562,H001,G00273,2024-08-21,2024-09-21,2024-09-23,Hotel Website
B00563,H007,G00274,2026-08-10,2026-08-19,2026-08-20,OTA
B00564,H005,G00274,2024-10-07,2024-10-16,2024-10-21,OTA
B00565,H006,G00274,2026-08-08,2026-08-09,2026-08-14,Walk-in
B00566,H004,G00275,2025-12-03,2025-12-04,2025-12-08,Mobile App
B00567,H011,G00276,2026-02-13,2026-03-15,2026-03-17,OTA
B00568,H017,G00277,2025-02-15,2025-03-17,2025-03-18,OTA
B00569,H003,G00277,2026-03-20,2026-03-21,2026-03-27,OTA
B00570,H003,G00277,2026-04-06,2026-04-26,2026-04-30,Hotel Website
B00571,H004,G00278,2025-11-05,2025-11-09,2025-11-12,OTA
B00572,H003,G00279,2025-03-01,2025-03-12,2025-03-16,Mobile App
B00573,H003,G00279,2026-05-11,2026-05-13,2026-05-18,Phone Booking
B00574,H017,G00280,2024-07-31,2024-08-19,2024-08-21,OTA
B00575,H017,G00280,2024-11-15,2024-11-16,2024-11-19,Walk-in
B00576,H014,G00281,2025-10-18,2025-10-28,2025-10-31,Hotel Website
B00577,H014,G00281,2026-06-11,2026-06-19,2026-06-20,Hotel Website
B00578,H014,G00281,2026-07-11,2026-08-04,2026-08-06,OTA
B00579,H015,G00282,2024-08-30,2024-09-18,2024-09-20,Corporate Booking
B00580,H004,G00283,2024-06-11,2024-06-14,2024-06-20,Phone Booking
B00581,H006,G00284,2025-10-21,2025-11-06,2025-11-12,Hotel Website
B00582,H003,G00285,2025-11-04,2025-12-04,2025-12-07,OTA
B00583,H012,G00285,2026-02-12,2026-02-13,2026-02-14,Walk-in
B00584,H003,G00285,2026-08-12,2026-08-26,2026-08-30,Hotel Website
B00585,H016,G00286,2025-02-18,2025-02-25,2025-02-26,OTA
B00586,H015,G00286,2026-04-27,2026-05-10,2026-05-13,Corporate Booking
B00587,H003,G00287,2025-01-07,2025-01-25,2025-01-27,Mobile App
B00588,H007,G00287,2026-07-26,2026-08-08,2026-08-10,OTA
B00589,H005,G00288,2024-07-24,2024-08-13,2024-08-17,OTA
B00590,H011,G00288,2025-01-20,2025-02-13,2025-02-15,Corporate Booking
B00591,H001,G00288,2026-06-29,2026-07-10,2026-07-16,OTA
B00592,H001,G00288,2026-08-11,2026-08-25,2026-08-27,Hotel Website
B00593,H001,G00289,2026-03-29,2026-05-01,2026-05-04,Corporate Booking
B00594,H016,G00290,2025-12-21,2025-12-29,2025-12-31,Hotel Website
B00595,H016,G00290,2026-02-03,2026-02-15,2026-02-16,Phone Booking
B00596,H017,G00291,2024-04-12,2024-04-13,2024-04-16,OTA
B00597,H010,G00291,2026-01-25,2026-02-03,2026-02-04,Hotel Website
B00598,H016,G00292,2025-08-28,2025-09-17,2025-09-18,Corporate Booking
B00599,H014,G00293,2024-02-19,2024-03-11,2024-03-13,Hotel Website
B00600,H013,G00293,2026-05-12,2026-05-15,2026-05-17,OTA
B00601,H012,G00294,2024-12-16,2024-12-17,2024-12-18,Walk-in
B00602,H007,G00294,2025-02-22,2025-02-27,2025-02-28,Travel Agent
B00603,H003,G00295,2024-12-01,2024-12-24,2024-12-27,OTA
B00604,H001,G00295,2025-07-11,2025-07-14,2025-07-17,OTA
B00605,H014,G00296,2025-11-06,2025-11-26,2025-11-30,Corporate Booking
B00606,H018,G00297,2025-10-30,2025-11-05,2025-11-06,OTA
B00607,H015,G00298,2026-04-09,2026-04-17,2026-04-20,Hotel Website
B00608,H002,G00298,2026-06-06,2026-06-07,2026-06-11,Walk-in
B00609,H011,G00298,2026-07-28,2026-08-20,2026-08-22,Travel Agent
B00610,H002,G00299,2025-09-06,2025-09-26,2025-09-29,Travel Agent
B00611,H001,G00299,2025-12-06,2025-12-13,2025-12-15,Mobile App
B00612,H006,G00300,2025-12-18,2025-12-19,2025-12-23,Walk-in
B00613,H013,G00300,2026-08-23,2026-08-24,2026-08-28,Walk-in
B00614,H011,G00301,2025-12-17,2025-12-19,2025-12-21,Hotel Website
B00615,H011,G00301,2026-01-26,2026-02-15,2026-02-17,OTA
B00616,H005,G00301,2026-05-01,2026-05-21,2026-05-25,Hotel Website
B00617,H005,G00302,2024-01-11,2024-02-09,2024-02-13,Hotel Website
B00618,H018,G00303,2024-06-24,2024-07-02,2024-07-04,Phone Booking
B00619,H013,G00303,2024-12-23,2025-01-10,2025-01-12,OTA
B00620,H003,G00304,2025-02-22,2025-03-26,2025-03-30,Corporate Booking
B00621,H005,G00305,2026-05-11,2026-05-15,2026-05-20,OTA
B00622,H003,G00306,2026-02-27,2026-03-26,2026-03-30,Hotel Website
B00623,H014,G00307,2025-10-01,2025-10-27,2025-10-30,Corporate Booking
B00624,H007,G00307,2026-02-15,2026-02-27,2026-03-03,OTA
B00625,H011,G00308,2025-05-25,2025-06-01,2025-06-03,Corporate Booking
B00626,H011,G00309,2026-03-31,2026-04-05,2026-04-07,OTA
B00627,H015,G00309,2026-05-20,2026-06-18,2026-06-21,Travel Agent
B00628,H002,G00310,2025-11-26,2025-12-07,2025-12-10,OTA
B00629,H003,G00311,2025-03-15,2025-03-27,2025-04-02,Mobile App
B00630,H019,G00311,2025-07-24,2025-07-28,2025-07-30,Hotel Website
B00631,H005,G00312,2024-07-18,2024-08-07,2024-08-13,Phone Booking
B00632,H019,G00312,2025-06-08,2025-06-23,2025-06-27,OTA
B00633,H001,G00312,2025-09-05,2025-09-09,2025-09-11,Mobile App
B00634,H003,G00313,2025-10-15,2025-11-01,2025-11-07,Phone Booking
B00635,H012,G00314,2026-03-14,2026-04-01,2026-04-03,OTA
B00636,H010,G00314,2026-06-04,2026-07-12,2026-07-15,Travel Agent
B00637,H015,G00315,2024-12-28,2025-01-12,2025-01-16,Hotel Website
B00638,H015,G00315,2025-05-04,2025-05-14,2025-05-16,Hotel Website
B00639,H015,G00315,2026-06-01,2026-06-10,2026-06-11,Phone Booking
B00640,H003,G00316,2024-02-01,2024-02-21,2024-02-24,Hotel Website
B00641,H004,G00316,2026-05-28,2026-05-29,2026-06-02,Walk-in
B00642,H018,G00317,2025-06-01,2025-06-19,2025-06-20,OTA
B00643,H016,G00318,2024-12-23,2025-01-02,2025-01-03,OTA
B00644,H014,G00319,2026-02-10,2026-02-18,2026-02-21,Phone Booking
B00645,H015,G00320,2024-04-14,2024-05-02,2024-05-03,OTA
B00646,H005,G00320,2026-03-23,2026-04-18,2026-04-23,OTA
B00647,H001,G00320,2026-07-10,2026-07-11,2026-07-15,Walk-in
B00648,H013,G00321,2025-07-24,2025-08-10,2025-08-12,OTA
B00649,H012,G00322,2024-12-12,2025-01-01,2025-01-04,OTA
B00650,H009,G00322,2025-05-09,2025-05-23,2025-05-27,Hotel Website
B00651,H007,G00322,2025-12-24,2026-01-09,2026-01-13,Hotel Website
B00652,H011,G00323,2025-05-13,2025-06-04,2025-06-05,Corporate Booking
B00653,H005,G00323,2025-08-29,2025-10-10,2025-10-13,Travel Agent
B00654,H006,G00324,2024-01-29,2024-01-30,2024-02-05,Walk-in
B00655,H007,G00324,2024-09-18,2024-10-01,2024-10-03,Phone Booking
B00656,H003,G00325,2026-06-29,2026-06-30,2026-07-05,Walk-in
B00657,H004,G00325,2026-08-07,2026-08-19,2026-08-21,Phone Booking
B00658,H012,G00326,2024-10-11,2024-10-12,2024-10-13,Walk-in
B00659,H005,G00326,2025-10-18,2025-10-19,2025-10-24,Walk-in
B00660,H005,G00326,2025-12-27,2026-01-16,2026-01-19,Mobile App
B00661,H002,G00327,2024-12-07,2024-12-20,2024-12-22,OTA
B00662,H004,G00328,2025-11-10,2025-12-10,2025-12-13,Travel Agent
B00663,H002,G00328,2026-07-28,2026-08-01,2026-08-06,Mobile App
B00664,H014,G00329,2025-12-03,2025-12-08,2025-12-14,Mobile App
B00665,H020,G00329,2026-05-16,2026-05-17,2026-05-20,Walk-in
B00666,H016,G00329,2026-06-18,2026-07-22,2026-07-25,Corporate Booking
B00667,H002,G00330,2024-10-28,2024-11-10,2024-11-12,Mobile App
B00668,H001,G00330,2025-04-27,2025-05-04,2025-05-07,Phone Booking
B00669,H018,G00330,2026-07-03,2026-07-25,2026-07-28,Hotel Website
B00670,H005,G00331,2024-04-03,2024-04-19,2024-04-21,Hotel Website
B00671,H003,G00331,2026-05-04,2026-06-04,2026-06-08,Hotel Website
B00672,H003,G00331,2026-07-15,2026-08-13,2026-08-16,OTA
B00673,H015,G00332,2025-08-14,2025-08-16,2025-08-18,Mobile App
B00674,H015,G00332,2026-04-26,2026-05-06,2026-05-07,Mobile App
B00675,H015,G00333,2024-02-03,2024-03-09,2024-03-11,Corporate Booking
B00676,H018,G00334,2025-02-07,2025-02-23,2025-02-25,Travel Agent
B00677,H008,G00334,2025-06-03,2025-06-07,2025-06-11,OTA
B00678,H006,G00334,2026-06-24,2026-07-06,2026-07-09,Mobile App
B00679,H012,G00335,2026-07-23,2026-07-28,2026-07-29,Hotel Website
B00680,H020,G00336,2024-12-02,2024-12-16,2024-12-20,Phone Booking
B00681,H003,G00336,2025-02-21,2025-03-18,2025-03-20,Travel Agent
B00682,H004,G00336,2025-09-08,2025-09-21,2025-09-28,Phone Booking
B00683,H004,G00336,2025-10-30,2025-11-28,2025-12-03,OTA
B00684,H014,G00337,2026-04-24,2026-06-02,2026-06-04,Corporate Booking
B00685,H002,G00338,2024-05-31,2024-06-30,2024-07-03,Travel Agent
B00686,H003,G00338,2026-03-28,2026-04-02,2026-04-07,Travel Agent
B00687,H015,G00339,2024-06-19,2024-07-28,2024-07-29,Corporate Booking
B00688,H015,G00339,2025-11-24,2025-12-13,2025-12-16,Hotel Website
B00689,H010,G00340,2024-01-29,2024-02-09,2024-02-10,Hotel Website
B00690,H001,G00340,2025-04-16,2025-04-21,2025-04-26,Hotel Website
B00691,H006,G00341,2026-03-23,2026-04-23,2026-04-26,Hotel Website
B00692,H003,G00342,2026-04-13,2026-05-28,2026-06-03,Travel Agent
B00693,H003,G00342,2026-07-22,2026-07-26,2026-07-31,Phone Booking
B00694,H003,G00342,2026-08-04,2026-08-20,2026-08-27,OTA
B00695,H017,G00343,2025-02-28,2025-03-20,2025-03-23,Phone Booking
B00696,H003,G00343,2026-01-11,2026-01-23,2026-01-28,OTA
B00697,H005,G00344,2025-02-03,2025-02-24,2025-02-27,OTA
B00698,H005,G00345,2024-11-10,2024-12-07,2024-12-10,Hotel Website
B00699,H002,G00346,2025-02-15,2025-03-20,2025-03-25,Travel Agent
B00700,H001,G00346,2025-07-20,2025-07-26,2025-07-30,Mobile App
B00701,H001,G00347,2025-12-13,2026-01-03,2026-01-08,Mobile App
B00702,H013,G00348,2024-10-21,2024-10-31,2024-11-02,Mobile App
B00703,H013,G00348,2026-03-25,2026-04-13,2026-04-16,OTA
B00704,H014,G00349,2026-07-09,2026-07-22,2026-07-24,Hotel Website
B00705,H007,G00350,2024-01-02,2024-01-09,2024-01-12,Mobile App
B00706,H012,G00351,2025-02-19,2025-03-18,2025-03-19,OTA
B00707,H012,G00351,2025-12-08,2025-12-23,2025-12-25,OTA
B00708,H013,G00351,2026-06-20,2026-06-28,2026-06-29,Mobile App
B00709,H016,G00352,2026-08-01,2026-08-02,2026-08-07,OTA
B00710,H003,G00352,2024-10-11,2024-11-01,2024-11-05,Phone Booking
B00711,H015,G00353,2024-12-23,2024-12-31,2025-01-01,Corporate Booking
B00712,H008,G00353,2025-11-14,2025-11-17,2025-11-19,Hotel Website
B00713,H003,G00354,2024-10-11,2024-11-20,2024-11-22,Travel Agent
B00714,H003,G00355,2026-03-20,2026-04-08,2026-04-13,Hotel Website
B00715,H020,G00356,2024-11-13,2024-11-14,2024-11-17,Walk-in
B00716,H015,G00356,2025-03-16,2025-04-28,2025-05-02,Corporate Booking
B00717,H017,G00356,2025-08-14,2025-09-05,2025-09-07,Travel Agent
B00718,H012,G00357,2025-01-26,2025-01-27,2025-01-28,Walk-in
B00719,H004,G00357,2025-07-28,2025-08-05,2025-08-09,Phone Booking
B00720,H001,G00358,2026-02-13,2026-02-14,2026-02-21,Walk-in
B00721,H013,G00359,2025-10-24,2025-11-05,2025-11-08,Hotel Website
B00722,H013,G00359,2026-02-24,2026-04-09,2026-04-10,Travel Agent
B00723,H014,G00360,2025-10-23,2025-11-07,2025-11-09,Travel Agent
B00724,H011,G00360,2026-08-07,2026-08-21,2026-08-24,Hotel Website
B00725,H019,G00361,2024-05-07,2024-05-12,2024-05-16,Hotel Website
B00726,H002,G00361,2025-02-09,2025-02-25,2025-02-27,OTA
B00727,H015,G00361,2026-07-23,2026-08-06,2026-08-08,Phone Booking
B00728,H004,G00362,2026-06-28,2026-07-15,2026-07-20,OTA
B00729,H003,G00362,2026-08-17,2026-08-26,2026-08-29,Phone Booking
B00730,H012,G00363,2025-11-16,2025-11-23,2025-11-25,Corporate Booking
B00731,H016,G00363,2026-04-10,2026-04-24,2026-04-26,Hotel Website
B00732,H015,G00364,2025-11-02,2025-11-19,2025-11-20,Hotel Website
B00733,H015,G00364,2026-05-02,2026-05-14,2026-05-15,Hotel Website
B00734,H015,G00365,2026-05-22,2026-06-03,2026-06-06,Phone Booking
B00735,H004,G00366,2026-02-05,2026-02-07,2026-02-10,OTA
B00736,H005,G00366,2026-07-06,2026-07-27,2026-08-01,Mobile App
B00737,H015,G00367,2024-02-02,2024-03-18,2024-03-20,Travel Agent
B00738,H012,G00367,2025-01-11,2025-01-25,2025-01-28,Corporate Booking
B00739,H001,G00368,2025-01-16,2025-01-17,2025-01-19,Phone Booking
B00740,H001,G00368,2025-04-16,2025-04-24,2025-04-29,Mobile App
B00741,H020,G00369,2024-05-17,2024-06-07,2024-06-09,OTA
B00742,H005,G00369,2026-03-24,2026-04-08,2026-04-13,OTA
B00743,H018,G00370,2024-06-02,2024-06-17,2024-06-20,Hotel Website
B00744,H004,G00370,2026-01-02,2026-01-07,2026-01-14,Mobile App
B00745,H002,G00370,2026-02-22,2026-02-28,2026-03-03,Mobile App
B00746,H003,G00371,2024-08-01,2024-08-14,2024-08-16,Travel Agent
B00747,H005,G00371,2025-02-25,2025-03-04,2025-03-08,Mobile App
B00748,H014,G00372,2025-07-20,2025-07-29,2025-07-30,Corporate Booking
B00749,H011,G00372,2026-03-13,2026-03-14,2026-03-15,Walk-in
B00750,H013,G00372,2026-04-21,2026-05-15,2026-05-17,OTA
B00751,H015,G00372,2026-07-02,2026-07-17,2026-07-18,Corporate Booking
B00752,H011,G00373,2024-02-13,2024-03-16,2024-03-17,Travel Agent
B00753,H011,G00373,2025-05-11,2025-06-08,2025-06-10,Hotel Website
B00754,H017,G00374,2024-02-03,2024-03-01,2024-03-03,Travel Agent
B00755,H018,G00375,2024-11-16,2024-11-29,2024-11-30,Hotel Website
B00756,H011,G00375,2025-07-28,2025-08-14,2025-08-16,Hotel Website
B00757,H012,G00376,2024-02-06,2024-02-20,2024-02-23,Phone Booking
B00758,H020,G00376,2024-06-07,2024-06-15,2024-06-17,Mobile App
B00759,H011,G00376,2024-07-12,2024-07-15,2024-07-17,OTA
B00760,H004,G00377,2024-02-19,2024-03-01,2024-03-05,Travel Agent
B00761,H004,G00377,2024-04-07,2024-04-18,2024-04-21,OTA
B00762,H013,G00377,2025-05-07,2025-05-08,2025-05-10,Phone Booking
B00763,H016,G00378,2025-10-15,2025-10-26,2025-10-28,OTA
B00764,H020,G00379,2025-02-13,2025-02-17,2025-02-21,OTA
B00765,H013,G00379,2026-06-12,2026-06-16,2026-06-18,OTA
B00766,H001,G00380,2024-01-07,2024-01-09,2024-01-14,Mobile App
B00767,H002,G00381,2024-06-27,2024-07-11,2024-07-16,Phone Booking
B00768,H007,G00381,2024-08-24,2024-09-08,2024-09-09,OTA
B00769,H013,G00381,2024-11-16,2024-12-05,2024-12-07,OTA
B00770,H013,G00381,2026-05-28,2026-06-11,2026-06-12,OTA
B00771,H002,G00382,2024-05-24,2024-05-25,2024-05-27,Mobile App
B00772,H002,G00383,2024-03-03,2024-03-18,2024-03-24,Hotel Website
B00773,H012,G00384,2024-08-30,2024-09-30,2024-10-03,Hotel Website
B00774,H012,G00385,2025-04-22,2025-04-27,2025-04-28,Corporate Booking
B00775,H015,G00386,2025-04-12,2025-05-11,2025-05-12,OTA
B00776,H016,G00386,2025-09-20,2025-09-21,2025-09-26,OTA
B00777,H011,G00387,2026-04-15,2026-04-22,2026-04-23,OTA
B00778,H012,G00387,2026-07-30,2026-08-29,2026-08-31,OTA
B00779,H011,G00388,2025-08-03,2025-08-29,2025-08-30,Hotel Website
B00780,H005,G00388,2025-10-24,2025-11-20,2025-11-26,Hotel Website
B00781,H004,G00389,2024-04-18,2024-04-19,2024-04-22,Walk-in
B00782,H018,G00389,2025-05-17,2025-05-18,2025-05-21,Walk-in
B00783,H017,G00390,2026-01-24,2026-03-09,2026-03-10,Corporate Booking
B00784,H020,G00390,2026-04-09,2026-05-13,2026-05-17,Hotel Website
B00785,H007,G00390,2026-06-27,2026-07-08,2026-07-09,OTA
B00786,H002,G00390,2026-08-28,2026-08-30,2026-08-31,Hotel Website
B00787,H011,G00390,2025-12-27,2026-01-19,2026-01-20,Hotel Website
B00788,H014,G00391,2025-04-24,2025-05-28,2025-05-30,Hotel Website
B00789,H006,G00391,2025-07-12,2025-08-15,2025-08-20,Hotel Website
B00790,H004,G00392,2024-10-26,2024-11-19,2024-11-23,OTA
B00791,H014,G00392,2025-02-07,2025-03-03,2025-03-04,Hotel Website
B00792,H001,G00393,2025-12-02,2025-12-28,2026-01-04,OTA
B00793,H003,G00393,2026-04-15,2026-04-19,2026-04-21,Mobile App
B00794,H011,G00394,2026-04-24,2026-04-29,2026-04-30,Corporate Booking
B00795,H001,G00395,2024-09-27,2024-10-06,2024-10-10,Phone Booking
B00796,H015,G00395,2025-06-27,2025-08-01,2025-08-03,Corporate Booking
B00797,H003,G00395,2026-06-07,2026-07-01,2026-07-03,Travel Agent
B00798,H006,G00396,2024-04-14,2024-05-09,2024-05-12,OTA
B00799,H013,G00396,2025-01-02,2025-01-30,2025-01-31,Hotel Website
B00800,H012,G00397,2025-05-28,2025-06-05,2025-06-06,Travel Agent
B00801,H009,G00397,2025-07-14,2025-07-25,2025-07-26,Phone Booking
B00802,H007,G00398,2025-11-29,2025-12-14,2025-12-16,OTA
B00803,H016,G00399,2024-08-06,2024-08-23,2024-08-26,Mobile App
B00804,H005,G00399,2026-07-15,2026-07-30,2026-08-04,Corporate Booking
B00805,H001,G00399,2026-08-18,2026-08-26,2026-08-31,Hotel Website
B00806,H014,G00400,2024-01-12,2024-01-13,2024-01-15,Walk-in
B00807,H014,G00400,2024-11-20,2024-12-23,2024-12-25,Hotel Website
B00808,H016,G00401,2025-12-22,2026-01-26,2026-01-28,Hotel Website
B00809,H018,G00402,2024-06-07,2024-06-22,2024-06-23,Phone Booking
B00810,H013,G00402,2024-10-28,2024-10-29,2024-10-30,Walk-in
B00811,H016,G00403,2024-05-20,2024-06-17,2024-06-21,Hotel Website
B00812,H003,G00403,2024-10-30,2024-11-26,2024-12-01,OTA
B00813,H003,G00403,2025-05-19,2025-05-28,2025-06-01,Phone Booking
B00814,H012,G00403,2025-11-22,2025-12-05,2025-12-06,Phone Booking
B00815,H018,G00404,2024-03-30,2024-04-09,2024-04-10,Hotel Website
B00816,H008,G00405,2024-08-29,2024-09-22,2024-09-25,OTA
B00817,H005,G00406,2024-01-17,2024-02-02,2024-02-05,Mobile App
B00818,H015,G00406,2026-03-16,2026-04-23,2026-04-25,Corporate Booking
B00819,H011,G00406,2026-05-27,2026-05-28,2026-05-30,Walk-in
B00820,H011,G00407,2024-09-21,2024-10-02,2024-10-03,Travel Agent
B00821,H014,G00407,2024-12-09,2024-12-26,2024-12-29,Hotel Website
B00822,H012,G00408,2024-10-05,2024-11-16,2024-11-20,Corporate Booking
B00823,H016,G00408,2026-02-10,2026-02-26,2026-03-02,Hotel Website
B00824,H018,G00409,2025-04-05,2025-04-25,2025-04-26,Corporate Booking
B00825,H018,G00409,2025-11-19,2025-11-29,2025-12-02,OTA
B00826,H001,G00410,2024-03-12,2024-04-07,2024-04-09,OTA
B00827,H011,G00411,2026-02-08,2026-02-22,2026-02-23,Hotel Website
B00828,H008,G00412,2024-01-23,2024-02-12,2024-02-17,OTA
B00829,H004,G00413,2025-01-28,2025-02-11,2025-02-13,Phone Booking
B00830,H016,G00413,2025-08-01,2025-08-10,2025-08-11,Corporate Booking
B00831,H008,G00414,2025-04-09,2025-04-11,2025-04-15,OTA
B00832,H004,G00414,2025-12-15,2025-12-28,2025-12-30,Hotel Website
B00833,H003,G00415,2025-11-22,2025-12-10,2025-12-13,Hotel Website
B00834,H002,G00415,2026-01-18,2026-02-07,2026-02-10,Hotel Website
B00835,H003,G00416,2025-01-29,2025-02-10,2025-02-13,Phone Booking
B00836,H007,G00416,2025-08-18,2025-09-26,2025-09-30,Corporate Booking
B00837,H014,G00416,2025-10-06,2025-11-04,2025-11-08,Travel Agent
B00838,H008,G00417,2025-09-24,2025-10-03,2025-10-06,Corporate Booking
B00839,H003,G00417,2026-02-10,2026-02-11,2026-02-16,Walk-in
B00840,H012,G00418,2024-11-17,2024-11-18,2024-11-21,Walk-in
B00841,H011,G00418,2024-12-09,2025-01-02,2025-01-05,OTA
B00842,H011,G00418,2025-12-27,2026-01-14,2026-01-18,Corporate Booking
B00843,H011,G00418,2026-06-03,2026-06-26,2026-06-27,Travel Agent
B00844,H019,G00419,2025-11-15,2025-12-04,2025-12-05,Corporate Booking
B00845,H019,G00420,2025-02-16,2025-03-02,2025-03-04,OTA
B00846,H002,G00420,2025-12-09,2025-12-22,2025-12-29,Hotel Website
B00847,H014,G00420,2026-08-16,2026-08-24,2026-08-26,OTA
B00848,H015,G00421,2025-07-10,2025-08-08,2025-08-13,OTA
B00849,H015,G00422,2025-04-08,2025-04-12,2025-04-13,Phone Booking
B00850,H005,G00422,2026-01-28,2026-02-13,2026-02-18,OTA
B00851,H005,G00422,2026-05-02,2026-05-07,2026-05-10,Mobile App
B00852,H018,G00423,2025-02-09,2025-02-24,2025-02-25,OTA
B00853,H017,G00423,2026-08-01,2026-08-02,2026-08-05,Phone Booking
B00854,H005,G00424,2025-06-27,2025-06-30,2025-07-06,OTA
B00855,H005,G00424,2025-11-10,2025-11-13,2025-11-17,OTA
B00856,H003,G00424,2025-12-19,2026-01-03,2026-01-07,Travel Agent
B00857,H008,G00425,2025-11-13,2025-11-14,2025-11-16,Phone Booking
B00858,H008,G00425,2025-11-11,2025-12-07,2025-12-08,OTA
B00859,H001,G00426,2024-04-18,2024-05-14,2024-05-19,Hotel Website
B00860,H003,G00426,2024-12-04,2024-12-09,2024-12-12,Mobile App
B00861,H012,G00427,2025-01-26,2025-02-11,2025-02-12,OTA
B00862,H015,G00427,2025-06-23,2025-06-25,2025-06-30,Phone Booking
B00863,H020,G00428,2024-12-05,2024-12-28,2025-01-02,Travel Agent
B00864,H004,G00428,2025-02-13,2025-03-17,2025-03-20,Travel Agent
B00865,H002,G00428,2025-11-21,2025-11-24,2025-11-28,Hotel Website
B00866,H011,G00429,2024-07-14,2024-08-03,2024-08-05,OTA
B00867,H011,G00429,2026-07-05,2026-07-09,2026-07-11,Mobile App
B00868,H011,G00429,2026-08-17,2026-08-19,2026-08-22,Hotel Website
B00869,H002,G00429,2025-11-21,2025-12-26,2025-12-31,Hotel Website
B00870,H013,G00430,2025-07-30,2025-07-31,2025-08-01,Walk-in
B00871,H013,G00430,2025-11-10,2025-12-15,2025-12-17,Corporate Booking
B00872,H011,G00430,2026-08-08,2026-08-19,2026-08-21,Corporate Booking
B00873,H017,G00430,2025-05-16,2025-06-03,2025-06-05,Mobile App
B00874,H001,G00431,2025-11-09,2025-11-16,2025-11-19,OTA
B00875,H012,G00431,2026-05-30,2026-06-10,2026-06-11,Mobile App
B00876,H011,G00432,2025-05-23,2025-05-31,2025-06-02,OTA
B00877,H011,G00432,2026-05-19,2026-05-30,2026-05-31,Travel Agent
B00878,H004,G00432,2026-06-28,2026-07-12,2026-07-15,OTA
B00879,H013,G00433,2025-05-06,2025-05-11,2025-05-14,Corporate Booking
B00880,H015,G00433,2026-04-19,2026-05-06,2026-05-08,Mobile App
B00881,H011,G00434,2024-06-07,2024-06-20,2024-06-21,OTA
B00882,H001,G00434,2025-09-08,2025-09-13,2025-09-16,Mobile App
B00883,H020,G00435,2024-04-14,2024-04-19,2024-04-21,Hotel Website
B00884,H013,G00435,2025-03-13,2025-03-21,2025-03-22,Phone Booking
B00885,H001,G00435,2026-02-04,2026-02-11,2026-02-16,Phone Booking
B00886,H005,G00435,2026-05-08,2026-06-02,2026-06-04,Hotel Website
B00887,H013,G00436,2024-05-12,2024-05-14,2024-05-15,Phone Booking
B00888,H016,G00437,2024-01-09,2024-01-16,2024-01-18,Hotel Website
B00889,H013,G00438,2025-02-01,2025-02-05,2025-02-06,OTA
B00890,H003,G00438,2025-10-20,2025-10-25,2025-10-27,OTA
B00891,H011,G00439,2025-09-29,2025-10-07,2025-10-08,OTA
B00892,H006,G00440,2025-05-09,2025-05-10,2025-05-13,Walk-in
B00893,H011,G00440,2026-07-22,2026-08-08,2026-08-11,OTA
B00894,H011,G00440,2026-08-23,2026-08-29,2026-08-30,Phone Booking
B00895,H003,G00441,2025-05-09,2025-05-30,2025-06-03,Phone Booking
B00896,H014,G00442,2026-01-06,2026-01-09,2026-01-13,Mobile App
B00897,H014,G00442,2026-07-25,2026-08-24,2026-08-28,Corporate Booking
B00898,H004,G00443,2024-10-07,2024-10-08,2024-10-15,OTA
B00899,H019,G00443,2025-05-08,2025-05-16,2025-05-19,Mobile App
B00900,H020,G00444,2024-10-25,2024-11-12,2024-11-13,OTA
B00901,H010,G00445,2024-11-16,2024-12-12,2024-12-13,Hotel Website
B00902,H014,G00446,2025-12-06,2026-01-19,2026-01-20,Corporate Booking
B00903,H004,G00446,2026-06-21,2026-06-22,2026-06-27,Walk-in
B00904,H016,G00447,2025-07-08,2025-07-27,2025-08-01,Corporate Booking
B00905,H013,G00447,2025-11-02,2025-11-03,2025-11-05,Mobile App
B00906,H001,G00447,2026-08-18,2026-08-23,2026-08-27,Hotel Website
B00907,H016,G00448,2025-12-06,2025-12-15,2025-12-17,OTA
B00908,H001,G00448,2026-06-24,2026-07-14,2026-07-20,Corporate Booking
B00909,H001,G00448,2026-08-14,2026-08-30,2026-08-31,Travel Agent
B00910,H001,G00449,2025-03-07,2025-03-21,2025-03-24,Mobile App
B00911,H019,G00450,2024-03-16,2024-03-17,2024-03-21,Walk-in
B00912,H014,G00450,2025-04-28,2025-05-16,2025-05-19,Corporate Booking
B00913,H013,G00451,2024-08-22,2024-08-27,2024-08-30,Corporate Booking
B00914,H002,G00451,2026-02-18,2026-03-04,2026-03-11,Travel Agent
B00915,H015,G00452,2025-01-02,2025-01-20,2025-01-21,OTA
B00916,H015,G00452,2026-01-02,2026-01-23,2026-01-24,Hotel Website
B00917,H012,G00453,2024-09-01,2024-09-02,2024-09-05,Walk-in
B00918,H018,G00453,2026-02-24,2026-02-28,2026-03-01,Hotel Website
B00919,H019,G00453,2026-03-30,2026-04-03,2026-04-04,Phone Booking
B00920,H011,G00454,2026-02-20,2026-03-04,2026-03-07,OTA
B00921,H002,G00454,2026-07-13,2026-08-21,2026-08-23,Corporate Booking
B00922,H004,G00455,2026-04-27,2026-04-28,2026-05-05,Mobile App
B00923,H012,G00455,2026-05-23,2026-06-12,2026-06-17,OTA
B00924,H016,G00456,2025-10-14,2025-11-12,2025-11-17,Hotel Website
B00925,H007,G00456,2025-12-27,2026-01-12,2026-01-16,Mobile App
B00926,H013,G00456,2026-07-06,2026-07-07,2026-07-08,OTA
B00927,H015,G00456,2026-07-08,2026-08-19,2026-08-24,Corporate Booking
B00928,H003,G00457,2025-11-26,2025-12-13,2025-12-16,Mobile App
B00929,H002,G00458,2026-04-14,2026-04-26,2026-04-30,OTA
B00930,H006,G00458,2026-07-01,2026-08-08,2026-08-12,Travel Agent
B00931,H003,G00458,2025-02-08,2025-02-18,2025-02-21,Corporate Booking
B00932,H004,G00459,2026-01-10,2026-01-17,2026-01-24,Phone Booking
B00933,H019,G00459,2026-05-23,2026-05-31,2026-06-05,OTA
B00934,H011,G00460,2025-04-04,2025-04-28,2025-05-02,Corporate Booking
B00935,H006,G00460,2025-11-30,2025-12-01,2025-12-06,Walk-in
B00936,H005,G00461,2025-10-01,2025-10-21,2025-10-24,Mobile App
B00937,H001,G00461,2026-07-02,2026-07-03,2026-07-05,Mobile App
B00938,H015,G00462,2024-02-09,2024-02-14,2024-02-15,Corporate Booking
B00939,H007,G00462,2026-07-28,2026-08-11,2026-08-17,Corporate Booking
B00940,H012,G00462,2024-01-06,2024-02-09,2024-02-11,Corporate Booking
B00941,H012,G00462,2024-08-13,2024-09-24,2024-09-25,Corporate Booking
B00942,H012,G00462,2025-01-15,2025-01-28,2025-01-30,OTA
B00943,H012,G00462,2026-06-12,2026-06-18,2026-06-23,Mobile App
B00944,H003,G00463,2026-03-10,2026-03-11,2026-03-16,OTA
B00945,H014,G00464,2025-05-26,2025-06-11,2025-06-13,Corporate Booking
B00946,H015,G00465,2024-08-11,2024-09-16,2024-09-17,Corporate Booking
B00947,H007,G00465,2025-09-11,2025-10-01,2025-10-03,OTA
B00948,H006,G00466,2024-06-27,2024-07-16,2024-07-18,Phone Booking
B00949,H004,G00466,2025-12-27,2026-01-08,2026-01-12,Mobile App
B00950,H003,G00466,2026-05-01,2026-05-15,2026-05-20,Mobile App
B00951,H003,G00466,2026-07-01,2026-07-04,2026-07-08,OTA
B00952,H003,G00466,2026-08-19,2026-08-20,2026-08-23,Walk-in
B00953,H016,G00467,2024-12-24,2025-01-02,2025-01-04,Phone Booking
B00954,H011,G00467,2026-07-20,2026-08-30,2026-08-31,Travel Agent
B00955,H004,G00468,2025-12-01,2025-12-02,2025-12-06,OTA
B00956,H003,G00468,2026-01-13,2026-02-01,2026-02-03,Hotel Website
B00957,H004,G00469,2025-11-24,2025-12-04,2025-12-07,Phone Booking
B00958,H011,G00469,2026-06-17,2026-06-23,2026-06-24,Corporate Booking
B00959,H018,G00470,2025-06-21,2025-07-08,2025-07-10,OTA
B00960,H019,G00470,2026-07-23,2026-07-28,2026-07-30,Travel Agent
B00961,H019,G00470,2024-02-14,2024-02-23,2024-02-26,OTA
B00962,H008,G00471,2025-07-06,2025-08-03,2025-08-06,Hotel Website
B00963,H016,G00471,2025-12-08,2025-12-31,2026-01-02,Travel Agent
B00964,H018,G00471,2026-08-08,2026-08-24,2026-08-27,Hotel Website
B00965,H014,G00472,2025-12-29,2026-02-11,2026-02-15,Corporate Booking
B00966,H012,G00473,2024-04-29,2024-05-05,2024-05-06,Hotel Website
B00967,H015,G00474,2025-12-15,2025-12-20,2025-12-22,Phone Booking
B00968,H006,G00474,2026-05-16,2026-06-26,2026-06-28,Travel Agent
B00969,H016,G00475,2025-04-09,2025-04-23,2025-04-26,Corporate Booking
B00970,H005,G00475,2025-08-27,2025-09-06,2025-09-08,Corporate Booking
B00971,H006,G00475,2026-07-12,2026-07-25,2026-07-30,Mobile App
B00972,H004,G00476,2026-01-29,2026-02-09,2026-02-14,OTA
B00973,H018,G00476,2026-07-18,2026-08-07,2026-08-09,OTA
B00974,H019,G00477,2026-07-21,2026-07-26,2026-07-29,Hotel Website
B00975,H019,G00477,2026-08-04,2026-08-26,2026-08-29,Hotel Website
B00976,H005,G00477,2024-11-22,2024-12-16,2024-12-20,Corporate Booking
B00977,H002,G00478,2025-06-14,2025-07-07,2025-07-14,OTA
B00978,H004,G00479,2025-02-18,2025-02-19,2025-02-22,Walk-in
B00979,H013,G00479,2026-02-15,2026-02-16,2026-02-20,Walk-in
B00980,H015,G00480,2024-09-14,2024-10-29,2024-11-01,Corporate Booking
B00981,H012,G00480,2025-02-07,2025-02-18,2025-02-19,OTA
B00982,H018,G00480,2026-06-08,2026-06-19,2026-06-21,Mobile App
B00983,H011,G00480,2026-07-23,2026-08-12,2026-08-17,OTA
B00984,H005,G00481,2024-07-16,2024-08-08,2024-08-14,OTA
B00985,H020,G00481,2025-11-21,2025-12-02,2025-12-06,OTA
B00986,H017,G00482,2024-12-16,2025-01-04,2025-01-05,Travel Agent
B00987,H017,G00482,2025-04-03,2025-04-05,2025-04-08,OTA
B00988,H004,G00483,2024-11-04,2024-12-01,2024-12-03,Hotel Website
B00989,H016,G00484,2024-01-08,2024-01-19,2024-01-22,Phone Booking
B00990,H005,G00484,2025-12-30,2026-01-19,2026-01-22,Travel Agent
B00991,H015,G00484,2026-08-15,2026-08-20,2026-08-23,Corporate Booking
B00992,H003,G00485,2024-01-14,2024-01-18,2024-01-20,OTA
B00993,H014,G00485,2025-01-16,2025-01-17,2025-01-20,Walk-in
B00994,H016,G00486,2026-08-12,2026-08-15,2026-08-16,Phone Booking
B00995,H013,G00487,2024-01-04,2024-01-05,2024-01-08,OTA
B00996,H014,G00488,2024-01-18,2024-01-21,2024-01-23,Hotel Website
B00997,H015,G00488,2025-08-28,2025-09-09,2025-09-11,OTA
B00998,H013,G00488,2026-03-13,2026-03-22,2026-03-24,Mobile App
B00999,H018,G00489,2024-03-20,2024-04-02,2024-04-05,OTA
B01000,H001,G00490,2025-12-20,2025-12-21,2025-12-25,Phone Booking
B01001,H019,G00490,2026-05-01,2026-05-08,2026-05-09,OTA
B01002,H001,G00491,2024-05-21,2024-06-06,2024-06-08,Mobile App
B01003,H002,G00491,2024-07-19,2024-08-19,2024-08-24,Travel Agent
B01004,H004,G00492,2024-12-28,2025-01-10,2025-01-16,Mobile App
B01005,H003,G00492,2025-12-06,2025-12-16,2025-12-21,Mobile App
B01006,H011,G00492,2026-02-04,2026-02-17,2026-02-18,Mobile App
B01007,H016,G00493,2024-06-30,2024-07-09,2024-07-10,Corporate Booking
B01008,H018,G00493,2024-10-17,2024-11-05,2024-11-06,Travel Agent
B01009,H014,G00493,2024-11-10,2024-12-23,2024-12-24,Corporate Booking
B01010,H011,G00494,2024-10-15,2024-11-17,2024-11-19,Hotel Website
B01011,H004,G00494,2025-06-03,2025-06-20,2025-06-27,Mobile App
B01012,H012,G00495,2025-03-10,2025-03-11,2025-03-13,Walk-in
B01013,H012,G00495,2025-11-09,2025-11-13,2025-11-16,OTA
B01014,H004,G00496,2025-06-23,2025-07-05,2025-07-09,Phone Booking
B01015,H004,G00497,2025-02-09,2025-03-02,2025-03-07,Mobile App
B01016,H005,G00497,2026-02-14,2026-03-05,2026-03-11,Hotel Website
B01017,H007,G00498,2024-01-01,2024-01-05,2024-01-07,Hotel Website
B01018,H011,G00498,2025-06-26,2025-07-01,2025-07-02,Hotel Website
B01019,H002,G00499,2025-02-08,2025-02-24,2025-02-28,OTA
B01020,H002,G00500,2026-05-24,2026-06-02,2026-06-06,OTA
B01021,H003,G00501,2025-02-12,2025-03-08,2025-03-12,OTA
B01022,H005,G00502,2024-08-17,2024-09-13,2024-09-16,OTA
B01023,H003,G00502,2025-01-07,2025-01-19,2025-01-22,Travel Agent
B01024,H003,G00502,2026-01-01,2026-01-22,2026-01-24,OTA
B01025,H003,G00502,2026-01-25,2026-02-20,2026-02-27,Travel Agent
B01026,H015,G00503,2024-10-31,2024-11-01,2024-11-02,Walk-in
B01027,H003,G00504,2024-02-01,2024-02-17,2024-02-20,OTA
B01028,H003,G00504,2024-12-03,2024-12-23,2024-12-27,Travel Agent
B01029,H016,G00505,2024-10-29,2024-11-06,2024-11-09,Corporate Booking
B01030,H015,G00505,2025-04-15,2025-04-30,2025-05-03,OTA
B01031,H015,G00506,2024-12-14,2025-01-04,2025-01-07,Corporate Booking
B01032,H014,G00506,2025-03-02,2025-03-03,2025-03-05,Walk-in
B01033,H006,G00506,2025-11-07,2025-12-03,2025-12-08,OTA
B01034,H019,G00507,2024-11-24,2024-12-21,2024-12-22,Corporate Booking
B01035,H019,G00508,2025-06-26,2025-07-27,2025-08-01,Hotel Website
B01036,H006,G00508,2025-08-21,2025-09-10,2025-09-12,Phone Booking
B01037,H013,G00508,2026-01-27,2026-01-28,2026-01-29,OTA
B01038,H005,G00508,2026-07-20,2026-08-01,2026-08-05,Phone Booking
B01039,H009,G00509,2024-01-01,2024-01-11,2024-01-13,Travel Agent
B01040,H007,G00509,2025-08-25,2025-09-14,2025-09-16,Mobile App
B01041,H015,G00510,2026-03-05,2026-03-10,2026-03-12,Phone Booking
B01042,H005,G00510,2026-03-26,2026-04-10,2026-04-13,Mobile App
B01043,H001,G00511,2026-06-12,2026-06-27,2026-07-02,OTA
B01044,H003,G00511,2026-08-04,2026-08-20,2026-08-26,OTA
B01045,H002,G00512,2026-03-27,2026-04-16,2026-04-19,Hotel Website
B01046,H011,G00513,2025-08-12,2025-08-19,2025-08-22,Corporate Booking
B01047,H014,G00513,2025-12-16,2026-01-09,2026-01-10,Corporate Booking
B01048,H012,G00514,2024-05-23,2024-06-11,2024-06-13,Travel Agent
B01049,H016,G00514,2025-11-14,2025-11-21,2025-11-22,Travel Agent
B01050,H018,G00515,2025-02-10,2025-02-15,2025-02-17,OTA
B01051,H014,G00515,2026-02-02,2026-02-06,2026-02-09,Mobile App
B01052,H014,G00515,2026-05-17,2026-05-21,2026-05-24,OTA
B01053,H015,G00515,2026-08-03,2026-08-11,2026-08-14,Corporate Booking
B01054,H013,G00516,2025-09-25,2025-10-18,2025-10-19,OTA
B01055,H002,G00516,2025-12-02,2025-12-25,2025-12-28,Hotel Website
B01056,H013,G00516,2026-05-31,2026-06-18,2026-06-20,Phone Booking
B01057,H016,G00517,2025-08-21,2025-09-09,2025-09-10,Phone Booking
B01058,H004,G00517,2025-12-01,2025-12-08,2025-12-11,Hotel Website
B01059,H004,G00518,2024-06-13,2024-07-03,2024-07-06,OTA
B01060,H004,G00518,2024-10-12,2024-10-13,2024-10-16,Walk-in
B01061,H008,G00519,2024-01-12,2024-01-15,2024-01-18,Hotel Website
B01062,H014,G00519,2024-09-27,2024-10-16,2024-10-19,Hotel Website
B01063,H001,G00520,2026-03-13,2026-04-01,2026-04-05,OTA
B01064,H016,G00521,2025-12-09,2025-12-12,2025-12-17,Hotel Website
B01065,H012,G00522,2026-08-19,2026-08-25,2026-08-27,OTA
B01066,H008,G00523,2026-04-18,2026-05-30,2026-06-04,Corporate Booking
B01067,H004,G00523,2026-06-30,2026-08-02,2026-08-04,Travel Agent
B01068,H004,G00524,2025-11-08,2025-11-26,2025-12-02,Hotel Website
B01069,H011,G00525,2026-08-18,2026-08-21,2026-08-23,Mobile App
B01070,H005,G00525,2024-07-15,2024-08-09,2024-08-11,OTA
B01071,H016,G00526,2025-12-31,2026-01-29,2026-02-04,OTA
B01072,H014,G00527,2026-02-06,2026-02-12,2026-02-15,OTA
B01073,H018,G00528,2025-11-27,2025-12-15,2025-12-17,Phone Booking
B01074,H005,G00528,2026-03-03,2026-03-08,2026-03-14,Phone Booking
B01075,H012,G00528,2026-04-24,2026-05-09,2026-05-11,Mobile App
B01076,H004,G00529,2024-07-30,2024-08-25,2024-08-27,Travel Agent
B01077,H004,G00529,2024-11-28,2024-12-08,2024-12-13,OTA
B01078,H002,G00530,2024-04-16,2024-04-24,2024-04-28,Phone Booking
B01079,H008,G00530,2025-01-08,2025-01-27,2025-01-30,Phone Booking
B01080,H003,G00531,2024-11-28,2024-12-17,2024-12-20,OTA
B01081,H013,G00531,2025-08-17,2025-09-02,2025-09-03,Corporate Booking
B01082,H008,G00532,2024-01-18,2024-01-26,2024-01-28,OTA
B01083,H008,G00532,2024-10-20,2024-11-24,2024-11-26,Hotel Website
B01084,H017,G00532,2026-03-19,2026-04-25,2026-04-28,Travel Agent
B01085,H003,G00533,2024-06-28,2024-07-15,2024-07-18,OTA
B01086,H004,G00533,2026-03-15,2026-04-16,2026-04-18,Hotel Website
B01087,H011,G00533,2026-06-08,2026-06-28,2026-06-30,Phone Booking
B01088,H004,G00534,2026-03-12,2026-03-20,2026-03-23,Hotel Website
B01089,H001,G00534,2026-07-27,2026-08-01,2026-08-05,OTA
B01090,H002,G00535,2024-07-27,2024-08-15,2024-08-20,OTA
B01091,H015,G00535,2025-06-18,2025-07-15,2025-07-17,Hotel Website
B01092,H007,G00536,2024-01-11,2024-02-06,2024-02-08,Hotel Website
B01093,H007,G00536,2025-08-18,2025-09-08,2025-09-11,OTA
B01094,H020,G00537,2025-03-01,2025-04-11,2025-04-14,Travel Agent
B01095,H018,G00537,2026-07-25,2026-08-07,2026-08-08,OTA
B01096,H002,G00538,2024-10-13,2024-10-25,2024-10-30,Travel Agent
B01097,H016,G00538,2026-01-16,2026-02-25,2026-02-28,Travel Agent
B01098,H007,G00539,2026-03-14,2026-04-05,2026-04-07,Corporate Booking
B01099,H019,G00539,2026-07-13,2026-08-02,2026-08-05,Mobile App
B01100,H019,G00539,2025-10-14,2025-10-24,2025-10-27,Hotel Website
B01101,H014,G00540,2026-05-27,2026-06-08,2026-06-14,Phone Booking
B01102,H012,G00540,2026-06-12,2026-07-12,2026-07-14,Hotel Website
B01103,H019,G00541,2026-03-30,2026-04-23,2026-04-25,OTA
B01104,H019,G00541,2026-06-03,2026-06-21,2026-06-24,Phone Booking
B01105,H004,G00541,2026-08-18,2026-08-24,2026-08-26,Hotel Website
B01106,H004,G00542,2025-11-27,2025-12-04,2025-12-07,OTA
B01107,H001,G00542,2026-02-08,2026-02-16,2026-02-22,Mobile App
B01108,H013,G00543,2024-12-09,2024-12-14,2024-12-15,OTA
B01109,H001,G00543,2026-07-16,2026-07-17,2026-07-19,Walk-in
B01110,H005,G00544,2025-10-29,2025-11-18,2025-11-20,Hotel Website
B01111,H015,G00545,2025-05-17,2025-06-26,2025-06-27,Corporate Booking
B01112,H001,G00546,2025-05-15,2025-06-11,2025-06-16,OTA
B01113,H001,G00547,2026-02-17,2026-03-06,2026-03-08,OTA
B01114,H014,G00547,2026-07-07,2026-07-08,2026-07-09,Walk-in
B01115,H003,G00547,2026-07-27,2026-08-20,2026-08-24,OTA
B01116,H003,G00547,2026-06-20,2026-07-06,2026-07-10,Mobile App
B01117,H014,G00548,2024-03-20,2024-04-03,2024-04-04,OTA
B01118,H003,G00549,2024-02-16,2024-03-08,2024-03-15,Phone Booking
B01119,H008,G00549,2025-11-26,2025-11-27,2025-11-30,Walk-in
B01120,H012,G00550,2026-01-09,2026-01-15,2026-01-16,OTA
B01121,H004,G00550,2026-06-05,2026-06-13,2026-06-15,Hotel Website
B01122,H003,G00551,2024-10-30,2024-12-02,2024-12-05,Travel Agent
B01123,H003,G00551,2025-02-21,2025-03-16,2025-03-22,Hotel Website
B01124,H003,G00551,2025-04-30,2025-05-14,2025-05-18,Hotel Website
B01125,H002,G00552,2025-03-04,2025-03-15,2025-03-18,Phone Booking
B01126,H015,G00552,2026-03-25,2026-05-04,2026-05-06,Corporate Booking
B01127,H015,G00552,2026-08-18,2026-08-30,2026-08-31,Hotel Website
B01128,H007,G00553,2024-11-13,2024-11-17,2024-11-19,Phone Booking
B01129,H012,G00553,2026-06-08,2026-06-20,2026-06-23,Mobile App
B01130,H003,G00554,2025-09-09,2025-09-14,2025-09-19,OTA
B01131,H004,G00555,2026-04-21,2026-05-07,2026-05-10,Mobile App
B01132,H016,G00556,2026-01-26,2026-03-06,2026-03-09,Corporate Booking
B01133,H016,G00556,2026-08-02,2026-08-13,2026-08-15,OTA
B01134,H003,G00556,2025-10-26,2025-11-14,2025-11-21,Hotel Website
B01135,H016,G00557,2024-09-13,2024-10-17,2024-10-19,Hotel Website
B01136,H015,G00557,2025-12-10,2025-12-22,2025-12-24,Corporate Booking
B01137,H020,G00558,2025-01-17,2025-01-21,2025-01-23,Mobile App
B01138,H014,G00558,2025-02-12,2025-02-26,2025-03-03,Phone Booking
B01139,H003,G00558,2026-07-23,2026-07-28,2026-08-01,OTA
B01140,H015,G00559,2026-07-23,2026-08-06,2026-08-08,Corporate Booking
B01141,H003,G00560,2024-11-26,2025-01-10,2025-01-15,Travel Agent
B01142,H016,G00560,2025-09-29,2025-10-07,2025-10-13,Corporate Booking
B01143,H014,G00561,2024-01-15,2024-01-17,2024-01-19,Hotel Website
B01144,H014,G00561,2026-04-10,2026-04-28,2026-04-30,OTA
B01145,H014,G00561,2026-06-27,2026-07-04,2026-07-06,Phone Booking
B01146,H011,G00561,2026-07-27,2026-08-23,2026-08-24,Corporate Booking
B01147,H001,G00562,2026-08-16,2026-08-17,2026-08-19,Walk-in
B01148,H001,G00562,2025-11-13,2025-12-11,2025-12-16,Hotel Website
B01149,H014,G00562,2025-12-30,2026-01-29,2026-01-30,Hotel Website
B01150,H018,G00562,2026-08-11,2026-08-12,2026-08-15,Walk-in
B01151,H016,G00563,2026-02-02,2026-02-18,2026-02-20,OTA
B01152,H002,G00563,2026-06-15,2026-07-04,2026-07-07,OTA
B01153,H015,G00564,2024-12-04,2025-01-07,2025-01-09,Corporate Booking
B01154,H002,G00564,2026-03-23,2026-04-01,2026-04-07,OTA
B01155,H015,G00565,2024-03-10,2024-03-29,2024-03-30,OTA
B01156,H001,G00566,2025-11-02,2025-11-15,2025-11-19,OTA
B01157,H002,G00566,2026-06-13,2026-07-23,2026-07-26,Travel Agent
B01158,H006,G00566,2025-06-06,2025-06-07,2025-06-09,Walk-in
B01159,H018,G00566,2026-04-05,2026-05-08,2026-05-11,Travel Agent
B01160,H013,G00567,2025-12-16,2025-12-31,2026-01-01,Phone Booking
B01161,H001,G00567,2026-01-18,2026-02-16,2026-02-18,Hotel Website
B01162,H011,G00567,2026-07-21,2026-08-07,2026-08-08,Hotel Website
B01163,H013,G00568,2025-11-01,2025-11-06,2025-11-07,Hotel Website
B01164,H018,G00569,2024-07-01,2024-08-14,2024-08-16,Travel Agent
B01165,H018,G00569,2025-10-16,2025-11-07,2025-11-08,Travel Agent
B01166,H016,G00570,2024-08-14,2024-09-13,2024-09-15,Corporate Booking
B01167,H002,G00570,2024-12-14,2024-12-20,2024-12-26,Corporate Booking
B01168,H007,G00571,2026-03-11,2026-03-26,2026-03-29,Mobile App
B01169,H012,G00572,2026-06-13,2026-06-14,2026-06-15,Walk-in
B01170,H017,G00572,2026-06-23,2026-07-11,2026-07-12,Hotel Website
B01171,H013,G00573,2025-07-23,2025-08-03,2025-08-05,OTA
B01172,H003,G00573,2025-10-20,2025-11-02,2025-11-06,Mobile App
B01173,H015,G00573,2026-08-17,2026-08-28,2026-08-29,Mobile App
B01174,H002,G00573,2024-05-10,2024-05-25,2024-05-27,OTA
B01175,H001,G00574,2025-01-28,2025-01-29,2025-02-01,Walk-in
B01176,H001,G00574,2025-07-16,2025-07-22,2025-07-26,Hotel Website
B01177,H011,G00575,2025-01-05,2025-01-18,2025-01-20,Travel Agent
B01178,H006,G00575,2025-08-22,2025-09-11,2025-09-14,Mobile App
B01179,H001,G00575,2026-06-06,2026-06-07,2026-06-10,Walk-in
B01180,H014,G00576,2025-07-08,2025-07-24,2025-07-25,Hotel Website
B01181,H015,G00576,2026-03-06,2026-03-19,2026-03-22,Phone Booking
B01182,H004,G00576,2026-06-23,2026-06-24,2026-06-29,OTA
B01183,H003,G00577,2025-11-04,2025-11-19,2025-11-26,OTA
B01184,H007,G00577,2026-02-11,2026-02-27,2026-03-03,OTA
B01185,H007,G00577,2026-06-24,2026-07-11,2026-07-14,OTA
B01186,H014,G00578,2024-01-06,2024-01-22,2024-01-23,Travel Agent
B01187,H014,G00578,2026-04-23,2026-05-09,2026-05-14,Travel Agent
B01188,H011,G00579,2025-03-17,2025-03-31,2025-04-03,Mobile App
B01189,H009,G00580,2026-07-22,2026-08-26,2026-08-28,Travel Agent
B01190,H013,G00580,2026-03-04,2026-03-09,2026-03-13,Mobile App
B01191,H004,G00581,2025-04-17,2025-05-03,2025-05-07,Phone Booking
B01192,H014,G00582,2025-09-15,2025-10-10,2025-10-15,OTA
B01193,H006,G00582,2025-10-26,2025-11-10,2025-11-13,Hotel Website
B01194,H018,G00582,2026-06-26,2026-07-25,2026-07-26,Hotel Website
B01195,H004,G00583,2024-03-07,2024-03-29,2024-03-31,Travel Agent
B01196,H001,G00584,2025-12-22,2026-01-01,2026-01-06,Hotel Website
B01197,H005,G00585,2024-12-14,2025-01-10,2025-01-14,Travel Agent
B01198,H015,G00586,2026-02-20,2026-03-19,2026-03-21,Corporate Booking
B01199,H015,G00586,2026-06-14,2026-06-23,2026-06-27,Travel Agent
B01200,H020,G00587,2024-04-29,2024-04-30,2024-05-06,Walk-in
B01201,H009,G00588,2024-04-17,2024-05-16,2024-05-20,Hotel Website
B01202,H004,G00588,2026-01-18,2026-02-12,2026-02-15,Hotel Website
B01203,H011,G00589,2025-01-18,2025-02-02,2025-02-03,Corporate Booking
B01204,H006,G00590,2024-09-29,2024-10-31,2024-11-02,Corporate Booking
B01205,H004,G00590,2026-03-03,2026-03-20,2026-03-23,Hotel Website
B01206,H003,G00591,2024-06-02,2024-06-18,2024-06-21,Travel Agent
B01207,H002,G00592,2025-06-19,2025-07-31,2025-08-02,Corporate Booking
B01208,H003,G00593,2024-10-20,2024-11-07,2024-11-11,OTA
B01209,H005,G00593,2025-06-30,2025-08-10,2025-08-12,Travel Agent
B01210,H008,G00594,2024-01-26,2024-01-30,2024-02-01,Hotel Website
B01211,H016,G00595,2025-03-28,2025-04-08,2025-04-10,Phone Booking
B01212,H005,G00595,2026-05-15,2026-06-28,2026-07-03,Travel Agent
B01213,H012,G00595,2026-08-14,2026-08-26,2026-08-28,Mobile App
B01214,H001,G00596,2025-12-04,2025-12-05,2025-12-09,Walk-in
B01215,H015,G00596,2026-07-17,2026-08-10,2026-08-11,OTA
B01216,H012,G00597,2025-03-25,2025-04-15,2025-04-17,Hotel Website
B01217,H018,G00597,2026-05-01,2026-06-12,2026-06-14,Travel Agent
B01218,H014,G00598,2025-09-18,2025-09-27,2025-09-29,Corporate Booking
B01219,H004,G00598,2026-06-27,2026-07-11,2026-07-16,OTA
B01220,H004,G00598,2026-08-25,2026-08-27,2026-08-31,OTA
B01221,H011,G00599,2024-10-05,2024-10-20,2024-10-22,Phone Booking
B01222,H006,G00599,2024-12-01,2024-12-21,2024-12-26,Corporate Booking
B01223,H012,G00600,2026-04-18,2026-05-11,2026-05-15,OTA
B01224,H019,G00601,2026-01-14,2026-01-27,2026-01-28,OTA
B01225,H014,G00601,2026-02-22,2026-02-27,2026-03-03,Mobile App
B01226,H004,G00602,2024-06-22,2024-07-03,2024-07-05,Mobile App
B01227,H018,G00602,2026-07-12,2026-08-09,2026-08-12,OTA
B01228,H019,G00603,2025-07-14,2025-08-18,2025-08-23,Corporate Booking
B01229,H011,G00604,2024-11-26,2024-12-12,2024-12-13,OTA
B01230,H004,G00604,2026-02-25,2026-03-16,2026-03-20,Hotel Website
B01231,H004,G00605,2024-02-05,2024-03-13,2024-03-15,Corporate Booking
B01232,H011,G00605,2025-04-17,2025-04-28,2025-04-29,Mobile App
B01233,H011,G00605,2025-12-23,2026-01-29,2026-02-02,Corporate Booking
B01234,H014,G00606,2024-03-23,2024-04-19,2024-04-21,Travel Agent
B01235,H003,G00606,2025-06-11,2025-06-24,2025-06-27,OTA
B01236,H014,G00606,2025-11-24,2025-12-16,2025-12-18,Hotel Website
B01237,H014,G00607,2024-02-07,2024-02-29,2024-03-02,OTA
B01238,H019,G00607,2025-08-24,2025-09-14,2025-09-15,OTA
B01239,H011,G00608,2026-03-29,2026-05-11,2026-05-14,Corporate Booking
B01240,H011,G00608,2026-06-12,2026-07-01,2026-07-03,Phone Booking
B01241,H011,G00609,2024-04-01,2024-04-23,2024-04-24,Travel Agent
B01242,H011,G00609,2025-11-14,2025-12-05,2025-12-09,Hotel Website
B01243,H003,G00609,2026-04-04,2026-04-23,2026-04-27,Mobile App
B01244,H016,G00610,2024-08-18,2024-09-04,2024-09-09,Travel Agent
B01245,H008,G00610,2025-10-14,2025-10-31,2025-11-02,Phone Booking
B01246,H006,G00610,2026-07-03,2026-07-13,2026-07-15,OTA
B01247,H020,G00611,2025-11-22,2025-11-28,2025-12-02,OTA
B01248,H003,G00612,2025-09-29,2025-10-09,2025-10-12,OTA
B01249,H007,G00612,2026-01-30,2026-02-09,2026-02-10,Mobile App
B01250,H013,G00612,2026-02-12,2026-03-03,2026-03-04,Phone Booking
B01251,H019,G00612,2026-08-12,2026-08-13,2026-08-15,Walk-in
B01252,H015,G00613,2024-11-11,2024-11-25,2024-11-26,OTA
B01253,H004,G00613,2025-02-17,2025-02-24,2025-02-27,OTA
B01254,H007,G00613,2026-05-18,2026-06-01,2026-06-03,Phone Booking
B01255,H003,G00613,2026-08-12,2026-08-20,2026-08-26,Travel Agent
B01256,H020,G00614,2025-12-13,2025-12-14,2025-12-16,OTA
B01257,H020,G00614,2026-02-25,2026-03-09,2026-03-14,Mobile App
B01258,H003,G00614,2026-05-15,2026-05-17,2026-05-21,Mobile App
B01259,H003,G00615,2024-08-24,2024-09-12,2024-09-18,Hotel Website
B01260,H008,G00615,2026-07-01,2026-07-05,2026-07-10,Mobile App
B01261,H012,G00616,2025-03-03,2025-03-31,2025-04-01,OTA
B01262,H015,G00616,2025-10-30,2025-11-17,2025-11-18,Corporate Booking
B01263,H002,G00616,2026-08-27,2026-08-28,2026-08-31,Mobile App
B01264,H004,G00616,2025-12-09,2025-12-17,2025-12-20,Travel Agent
B01265,H016,G00617,2026-02-16,2026-03-16,2026-03-20,Corporate Booking
B01266,H005,G00617,2026-06-16,2026-06-24,2026-06-28,Mobile App
B01267,H016,G00617,2026-07-27,2026-08-13,2026-08-17,Phone Booking
B01268,H002,G00618,2024-03-19,2024-03-28,2024-03-31,Hotel Website
B01269,H019,G00619,2024-06-19,2024-07-02,2024-07-06,OTA
B01270,H003,G00619,2025-12-17,2025-12-29,2026-01-02,OTA
B01271,H011,G00620,2024-05-21,2024-05-31,2024-06-01,Mobile App
B01272,H001,G00620,2026-07-13,2026-07-27,2026-08-03,Travel Agent
B01273,H009,G00620,2026-03-31,2026-05-01,2026-05-04,Travel Agent
B01274,H004,G00621,2025-12-06,2025-12-16,2025-12-23,Hotel Website
B01275,H005,G00621,2026-06-13,2026-06-25,2026-06-29,Phone Booking
B01276,H013,G00621,2026-08-23,2026-08-24,2026-08-26,Walk-in
B01277,H017,G00622,2025-11-07,2025-12-07,2025-12-10,OTA
B01278,H014,G00622,2026-02-13,2026-02-17,2026-02-21,Phone Booking
B01279,H003,G00623,2025-08-06,2025-08-20,2025-08-24,Mobile App
B01280,H014,G00624,2026-07-14,2026-07-16,2026-07-20,Mobile App
B01281,H012,G00625,2026-06-18,2026-07-27,2026-07-28,Corporate Booking
B01282,H018,G00625,2025-02-16,2025-02-28,2025-03-01,OTA
B01283,H011,G00626,2024-09-22,2024-09-26,2024-09-28,Hotel Website
B01284,H004,G00626,2025-01-09,2025-01-31,2025-02-04,Travel Agent
B01285,H001,G00626,2025-08-20,2025-09-11,2025-09-15,OTA
B01286,H003,G00627,2025-02-23,2025-02-28,2025-03-03,Corporate Booking
B01287,H013,G00627,2026-05-01,2026-05-14,2026-05-16,Mobile App
B01288,H018,G00628,2025-02-17,2025-03-05,2025-03-07,Hotel Website
B01289,H003,G00628,2026-03-25,2026-04-04,2026-04-08,Phone Booking
B01290,H003,G00629,2025-05-17,2025-05-21,2025-05-24,OTA
B01291,H005,G00630,2026-02-11,2026-02-21,2026-02-23,Hotel Website
B01292,H005,G00631,2025-11-22,2025-12-24,2025-12-28,Hotel Website
B01293,H005,G00631,2026-01-25,2026-01-26,2026-01-29,OTA
B01294,H007,G00632,2025-10-21,2025-10-31,2025-11-03,Mobile App
B01295,H018,G00632,2026-07-21,2026-08-07,2026-08-08,Mobile App
B01296,H005,G00633,2025-11-10,2025-12-15,2025-12-18,Hotel Website
B01297,H005,G00633,2026-04-02,2026-05-09,2026-05-13,Travel Agent
B01298,H001,G00634,2025-01-04,2025-02-09,2025-02-12,Travel Agent
B01299,H015,G00634,2025-12-04,2025-12-16,2025-12-17,Corporate Booking
B01300,H001,G00635,2024-06-19,2024-07-18,2024-07-22,OTA
B01301,H004,G00636,2025-08-16,2025-08-17,2025-08-22,Walk-in
B01302,H011,G00636,2025-12-12,2025-12-23,2025-12-24,Travel Agent
B01303,H002,G00636,2026-02-02,2026-02-15,2026-02-18,Corporate Booking
B01304,H012,G00637,2025-08-21,2025-09-11,2025-09-12,Corporate Booking
B01305,H012,G00637,2026-03-15,2026-04-07,2026-04-10,OTA
B01306,H011,G00638,2026-07-12,2026-07-15,2026-07-17,Hotel Website
B01307,H003,G00639,2024-06-05,2024-06-23,2024-06-25,Travel Agent
B01308,H005,G00639,2025-08-31,2025-09-29,2025-10-03,OTA
B01309,H007,G00640,2025-09-27,2025-10-18,2025-10-22,Mobile App
B01310,H003,G00640,2026-08-04,2026-08-15,2026-08-18,OTA
B01311,H005,G00641,2025-06-10,2025-06-14,2025-06-16,Hotel Website
B01312,H005,G00641,2026-07-17,2026-07-23,2026-07-25,Travel Agent
B01313,H004,G00642,2025-12-19,2025-12-30,2026-01-03,Travel Agent
B01314,H002,G00643,2025-04-28,2025-05-21,2025-05-23,OTA
B01315,H005,G00644,2026-06-07,2026-06-17,2026-06-19,Phone Booking
B01316,H001,G00644,2026-07-01,2026-07-31,2026-08-06,OTA
B01317,H006,G00645,2025-07-30,2025-08-17,2025-08-20,Mobile App
B01318,H006,G00645,2026-07-27,2026-08-17,2026-08-22,Travel Agent
B01319,H003,G00645,2024-11-29,2024-12-18,2024-12-22,OTA
B01320,H003,G00646,2024-02-04,2024-02-13,2024-02-18,Hotel Website
B01321,H001,G00646,2025-12-21,2026-01-12,2026-01-15,Hotel Website
B01322,H001,G00646,2026-03-17,2026-03-26,2026-04-01,Phone Booking
B01323,H004,G00647,2026-02-11,2026-03-09,2026-03-13,Hotel Website
B01324,H005,G00648,2024-05-17,2024-05-19,2024-05-22,Phone Booking
B01325,H006,G00648,2025-09-15,2025-10-05,2025-10-06,OTA
B01326,H003,G00648,2026-03-06,2026-03-24,2026-03-27,Mobile App
B01327,H012,G00649,2025-04-26,2025-04-27,2025-04-28,Walk-in
B01328,H007,G00650,2024-11-28,2024-12-19,2024-12-24,OTA
B01329,H009,G00650,2025-09-16,2025-10-08,2025-10-09,OTA
B01330,H013,G00650,2026-08-02,2026-08-03,2026-08-04,Walk-in
B01331,H003,G00651,2024-11-24,2025-01-04,2025-01-07,Travel Agent
B01332,H003,G00651,2026-07-16,2026-07-29,2026-08-01,OTA
B01333,H007,G00652,2026-02-14,2026-03-10,2026-03-11,Hotel Website
B01334,H013,G00652,2026-08-03,2026-08-04,2026-08-06,Walk-in
B01335,H003,G00653,2024-04-25,2024-05-08,2024-05-12,OTA
B01336,H003,G00653,2026-01-01,2026-01-04,2026-01-09,Mobile App
B01337,H012,G00654,2024-06-14,2024-06-27,2024-06-28,Phone Booking
B01338,H004,G00654,2025-12-26,2026-01-15,2026-01-19,OTA
B01339,H020,G00654,2026-02-16,2026-03-08,2026-03-14,Phone Booking
B01340,H005,G00655,2026-02-04,2026-02-13,2026-02-15,OTA
B01341,H004,G00655,2026-06-18,2026-07-03,2026-07-07,OTA
B01342,H016,G00656,2025-01-04,2025-01-12,2025-01-13,Corporate Booking
B01343,H018,G00656,2025-11-27,2025-12-18,2025-12-20,Phone Booking
B01344,H019,G00657,2024-04-04,2024-04-13,2024-04-15,Mobile App
B01345,H011,G00657,2025-07-29,2025-08-15,2025-08-16,Corporate Booking
B01346,H008,G00658,2026-01-25,2026-02-05,2026-02-10,OTA
B01347,H008,G00659,2025-03-03,2025-03-14,2025-03-16,Phone Booking
B01348,H005,G00660,2024-10-27,2024-11-13,2024-11-18,Hotel Website
B01349,H017,G00660,2025-10-17,2025-10-30,2025-11-02,Phone Booking
B01350,H014,G00661,2024-10-10,2024-10-22,2024-10-24,Hotel Website
B01351,H014,G00661,2025-11-13,2025-11-28,2025-11-30,Phone Booking
B01352,H005,G00662,2025-09-27,2025-10-23,2025-10-25,Hotel Website
B01353,H005,G00662,2025-12-08,2026-01-11,2026-01-14,Travel Agent
B01354,H003,G00662,2026-03-04,2026-04-06,2026-04-10,Hotel Website
B01355,H014,G00662,2026-06-03,2026-06-16,2026-06-18,OTA
B01356,H004,G00663,2026-03-18,2026-03-19,2026-03-26,OTA
B01357,H001,G00663,2026-07-14,2026-07-25,2026-07-28,Hotel Website
B01358,H018,G00663,2026-07-26,2026-08-24,2026-08-26,Hotel Website
B01359,H011,G00664,2024-05-27,2024-06-12,2024-06-13,Phone Booking
B01360,H011,G00664,2026-07-10,2026-08-04,2026-08-07,OTA
B01361,H014,G00665,2024-01-26,2024-02-24,2024-02-26,Hotel Website
B01362,H014,G00666,2026-07-15,2026-07-31,2026-08-03,Travel Agent
B01363,H014,G00666,2026-08-13,2026-08-26,2026-08-31,Hotel Website
B01364,H017,G00667,2024-12-29,2025-01-07,2025-01-08,Phone Booking
B01365,H015,G00667,2025-09-15,2025-09-17,2025-09-19,Hotel Website
B01366,H019,G00668,2025-06-09,2025-06-25,2025-06-26,Mobile App
B01367,H019,G00668,2026-08-13,2026-08-26,2026-08-28,Hotel Website
B01368,H004,G00668,2026-01-22,2026-01-23,2026-01-27,Walk-in
B01369,H001,G00669,2024-08-12,2024-09-14,2024-09-16,Travel Agent
B01370,H016,G00669,2025-10-20,2025-10-25,2025-10-26,Hotel Website
B01371,H014,G00670,2025-03-26,2025-03-29,2025-04-02,Mobile App
B01372,H016,G00671,2026-08-17,2026-08-24,2026-08-27,Mobile App
B01373,H018,G00671,2025-07-08,2025-07-23,2025-07-28,Hotel Website
B01374,H004,G00671,2025-09-14,2025-09-22,2025-09-26,Corporate Booking
B01375,H006,G00672,2025-02-06,2025-02-23,2025-03-01,Mobile App
B01376,H015,G00673,2024-11-20,2024-12-09,2024-12-13,Corporate Booking
B01377,H015,G00674,2025-12-18,2026-01-06,2026-01-07,Phone Booking
B01378,H014,G00674,2026-03-15,2026-03-30,2026-04-02,Hotel Website
B01379,H003,G00675,2025-11-21,2025-12-12,2025-12-18,Travel Agent
B01380,H018,G00675,2026-08-08,2026-08-22,2026-08-23,Mobile App
B01381,H004,G00675,2025-11-25,2025-11-30,2025-12-04,Hotel Website
B01382,H014,G00676,2024-04-25,2024-05-08,2024-05-11,Phone Booking
B01383,H008,G00677,2025-02-16,2025-03-04,2025-03-05,Hotel Website
B01384,H007,G00678,2025-05-05,2025-05-16,2025-05-18,Phone Booking
B01385,H014,G00678,2025-09-01,2025-09-25,2025-09-28,Travel Agent
B01386,H001,G00678,2025-11-26,2025-12-04,2025-12-09,Corporate Booking
B01387,H018,G00678,2026-02-05,2026-02-27,2026-03-03,Travel Agent
B01388,H019,G00679,2024-01-31,2024-02-02,2024-02-04,OTA
B01389,H018,G00680,2025-11-26,2025-12-03,2025-12-04,OTA
B01390,H013,G00680,2026-01-10,2026-01-11,2026-01-12,Walk-in
B01391,H011,G00681,2026-01-22,2026-02-16,2026-02-18,OTA
B01392,H004,G00681,2026-05-28,2026-06-24,2026-06-28,Hotel Website
B01393,H018,G00682,2025-09-06,2025-09-17,2025-09-19,OTA
B01394,H011,G00682,2025-10-15,2025-11-03,2025-11-07,Mobile App
B01395,H014,G00683,2024-05-01,2024-06-04,2024-06-05,Hotel Website
B01396,H005,G00684,2026-01-18,2026-01-20,2026-01-22,OTA
B01397,H005,G00684,2026-07-18,2026-08-17,2026-08-20,Travel Agent
B01398,H008,G00684,2024-03-02,2024-03-24,2024-03-30,Hotel Website
B01399,H020,G00684,2026-03-26,2026-04-13,2026-04-15,OTA
B01400,H015,G00685,2024-02-09,2024-02-22,2024-02-24,Hotel Website
B01401,H012,G00686,2026-07-04,2026-08-05,2026-08-06,Corporate Booking
B01402,H013,G00687,2025-04-04,2025-04-24,2025-04-25,Travel Agent
B01403,H012,G00687,2026-08-02,2026-08-27,2026-08-29,Corporate Booking
B01404,H007,G00688,2026-05-03,2026-05-24,2026-05-26,Mobile App
B01405,H015,G00688,2026-05-30,2026-06-19,2026-06-23,Corporate Booking
B01406,H013,G00688,2026-08-07,2026-08-16,2026-08-18,OTA
B01407,H012,G00689,2025-02-04,2025-02-06,2025-02-07,Mobile App
B01408,H012,G00689,2025-12-03,2026-01-01,2026-01-03,OTA
B01409,H001,G00690,2024-11-05,2024-12-10,2024-12-12,Hotel Website
B01410,H015,G00690,2026-02-15,2026-03-31,2026-04-02,Corporate Booking
B01411,H002,G00691,2026-05-04,2026-05-19,2026-05-23,OTA
B01412,H015,G00692,2026-07-11,2026-07-24,2026-07-27,OTA
B01413,H015,G00693,2025-02-09,2025-03-10,2025-03-12,OTA
B01414,H008,G00694,2024-01-30,2024-02-18,2024-02-20,Mobile App
B01415,H014,G00694,2025-05-31,2025-06-01,2025-06-05,Phone Booking
B01416,H014,G00695,2025-08-03,2025-08-06,2025-08-07,OTA
B01417,H014,G00695,2026-05-31,2026-06-28,2026-07-02,OTA
B01418,H020,G00695,2026-08-17,2026-08-23,2026-08-25,OTA
B01419,H015,G00695,2025-05-14,2025-06-08,2025-06-12,Corporate Booking
B01420,H014,G00696,2024-11-05,2024-12-06,2024-12-07,Travel Agent
B01421,H014,G00696,2025-12-12,2026-01-02,2026-01-04,Hotel Website
B01422,H011,G00697,2025-01-11,2025-02-03,2025-02-05,Corporate Booking
B01423,H004,G00697,2026-03-19,2026-04-09,2026-04-13,Mobile App
B01424,H005,G00697,2026-06-10,2026-06-13,2026-06-15,OTA
B01425,H016,G00697,2026-08-11,2026-08-15,2026-08-17,Hotel Website
B01426,H004,G00698,2024-12-04,2024-12-05,2024-12-09,Walk-in
B01427,H004,G00699,2025-09-02,2025-09-27,2025-10-01,Hotel Website
B01428,H013,G00699,2026-05-05,2026-05-18,2026-05-20,Mobile App
B01429,H014,G00700,2026-02-06,2026-02-07,2026-02-08,Walk-in
B01430,H014,G00700,2026-05-01,2026-05-28,2026-05-31,Hotel Website
B01431,H014,G00701,2025-02-22,2025-03-18,2025-03-21,Hotel Website
B01432,H002,G00701,2026-06-23,2026-07-03,2026-07-07,Hotel Website
B01433,H013,G00702,2025-01-12,2025-01-15,2025-01-16,Mobile App
B01434,H013,G00702,2025-06-26,2025-07-21,2025-07-22,Travel Agent
B01435,H016,G00702,2026-04-07,2026-04-18,2026-04-21,OTA
B01436,H014,G00702,2026-07-08,2026-07-27,2026-07-29,Corporate Booking
B01437,H015,G00703,2024-07-24,2024-08-03,2024-08-05,Corporate Booking
B01438,H011,G00704,2026-03-19,2026-03-20,2026-03-21,Walk-in
B01439,H004,G00705,2024-06-03,2024-06-22,2024-06-26,Hotel Website
B01440,H019,G00705,2026-02-18,2026-02-27,2026-03-03,Phone Booking
B01441,H001,G00706,2025-11-10,2025-12-07,2025-12-10,OTA
B01442,H004,G00706,2026-02-10,2026-02-26,2026-03-01,Mobile App
B01443,H004,G00706,2026-05-13,2026-05-20,2026-05-25,Phone Booking
B01444,H013,G00707,2024-01-01,2024-01-03,2024-01-08,Travel Agent
B01445,H010,G00707,2024-03-15,2024-04-23,2024-04-27,Travel Agent
B01446,H018,G00707,2026-06-27,2026-07-18,2026-07-20,Hotel Website
B01447,H014,G00708,2026-04-14,2026-04-22,2026-04-24,Phone Booking
B01448,H004,G00708,2026-06-13,2026-07-06,2026-07-11,OTA
B01449,H003,G00709,2026-05-20,2026-05-29,2026-06-04,OTA
B01450,H016,G00709,2026-07-03,2026-07-17,2026-07-20,Phone Booking
B01451,H016,G00710,2024-03-18,2024-03-19,2024-03-21,OTA
B01452,H016,G00710,2025-06-08,2025-06-09,2025-06-12,Phone Booking
B01453,H011,G00710,2025-11-26,2025-12-09,2025-12-10,Hotel Website
B01454,H005,G00711,2024-04-19,2024-04-23,2024-04-26,OTA
B01455,H003,G00711,2025-02-08,2025-02-26,2025-03-03,Hotel Website
B01456,H014,G00712,2024-01-01,2024-01-01,2024-01-03,OTA
B01457,H014,G00712,2025-08-20,2025-09-17,2025-09-18,Corporate Booking
B01458,H013,G00713,2025-10-30,2025-11-18,2025-11-20,OTA
B01459,H020,G00713,2025-12-24,2025-12-28,2025-12-30,OTA
B01460,H003,G00714,2025-09-29,2025-09-30,2025-10-07,Walk-in
B01461,H017,G00714,2026-08-14,2026-08-21,2026-08-22,OTA
B01462,H008,G00714,2026-08-18,2026-08-27,2026-08-29,Hotel Website
B01463,H013,G00715,2024-06-17,2024-06-29,2024-07-01,OTA
B01464,H004,G00716,2025-01-06,2025-01-22,2025-01-27,OTA
B01465,H001,G00716,2025-08-13,2025-09-15,2025-09-22,Hotel Website
B01466,H001,G00717,2024-01-13,2024-01-15,2024-01-19,Hotel Website
B01467,H013,G00718,2026-03-23,2026-04-19,2026-04-20,Hotel Website
B01468,H004,G00719,2025-03-14,2025-03-27,2025-03-30,Corporate Booking
B01469,H015,G00719,2025-09-05,2025-09-13,2025-09-17,Phone Booking
B01470,H014,G00720,2026-05-12,2026-06-25,2026-06-28,Corporate Booking
B01471,H001,G00720,2026-06-30,2026-08-10,2026-08-17,Travel Agent
B01472,H016,G00721,2024-04-04,2024-04-20,2024-04-25,Phone Booking
B01473,H011,G00722,2025-11-23,2025-12-18,2025-12-20,Travel Agent
B01474,H001,G00722,2026-04-03,2026-04-14,2026-04-17,OTA
B01475,H008,G00723,2025-09-22,2025-10-10,2025-10-13,Mobile App
B01476,H016,G00723,2026-04-10,2026-05-14,2026-05-16,Corporate Booking
B01477,H014,G00724,2025-11-20,2025-12-11,2025-12-12,Travel Agent
B01478,H003,G00724,2026-03-23,2026-04-12,2026-04-17,OTA
B01479,H020,G00725,2024-04-12,2024-04-20,2024-04-23,Travel Agent
B01480,H004,G00725,2025-11-17,2025-12-17,2025-12-21,OTA
B01481,H005,G00726,2024-09-17,2024-09-29,2024-10-02,OTA
B01482,H014,G00727,2026-04-06,2026-04-23,2026-04-25,Phone Booking
B01483,H001,G00727,2026-07-23,2026-08-07,2026-08-12,Phone Booking
B01484,H010,G00728,2024-10-06,2024-10-07,2024-10-08,Mobile App
B01485,H016,G00729,2024-07-17,2024-08-16,2024-08-18,Corporate Booking
B01486,H019,G00729,2025-08-31,2025-10-04,2025-10-05,Hotel Website
B01487,H012,G00730,2024-06-20,2024-06-24,2024-06-27,Phone Booking
B01488,H007,G00731,2025-11-21,2025-12-07,2025-12-11,Phone Booking
B01489,H015,G00731,2026-07-29,2026-08-21,2026-08-24,OTA
B01490,H004,G00731,2025-03-31,2025-04-19,2025-04-23,Hotel Website
B01491,H016,G00732,2026-01-22,2026-02-21,2026-02-22,Hotel Website
B01492,H001,G00732,2026-04-26,2026-05-04,2026-05-09,Mobile App
B01493,H015,G00733,2025-10-03,2025-11-06,2025-11-09,Corporate Booking
B01494,H011,G00733,2026-07-25,2026-08-02,2026-08-07,Corporate Booking
B01495,H015,G00734,2026-08-05,2026-08-27,2026-08-30,Corporate Booking
B01496,H012,G00734,2024-01-15,2024-02-16,2024-02-18,Hotel Website
B01497,H009,G00735,2026-06-06,2026-06-10,2026-06-11,Hotel Website
B01498,H012,G00735,2026-07-14,2026-07-27,2026-07-28,OTA
B01499,H001,G00735,2026-08-17,2026-08-18,2026-08-22,Walk-in
B01500,H011,G00736,2025-10-06,2025-11-14,2025-11-16,Corporate Booking
B01501,H015,G00736,2026-08-07,2026-08-17,2026-08-20,Hotel Website
B01502,H004,G00737,2024-04-08,2024-05-15,2024-05-19,Travel Agent
B01503,H004,G00737,2024-12-08,2025-01-10,2025-01-12,Hotel Website
B01504,H007,G00737,2026-08-19,2026-08-25,2026-08-29,Hotel Website
B01505,H003,G00737,2025-03-06,2025-03-14,2025-03-18,OTA
B01506,H011,G00738,2025-06-30,2025-07-19,2025-07-20,Travel Agent
B01507,H005,G00738,2025-12-11,2025-12-23,2025-12-26,OTA
B01508,H005,G00738,2026-04-20,2026-05-08,2026-05-11,OTA
B01509,H014,G00739,2024-04-29,2024-05-09,2024-05-11,OTA
B01510,H006,G00739,2025-08-15,2025-08-21,2025-08-27,Hotel Website
B01511,H001,G00739,2025-12-24,2025-12-26,2025-12-29,Mobile App
B01512,H007,G00739,2026-05-13,2026-06-08,2026-06-09,Hotel Website
B01513,H008,G00739,2026-08-16,2026-08-25,2026-08-28,Corporate Booking
B01514,H001,G00740,2024-09-09,2024-09-28,2024-09-30,Phone Booking
B01515,H016,G00740,2025-02-25,2025-03-18,2025-03-19,Mobile App
B01516,H015,G00740,2025-05-17,2025-05-22,2025-05-26,Phone Booking
B01517,H012,G00741,2024-04-02,2024-05-03,2024-05-05,Hotel Website
B01518,H003,G00741,2025-01-13,2025-02-14,2025-02-17,Hotel Website
B01519,H014,G00741,2025-12-08,2025-12-30,2026-01-03,Hotel Website
B01520,H013,G00742,2024-01-01,2024-01-15,2024-01-17,Travel Agent
B01521,H002,G00742,2024-05-03,2024-05-20,2024-05-24,Corporate Booking
B01522,H012,G00743,2024-07-23,2024-08-16,2024-08-18,OTA
B01523,H012,G00743,2025-07-15,2025-07-16,2025-07-18,Mobile App
B01524,H012,G00744,2025-08-18,2025-08-25,2025-08-26,Hotel Website
B01525,H011,G00745,2024-06-17,2024-07-30,2024-08-01,Travel Agent
B01526,H014,G00745,2026-01-29,2026-02-18,2026-02-19,Corporate Booking
B01527,H005,G00745,2026-06-17,2026-07-13,2026-07-18,OTA
B01528,H014,G00746,2025-10-08,2025-10-14,2025-10-19,Hotel Website
B01529,H014,G00746,2025-10-25,2025-12-02,2025-12-08,Travel Agent
B01530,H015,G00747,2024-09-28,2024-10-18,2024-10-21,Hotel Website
B01531,H005,G00748,2025-11-26,2025-12-07,2025-12-13,OTA
B01532,H013,G00748,2026-03-27,2026-04-15,2026-04-19,Corporate Booking
B01533,H004,G00748,2026-07-09,2026-07-30,2026-08-02,Phone Booking
B01534,H001,G00749,2025-01-19,2025-01-20,2025-01-23,Walk-in
B01535,H011,G00749,2025-11-20,2025-11-28,2025-11-29,OTA
B01536,H011,G00750,2024-02-02,2024-02-03,2024-02-04,Walk-in
B01537,H009,G00751,2024-09-02,2024-09-21,2024-09-24,Mobile App
B01538,H016,G00751,2026-08-01,2026-08-15,2026-08-18,Hotel Website
B01539,H016,G00751,2025-11-24,2025-12-04,2025-12-05,Hotel Website
B01540,H001,G00752,2024-09-14,2024-09-15,2024-09-17,OTA
B01541,H012,G00752,2025-05-31,2025-06-09,2025-06-14,Phone Booking
B01542,H005,G00753,2024-01-11,2024-01-23,2024-01-29,Mobile App
B01543,H014,G00753,2025-01-15,2025-02-02,2025-02-05,Hotel Website
B01544,H002,G00754,2025-03-03,2025-03-23,2025-03-27,Hotel Website
B01545,H011,G00755,2024-06-04,2024-06-05,2024-06-07,Walk-in
B01546,H012,G00756,2025-03-30,2025-04-08,2025-04-10,Hotel Website
B01547,H005,G00757,2024-05-30,2024-05-31,2024-06-06,Walk-in
B01548,H017,G00758,2025-12-01,2025-12-05,2025-12-07,OTA
B01549,H008,G00759,2024-09-10,2024-09-17,2024-09-21,Hotel Website
B01550,H002,G00760,2024-01-01,2024-01-25,2024-01-28,OTA
B01551,H002,G00760,2026-07-02,2026-08-11,2026-08-13,Travel Agent
B01552,H008,G00761,2026-01-17,2026-01-30,2026-02-02,Phone Booking
B01553,H002,G00761,2026-08-01,2026-08-25,2026-08-27,OTA
B01554,H019,G00762,2024-05-05,2024-05-16,2024-05-18,Hotel Website
B01555,H007,G00762,2024-11-18,2024-12-13,2024-12-15,Hotel Website
B01556,H013,G00762,2026-07-12,2026-08-11,2026-08-13,OTA
B01557,H012,G00763,2026-01-20,2026-01-21,2026-01-23,Walk-in
B01558,H020,G00764,2024-06-01,2024-06-02,2024-06-05,Walk-in
B01559,H003,G00764,2025-01-06,2025-02-13,2025-02-17,Travel Agent
B01560,H016,G00764,2025-12-14,2026-01-04,2026-01-08,OTA
B01561,H003,G00765,2024-08-28,2024-09-08,2024-09-12,Hotel Website
B01562,H013,G00766,2025-04-01,2025-04-02,2025-04-04,Walk-in
B01563,H020,G00767,2026-01-19,2026-02-09,2026-02-11,Mobile App
B01564,H003,G00767,2026-08-19,2026-08-23,2026-08-27,Phone Booking
B01565,H003,G00767,2025-12-26,2026-01-11,2026-01-15,Mobile App
B01566,H003,G00768,2026-06-15,2026-06-23,2026-06-28,Hotel Website
B01567,H019,G00768,2026-07-27,2026-07-30,2026-08-01,Phone Booking
B01568,H020,G00769,2025-08-07,2025-08-18,2025-08-24,Travel Agent
B01569,H008,G00770,2026-01-22,2026-01-23,2026-01-25,OTA
B01570,H005,G00771,2025-01-29,2025-02-22,2025-02-24,OTA
B01571,H008,G00771,2026-02-04,2026-02-18,2026-02-20,OTA
B01572,H013,G00772,2025-03-17,2025-04-14,2025-04-15,Hotel Website
B01573,H007,G00772,2026-06-11,2026-07-04,2026-07-08,OTA
B01574,H004,G00772,2026-07-18,2026-08-12,2026-08-16,Hotel Website
B01575,H005,G00772,2026-07-03,2026-07-13,2026-07-16,Hotel Website
B01576,H006,G00773,2026-06-04,2026-07-03,2026-07-06,Hotel Website
B01577,H004,G00773,2026-07-20,2026-08-18,2026-08-20,Travel Agent
B01578,H019,G00774,2026-03-05,2026-03-19,2026-03-21,OTA
B01579,H017,G00775,2025-11-24,2025-12-29,2026-01-01,Hotel Website
B01580,H015,G00775,2026-02-18,2026-02-26,2026-02-27,Phone Booking
B01581,H016,G00775,2026-06-12,2026-06-18,2026-06-20,Phone Booking
B01582,H012,G00776,2025-01-22,2025-02-15,2025-02-18,Travel Agent
B01583,H011,G00777,2024-03-06,2024-03-29,2024-03-30,Hotel Website
B01584,H011,G00777,2024-10-10,2024-10-31,2024-11-04,Mobile App
B01585,H004,G00778,2024-01-05,2024-01-07,2024-01-09,Hotel Website
B01586,H009,G00778,2025-07-13,2025-07-14,2025-07-16,Mobile App
B01587,H011,G00779,2024-06-08,2024-07-08,2024-07-10,OTA
B01588,H001,G00780,2024-10-03,2024-10-18,2024-10-22,Hotel Website
B01589,H012,G00780,2025-03-14,2025-04-06,2025-04-07,Corporate Booking
B01590,H008,G00780,2026-01-10,2026-01-22,2026-01-26,Mobile App
B01591,H015,G00781,2026-05-02,2026-05-26,2026-05-29,OTA
B01592,H002,G00781,2026-06-18,2026-07-25,2026-07-29,Corporate Booking
B01593,H013,G00781,2026-03-21,2026-03-28,2026-03-30,Travel Agent
B01594,H004,G00782,2024-03-30,2024-04-11,2024-04-16,Hotel Website
B01595,H003,G00782,2024-08-13,2024-09-02,2024-09-05,Hotel Website
B01596,H004,G00783,2026-03-19,2026-03-29,2026-03-31,Mobile App
B01597,H011,G00784,2024-04-30,2024-05-03,2024-05-06,Hotel Website
B01598,H013,G00785,2025-07-28,2025-09-10,2025-09-11,Corporate Booking
B01599,H019,G00786,2024-08-22,2024-09-24,2024-09-27,Hotel Website
B01600,H005,G00786,2025-12-05,2026-01-05,2026-01-10,Hotel Website
B01601,H005,G00787,2025-01-29,2025-02-08,2025-02-11,OTA
B01602,H005,G00787,2026-02-11,2026-02-19,2026-02-21,OTA
B01603,H011,G00788,2026-07-31,2026-08-20,2026-08-21,OTA
B01604,H015,G00789,2024-11-09,2024-12-19,2024-12-21,Corporate Booking
B01605,H019,G00789,2025-11-04,2025-12-01,2025-12-04,Corporate Booking
B01606,H019,G00790,2024-08-24,2024-08-29,2024-09-02,OTA
B01607,H014,G00790,2025-10-31,2025-11-08,2025-11-09,Phone Booking
B01608,H013,G00791,2024-10-23,2024-11-07,2024-11-09,Mobile App
B01609,H004,G00791,2025-03-10,2025-03-22,2025-03-25,OTA
B01610,H011,G00792,2026-05-02,2026-05-05,2026-05-08,Hotel Website
B01611,H002,G00792,2026-06-04,2026-06-23,2026-06-27,OTA
B01612,H015,G00793,2024-02-21,2024-02-26,2024-02-28,Corporate Booking
B01613,H015,G00793,2024-12-24,2024-12-25,2024-12-29,Walk-in
B01614,H015,G00793,2025-02-21,2025-03-11,2025-03-13,OTA
B01615,H003,G00793,2026-05-21,2026-05-28,2026-06-01,Mobile App
B01616,H011,G00794,2024-02-29,2024-03-15,2024-03-16,Travel Agent
B01617,H012,G00794,2024-08-28,2024-09-20,2024-09-21,Corporate Booking
B01618,H008,G00795,2024-07-05,2024-08-04,2024-08-07,Hotel Website
B01619,H008,G00796,2025-05-31,2025-06-05,2025-06-11,Mobile App
B01620,H002,G00796,2026-02-14,2026-02-25,2026-03-04,Phone Booking
B01621,H001,G00796,2026-03-23,2026-03-24,2026-03-28,Walk-in
B01622,H011,G00797,2026-05-04,2026-05-12,2026-05-15,OTA
B01623,H011,G00797,2026-07-23,2026-08-02,2026-08-03,Corporate Booking
B01624,H011,G00797,2026-08-27,2026-08-30,2026-08-31,Phone Booking
B01625,H011,G00797,2025-12-11,2026-01-06,2026-01-07,Corporate Booking
B01626,H006,G00798,2026-02-10,2026-02-14,2026-02-17,OTA
B01627,H006,G00798,2026-06-21,2026-06-27,2026-06-30,OTA
B01628,H008,G00798,2026-08-09,2026-08-17,2026-08-19,Phone Booking
B01629,H010,G00798,2024-04-21,2024-05-05,2024-05-08,Mobile App
B01630,H012,G00799,2025-12-25,2026-01-10,2026-01-11,Hotel Website
B01631,H001,G00800,2024-09-08,2024-09-15,2024-09-19,Corporate Booking
B01632,H013,G00800,2025-02-26,2025-03-17,2025-03-18,Mobile App
B01633,H014,G00801,2024-10-17,2024-11-21,2024-11-22,Corporate Booking
B01634,H001,G00802,2025-07-13,2025-07-22,2025-07-25,Mobile App
B01635,H006,G00803,2024-05-04,2024-05-14,2024-05-20,OTA
B01636,H012,G00803,2026-03-03,2026-03-16,2026-03-18,Mobile App
B01637,H011,G00803,2026-03-28,2026-05-03,2026-05-05,Corporate Booking
B01638,H014,G00803,2026-07-27,2026-08-06,2026-08-07,Corporate Booking
B01639,H003,G00804,2024-09-01,2024-09-16,2024-09-21,Mobile App
B01640,H015,G00804,2025-11-22,2025-11-27,2025-11-29,Hotel Website
B01641,H001,G00804,2025-11-16,2025-12-28,2025-12-31,Corporate Booking
B01642,H011,G00805,2024-01-01,2024-01-13,2024-01-15,Corporate Booking
B01643,H008,G00805,2024-03-21,2024-03-29,2024-03-30,Mobile App
B01644,H015,G00805,2025-09-18,2025-10-14,2025-10-15,OTA
B01645,H007,G00805,2026-03-28,2026-04-10,2026-04-15,OTA
B01646,H015,G00806,2025-10-20,2025-10-24,2025-10-26,Phone Booking
B01647,H014,G00806,2026-06-27,2026-07-15,2026-07-18,Corporate Booking
B01648,H003,G00807,2026-05-07,2026-05-15,2026-05-17,OTA
B01649,H014,G00808,2025-06-04,2025-06-20,2025-06-22,Corporate Booking
B01650,H013,G00808,2026-05-20,2026-05-21,2026-05-22,Walk-in
B01651,H016,G00809,2025-12-22,2025-12-23,2025-12-25,Walk-in
B01652,H014,G00809,2026-06-03,2026-07-09,2026-07-12,Corporate Booking
B01653,H020,G00809,2026-08-03,2026-08-22,2026-08-26,Hotel Website
B01654,H011,G00810,2025-01-02,2025-02-01,2025-02-02,OTA
B01655,H005,G00810,2025-11-05,2025-11-30,2025-12-04,OTA
B01656,H005,G00810,2026-05-01,2026-05-02,2026-05-07,Walk-in
B01657,H014,G00811,2024-02-06,2024-02-23,2024-02-24,Phone Booking
B01658,H003,G00811,2026-01-06,2026-01-13,2026-01-16,Travel Agent
B01659,H011,G00812,2025-06-03,2025-06-25,2025-06-28,OTA
B01660,H005,G00813,2024-05-04,2024-05-23,2024-05-28,Hotel Website
B01661,H012,G00813,2026-04-13,2026-05-04,2026-05-07,Phone Booking
B01662,H012,G00813,2026-08-28,2026-08-29,2026-08-31,Walk-in
B01663,H003,G00814,2025-11-18,2025-12-15,2025-12-18,OTA
B01664,H004,G00815,2026-01-23,2026-01-30,2026-02-01,OTA
B01665,H002,G00815,2026-07-19,2026-07-27,2026-07-30,Phone Booking
B01666,H003,G00815,2026-04-20,2026-05-13,2026-05-16,OTA
B01667,H014,G00816,2025-05-14,2025-06-10,2025-06-13,Hotel Website
B01668,H003,G00817,2026-02-27,2026-03-13,2026-03-16,OTA
B01669,H016,G00818,2025-01-15,2025-02-09,2025-02-13,OTA
B01670,H003,G00818,2026-04-06,2026-05-02,2026-05-06,Hotel Website
B01671,H003,G00818,2026-08-18,2026-08-30,2026-08-31,Hotel Website
B01672,H007,G00819,2024-02-14,2024-03-16,2024-03-19,Hotel Website
B01673,H001,G00819,2025-05-02,2025-05-04,2025-05-07,Mobile App
B01674,H014,G00820,2024-01-07,2024-01-10,2024-01-13,Hotel Website
B01675,H003,G00820,2025-10-18,2025-11-19,2025-11-26,Hotel Website
B01676,H016,G00820,2026-07-21,2026-08-07,2026-08-12,Phone Booking
B01677,H020,G00821,2024-01-21,2024-02-01,2024-02-04,Hotel Website
B01678,H012,G00821,2025-11-27,2025-12-16,2025-12-18,Hotel Website
B01679,H003,G00822,2024-02-23,2024-03-01,2024-03-03,Hotel Website
B01680,H002,G00823,2024-07-01,2024-07-02,2024-07-05,Walk-in
B01681,H006,G00824,2025-09-30,2025-11-01,2025-11-04,Travel Agent
B01682,H015,G00824,2026-06-17,2026-06-24,2026-06-25,OTA
B01683,H004,G00824,2026-07-26,2026-08-05,2026-08-12,OTA
B01684,H004,G00824,2026-08-19,2026-08-29,2026-08-31,Mobile App
B01685,H004,G00825,2026-05-16,2026-05-22,2026-05-25,Mobile App
B01686,H012,G00826,2026-01-15,2026-01-31,2026-02-01,Hotel Website
B01687,H013,G00826,2026-07-07,2026-07-31,2026-08-01,Hotel Website
B01688,H005,G00827,2026-01-14,2026-02-04,2026-02-08,OTA
B01689,H008,G00828,2025-07-11,2025-07-13,2025-07-16,OTA
B01690,H001,G00828,2026-01-04,2026-01-16,2026-01-21,Phone Booking
B01691,H002,G00828,2026-03-11,2026-04-05,2026-04-08,OTA
B01692,H011,G00829,2025-08-28,2025-09-13,2025-09-15,Phone Booking
B01693,H016,G00830,2026-06-14,2026-06-22,2026-06-25,Hotel Website
B01694,H003,G00831,2024-09-24,2024-11-02,2024-11-06,Travel Agent
B01695,H012,G00832,2026-07-28,2026-08-14,2026-08-15,Corporate Booking
B01696,H012,G00832,2024-02-27,2024-03-07,2024-03-08,Mobile App
B01697,H016,G00833,2026-03-05,2026-03-19,2026-03-20,Mobile App
B01698,H003,G00834,2024-03-31,2024-04-02,2024-04-04,OTA
B01699,H011,G00834,2025-04-24,2025-04-29,2025-05-04,OTA
B01700,H004,G00835,2026-08-02,2026-08-16,2026-08-23,Travel Agent
B01701,H007,G00836,2024-06-19,2024-06-24,2024-06-27,Phone Booking
B01702,H002,G00836,2025-11-13,2025-11-25,2025-11-27,Travel Agent
B01703,H007,G00837,2024-12-24,2025-01-03,2025-01-08,Mobile App
B01704,H012,G00838,2025-06-18,2025-07-07,2025-07-08,Hotel Website
B01705,H002,G00839,2024-03-13,2024-04-05,2024-04-08,Hotel Website
B01706,H003,G00839,2025-10-27,2025-11-16,2025-11-23,Hotel Website
B01707,H017,G00840,2024-03-05,2024-03-08,2024-03-10,Mobile App
B01708,H006,G00841,2026-04-24,2026-05-06,2026-05-08,OTA
B01709,H016,G00841,2026-06-29,2026-07-15,2026-07-16,OTA
B01710,H003,G00841,2026-08-18,2026-08-19,2026-08-25,Walk-in
B01711,H004,G00841,2025-10-15,2025-10-27,2025-10-29,Mobile App
B01712,H015,G00841,2026-03-03,2026-03-15,2026-03-18,Travel Agent
B01713,H003,G00842,2026-03-05,2026-03-13,2026-03-15,OTA
B01714,H001,G00842,2026-05-11,2026-06-10,2026-06-16,OTA
B01715,H014,G00843,2024-07-10,2024-07-14,2024-07-17,Hotel Website
B01716,H014,G00843,2026-07-05,2026-07-20,2026-07-22,Corporate Booking
B01717,H013,G00844,2025-05-07,2025-05-14,2025-05-17,Hotel Website
B01718,H013,G00844,2026-03-27,2026-04-09,2026-04-10,Corporate Booking
B01719,H001,G00845,2026-02-17,2026-02-21,2026-02-26,Phone Booking
B01720,H002,G00845,2026-06-28,2026-07-10,2026-07-12,Corporate Booking
B01721,H017,G00845,2026-08-03,2026-08-30,2026-08-31,OTA
B01722,H012,G00846,2026-03-20,2026-04-16,2026-04-18,Corporate Booking
B01723,H004,G00846,2026-06-02,2026-06-11,2026-06-13,Corporate Booking
B01724,H004,G00846,2026-07-08,2026-07-22,2026-07-24,Hotel Website
B01725,H003,G00847,2024-05-20,2024-05-31,2024-06-03,Travel Agent
B01726,H006,G00847,2025-12-08,2025-12-10,2025-12-15,Phone Booking
B01727,H014,G00848,2024-05-05,2024-05-25,2024-05-30,Corporate Booking
B01728,H011,G00849,2025-03-20,2025-04-16,2025-04-19,Corporate Booking
B01729,H004,G00849,2026-05-01,2026-05-27,2026-05-31,OTA
B01730,H020,G00850,2026-07-12,2026-08-13,2026-08-14,Hotel Website
B01731,H013,G00850,2024-01-26,2024-02-06,2024-02-08,Phone Booking
B01732,H001,G00851,2025-04-10,2025-04-24,2025-04-26,Mobile App
B01733,H019,G00851,2026-02-01,2026-02-02,2026-02-04,Walk-in
B01734,H012,G00851,2026-04-29,2026-05-04,2026-05-06,Hotel Website
B01735,H019,G00852,2026-04-23,2026-04-26,2026-04-29,Phone Booking
B01736,H003,G00852,2026-08-19,2026-08-20,2026-08-25,Walk-in
B01737,H002,G00853,2025-08-16,2025-08-30,2025-09-02,OTA
B01738,H005,G00853,2026-06-06,2026-06-29,2026-07-03,OTA
B01739,H001,G00853,2026-07-07,2026-08-02,2026-08-08,Hotel Website
B01740,H015,G00853,2026-08-26,2026-08-29,2026-08-31,OTA
B01741,H004,G00854,2026-05-08,2026-05-24,2026-05-28,Travel Agent
B01742,H001,G00854,2026-07-10,2026-07-15,2026-07-18,Phone Booking
B01743,H020,G00855,2025-06-07,2025-06-18,2025-06-22,Phone Booking
B01744,H006,G00855,2025-11-01,2025-11-02,2025-11-07,Walk-in
B01745,H015,G00855,2026-05-08,2026-06-20,2026-06-23,Corporate Booking
B01746,H015,G00855,2026-08-15,2026-08-30,2026-08-31,Hotel Website
B01747,H015,G00855,2026-01-17,2026-01-18,2026-01-20,Walk-in
B01748,H001,G00856,2025-05-30,2025-06-06,2025-06-09,OTA
B01749,H001,G00856,2026-04-06,2026-05-02,2026-05-08,Travel Agent
B01750,H004,G00856,2026-07-22,2026-07-26,2026-07-29,Hotel Website
B01751,H002,G00857,2024-08-25,2024-09-11,2024-09-13,Mobile App
B01752,H004,G00858,2025-11-10,2025-11-22,2025-11-26,Travel Agent
B01753,H004,G00858,2026-07-03,2026-08-06,2026-08-10,Hotel Website
B01754,H005,G00859,2026-06-19,2026-07-06,2026-07-12,OTA
B01755,H005,G00859,2026-07-29,2026-08-14,2026-08-18,Hotel Website
B01756,H020,G00860,2024-05-20,2024-06-18,2024-06-20,OTA
B01757,H002,G00860,2024-12-05,2024-12-15,2024-12-20,Hotel Website
B01758,H004,G00861,2026-03-29,2026-04-13,2026-04-20,Mobile App
B01759,H004,G00861,2026-08-04,2026-08-15,2026-08-18,OTA
B01760,H006,G00862,2024-02-29,2024-03-21,2024-03-22,Mobile App
B01761,H015,G00862,2026-01-28,2026-03-11,2026-03-15,Travel Agent
B01762,H013,G00863,2024-05-23,2024-06-24,2024-06-25,Hotel Website
B01763,H015,G00863,2025-02-18,2025-03-08,2025-03-13,Phone Booking
B01764,H020,G00863,2026-01-03,2026-01-24,2026-01-27,Mobile App
B01765,H016,G00863,2026-05-20,2026-06-03,2026-06-05,Hotel Website
B01766,H009,G00864,2026-01-14,2026-02-04,2026-02-08,Phone Booking
B01767,H019,G00864,2026-05-20,2026-05-21,2026-05-22,Walk-in
B01768,H014,G00864,2026-07-16,2026-08-17,2026-08-18,Corporate Booking
B01769,H002,G00865,2026-02-27,2026-03-07,2026-03-10,Mobile App
B01770,H003,G00865,2026-03-07,2026-03-27,2026-03-30,Mobile App
B01771,H014,G00866,2024-02-07,2024-02-12,2024-02-16,Mobile App
B01772,H019,G00866,2025-12-19,2026-01-23,2026-01-25,Travel Agent
B01773,H015,G00867,2024-01-04,2024-01-05,2024-01-07,OTA
B01774,H011,G00867,2025-03-28,2025-04-07,2025-04-09,Mobile App
B01775,H005,G00868,2025-11-15,2025-11-27,2025-12-01,OTA
B01776,H015,G00869,2024-06-14,2024-07-03,2024-07-04,Travel Agent
B01777,H017,G00869,2024-12-04,2024-12-17,2024-12-19,Phone Booking
B01778,H008,G00870,2026-03-12,2026-03-15,2026-03-18,Phone Booking
B01779,H012,G00870,2026-08-18,2026-08-20,2026-08-21,Hotel Website
B01780,H017,G00871,2024-01-06,2024-02-01,2024-02-05,Corporate Booking
B01781,H018,G00872,2024-06-06,2024-06-07,2024-06-10,Walk-in
B01782,H005,G00873,2026-07-02,2026-08-06,2026-08-09,Travel Agent
B01783,H008,G00873,2025-10-13,2025-10-14,2025-10-16,Phone Booking
B01784,H009,G00874,2026-07-01,2026-07-05,2026-07-07,OTA
B01785,H011,G00874,2026-08-14,2026-08-27,2026-08-28,Hotel Website
B01786,H003,G00875,2025-10-15,2025-10-23,2025-10-28,OTA
B01787,H006,G00875,2026-08-02,2026-08-23,2026-08-24,Hotel Website
B01788,H016,G00876,2025-01-15,2025-02-13,2025-02-14,Travel Agent
B01789,H011,G00876,2025-05-10,2025-06-09,2025-06-10,Hotel Website
B01790,H004,G00877,2024-12-05,2024-12-14,2024-12-16,OTA
B01791,H002,G00877,2025-12-18,2026-01-16,2026-01-20,OTA
B01792,H015,G00878,2025-12-07,2025-12-29,2026-01-01,OTA
B01793,H011,G00878,2026-05-28,2026-06-25,2026-06-26,OTA
B01794,H005,G00879,2025-09-27,2025-10-02,2025-10-06,Mobile App
B01795,H005,G00879,2025-11-29,2025-11-30,2025-12-02,Walk-in
B01796,H015,G00879,2026-06-20,2026-07-16,2026-07-17,Hotel Website
B01797,H008,G00880,2024-05-28,2024-06-15,2024-06-18,OTA
B01798,H011,G00880,2024-11-20,2024-12-05,2024-12-08,Mobile App
B01799,H017,G00880,2026-05-16,2026-05-22,2026-05-24,Travel Agent
B01800,H015,G00880,2026-06-10,2026-07-06,2026-07-10,OTA
B01801,H020,G00881,2024-10-23,2024-11-04,2024-11-05,Hotel Website
B01802,H017,G00881,2026-06-17,2026-07-21,2026-07-22,Hotel Website
B01803,H015,G00882,2026-01-14,2026-02-01,2026-02-04,Corporate Booking
B01804,H013,G00882,2026-02-13,2026-02-28,2026-03-01,OTA
B01805,H015,G00882,2026-03-20,2026-04-14,2026-04-16,Hotel Website
B01806,H003,G00883,2025-05-28,2025-05-29,2025-06-01,Walk-in
B01807,H013,G00883,2025-11-19,2025-11-20,2025-11-21,Walk-in
B01808,H008,G00884,2024-09-22,2024-10-23,2024-10-26,Travel Agent
B01809,H002,G00885,2025-12-09,2025-12-27,2026-01-02,Mobile App
B01810,H019,G00885,2026-05-10,2026-05-18,2026-05-20,Phone Booking
B01811,H004,G00886,2024-08-06,2024-09-07,2024-09-10,Hotel Website
B01812,H004,G00886,2025-05-27,2025-06-09,2025-06-14,OTA
B01813,H006,G00886,2026-03-01,2026-03-29,2026-03-31,Hotel Website
B01814,H014,G00887,2025-10-31,2025-11-18,2025-11-20,Hotel Website
B01815,H014,G00887,2026-01-27,2026-02-26,2026-02-28,OTA
B01816,H020,G00887,2026-02-27,2026-03-30,2026-04-02,Hotel Website
B01817,H013,G00888,2026-05-28,2026-05-30,2026-05-31,Hotel Website
B01818,H015,G00889,2024-07-12,2024-07-23,2024-07-24,Mobile App
B01819,H006,G00889,2025-06-29,2025-07-12,2025-07-14,Travel Agent
B01820,H004,G00890,2024-10-28,2024-11-04,2024-11-06,Mobile App
B01821,H001,G00891,2025-08-12,2025-08-27,2025-08-29,OTA
B01822,H005,G00891,2026-07-11,2026-08-03,2026-08-06,Hotel Website
B01823,H005,G00891,2025-01-08,2025-02-12,2025-02-17,Travel Agent
B01824,H011,G00891,2025-04-12,2025-04-29,2025-05-01,Travel Agent
B01825,H012,G00892,2026-06-19,2026-07-18,2026-07-19,Hotel Website
B01826,H017,G00892,2026-08-19,2026-08-28,2026-08-31,Travel Agent
B01827,H007,G00892,2025-01-21,2025-01-26,2025-01-29,Travel Agent
B01828,H018,G00892,2025-02-23,2025-03-28,2025-03-30,Hotel Website
B01829,H013,G00893,2026-06-05,2026-06-25,2026-06-26,Mobile App
B01830,H017,G00893,2026-08-07,2026-08-28,2026-08-29,Hotel Website
B01831,H001,G00894,2025-09-12,2025-09-29,2025-10-04,OTA
B01832,H011,G00894,2026-07-11,2026-08-14,2026-08-15,Corporate Booking
B01833,H012,G00895,2025-09-02,2025-09-26,2025-09-29,OTA
B01834,H008,G00895,2025-10-31,2025-11-18,2025-11-21,OTA
B01835,H020,G00896,2025-10-26,2025-11-02,2025-11-06,Mobile App
B01836,H012,G00897,2025-09-05,2025-09-25,2025-09-30,Hotel Website
B01837,H020,G00897,2026-04-28,2026-05-09,2026-05-12,Phone Booking
B01838,H001,G00898,2025-10-03,2025-10-24,2025-10-27,Phone Booking
B01839,H016,G00899,2024-07-27,2024-07-29,2024-07-30,Mobile App
B01840,H003,G00899,2026-01-05,2026-01-12,2026-01-16,Mobile App
B01841,H014,G00900,2025-01-20,2025-01-23,2025-01-27,Mobile App
B01842,H007,G00900,2025-06-08,2025-06-21,2025-06-22,OTA
B01843,H013,G00901,2025-12-05,2025-12-15,2025-12-16,Phone Booking
B01844,H013,G00902,2026-06-09,2026-06-13,2026-06-14,Mobile App
B01845,H015,G00903,2024-12-20,2024-12-21,2024-12-23,Walk-in
B01846,H003,G00904,2026-04-29,2026-05-16,2026-05-18,OTA
B01847,H003,G00905,2025-05-31,2025-06-18,2025-06-21,Hotel Website
B01848,H016,G00905,2025-10-30,2025-11-26,2025-11-28,Hotel Website
B01849,H004,G00906,2025-07-23,2025-07-25,2025-07-28,Phone Booking
B01850,H004,G00906,2025-11-29,2025-12-07,2025-12-11,Mobile App
B01851,H016,G00907,2024-08-11,2024-08-19,2024-08-20,Phone Booking
B01852,H016,G00907,2024-10-08,2024-10-17,2024-10-19,OTA
B01853,H006,G00907,2024-12-31,2025-01-04,2025-01-07,Phone Booking
B01854,H011,G00908,2026-05-16,2026-06-16,2026-06-19,Hotel Website
B01855,H013,G00908,2026-07-25,2026-08-03,2026-08-04,Hotel Website
B01856,H005,G00909,2024-03-05,2024-03-08,2024-03-13,Phone Booking
B01857,H014,G00909,2025-07-09,2025-08-07,2025-08-09,Corporate Booking
B01858,H003,G00910,2025-03-21,2025-04-23,2025-04-30,Hotel Website
B01859,H006,G00911,2025-03-26,2025-04-16,2025-04-18,Mobile App
B01860,H011,G00912,2024-07-20,2024-08-18,2024-08-21,Travel Agent
B01861,H001,G00912,2025-07-26,2025-08-05,2025-08-07,OTA
B01862,H009,G00912,2026-03-15,2026-03-19,2026-03-20,Phone Booking
B01863,H020,G00913,2024-04-25,2024-05-24,2024-05-27,Hotel Website
B01864,H004,G00914,2024-01-31,2024-02-02,2024-02-04,Mobile App
B01865,H006,G00914,2024-09-24,2024-09-25,2024-09-26,Walk-in
B01866,H001,G00915,2025-12-31,2026-01-21,2026-01-23,Phone Booking
B01867,H015,G00916,2026-04-10,2026-04-15,2026-04-16,Hotel Website
B01868,H012,G00916,2026-07-04,2026-08-13,2026-08-16,Corporate Booking
B01869,H011,G00916,2025-08-15,2025-08-23,2025-08-25,OTA
B01870,H016,G00917,2024-01-21,2024-01-25,2024-01-26,OTA
B01871,H016,G00917,2025-04-18,2025-04-27,2025-04-29,Travel Agent
B01872,H003,G00917,2026-03-29,2026-04-13,2026-04-15,Hotel Website
B01873,H016,G00918,2024-12-21,2025-01-08,2025-01-12,Phone Booking
B01874,H018,G00919,2025-05-17,2025-06-03,2025-06-05,OTA
B01875,H001,G00920,2026-03-07,2026-04-03,2026-04-08,OTA
B01876,H012,G00920,2026-05-19,2026-06-11,2026-06-13,OTA
B01877,H011,G00920,2026-06-24,2026-07-31,2026-08-01,Travel Agent
B01878,H015,G00921,2025-01-13,2025-01-23,2025-01-24,OTA
B01879,H001,G00921,2025-08-05,2025-08-21,2025-08-26,Mobile App
B01880,H016,G00921,2025-12-25,2025-12-26,2025-12-27,OTA
B01881,H016,G00922,2025-05-13,2025-05-15,2025-05-16,Hotel Website
B01882,H015,G00923,2026-08-02,2026-08-07,2026-08-08,Corporate Booking
B01883,H012,G00924,2024-08-06,2024-08-28,2024-08-29,OTA
B01884,H005,G00925,2024-09-26,2024-10-04,2024-10-06,Mobile App
B01885,H012,G00925,2024-10-18,2024-11-26,2024-11-27,Corporate Booking
B01886,H002,G00926,2024-08-25,2024-08-26,2024-08-30,Walk-in
B01887,H003,G00926,2024-11-29,2024-12-18,2024-12-24,Phone Booking
B01888,H016,G00927,2025-09-19,2025-10-08,2025-10-10,Hotel Website
B01889,H017,G00928,2024-11-03,2024-12-05,2024-12-06,Hotel Website
B01890,H005,G00928,2026-04-17,2026-05-18,2026-05-20,Hotel Website
B01891,H005,G00929,2025-08-13,2025-08-28,2025-08-31,Travel Agent
B01892,H015,G00929,2026-03-25,2026-04-07,2026-04-11,Hotel Website
B01893,H005,G00929,2026-06-03,2026-07-02,2026-07-05,Hotel Website
B01894,H007,G00930,2025-02-02,2025-02-12,2025-02-15,Travel Agent
B01895,H012,G00931,2024-01-20,2024-02-14,2024-02-18,Corporate Booking
B01896,H018,G00931,2026-03-24,2026-04-22,2026-04-26,Hotel Website
B01897,H006,G00932,2026-07-05,2026-07-26,2026-07-30,Phone Booking
B01898,H004,G00932,2025-11-04,2025-11-05,2025-11-09,Walk-in
B01899,H008,G00933,2025-09-20,2025-10-15,2025-10-18,Corporate Booking
B01900,H011,G00934,2025-02-08,2025-02-21,2025-02-22,Mobile App
B01901,H017,G00935,2026-05-24,2026-06-23,2026-06-26,Corporate Booking
B01902,H011,G00935,2026-07-07,2026-07-16,2026-07-18,Mobile App
B01903,H012,G00936,2026-04-04,2026-04-19,2026-04-21,Hotel Website
B01904,H011,G00936,2026-07-20,2026-08-22,2026-08-24,Hotel Website
B01905,H002,G00936,2024-05-05,2024-05-24,2024-05-28,Hotel Website
B01906,H019,G00937,2026-05-24,2026-06-11,2026-06-14,OTA
B01907,H012,G00938,2025-10-21,2025-10-28,2025-10-31,Corporate Booking
B01908,H010,G00939,2026-06-30,2026-07-22,2026-07-24,Corporate Booking
B01909,H004,G00939,2026-08-27,2026-08-30,2026-08-31,Hotel Website
B01910,H004,G00939,2026-04-24,2026-05-03,2026-05-06,OTA
B01911,H007,G00940,2026-07-21,2026-07-31,2026-08-04,OTA
B01912,H012,G00940,2026-08-02,2026-08-30,2026-08-31,Hotel Website
B01913,H007,G00940,2025-03-06,2025-03-12,2025-03-14,Phone Booking
B01914,H001,G00941,2025-06-16,2025-07-02,2025-07-06,Hotel Website
B01915,H001,G00942,2026-05-28,2026-06-05,2026-06-10,OTA
B01916,H003,G00942,2026-07-27,2026-08-17,2026-08-20,Mobile App
B01917,H003,G00943,2024-11-21,2024-12-01,2024-12-04,Mobile App
B01918,H003,G00943,2026-02-22,2026-03-04,2026-03-06,Mobile App
B01919,H012,G00944,2024-01-21,2024-01-31,2024-02-03,Hotel Website
B01920,H015,G00945,2024-06-13,2024-07-09,2024-07-10,OTA
B01921,H003,G00945,2025-01-06,2025-02-02,2025-02-07,OTA
B01922,H006,G00945,2026-03-06,2026-03-17,2026-03-18,Mobile App
B01923,H014,G00946,2025-11-25,2026-01-02,2026-01-06,Corporate Booking
B01924,H019,G00946,2026-07-07,2026-07-08,2026-07-12,Walk-in
B01925,H020,G00946,2026-07-13,2026-08-05,2026-08-09,OTA
B01926,H005,G00947,2025-10-08,2025-10-25,2025-10-29,OTA
B01927,H016,G00948,2026-05-03,2026-05-22,2026-05-23,Hotel Website
B01928,H003,G00949,2026-08-14,2026-08-27,2026-08-31,Mobile App
B01929,H011,G00949,2025-04-09,2025-04-12,2025-04-17,Hotel Website
B01930,H001,G00950,2025-04-16,2025-05-06,2025-05-09,Hotel Website
B01931,H003,G00950,2025-09-27,2025-10-08,2025-10-12,Hotel Website
B01932,H003,G00951,2025-03-01,2025-03-08,2025-03-13,Hotel Website
B01933,H008,G00951,2025-11-02,2025-11-28,2025-12-03,OTA
B01934,H014,G00952,2025-02-19,2025-03-07,2025-03-12,Corporate Booking
B01935,H015,G00952,2025-09-21,2025-10-26,2025-10-28,Travel Agent
B01936,H014,G00952,2026-05-06,2026-05-25,2026-05-26,Mobile App
B01937,H015,G00953,2024-09-05,2024-09-10,2024-09-13,OTA
B01938,H020,G00954,2026-03-09,2026-04-03,2026-04-08,Hotel Website
B01939,H011,G00954,2026-05-20,2026-06-04,2026-06-05,Phone Booking
B01940,H018,G00954,2026-06-26,2026-07-05,2026-07-06,OTA
B01941,H008,G00955,2025-05-02,2025-05-04,2025-05-07,OTA
B01942,H019,G00955,2026-07-07,2026-07-08,2026-07-13,Walk-in
B01943,H001,G00956,2024-12-02,2024-12-06,2024-12-09,OTA
B01944,H001,G00957,2026-06-15,2026-06-28,2026-07-02,Mobile App
B01945,H019,G00958,2026-05-08,2026-05-10,2026-05-11,Hotel Website
B01946,H002,G00958,2026-08-19,2026-08-28,2026-08-31,OTA
B01947,H004,G00959,2026-02-28,2026-03-14,2026-03-17,Hotel Website
B01948,H016,G00959,2026-05-01,2026-06-03,2026-06-06,Corporate Booking
B01949,H014,G00960,2025-06-27,2025-08-04,2025-08-10,Corporate Booking
B01950,H012,G00960,2026-04-27,2026-05-17,2026-05-20,Corporate Booking
B01951,H016,G00960,2026-08-10,2026-08-17,2026-08-19,Phone Booking
B01952,H003,G00961,2025-01-02,2025-01-16,2025-01-20,OTA
B01953,H003,G00961,2025-03-08,2025-03-19,2025-03-24,OTA
B01954,H016,G00961,2026-03-26,2026-03-29,2026-03-31,Hotel Website
B01955,H001,G00962,2025-01-02,2025-01-09,2025-01-12,Corporate Booking
B01956,H020,G00962,2025-01-05,2025-02-13,2025-02-17,Travel Agent
B01957,H018,G00962,2026-06-06,2026-06-08,2026-06-11,OTA
B01958,H012,G00963,2026-01-27,2026-01-28,2026-01-29,Walk-in
B01959,H004,G00963,2026-02-04,2026-02-27,2026-03-06,OTA
B01960,H015,G00964,2024-11-06,2024-11-17,2024-11-19,Phone Booking
B01961,H015,G00964,2025-03-08,2025-04-07,2025-04-08,Hotel Website
B01962,H017,G00964,2025-06-17,2025-06-20,2025-06-24,Hotel Website
B01963,H007,G00965,2026-08-10,2026-08-11,2026-08-16,Walk-in
B01964,H010,G00965,2025-07-11,2025-07-20,2025-07-21,Phone Booking
B01965,H001,G00966,2025-01-10,2025-01-11,2025-01-15,Mobile App
B01966,H018,G00966,2025-09-13,2025-09-24,2025-09-26,Mobile App
B01967,H003,G00967,2026-01-25,2026-02-09,2026-02-12,Hotel Website
B01968,H015,G00968,2024-07-21,2024-08-10,2024-08-12,OTA
B01969,H004,G00968,2025-10-16,2025-10-21,2025-10-23,OTA
B01970,H003,G00969,2025-03-24,2025-04-25,2025-04-27,Hotel Website
B01971,H011,G00969,2025-12-08,2025-12-28,2025-12-29,Hotel Website
B01972,H015,G00970,2026-03-26,2026-04-16,2026-04-19,Corporate Booking
B01973,H004,G00970,2026-04-16,2026-05-14,2026-05-18,OTA
B01974,H012,G00970,2026-07-03,2026-07-06,2026-07-08,Mobile App
B01975,H013,G00970,2026-08-05,2026-08-06,2026-08-07,Phone Booking
B01976,H018,G00971,2025-04-17,2025-05-16,2025-05-18,OTA
B01977,H015,G00972,2024-08-20,2024-09-03,2024-09-06,Travel Agent
B01978,H019,G00972,2024-12-11,2025-01-09,2025-01-12,Hotel Website
B01979,H003,G00973,2024-03-10,2024-03-25,2024-03-31,Mobile App
B01980,H014,G00974,2024-09-29,2024-11-05,2024-11-09,Travel Agent
B01981,H003,G00974,2025-02-27,2025-03-14,2025-03-17,Hotel Website
B01982,H015,G00975,2024-06-12,2024-07-02,2024-07-04,Mobile App
B01983,H012,G00975,2025-12-23,2026-02-06,2026-02-08,Corporate Booking
B01984,H002,G00975,2026-04-05,2026-05-14,2026-05-17,Corporate Booking
B01985,H001,G00976,2024-03-16,2024-03-17,2024-03-19,Walk-in
B01986,H001,G00976,2025-03-17,2025-04-03,2025-04-06,Travel Agent
B01987,H006,G00977,2024-09-18,2024-10-01,2024-10-02,Mobile App
B01988,H014,G00977,2026-03-31,2026-04-24,2026-04-26,OTA
B01989,H004,G00977,2026-06-10,2026-06-18,2026-06-20,Travel Agent
B01990,H012,G00978,2024-12-28,2025-01-14,2025-01-18,Mobile App
B01991,H003,G00978,2025-02-24,2025-03-08,2025-03-13,OTA
B01992,H001,G00979,2026-06-24,2026-07-19,2026-07-23,Hotel Website
B01993,H016,G00979,2026-07-27,2026-08-30,2026-08-31,Corporate Booking
B01994,H014,G00979,2025-07-06,2025-08-06,2025-08-09,Corporate Booking
B01995,H002,G00980,2024-05-13,2024-06-01,2024-06-04,Corporate Booking
B01996,H020,G00980,2026-01-29,2026-02-11,2026-02-14,Hotel Website
B01997,H001,G00981,2025-08-27,2025-09-04,2025-09-08,Travel Agent
B01998,H013,G00981,2026-07-19,2026-08-07,2026-08-10,OTA
B01999,H015,G00981,2026-08-24,2026-08-29,2026-08-31,Hotel Website
B02000,H005,G00982,2025-11-13,2025-12-19,2025-12-21,Travel Agent
B02001,H018,G00982,2026-03-12,2026-03-25,2026-03-27,Mobile App
B02002,H017,G00982,2026-05-13,2026-05-15,2026-05-18,Hotel Website
B02003,H005,G00983,2026-01-04,2026-01-29,2026-02-01,OTA
B02004,H005,G00983,2026-04-14,2026-05-01,2026-05-05,Corporate Booking
B02005,H010,G00983,2026-06-20,2026-06-23,2026-06-24,Hotel Website
B02006,H017,G00984,2025-08-31,2025-09-01,2025-09-04,Mobile App
B02007,H007,G00984,2025-11-09,2025-11-18,2025-11-21,Phone Booking
B02008,H015,G00984,2026-01-14,2026-02-04,2026-02-07,Mobile App
B02009,H007,G00985,2024-03-04,2024-03-22,2024-03-26,Mobile App
B02010,H005,G00986,2025-04-03,2025-04-22,2025-04-27,OTA
B02011,H004,G00986,2026-07-07,2026-07-14,2026-07-18,Hotel Website
B02012,H011,G00986,2026-07-29,2026-08-25,2026-08-28,OTA
B02013,H002,G00987,2025-08-13,2025-08-18,2025-08-20,OTA
B02014,H007,G00988,2025-12-29,2026-01-04,2026-01-06,Corporate Booking
B02015,H004,G00988,2026-05-30,2026-06-03,2026-06-06,Mobile App
B02016,H008,G00989,2024-11-13,2024-11-14,2024-11-16,Walk-in
B02017,H007,G00989,2026-03-05,2026-03-14,2026-03-17,Hotel Website
B02018,H012,G00990,2024-09-14,2024-09-17,2024-09-20,OTA
B02019,H011,G00990,2025-04-30,2025-05-03,2025-05-04,OTA
B02020,H004,G00990,2025-08-15,2025-08-25,2025-08-28,Travel Agent
B02021,H003,G00991,2026-02-26,2026-03-18,2026-03-22,OTA
B02022,H020,G00992,2024-09-15,2024-09-16,2024-09-18,Walk-in
B02023,H014,G00992,2026-05-16,2026-05-22,2026-05-24,Hotel Website
B02024,H002,G00993,2024-12-15,2024-12-16,2024-12-19,Walk-in
B02025,H004,G00993,2026-07-24,2026-08-11,2026-08-15,Mobile App
B02026,H011,G00993,2024-02-12,2024-03-13,2024-03-15,OTA
B02027,H011,G00994,2024-04-06,2024-05-02,2024-05-04,OTA
B02028,H008,G00995,2026-03-07,2026-03-30,2026-04-05,Hotel Website
B02029,H015,G00996,2025-02-04,2025-02-13,2025-02-14,Mobile App
B02030,H019,G00996,2026-01-07,2026-01-16,2026-01-17,Hotel Website
B02031,H015,G00997,2025-05-17,2025-07-01,2025-07-04,Corporate Booking
B02032,H003,G00998,2026-01-23,2026-02-02,2026-02-06,Phone Booking
B02033,H002,G00998,2026-04-14,2026-05-09,2026-05-14,OTA
B02034,H002,G00998,2026-08-15,2026-08-16,2026-08-22,Walk-in
B02035,H003,G00999,2025-09-18,2025-10-02,2025-10-08,Corporate Booking
B02036,H001,G01000,2024-11-02,2024-11-13,2024-11-16,Phone Booking
B02037,H009,G01000,2025-01-12,2025-02-06,2025-02-08,Hotel Website
B02038,H018,G01000,2026-02-04,2026-02-16,2026-02-18,OTA
B02039,H003,G01001,2024-12-31,2025-01-28,2025-01-30,Travel Agent
B02040,H001,G01001,2025-05-11,2025-05-21,2025-05-24,Hotel Website
B02041,H001,G01001,2026-07-08,2026-07-09,2026-07-12,Walk-in
B02042,H017,G01001,2026-08-03,2026-08-24,2026-08-27,Corporate Booking
B02043,H011,G01002,2024-04-09,2024-05-20,2024-05-21,Travel Agent
B02044,H012,G01002,2025-11-29,2025-12-20,2025-12-24,Hotel Website
B02045,H012,G01003,2026-05-19,2026-06-12,2026-06-13,Corporate Booking
B02046,H018,G01004,2025-04-04,2025-04-15,2025-04-18,OTA
B02047,H003,G01004,2026-03-11,2026-03-19,2026-03-22,Mobile App
B02048,H003,G01004,2026-06-22,2026-07-18,2026-07-21,OTA
B02049,H001,G01005,2025-09-23,2025-10-17,2025-10-21,Hotel Website
B02050,H001,G01005,2026-03-01,2026-03-30,2026-04-04,Hotel Website
B02051,H008,G01005,2026-05-03,2026-05-21,2026-05-23,OTA
B02052,H013,G01005,2026-07-07,2026-07-20,2026-07-21,Mobile App
B02053,H003,G01006,2024-02-27,2024-03-09,2024-03-12,OTA
B02054,H016,G01006,2026-02-17,2026-03-13,2026-03-18,Hotel Website
B02055,H018,G01006,2026-04-29,2026-05-23,2026-05-26,OTA
B02056,H018,G01007,2025-03-25,2025-04-16,2025-04-19,OTA
B02057,H018,G01007,2025-09-12,2025-09-26,2025-09-30,Travel Agent
B02058,H015,G01007,2026-01-20,2026-01-30,2026-01-31,OTA
B02059,H003,G01007,2026-07-06,2026-08-13,2026-08-17,Corporate Booking
B02060,H020,G01008,2024-07-06,2024-07-28,2024-07-31,Corporate Booking
B02061,H008,G01008,2024-11-05,2024-11-28,2024-11-30,Hotel Website
B02062,H005,G01009,2025-01-01,2025-01-29,2025-02-02,Travel Agent
B02063,H002,G01010,2024-02-18,2024-02-27,2024-02-29,Phone Booking
B02064,H015,G01010,2026-03-04,2026-03-27,2026-03-29,Hotel Website
B02065,H015,G01011,2025-12-18,2026-01-06,2026-01-07,OTA
B02066,H016,G01011,2026-07-03,2026-07-17,2026-07-19,Travel Agent
B02067,H002,G01012,2024-03-30,2024-04-03,2024-04-06,Phone Booking
B02068,H015,G01012,2025-01-14,2025-02-16,2025-02-17,Corporate Booking
B02069,H005,G01013,2026-02-18,2026-03-04,2026-03-09,Mobile App
B02070,H001,G01014,2024-02-06,2024-02-16,2024-02-20,Phone Booking
B02071,H004,G01015,2026-01-12,2026-02-04,2026-02-08,OTA
B02072,H012,G01015,2026-06-21,2026-07-05,2026-07-08,OTA
B02073,H004,G01016,2024-10-19,2024-10-31,2024-11-02,Hotel Website
B02074,H008,G01016,2025-11-28,2025-12-20,2025-12-24,OTA
B02075,H001,G01017,2025-09-07,2025-09-09,2025-09-13,OTA
B02076,H001,G01017,2026-02-27,2026-03-11,2026-03-13,Hotel Website
B02077,H001,G01017,2026-04-16,2026-05-06,2026-05-11,OTA
B02078,H012,G01017,2026-08-13,2026-08-17,2026-08-22,OTA
B02079,H019,G01018,2026-04-02,2026-04-05,2026-04-08,Phone Booking
B02080,H015,G01018,2026-07-01,2026-08-10,2026-08-12,Corporate Booking
B02081,H018,G01019,2026-03-20,2026-03-29,2026-04-02,Travel Agent
B02082,H018,G01019,2026-06-04,2026-06-05,2026-06-08,Walk-in
B02083,H020,G01020,2024-07-24,2024-07-30,2024-08-03,Hotel Website
B02084,H017,G01021,2024-01-02,2024-01-08,2024-01-09,Hotel Website
B02085,H002,G01021,2026-07-20,2026-08-10,2026-08-15,OTA
B02086,H019,G01021,2026-08-26,2026-08-30,2026-08-31,Phone Booking
B02087,H012,G01022,2024-06-19,2024-07-10,2024-07-11,OTA
B02088,H012,G01022,2026-02-10,2026-03-10,2026-03-12,OTA
B02089,H014,G01023,2025-03-25,2025-03-31,2025-04-05,Mobile App
B02090,H014,G01023,2026-02-16,2026-03-19,2026-03-23,Hotel Website
B02091,H013,G01023,2026-07-26,2026-08-06,2026-08-09,OTA
B02092,H012,G01023,2025-01-29,2025-03-03,2025-03-04,Hotel Website
B02093,H012,G01024,2025-03-14,2025-03-17,2025-03-18,Hotel Website
B02094,H004,G01025,2026-01-26,2026-01-31,2026-02-03,OTA
B02095,H004,G01025,2026-06-17,2026-07-31,2026-08-05,Travel Agent
B02096,H006,G01026,2024-09-06,2024-09-07,2024-09-11,Walk-in
B02097,H010,G01027,2024-12-26,2025-01-30,2025-01-31,Travel Agent
B02098,H008,G01028,2026-01-01,2026-01-10,2026-01-13,Mobile App
B02099,H003,G01028,2026-05-22,2026-05-29,2026-06-04,Travel Agent
B02100,H003,G01028,2026-07-14,2026-07-18,2026-07-23,Hotel Website
B02101,H015,G01029,2026-06-05,2026-07-03,2026-07-04,Hotel Website
B02102,H011,G01029,2026-08-02,2026-08-19,2026-08-21,OTA
B02103,H012,G01030,2026-01-05,2026-01-22,2026-01-25,Hotel Website
B02104,H014,G01031,2026-02-20,2026-04-01,2026-04-02,Corporate Booking
B02105,H014,G01031,2026-07-10,2026-07-19,2026-07-20,Corporate Booking
B02106,H012,G01032,2024-10-06,2024-10-09,2024-10-11,Hotel Website
B02107,H001,G01032,2026-03-20,2026-03-31,2026-04-03,OTA
B02108,H013,G01032,2026-07-24,2026-07-25,2026-07-26,Walk-in
B02109,H009,G01032,2026-08-16,2026-08-27,2026-08-29,OTA
B02110,H013,G01033,2025-01-11,2025-01-20,2025-01-23,OTA
B02111,H002,G01034,2024-02-14,2024-02-19,2024-02-21,Hotel Website
B02112,H016,G01034,2025-07-18,2025-08-01,2025-08-04,OTA
B02113,H002,G01035,2024-03-29,2024-04-22,2024-04-27,Corporate Booking
B02114,H003,G01035,2025-04-29,2025-05-24,2025-05-28,OTA
B02115,H003,G01035,2026-03-27,2026-04-24,2026-04-27,OTA
B02116,H009,G01036,2025-08-25,2025-09-27,2025-09-29,Travel Agent
B02117,H007,G01037,2024-09-11,2024-10-02,2024-10-03,Hotel Website
B02118,H012,G01038,2025-04-10,2025-04-30,2025-05-01,OTA
B02119,H015,G01039,2025-10-09,2025-10-17,2025-10-19,OTA
B02120,H020,G01040,2025-10-01,2025-10-02,2025-10-05,Walk-in
B02121,H005,G01040,2026-07-18,2026-08-18,2026-08-21,Travel Agent
B02122,H014,G01041,2024-09-09,2024-09-18,2024-09-20,Hotel Website
B02123,H003,G01042,2025-03-11,2025-04-04,2025-04-09,OTA
B02124,H005,G01043,2025-07-30,2025-08-03,2025-08-06,OTA
B02125,H004,G01044,2025-03-09,2025-03-17,2025-03-21,Phone Booking
B02126,H011,G01044,2025-08-15,2025-09-19,2025-09-20,Corporate Booking
B02127,H005,G01044,2025-10-19,2025-11-21,2025-11-27,Hotel Website
B02128,H001,G01044,2025-12-26,2026-01-20,2026-01-22,Travel Agent
B02129,H018,G01045,2025-04-21,2025-05-08,2025-05-10,Phone Booking
B02130,H005,G01045,2025-11-18,2025-12-17,2025-12-21,Hotel Website
B02131,H002,G01046,2026-01-28,2026-02-16,2026-02-19,Phone Booking
B02132,H011,G01046,2026-08-19,2026-08-30,2026-08-31,Travel Agent
B02133,H015,G01046,2025-12-26,2026-01-04,2026-01-06,Hotel Website
B02134,H011,G01047,2025-01-31,2025-02-18,2025-02-20,Corporate Booking
B02135,H015,G01048,2025-04-29,2025-05-19,2025-05-22,Mobile App
B02136,H002,G01048,2026-03-07,2026-03-17,2026-03-20,Mobile App
B02137,H003,G01049,2025-11-06,2025-11-10,2025-11-15,OTA
B02138,H004,G01050,2025-08-12,2025-08-19,2025-08-21,Hotel Website
B02139,H014,G01050,2025-11-04,2025-12-09,2025-12-15,Corporate Booking
B02140,H014,G01050,2026-01-04,2026-01-23,2026-01-24,Mobile App
B02141,H014,G01050,2026-05-26,2026-06-29,2026-07-02,Hotel Website
B02142,H012,G01051,2026-06-10,2026-06-11,2026-06-12,Walk-in
B02143,H012,G01051,2026-08-05,2026-08-10,2026-08-12,Mobile App
B02144,H015,G01052,2024-09-06,2024-09-10,2024-09-13,Phone Booking
B02145,H015,G01053,2024-05-22,2024-05-24,2024-05-25,OTA
B02146,H002,G01054,2025-06-29,2025-07-04,2025-07-08,Phone Booking
B02147,H011,G01055,2026-01-15,2026-02-14,2026-02-15,Corporate Booking
B02148,H014,G01055,2026-07-22,2026-07-31,2026-08-02,Phone Booking
B02149,H001,G01055,2026-07-13,2026-08-25,2026-08-27,Corporate Booking
B02150,H001,G01055,2024-03-14,2024-03-15,2024-03-21,Walk-in
B02151,H012,G01056,2025-10-31,2025-11-11,2025-11-14,OTA
B02152,H003,G01057,2025-06-27,2025-07-08,2025-07-13,Hotel Website
B02153,H007,G01057,2026-07-30,2026-07-31,2026-08-05,Walk-in
B02154,H011,G01058,2024-04-12,2024-04-30,2024-05-01,Hotel Website
B02155,H011,G01058,2025-12-18,2026-01-08,2026-01-09,OTA
B02156,H003,G01058,2026-05-26,2026-06-15,2026-06-17,Mobile App
B02157,H012,G01059,2025-05-13,2025-06-26,2025-06-28,Corporate Booking
B02158,H014,G01059,2026-02-15,2026-03-08,2026-03-10,Phone Booking
B02159,H017,G01059,2026-08-10,2026-08-26,2026-08-27,Corporate Booking
B02160,H016,G01060,2025-09-22,2025-10-19,2025-10-21,Corporate Booking
B02161,H015,G01060,2026-06-02,2026-06-18,2026-06-20,OTA
B02162,H005,G01060,2026-07-30,2026-08-29,2026-08-31,OTA
B02163,H020,G01061,2024-02-29,2024-03-03,2024-03-05,OTA
B02164,H015,G01062,2025-01-04,2025-01-14,2025-01-17,Hotel Website
B02165,H002,G01063,2025-01-11,2025-01-29,2025-01-31,Travel Agent
B02166,H015,G01063,2025-04-30,2025-06-10,2025-06-12,Travel Agent
B02167,H015,G01063,2025-07-05,2025-07-29,2025-07-30,Corporate Booking
B02168,H007,G01063,2026-07-16,2026-07-17,2026-07-19,Walk-in
B02169,H004,G01064,2026-06-26,2026-07-20,2026-07-24,Travel Agent
B02170,H010,G01064,2024-09-02,2024-10-02,2024-10-03,OTA
B02171,H003,G01065,2025-01-25,2025-02-24,2025-03-02,Hotel Website
B02172,H001,G01066,2024-11-09,2024-11-24,2024-11-26,Travel Agent
B02173,H003,G01066,2025-11-05,2025-11-26,2025-11-29,Mobile App
B02174,H005,G01066,2026-01-17,2026-01-31,2026-02-03,Travel Agent
B02175,H004,G01067,2024-06-18,2024-07-12,2024-07-16,Hotel Website
B02176,H014,G01067,2026-06-08,2026-07-01,2026-07-04,Hotel Website
B02177,H001,G01068,2025-07-12,2025-07-19,2025-07-22,Travel Agent
B02178,H012,G01069,2024-05-02,2024-06-11,2024-06-12,Travel Agent
B02179,H008,G01069,2024-07-13,2024-07-19,2024-07-20,Mobile App
B02180,H004,G01070,2025-09-27,2025-10-02,2025-10-06,Hotel Website
B02181,H020,G01070,2025-12-21,2026-01-17,2026-01-21,OTA
B02182,H020,G01070,2026-07-31,2026-08-08,2026-08-12,Mobile App
B02183,H005,G01071,2025-10-21,2025-11-14,2025-11-21,OTA
B02184,H003,G01071,2025-12-20,2026-01-30,2026-02-02,Travel Agent
B02185,H006,G01072,2026-03-12,2026-03-20,2026-03-25,OTA
B02186,H005,G01073,2024-01-18,2024-02-11,2024-02-17,Travel Agent
B02187,H005,G01073,2024-10-02,2024-10-17,2024-10-19,Mobile App
B02188,H020,G01073,2025-03-26,2025-03-27,2025-03-28,Walk-in
B02189,H014,G01074,2024-06-09,2024-07-04,2024-07-07,Corporate Booking
B02190,H004,G01075,2026-01-24,2026-02-24,2026-03-02,Hotel Website
B02191,H017,G01075,2026-07-25,2026-08-08,2026-08-11,OTA
B02192,H005,G01076,2026-02-21,2026-02-27,2026-03-05,Travel Agent
B02193,H005,G01076,2026-06-28,2026-07-22,2026-07-28,Hotel Website
B02194,H005,G01076,2026-07-27,2026-08-30,2026-08-31,Travel Agent
B02195,H014,G01077,2026-02-25,2026-03-18,2026-03-20,Corporate Booking
B02196,H019,G01077,2026-06-14,2026-06-20,2026-06-21,Hotel Website
B02197,H011,G01078,2025-02-20,2025-03-07,2025-03-10,Phone Booking
B02198,H020,G01079,2025-07-26,2025-08-02,2025-08-06,OTA
B02199,H005,G01080,2025-11-01,2025-11-22,2025-11-24,OTA
B02200,H018,G01081,2025-08-25,2025-08-26,2025-08-29,Walk-in
B02201,H005,G01081,2025-11-17,2025-12-01,2025-12-04,OTA
B02202,H005,G01082,2024-04-02,2024-04-20,2024-04-23,Mobile App
B02203,H013,G01083,2024-05-24,2024-06-07,2024-06-11,Hotel Website
B02204,H012,G01084,2024-08-17,2024-08-27,2024-08-28,OTA
B02205,H005,G01085,2024-07-02,2024-07-13,2024-07-16,Mobile App
B02206,H006,G01085,2025-06-22,2025-07-10,2025-07-12,Mobile App
B02207,H001,G01086,2024-03-21,2024-03-24,2024-03-27,OTA
B02208,H001,G01086,2025-03-19,2025-03-25,2025-03-30,Phone Booking
B02209,H001,G01086,2025-09-15,2025-10-07,2025-10-10,OTA
B02210,H012,G01087,2026-05-08,2026-06-13,2026-06-16,Corporate Booking
B02211,H005,G01087,2026-07-28,2026-08-16,2026-08-22,Mobile App
B02212,H004,G01088,2024-02-10,2024-02-11,2024-02-16,Walk-in
B02213,H015,G01088,2025-06-03,2025-06-04,2025-06-10,Walk-in
B02214,H003,G01088,2025-09-30,2025-11-02,2025-11-07,Hotel Website
B02215,H012,G01089,2025-12-29,2025-12-30,2026-01-01,Walk-in
B02216,H012,G01089,2026-08-07,2026-08-22,2026-08-25,Travel Agent
B02217,H018,G01090,2024-05-28,2024-05-31,2024-06-01,Mobile App
B02218,H003,G01090,2025-04-10,2025-05-12,2025-05-15,Hotel Website
B02219,H020,G01091,2025-03-05,2025-03-19,2025-03-21,Corporate Booking
B02220,H002,G01091,2026-07-08,2026-07-13,2026-07-19,Corporate Booking
B02221,H001,G01092,2026-03-15,2026-03-20,2026-03-23,Mobile App
B02222,H001,G01092,2026-06-04,2026-07-11,2026-07-13,Travel Agent
B02223,H001,G01092,2026-08-23,2026-08-24,2026-08-27,Walk-in
B02224,H019,G01093,2026-03-05,2026-03-06,2026-03-09,Mobile App
B02225,H011,G01094,2025-07-06,2025-07-18,2025-07-20,Corporate Booking
B02226,H011,G01094,2025-08-31,2025-09-08,2025-09-11,Mobile App
B02227,H011,G01095,2025-02-13,2025-02-25,2025-02-26,Phone Booking
B02228,H017,G01095,2026-08-13,2026-08-14,2026-08-16,Walk-in
B02229,H015,G01096,2024-10-08,2024-11-11,2024-11-14,Travel Agent
B02230,H001,G01097,2024-11-29,2024-11-30,2024-12-04,Walk-in
B02231,H014,G01097,2025-06-23,2025-07-08,2025-07-10,Mobile App
B02232,H001,G01098,2025-04-19,2025-05-15,2025-05-18,Hotel Website
B02233,H009,G01098,2025-12-16,2026-01-07,2026-01-09,OTA
B02234,H005,G01098,2026-04-17,2026-04-25,2026-04-29,Hotel Website
B02235,H003,G01098,2026-05-11,2026-06-22,2026-06-27,Travel Agent
B02236,H007,G01099,2026-01-10,2026-02-04,2026-02-10,OTA
B02237,H005,G01099,2026-05-31,2026-06-09,2026-06-12,Phone Booking
B02238,H004,G01100,2025-10-10,2025-10-28,2025-11-04,OTA
B02239,H004,G01100,2026-06-13,2026-07-19,2026-07-26,Travel Agent
B02240,H004,G01101,2024-04-28,2024-05-01,2024-05-07,Phone Booking
B02241,H005,G01102,2026-07-07,2026-08-07,2026-08-11,Hotel Website
B02242,H012,G01102,2025-06-12,2025-07-09,2025-07-12,Hotel Website
B02243,H006,G01102,2026-02-25,2026-03-14,2026-03-16,Travel Agent
B02244,H013,G01103,2026-01-01,2026-01-18,2026-01-22,OTA
B02245,H002,G01103,2026-07-20,2026-08-06,2026-08-10,Corporate Booking
B02246,H006,G01104,2024-05-07,2024-05-24,2024-05-28,OTA
B02247,H017,G01104,2025-06-05,2025-06-09,2025-06-12,OTA
B02248,H017,G01104,2026-07-25,2026-08-01,2026-08-03,Hotel Website
B02249,H011,G01105,2024-07-16,2024-08-09,2024-08-10,Corporate Booking
B02250,H011,G01105,2025-09-04,2025-10-02,2025-10-03,OTA
B02251,H007,G01106,2024-10-19,2024-10-30,2024-11-02,OTA
B02252,H011,G01107,2024-05-02,2024-06-08,2024-06-10,Corporate Booking
B02253,H008,G01107,2025-04-08,2025-05-06,2025-05-09,Travel Agent
B02254,H015,G01108,2025-08-03,2025-09-02,2025-09-05,OTA
B02255,H016,G01108,2026-08-14,2026-08-23,2026-08-25,Hotel Website
B02256,H016,G01109,2026-04-16,2026-05-14,2026-05-17,Hotel Website
B02257,H005,G01110,2026-03-22,2026-04-18,2026-04-24,OTA
B02258,H014,G01110,2026-08-04,2026-08-22,2026-08-24,Mobile App
B02259,H009,G01111,2025-01-17,2025-01-19,2025-01-20,Mobile App
B02260,H003,G01111,2026-04-19,2026-05-07,2026-05-10,OTA
B02261,H013,G01112,2024-02-08,2024-03-18,2024-03-19,Corporate Booking
B02262,H010,G01112,2025-02-21,2025-03-09,2025-03-10,Mobile App
B02263,H008,G01113,2024-10-03,2024-10-28,2024-10-31,OTA
B02264,H003,G01113,2025-08-25,2025-08-26,2025-09-01,Walk-in
B02265,H017,G01114,2026-04-11,2026-04-21,2026-04-24,Hotel Website
B02266,H011,G01115,2026-03-17,2026-04-22,2026-04-23,Travel Agent
B02267,H002,G01115,2026-07-19,2026-07-21,2026-07-26,OTA
B02268,H015,G01115,2026-08-09,2026-08-11,2026-08-13,OTA
B02269,H015,G01116,2024-01-17,2024-01-22,2024-01-26,Mobile App
B02270,H002,G01117,2026-06-04,2026-06-27,2026-06-30,OTA
B02271,H007,G01117,2026-07-27,2026-08-08,2026-08-11,OTA
B02272,H013,G01118,2024-07-05,2024-07-28,2024-07-29,Corporate Booking
B02273,H007,G01118,2025-01-08,2025-01-17,2025-01-19,OTA
B02274,H005,G01119,2024-02-08,2024-02-20,2024-02-22,Travel Agent
B02275,H011,G01120,2026-02-14,2026-03-15,2026-03-18,OTA
B02276,H001,G01120,2026-05-07,2026-06-04,2026-06-09,OTA
B02277,H003,G01121,2025-09-07,2025-09-22,2025-09-27,OTA
B02278,H003,G01121,2025-11-09,2025-11-28,2025-12-01,Hotel Website
B02279,H008,G01121,2026-04-10,2026-04-11,2026-04-15,OTA
B02280,H008,G01121,2026-05-12,2026-06-19,2026-06-22,Travel Agent
B02281,H006,G01122,2025-02-15,2025-02-19,2025-02-20,Phone Booking
B02282,H004,G01122,2025-03-14,2025-03-25,2025-03-27,OTA
B02283,H001,G01123,2026-08-08,2026-08-29,2026-08-31,OTA
B02284,H005,G01124,2024-01-01,2024-01-07,2024-01-09,Mobile App
B02285,H001,G01125,2026-05-03,2026-05-31,2026-06-04,OTA
B02286,H014,G01126,2025-04-18,2025-05-08,2025-05-12,Mobile App
B02287,H013,G01126,2026-06-06,2026-06-27,2026-06-28,OTA
B02288,H017,G01127,2024-10-03,2024-10-25,2024-10-28,OTA
B02289,H019,G01128,2024-01-09,2024-01-16,2024-01-19,Travel Agent
B02290,H004,G01128,2025-07-29,2025-07-30,2025-08-02,Walk-in
B02291,H016,G01129,2024-10-25,2024-12-03,2024-12-04,Corporate Booking
B02292,H020,G01130,2024-01-01,2024-01-05,2024-01-09,Mobile App
B02293,H011,G01130,2025-10-28,2025-11-17,2025-11-19,OTA
B02294,H006,G01131,2026-02-19,2026-03-06,2026-03-09,OTA
B02295,H006,G01131,2026-06-17,2026-06-23,2026-06-28,Corporate Booking
B02296,H014,G01131,2026-07-21,2026-08-21,2026-08-24,Hotel Website
B02297,H014,G01131,2024-01-31,2024-02-29,2024-03-06,OTA
B02298,H001,G01132,2024-05-16,2024-05-24,2024-05-27,OTA
B02299,H001,G01132,2024-11-10,2024-12-19,2024-12-21,Corporate Booking
B02300,H014,G01133,2024-04-08,2024-04-18,2024-04-19,Hotel Website
B02301,H012,G01133,2025-12-05,2026-01-08,2026-01-12,Travel Agent
B02302,H015,G01134,2026-01-07,2026-02-04,2026-02-06,Hotel Website
B02303,H013,G01135,2024-10-04,2024-10-16,2024-10-17,Corporate Booking
B02304,H004,G01135,2024-12-01,2025-01-15,2025-01-19,Corporate Booking
B02305,H018,G01136,2024-01-01,2024-01-04,2024-01-07,Travel Agent
B02306,H005,G01136,2025-06-14,2025-06-30,2025-07-05,Hotel Website
B02307,H015,G01137,2026-04-23,2026-05-16,2026-05-19,OTA
B02308,H012,G01137,2026-07-18,2026-08-10,2026-08-12,Hotel Website
B02309,H003,G01138,2025-11-27,2025-12-04,2025-12-07,Phone Booking
B02310,H003,G01138,2026-05-19,2026-06-03,2026-06-06,Travel Agent
B02311,H020,G01138,2026-07-02,2026-07-06,2026-07-08,OTA
B02312,H003,G01139,2024-09-26,2024-10-08,2024-10-11,Mobile App
B02313,H003,G01139,2025-03-30,2025-04-24,2025-04-26,OTA
B02314,H003,G01140,2024-02-18,2024-02-23,2024-02-29,Hotel Website
B02315,H005,G01140,2025-11-23,2025-12-19,2025-12-23,Corporate Booking
B02316,H011,G01141,2024-01-01,2024-01-11,2024-01-15,Travel Agent
B02317,H002,G01141,2025-10-02,2025-10-16,2025-10-18,Corporate Booking
B02318,H003,G01142,2025-03-18,2025-04-18,2025-04-20,Hotel Website
B02319,H002,G01142,2026-06-30,2026-07-04,2026-07-08,Phone Booking
B02320,H013,G01142,2026-08-15,2026-08-29,2026-08-30,OTA
B02321,H002,G01143,2024-11-03,2024-11-24,2024-11-26,Mobile App
B02322,H002,G01143,2026-06-23,2026-07-30,2026-08-02,Travel Agent
B02323,H004,G01143,2025-02-18,2025-03-02,2025-03-05,Hotel Website
B02324,H011,G01144,2025-11-04,2025-11-19,2025-11-20,Hotel Website
B02325,H012,G01144,2026-07-17,2026-07-18,2026-07-21,Walk-in
B02326,H012,G01144,2026-08-15,2026-08-28,2026-08-30,Corporate Booking
B02327,H007,G01144,2026-06-04,2026-06-27,2026-06-30,OTA
B02328,H007,G01144,2026-07-19,2026-07-20,2026-07-24,Walk-in
B02329,H013,G01145,2024-08-29,2024-08-30,2024-09-01,Walk-in
B02330,H016,G01146,2026-01-21,2026-02-04,2026-02-06,Hotel Website
B02331,H016,G01146,2026-07-13,2026-07-31,2026-08-01,OTA
B02332,H016,G01147,2024-12-31,2025-01-02,2025-01-05,Phone Booking
B02333,H001,G01148,2025-03-07,2025-03-26,2025-04-02,Mobile App
B02334,H011,G01149,2024-02-05,2024-02-09,2024-02-11,Hotel Website
B02335,H011,G01149,2024-02-22,2024-03-23,2024-03-24,Hotel Website
B02336,H019,G01150,2026-02-28,2026-03-23,2026-03-25,OTA
B02337,H016,G01151,2026-06-24,2026-07-02,2026-07-07,Hotel Website
B02338,H016,G01151,2026-07-29,2026-08-12,2026-08-14,Travel Agent
B02339,H004,G01151,2025-10-06,2025-10-23,2025-10-25,Corporate Booking
B02340,H008,G01152,2024-06-18,2024-07-04,2024-07-06,Mobile App
B02341,H003,G01153,2024-11-02,2024-11-25,2024-11-29,Travel Agent
B02342,H003,G01153,2026-07-28,2026-08-21,2026-08-24,OTA
B02343,H013,G01153,2025-09-15,2025-09-21,2025-09-22,Phone Booking
B02344,H005,G01154,2024-09-15,2024-10-16,2024-10-20,Corporate Booking
B02345,H004,G01154,2026-02-23,2026-04-08,2026-04-12,Corporate Booking
B02346,H016,G01155,2024-10-15,2024-11-15,2024-11-17,Corporate Booking
B02347,H019,G01156,2024-04-20,2024-04-21,2024-04-23,Walk-in
B02348,H005,G01157,2025-01-31,2025-02-04,2025-02-07,OTA
B02349,H012,G01157,2025-07-03,2025-07-10,2025-07-11,Mobile App
B02350,H001,G01158,2025-02-12,2025-02-18,2025-02-21,OTA
B02351,H002,G01158,2025-11-21,2025-12-06,2025-12-11,Hotel Website
B02352,H006,G01158,2026-01-29,2026-02-09,2026-02-11,Hotel Website
B02353,H012,G01158,2026-03-28,2026-04-15,2026-04-16,Corporate Booking
B02354,H019,G01159,2026-05-20,2026-05-28,2026-05-29,Phone Booking
B02355,H004,G01159,2026-08-10,2026-08-21,2026-08-24,Phone Booking
B02356,H012,G01160,2026-07-02,2026-07-24,2026-07-25,Travel Agent
B02357,H011,G01160,2026-07-16,2026-08-15,2026-08-16,OTA
B02358,H002,G01160,2026-08-04,2026-08-28,2026-08-31,Travel Agent
B02359,H013,G01161,2025-04-12,2025-04-17,2025-04-18,Hotel Website
B02360,H013,G01161,2025-10-14,2025-10-19,2025-10-20,Mobile App
B02361,H019,G01161,2026-03-21,2026-04-12,2026-04-14,OTA
B02362,H002,G01161,2026-06-27,2026-06-28,2026-07-02,Walk-in
B02363,H012,G01162,2024-12-13,2024-12-18,2024-12-20,OTA
B02364,H003,G01162,2025-04-30,2025-06-07,2025-06-09,Corporate Booking
B02365,H010,G01163,2024-09-06,2024-09-19,2024-09-21,OTA
B02366,H008,G01163,2025-04-12,2025-04-30,2025-05-04,Travel Agent
B02367,H001,G01163,2026-05-24,2026-06-22,2026-06-24,OTA
B02368,H011,G01163,2026-07-09,2026-08-02,2026-08-04,Hotel Website
B02369,H016,G01164,2026-05-11,2026-05-31,2026-06-02,OTA
B02370,H012,G01165,2024-11-05,2024-12-07,2024-12-08,Hotel Website
B02371,H001,G01165,2025-05-31,2025-07-02,2025-07-08,Corporate Booking
B02372,H020,G01166,2025-04-04,2025-04-12,2025-04-14,Mobile App
B02373,H014,G01166,2025-10-19,2025-10-24,2025-10-28,Corporate Booking
B02374,H001,G01167,2024-12-12,2025-01-07,2025-01-09,Travel Agent
B02375,H001,G01167,2024-12-30,2025-02-04,2025-02-08,Corporate Booking
B02376,H019,G01168,2024-08-11,2024-08-22,2024-08-24,Hotel Website
B02377,H001,G01168,2024-10-13,2024-10-29,2024-11-02,OTA
B02378,H006,G01169,2024-01-04,2024-01-06,2024-01-09,Mobile App
B02379,H004,G01170,2026-06-01,2026-06-29,2026-07-05,OTA
B02380,H003,G01170,2026-08-14,2026-08-15,2026-08-22,Walk-in
B02381,H015,G01171,2025-10-03,2025-10-04,2025-10-07,Walk-in
B02382,H011,G01171,2025-12-28,2026-02-01,2026-02-02,Corporate Booking
B02383,H011,G01172,2025-08-14,2025-09-05,2025-09-07,OTA
B02384,H011,G01172,2026-02-16,2026-02-17,2026-02-20,Walk-in
B02385,H015,G01173,2025-07-14,2025-08-11,2025-08-15,Corporate Booking
B02386,H016,G01173,2025-10-21,2025-10-24,2025-10-27,Phone Booking
B02387,H011,G01174,2024-05-28,2024-06-06,2024-06-09,Mobile App
B02388,H005,G01174,2024-07-16,2024-07-24,2024-07-27,Hotel Website
B02389,H020,G01175,2024-01-06,2024-01-09,2024-01-11,Hotel Website
B02390,H020,G01175,2025-10-07,2025-10-29,2025-10-30,Travel Agent
B02391,H020,G01176,2024-10-16,2024-10-26,2024-10-30,Phone Booking
B02392,H007,G01176,2025-07-26,2025-08-14,2025-08-20,Hotel Website
B02393,H019,G01177,2024-10-24,2024-11-23,2024-11-26,OTA
B02394,H003,G01178,2024-04-16,2024-04-21,2024-04-28,Phone Booking
B02395,H014,G01178,2025-09-15,2025-10-16,2025-10-17,Corporate Booking
B02396,H012,G01178,2025-12-27,2026-01-15,2026-01-16,Mobile App
B02397,H012,G01178,2026-07-13,2026-07-14,2026-07-16,Walk-in
B02398,H001,G01179,2024-07-06,2024-07-27,2024-08-02,Phone Booking
B02399,H016,G01179,2026-08-09,2026-08-19,2026-08-20,Mobile App
B02400,H010,G01179,2025-07-12,2025-08-07,2025-08-11,Travel Agent
B02401,H008,G01179,2025-10-01,2025-10-13,2025-10-17,Mobile App
B02402,H013,G01180,2026-03-30,2026-04-07,2026-04-09,Hotel Website
B02403,H015,G01180,2026-07-03,2026-07-06,2026-07-10,Mobile App
B02404,H004,G01181,2024-03-28,2024-04-13,2024-04-17,Hotel Website
B02405,H004,G01181,2025-04-11,2025-04-22,2025-04-25,Hotel Website
B02406,H012,G01182,2024-09-28,2024-10-12,2024-10-13,Hotel Website
B02407,H005,G01182,2025-08-20,2025-10-01,2025-10-04,Travel Agent
B02408,H019,G01183,2025-11-24,2025-12-09,2025-12-11,Mobile App
B02409,H005,G01183,2026-05-31,2026-06-11,2026-06-18,Hotel Website
B02410,H015,G01184,2024-12-05,2024-12-09,2024-12-10,Mobile App
B02411,H007,G01185,2024-08-25,2024-09-15,2024-09-20,OTA
B02412,H014,G01185,2025-06-16,2025-06-17,2025-06-21,Walk-in
B02413,H001,G01186,2024-01-17,2024-01-18,2024-01-25,Walk-in
B02414,H016,G01186,2024-06-29,2024-07-11,2024-07-16,OTA
B02415,H003,G01186,2025-02-14,2025-03-16,2025-03-19,Hotel Website
B02416,H014,G01187,2024-02-04,2024-02-23,2024-02-24,Mobile App
B02417,H016,G01187,2026-04-15,2026-05-24,2026-05-26,Corporate Booking
B02418,H016,G01187,2026-06-25,2026-07-31,2026-08-04,Corporate Booking
B02419,H005,G01188,2024-03-21,2024-04-20,2024-04-27,OTA
B02420,H013,G01189,2026-03-01,2026-03-06,2026-03-10,Hotel Website
B02421,H017,G01190,2024-11-21,2024-12-15,2024-12-19,Hotel Website
B02422,H001,G01190,2025-11-16,2025-12-01,2025-12-04,Phone Booking
B02423,H020,G01191,2024-07-13,2024-07-15,2024-07-19,OTA
B02424,H018,G01192,2024-06-11,2024-06-28,2024-06-30,Hotel Website
B02425,H005,G01192,2026-01-15,2026-01-30,2026-02-02,Phone Booking
B02426,H011,G01193,2024-12-19,2025-01-09,2025-01-13,OTA
B02427,H013,G01194,2025-09-01,2025-09-26,2025-09-28,Corporate Booking
B02428,H013,G01194,2025-10-04,2025-10-17,2025-10-20,Hotel Website
B02429,H006,G01195,2024-03-02,2024-03-14,2024-03-16,Corporate Booking
B02430,H004,G01196,2025-02-11,2025-02-23,2025-02-26,Travel Agent
B02431,H015,G01196,2026-04-26,2026-04-28,2026-04-30,OTA
B02432,H008,G01197,2024-11-29,2024-12-16,2024-12-22,Hotel Website
B02433,H013,G01197,2025-10-20,2025-11-02,2025-11-04,Mobile App
B02434,H006,G01198,2024-01-07,2024-01-13,2024-01-17,Travel Agent
B02435,H009,G01198,2025-10-13,2025-10-26,2025-10-30,OTA
B02436,H012,G01199,2024-01-08,2024-01-17,2024-01-19,Mobile App
B02437,H002,G01199,2024-03-15,2024-03-24,2024-03-26,Mobile App
B02438,H019,G01200,2024-12-25,2025-01-08,2025-01-11,Travel Agent
B02439,H019,G01200,2025-05-21,2025-06-06,2025-06-12,Phone Booking
B02440,H002,G01200,2026-08-14,2026-08-18,2026-08-20,Hotel Website
B02441,H013,G01200,2026-04-02,2026-04-16,2026-04-19,Corporate Booking
B02442,H011,G01201,2024-01-29,2024-03-01,2024-03-02,Hotel Website
B02443,H003,G01201,2026-01-27,2026-02-01,2026-02-08,Phone Booking
B02444,H013,G01202,2025-09-23,2025-10-28,2025-10-30,Hotel Website
B02445,H001,G01202,2026-05-19,2026-05-27,2026-05-30,Corporate Booking
B02446,H013,G01203,2026-05-27,2026-06-02,2026-06-03,Hotel Website
B02447,H003,G01204,2024-01-10,2024-01-17,2024-01-21,Corporate Booking
B02448,H019,G01204,2024-04-05,2024-04-06,2024-04-09,Walk-in
B02449,H006,G01205,2025-03-26,2025-03-27,2025-03-28,Walk-in
B02450,H006,G01206,2024-01-08,2024-01-16,2024-01-19,Mobile App
B02451,H009,G01206,2024-10-21,2024-11-06,2024-11-10,OTA
B02452,H003,G01207,2024-06-27,2024-07-11,2024-07-14,Phone Booking
B02453,H015,G01208,2025-09-25,2025-10-05,2025-10-08,Phone Booking
B02454,H013,G01209,2024-08-14,2024-08-26,2024-08-28,OTA
B02455,H006,G01209,2025-06-23,2025-07-16,2025-07-21,OTA
B02456,H016,G01209,2025-10-03,2025-10-25,2025-10-26,Corporate Booking
B02457,H011,G01210,2025-01-01,2025-01-02,2025-01-03,Walk-in
B02458,H003,G01210,2025-02-22,2025-02-23,2025-02-28,Mobile App
B02459,H011,G01210,2025-05-17,2025-05-27,2025-05-31,Corporate Booking
B02460,H004,G01210,2025-10-22,2025-10-26,2025-10-28,Mobile App
B02461,H004,G01211,2026-04-16,2026-05-05,2026-05-09,Mobile App
B02462,H015,G01211,2026-06-13,2026-07-08,2026-07-11,Hotel Website
B02463,H007,G01211,2026-08-13,2026-08-21,2026-08-26,Mobile App
B02464,H011,G01212,2025-07-15,2025-08-08,2025-08-10,Hotel Website
B02465,H006,G01212,2026-08-12,2026-08-19,2026-08-22,Mobile App
B02466,H003,G01213,2025-04-18,2025-05-27,2025-05-29,Corporate Booking
B02467,H015,G01213,2026-05-16,2026-05-19,2026-05-23,Mobile App
B02468,H019,G01213,2026-08-02,2026-08-04,2026-08-06,OTA
B02469,H019,G01213,2026-08-23,2026-08-26,2026-08-28,OTA
B02470,H014,G01214,2024-12-16,2025-01-01,2025-01-06,Travel Agent
B02471,H019,G01214,2025-10-30,2025-12-14,2025-12-16,Travel Agent
B02472,H015,G01214,2026-05-09,2026-05-29,2026-06-01,Travel Agent
B02473,H015,G01215,2025-05-18,2025-05-19,2025-05-20,Walk-in
B02474,H001,G01215,2025-09-17,2025-10-13,2025-10-16,OTA
B02475,H002,G01215,2026-03-22,2026-03-25,2026-03-27,Hotel Website
B02476,H004,G01216,2024-08-20,2024-09-02,2024-09-04,Phone Booking
B02477,H002,G01216,2026-04-14,2026-05-05,2026-05-10,Corporate Booking
B02478,H015,G01217,2024-04-04,2024-04-12,2024-04-15,OTA
B02479,H001,G01218,2025-05-29,2025-06-15,2025-06-17,Phone Booking
B02480,H001,G01218,2026-03-12,2026-03-13,2026-03-15,Walk-in
B02481,H006,G01219,2025-03-27,2025-04-04,2025-04-08,Hotel Website
B02482,H016,G01219,2026-04-15,2026-04-29,2026-04-30,OTA
B02483,H001,G01219,2026-08-12,2026-08-18,2026-08-20,Mobile App
B02484,H016,G01220,2025-10-23,2025-11-07,2025-11-10,OTA
B02485,H006,G01221,2025-10-23,2025-11-08,2025-11-13,Mobile App
B02486,H002,G01222,2025-09-19,2025-09-23,2025-09-25,Phone Booking
B02487,H002,G01222,2026-01-27,2026-02-19,2026-02-21,Hotel Website
B02488,H011,G01223,2026-06-27,2026-07-22,2026-07-24,Hotel Website
B02489,H014,G01224,2025-06-13,2025-07-13,2025-07-17,Corporate Booking
B02490,H004,G01225,2025-12-28,2025-12-29,2026-01-03,Walk-in
B02491,H004,G01225,2026-07-22,2026-07-23,2026-07-25,Walk-in
B02492,H011,G01226,2024-01-03,2024-01-04,2024-01-05,Walk-in
B02493,H017,G01226,2025-10-25,2025-11-05,2025-11-08,OTA
B02494,H014,G01226,2026-04-01,2026-04-23,2026-04-26,Travel Agent
B02495,H005,G01227,2026-01-19,2026-01-20,2026-01-24,Walk-in
B02496,H014,G01228,2025-02-12,2025-02-19,2025-02-21,OTA
B02497,H007,G01228,2025-03-25,2025-04-20,2025-04-24,Corporate Booking
B02498,H003,G01229,2026-02-26,2026-03-07,2026-03-14,Hotel Website
B02499,H002,G01230,2026-02-11,2026-02-24,2026-02-27,OTA
B02500,H018,G01231,2025-01-10,2025-01-30,2025-01-31,Mobile App
B02501,H001,G01232,2024-10-15,2024-11-26,2024-11-28,Travel Agent
B02502,H017,G01232,2025-02-15,2025-02-23,2025-02-25,OTA
B02503,H013,G01233,2025-09-30,2025-10-01,2025-10-03,Mobile App
B02504,H003,G01233,2026-06-01,2026-06-14,2026-06-17,Mobile App
B02505,H019,G01233,2026-07-21,2026-07-22,2026-07-24,Walk-in
B02506,H016,G01233,2024-02-20,2024-03-18,2024-03-21,OTA
B02507,H016,G01234,2024-03-14,2024-03-15,2024-03-17,Walk-in
B02508,H014,G01234,2024-08-02,2024-08-06,2024-08-07,Phone Booking
B02509,H019,G01235,2024-08-30,2024-09-01,2024-09-07,Hotel Website
B02510,H015,G01236,2026-07-07,2026-07-20,2026-07-24,Corporate Booking
B02511,H005,G01236,2026-08-08,2026-08-25,2026-08-27,Phone Booking
B02512,H018,G01237,2024-10-29,2024-11-23,2024-11-24,Hotel Website
B02513,H012,G01237,2026-07-12,2026-07-18,2026-07-19,OTA
B02514,H003,G01237,2026-08-06,2026-08-25,2026-08-27,Corporate Booking
B02515,H001,G01238,2025-09-01,2025-09-19,2025-09-23,Phone Booking
B02516,H014,G01238,2026-04-24,2026-04-25,2026-04-28,Phone Booking
B02517,H019,G01239,2024-03-18,2024-03-19,2024-03-22,Walk-in
B02518,H004,G01239,2024-08-11,2024-08-20,2024-08-23,OTA
B02519,H013,G01240,2024-10-24,2024-11-04,2024-11-06,Mobile App
B02520,H011,G01240,2025-09-25,2025-10-24,2025-10-25,OTA
B02521,H018,G01241,2024-04-05,2024-04-14,2024-04-17,OTA
B02522,H013,G01241,2025-06-16,2025-06-17,2025-06-20,Walk-in
B02523,H016,G01242,2025-06-20,2025-07-25,2025-07-28,Hotel Website
B02524,H001,G01243,2024-01-10,2024-01-29,2024-02-02,Corporate Booking
B02525,H003,G01243,2025-07-25,2025-08-28,2025-08-31,Travel Agent
B02526,H006,G01244,2025-07-14,2025-07-24,2025-07-28,OTA
B02527,H020,G01244,2026-04-08,2026-04-27,2026-04-28,Mobile App
B02528,H012,G01245,2025-10-17,2025-10-21,2025-10-22,OTA
B02529,H012,G01245,2026-05-07,2026-06-03,2026-06-04,Hotel Website
B02530,H016,G01246,2026-02-28,2026-03-17,2026-03-19,Corporate Booking
B02531,H016,G01246,2026-06-21,2026-06-22,2026-06-24,Phone Booking
B02532,H012,G01246,2026-07-27,2026-08-28,2026-08-29,Corporate Booking
B02533,H012,G01246,2025-08-25,2025-09-02,2025-09-04,Corporate Booking
B02534,H012,G01246,2026-01-02,2026-01-09,2026-01-10,Hotel Website
B02535,H004,G01247,2026-05-10,2026-05-26,2026-05-30,OTA
B02536,H004,G01247,2026-06-14,2026-06-19,2026-06-21,OTA
B02537,H012,G01248,2026-04-25,2026-05-13,2026-05-15,OTA
B02538,H017,G01248,2026-07-31,2026-08-16,2026-08-17,Hotel Website
B02539,H018,G01249,2024-09-14,2024-09-15,2024-09-17,Walk-in
B02540,H015,G01250,2026-04-24,2026-05-01,2026-05-02,Hotel Website
B02541,H001,G01250,2026-07-02,2026-07-10,2026-07-13,Mobile App
B02542,H005,G01250,2026-08-09,2026-08-21,2026-08-25,Mobile App
B02543,H005,G01251,2024-01-08,2024-01-22,2024-01-24,Travel Agent
B02544,H005,G01251,2026-07-21,2026-08-16,2026-08-18,OTA
B02545,H006,G01252,2024-06-23,2024-07-28,2024-07-29,Hotel Website
B02546,H019,G01253,2025-10-14,2025-10-17,2025-10-19,OTA
B02547,H014,G01253,2026-07-23,2026-08-27,2026-08-31,Corporate Booking
B02548,H003,G01254,2024-07-13,2024-07-22,2024-07-27,Mobile App
B02549,H002,G01254,2025-01-24,2025-02-18,2025-02-25,Travel Agent
B02550,H001,G01255,2025-05-08,2025-06-15,2025-06-19,Corporate Booking
B02551,H006,G01256,2026-08-16,2026-08-21,2026-08-26,Mobile App
B02552,H016,G01256,2025-07-29,2025-09-12,2025-09-15,Corporate Booking
B02553,H011,G01257,2025-11-18,2025-11-19,2025-11-21,Walk-in
B02554,H001,G01257,2026-02-16,2026-02-19,2026-02-23,OTA
B02555,H004,G01258,2026-06-15,2026-07-27,2026-07-29,Travel Agent
B02556,H005,G01258,2026-07-29,2026-08-26,2026-08-28,Travel Agent
B02557,H016,G01259,2024-03-19,2024-04-10,2024-04-11,OTA
B02558,H011,G01260,2024-08-28,2024-09-27,2024-09-29,Hotel Website
B02559,H014,G01260,2026-02-09,2026-03-02,2026-03-04,Mobile App
B02560,H011,G01260,2026-04-23,2026-06-04,2026-06-07,Corporate Booking
B02561,H015,G01261,2024-04-28,2024-05-13,2024-05-14,Corporate Booking
B02562,H020,G01261,2025-10-30,2025-11-02,2025-11-04,OTA
B02563,H002,G01262,2026-02-21,2026-02-22,2026-02-25,OTA
B02564,H007,G01262,2026-04-05,2026-05-13,2026-05-15,Corporate Booking
B02565,H019,G01263,2026-03-01,2026-03-04,2026-03-08,Phone Booking
B02566,H015,G01264,2026-08-06,2026-08-23,2026-08-26,OTA
B02567,H001,G01265,2024-08-03,2024-08-04,2024-08-11,Walk-in
B02568,H001,G01265,2025-11-30,2026-01-04,2026-01-11,Hotel Website
B02569,H004,G01266,2025-10-03,2025-10-10,2025-10-13,OTA
B02570,H001,G01267,2024-11-06,2024-11-30,2024-12-05,Hotel Website
B02571,H013,G01268,2024-12-08,2024-12-24,2024-12-25,Mobile App
B02572,H015,G01268,2026-02-27,2026-03-07,2026-03-08,Corporate Booking
B02573,H002,G01269,2025-05-24,2025-06-21,2025-06-26,Hotel Website
B02574,H020,G01270,2026-07-25,2026-08-09,2026-08-13,Mobile App
B02575,H001,G01271,2025-12-06,2025-12-09,2025-12-11,Mobile App
B02576,H007,G01271,2026-03-12,2026-03-18,2026-03-21,OTA
B02577,H020,G01271,2026-08-11,2026-08-23,2026-08-25,Hotel Website
B02578,H007,G01272,2024-01-02,2024-01-06,2024-01-08,OTA
B02579,H003,G01272,2024-07-27,2024-08-17,2024-08-24,Travel Agent
B02580,H012,G01273,2026-01-15,2026-02-20,2026-02-22,Corporate Booking
B02581,H007,G01274,2024-11-17,2024-12-30,2025-01-04,Corporate Booking
B02582,H005,G01274,2025-03-17,2025-03-22,2025-03-25,OTA
B02583,H002,G01275,2026-02-23,2026-02-28,2026-03-03,OTA
B02584,H020,G01275,2026-08-14,2026-08-21,2026-08-24,Hotel Website
B02585,H001,G01275,2024-10-04,2024-10-29,2024-10-31,Corporate Booking
B02586,H003,G01276,2024-12-12,2025-01-09,2025-01-16,Travel Agent
B02587,H011,G01277,2025-03-27,2025-04-02,2025-04-04,Mobile App
B02588,H011,G01277,2025-11-15,2025-11-17,2025-11-18,Hotel Website
B02589,H002,G01278,2024-03-16,2024-04-08,2024-04-12,Corporate Booking
B02590,H002,G01278,2026-03-24,2026-04-11,2026-04-14,Hotel Website
B02591,H003,G01278,2026-05-13,2026-05-25,2026-05-28,Travel Agent
B02592,H005,G01279,2024-05-14,2024-05-28,2024-06-03,Mobile App
B02593,H002,G01279,2025-02-24,2025-03-03,2025-03-08,Hotel Website
B02594,H002,G01279,2026-08-01,2026-08-06,2026-08-09,OTA
B02595,H005,G01280,2025-04-16,2025-04-19,2025-04-21,OTA
B02596,H003,G01281,2024-02-10,2024-02-11,2024-02-17,Walk-in
B02597,H003,G01281,2026-03-20,2026-04-14,2026-04-18,Hotel Website
B02598,H006,G01282,2024-08-18,2024-09-11,2024-09-14,Hotel Website
B02599,H016,G01282,2026-02-19,2026-02-26,2026-03-03,Travel Agent
B02600,H011,G01282,2026-03-14,2026-03-28,2026-03-30,Mobile App
B02601,H003,G01283,2024-03-22,2024-03-27,2024-03-30,Hotel Website
B02602,H003,G01284,2026-07-22,2026-08-26,2026-08-31,Corporate Booking
B02603,H016,G01285,2026-03-11,2026-03-26,2026-03-31,Mobile App
B02604,H001,G01286,2024-10-04,2024-10-20,2024-10-25,OTA
B02605,H017,G01286,2025-10-14,2025-11-18,2025-11-19,Travel Agent
B02606,H017,G01286,2026-02-04,2026-02-16,2026-02-19,OTA
B02607,H004,G01287,2025-06-03,2025-06-15,2025-06-19,Phone Booking
B02608,H004,G01288,2025-08-20,2025-09-19,2025-09-24,Travel Agent
B02609,H020,G01289,2024-03-21,2024-04-30,2024-05-01,Corporate Booking
B02610,H016,G01290,2026-01-17,2026-01-30,2026-02-02,Hotel Website
B02611,H016,G01291,2024-12-27,2024-12-30,2024-12-31,OTA
B02612,H003,G01291,2025-10-15,2025-11-08,2025-11-10,OTA
B02613,H003,G01291,2026-02-02,2026-03-03,2026-03-07,Hotel Website
B02614,H001,G01291,2026-06-05,2026-06-11,2026-06-15,Travel Agent
B02615,H001,G01292,2024-03-10,2024-03-26,2024-03-28,Phone Booking
B02616,H001,G01292,2025-01-05,2025-01-25,2025-01-27,OTA
B02617,H005,G01293,2025-08-30,2025-09-12,2025-09-18,Phone Booking
B02618,H003,G01293,2026-01-29,2026-01-30,2026-02-03,Walk-in
B02619,H015,G01294,2024-01-01,2024-01-03,2024-01-05,Corporate Booking
B02620,H018,G01294,2026-01-15,2026-01-26,2026-01-29,Mobile App
B02621,H003,G01295,2024-03-12,2024-03-27,2024-03-30,Mobile App
B02622,H014,G01295,2024-05-05,2024-05-27,2024-05-28,Hotel Website
B02623,H001,G01295,2026-04-22,2026-04-30,2026-05-03,Mobile App
B02624,H005,G01296,2025-10-05,2025-10-20,2025-10-24,OTA
B02625,H002,G01296,2026-02-03,2026-02-04,2026-02-08,Walk-in
B02626,H013,G01297,2026-01-24,2026-02-10,2026-02-14,Mobile App
B02627,H013,G01297,2026-05-24,2026-06-08,2026-06-09,Phone Booking
B02628,H003,G01298,2024-09-25,2024-09-27,2024-10-01,OTA
B02629,H004,G01299,2025-01-19,2025-02-15,2025-02-22,Hotel Website
B02630,H003,G01300,2024-11-22,2024-12-21,2024-12-24,OTA
B02631,H014,G01300,2025-07-04,2025-08-04,2025-08-06,Hotel Website
B02632,H004,G01301,2025-04-30,2025-05-08,2025-05-11,OTA
B02633,H004,G01301,2025-05-17,2025-06-15,2025-06-17,OTA
B02634,H005,G01302,2024-12-12,2024-12-26,2024-12-30,Travel Agent
B02635,H004,G01302,2026-03-02,2026-03-19,2026-03-25,OTA
B02636,H008,G01303,2025-12-30,2025-12-31,2026-01-01,Mobile App
B02637,H014,G01303,2026-04-08,2026-04-16,2026-04-18,Hotel Website
B02638,H019,G01304,2025-09-27,2025-10-22,2025-10-26,Corporate Booking
B02639,H011,G01304,2025-12-27,2026-01-07,2026-01-09,Corporate Booking
B02640,H016,G01305,2024-01-05,2024-01-13,2024-01-16,OTA
B02641,H008,G01305,2024-09-21,2024-10-16,2024-10-22,OTA
B02642,H009,G01306,2025-08-12,2025-08-13,2025-08-15,Walk-in
B02643,H005,G01306,2026-07-30,2026-08-08,2026-08-11,OTA
B02644,H003,G01307,2025-10-10,2025-10-25,2025-10-28,Mobile App
B02645,H014,G01307,2026-06-26,2026-07-29,2026-07-31,Corporate Booking
B02646,H001,G01308,2026-03-30,2026-03-31,2026-04-04,Walk-in
B02647,H012,G01309,2024-08-26,2024-09-15,2024-09-17,Hotel Website
B02648,H001,G01309,2024-11-28,2024-12-14,2024-12-18,OTA
B02649,H015,G01310,2025-02-24,2025-04-06,2025-04-09,Corporate Booking
B02650,H002,G01310,2026-03-19,2026-04-30,2026-05-04,Travel Agent
B02651,H013,G01310,2026-06-22,2026-07-20,2026-07-21,Corporate Booking
B02652,H013,G01310,2026-08-03,2026-08-25,2026-08-26,Hotel Website
B02653,H008,G01311,2024-11-01,2024-11-25,2024-11-27,Travel Agent
B02654,H011,G01312,2025-07-02,2025-07-13,2025-07-14,Corporate Booking
B02655,H001,G01312,2026-02-24,2026-02-25,2026-03-02,Walk-in
B02656,H001,G01313,2025-12-01,2025-12-06,2025-12-11,Mobile App
B02657,H012,G01313,2026-02-01,2026-02-02,2026-02-03,Walk-in
B02658,H017,G01314,2026-04-11,2026-05-11,2026-05-14,Hotel Website
B02659,H013,G01314,2026-06-16,2026-07-17,2026-07-18,Corporate Booking
B02660,H017,G01314,2024-10-15,2024-10-25,2024-10-30,Corporate Booking
B02661,H013,G01315,2025-11-30,2025-12-06,2025-12-10,Hotel Website
B02662,H013,G01315,2026-01-28,2026-02-18,2026-02-19,Hotel Website
B02663,H014,G01315,2026-06-04,2026-06-25,2026-06-26,OTA
B02664,H014,G01315,2026-07-08,2026-07-28,2026-08-02,Travel Agent
B02665,H007,G01316,2024-10-05,2024-10-06,2024-10-07,Mobile App
B02666,H014,G01316,2026-07-23,2026-08-24,2026-08-27,Corporate Booking
B02667,H017,G01317,2025-03-03,2025-03-18,2025-03-23,Hotel Website
B02668,H016,G01317,2026-02-26,2026-03-07,2026-03-08,Hotel Website
B02669,H015,G01318,2024-07-19,2024-08-25,2024-08-26,Corporate Booking
B02670,H006,G01318,2025-03-18,2025-03-30,2025-04-04,Hotel Website
B02671,H015,G01318,2025-12-21,2026-01-14,2026-01-15,OTA
B02672,H016,G01319,2024-11-28,2024-12-25,2024-12-29,Travel Agent
B02673,H016,G01319,2026-07-10,2026-07-11,2026-07-12,Phone Booking
B02674,H002,G01320,2026-06-26,2026-07-12,2026-07-19,Mobile App
B02675,H015,G01320,2026-08-08,2026-08-27,2026-08-31,Hotel Website
B02676,H015,G01320,2025-11-19,2025-12-11,2025-12-15,Travel Agent
B02677,H002,G01321,2024-01-27,2024-01-28,2024-01-31,Walk-in
B02678,H008,G01321,2025-04-25,2025-05-11,2025-05-15,Hotel Website
B02679,H006,G01321,2026-07-26,2026-08-23,2026-08-27,OTA
B02680,H015,G01321,2026-04-24,2026-05-15,2026-05-19,Phone Booking
B02681,H006,G01322,2025-09-27,2025-10-17,2025-10-23,Hotel Website
B02682,H015,G01323,2025-10-17,2025-10-31,2025-11-02,Mobile App
B02683,H016,G01323,2026-08-09,2026-08-23,2026-08-26,Hotel Website
B02684,H002,G01324,2024-04-21,2024-05-13,2024-05-15,Travel Agent
B02685,H003,G01324,2024-10-24,2024-11-02,2024-11-08,Travel Agent
B02686,H002,G01325,2024-05-14,2024-05-29,2024-06-02,Phone Booking
B02687,H001,G01325,2024-08-20,2024-09-05,2024-09-08,OTA
B02688,H014,G01326,2026-03-16,2026-03-30,2026-04-01,Corporate Booking
B02689,H002,G01326,2026-05-27,2026-06-16,2026-06-20,Mobile App
B02690,H013,G01327,2026-07-25,2026-08-13,2026-08-16,Corporate Booking
B02691,H013,G01327,2025-02-03,2025-02-04,2025-02-05,Walk-in
B02692,H012,G01327,2026-03-02,2026-03-03,2026-03-04,Phone Booking
B02693,H017,G01328,2026-01-13,2026-01-21,2026-01-24,Travel Agent
B02694,H018,G01329,2025-08-27,2025-09-14,2025-09-17,OTA
B02695,H003,G01330,2024-09-04,2024-10-04,2024-10-08,Hotel Website
B02696,H019,G01330,2026-01-31,2026-02-18,2026-02-23,Phone Booking
B02697,H001,G01330,2026-08-05,2026-08-24,2026-08-27,Mobile App
B02698,H020,G01331,2026-02-28,2026-04-04,2026-04-06,Corporate Booking
B02699,H015,G01331,2026-06-11,2026-06-27,2026-06-28,Phone Booking
B02700,H019,G01332,2024-01-21,2024-01-28,2024-01-30,Hotel Website
B02701,H006,G01332,2026-07-17,2026-08-14,2026-08-17,OTA
B02702,H003,G01333,2024-01-01,2024-01-06,2024-01-10,Corporate Booking
B02703,H004,G01333,2025-12-05,2025-12-26,2026-01-01,OTA
B02704,H019,G01334,2024-07-23,2024-07-26,2024-07-29,OTA
B02705,H005,G01335,2025-09-16,2025-10-14,2025-10-16,OTA
B02706,H018,G01335,2026-06-19,2026-07-23,2026-07-27,Hotel Website
B02707,H006,G01336,2024-09-06,2024-09-21,2024-09-27,Travel Agent
B02708,H002,G01336,2026-02-15,2026-03-03,2026-03-10,Mobile App
B02709,H001,G01337,2025-09-05,2025-10-14,2025-10-21,Travel Agent
B02710,H003,G01338,2024-03-22,2024-04-09,2024-04-11,Mobile App
B02711,H020,G01339,2025-12-28,2026-01-27,2026-01-28,OTA
B02712,H014,G01339,2026-04-02,2026-04-27,2026-04-29,OTA
B02713,H018,G01339,2026-07-08,2026-07-29,2026-08-01,OTA
B02714,H016,G01339,2026-08-18,2026-08-24,2026-08-26,Mobile App
B02715,H002,G01340,2026-04-24,2026-05-05,2026-05-07,Phone Booking
B02716,H001,G01340,2026-07-07,2026-07-23,2026-07-26,Corporate Booking
B02717,H011,G01340,2025-06-10,2025-07-01,2025-07-02,Hotel Website
B02718,H003,G01341,2024-11-11,2024-11-22,2024-11-27,Hotel Website
B02719,H014,G01341,2026-05-11,2026-06-01,2026-06-02,Hotel Website
B02720,H012,G01342,2024-05-17,2024-06-27,2024-06-28,Corporate Booking
B02721,H018,G01343,2025-04-11,2025-04-26,2025-04-28,Travel Agent
B02722,H018,G01343,2026-01-29,2026-02-06,2026-02-07,Travel Agent
B02723,H007,G01344,2024-12-07,2024-12-28,2025-01-01,OTA
B02724,H016,G01345,2025-11-07,2025-11-17,2025-11-19,Mobile App
B02725,H018,G01346,2025-11-18,2025-12-22,2025-12-24,Hotel Website
B02726,H011,G01347,2025-06-22,2025-07-02,2025-07-04,Mobile App
B02727,H013,G01347,2025-11-07,2025-11-15,2025-11-17,OTA
B02728,H015,G01348,2024-11-12,2024-12-12,2024-12-14,Hotel Website
B02729,H015,G01348,2025-02-24,2025-03-20,2025-03-24,Corporate Booking
B02730,H014,G01348,2025-08-13,2025-09-05,2025-09-07,OTA
B02731,H011,G01348,2025-10-19,2025-11-03,2025-11-04,OTA
B02732,H016,G01348,2026-06-24,2026-07-04,2026-07-07,OTA
B02733,H015,G01349,2026-07-12,2026-07-21,2026-07-23,OTA
B02734,H005,G01350,2025-08-20,2025-08-27,2025-08-29,OTA
B02735,H002,G01350,2025-11-09,2025-11-25,2025-12-01,Mobile App
B02736,H004,G01350,2026-06-15,2026-06-16,2026-06-23,Walk-in
B02737,H015,G01350,2026-06-18,2026-08-02,2026-08-03,Travel Agent
B02738,H011,G01351,2026-06-29,2026-07-19,2026-07-20,Phone Booking
B02739,H011,G01351,2026-08-08,2026-08-22,2026-08-23,Hotel Website
B02740,H014,G01351,2024-02-06,2024-02-23,2024-02-26,OTA
B02741,H011,G01352,2025-03-13,2025-04-07,2025-04-08,Hotel Website
B02742,H013,G01352,2026-08-15,2026-08-21,2026-08-26,Corporate Booking
B02743,H013,G01352,2024-03-30,2024-04-28,2024-04-30,Corporate Booking
B02744,H004,G01353,2026-02-15,2026-02-16,2026-02-19,Walk-in
B02745,H003,G01353,2026-05-03,2026-05-06,2026-05-08,Mobile App
B02746,H019,G01354,2024-06-08,2024-07-12,2024-07-16,Hotel Website
B02747,H001,G01354,2025-12-14,2025-12-25,2025-12-28,OTA
B02748,H003,G01354,2026-02-22,2026-03-01,2026-03-03,Travel Agent
B02749,H001,G01354,2026-04-12,2026-04-13,2026-04-15,Walk-in
B02750,H019,G01355,2024-03-25,2024-03-26,2024-03-29,Walk-in
B02751,H006,G01355,2025-01-20,2025-01-21,2025-01-25,Walk-in
B02752,H004,G01356,2024-10-24,2024-11-15,2024-11-18,Hotel Website
B02753,H003,G01356,2026-01-07,2026-01-08,2026-01-10,OTA
B02754,H019,G01357,2026-07-29,2026-08-13,2026-08-17,Phone Booking
B02755,H011,G01358,2024-07-09,2024-07-24,2024-07-26,OTA
B02756,H005,G01359,2024-06-23,2024-07-12,2024-07-17,Travel Agent
B02757,H005,G01359,2025-04-15,2025-05-03,2025-05-08,Mobile App
B02758,H015,G01360,2024-01-06,2024-01-13,2024-01-14,Hotel Website
B02759,H014,G01360,2024-11-06,2024-11-26,2024-11-30,OTA
B02760,H019,G01361,2024-04-06,2024-04-13,2024-04-14,Hotel Website
B02761,H002,G01361,2026-02-24,2026-03-21,2026-03-24,OTA
B02762,H002,G01361,2026-07-26,2026-08-05,2026-08-08,Corporate Booking
B02763,H013,G01362,2024-01-20,2024-02-16,2024-02-17,Corporate Booking
B02764,H016,G01362,2025-05-11,2025-06-12,2025-06-15,Corporate Booking
B02765,H001,G01362,2026-04-25,2026-05-27,2026-05-30,Corporate Booking
B02766,H001,G01362,2026-07-13,2026-07-16,2026-07-19,Mobile App
B02767,H005,G01363,2026-01-04,2026-01-06,2026-01-12,OTA
B02768,H016,G01364,2025-07-16,2025-08-16,2025-08-22,Corporate Booking
B02769,H013,G01364,2026-05-27,2026-05-28,2026-05-29,Mobile App
B02770,H011,G01365,2024-11-24,2024-12-01,2024-12-03,OTA
B02771,H012,G01365,2026-03-16,2026-03-19,2026-03-20,OTA
B02772,H003,G01366,2025-01-06,2025-01-17,2025-01-23,OTA
B02773,H007,G01366,2025-10-15,2025-10-18,2025-10-22,OTA
B02774,H012,G01367,2026-01-17,2026-02-24,2026-02-25,Corporate Booking
B02775,H016,G01367,2026-03-25,2026-04-09,2026-04-11,Phone Booking
B02776,H001,G01368,2026-07-31,2026-08-01,2026-08-03,Walk-in
B02777,H013,G01369,2025-04-23,2025-04-26,2025-04-27,Mobile App
B02778,H019,G01369,2025-08-25,2025-08-31,2025-09-01,OTA
B02779,H002,G01370,2024-05-28,2024-07-12,2024-07-14,Corporate Booking
B02780,H015,G01370,2026-02-03,2026-02-16,2026-02-20,Hotel Website
B02781,H015,G01370,2026-05-11,2026-05-12,2026-05-15,Phone Booking
B02782,H007,G01371,2024-03-04,2024-03-05,2024-03-08,OTA
B02783,H019,G01371,2026-04-06,2026-04-15,2026-04-17,OTA
B02784,H006,G01371,2026-07-16,2026-07-17,2026-07-21,Walk-in
B02785,H018,G01372,2025-11-26,2025-11-27,2025-11-28,OTA
B02786,H002,G01372,2026-02-20,2026-03-05,2026-03-08,Mobile App
B02787,H001,G01372,2026-04-22,2026-04-26,2026-04-30,Mobile App
B02788,H005,G01372,2026-06-11,2026-07-08,2026-07-11,OTA
B02789,H003,G01373,2024-02-25,2024-02-26,2024-02-29,Phone Booking
B02790,H020,G01373,2025-05-04,2025-05-05,2025-05-07,Walk-in
B02791,H002,G01373,2025-07-22,2025-08-10,2025-08-13,Hotel Website
B02792,H014,G01373,2026-06-06,2026-06-16,2026-06-18,Hotel Website
B02793,H002,G01374,2024-07-30,2024-08-10,2024-08-15,Mobile App
B02794,H003,G01374,2024-12-07,2024-12-27,2025-01-02,Phone Booking
B02795,H011,G01375,2025-09-12,2025-09-13,2025-09-14,Mobile App
B02796,H020,G01375,2026-02-01,2026-02-16,2026-02-20,Hotel Website
B02797,H011,G01376,2025-06-23,2025-07-17,2025-07-18,Hotel Website
B02798,H006,G01377,2024-07-27,2024-08-25,2024-08-28,Hotel Website
B02799,H012,G01378,2025-12-31,2026-01-10,2026-01-14,Travel Agent
B02800,H003,G01378,2026-06-12,2026-06-29,2026-07-01,Mobile App
B02801,H016,G01379,2026-01-22,2026-01-29,2026-01-31,Mobile App
B02802,H001,G01379,2026-05-07,2026-05-15,2026-05-18,Mobile App
B02803,H016,G01380,2025-08-04,2025-08-29,2025-08-31,OTA
B02804,H003,G01380,2026-04-04,2026-04-07,2026-04-10,OTA
B02805,H015,G01381,2025-05-17,2025-06-06,2025-06-07,Mobile App
B02806,H002,G01381,2025-11-16,2025-12-02,2025-12-05,OTA
B02807,H012,G01381,2026-04-02,2026-04-13,2026-04-17,Mobile App
B02808,H002,G01382,2024-08-29,2024-09-15,2024-09-17,Mobile App
B02809,H005,G01383,2024-09-20,2024-10-14,2024-10-18,Hotel Website
B02810,H018,G01384,2025-01-22,2025-02-07,2025-02-08,OTA
B02811,H001,G01384,2025-12-07,2025-12-08,2025-12-13,Walk-in
B02812,H002,G01385,2026-05-23,2026-05-26,2026-05-29,Hotel Website
B02813,H001,G01386,2025-08-23,2025-08-24,2025-08-26,Walk-in
B02814,H012,G01387,2025-04-12,2025-05-10,2025-05-12,OTA
B02815,H017,G01388,2024-04-05,2024-04-19,2024-04-22,Corporate Booking
B02816,H003,G01389,2025-03-13,2025-03-30,2025-04-02,Hotel Website
B02817,H015,G01389,2026-07-13,2026-07-24,2026-07-27,OTA
B02818,H003,G01390,2025-01-13,2025-02-14,2025-02-18,Travel Agent
B02819,H011,G01390,2026-01-07,2026-02-01,2026-02-03,Hotel Website
B02820,H003,G01391,2025-07-17,2025-08-21,2025-08-23,Hotel Website
B02821,H017,G01392,2024-07-17,2024-07-27,2024-07-28,Mobile App
B02822,H020,G01393,2024-10-31,2024-11-04,2024-11-07,OTA
B02823,H008,G01393,2025-01-16,2025-01-26,2025-01-31,OTA
B02824,H020,G01393,2026-03-08,2026-03-16,2026-03-19,Travel Agent
B02825,H007,G01393,2026-05-07,2026-05-08,2026-05-11,Walk-in
B02826,H007,G01393,2026-05-30,2026-06-26,2026-06-30,OTA
B02827,H014,G01394,2026-06-17,2026-07-31,2026-08-02,Travel Agent
B02828,H006,G01394,2026-04-04,2026-04-05,2026-04-08,Walk-in
B02829,H002,G01395,2024-04-20,2024-05-07,2024-05-10,Corporate Booking
B02830,H001,G01395,2025-07-19,2025-08-06,2025-08-08,Mobile App
B02831,H015,G01396,2024-11-20,2024-11-27,2024-11-29,Corporate Booking
B02832,H011,G01397,2025-07-06,2025-07-19,2025-07-20,Hotel Website
B02833,H014,G01397,2026-01-26,2026-02-20,2026-02-22,Hotel Website
B02834,H011,G01398,2024-10-26,2024-11-15,2024-11-18,OTA
B02835,H011,G01399,2024-02-02,2024-02-21,2024-02-24,Mobile App
B02836,H004,G01400,2024-05-22,2024-06-04,2024-06-07,Hotel Website
B02837,H004,G01400,2025-01-26,2025-02-22,2025-02-24,OTA
B02838,H018,G01401,2024-02-05,2024-02-14,2024-02-15,Hotel Website
B02839,H014,G01402,2024-09-23,2024-10-25,2024-10-28,Corporate Booking
B02840,H015,G01403,2025-05-13,2025-05-14,2025-05-15,Walk-in
B02841,H016,G01403,2026-01-10,2026-02-12,2026-02-14,Corporate Booking
B02842,H016,G01404,2026-08-08,2026-08-17,2026-08-19,OTA
B02843,H017,G01404,2024-10-17,2024-10-19,2024-10-20,Hotel Website
B02844,H002,G01405,2024-07-02,2024-07-21,2024-07-26,Mobile App
B02845,H020,G01406,2026-06-20,2026-06-25,2026-06-27,Travel Agent
B02846,H002,G01406,2026-07-14,2026-08-14,2026-08-20,Corporate Booking
B02847,H008,G01407,2026-03-30,2026-04-10,2026-04-13,OTA
B02848,H018,G01408,2025-07-02,2025-08-05,2025-08-06,Hotel Website
B02849,H003,G01408,2026-02-04,2026-02-14,2026-02-19,Mobile App
B02850,H005,G01409,2024-03-15,2024-03-31,2024-04-05,Phone Booking
B02851,H003,G01410,2024-11-11,2024-11-24,2024-12-01,OTA
B02852,H011,G01410,2026-02-06,2026-03-05,2026-03-10,OTA
B02853,H014,G01411,2024-06-03,2024-06-07,2024-06-11,Hotel Website
B02854,H012,G01411,2024-08-13,2024-09-02,2024-09-03,Phone Booking
B02855,H013,G01411,2026-02-09,2026-02-25,2026-03-01,Corporate Booking
B02856,H002,G01412,2025-09-12,2025-10-23,2025-10-27,Travel Agent
B02857,H002,G01412,2026-01-23,2026-01-24,2026-01-30,Walk-in
B02858,H003,G01413,2024-02-22,2024-03-02,2024-03-05,Hotel Website
B02859,H006,G01413,2024-06-11,2024-06-26,2024-06-30,Mobile App
B02860,H015,G01414,2024-04-20,2024-05-05,2024-05-07,Corporate Booking
B02861,H013,G01415,2024-10-18,2024-10-25,2024-10-26,OTA
B02862,H004,G01416,2025-09-25,2025-10-03,2025-10-06,Travel Agent
B02863,H002,G01416,2026-04-09,2026-04-30,2026-05-07,Corporate Booking
B02864,H019,G01417,2025-11-09,2025-11-28,2025-12-01,OTA
B02865,H017,G01418,2025-07-10,2025-08-09,2025-08-13,Travel Agent
B02866,H006,G01419,2024-10-07,2024-11-06,2024-11-12,Hotel Website
B02867,H015,G01420,2026-03-04,2026-04-02,2026-04-03,OTA
B02868,H015,G01420,2026-07-07,2026-08-03,2026-08-04,OTA
B02869,H009,G01421,2024-04-20,2024-05-03,2024-05-05,Mobile App
B02870,H007,G01421,2024-10-22,2024-10-27,2024-10-31,OTA
B02871,H004,G01421,2024-12-07,2024-12-26,2024-12-29,Hotel Website
B02872,H017,G01421,2025-09-25,2025-10-25,2025-10-26,Travel Agent
B02873,H003,G01421,2025-11-25,2025-12-27,2025-12-29,Travel Agent
B02874,H017,G01421,2026-04-05,2026-04-07,2026-04-08,OTA
B02875,H012,G01422,2024-11-09,2024-11-10,2024-11-14,Walk-in
B02876,H002,G01423,2026-02-22,2026-04-04,2026-04-07,Travel Agent
B02877,H011,G01423,2026-05-23,2026-06-18,2026-06-20,Corporate Booking
B02878,H007,G01423,2026-07-22,2026-08-04,2026-08-08,Hotel Website
B02879,H005,G01424,2024-08-05,2024-09-08,2024-09-12,Hotel Website
B02880,H003,G01425,2024-02-13,2024-02-14,2024-02-17,Walk-in
B02881,H001,G01425,2025-12-14,2026-01-03,2026-01-10,Hotel Website
B02882,H004,G01426,2024-02-02,2024-02-29,2024-03-02,OTA
B02883,H011,G01427,2025-04-29,2025-05-10,2025-05-13,OTA
B02884,H014,G01427,2026-01-27,2026-02-11,2026-02-12,Hotel Website
B02885,H018,G01428,2024-02-10,2024-03-04,2024-03-05,OTA
B02886,H004,G01428,2024-09-20,2024-10-17,2024-10-23,Travel Agent
B02887,H012,G01429,2024-10-21,2024-11-14,2024-11-15,Corporate Booking
B02888,H005,G01429,2026-07-04,2026-08-03,2026-08-07,OTA
B02889,H003,G01430,2025-12-07,2025-12-12,2025-12-19,Travel Agent
B02890,H003,G01430,2026-07-13,2026-07-20,2026-07-23,Corporate Booking
B02891,H018,G01431,2025-12-22,2025-12-23,2025-12-24,Walk-in
B02892,H014,G01431,2026-01-23,2026-02-18,2026-02-20,OTA
B02893,H005,G01432,2025-01-15,2025-02-18,2025-02-20,Travel Agent
B02894,H018,G01432,2025-09-28,2025-10-01,2025-10-05,OTA
B02895,H014,G01433,2025-07-03,2025-07-14,2025-07-15,Travel Agent
B02896,H006,G01433,2025-10-05,2025-10-13,2025-10-16,OTA
B02897,H013,G01434,2026-05-20,2026-06-16,2026-06-18,Travel Agent
B02898,H016,G01434,2026-07-23,2026-08-07,2026-08-09,Corporate Booking
B02899,H013,G01434,2024-10-10,2024-10-11,2024-10-12,Walk-in
B02900,H014,G01434,2025-03-15,2025-03-24,2025-03-25,Mobile App
B02901,H013,G01435,2025-01-22,2025-01-28,2025-01-29,Mobile App
B02902,H013,G01435,2026-02-23,2026-03-08,2026-03-12,Phone Booking
B02903,H001,G01435,2026-06-15,2026-07-16,2026-07-21,Hotel Website
B02904,H001,G01436,2026-04-03,2026-04-10,2026-04-13,Mobile App
B02905,H008,G01436,2026-07-01,2026-07-11,2026-07-16,Mobile App
B02906,H015,G01437,2025-07-13,2025-08-05,2025-08-06,OTA
B02907,H004,G01437,2026-06-18,2026-07-07,2026-07-11,OTA
B02908,H016,G01437,2026-07-18,2026-08-27,2026-08-29,Corporate Booking
B02909,H007,G01438,2026-04-13,2026-04-15,2026-04-17,OTA
B02910,H019,G01438,2026-05-28,2026-06-06,2026-06-10,Hotel Website
B02911,H013,G01439,2024-09-18,2024-09-27,2024-09-28,OTA
B02912,H006,G01439,2026-03-24,2026-04-15,2026-04-21,OTA
B02913,H003,G01439,2026-07-02,2026-07-04,2026-07-06,Phone Booking
B02914,H020,G01440,2025-04-28,2025-05-05,2025-05-07,Mobile App
B02915,H011,G01441,2025-09-08,2025-09-27,2025-09-28,Phone Booking
B02916,H002,G01442,2024-11-28,2024-11-29,2024-12-01,OTA
B02917,H004,G01443,2026-04-24,2026-05-21,2026-05-27,OTA
B02918,H013,G01444,2024-02-07,2024-03-03,2024-03-06,Corporate Booking
B02919,H014,G01444,2025-05-29,2025-06-07,2025-06-11,Corporate Booking
B02920,H005,G01445,2024-04-27,2024-05-08,2024-05-10,Hotel Website
B02921,H003,G01445,2026-02-14,2026-03-06,2026-03-08,OTA
B02922,H001,G01445,2026-05-16,2026-05-17,2026-05-20,Walk-in
B02923,H004,G01446,2025-11-24,2025-12-19,2025-12-22,Hotel Website
B02924,H016,G01446,2026-01-11,2026-01-16,2026-01-19,Travel Agent
B02925,H002,G01446,2026-05-29,2026-07-02,2026-07-05,Hotel Website
B02926,H011,G01446,2026-07-29,2026-08-25,2026-08-28,Corporate Booking
B02927,H019,G01447,2024-06-21,2024-06-22,2024-06-24,Walk-in
B02928,H004,G01447,2025-01-02,2025-01-22,2025-01-29,Travel Agent
B02929,H004,G01448,2024-05-21,2024-05-22,2024-05-28,Walk-in
B02930,H005,G01449,2026-03-19,2026-04-16,2026-04-21,OTA
B02931,H012,G01449,2026-08-03,2026-08-14,2026-08-15,Mobile App
B02932,H020,G01450,2025-05-21,2025-05-27,2025-06-01,OTA
B02933,H014,G01450,2025-10-19,2025-11-22,2025-11-24,Travel Agent
B02934,H013,G01451,2025-04-14,2025-04-28,2025-04-29,Hotel Website
B02935,H001,G01451,2025-05-18,2025-06-07,2025-06-14,Hotel Website
B02936,H020,G01452,2024-10-16,2024-11-06,2024-11-07,OTA
B02937,H002,G01452,2025-10-29,2025-11-10,2025-11-14,OTA
B02938,H019,G01453,2025-03-05,2025-03-29,2025-04-04,OTA
B02939,H018,G01453,2025-04-10,2025-05-09,2025-05-10,OTA
B02940,H015,G01454,2026-01-11,2026-01-21,2026-01-25,Mobile App
B02941,H005,G01454,2026-02-06,2026-02-24,2026-02-26,OTA
B02942,H011,G01455,2025-01-31,2025-02-11,2025-02-12,Hotel Website
B02943,H001,G01455,2025-11-21,2026-01-01,2026-01-04,Travel Agent
B02944,H006,G01456,2024-12-11,2024-12-17,2024-12-19,OTA
B02945,H018,G01456,2025-03-20,2025-04-14,2025-04-15,OTA
B02946,H020,G01457,2026-07-09,2026-07-10,2026-07-15,Walk-in
B02947,H014,G01457,2026-08-26,2026-08-28,2026-08-31,OTA
B02948,H003,G01458,2026-01-26,2026-01-31,2026-02-03,OTA
B02949,H019,G01459,2026-02-18,2026-03-13,2026-03-17,Travel Agent
B02950,H007,G01460,2024-08-25,2024-09-06,2024-09-10,Mobile App
B02951,H011,G01460,2026-02-28,2026-04-13,2026-04-14,Travel Agent
B02952,H010,G01460,2026-07-04,2026-08-12,2026-08-13,Travel Agent
B02953,H015,G01461,2025-02-03,2025-02-05,2025-02-06,Phone Booking
B02954,H016,G01461,2026-04-06,2026-04-26,2026-04-27,Phone Booking
B02955,H004,G01462,2026-03-30,2026-04-29,2026-05-01,OTA
B02956,H004,G01462,2026-06-13,2026-07-04,2026-07-10,Hotel Website
B02957,H018,G01463,2024-01-08,2024-01-31,2024-02-01,OTA
B02958,H019,G01463,2026-01-11,2026-01-16,2026-01-17,Travel Agent
B02959,H012,G01464,2024-11-27,2024-12-11,2024-12-13,OTA
B02960,H012,G01464,2026-01-31,2026-02-21,2026-02-22,OTA
B02961,H015,G01465,2026-05-14,2026-05-21,2026-05-24,Phone Booking
B02962,H006,G01465,2026-07-01,2026-07-10,2026-07-15,Hotel Website
B02963,H006,G01465,2026-08-01,2026-08-14,2026-08-15,OTA
B02964,H002,G01466,2024-06-24,2024-07-21,2024-07-26,OTA
B02965,H003,G01466,2025-10-16,2025-10-17,2025-10-22,Walk-in
B02966,H001,G01466,2026-07-01,2026-07-10,2026-07-15,OTA
B02967,H014,G01466,2026-08-11,2026-08-28,2026-08-31,Travel Agent
B02968,H020,G01467,2025-10-27,2025-10-30,2025-11-01,Hotel Website
B02969,H020,G01467,2026-01-19,2026-02-13,2026-02-17,OTA
B02970,H013,G01468,2025-01-16,2025-02-23,2025-02-24,Corporate Booking
B02971,H004,G01468,2025-10-22,2025-10-30,2025-11-02,Mobile App
B02972,H018,G01469,2024-11-28,2024-12-04,2024-12-07,Hotel Website
B02973,H006,G01470,2024-02-12,2024-02-24,2024-02-26,Hotel Website
B02974,H009,G01470,2024-11-18,2024-12-07,2024-12-09,Travel Agent
B02975,H008,G01470,2026-02-06,2026-02-12,2026-02-15,Phone Booking
B02976,H015,G01471,2024-07-08,2024-07-15,2024-07-16,OTA
B02977,H016,G01471,2024-11-19,2024-12-14,2024-12-18,OTA
B02978,H016,G01471,2026-05-21,2026-05-28,2026-06-01,OTA
B02979,H016,G01471,2026-08-07,2026-08-13,2026-08-15,OTA
B02980,H005,G01472,2024-12-26,2025-01-30,2025-02-02,Travel Agent
B02981,H016,G01473,2026-03-27,2026-04-05,2026-04-07,OTA
B02982,H016,G01473,2026-06-26,2026-07-08,2026-07-12,Mobile App
B02983,H011,G01474,2025-03-03,2025-03-24,2025-03-26,Travel Agent
B02984,H011,G01474,2025-07-18,2025-08-05,2025-08-06,OTA
B02985,H011,G01475,2025-09-11,2025-09-23,2025-09-25,Mobile App
B02986,H015,G01476,2025-06-29,2025-07-14,2025-07-16,Corporate Booking
B02987,H014,G01476,2026-04-13,2026-04-24,2026-04-26,Corporate Booking
B02988,H014,G01477,2026-05-26,2026-06-06,2026-06-07,Mobile App
B02989,H005,G01477,2026-07-20,2026-08-07,2026-08-10,OTA
B02990,H004,G01478,2025-09-18,2025-09-19,2025-09-26,Walk-in
B02991,H014,G01478,2026-04-24,2026-05-22,2026-05-24,OTA
B02992,H014,G01478,2026-06-03,2026-07-12,2026-07-13,Corporate Booking
B02993,H014,G01478,2026-08-04,2026-08-15,2026-08-17,Corporate Booking
B02994,H006,G01479,2025-11-10,2025-11-14,2025-11-20,Hotel Website
B02995,H014,G01480,2024-07-16,2024-08-12,2024-08-14,Travel Agent
B02996,H017,G01480,2025-01-30,2025-02-22,2025-02-27,Corporate Booking
B02997,H017,G01480,2026-04-30,2026-05-04,2026-05-08,Hotel Website
B02998,H017,G01481,2025-06-21,2025-07-04,2025-07-05,Mobile App
B02999,H015,G01481,2026-04-13,2026-05-01,2026-05-03,Phone Booking
B03000,H002,G01481,2026-05-27,2026-06-13,2026-06-16,OTA
B03001,H016,G01482,2024-10-15,2024-10-23,2024-10-27,Mobile App
B03002,H002,G01482,2026-01-16,2026-02-20,2026-02-27,Hotel Website
B03003,H003,G01482,2026-07-25,2026-08-03,2026-08-06,Travel Agent
B03004,H012,G01483,2024-11-11,2024-12-26,2024-12-30,Travel Agent
B03005,H016,G01483,2025-03-08,2025-03-21,2025-03-22,Corporate Booking
B03006,H015,G01484,2026-05-21,2026-06-15,2026-06-17,Travel Agent
B03007,H014,G01484,2026-08-23,2026-08-29,2026-08-31,OTA
B03008,H005,G01485,2024-02-09,2024-02-18,2024-02-23,Phone Booking
B03009,H003,G01486,2025-12-21,2026-01-11,2026-01-14,Hotel Website
B03010,H015,G01486,2026-04-16,2026-05-11,2026-05-12,Hotel Website
B03011,H016,G01487,2024-06-27,2024-08-07,2024-08-08,Corporate Booking
B03012,H003,G01488,2024-12-11,2025-01-10,2025-01-15,OTA
B03013,H011,G01489,2025-02-12,2025-02-20,2025-02-22,OTA
B03014,H005,G01489,2026-06-10,2026-07-14,2026-07-17,Travel Agent
B03015,H002,G01489,2025-10-19,2025-11-14,2025-11-16,Hotel Website
B03016,H011,G01490,2025-11-14,2025-12-04,2025-12-07,Travel Agent
B03017,H013,G01491,2026-05-08,2026-05-13,2026-05-17,Hotel Website
B03018,H007,G01491,2026-06-30,2026-07-17,2026-07-21,Travel Agent
B03019,H004,G01492,2024-04-02,2024-04-03,2024-04-08,Walk-in
B03020,H016,G01492,2026-08-13,2026-08-26,2026-08-27,Travel Agent
B03021,H018,G01493,2026-07-08,2026-07-09,2026-07-10,Walk-in
B03022,H017,G01493,2026-08-13,2026-08-29,2026-08-31,Phone Booking
B03023,H013,G01494,2025-09-22,2025-09-29,2025-10-02,Hotel Website
B03024,H005,G01495,2024-04-22,2024-05-19,2024-05-25,OTA
B03025,H006,G01495,2024-09-02,2024-10-05,2024-10-09,Corporate Booking
B03026,H018,G01496,2026-06-15,2026-07-03,2026-07-05,Hotel Website
B03027,H008,G01497,2024-10-12,2024-10-24,2024-10-29,OTA
B03028,H012,G01498,2025-07-09,2025-07-10,2025-07-12,Walk-in
B03029,H010,G01499,2026-03-17,2026-04-09,2026-04-11,Corporate Booking
B03030,H017,G01499,2026-04-27,2026-05-19,2026-05-20,OTA
B03031,H008,G01500,2024-01-02,2024-01-15,2024-01-21,Hotel Website
B03032,H011,G01501,2024-08-02,2024-08-19,2024-08-21,OTA
B03033,H005,G01501,2025-09-12,2025-09-23,2025-09-27,OTA
B03034,H005,G01501,2026-01-08,2026-01-13,2026-01-17,Hotel Website
B03035,H002,G01502,2025-09-17,2025-10-05,2025-10-12,OTA
B03036,H002,G01502,2026-03-08,2026-03-14,2026-03-20,Travel Agent
B03037,H015,G01503,2024-01-09,2024-01-25,2024-01-28,Corporate Booking
B03038,H016,G01503,2025-03-11,2025-03-31,2025-04-04,Hotel Website
B03039,H016,G01503,2025-12-20,2026-01-04,2026-01-06,Travel Agent
B03040,H012,G01504,2024-05-15,2024-05-27,2024-05-28,Hotel Website
B03041,H012,G01504,2025-11-27,2025-12-05,2025-12-07,OTA
B03042,H003,G01504,2026-04-14,2026-05-18,2026-05-21,Hotel Website
B03043,H014,G01505,2025-02-25,2025-04-01,2025-04-04,Hotel Website
B03044,H008,G01505,2026-05-12,2026-05-18,2026-05-19,Phone Booking
B03045,H015,G01505,2026-06-21,2026-07-26,2026-07-29,Corporate Booking
B03046,H005,G01506,2025-11-26,2025-12-10,2025-12-17,OTA
B03047,H004,G01507,2025-05-13,2025-05-14,2025-05-21,Mobile App
B03048,H003,G01508,2024-10-14,2024-11-03,2024-11-07,OTA
B03049,H004,G01508,2025-07-22,2025-08-19,2025-08-24,Hotel Website
B03050,H007,G01509,2025-10-01,2025-10-11,2025-10-13,Mobile App
B03051,H014,G01509,2026-05-15,2026-06-17,2026-06-20,Hotel Website
B03052,H005,G01510,2024-05-01,2024-05-26,2024-06-01,OTA
B03053,H005,G01510,2026-01-24,2026-01-25,2026-01-29,Walk-in
B03054,H020,G01511,2024-11-11,2024-12-05,2024-12-06,Corporate Booking
B03055,H005,G01511,2026-01-07,2026-01-29,2026-02-01,Hotel Website
B03056,H005,G01512,2024-06-25,2024-07-13,2024-07-17,OTA
B03057,H001,G01512,2026-05-20,2026-05-27,2026-05-29,Mobile App
B03058,H005,G01512,2026-07-15,2026-08-17,2026-08-19,Travel Agent
B03059,H019,G01513,2024-09-02,2024-09-07,2024-09-08,Mobile App
B03060,H016,G01514,2024-11-07,2024-11-17,2024-11-22,Mobile App
B03061,H007,G01515,2025-06-16,2025-07-06,2025-07-09,OTA
B03062,H016,G01515,2025-09-22,2025-10-02,2025-10-03,Hotel Website
B03063,H008,G01516,2024-05-13,2024-06-05,2024-06-10,Hotel Website
B03064,H016,G01517,2026-06-18,2026-07-31,2026-08-02,Corporate Booking
B03065,H020,G01518,2025-07-04,2025-07-13,2025-07-17,Mobile App
B03066,H018,G01519,2026-06-27,2026-07-29,2026-08-01,Hotel Website
B03067,H001,G01520,2024-01-01,2024-01-02,2024-01-04,OTA
B03068,H015,G01521,2025-05-03,2025-05-04,2025-05-05,Walk-in
B03069,H002,G01521,2025-10-08,2025-10-13,2025-10-18,OTA
B03070,H011,G01522,2024-08-15,2024-08-30,2024-09-01,Corporate Booking
B03071,H014,G01522,2025-12-01,2026-01-12,2026-01-14,Corporate Booking
B03072,H011,G01523,2024-07-03,2024-08-03,2024-08-06,Travel Agent
B03073,H014,G01524,2024-10-05,2024-10-14,2024-10-19,Mobile App
B03074,H014,G01524,2026-05-19,2026-06-02,2026-06-03,Corporate Booking
B03075,H016,G01525,2024-07-26,2024-08-12,2024-08-15,Travel Agent
B03076,H019,G01526,2024-08-12,2024-08-19,2024-08-20,Phone Booking
B03077,H005,G01527,2024-05-08,2024-05-31,2024-06-05,Hotel Website
B03078,H020,G01527,2026-04-17,2026-04-18,2026-04-20,Walk-in
B03079,H016,G01528,2026-02-12,2026-02-23,2026-02-26,Phone Booking
B03080,H014,G01528,2026-05-23,2026-05-30,2026-05-31,Corporate Booking
B03081,H014,G01528,2026-07-23,2026-08-17,2026-08-20,OTA
B03082,H017,G01529,2026-01-19,2026-02-05,2026-02-07,OTA
B03083,H011,G01530,2026-02-08,2026-03-11,2026-03-12,Corporate Booking
B03084,H015,G01530,2026-07-31,2026-08-27,2026-08-30,OTA
B03085,H004,G01531,2024-04-11,2024-05-01,2024-05-04,Hotel Website
B03086,H015,G01532,2025-11-26,2026-01-02,2026-01-03,Corporate Booking
B03087,H015,G01532,2026-04-13,2026-05-07,2026-05-10,Hotel Website
B03088,H015,G01532,2026-07-24,2026-08-01,2026-08-04,Hotel Website
B03089,H008,G01533,2024-09-06,2024-10-02,2024-10-04,Corporate Booking
B03090,H014,G01533,2025-05-14,2025-06-14,2025-06-17,Corporate Booking
B03091,H014,G01533,2025-10-01,2025-10-10,2025-10-11,OTA
B03092,H013,G01533,2025-11-18,2025-12-01,2025-12-03,Mobile App
B03093,H013,G01534,2025-01-12,2025-01-13,2025-01-15,Walk-in
B03094,H005,G01534,2025-10-31,2025-11-28,2025-12-02,OTA
B03095,H001,G01534,2026-01-03,2026-01-21,2026-01-26,Phone Booking
B03096,H012,G01535,2026-03-02,2026-03-12,2026-03-13,Hotel Website
B03097,H012,G01535,2026-05-20,2026-06-01,2026-06-05,Corporate Booking
B03098,H013,G01536,2026-01-04,2026-01-23,2026-01-24,OTA
B03099,H015,G01536,2026-08-03,2026-08-12,2026-08-14,Corporate Booking
B03100,H011,G01537,2026-06-23,2026-06-29,2026-07-01,Travel Agent
B03101,H020,G01537,2026-08-03,2026-08-11,2026-08-16,Phone Booking
B03102,H017,G01538,2024-01-27,2024-01-28,2024-01-29,Walk-in
B03103,H020,G01538,2024-10-14,2024-11-12,2024-11-18,Travel Agent
B03104,H001,G01539,2025-06-16,2025-07-04,2025-07-09,Hotel Website
B03105,H001,G01540,2026-02-15,2026-03-09,2026-03-11,OTA
B03106,H008,G01540,2026-03-25,2026-04-12,2026-04-16,OTA
B03107,H009,G01540,2026-07-12,2026-07-13,2026-07-16,Walk-in
B03108,H020,G01540,2026-07-23,2026-08-29,2026-08-31,Corporate Booking
B03109,H014,G01540,2026-05-23,2026-07-07,2026-07-09,Corporate Booking
B03110,H014,G01541,2025-02-09,2025-03-05,2025-03-08,Corporate Booking
B03111,H014,G01541,2026-03-17,2026-04-18,2026-04-23,Corporate Booking
B03112,H005,G01542,2024-11-12,2024-12-14,2024-12-18,Travel Agent
B03113,H014,G01543,2024-12-19,2025-01-07,2025-01-09,OTA
B03114,H003,G01543,2025-05-17,2025-05-31,2025-06-03,OTA
B03115,H013,G01544,2026-03-05,2026-03-30,2026-03-31,Corporate Booking
B03116,H017,G01545,2024-01-09,2024-01-15,2024-01-16,OTA
B03117,H004,G01546,2024-02-09,2024-02-10,2024-02-13,Phone Booking
B03118,H012,G01546,2024-03-06,2024-04-12,2024-04-14,Travel Agent
B03119,H001,G01547,2025-05-01,2025-05-02,2025-05-04,Walk-in
B03120,H001,G01547,2026-04-29,2026-05-31,2026-06-03,Travel Agent
B03121,H003,G01548,2024-08-19,2024-08-26,2024-08-29,Mobile App
B03122,H017,G01549,2024-07-03,2024-07-22,2024-07-24,Mobile App
B03123,H005,G01550,2024-02-01,2024-02-17,2024-02-19,Mobile App
B03124,H001,G01551,2024-08-03,2024-08-21,2024-08-25,Hotel Website
B03125,H001,G01551,2024-09-14,2024-10-03,2024-10-08,Mobile App
B03126,H008,G01552,2026-05-06,2026-06-14,2026-06-19,Travel Agent
B03127,H006,G01553,2024-09-02,2024-09-10,2024-09-13,OTA
B03128,H005,G01553,2026-02-26,2026-02-27,2026-03-02,OTA
B03129,H015,G01554,2024-03-08,2024-03-14,2024-03-17,Corporate Booking
B03130,H016,G01554,2026-01-18,2026-03-03,2026-03-05,Corporate Booking
B03131,H013,G01555,2025-07-28,2025-08-04,2025-08-05,Phone Booking
B03132,H011,G01556,2024-03-29,2024-04-26,2024-04-27,Hotel Website
B03133,H002,G01556,2024-06-07,2024-06-08,2024-06-15,Walk-in
B03134,H014,G01557,2026-02-06,2026-02-19,2026-02-23,Phone Booking
B03135,H018,G01557,2026-05-16,2026-06-08,2026-06-10,Hotel Website
B03136,H004,G01557,2026-08-10,2026-08-29,2026-08-31,OTA
B03137,H003,G01558,2024-09-15,2024-10-17,2024-10-20,Hotel Website
B03138,H003,G01558,2025-12-26,2026-01-15,2026-01-21,Hotel Website
B03139,H003,G01559,2024-10-28,2024-11-01,2024-11-05,OTA
B03140,H011,G01559,2025-09-05,2025-10-03,2025-10-04,OTA
B03141,H005,G01559,2025-11-07,2025-11-11,2025-11-13,Phone Booking
B03142,H001,G01560,2025-05-07,2025-06-06,2025-06-09,Corporate Booking
B03143,H012,G01560,2025-08-28,2025-10-07,2025-10-09,Corporate Booking
B03144,H003,G01561,2024-01-23,2024-02-03,2024-02-07,Hotel Website
B03145,H004,G01562,2024-02-24,2024-03-05,2024-03-08,Corporate Booking
B03146,H016,G01562,2024-11-24,2024-11-26,2024-11-30,OTA
B03147,H004,G01563,2024-11-14,2024-12-12,2024-12-19,Travel Agent
B03148,H006,G01564,2025-08-15,2025-08-24,2025-08-29,OTA
B03149,H012,G01564,2026-01-27,2026-02-15,2026-02-17,Travel Agent
B03150,H012,G01565,2024-12-10,2024-12-23,2024-12-24,Mobile App
B03151,H020,G01565,2025-06-15,2025-06-25,2025-06-28,Travel Agent
B03152,H013,G01566,2024-09-29,2024-10-01,2024-10-02,Hotel Website
B03153,H008,G01567,2025-10-13,2025-11-06,2025-11-11,Corporate Booking
B03154,H003,G01567,2026-03-21,2026-04-02,2026-04-05,Hotel Website
B03155,H003,G01567,2026-08-08,2026-08-21,2026-08-24,Travel Agent
B03156,H016,G01567,2025-10-03,2025-11-04,2025-11-06,Hotel Website
B03157,H016,G01568,2026-05-31,2026-07-01,2026-07-04,Hotel Website
B03158,H013,G01569,2025-01-04,2025-01-15,2025-01-16,Hotel Website
B03159,H011,G01569,2025-10-07,2025-10-19,2025-10-20,Mobile App
B03160,H001,G01570,2024-09-30,2024-10-30,2024-11-05,OTA
B03161,H011,G01570,2024-12-18,2024-12-27,2024-12-28,OTA
B03162,H011,G01570,2026-06-09,2026-06-23,2026-06-26,Corporate Booking
B03163,H013,G01571,2024-08-25,2024-10-06,2024-10-08,Corporate Booking
B03164,H003,G01571,2024-12-07,2024-12-23,2024-12-26,Phone Booking
B03165,H007,G01572,2025-03-27,2025-05-08,2025-05-11,Travel Agent
B03166,H011,G01573,2025-12-04,2025-12-22,2025-12-23,Mobile App
B03167,H005,G01573,2026-05-04,2026-06-07,2026-06-12,Travel Agent
B03168,H011,G01573,2026-07-21,2026-07-30,2026-08-02,Corporate Booking
B03169,H004,G01574,2025-06-18,2025-07-09,2025-07-12,Corporate Booking
B03170,H004,G01574,2026-01-27,2026-02-08,2026-02-12,Mobile App
B03171,H003,G01575,2025-12-17,2025-12-21,2025-12-24,OTA
B03172,H006,G01576,2024-02-28,2024-03-17,2024-03-18,OTA
B03173,H005,G01577,2025-09-25,2025-10-01,2025-10-05,Phone Booking
B03174,H011,G01577,2025-11-01,2025-11-29,2025-11-30,OTA
B03175,H003,G01578,2024-03-07,2024-03-17,2024-03-22,Mobile App
B03176,H016,G01579,2026-02-10,2026-03-03,2026-03-05,Corporate Booking
B03177,H005,G01580,2025-04-08,2025-04-12,2025-04-19,OTA
B03178,H003,G01581,2024-01-05,2024-01-07,2024-01-11,Hotel Website
B03179,H016,G01582,2025-05-28,2025-07-07,2025-07-08,Corporate Booking
B03180,H006,G01582,2026-02-19,2026-02-20,2026-02-25,Walk-in
B03181,H013,G01583,2026-07-03,2026-07-04,2026-07-07,Walk-in
B03182,H016,G01583,2026-07-06,2026-08-06,2026-08-10,Hotel Website
B03183,H020,G01584,2024-10-31,2024-11-21,2024-11-27,Hotel Website
B03184,H003,G01585,2024-10-24,2024-11-13,2024-11-20,OTA
B03185,H019,G01586,2025-10-23,2025-11-01,2025-11-02,Corporate Booking
B03186,H018,G01586,2025-12-01,2025-12-02,2025-12-05,Walk-in
B03187,H014,G01587,2024-11-25,2024-12-09,2024-12-12,OTA
B03188,H015,G01587,2025-09-20,2025-10-04,2025-10-05,Corporate Booking
B03189,H008,G01588,2025-11-14,2025-12-10,2025-12-12,Hotel Website
B03190,H006,G01589,2025-05-08,2025-05-09,2025-05-12,Walk-in
B03191,H008,G01589,2025-09-03,2025-09-07,2025-09-12,OTA
B03192,H001,G01590,2024-01-29,2024-02-28,2024-03-02,OTA
B03193,H009,G01591,2024-09-18,2024-09-27,2024-09-28,Hotel Website
B03194,H011,G01591,2024-11-08,2024-11-13,2024-11-14,Phone Booking
B03195,H013,G01592,2025-09-18,2025-10-15,2025-10-16,OTA
B03196,H013,G01592,2026-01-28,2026-02-24,2026-02-25,OTA
B03197,H013,G01592,2026-05-26,2026-06-15,2026-06-16,Mobile App
B03198,H005,G01593,2025-11-27,2025-11-28,2025-12-04,Walk-in
B03199,H008,G01594,2024-12-27,2025-01-14,2025-01-17,Mobile App
B03200,H003,G01594,2025-03-01,2025-03-18,2025-03-25,Travel Agent
B03201,H003,G01595,2024-10-04,2024-10-05,2024-10-07,Walk-in
B03202,H011,G01596,2026-02-17,2026-03-03,2026-03-04,OTA
B03203,H004,G01596,2026-04-15,2026-04-30,2026-05-04,Corporate Booking
B03204,H006,G01597,2026-04-24,2026-05-15,2026-05-21,Hotel Website
B03205,H020,G01597,2026-06-24,2026-07-14,2026-07-18,Mobile App
B03206,H007,G01598,2024-10-10,2024-10-17,2024-10-19,Phone Booking
B03207,H012,G01599,2024-07-19,2024-08-01,2024-08-02,Hotel Website
B03208,H005,G01599,2025-10-24,2025-11-22,2025-11-27,OTA
B03209,H005,G01599,2026-05-19,2026-05-21,2026-05-26,OTA
B03210,H016,G01600,2024-09-30,2024-10-09,2024-10-11,Travel Agent
B03211,H016,G01601,2025-02-19,2025-03-28,2025-04-02,Corporate Booking
B03212,H014,G01601,2025-05-20,2025-05-26,2025-05-28,OTA
B03213,H004,G01602,2024-04-07,2024-04-10,2024-04-14,Phone Booking
B03214,H004,G01602,2024-05-12,2024-06-13,2024-06-19,Hotel Website
B03215,H003,G01603,2024-08-17,2024-09-13,2024-09-16,Hotel Website
B03216,H006,G01604,2026-06-15,2026-07-16,2026-07-19,Hotel Website
B03217,H004,G01605,2024-11-24,2024-12-02,2024-12-05,Phone Booking
B03218,H004,G01605,2026-06-24,2026-07-08,2026-07-10,Phone Booking
B03219,H004,G01605,2026-07-11,2026-08-08,2026-08-12,Hotel Website
B03220,H017,G01606,2026-01-23,2026-01-24,2026-01-27,Walk-in
B03221,H005,G01606,2026-05-05,2026-06-03,2026-06-07,OTA
B03222,H005,G01607,2025-10-11,2025-11-08,2025-11-13,Hotel Website
B03223,H016,G01608,2025-02-17,2025-03-29,2025-04-01,Corporate Booking
B03224,H014,G01608,2026-01-04,2026-02-18,2026-02-20,Travel Agent
B03225,H014,G01609,2025-12-25,2025-12-27,2025-12-29,OTA
B03226,H003,G01610,2025-09-01,2025-09-05,2025-09-10,Mobile App
B03227,H003,G01611,2025-07-13,2025-07-14,2025-07-18,Walk-in
B03228,H003,G01611,2026-03-15,2026-04-02,2026-04-07,OTA
B03229,H002,G01612,2025-08-05,2025-08-08,2025-08-15,Mobile App
B03230,H002,G01612,2026-01-21,2026-02-16,2026-02-22,Hotel Website
B03231,H017,G01613,2024-12-18,2024-12-19,2024-12-20,Walk-in
B03232,H005,G01613,2025-10-04,2025-10-16,2025-10-21,Mobile App
B03233,H014,G01613,2025-12-31,2026-01-25,2026-01-28,Travel Agent
B03234,H019,G01614,2026-01-27,2026-02-21,2026-02-24,Hotel Website
B03235,H015,G01614,2026-03-18,2026-04-15,2026-04-17,Hotel Website
B03236,H005,G01615,2026-05-28,2026-06-05,2026-06-08,Mobile App
B03237,H019,G01615,2026-08-02,2026-08-26,2026-08-28,OTA
B03238,H001,G01616,2024-11-23,2024-12-13,2024-12-15,OTA
B03239,H015,G01616,2025-05-15,2025-06-21,2025-06-24,Corporate Booking
B03240,H013,G01616,2025-10-23,2025-11-30,2025-12-01,Travel Agent
B03241,H005,G01616,2025-12-29,2026-01-08,2026-01-11,Mobile App
B03242,H009,G01617,2025-05-22,2025-05-27,2025-06-01,Corporate Booking
B03243,H001,G01617,2026-08-01,2026-08-28,2026-08-31,Travel Agent
B03244,H019,G01617,2025-12-27,2026-01-30,2026-01-31,Corporate Booking
B03245,H012,G01618,2025-03-04,2025-03-27,2025-03-29,OTA
B03246,H006,G01619,2026-04-15,2026-04-24,2026-04-28,Corporate Booking
B03247,H015,G01620,2024-01-03,2024-01-25,2024-01-26,Hotel Website
B03248,H015,G01620,2024-06-11,2024-06-25,2024-06-29,Corporate Booking
B03249,H005,G01621,2026-01-30,2026-02-14,2026-02-19,OTA
B03250,H002,G01622,2024-08-29,2024-09-13,2024-09-17,Mobile App
B03251,H014,G01623,2026-04-23,2026-05-22,2026-05-24,Travel Agent
B03252,H016,G01623,2026-08-10,2026-08-12,2026-08-17,Mobile App
B03253,H003,G01623,2024-09-10,2024-09-20,2024-09-23,Phone Booking
B03254,H008,G01624,2025-08-29,2025-10-07,2025-10-10,Travel Agent
B03255,H003,G01624,2025-11-19,2025-12-14,2025-12-17,OTA
B03256,H016,G01625,2024-08-12,2024-09-13,2024-09-17,Hotel Website
B03257,H016,G01625,2024-10-22,2024-10-31,2024-11-01,Phone Booking
B03258,H001,G01625,2025-09-23,2025-09-27,2025-09-29,OTA
B03259,H003,G01626,2025-10-24,2025-11-03,2025-11-07,Hotel Website
B03260,H016,G01627,2025-05-02,2025-05-07,2025-05-08,Corporate Booking
B03261,H012,G01627,2025-07-09,2025-07-18,2025-07-19,Mobile App
B03262,H012,G01627,2026-05-05,2026-05-25,2026-05-26,OTA
B03263,H016,G01628,2024-05-17,2024-06-12,2024-06-15,Hotel Website
B03264,H015,G01629,2026-08-01,2026-08-23,2026-08-25,OTA
B03265,H015,G01629,2024-10-13,2024-11-12,2024-11-15,Corporate Booking
B03266,H019,G01630,2025-08-18,2025-09-29,2025-10-02,Corporate Booking
B03267,H011,G01630,2026-08-04,2026-08-14,2026-08-15,Mobile App
B03268,H010,G01631,2026-01-03,2026-01-04,2026-01-05,Walk-in
B03269,H003,G01632,2025-09-05,2025-09-23,2025-09-26,Mobile App
B03270,H003,G01632,2026-01-07,2026-01-24,2026-01-29,OTA
B03271,H003,G01632,2026-07-12,2026-07-22,2026-07-26,Phone Booking
B03272,H001,G01632,2025-12-27,2026-01-10,2026-01-15,Phone Booking
B03273,H014,G01633,2026-06-10,2026-06-21,2026-06-24,Hotel Website
B03274,H016,G01633,2026-07-01,2026-07-31,2026-08-03,Corporate Booking
B03275,H005,G01634,2025-02-02,2025-02-10,2025-02-13,Phone Booking
B03276,H016,G01634,2025-04-03,2025-05-12,2025-05-15,Corporate Booking
B03277,H012,G01635,2026-05-29,2026-05-30,2026-06-02,Walk-in
B03278,H003,G01635,2026-07-31,2026-08-07,2026-08-10,Travel Agent
B03279,H012,G01636,2024-04-26,2024-05-03,2024-05-05,Hotel Website
B03280,H003,G01637,2025-11-03,2025-11-04,2025-11-09,Walk-in
B03281,H010,G01638,2026-02-12,2026-02-26,2026-03-01,Hotel Website
B03282,H011,G01639,2026-05-11,2026-05-23,2026-05-27,OTA
B03283,H014,G01639,2026-08-17,2026-08-26,2026-08-31,Mobile App
B03284,H005,G01640,2024-09-16,2024-09-24,2024-09-26,Mobile App
B03285,H005,G01640,2026-05-16,2026-05-24,2026-05-30,Phone Booking
B03286,H014,G01641,2025-01-24,2025-02-03,2025-02-04,OTA
B03287,H012,G01642,2025-02-05,2025-02-28,2025-03-02,Travel Agent
B03288,H013,G01642,2026-04-23,2026-05-22,2026-05-23,Hotel Website
B03289,H016,G01643,2026-07-01,2026-07-27,2026-07-30,OTA
B03290,H012,G01644,2024-01-02,2024-01-08,2024-01-09,Corporate Booking
B03291,H004,G01644,2025-08-30,2025-10-01,2025-10-05,Travel Agent
B03292,H013,G01645,2024-10-04,2024-10-06,2024-10-07,OTA
B03293,H005,G01645,2025-11-24,2025-11-25,2025-11-28,Walk-in
B03294,H011,G01645,2026-01-01,2026-01-26,2026-01-28,OTA
B03295,H001,G01645,2026-06-09,2026-06-10,2026-06-12,OTA
B03296,H008,G01646,2026-03-16,2026-04-28,2026-05-02,Corporate Booking
B03297,H018,G01647,2025-04-06,2025-04-11,2025-04-14,OTA
B03298,H013,G01647,2025-10-25,2025-11-19,2025-11-20,Corporate Booking
B03299,H001,G01648,2025-05-02,2025-06-03,2025-06-06,Corporate Booking
B03300,H001,G01648,2025-09-25,2025-10-09,2025-10-16,Phone Booking
B03301,H005,G01648,2026-06-12,2026-07-01,2026-07-04,Hotel Website
B03302,H013,G01649,2026-05-12,2026-06-14,2026-06-16,Corporate Booking
B03303,H003,G01650,2024-06-07,2024-06-10,2024-06-14,OTA
B03304,H003,G01650,2025-01-17,2025-01-18,2025-01-21,OTA
B03305,H005,G01651,2025-02-26,2025-03-04,2025-03-08,Hotel Website
B03306,H014,G01651,2026-04-08,2026-04-27,2026-04-29,Corporate Booking
B03307,H016,G01652,2026-03-08,2026-04-17,2026-04-19,Corporate Booking
B03308,H001,G01653,2026-03-12,2026-04-02,2026-04-08,Mobile App
B03309,H002,G01653,2026-05-05,2026-05-07,2026-05-13,OTA
B03310,H015,G01654,2026-04-08,2026-04-09,2026-04-12,Walk-in
B03311,H018,G01654,2026-05-07,2026-06-07,2026-06-11,Hotel Website
B03312,H014,G01655,2025-02-25,2025-03-02,2025-03-04,Corporate Booking
B03313,H001,G01656,2025-04-02,2025-04-19,2025-04-23,Corporate Booking
B03314,H005,G01656,2025-10-06,2025-10-13,2025-10-18,Travel Agent
B03315,H004,G01657,2025-01-05,2025-01-31,2025-02-05,Hotel Website
B03316,H002,G01657,2026-01-31,2026-02-23,2026-02-25,OTA
B03317,H012,G01658,2026-06-29,2026-08-11,2026-08-12,Corporate Booking
B03318,H012,G01659,2026-01-09,2026-01-17,2026-01-18,OTA
B03319,H009,G01659,2026-02-08,2026-02-27,2026-02-28,OTA
B03320,H015,G01659,2026-08-07,2026-08-20,2026-08-22,OTA
B03321,H002,G01660,2026-01-22,2026-02-23,2026-02-26,Hotel Website
B03322,H004,G01661,2025-11-10,2025-11-18,2025-11-25,Hotel Website
B03323,H012,G01661,2026-07-30,2026-08-14,2026-08-16,Mobile App
B03324,H007,G01662,2025-06-09,2025-06-24,2025-06-30,Phone Booking
B03325,H003,G01662,2025-08-04,2025-09-03,2025-09-09,OTA
B03326,H015,G01662,2026-06-30,2026-07-24,2026-07-26,Corporate Booking
B03327,H011,G01663,2025-11-06,2025-12-05,2025-12-06,Hotel Website
B03328,H005,G01663,2026-01-14,2026-02-04,2026-02-07,Phone Booking
B03329,H007,G01664,2025-12-05,2025-12-18,2025-12-19,Phone Booking
B03330,H006,G01665,2024-03-07,2024-03-10,2024-03-12,OTA
B03331,H014,G01666,2026-01-01,2026-01-08,2026-01-12,Corporate Booking
B03332,H002,G01666,2026-04-05,2026-04-06,2026-04-11,Phone Booking
B03333,H003,G01666,2026-05-04,2026-05-28,2026-06-01,Hotel Website
B03334,H003,G01666,2026-07-05,2026-07-26,2026-07-29,OTA
B03335,H012,G01666,2026-07-24,2026-08-21,2026-08-22,OTA
B03336,H015,G01667,2025-04-07,2025-04-23,2025-04-24,Travel Agent
B03337,H008,G01667,2025-05-26,2025-06-25,2025-06-29,Hotel Website
B03338,H013,G01667,2025-07-18,2025-08-18,2025-08-19,Travel Agent
B03339,H006,G01668,2026-01-29,2026-02-20,2026-02-22,OTA
B03340,H006,G01668,2026-03-09,2026-03-22,2026-03-25,Corporate Booking
B03341,H015,G01669,2026-03-03,2026-03-24,2026-03-28,Travel Agent
B03342,H012,G01670,2025-03-21,2025-04-14,2025-04-15,OTA
B03343,H012,G01670,2025-06-04,2025-06-09,2025-06-10,Travel Agent
B03344,H005,G01671,2024-08-31,2024-09-24,2024-09-28,Hotel Website
B03345,H016,G01671,2026-07-26,2026-07-30,2026-07-31,Mobile App
B03346,H013,G01672,2026-04-25,2026-04-29,2026-05-01,Hotel Website
B03347,H018,G01672,2026-08-03,2026-08-13,2026-08-15,OTA
B03348,H020,G01673,2026-06-05,2026-06-11,2026-06-15,Phone Booking
B03349,H006,G01673,2026-08-13,2026-08-15,2026-08-19,Phone Booking
B03350,H007,G01674,2025-02-19,2025-02-21,2025-02-23,OTA
B03351,H003,G01674,2026-03-05,2026-03-24,2026-03-28,Mobile App
B03352,H017,G01675,2024-12-28,2024-12-31,2025-01-01,Hotel Website
B03353,H016,G01676,2024-12-05,2024-12-22,2024-12-24,Mobile App
B03354,H016,G01676,2026-02-14,2026-02-15,2026-02-16,Walk-in
B03355,H016,G01676,2026-08-13,2026-08-14,2026-08-18,Phone Booking
B03356,H008,G01677,2024-04-01,2024-04-26,2024-04-30,Corporate Booking
B03357,H007,G01677,2026-01-21,2026-01-27,2026-01-30,OTA
B03358,H003,G01677,2026-06-26,2026-07-09,2026-07-14,Hotel Website
B03359,H011,G01677,2026-08-22,2026-08-29,2026-08-30,Hotel Website
B03360,H013,G01678,2024-10-09,2024-11-06,2024-11-10,OTA
B03361,H004,G01679,2026-01-18,2026-02-10,2026-02-13,Travel Agent
B03362,H003,G01680,2024-01-05,2024-01-31,2024-02-03,Hotel Website
B03363,H008,G01680,2025-02-22,2025-03-03,2025-03-05,Travel Agent
B03364,H001,G01681,2025-04-14,2025-04-15,2025-04-17,Walk-in
B03365,H003,G01682,2025-11-10,2025-11-15,2025-11-17,Mobile App
B03366,H003,G01682,2025-11-28,2025-12-28,2025-12-30,Corporate Booking
B03367,H003,G01682,2026-01-08,2026-01-30,2026-02-03,Hotel Website
B03368,H003,G01682,2026-04-27,2026-05-18,2026-05-20,OTA
B03369,H002,G01683,2025-05-13,2025-06-16,2025-06-21,Corporate Booking
B03370,H005,G01683,2026-04-02,2026-04-18,2026-04-21,Phone Booking
B03371,H015,G01684,2026-02-28,2026-03-07,2026-03-11,OTA
B03372,H012,G01684,2026-07-04,2026-08-02,2026-08-05,OTA
B03373,H003,G01684,2024-01-14,2024-01-27,2024-02-01,Hotel Website
B03374,H016,G01685,2025-01-14,2025-02-16,2025-02-19,Hotel Website
B03375,H011,G01685,2025-12-12,2025-12-14,2025-12-15,Hotel Website
B03376,H015,G01685,2026-03-08,2026-04-19,2026-04-20,Corporate Booking
B03377,H005,G01685,2026-07-12,2026-07-24,2026-07-27,OTA
B03378,H004,G01686,2024-09-17,2024-09-18,2024-09-20,Walk-in
B03379,H001,G01687,2024-10-03,2024-10-14,2024-10-18,Phone Booking
B03380,H012,G01688,2024-09-12,2024-10-01,2024-10-02,Mobile App
B03381,H005,G01689,2024-03-09,2024-04-02,2024-04-04,Corporate Booking
B03382,H003,G01690,2026-03-02,2026-03-24,2026-03-31,Corporate Booking
B03383,H003,G01690,2026-08-09,2026-08-23,2026-08-27,Corporate Booking
B03384,H005,G01690,2025-02-13,2025-02-23,2025-02-28,OTA
B03385,H004,G01691,2025-12-30,2026-02-08,2026-02-13,Corporate Booking
B03386,H010,G01691,2026-06-27,2026-07-10,2026-07-11,Hotel Website
B03387,H001,G01691,2026-08-28,2026-08-29,2026-08-31,Mobile App
B03388,H020,G01691,2026-04-15,2026-05-07,2026-05-08,Travel Agent
B03389,H004,G01691,2026-07-09,2026-08-13,2026-08-19,Hotel Website
B03390,H012,G01692,2025-01-07,2025-01-12,2025-01-13,Mobile App
B03391,H017,G01692,2026-05-21,2026-05-26,2026-05-30,Mobile App
B03392,H013,G01692,2026-06-24,2026-07-24,2026-07-27,OTA
B03393,H015,G01692,2026-08-08,2026-08-21,2026-08-23,Travel Agent
B03394,H015,G01693,2026-03-27,2026-04-07,2026-04-10,Hotel Website
B03395,H015,G01693,2026-06-06,2026-06-11,2026-06-12,Corporate Booking
B03396,H015,G01693,2026-08-13,2026-08-25,2026-08-28,Hotel Website
B03397,H015,G01693,2025-09-29,2025-10-27,2025-10-29,OTA
B03398,H015,G01694,2025-10-16,2025-10-21,2025-10-23,Hotel Website
B03399,H011,G01694,2026-06-23,2026-07-09,2026-07-13,Travel Agent
B03400,H011,G01695,2024-03-20,2024-03-21,2024-03-22,Walk-in
B03401,H016,G01696,2026-04-15,2026-05-06,2026-05-09,Phone Booking
B03402,H014,G01696,2026-06-23,2026-07-02,2026-07-05,Corporate Booking
B03403,H013,G01697,2025-02-07,2025-02-08,2025-02-09,Walk-in
B03404,H004,G01697,2025-06-25,2025-06-29,2025-07-05,OTA
B03405,H003,G01698,2025-10-03,2025-10-23,2025-10-26,OTA
B03406,H003,G01698,2026-01-28,2026-02-28,2026-03-06,Travel Agent
B03407,H018,G01699,2024-06-01,2024-07-06,2024-07-10,Travel Agent
B03408,H019,G01699,2025-05-27,2025-06-03,2025-06-08,Mobile App
B03409,H015,G01700,2025-06-05,2025-06-10,2025-06-13,Hotel Website
B03410,H003,G01701,2026-07-01,2026-07-30,2026-08-05,Travel Agent
B03411,H005,G01701,2026-04-19,2026-04-20,2026-04-23,OTA
B03412,H005,G01701,2026-06-24,2026-06-25,2026-06-30,Walk-in
B03413,H003,G01702,2026-01-15,2026-01-16,2026-01-19,Walk-in
B03414,H011,G01702,2026-05-25,2026-05-26,2026-05-27,Walk-in
B03415,H004,G01703,2024-09-05,2024-09-09,2024-09-11,OTA
B03416,H009,G01704,2024-06-02,2024-06-03,2024-06-05,Walk-in
B03417,H005,G01705,2025-05-07,2025-06-14,2025-06-21,Travel Agent
B03418,H015,G01706,2026-06-12,2026-07-21,2026-07-23,Corporate Booking
B03419,H005,G01706,2026-08-11,2026-08-29,2026-08-31,OTA
B03420,H017,G01707,2025-01-20,2025-02-02,2025-02-07,OTA
B03421,H013,G01707,2025-03-27,2025-04-10,2025-04-13,Hotel Website
B03422,H003,G01708,2026-01-09,2026-01-26,2026-01-31,Hotel Website
B03423,H007,G01709,2026-07-12,2026-07-31,2026-08-04,Travel Agent
B03424,H015,G01709,2026-05-17,2026-05-23,2026-05-27,Corporate Booking
B03425,H013,G01710,2025-09-10,2025-09-14,2025-09-15,Phone Booking
B03426,H016,G01710,2026-01-28,2026-02-10,2026-02-12,Hotel Website
B03427,H006,G01711,2026-07-12,2026-07-15,2026-07-18,Hotel Website
B03428,H002,G01711,2026-08-01,2026-08-24,2026-08-27,OTA
B03429,H006,G01712,2025-05-19,2025-06-07,2025-06-10,Phone Booking
B03430,H015,G01713,2024-01-02,2024-01-07,2024-01-08,OTA
B03431,H016,G01713,2026-07-21,2026-08-17,2026-08-19,OTA
B03432,H004,G01714,2024-07-17,2024-07-22,2024-07-28,OTA
B03433,H016,G01715,2026-03-01,2026-03-06,2026-03-11,Corporate Booking
B03434,H003,G01716,2024-09-12,2024-10-05,2024-10-07,OTA
B03435,H003,G01716,2024-12-23,2025-01-29,2025-02-05,Corporate Booking
B03436,H015,G01717,2026-04-28,2026-06-05,2026-06-06,Travel Agent
B03437,H015,G01717,2026-06-15,2026-07-30,2026-08-01,Travel Agent
B03438,H012,G01718,2024-08-06,2024-09-16,2024-09-21,Corporate Booking
B03439,H012,G01718,2024-12-30,2025-01-22,2025-01-23,OTA
B03440,H016,G01718,2026-04-24,2026-04-29,2026-05-03,OTA
B03441,H014,G01718,2026-08-16,2026-08-17,2026-08-18,OTA
B03442,H016,G01719,2026-05-17,2026-05-20,2026-05-23,OTA
B03443,H016,G01719,2026-07-28,2026-08-07,2026-08-08,Corporate Booking
B03444,H016,G01720,2025-12-04,2026-01-17,2026-01-23,Corporate Booking
B03445,H015,G01720,2026-04-22,2026-05-03,2026-05-04,Phone Booking
B03446,H007,G01721,2024-08-13,2024-09-09,2024-09-13,OTA
B03447,H020,G01721,2025-01-16,2025-01-29,2025-01-31,Phone Booking
B03448,H014,G01722,2025-10-15,2025-11-11,2025-11-15,Travel Agent
B03449,H005,G01722,2026-03-21,2026-04-16,2026-04-21,OTA
B03450,H002,G01723,2026-01-19,2026-02-11,2026-02-15,OTA
B03451,H004,G01724,2025-11-16,2025-12-05,2025-12-08,Phone Booking
B03452,H001,G01725,2024-03-31,2024-05-15,2024-05-19,Travel Agent
B03453,H015,G01725,2025-09-20,2025-10-24,2025-10-25,Travel Agent
B03454,H004,G01725,2025-12-12,2025-12-22,2025-12-29,Travel Agent
B03455,H010,G01726,2025-05-10,2025-05-25,2025-05-29,OTA
B03456,H015,G01726,2026-05-04,2026-05-20,2026-05-21,Corporate Booking
B03457,H014,G01726,2026-07-05,2026-07-22,2026-07-25,OTA
B03458,H001,G01727,2024-05-11,2024-06-12,2024-06-15,Hotel Website
B03459,H012,G01727,2025-03-22,2025-05-03,2025-05-05,Corporate Booking
B03460,H011,G01728,2024-03-15,2024-04-16,2024-04-18,Hotel Website
B03461,H003,G01728,2024-09-11,2024-10-06,2024-10-13,Hotel Website
B03462,H013,G01728,2025-12-23,2026-01-04,2026-01-05,Corporate Booking
B03463,H020,G01729,2025-09-12,2025-10-12,2025-10-13,OTA
B03464,H020,G01729,2026-06-13,2026-07-04,2026-07-06,Mobile App
B03465,H003,G01730,2024-05-15,2024-05-17,2024-05-23,Hotel Website
B03466,H014,G01730,2025-06-18,2025-07-12,2025-07-14,OTA
B03467,H019,G01730,2026-01-10,2026-01-22,2026-01-25,Hotel Website
B03468,H003,G01731,2025-01-26,2025-02-05,2025-02-12,Hotel Website
B03469,H013,G01732,2025-03-07,2025-03-18,2025-03-19,Mobile App
B03470,H018,G01732,2026-06-26,2026-07-04,2026-07-06,Mobile App
B03471,H013,G01733,2024-08-06,2024-08-29,2024-08-31,Hotel Website
B03472,H003,G01733,2026-05-04,2026-06-02,2026-06-05,Hotel Website
B03473,H015,G01734,2024-01-06,2024-01-08,2024-01-10,OTA
B03474,H018,G01734,2026-01-31,2026-02-13,2026-02-15,Hotel Website
B03475,H014,G01735,2024-11-27,2024-12-16,2024-12-17,Phone Booking
B03476,H001,G01736,2024-09-02,2024-09-03,2024-09-08,Walk-in
B03477,H007,G01736,2026-02-19,2026-03-04,2026-03-07,Phone Booking
B03478,H017,G01737,2024-03-21,2024-03-28,2024-03-30,OTA
B03479,H008,G01737,2026-05-13,2026-05-16,2026-05-19,Mobile App
B03480,H007,G01738,2025-11-21,2025-12-07,2025-12-09,OTA
B03481,H003,G01738,2026-03-27,2026-04-10,2026-04-14,Phone Booking
B03482,H012,G01739,2025-05-01,2025-05-23,2025-05-24,Travel Agent
B03483,H005,G01740,2026-03-29,2026-04-12,2026-04-16,OTA
B03484,H002,G01740,2026-06-27,2026-07-04,2026-07-10,OTA
B03485,H002,G01741,2025-11-03,2025-11-28,2025-11-30,OTA
B03486,H014,G01742,2024-09-12,2024-09-20,2024-09-22,Corporate Booking
B03487,H005,G01742,2025-10-12,2025-10-18,2025-10-20,OTA
B03488,H009,G01743,2024-10-16,2024-11-18,2024-11-20,Hotel Website
B03489,H005,G01743,2025-12-06,2025-12-24,2025-12-30,Corporate Booking
B03490,H005,G01743,2026-08-02,2026-08-05,2026-08-12,Mobile App
B03491,H003,G01744,2025-11-23,2025-12-25,2025-12-30,Hotel Website
B03492,H009,G01744,2026-07-19,2026-08-10,2026-08-11,OTA
B03493,H012,G01745,2025-09-28,2025-09-29,2025-10-01,Walk-in
B03494,H006,G01745,2026-01-25,2026-03-01,2026-03-07,Hotel Website
B03495,H006,G01746,2025-09-01,2025-09-07,2025-09-09,OTA
B03496,H014,G01747,2024-09-02,2024-09-18,2024-09-20,Hotel Website
B03497,H012,G01747,2026-06-28,2026-06-29,2026-07-02,Walk-in
B03498,H004,G01748,2025-08-08,2025-08-28,2025-08-31,Hotel Website
B03499,H011,G01748,2026-02-22,2026-03-19,2026-03-22,Travel Agent
B03500,H013,G01748,2026-06-12,2026-06-24,2026-06-25,Mobile App
B03501,H015,G01748,2026-07-26,2026-08-03,2026-08-04,OTA
B03502,H014,G01749,2025-11-03,2025-11-11,2025-11-12,Hotel Website
B03503,H011,G01750,2025-10-17,2025-11-28,2025-11-29,Travel Agent
B03504,H015,G01751,2025-05-11,2025-05-29,2025-05-31,Hotel Website
B03505,H015,G01751,2026-04-29,2026-06-10,2026-06-13,Corporate Booking
B03506,H014,G01752,2024-02-02,2024-02-03,2024-02-05,Walk-in
B03507,H009,G01752,2025-11-10,2025-12-08,2025-12-12,Travel Agent
B03508,H003,G01753,2025-09-26,2025-10-19,2025-10-22,OTA
B03509,H002,G01754,2025-03-13,2025-04-26,2025-05-02,Travel Agent
B03510,H002,G01754,2025-12-17,2025-12-18,2025-12-23,Phone Booking
B03511,H015,G01755,2026-01-11,2026-01-18,2026-01-20,Corporate Booking
B03512,H016,G01755,2026-03-01,2026-03-13,2026-03-15,Phone Booking
B03513,H005,G01755,2026-08-15,2026-08-25,2026-08-30,OTA
B03514,H015,G01756,2026-03-19,2026-04-03,2026-04-05,Mobile App
B03515,H017,G01756,2026-05-13,2026-06-04,2026-06-06,Hotel Website
B03516,H014,G01757,2026-05-31,2026-06-02,2026-06-04,OTA
B03517,H011,G01757,2026-07-15,2026-08-13,2026-08-17,OTA
B03518,H015,G01757,2025-03-23,2025-04-15,2025-04-16,Corporate Booking
B03519,H019,G01758,2025-05-10,2025-06-22,2025-06-24,Travel Agent
B03520,H002,G01759,2024-05-22,2024-06-01,2024-06-04,OTA
B03521,H016,G01760,2025-06-29,2025-08-11,2025-08-12,Travel Agent
B03522,H012,G01761,2025-07-18,2025-07-24,2025-07-25,Mobile App
B03523,H006,G01761,2026-04-26,2026-05-23,2026-05-29,Hotel Website
B03524,H014,G01762,2025-07-19,2025-08-07,2025-08-10,Phone Booking
B03525,H014,G01762,2026-04-29,2026-06-03,2026-06-04,Corporate Booking
B03526,H001,G01762,2026-06-17,2026-07-27,2026-07-30,Travel Agent
B03527,H019,G01762,2026-08-21,2026-08-28,2026-08-29,OTA
B03528,H003,G01763,2026-02-16,2026-03-09,2026-03-13,OTA
B03529,H003,G01763,2026-06-27,2026-07-20,2026-07-22,Corporate Booking
B03530,H001,G01764,2026-03-24,2026-03-31,2026-04-03,Phone Booking
B03531,H001,G01764,2026-04-15,2026-05-14,2026-05-17,OTA
B03532,H013,G01765,2024-02-04,2024-02-12,2024-02-14,OTA
B03533,H004,G01766,2026-06-04,2026-06-05,2026-06-07,Walk-in
B03534,H014,G01767,2026-05-01,2026-05-23,2026-05-25,OTA
B03535,H001,G01768,2025-10-29,2025-11-28,2025-12-01,Hotel Website
B03536,H004,G01768,2026-05-30,2026-06-14,2026-06-19,OTA
B03537,H005,G01768,2026-07-05,2026-08-14,2026-08-16,Travel Agent
B03538,H005,G01768,2024-09-24,2024-11-03,2024-11-06,Corporate Booking
B03539,H001,G01769,2025-01-23,2025-03-07,2025-03-09,Travel Agent
B03540,H006,G01770,2025-01-17,2025-01-18,2025-01-21,Walk-in
B03541,H020,G01770,2026-05-21,2026-06-15,2026-06-18,Hotel Website
B03542,H004,G01770,2026-07-23,2026-07-29,2026-08-02,OTA
B03543,H004,G01770,2024-12-04,2024-12-20,2024-12-24,Phone Booking
B03544,H011,G01771,2024-01-18,2024-01-23,2024-01-27,Corporate Booking
B03545,H011,G01771,2026-02-03,2026-02-05,2026-02-06,Phone Booking
B03546,H004,G01772,2024-09-24,2024-10-23,2024-10-26,OTA
B03547,H003,G01772,2024-12-11,2024-12-22,2024-12-27,OTA
B03548,H018,G01772,2026-06-21,2026-07-21,2026-07-24,OTA
B03549,H014,G01773,2026-03-17,2026-03-27,2026-03-28,OTA
B03550,H018,G01773,2026-06-30,2026-07-07,2026-07-10,Phone Booking
B03551,H005,G01774,2024-02-15,2024-02-18,2024-02-23,OTA
B03552,H005,G01775,2026-02-26,2026-02-27,2026-03-01,OTA
B03553,H014,G01775,2026-08-16,2026-08-19,2026-08-22,OTA
B03554,H003,G01775,2025-11-16,2025-12-02,2025-12-05,OTA
B03555,H014,G01776,2025-06-13,2025-07-25,2025-07-26,Corporate Booking
B03556,H011,G01776,2026-07-26,2026-08-25,2026-08-28,OTA
B03557,H017,G01776,2026-01-25,2026-01-28,2026-01-31,Mobile App
B03558,H011,G01777,2024-10-07,2024-10-25,2024-10-26,Hotel Website
B03559,H007,G01777,2026-07-16,2026-07-17,2026-07-22,Walk-in
B03560,H013,G01777,2026-08-04,2026-08-17,2026-08-21,Hotel Website
B03561,H014,G01778,2026-02-10,2026-02-28,2026-03-01,Corporate Booking
B03562,H005,G01779,2025-11-28,2025-12-14,2025-12-16,Phone Booking
B03563,H002,G01780,2024-11-29,2024-12-16,2024-12-23,OTA
B03564,H002,G01780,2025-06-14,2025-06-29,2025-07-01,Hotel Website
B03565,H016,G01781,2026-04-27,2026-06-02,2026-06-05,Corporate Booking
B03566,H004,G01782,2026-01-21,2026-01-30,2026-02-03,Hotel Website
B03567,H016,G01782,2026-03-24,2026-04-13,2026-04-15,Travel Agent
B03568,H015,G01782,2026-05-27,2026-06-23,2026-06-28,Hotel Website
B03569,H005,G01783,2024-04-20,2024-04-23,2024-04-30,Phone Booking
B03570,H005,G01783,2025-01-28,2025-01-29,2025-02-03,Walk-in
B03571,H014,G01784,2025-01-20,2025-01-22,2025-01-25,Phone Booking
B03572,H005,G01784,2026-04-09,2026-04-25,2026-05-01,Mobile App
B03573,H004,G01784,2026-05-23,2026-06-22,2026-06-25,OTA
B03574,H012,G01785,2025-11-08,2025-11-28,2025-12-03,Phone Booking
B03575,H012,G01785,2026-06-13,2026-07-03,2026-07-04,Travel Agent
B03576,H006,G01785,2026-07-06,2026-08-19,2026-08-21,Travel Agent
B03577,H002,G01786,2026-07-12,2026-08-07,2026-08-14,OTA
B03578,H002,G01786,2025-11-07,2025-11-21,2025-11-25,OTA
B03579,H001,G01786,2025-12-22,2026-01-11,2026-01-14,Mobile App
B03580,H006,G01786,2026-04-30,2026-05-22,2026-05-28,Travel Agent
B03581,H018,G01787,2024-06-01,2024-06-04,2024-06-07,Hotel Website
B03582,H014,G01788,2025-10-17,2025-11-11,2025-11-12,Corporate Booking
B03583,H005,G01788,2026-04-01,2026-04-17,2026-04-21,Travel Agent
B03584,H013,G01788,2026-06-15,2026-07-21,2026-07-25,Corporate Booking
B03585,H016,G01789,2025-10-12,2025-11-24,2025-11-28,Corporate Booking
B03586,H016,G01789,2026-08-16,2026-08-23,2026-08-25,Corporate Booking
B03587,H012,G01789,2025-02-15,2025-03-09,2025-03-10,Hotel Website
B03588,H020,G01789,2026-01-29,2026-03-04,2026-03-06,Travel Agent
B03589,H014,G01790,2025-05-28,2025-06-09,2025-06-14,Travel Agent
B03590,H019,G01790,2026-01-13,2026-01-16,2026-01-20,OTA
B03591,H008,G01791,2024-11-15,2024-12-03,2024-12-04,Phone Booking
B03592,H018,G01792,2025-07-06,2025-07-08,2025-07-11,Mobile App
B03593,H013,G01792,2026-07-18,2026-08-12,2026-08-14,Corporate Booking
B03594,H001,G01793,2026-01-31,2026-02-01,2026-02-04,Walk-in
B03595,H020,G01793,2026-03-09,2026-03-12,2026-03-17,OTA
B03596,H008,G01794,2024-12-09,2024-12-21,2024-12-23,Mobile App
B03597,H001,G01795,2024-01-28,2024-03-06,2024-03-11,Travel Agent
B03598,H014,G01795,2024-03-31,2024-04-28,2024-04-30,Hotel Website
B03599,H016,G01796,2025-06-27,2025-07-18,2025-07-20,Hotel Website
B03600,H002,G01796,2026-08-15,2026-08-16,2026-08-23,Walk-in
B03601,H008,G01796,2024-09-09,2024-09-17,2024-09-18,Travel Agent
B03602,H008,G01796,2024-11-27,2024-12-09,2024-12-12,Mobile App
B03603,H005,G01797,2024-07-26,2024-08-24,2024-08-28,Travel Agent
B03604,H020,G01797,2026-03-24,2026-04-08,2026-04-11,Travel Agent
B03605,H020,G01798,2024-02-01,2024-02-15,2024-02-17,Mobile App
B03606,H015,G01798,2026-03-26,2026-04-30,2026-05-01,Corporate Booking
B03607,H012,G01799,2026-04-27,2026-04-28,2026-04-30,Phone Booking
B03608,H006,G01800,2024-05-23,2024-07-05,2024-07-09,Corporate Booking
B03609,H014,G01800,2026-06-26,2026-07-20,2026-07-23,Corporate Booking
B03610,H012,G01800,2026-08-17,2026-08-30,2026-08-31,Corporate Booking
B03611,H016,G01800,2024-02-23,2024-03-02,2024-03-05,Travel Agent
B03612,H013,G01801,2025-10-13,2025-10-30,2025-11-01,OTA
B03613,H007,G01802,2026-02-04,2026-02-23,2026-02-24,OTA
B03614,H020,G01803,2026-03-16,2026-03-28,2026-03-31,Mobile App
B03615,H012,G01803,2026-05-17,2026-06-04,2026-06-05,Corporate Booking
B03616,H013,G01803,2026-07-06,2026-07-28,2026-07-31,OTA
B03617,H004,G01804,2025-12-08,2025-12-20,2025-12-24,Hotel Website
B03618,H002,G01805,2024-07-10,2024-07-25,2024-07-28,Mobile App
B03619,H012,G01805,2025-06-19,2025-07-27,2025-07-28,Corporate Booking
B03620,H012,G01805,2026-02-24,2026-03-21,2026-03-24,Hotel Website
B03621,H013,G01806,2024-09-12,2024-09-28,2024-09-30,OTA
B03622,H014,G01807,2025-04-10,2025-04-11,2025-04-15,OTA
B03623,H012,G01808,2024-04-23,2024-05-15,2024-05-16,Corporate Booking
B03624,H015,G01808,2025-02-05,2025-02-24,2025-02-26,Corporate Booking
B03625,H013,G01808,2025-12-04,2026-01-05,2026-01-07,Corporate Booking
B03626,H020,G01809,2024-09-02,2024-10-01,2024-10-06,OTA
B03627,H002,G01809,2026-06-16,2026-07-03,2026-07-08,OTA
B03628,H013,G01810,2025-01-29,2025-02-10,2025-02-15,Corporate Booking
B03629,H003,G01810,2025-03-12,2025-03-25,2025-03-28,Travel Agent
B03630,H005,G01811,2025-09-27,2025-10-11,2025-10-13,OTA
B03631,H005,G01812,2024-09-05,2024-10-03,2024-10-09,OTA
B03632,H003,G01812,2025-11-25,2025-12-11,2025-12-16,Hotel Website
B03633,H005,G01813,2025-08-09,2025-08-10,2025-08-14,Walk-in
B03634,H019,G01813,2025-11-22,2025-12-27,2025-12-30,Travel Agent
B03635,H013,G01814,2026-05-02,2026-05-11,2026-05-13,OTA
B03636,H001,G01815,2026-07-30,2026-08-08,2026-08-12,OTA
B03637,H006,G01815,2025-03-06,2025-03-07,2025-03-10,Walk-in
B03638,H004,G01815,2025-04-30,2025-05-20,2025-05-27,OTA
B03639,H003,G01816,2025-09-17,2025-09-26,2025-10-01,Mobile App
B03640,H006,G01816,2025-11-10,2025-11-28,2025-11-30,Mobile App
B03641,H012,G01816,2026-05-28,2026-06-16,2026-06-17,OTA
B03642,H003,G01816,2026-07-26,2026-08-05,2026-08-09,Corporate Booking
B03643,H006,G01817,2026-01-01,2026-01-02,2026-01-05,OTA
B03644,H001,G01817,2026-02-22,2026-03-03,2026-03-06,Hotel Website
B03645,H011,G01818,2024-03-20,2024-04-16,2024-04-17,OTA
B03646,H015,G01818,2026-02-06,2026-02-22,2026-02-24,Hotel Website
B03647,H014,G01819,2025-11-11,2025-11-15,2025-11-16,Hotel Website
B03648,H013,G01820,2024-01-06,2024-01-31,2024-02-01,Hotel Website
B03649,H013,G01820,2024-10-18,2024-10-29,2024-10-30,OTA
B03650,H004,G01821,2025-07-30,2025-08-01,2025-08-03,Hotel Website
B03651,H014,G01821,2025-10-21,2025-11-12,2025-11-15,Travel Agent
B03652,H014,G01822,2026-01-02,2026-01-21,2026-01-23,Phone Booking
B03653,H014,G01822,2026-05-14,2026-05-20,2026-05-22,Mobile App
B03654,H013,G01823,2026-03-22,2026-03-26,2026-03-28,Mobile App
B03655,H015,G01823,2026-06-03,2026-07-03,2026-07-04,OTA
B03656,H015,G01824,2025-04-15,2025-05-02,2025-05-04,Phone Booking
B03657,H013,G01824,2025-10-22,2025-10-27,2025-10-29,Mobile App
B03658,H014,G01825,2026-06-04,2026-06-09,2026-06-10,Phone Booking
B03659,H005,G01825,2026-07-23,2026-07-25,2026-07-29,Mobile App
B03660,H005,G01825,2026-08-11,2026-08-30,2026-08-31,Hotel Website
B03661,H014,G01826,2024-12-08,2024-12-12,2024-12-17,Phone Booking
B03662,H016,G01827,2025-05-12,2025-05-24,2025-05-26,Travel Agent
B03663,H017,G01827,2025-06-27,2025-07-06,2025-07-07,Travel Agent
B03664,H014,G01828,2026-08-12,2026-08-20,2026-08-22,Hotel Website
B03665,H016,G01828,2026-06-22,2026-07-20,2026-07-23,Corporate Booking
B03666,H011,G01829,2026-05-18,2026-05-29,2026-05-30,OTA
B03667,H004,G01830,2024-02-18,2024-03-15,2024-03-18,Hotel Website
B03668,H002,G01830,2024-11-10,2024-11-16,2024-11-21,Hotel Website
B03669,H008,G01831,2024-10-24,2024-11-01,2024-11-03,Mobile App
B03670,H018,G01832,2025-01-29,2025-02-10,2025-02-15,Hotel Website
B03671,H011,G01832,2025-11-12,2025-11-13,2025-11-14,Walk-in
B03672,H015,G01833,2024-08-08,2024-08-30,2024-09-02,Hotel Website
B03673,H011,G01834,2026-07-30,2026-08-03,2026-08-04,Hotel Website
B03674,H011,G01834,2025-10-16,2025-10-28,2025-10-29,OTA
B03675,H004,G01835,2025-12-30,2026-02-09,2026-02-14,Corporate Booking
B03676,H003,G01836,2024-04-16,2024-05-11,2024-05-15,OTA
B03677,H004,G01837,2025-09-27,2025-10-07,2025-10-11,OTA
B03678,H011,G01837,2026-07-10,2026-07-27,2026-07-28,Hotel Website
B03679,H016,G01838,2026-06-09,2026-06-29,2026-06-30,Hotel Website
B03680,H011,G01838,2026-08-06,2026-08-24,2026-08-26,OTA
B03681,H015,G01839,2024-03-06,2024-04-01,2024-04-06,Hotel Website
B03682,H019,G01839,2025-02-09,2025-02-16,2025-02-18,OTA
B03683,H012,G01840,2026-01-17,2026-01-31,2026-02-02,Phone Booking
B03684,H006,G01841,2024-11-29,2025-01-10,2025-01-11,Travel Agent
B03685,H001,G01842,2025-09-10,2025-09-23,2025-09-26,OTA
B03686,H013,G01843,2024-07-09,2024-07-10,2024-07-11,Walk-in
B03687,H011,G01843,2026-04-23,2026-05-08,2026-05-11,Mobile App
B03688,H011,G01843,2026-07-28,2026-08-11,2026-08-13,OTA
B03689,H014,G01844,2026-06-27,2026-07-22,2026-07-23,Travel Agent
B03690,H005,G01844,2026-08-15,2026-08-29,2026-08-31,OTA
B03691,H007,G01845,2024-12-23,2024-12-24,2024-12-27,Walk-in
B03692,H005,G01845,2026-07-12,2026-08-01,2026-08-05,Mobile App
B03693,H004,G01845,2025-09-26,2025-09-29,2025-10-04,Hotel Website
B03694,H007,G01846,2025-03-23,2025-04-07,2025-04-11,OTA
B03695,H011,G01846,2025-06-21,2025-08-05,2025-08-06,Travel Agent
B03696,H003,G01846,2026-01-06,2026-02-06,2026-02-08,Travel Agent
B03697,H005,G01847,2024-05-03,2024-05-06,2024-05-11,Mobile App
B03698,H007,G01847,2024-12-09,2025-01-19,2025-01-21,Corporate Booking
B03699,H014,G01848,2025-05-11,2025-05-19,2025-05-21,Phone Booking
B03700,H006,G01848,2026-05-14,2026-05-21,2026-05-23,Travel Agent
B03701,H007,G01849,2025-07-18,2025-08-14,2025-08-17,OTA
B03702,H003,G01849,2025-12-05,2025-12-10,2025-12-13,Hotel Website
B03703,H015,G01849,2026-06-09,2026-07-04,2026-07-06,OTA
B03704,H004,G01850,2025-06-21,2025-07-22,2025-07-25,Hotel Website
B03705,H007,G01850,2026-01-17,2026-01-18,2026-01-21,Mobile App
B03706,H015,G01850,2026-07-17,2026-08-18,2026-08-21,Hotel Website
B03707,H016,G01850,2024-10-08,2024-11-03,2024-11-06,OTA
B03708,H012,G01851,2026-08-18,2026-08-19,2026-08-20,Walk-in
B03709,H020,G01851,2024-01-21,2024-02-03,2024-02-06,Corporate Booking
B03710,H014,G01851,2025-06-02,2025-06-09,2025-06-11,Hotel Website
B03711,H012,G01852,2026-06-24,2026-07-10,2026-07-11,OTA
B03712,H012,G01852,2026-07-29,2026-08-03,2026-08-07,Corporate Booking
B03713,H005,G01853,2024-07-20,2024-07-26,2024-07-30,Hotel Website
B03714,H004,G01853,2025-04-09,2025-04-23,2025-04-28,Hotel Website
B03715,H014,G01854,2025-11-23,2025-12-16,2025-12-19,OTA
B03716,H014,G01854,2026-06-25,2026-07-06,2026-07-07,Travel Agent
B03717,H012,G01855,2024-04-29,2024-06-12,2024-06-14,Corporate Booking
B03718,H001,G01855,2025-12-01,2026-01-05,2026-01-10,Corporate Booking
B03719,H019,G01856,2025-11-12,2025-11-14,2025-11-19,Mobile App
B03720,H016,G01856,2025-12-13,2025-12-25,2025-12-29,OTA
B03721,H016,G01856,2026-02-20,2026-02-21,2026-02-22,Mobile App
B03722,H020,G01857,2024-01-08,2024-01-20,2024-01-22,OTA
B03723,H004,G01857,2024-07-09,2024-08-10,2024-08-14,Hotel Website
B03724,H001,G01858,2025-05-06,2025-05-25,2025-05-29,Mobile App
B03725,H003,G01858,2026-01-10,2026-01-14,2026-01-20,OTA
B03726,H005,G01859,2025-05-25,2025-05-26,2025-05-30,Phone Booking
B03727,H005,G01859,2026-05-27,2026-06-01,2026-06-03,Mobile App
B03728,H018,G01860,2025-02-21,2025-03-16,2025-03-17,Hotel Website
B03729,H001,G01860,2025-07-12,2025-07-15,2025-07-17,Hotel Website
B03730,H015,G01861,2024-11-25,2024-12-15,2024-12-17,Hotel Website
B03731,H011,G01861,2026-07-11,2026-07-30,2026-07-31,Hotel Website
B03732,H015,G01862,2025-01-19,2025-02-14,2025-02-17,OTA
B03733,H013,G01862,2025-05-19,2025-06-09,2025-06-13,Travel Agent
B03734,H003,G01863,2026-04-20,2026-05-06,2026-05-09,Mobile App
B03735,H004,G01863,2026-07-29,2026-08-16,2026-08-21,Phone Booking
B03736,H003,G01864,2024-01-03,2024-01-08,2024-01-14,Hotel Website
B03737,H008,G01864,2025-09-25,2025-10-07,2025-10-10,OTA
B03738,H017,G01865,2024-06-21,2024-06-22,2024-06-24,Walk-in
B03739,H003,G01866,2026-08-13,2026-08-23,2026-08-29,Mobile App
B03740,H018,G01866,2025-08-23,2025-09-08,2025-09-11,OTA
B03741,H003,G01867,2026-08-04,2026-08-16,2026-08-21,OTA
B03742,H004,G01868,2025-05-25,2025-05-26,2025-05-30,Walk-in
B03743,H016,G01869,2024-07-21,2024-07-27,2024-07-29,Corporate Booking
B03744,H016,G01869,2025-12-14,2026-01-11,2026-01-14,Corporate Booking
B03745,H019,G01869,2026-03-30,2026-04-19,2026-04-22,Mobile App
B03746,H007,G01870,2024-03-08,2024-04-11,2024-04-15,Corporate Booking
B03747,H007,G01870,2024-07-23,2024-08-05,2024-08-07,Corporate Booking
B03748,H011,G01871,2026-02-05,2026-02-19,2026-02-22,Hotel Website
B03749,H005,G01871,2026-05-12,2026-05-14,2026-05-16,Mobile App
B03750,H007,G01872,2024-05-20,2024-06-16,2024-06-17,Hotel Website
B03751,H019,G01873,2025-12-17,2026-01-02,2026-01-04,Phone Booking
B03752,H015,G01874,2025-11-30,2025-12-23,2025-12-25,OTA
B03753,H013,G01875,2025-06-14,2025-06-29,2025-06-30,OTA
B03754,H015,G01875,2026-07-14,2026-08-08,2026-08-11,Corporate Booking
B03755,H020,G01876,2024-10-09,2024-10-10,2024-10-13,Walk-in
B03756,H011,G01876,2026-04-09,2026-05-10,2026-05-14,Hotel Website
B03757,H013,G01877,2024-10-20,2024-10-24,2024-10-25,Mobile App
B03758,H002,G01877,2025-06-09,2025-06-24,2025-06-27,Hotel Website
B03759,H012,G01877,2026-02-14,2026-03-03,2026-03-07,Travel Agent
B03760,H013,G01878,2024-07-27,2024-09-02,2024-09-04,Corporate Booking
B03761,H012,G01878,2026-02-17,2026-02-22,2026-02-23,Mobile App
B03762,H011,G01879,2026-02-18,2026-03-13,2026-03-15,Corporate Booking
B03763,H014,G01879,2026-04-10,2026-05-17,2026-05-20,Corporate Booking
B03764,H020,G01880,2024-01-21,2024-01-28,2024-02-02,Mobile App
B03765,H018,G01881,2025-05-27,2025-05-28,2025-05-30,OTA
B03766,H005,G01881,2026-07-01,2026-07-22,2026-07-25,Mobile App
B03767,H012,G01882,2024-03-05,2024-03-30,2024-03-31,Hotel Website
B03768,H014,G01882,2024-08-02,2024-08-18,2024-08-22,Corporate Booking
B03769,H020,G01882,2025-05-11,2025-06-10,2025-06-12,Travel Agent
B03770,H016,G01882,2026-08-13,2026-08-25,2026-08-26,Phone Booking
B03771,H015,G01883,2025-09-22,2025-10-01,2025-10-04,Mobile App
B03772,H020,G01883,2026-08-04,2026-08-13,2026-08-18,Phone Booking
B03773,H002,G01884,2024-09-24,2024-09-25,2024-09-27,Walk-in
B03774,H002,G01884,2025-10-08,2025-10-24,2025-10-27,OTA
B03775,H001,G01885,2024-01-26,2024-02-18,2024-02-21,Hotel Website
B03776,H003,G01885,2025-02-27,2025-03-13,2025-03-17,Travel Agent
B03777,H012,G01886,2025-12-16,2026-01-05,2026-01-06,OTA
B03778,H016,G01886,2026-06-28,2026-06-29,2026-06-30,Walk-in
B03779,H014,G01887,2025-10-17,2025-11-17,2025-11-22,Hotel Website
B03780,H006,G01888,2025-08-12,2025-08-27,2025-08-31,Hotel Website
B03781,H012,G01888,2025-09-21,2025-10-02,2025-10-03,Hotel Website
B03782,H008,G01889,2025-05-11,2025-05-12,2025-05-14,Walk-in
B03783,H006,G01890,2026-02-27,2026-03-01,2026-03-03,Hotel Website
B03784,H003,G01891,2026-06-04,2026-06-16,2026-06-19,OTA
B03785,H005,G01891,2026-06-18,2026-07-21,2026-07-23,Corporate Booking
B03786,H017,G01892,2025-02-06,2025-02-20,2025-02-24,Corporate Booking
B03787,H020,G01892,2026-04-25,2026-05-17,2026-05-23,OTA
B03788,H016,G01893,2024-07-25,2024-08-27,2024-08-30,Corporate Booking
B03789,H013,G01893,2026-06-14,2026-07-09,2026-07-12,Corporate Booking
B03790,H003,G01894,2026-02-13,2026-03-18,2026-03-22,Travel Agent
B03791,H004,G01894,2026-04-14,2026-05-08,2026-05-11,OTA
B03792,H011,G01894,2026-07-29,2026-08-13,2026-08-14,Corporate Booking
B03793,H001,G01894,2024-09-22,2024-10-15,2024-10-18,Hotel Website
B03794,H013,G01895,2026-01-24,2026-02-05,2026-02-09,OTA
B03795,H016,G01896,2025-05-25,2025-06-24,2025-06-26,Hotel Website
B03796,H001,G01896,2026-02-13,2026-03-12,2026-03-15,Travel Agent
B03797,H016,G01897,2024-08-26,2024-09-11,2024-09-13,Corporate Booking
B03798,H020,G01897,2025-03-17,2025-03-19,2025-03-21,OTA
B03799,H003,G01897,2025-10-19,2025-10-24,2025-10-29,OTA
B03800,H002,G01898,2024-02-09,2024-02-19,2024-02-22,Corporate Booking
B03801,H020,G01899,2025-12-11,2025-12-30,2026-01-04,Mobile App
B03802,H005,G01899,2026-01-17,2026-01-21,2026-01-24,OTA
B03803,H018,G01900,2025-12-28,2026-01-14,2026-01-18,Corporate Booking
B03804,H015,G01900,2026-05-25,2026-06-01,2026-06-02,Corporate Booking
B03805,H003,G01901,2024-05-09,2024-05-20,2024-05-24,Travel Agent
B03806,H004,G01901,2026-06-27,2026-07-08,2026-07-13,Mobile App
B03807,H010,G01902,2026-07-10,2026-07-18,2026-07-19,Phone Booking
B03808,H014,G01903,2024-09-01,2024-09-19,2024-09-20,Mobile App
B03809,H014,G01903,2025-09-28,2025-10-01,2025-10-02,OTA
B03810,H005,G01903,2026-03-10,2026-03-19,2026-03-22,OTA
B03811,H001,G01904,2024-01-30,2024-02-09,2024-02-13,Corporate Booking
B03812,H001,G01904,2025-01-29,2025-02-17,2025-02-21,Hotel Website
B03813,H008,G01905,2026-04-02,2026-04-25,2026-04-28,Hotel Website
B03814,H003,G01906,2024-01-09,2024-02-05,2024-02-10,Travel Agent
B03815,H006,G01907,2024-08-21,2024-09-04,2024-09-05,Phone Booking
B03816,H007,G01908,2024-01-07,2024-01-24,2024-01-26,OTA
B03817,H018,G01908,2026-03-09,2026-04-07,2026-04-08,Hotel Website
B03818,H015,G01909,2024-08-31,2024-09-08,2024-09-12,OTA
B03819,H017,G01909,2025-12-30,2026-01-18,2026-01-19,Corporate Booking
B03820,H003,G01909,2026-02-24,2026-03-04,2026-03-07,Hotel Website
B03821,H015,G01910,2024-09-11,2024-09-12,2024-09-14,Phone Booking
B03822,H004,G01911,2026-02-21,2026-03-12,2026-03-15,OTA
B03823,H008,G01912,2025-10-19,2025-12-02,2025-12-08,Corporate Booking
B03824,H012,G01912,2026-06-24,2026-07-14,2026-07-16,Mobile App
B03825,H004,G01913,2024-12-01,2024-12-21,2024-12-27,OTA
B03826,H005,G01913,2026-04-22,2026-05-07,2026-05-12,Mobile App
B03827,H007,G01914,2025-09-28,2025-09-29,2025-09-30,Walk-in
B03828,H011,G01914,2026-06-28,2026-07-16,2026-07-17,Mobile App
B03829,H016,G01915,2024-12-02,2024-12-12,2024-12-13,Phone Booking
B03830,H015,G01916,2024-12-21,2025-01-10,2025-01-15,Travel Agent
B03831,H007,G01916,2025-11-29,2025-12-16,2025-12-19,OTA
B03832,H020,G01916,2026-02-17,2026-03-25,2026-03-26,Travel Agent
B03833,H005,G01916,2026-03-31,2026-04-21,2026-04-28,Hotel Website
B03834,H014,G01917,2025-08-15,2025-09-13,2025-09-18,OTA
B03835,H007,G01918,2026-03-11,2026-03-12,2026-03-15,Walk-in
B03836,H015,G01918,2026-05-03,2026-05-05,2026-05-06,Hotel Website
B03837,H016,G01919,2026-03-24,2026-04-02,2026-04-04,Hotel Website
B03838,H012,G01919,2026-08-14,2026-08-30,2026-08-31,OTA
B03839,H016,G01919,2026-06-08,2026-07-07,2026-07-11,Travel Agent
B03840,H006,G01920,2025-09-08,2025-09-27,2025-10-01,Hotel Website
B03841,H013,G01920,2026-02-10,2026-02-20,2026-02-23,Mobile App
B03842,H012,G01921,2024-08-24,2024-08-25,2024-08-26,Walk-in
B03843,H005,G01922,2024-03-09,2024-03-10,2024-03-13,Walk-in
B03844,H005,G01922,2024-09-18,2024-09-24,2024-09-27,OTA
B03845,H013,G01923,2024-08-26,2024-09-16,2024-09-18,Phone Booking
B03846,H005,G01923,2025-10-08,2025-10-22,2025-10-26,Corporate Booking
B03847,H005,G01923,2025-12-21,2026-01-24,2026-01-28,Travel Agent
B03848,H011,G01923,2026-08-03,2026-08-30,2026-08-31,Corporate Booking
B03849,H011,G01923,2025-09-14,2025-09-20,2025-09-24,Hotel Website
B03850,H005,G01924,2025-03-06,2025-03-20,2025-03-25,Phone Booking
B03851,H005,G01925,2025-08-27,2025-09-16,2025-09-21,OTA
B03852,H015,G01926,2026-01-25,2026-02-17,2026-02-18,Hotel Website
B03853,H014,G01926,2026-06-14,2026-07-18,2026-07-19,Corporate Booking
B03854,H007,G01926,2026-07-15,2026-08-14,2026-08-15,Travel Agent
B03855,H013,G01927,2024-10-30,2024-11-01,2024-11-03,Phone Booking
B03856,H014,G01928,2026-01-17,2026-02-13,2026-02-14,Travel Agent
B03857,H014,G01928,2026-04-13,2026-04-27,2026-05-02,Hotel Website
B03858,H001,G01929,2025-01-09,2025-01-21,2025-01-24,Hotel Website
B03859,H015,G01929,2025-07-13,2025-08-19,2025-08-20,Corporate Booking
B03860,H015,G01929,2026-05-28,2026-06-09,2026-06-12,Corporate Booking
B03861,H003,G01930,2024-03-04,2024-03-17,2024-03-22,Corporate Booking
B03862,H015,G01931,2025-08-19,2025-09-03,2025-09-09,Corporate Booking
B03863,H003,G01931,2025-09-14,2025-10-10,2025-10-14,Hotel Website
B03864,H008,G01931,2026-04-05,2026-05-08,2026-05-12,Hotel Website
B03865,H003,G01932,2024-04-15,2024-05-08,2024-05-10,OTA
B03866,H015,G01933,2025-11-24,2025-12-19,2025-12-21,Corporate Booking
B03867,H014,G01933,2026-04-18,2026-04-27,2026-04-30,Travel Agent
B03868,H012,G01934,2024-05-04,2024-05-10,2024-05-11,Corporate Booking
B03869,H015,G01935,2025-01-10,2025-01-31,2025-02-04,Mobile App
B03870,H003,G01935,2025-12-26,2025-12-27,2025-12-29,Walk-in
B03871,H019,G01936,2024-05-18,2024-05-30,2024-06-02,OTA
B03872,H017,G01936,2026-05-20,2026-05-26,2026-05-27,Mobile App
B03873,H002,G01937,2025-12-24,2026-02-04,2026-02-10,Travel Agent
B03874,H013,G01937,2026-06-11,2026-06-29,2026-06-30,Phone Booking
B03875,H001,G01937,2026-07-18,2026-08-10,2026-08-13,OTA
B03876,H002,G01938,2025-06-11,2025-06-22,2025-06-27,Mobile App
B03877,H004,G01939,2024-11-13,2024-12-03,2024-12-08,Mobile App
B03878,H012,G01939,2025-06-06,2025-06-27,2025-07-02,OTA
B03879,H005,G01939,2026-08-03,2026-08-08,2026-08-11,Mobile App
B03880,H011,G01940,2025-05-14,2025-06-03,2025-06-05,Corporate Booking
B03881,H011,G01940,2025-07-25,2025-07-30,2025-07-31,OTA
B03882,H001,G01940,2025-09-13,2025-10-08,2025-10-10,Hotel Website
B03883,H001,G01940,2026-03-27,2026-05-04,2026-05-09,Travel Agent
B03884,H008,G01941,2024-07-31,2024-08-21,2024-08-23,Mobile App
B03885,H001,G01941,2025-11-14,2025-12-15,2025-12-17,Hotel Website
B03886,H011,G01942,2025-01-19,2025-02-28,2025-03-01,Corporate Booking
B03887,H003,G01942,2026-02-15,2026-02-21,2026-02-27,OTA
B03888,H009,G01942,2026-07-11,2026-07-12,2026-07-16,OTA
B03889,H002,G01942,2026-08-03,2026-08-21,2026-08-23,Phone Booking
B03890,H005,G01943,2024-01-31,2024-02-18,2024-02-21,OTA
B03891,H001,G01943,2026-01-01,2026-01-08,2026-01-13,OTA
B03892,H001,G01944,2025-04-14,2025-05-06,2025-05-08,Hotel Website
B03893,H012,G01945,2024-12-23,2024-12-26,2024-12-27,Hotel Website
B03894,H001,G01946,2024-08-29,2024-08-31,2024-09-05,Mobile App
B03895,H001,G01946,2025-10-21,2025-10-22,2025-10-24,Walk-in
B03896,H013,G01947,2026-06-25,2026-07-12,2026-07-13,OTA
B03897,H017,G01948,2026-01-11,2026-02-18,2026-02-20,Travel Agent
B03898,H006,G01949,2025-07-05,2025-07-07,2025-07-09,Hotel Website
B03899,H015,G01949,2025-10-26,2025-10-31,2025-11-03,Hotel Website
B03900,H017,G01950,2024-09-28,2024-10-15,2024-10-19,Travel Agent
B03901,H004,G01950,2025-02-23,2025-04-06,2025-04-11,Corporate Booking
B03902,H011,G01951,2025-02-03,2025-02-12,2025-02-16,OTA
B03903,H012,G01951,2025-08-21,2025-09-07,2025-09-10,Mobile App
B03904,H014,G01952,2024-03-14,2024-04-27,2024-04-28,Corporate Booking
B03905,H012,G01952,2024-07-28,2024-08-13,2024-08-16,Hotel Website
B03906,H015,G01953,2026-06-22,2026-07-01,2026-07-03,Phone Booking
B03907,H003,G01953,2026-07-20,2026-08-27,2026-08-30,Corporate Booking
B03908,H015,G01954,2024-02-25,2024-03-01,2024-03-03,Hotel Website
B03909,H018,G01955,2026-01-31,2026-02-25,2026-02-28,OTA
B03910,H011,G01955,2026-06-27,2026-07-03,2026-07-04,OTA
B03911,H011,G01956,2025-10-14,2025-10-16,2025-10-19,Phone Booking
B03912,H011,G01956,2026-01-20,2026-01-31,2026-02-02,OTA
B03913,H014,G01956,2026-02-20,2026-03-16,2026-03-18,Hotel Website
B03914,H020,G01957,2024-02-20,2024-03-04,2024-03-06,Mobile App
B03915,H019,G01957,2024-08-01,2024-08-08,2024-08-10,OTA
B03916,H007,G01957,2024-11-21,2024-12-11,2024-12-13,Phone Booking
B03917,H005,G01957,2026-01-22,2026-02-09,2026-02-14,Travel Agent
B03918,H001,G01958,2024-08-15,2024-08-27,2024-08-31,Corporate Booking
B03919,H014,G01958,2025-10-07,2025-10-19,2025-10-20,Hotel Website
B03920,H011,G01959,2025-07-23,2025-07-29,2025-07-31,Corporate Booking
B03921,H011,G01959,2026-03-09,2026-03-10,2026-03-11,Phone Booking
B03922,H003,G01960,2024-06-22,2024-07-06,2024-07-09,Mobile App
B03923,H003,G01960,2025-12-21,2026-01-02,2026-01-06,OTA
B03924,H015,G01960,2026-01-10,2026-02-17,2026-02-21,Corporate Booking
B03925,H004,G01961,2026-06-04,2026-06-16,2026-06-19,Travel Agent
B03926,H003,G01961,2026-07-28,2026-08-24,2026-08-29,OTA
B03927,H008,G01962,2024-10-30,2024-11-01,2024-11-02,Hotel Website
B03928,H005,G01962,2025-04-15,2025-04-18,2025-04-25,Phone Booking
B03929,H013,G01963,2025-11-28,2025-12-13,2025-12-17,OTA
B03930,H013,G01963,2026-02-12,2026-03-06,2026-03-10,OTA
B03931,H005,G01964,2025-11-07,2025-12-03,2025-12-06,Travel Agent
B03932,H003,G01964,2026-03-24,2026-03-27,2026-03-31,OTA
B03933,H003,G01964,2026-05-15,2026-06-06,2026-06-08,Travel Agent
B03934,H002,G01965,2024-04-23,2024-05-14,2024-05-19,Travel Agent
B03935,H001,G01966,2024-01-17,2024-01-18,2024-01-21,Walk-in
B03936,H001,G01966,2026-02-12,2026-03-03,2026-03-09,Hotel Website
B03937,H016,G01967,2025-02-18,2025-03-11,2025-03-14,OTA
B03938,H016,G01967,2025-09-08,2025-09-19,2025-09-21,OTA
B03939,H020,G01968,2024-10-18,2024-10-19,2024-10-22,Walk-in
B03940,H002,G01968,2026-03-14,2026-03-21,2026-03-25,Hotel Website
B03941,H002,G01968,2026-07-16,2026-07-17,2026-07-21,Walk-in
B03942,H001,G01969,2025-08-12,2025-08-22,2025-08-24,Travel Agent
B03943,H004,G01970,2024-10-08,2024-10-09,2024-10-12,Walk-in
B03944,H018,G01970,2025-06-16,2025-06-17,2025-06-22,Walk-in
B03945,H002,G01971,2024-01-06,2024-02-11,2024-02-17,Corporate Booking
B03946,H016,G01971,2026-08-06,2026-08-24,2026-08-29,Hotel Website
B03947,H014,G01971,2025-09-16,2025-09-26,2025-09-27,OTA
B03948,H003,G01972,2025-10-17,2025-11-02,2025-11-06,Phone Booking
B03949,H007,G01972,2025-12-23,2025-12-28,2025-12-31,Travel Agent
B03950,H006,G01973,2024-05-29,2024-06-25,2024-06-28,Travel Agent
B03951,H004,G01973,2026-07-24,2026-07-28,2026-07-30,Mobile App
B03952,H014,G01974,2024-01-14,2024-02-14,2024-02-19,Travel Agent
B03953,H014,G01974,2026-01-26,2026-02-14,2026-02-17,Phone Booking
B03954,H014,G01974,2026-05-09,2026-06-06,2026-06-08,Corporate Booking
B03955,H014,G01974,2026-07-28,2026-08-12,2026-08-14,Phone Booking
B03956,H008,G01975,2024-11-04,2024-11-20,2024-11-24,Hotel Website
B03957,H017,G01975,2026-05-14,2026-05-15,2026-05-16,Walk-in
B03958,H003,G01975,2026-06-17,2026-07-01,2026-07-05,Phone Booking
B03959,H003,G01976,2024-04-23,2024-05-23,2024-05-26,Travel Agent
B03960,H004,G01976,2025-11-16,2025-11-17,2025-11-24,Walk-in
B03961,H017,G01976,2026-02-08,2026-03-03,2026-03-05,Corporate Booking
B03962,H006,G01976,2026-04-01,2026-04-06,2026-04-08,Hotel Website
B03963,H003,G01977,2025-11-21,2025-12-01,2025-12-06,Mobile App
B03964,H011,G01977,2026-01-08,2026-01-22,2026-01-25,OTA
B03965,H002,G01978,2025-08-08,2025-08-12,2025-08-16,OTA
B03966,H012,G01978,2025-10-18,2025-10-21,2025-10-23,Phone Booking
B03967,H001,G01979,2024-02-18,2024-02-25,2024-02-29,Mobile App
B03968,H001,G01980,2024-05-30,2024-05-31,2024-06-04,Walk-in
B03969,H003,G01981,2024-09-09,2024-09-22,2024-09-26,Mobile App
B03970,H003,G01981,2025-04-28,2025-05-05,2025-05-09,Phone Booking
B03971,H001,G01981,2025-05-10,2025-05-27,2025-05-31,Hotel Website
B03972,H013,G01981,2026-07-06,2026-07-15,2026-07-17,Mobile App
B03973,H011,G01982,2024-03-26,2024-04-09,2024-04-11,Corporate Booking
B03974,H011,G01982,2025-06-25,2025-06-27,2025-06-30,OTA
B03975,H003,G01983,2026-06-24,2026-07-19,2026-07-22,OTA
B03976,H006,G01983,2026-05-10,2026-05-13,2026-05-15,OTA
B03977,H018,G01983,2026-08-02,2026-08-19,2026-08-22,OTA
B03978,H001,G01984,2024-06-07,2024-06-12,2024-06-14,Travel Agent
B03979,H013,G01984,2024-10-08,2024-10-13,2024-10-14,Travel Agent
B03980,H015,G01985,2026-05-27,2026-06-06,2026-06-08,Mobile App
B03981,H015,G01985,2026-08-06,2026-08-22,2026-08-25,Corporate Booking
B03982,H006,G01986,2025-11-17,2025-12-20,2025-12-26,Corporate Booking
B03983,H002,G01986,2026-02-18,2026-02-21,2026-02-25,Mobile App
B03984,H002,G01987,2025-05-27,2025-06-14,2025-06-18,OTA
B03985,H010,G01987,2025-10-16,2025-11-04,2025-11-07,Hotel Website
B03986,H012,G01988,2026-02-08,2026-02-24,2026-02-26,OTA
B03987,H006,G01988,2026-06-21,2026-07-21,2026-07-23,Travel Agent
B03988,H016,G01988,2026-07-26,2026-08-19,2026-08-21,Hotel Website
B03989,H012,G01989,2024-04-06,2024-04-22,2024-04-23,OTA
B03990,H005,G01990,2024-11-04,2024-11-25,2024-12-01,Travel Agent
B03991,H011,G01991,2025-04-25,2025-04-29,2025-05-01,Phone Booking
B03992,H011,G01991,2025-10-29,2025-11-07,2025-11-09,Corporate Booking
B03993,H011,G01991,2026-01-15,2026-02-08,2026-02-09,Corporate Booking
B03994,H006,G01992,2025-04-06,2025-04-16,2025-04-18,Mobile App
B03995,H001,G01993,2025-05-28,2025-06-19,2025-06-23,Hotel Website
B03996,H002,G01994,2024-04-16,2024-05-16,2024-05-20,Hotel Website
B03997,H020,G01994,2024-10-22,2024-12-05,2024-12-07,Travel Agent
B03998,H020,G01995,2025-08-06,2025-08-24,2025-08-26,Phone Booking
B03999,H020,G01995,2026-02-22,2026-03-11,2026-03-15,OTA
B04000,H016,G01996,2026-02-09,2026-03-12,2026-03-16,Travel Agent
B04001,H016,G01996,2026-05-12,2026-06-01,2026-06-02,Mobile App
B04002,H016,G01997,2026-07-25,2026-08-05,2026-08-08,Mobile App
B04003,H003,G01997,2025-11-17,2025-11-23,2025-11-29,Travel Agent
B04004,H008,G01998,2024-02-28,2024-03-16,2024-03-20,OTA
B04005,H001,G01998,2026-05-11,2026-05-24,2026-05-31,Hotel Website
B04006,H002,G01999,2025-08-02,2025-08-08,2025-08-13,OTA
B04007,H004,G01999,2026-01-27,2026-02-24,2026-03-01,Hotel Website
B04008,H010,G02000,2025-07-05,2025-07-23,2025-07-25,Phone Booking
B04009,H011,G02001,2024-11-30,2024-12-18,2024-12-23,OTA
B04010,H014,G02001,2025-10-31,2025-11-05,2025-11-06,Corporate Booking
B04011,H014,G02001,2026-01-08,2026-01-09,2026-01-11,Walk-in
B04012,H015,G02002,2024-01-28,2024-02-11,2024-02-13,Corporate Booking
B04013,H004,G02002,2024-03-14,2024-03-17,2024-03-21,Mobile App
B04014,H001,G02003,2025-06-25,2025-08-02,2025-08-09,Travel Agent
B04015,H018,G02004,2024-06-11,2024-07-25,2024-07-27,Corporate Booking
B04016,H014,G02004,2025-06-17,2025-07-09,2025-07-11,Corporate Booking
B04017,H005,G02005,2025-10-13,2025-10-17,2025-10-20,OTA
B04018,H006,G02005,2026-04-21,2026-04-30,2026-05-02,Corporate Booking
B04019,H016,G02006,2025-03-11,2025-04-12,2025-04-14,Hotel Website
B04020,H011,G02006,2025-06-13,2025-06-27,2025-06-28,OTA
B04021,H002,G02007,2026-01-06,2026-01-27,2026-02-03,Hotel Website
B04022,H015,G02007,2026-07-05,2026-07-26,2026-07-29,Corporate Booking
B04023,H019,G02007,2025-12-22,2026-01-14,2026-01-18,OTA
B04024,H017,G02007,2026-03-10,2026-03-22,2026-03-23,OTA
B04025,H015,G02007,2026-05-15,2026-06-25,2026-06-27,Corporate Booking
B04026,H013,G02008,2025-06-17,2025-06-22,2025-06-25,Phone Booking
B04027,H015,G02008,2025-12-03,2025-12-17,2025-12-22,OTA
B04028,H018,G02009,2025-04-03,2025-04-06,2025-04-08,Phone Booking
B04029,H003,G02009,2026-01-04,2026-02-02,2026-02-09,OTA
B04030,H016,G02010,2024-02-18,2024-02-29,2024-03-05,Corporate Booking
B04031,H012,G02011,2025-05-07,2025-05-08,2025-05-09,Walk-in
B04032,H004,G02012,2026-02-27,2026-03-29,2026-03-31,Hotel Website
B04033,H014,G02012,2026-07-08,2026-07-09,2026-07-12,Walk-in
B04034,H006,G02012,2026-08-09,2026-08-29,2026-08-31,Phone Booking
B04035,H016,G02013,2024-10-12,2024-10-22,2024-10-26,Corporate Booking
B04036,H015,G02014,2025-02-22,2025-03-06,2025-03-08,OTA
B04037,H005,G02014,2026-06-22,2026-06-26,2026-06-29,Hotel Website
B04038,H003,G02015,2025-09-25,2025-09-26,2025-10-03,OTA
B04039,H016,G02016,2025-11-07,2025-11-14,2025-11-17,OTA
B04040,H019,G02016,2025-12-14,2026-01-11,2026-01-15,Hotel Website
B04041,H008,G02017,2025-04-15,2025-04-19,2025-04-21,Phone Booking
B04042,H005,G02017,2026-01-09,2026-01-29,2026-01-31,Hotel Website
B04043,H001,G02018,2025-06-23,2025-07-03,2025-07-07,OTA
B04044,H012,G02018,2026-05-24,2026-06-28,2026-06-29,Corporate Booking
B04045,H005,G02019,2024-01-10,2024-01-26,2024-01-29,Hotel Website
B04046,H012,G02019,2026-03-17,2026-04-01,2026-04-02,Phone Booking
B04047,H004,G02020,2025-02-02,2025-03-04,2025-03-07,Hotel Website
B04048,H014,G02021,2026-02-06,2026-03-11,2026-03-15,Hotel Website
B04049,H011,G02021,2026-08-03,2026-08-11,2026-08-13,OTA
B04050,H011,G02022,2026-05-25,2026-05-26,2026-05-29,Walk-in
B04051,H011,G02022,2026-06-16,2026-07-06,2026-07-08,Hotel Website
B04052,H015,G02023,2024-10-03,2024-10-22,2024-10-24,Travel Agent
B04053,H015,G02023,2025-07-31,2025-08-20,2025-08-24,Mobile App
B04054,H013,G02023,2026-08-16,2026-08-22,2026-08-24,OTA
B04055,H013,G02024,2025-10-15,2025-10-25,2025-10-27,Mobile App
B04056,H005,G02024,2026-04-30,2026-05-01,2026-05-05,Phone Booking
B04057,H007,G02025,2024-11-11,2024-11-18,2024-11-22,OTA
B04058,H015,G02025,2026-06-05,2026-06-22,2026-06-23,Phone Booking
B04059,H016,G02026,2024-01-04,2024-01-29,2024-01-30,Corporate Booking
B04060,H016,G02027,2025-08-09,2025-08-22,2025-08-24,OTA
B04061,H003,G02028,2024-01-22,2024-01-31,2024-02-04,Mobile App
B04062,H014,G02028,2026-01-29,2026-02-15,2026-02-17,Hotel Website
B04063,H016,G02028,2026-05-13,2026-06-09,2026-06-10,OTA
B04064,H017,G02029,2024-01-28,2024-02-18,2024-02-19,Mobile App
B04065,H014,G02030,2024-07-30,2024-08-07,2024-08-08,Phone Booking
B04066,H014,G02030,2026-03-16,2026-03-30,2026-03-31,Hotel Website
B04067,H013,G02030,2026-04-20,2026-05-20,2026-05-22,Hotel Website
B04068,H004,G02030,2026-06-28,2026-07-07,2026-07-11,OTA
B04069,H007,G02031,2024-12-18,2025-01-01,2025-01-04,Phone Booking
B04070,H013,G02032,2026-04-15,2026-05-04,2026-05-06,Hotel Website
B04071,H016,G02033,2024-07-29,2024-08-05,2024-08-08,Phone Booking
B04072,H012,G02033,2026-02-12,2026-03-16,2026-03-18,Hotel Website
B04073,H001,G02033,2026-07-20,2026-08-21,2026-08-25,Corporate Booking
B04074,H001,G02034,2025-05-08,2025-05-28,2025-06-01,OTA
B04075,H005,G02035,2026-04-22,2026-05-05,2026-05-12,Phone Booking
B04076,H003,G02035,2026-06-10,2026-06-21,2026-06-25,Phone Booking
B04077,H015,G02036,2024-01-25,2024-02-07,2024-02-08,Corporate Booking
B04078,H015,G02036,2026-07-07,2026-07-28,2026-07-29,Corporate Booking
B04079,H015,G02037,2025-06-24,2025-07-03,2025-07-07,OTA
B04080,H004,G02038,2024-10-30,2024-11-18,2024-11-22,OTA
B04081,H020,G02039,2025-09-30,2025-10-12,2025-10-14,Phone Booking
B04082,H012,G02039,2026-01-04,2026-01-09,2026-01-12,OTA
B04083,H006,G02040,2024-10-06,2024-10-07,2024-10-11,Walk-in
B04084,H017,G02041,2026-03-06,2026-04-01,2026-04-03,Hotel Website
B04085,H002,G02042,2025-06-03,2025-06-19,2025-06-22,Phone Booking
B04086,H014,G02042,2026-01-06,2026-02-06,2026-02-07,Corporate Booking
B04087,H003,G02043,2025-08-27,2025-10-06,2025-10-13,Corporate Booking
B04088,H003,G02043,2026-02-07,2026-02-18,2026-02-21,Phone Booking
B04089,H008,G02044,2025-12-30,2026-01-04,2026-01-06,Travel Agent
B04090,H003,G02044,2026-06-17,2026-06-30,2026-07-07,OTA
B04091,H011,G02045,2025-04-22,2025-05-13,2025-05-16,Mobile App
B04092,H016,G02045,2025-10-09,2025-11-08,2025-11-09,Corporate Booking
B04093,H012,G02045,2026-02-10,2026-03-05,2026-03-06,Hotel Website
B04094,H001,G02046,2024-01-02,2024-02-02,2024-02-05,Travel Agent
B04095,H015,G02046,2026-04-25,2026-05-24,2026-05-25,Corporate Booking
B04096,H018,G02047,2026-06-27,2026-07-11,2026-07-14,Mobile App
B04097,H013,G02048,2024-06-16,2024-07-14,2024-07-15,OTA
B04098,H003,G02049,2024-03-11,2024-03-30,2024-04-03,Hotel Website
B04099,H006,G02049,2024-10-12,2024-10-13,2024-10-15,Walk-in
B04100,H006,G02049,2025-07-02,2025-07-14,2025-07-17,Hotel Website
B04101,H008,G02050,2025-12-15,2025-12-21,2025-12-27,OTA
B04102,H006,G02050,2026-07-15,2026-07-17,2026-07-20,OTA
B04103,H002,G02051,2025-07-19,2025-08-13,2025-08-17,Corporate Booking
B04104,H005,G02051,2025-12-20,2026-01-30,2026-02-01,Corporate Booking
B04105,H014,G02052,2024-04-10,2024-05-05,2024-05-10,Corporate Booking
B04106,H018,G02053,2024-01-22,2024-02-09,2024-02-12,Corporate Booking
B04107,H014,G02054,2026-02-05,2026-02-25,2026-02-27,Corporate Booking
B04108,H004,G02055,2025-07-11,2025-07-12,2025-07-15,Walk-in
B04109,H001,G02056,2026-03-12,2026-03-14,2026-03-18,Mobile App
B04110,H005,G02056,2026-07-09,2026-07-27,2026-08-02,Mobile App
B04111,H005,G02056,2025-11-06,2025-11-07,2025-11-14,Walk-in
B04112,H002,G02057,2026-01-28,2026-02-04,2026-02-09,Phone Booking
B04113,H002,G02057,2026-08-21,2026-08-27,2026-08-30,Hotel Website
B04114,H003,G02058,2024-02-11,2024-02-26,2024-02-28,Mobile App
B04115,H003,G02058,2026-03-02,2026-03-08,2026-03-10,Mobile App
B04116,H007,G02059,2025-03-18,2025-04-10,2025-04-14,Corporate Booking
B04117,H004,G02059,2026-02-20,2026-02-25,2026-02-28,OTA
B04118,H001,G02060,2025-07-29,2025-08-30,2025-09-01,Hotel Website
B04119,H019,G02060,2026-02-14,2026-03-09,2026-03-12,Hotel Website
B04120,H019,G02061,2026-03-08,2026-03-25,2026-03-27,OTA
B04121,H006,G02061,2026-06-26,2026-06-27,2026-07-01,OTA
B04122,H003,G02061,2026-08-14,2026-08-17,2026-08-24,Mobile App
B04123,H016,G02062,2024-09-28,2024-10-01,2024-10-03,Hotel Website
B04124,H006,G02062,2024-10-22,2024-11-25,2024-11-29,Hotel Website
B04125,H013,G02063,2025-12-30,2026-01-02,2026-01-03,Mobile App
B04126,H006,G02063,2026-07-14,2026-08-11,2026-08-13,OTA
B04127,H006,G02063,2026-07-27,2026-08-30,2026-08-31,Corporate Booking
B04128,H015,G02064,2024-10-01,2024-10-14,2024-10-20,OTA
B04129,H015,G02064,2026-05-25,2026-05-29,2026-05-31,Mobile App
B04130,H001,G02065,2026-02-26,2026-03-17,2026-03-23,OTA
B04131,H012,G02065,2026-04-30,2026-05-05,2026-05-08,Mobile App
B04132,H005,G02066,2025-12-24,2026-01-19,2026-01-22,OTA
B04133,H015,G02066,2026-08-11,2026-08-13,2026-08-17,Phone Booking
B04134,H002,G02067,2025-06-05,2025-06-27,2025-06-30,Hotel Website
B04135,H017,G02067,2025-09-17,2025-09-23,2025-09-25,Travel Agent
B04136,H011,G02068,2026-04-25,2026-05-16,2026-05-17,Hotel Website
B04137,H002,G02069,2024-07-04,2024-07-09,2024-07-12,Travel Agent
B04138,H015,G02069,2025-09-01,2025-10-03,2025-10-04,Corporate Booking
B04139,H018,G02069,2026-07-04,2026-07-23,2026-07-24,OTA
B04140,H014,G02069,2024-02-12,2024-02-27,2024-02-29,Travel Agent
B04141,H012,G02070,2025-07-29,2025-08-22,2025-08-23,OTA
B04142,H016,G02070,2025-11-10,2025-12-09,2025-12-11,Corporate Booking
B04143,H004,G02071,2024-01-17,2024-02-04,2024-02-06,Mobile App
B04144,H012,G02072,2025-08-22,2025-08-29,2025-08-31,Phone Booking
B04145,H020,G02073,2026-03-02,2026-03-06,2026-03-09,OTA
B04146,H002,G02073,2026-08-10,2026-08-24,2026-08-26,Phone Booking
B04147,H004,G02074,2024-09-25,2024-10-18,2024-10-21,Hotel Website
B04148,H012,G02075,2026-04-02,2026-05-01,2026-05-02,Travel Agent
B04149,H001,G02075,2026-06-11,2026-06-18,2026-06-22,Corporate Booking
B04150,H020,G02076,2026-01-27,2026-02-14,2026-02-17,OTA
B04151,H011,G02076,2026-02-13,2026-03-20,2026-03-21,Corporate Booking
B04152,H013,G02077,2026-02-20,2026-03-12,2026-03-13,OTA
B04153,H011,G02077,2026-07-01,2026-08-14,2026-08-15,Corporate Booking
B04154,H002,G02078,2024-03-05,2024-03-06,2024-03-13,Walk-in
B04155,H016,G02078,2026-03-29,2026-04-19,2026-04-20,Hotel Website
B04156,H005,G02079,2025-11-22,2025-12-19,2025-12-24,Travel Agent
B04157,H019,G02079,2026-01-01,2026-01-18,2026-01-22,Hotel Website
B04158,H003,G02080,2025-03-04,2025-03-08,2025-03-12,OTA
B04159,H004,G02080,2025-09-17,2025-09-21,2025-09-25,Hotel Website
B04160,H004,G02080,2026-01-21,2026-01-27,2026-02-03,OTA
B04161,H013,G02081,2024-07-01,2024-08-08,2024-08-09,Corporate Booking
B04162,H011,G02081,2024-11-10,2024-12-23,2024-12-24,Corporate Booking
B04163,H003,G02082,2025-08-27,2025-10-08,2025-10-12,Travel Agent
B04164,H003,G02082,2025-12-12,2025-12-24,2025-12-29,Phone Booking
B04165,H005,G02083,2024-02-10,2024-02-29,2024-03-02,Mobile App
B04166,H002,G02083,2026-01-17,2026-02-28,2026-03-03,Travel Agent
B04167,H003,G02084,2025-10-12,2025-10-22,2025-10-25,OTA
B04168,H014,G02084,2026-02-05,2026-02-27,2026-03-01,Hotel Website
B04169,H011,G02084,2026-07-04,2026-08-08,2026-08-10,Corporate Booking
B04170,H004,G02085,2024-12-23,2025-01-09,2025-01-11,Hotel Website
B04171,H004,G02085,2025-12-13,2026-01-12,2026-01-15,Travel Agent
B04172,H011,G02086,2025-04-25,2025-05-05,2025-05-07,OTA
B04173,H002,G02087,2026-05-18,2026-05-29,2026-06-04,OTA
B04174,H002,G02087,2026-07-28,2026-07-31,2026-08-05,Hotel Website
B04175,H002,G02087,2025-07-30,2025-08-05,2025-08-12,Phone Booking
B04176,H008,G02087,2026-05-10,2026-05-22,2026-05-23,Mobile App
B04177,H013,G02088,2024-10-27,2024-11-07,2024-11-10,OTA
B04178,H001,G02088,2024-12-09,2024-12-12,2024-12-15,Phone Booking
B04179,H019,G02089,2026-02-04,2026-03-03,2026-03-05,Travel Agent
B04180,H011,G02089,2026-05-07,2026-05-08,2026-05-10,Walk-in
B04181,H001,G02090,2026-01-13,2026-01-15,2026-01-18,OTA
B04182,H004,G02090,2026-07-23,2026-08-08,2026-08-14,OTA
B04183,H004,G02090,2025-04-03,2025-04-24,2025-04-26,OTA
B04184,H013,G02091,2026-08-17,2026-08-29,2026-08-30,Travel Agent
B04185,H016,G02091,2026-01-29,2026-02-28,2026-03-01,OTA
B04186,H005,G02092,2024-05-04,2024-05-25,2024-05-28,Mobile App
B04187,H005,G02093,2024-03-20,2024-04-09,2024-04-15,Phone Booking
B04188,H001,G02093,2025-04-05,2025-05-05,2025-05-08,Travel Agent
B04189,H005,G02094,2024-02-16,2024-03-02,2024-03-06,OTA
B04190,H001,G02095,2025-02-27,2025-03-14,2025-03-17,Travel Agent
B04191,H001,G02095,2025-12-18,2025-12-19,2025-12-22,Walk-in
B04192,H014,G02096,2025-06-09,2025-07-17,2025-07-19,Corporate Booking
B04193,H014,G02096,2025-10-20,2025-11-05,2025-11-07,Corporate Booking
B04194,H013,G02097,2025-12-09,2026-01-06,2026-01-09,Travel Agent
B04195,H001,G02098,2024-10-03,2024-11-06,2024-11-10,Travel Agent
B04196,H014,G02099,2024-05-23,2024-05-31,2024-06-03,Mobile App
B04197,H011,G02099,2024-08-03,2024-08-10,2024-08-12,Mobile App
B04198,H012,G02100,2025-03-05,2025-03-10,2025-03-11,Mobile App
B04199,H001,G02100,2025-06-27,2025-06-28,2025-07-03,Walk-in
B04200,H020,G02101,2025-11-09,2025-12-11,2025-12-14,Hotel Website
B04201,H003,G02101,2026-01-19,2026-01-24,2026-01-27,Mobile App
B04202,H004,G02102,2025-01-06,2025-01-22,2025-01-25,Corporate Booking
B04203,H002,G02103,2024-02-05,2024-02-06,2024-02-11,OTA
B04204,H002,G02103,2025-02-04,2025-02-14,2025-02-19,OTA
B04205,H017,G02104,2026-02-05,2026-02-12,2026-02-14,Hotel Website
B04206,H012,G02104,2026-04-14,2026-05-11,2026-05-13,OTA
B04207,H013,G02105,2025-05-01,2025-05-05,2025-05-07,Mobile App
B04208,H016,G02105,2025-08-07,2025-08-28,2025-08-29,Corporate Booking
B04209,H013,G02106,2026-04-16,2026-05-16,2026-05-19,Hotel Website
B04210,H008,G02107,2024-04-20,2024-04-26,2024-04-28,Hotel Website
B04211,H015,G02107,2025-02-21,2025-03-06,2025-03-10,Mobile App
B04212,H004,G02108,2024-01-23,2024-01-26,2024-02-01,Hotel Website
B04213,H008,G02108,2024-10-25,2024-11-16,2024-11-18,OTA
B04214,H003,G02108,2025-04-19,2025-04-20,2025-04-24,OTA
B04215,H007,G02109,2025-03-01,2025-03-17,2025-03-19,Corporate Booking
B04216,H014,G02109,2026-03-16,2026-03-29,2026-03-30,Corporate Booking
B04217,H005,G02109,2026-07-14,2026-07-24,2026-07-31,Travel Agent
B04218,H012,G02110,2025-06-07,2025-06-18,2025-06-21,Mobile App
B04219,H011,G02110,2025-12-05,2025-12-08,2025-12-11,OTA
B04220,H006,G02111,2024-09-06,2024-09-10,2024-09-12,OTA
B04221,H003,G02111,2025-05-18,2025-06-17,2025-06-22,OTA
B04222,H014,G02112,2024-01-02,2024-01-14,2024-01-17,Phone Booking
B04223,H016,G02112,2024-10-24,2024-11-08,2024-11-13,Hotel Website
B04224,H013,G02112,2026-01-20,2026-02-05,2026-02-10,OTA
B04225,H013,G02112,2026-02-21,2026-03-17,2026-03-18,Travel Agent
B04226,H011,G02113,2024-09-07,2024-09-30,2024-10-02,Corporate Booking
B04227,H005,G02113,2026-03-13,2026-03-14,2026-03-18,Walk-in
B04228,H016,G02114,2025-03-27,2025-04-02,2025-04-05,Corporate Booking
B04229,H011,G02114,2025-11-02,2025-11-10,2025-11-11,OTA
B04230,H015,G02115,2024-01-12,2024-02-21,2024-02-24,Corporate Booking
B04231,H017,G02116,2026-04-29,2026-05-15,2026-05-17,Hotel Website
B04232,H011,G02116,2026-06-10,2026-06-29,2026-06-30,OTA
B04233,H002,G02116,2026-06-29,2026-07-21,2026-07-25,OTA
B04234,H003,G02117,2025-11-02,2025-11-08,2025-11-11,Hotel Website
B04235,H010,G02118,2024-09-28,2024-09-29,2024-09-30,OTA
B04236,H011,G02118,2025-09-26,2025-09-29,2025-10-01,Mobile App
B04237,H007,G02119,2024-10-29,2024-12-11,2024-12-15,Corporate Booking
B04238,H001,G02119,2026-03-22,2026-03-26,2026-03-29,Hotel Website
B04239,H003,G02120,2024-01-09,2024-02-03,2024-02-05,OTA
B04240,H012,G02121,2024-12-01,2024-12-19,2024-12-22,Hotel Website
B04241,H003,G02121,2026-07-12,2026-07-15,2026-07-19,OTA
B04242,H002,G02122,2024-10-29,2024-11-01,2024-11-03,Mobile App
B04243,H005,G02122,2024-11-30,2024-12-18,2024-12-21,Mobile App
B04244,H005,G02122,2025-10-30,2025-11-05,2025-11-07,Hotel Website
B04245,H001,G02123,2025-12-02,2025-12-03,2025-12-07,Walk-in
B04246,H003,G02123,2026-07-05,2026-07-18,2026-07-24,Hotel Website
B04247,H003,G02123,2026-08-16,2026-08-26,2026-08-31,Phone Booking
B04248,H002,G02124,2024-12-24,2025-01-06,2025-01-09,OTA
B04249,H017,G02125,2024-08-31,2024-09-05,2024-09-07,OTA
B04250,H015,G02126,2025-01-30,2025-02-16,2025-02-17,Corporate Booking
B04251,H007,G02126,2026-01-11,2026-02-10,2026-02-12,OTA
B04252,H003,G02127,2024-07-09,2024-08-10,2024-08-15,Travel Agent
B04253,H012,G02127,2025-11-28,2025-12-15,2025-12-17,Mobile App
B04254,H002,G02128,2024-06-01,2024-06-18,2024-06-25,OTA
B04255,H004,G02129,2025-02-07,2025-02-25,2025-02-27,Hotel Website
B04256,H004,G02129,2026-02-27,2026-03-20,2026-03-23,OTA
B04257,H001,G02130,2024-11-04,2024-11-29,2024-12-04,Corporate Booking
B04258,H001,G02130,2026-01-31,2026-02-20,2026-02-24,OTA
B04259,H004,G02131,2024-02-22,2024-03-14,2024-03-17,Hotel Website
B04260,H002,G02131,2025-05-02,2025-05-03,2025-05-06,Walk-in
B04261,H014,G02132,2025-06-21,2025-07-07,2025-07-08,Travel Agent
B04262,H012,G02132,2026-02-14,2026-03-05,2026-03-06,OTA
B04263,H013,G02133,2025-02-17,2025-02-24,2025-02-26,OTA
B04264,H005,G02134,2024-01-01,2024-01-06,2024-01-08,Travel Agent
B04265,H007,G02134,2025-03-04,2025-03-22,2025-03-24,OTA
B04266,H002,G02135,2025-04-15,2025-04-25,2025-05-01,OTA
B04267,H006,G02136,2024-02-05,2024-02-17,2024-02-21,OTA
B04268,H001,G02137,2024-06-20,2024-07-10,2024-07-12,OTA
B04269,H011,G02137,2025-09-19,2025-09-28,2025-09-29,OTA
B04270,H006,G02138,2024-01-15,2024-01-27,2024-01-30,Travel Agent
B04271,H019,G02138,2026-08-15,2026-08-20,2026-08-25,Travel Agent
B04272,H014,G02139,2026-06-29,2026-07-13,2026-07-17,Mobile App
B04273,H016,G02139,2026-07-25,2026-08-20,2026-08-24,Corporate Booking
B04274,H003,G02140,2025-01-07,2025-02-11,2025-02-14,Travel Agent
B04275,H014,G02140,2025-11-11,2025-11-17,2025-11-20,Mobile App
B04276,H008,G02141,2025-02-16,2025-04-02,2025-04-03,Travel Agent
B04277,H005,G02142,2024-01-03,2024-01-05,2024-01-08,OTA
B04278,H014,G02142,2024-02-06,2024-02-07,2024-02-09,Walk-in
B04279,H017,G02143,2026-03-20,2026-04-16,2026-04-20,Hotel Website
B04280,H014,G02143,2026-06-30,2026-08-03,2026-08-05,Corporate Booking
B04281,H014,G02143,2024-02-03,2024-03-01,2024-03-06,Hotel Website
B04282,H002,G02143,2024-04-15,2024-05-13,2024-05-19,Hotel Website
B04283,H003,G02144,2025-01-28,2025-02-13,2025-02-16,OTA
B04284,H005,G02145,2024-11-05,2024-12-05,2024-12-08,Corporate Booking
B04285,H013,G02146,2026-07-03,2026-07-13,2026-07-14,OTA
B04286,H004,G02146,2026-07-24,2026-08-14,2026-08-19,Mobile App
B04287,H019,G02147,2025-11-24,2025-11-29,2025-12-01,Travel Agent
B04288,H008,G02147,2026-02-10,2026-03-11,2026-03-13,Hotel Website
B04289,H001,G02148,2026-06-29,2026-07-09,2026-07-13,OTA
B04290,H019,G02149,2024-02-20,2024-03-11,2024-03-14,Phone Booking
B04291,H001,G02150,2024-08-25,2024-09-06,2024-09-08,Travel Agent
B04292,H017,G02150,2025-03-03,2025-03-27,2025-03-28,OTA
B04293,H014,G02151,2026-02-27,2026-03-16,2026-03-19,Phone Booking
B04294,H014,G02152,2024-10-23,2024-11-15,2024-11-18,Corporate Booking
B04295,H014,G02152,2026-03-15,2026-04-28,2026-04-29,Corporate Booking
B04296,H011,G02153,2025-02-07,2025-02-09,2025-02-10,Mobile App
B04297,H012,G02153,2026-03-26,2026-04-21,2026-04-24,OTA
B04298,H003,G02153,2026-06-17,2026-07-10,2026-07-15,OTA
B04299,H007,G02153,2026-08-19,2026-08-25,2026-08-27,OTA
B04300,H002,G02154,2024-08-14,2024-08-25,2024-08-27,Travel Agent
B04301,H020,G02154,2026-01-30,2026-01-31,2026-02-02,Walk-in
B04302,H007,G02154,2026-05-05,2026-05-28,2026-05-31,Hotel Website
B04303,H016,G02155,2025-12-01,2025-12-13,2025-12-14,Hotel Website
B04304,H016,G02155,2026-07-05,2026-07-14,2026-07-15,Mobile App
B04305,H013,G02156,2024-12-20,2025-01-24,2025-01-25,Hotel Website
B04306,H013,G02157,2025-12-02,2025-12-19,2025-12-20,OTA
B04307,H013,G02157,2026-01-09,2026-01-26,2026-01-27,Travel Agent
B04308,H007,G02157,2026-03-01,2026-03-27,2026-03-31,OTA
B04309,H020,G02157,2026-04-23,2026-05-18,2026-05-20,Travel Agent
B04310,H015,G02158,2024-01-03,2024-01-07,2024-01-11,Hotel Website
B04311,H016,G02158,2024-06-09,2024-06-19,2024-06-20,Mobile App
B04312,H002,G02159,2024-10-29,2024-11-08,2024-11-13,Phone Booking
B04313,H003,G02159,2025-05-24,2025-06-19,2025-06-24,Travel Agent
B04314,H003,G02160,2025-09-13,2025-10-26,2025-10-31,Travel Agent
B04315,H013,G02160,2026-04-25,2026-04-28,2026-04-29,OTA
B04316,H011,G02160,2026-08-08,2026-08-09,2026-08-11,Walk-in
B04317,H013,G02160,2025-10-07,2025-10-21,2025-10-22,Phone Booking
B04318,H002,G02161,2026-05-07,2026-06-02,2026-06-04,OTA
B04319,H015,G02161,2026-07-08,2026-08-03,2026-08-06,OTA
B04320,H002,G02162,2025-01-20,2025-02-19,2025-02-22,Hotel Website
B04321,H015,G02162,2025-05-18,2025-06-01,2025-06-04,Hotel Website
B04322,H004,G02162,2025-12-07,2025-12-08,2025-12-15,Walk-in
B04323,H016,G02163,2026-06-23,2026-07-06,2026-07-07,Hotel Website
B04324,H002,G02164,2025-08-06,2025-09-19,2025-09-22,Travel Agent
B04325,H002,G02164,2025-12-31,2026-01-24,2026-01-27,Travel Agent
B04326,H013,G02164,2026-02-27,2026-03-20,2026-03-23,Travel Agent
B04327,H004,G02165,2026-07-22,2026-08-10,2026-08-13,Travel Agent
B04328,H004,G02165,2024-03-15,2024-04-02,2024-04-06,OTA
B04329,H020,G02165,2025-02-05,2025-02-06,2025-02-10,Walk-in
B04330,H014,G02166,2024-01-06,2024-02-07,2024-02-09,Corporate Booking
B04331,H014,G02166,2024-06-17,2024-07-17,2024-07-18,Hotel Website
B04332,H012,G02167,2026-02-11,2026-02-28,2026-03-05,OTA
B04333,H005,G02167,2026-03-25,2026-04-15,2026-04-18,Phone Booking
B04334,H018,G02168,2024-06-13,2024-07-15,2024-07-17,Travel Agent
B04335,H016,G02168,2025-05-05,2025-05-30,2025-05-31,Corporate Booking
B04336,H014,G02168,2026-05-02,2026-05-07,2026-05-08,Travel Agent
B04337,H007,G02169,2025-01-30,2025-02-09,2025-02-11,OTA
B04338,H016,G02170,2024-01-02,2024-01-19,2024-01-23,Corporate Booking
B04339,H013,G02171,2024-09-19,2024-10-01,2024-10-02,Travel Agent
B04340,H006,G02171,2026-02-06,2026-02-15,2026-02-17,OTA
B04341,H004,G02171,2026-03-10,2026-03-15,2026-03-20,Mobile App
B04342,H005,G02172,2024-03-14,2024-03-22,2024-03-25,Travel Agent
B04343,H003,G02173,2024-02-26,2024-03-22,2024-03-28,Travel Agent
B04344,H020,G02173,2024-05-27,2024-05-29,2024-05-31,OTA
B04345,H013,G02173,2024-07-14,2024-07-21,2024-07-24,OTA
B04346,H016,G02173,2025-01-11,2025-02-09,2025-02-12,OTA
B04347,H010,G02174,2025-04-17,2025-05-08,2025-05-09,Mobile App
B04348,H016,G02174,2025-06-08,2025-06-22,2025-06-23,Phone Booking
B04349,H018,G02175,2025-03-24,2025-04-14,2025-04-18,Mobile App
B04350,H004,G02176,2026-08-15,2026-08-16,2026-08-22,Walk-in
B04351,H001,G02176,2024-12-20,2025-01-03,2025-01-07,OTA
B04352,H004,G02177,2025-01-07,2025-02-06,2025-02-09,OTA
B04353,H015,G02177,2026-04-29,2026-05-09,2026-05-14,OTA
B04354,H005,G02177,2026-07-23,2026-08-06,2026-08-09,Travel Agent
B04355,H001,G02178,2025-03-15,2025-03-30,2025-04-05,OTA
B04356,H013,G02178,2026-01-15,2026-02-13,2026-02-14,OTA
B04357,H005,G02178,2026-03-27,2026-04-11,2026-04-17,OTA
B04358,H002,G02179,2024-09-15,2024-09-17,2024-09-21,OTA
B04359,H007,G02179,2024-10-15,2024-10-24,2024-10-29,Corporate Booking
B04360,H011,G02180,2026-06-14,2026-06-20,2026-06-22,Hotel Website
B04361,H001,G02180,2026-06-10,2026-07-22,2026-07-28,Travel Agent
B04362,H001,G02180,2026-08-22,2026-08-26,2026-08-31,OTA
B04363,H001,G02181,2024-11-12,2024-11-25,2024-11-29,Hotel Website
B04364,H004,G02181,2026-02-27,2026-03-07,2026-03-14,Hotel Website
B04365,H015,G02182,2024-11-18,2024-11-19,2024-11-20,Mobile App
B04366,H015,G02182,2025-10-31,2025-11-01,2025-11-02,Walk-in
B04367,H001,G02183,2025-01-28,2025-02-03,2025-02-06,OTA
B04368,H004,G02184,2024-01-03,2024-01-06,2024-01-10,Hotel Website
B04369,H015,G02185,2026-02-08,2026-02-17,2026-02-20,Travel Agent
B04370,H015,G02185,2026-03-23,2026-04-21,2026-04-24,Travel Agent
B04371,H019,G02186,2024-11-22,2024-11-27,2024-11-29,Mobile App
B04372,H019,G02186,2025-02-24,2025-03-03,2025-03-04,Mobile App
B04373,H016,G02186,2025-03-16,2025-04-12,2025-04-13,Hotel Website
B04374,H017,G02186,2025-05-18,2025-05-23,2025-05-26,OTA
B04375,H004,G02187,2026-02-10,2026-03-08,2026-03-12,OTA
B04376,H008,G02187,2026-07-12,2026-07-19,2026-07-24,OTA
B04377,H016,G02187,2024-09-01,2024-09-15,2024-09-17,Travel Agent
B04378,H020,G02188,2024-02-03,2024-03-02,2024-03-03,Corporate Booking
B04379,H020,G02189,2026-05-04,2026-06-07,2026-06-10,Hotel Website
B04380,H003,G02189,2026-07-15,2026-07-22,2026-07-25,Travel Agent
B04381,H003,G02190,2025-11-24,2025-12-13,2025-12-15,OTA
B04382,H007,G02191,2024-08-21,2024-09-03,2024-09-04,OTA
B04383,H015,G02191,2025-08-17,2025-09-02,2025-09-04,OTA
B04384,H016,G02192,2026-07-22,2026-08-14,2026-08-17,Hotel Website
B04385,H016,G02192,2024-06-08,2024-06-09,2024-06-11,OTA
B04386,H012,G02193,2026-04-12,2026-05-17,2026-05-18,Hotel Website
B04387,H004,G02193,2026-06-20,2026-06-23,2026-06-26,Hotel Website
B04388,H014,G02194,2024-08-18,2024-09-07,2024-09-09,Travel Agent
B04389,H005,G02195,2024-01-02,2024-01-11,2024-01-14,Hotel Website
B04390,H007,G02196,2024-01-29,2024-02-08,2024-02-11,Corporate Booking
B04391,H004,G02196,2025-12-30,2026-01-10,2026-01-13,OTA
B04392,H006,G02197,2026-06-03,2026-06-27,2026-07-03,OTA
B04393,H014,G02197,2026-08-23,2026-08-29,2026-08-31,Phone Booking
B04394,H002,G02198,2025-08-13,2025-08-20,2025-08-23,Hotel Website
B04395,H002,G02198,2025-12-05,2026-01-03,2026-01-09,Hotel Website
B04396,H017,G02198,2026-04-25,2026-04-29,2026-04-30,Mobile App
B04397,H015,G02199,2025-09-17,2025-09-25,2025-09-27,Hotel Website
B04398,H016,G02200,2025-11-10,2025-11-26,2025-11-27,Hotel Website
B04399,H007,G02200,2026-06-08,2026-06-21,2026-06-23,Travel Agent
B04400,H002,G02201,2024-01-30,2024-02-18,2024-02-20,Corporate Booking
B04401,H004,G02201,2025-11-09,2025-11-24,2025-11-29,Travel Agent
B04402,H003,G02201,2026-05-26,2026-05-31,2026-06-05,OTA
B04403,H014,G02202,2025-12-07,2025-12-08,2025-12-09,Walk-in
B04404,H012,G02203,2024-06-05,2024-07-10,2024-07-13,Corporate Booking
B04405,H004,G02203,2025-05-25,2025-06-12,2025-06-14,Phone Booking
B04406,H015,G02203,2025-12-16,2026-01-26,2026-01-28,Corporate Booking
B04407,H015,G02203,2026-04-24,2026-05-11,2026-05-12,Mobile App
B04408,H014,G02204,2025-12-31,2026-01-15,2026-01-18,Corporate Booking
B04409,H013,G02204,2026-05-29,2026-06-12,2026-06-13,Hotel Website
B04410,H015,G02205,2025-08-17,2025-09-15,2025-09-16,OTA
B04411,H020,G02205,2025-12-25,2026-01-05,2026-01-09,Mobile App
B04412,H006,G02206,2024-04-01,2024-04-10,2024-04-12,Mobile App
B04413,H006,G02206,2025-10-20,2025-11-08,2025-11-12,Hotel Website
B04414,H019,G02207,2024-03-16,2024-03-31,2024-04-03,OTA
B04415,H019,G02207,2025-11-02,2025-11-13,2025-11-15,Hotel Website
B04416,H005,G02207,2026-06-09,2026-06-13,2026-06-20,OTA
B04417,H005,G02207,2026-07-15,2026-08-01,2026-08-03,OTA
B04418,H014,G02208,2025-04-21,2025-05-28,2025-05-29,Corporate Booking
B04419,H003,G02209,2026-07-24,2026-08-08,2026-08-14,Travel Agent
B04420,H014,G02209,2024-07-22,2024-08-05,2024-08-07,Corporate Booking
B04421,H001,G02210,2025-05-03,2025-06-09,2025-06-16,Corporate Booking
B04422,H001,G02210,2026-01-22,2026-01-23,2026-01-26,Walk-in
B04423,H011,G02210,2026-08-01,2026-08-02,2026-08-04,Walk-in
B04424,H019,G02211,2024-10-07,2024-10-28,2024-11-02,Hotel Website
B04425,H003,G02211,2025-11-22,2025-11-23,2025-11-25,Walk-in
B04426,H016,G02212,2024-11-29,2024-12-20,2024-12-21,Mobile App
B04427,H011,G02213,2026-05-23,2026-06-02,2026-06-05,Corporate Booking
B04428,H003,G02214,2025-01-30,2025-03-03,2025-03-05,Travel Agent
B04429,H003,G02214,2026-04-09,2026-05-01,2026-05-04,OTA
B04430,H014,G02215,2025-12-14,2025-12-24,2025-12-28,Phone Booking
B04431,H012,G02215,2026-01-07,2026-02-04,2026-02-05,Corporate Booking
B04432,H007,G02215,2026-06-17,2026-07-07,2026-07-10,OTA
B04433,H001,G02216,2026-04-06,2026-04-07,2026-04-13,Walk-in
B04434,H007,G02217,2026-03-21,2026-03-22,2026-03-25,Phone Booking
B04435,H004,G02217,2026-05-08,2026-06-01,2026-06-05,OTA
B04436,H003,G02218,2025-05-29,2025-06-08,2025-06-10,Phone Booking
B04437,H003,G02218,2026-04-21,2026-05-22,2026-05-26,Hotel Website
B04438,H003,G02219,2025-11-11,2025-12-02,2025-12-07,Corporate Booking
B04439,H003,G02219,2026-07-18,2026-07-20,2026-07-23,Phone Booking
B04440,H003,G02219,2026-08-09,2026-08-28,2026-08-31,Mobile App
B04441,H012,G02219,2024-12-26,2024-12-27,2024-12-31,Walk-in
B04442,H008,G02220,2024-02-11,2024-02-17,2024-02-20,OTA
B04443,H001,G02220,2025-12-21,2025-12-30,2026-01-04,Mobile App
B04444,H015,G02221,2024-03-23,2024-04-23,2024-04-25,Hotel Website
B04445,H003,G02221,2024-10-06,2024-10-22,2024-10-28,Hotel Website
B04446,H015,G02221,2026-04-30,2026-05-26,2026-05-27,Hotel Website
B04447,H015,G02221,2026-07-08,2026-07-15,2026-07-17,OTA
B04448,H002,G02222,2025-02-26,2025-03-15,2025-03-20,Mobile App
B04449,H002,G02222,2025-04-15,2025-04-16,2025-04-20,Walk-in
B04450,H001,G02223,2025-07-23,2025-08-11,2025-08-14,OTA
B04451,H014,G02223,2025-10-26,2025-11-02,2025-11-04,Corporate Booking
B04452,H009,G02224,2024-06-09,2024-06-17,2024-06-20,Corporate Booking
B04453,H020,G02224,2026-04-14,2026-04-17,2026-04-20,OTA
B04454,H008,G02225,2024-01-20,2024-02-11,2024-02-13,OTA
B04455,H015,G02225,2024-06-24,2024-07-19,2024-07-22,Corporate Booking
B04456,H004,G02226,2026-01-13,2026-01-29,2026-02-04,OTA
B04457,H018,G02227,2025-12-25,2026-01-14,2026-01-16,Travel Agent
B04458,H016,G02227,2026-03-09,2026-04-03,2026-04-07,Hotel Website
B04459,H001,G02228,2024-12-01,2024-12-30,2025-01-02,Travel Agent
B04460,H001,G02228,2026-04-10,2026-04-17,2026-04-19,Mobile App
B04461,H020,G02228,2026-06-14,2026-06-18,2026-06-21,Hotel Website
B04462,H016,G02229,2026-07-03,2026-08-05,2026-08-09,Corporate Booking
B04463,H002,G02229,2024-11-10,2024-12-14,2024-12-20,Hotel Website
B04464,H008,G02230,2025-01-29,2025-02-25,2025-03-03,OTA
B04465,H003,G02230,2025-11-19,2025-11-20,2025-11-22,Walk-in
B04466,H020,G02230,2025-12-27,2026-01-21,2026-01-22,OTA
B04467,H009,G02230,2026-02-26,2026-03-17,2026-03-19,Mobile App
B04468,H019,G02231,2025-10-21,2025-11-10,2025-11-12,Hotel Website
B04469,H006,G02231,2026-02-16,2026-03-16,2026-03-20,Corporate Booking
B04470,H007,G02232,2026-01-19,2026-02-02,2026-02-03,Phone Booking
B04471,H016,G02232,2026-08-05,2026-08-17,2026-08-19,Phone Booking
B04472,H015,G02233,2026-05-31,2026-06-19,2026-06-20,OTA
B04473,H012,G02234,2024-10-24,2024-10-29,2024-10-30,Corporate Booking
B04474,H004,G02234,2025-11-22,2025-11-23,2025-11-29,Walk-in
B04475,H004,G02235,2026-01-17,2026-02-15,2026-02-17,OTA
B04476,H014,G02235,2026-06-06,2026-07-04,2026-07-05,OTA
B04477,H016,G02235,2026-07-14,2026-08-05,2026-08-06,OTA
B04478,H005,G02235,2025-04-21,2025-05-11,2025-05-14,Mobile App
B04479,H011,G02236,2026-04-18,2026-04-27,2026-04-30,OTA
B04480,H010,G02236,2026-07-18,2026-08-09,2026-08-12,OTA
B04481,H008,G02236,2026-03-21,2026-04-12,2026-04-13,Hotel Website
B04482,H011,G02236,2026-05-25,2026-05-26,2026-05-27,Walk-in
B04483,H004,G02237,2025-03-27,2025-04-13,2025-04-17,Hotel Website
B04484,H016,G02237,2026-02-17,2026-02-18,2026-02-19,Walk-in
B04485,H005,G02237,2026-06-02,2026-06-13,2026-06-16,OTA
B04486,H007,G02238,2025-03-01,2025-03-13,2025-03-17,Phone Booking
B04487,H015,G02239,2025-11-12,2025-11-13,2025-11-16,Walk-in
B04488,H011,G02239,2026-07-06,2026-07-24,2026-07-26,Mobile App
B04489,H006,G02239,2026-08-04,2026-08-20,2026-08-23,Hotel Website
B04490,H001,G02239,2024-09-16,2024-10-11,2024-10-15,OTA
B04491,H011,G02240,2025-09-25,2025-10-05,2025-10-07,OTA
B04492,H014,G02240,2025-11-27,2025-12-12,2025-12-14,OTA
B04493,H006,G02241,2024-12-23,2024-12-29,2025-01-01,Phone Booking
B04494,H012,G02241,2025-10-16,2025-11-11,2025-11-13,Hotel Website
B04495,H015,G02241,2026-01-11,2026-02-14,2026-02-16,Corporate Booking
B04496,H002,G02241,2026-05-24,2026-05-25,2026-05-29,Phone Booking
B04497,H002,G02241,2026-06-16,2026-07-05,2026-07-09,OTA
B04498,H014,G02242,2026-02-22,2026-02-25,2026-03-01,Hotel Website
B04499,H019,G02242,2026-08-10,2026-08-29,2026-08-31,OTA
B04500,H014,G02243,2025-01-04,2025-01-21,2025-01-24,Corporate Booking
B04501,H007,G02243,2025-08-09,2025-08-20,2025-08-23,OTA
B04502,H016,G02244,2026-03-04,2026-04-17,2026-04-22,Travel Agent
B04503,H019,G02244,2026-08-13,2026-08-22,2026-08-26,Hotel Website
B04504,H017,G02245,2025-09-27,2025-10-20,2025-10-22,OTA
B04505,H003,G02245,2026-02-06,2026-02-26,2026-03-03,Phone Booking
B04506,H016,G02246,2026-02-27,2026-03-12,2026-03-14,Hotel Website
B04507,H016,G02246,2026-08-17,2026-08-19,2026-08-20,OTA
B04508,H016,G02247,2024-06-28,2024-08-06,2024-08-12,Corporate Booking
B04509,H014,G02248,2026-02-05,2026-02-12,2026-02-13,Phone Booking
B04510,H015,G02248,2026-06-22,2026-07-08,2026-07-11,Travel Agent
B04511,H018,G02249,2025-02-05,2025-02-14,2025-02-16,Corporate Booking
B04512,H017,G02250,2025-10-06,2025-10-07,2025-10-08,Walk-in
B04513,H003,G02251,2024-10-27,2024-11-05,2024-11-08,OTA
B04514,H003,G02251,2026-01-18,2026-02-21,2026-02-28,Hotel Website
B04515,H012,G02252,2024-08-07,2024-09-15,2024-09-18,Corporate Booking
B04516,H012,G02252,2024-11-17,2024-11-22,2024-11-26,Hotel Website
B04517,H011,G02253,2024-06-09,2024-06-30,2024-07-02,Corporate Booking
B04518,H011,G02253,2026-04-28,2026-05-15,2026-05-19,Hotel Website
B04519,H018,G02254,2024-06-23,2024-06-24,2024-06-27,Walk-in
B04520,H011,G02254,2025-04-09,2025-04-21,2025-04-25,Mobile App
B04521,H010,G02255,2025-08-28,2025-09-09,2025-09-12,OTA
B04522,H018,G02255,2026-03-05,2026-04-01,2026-04-03,OTA
B04523,H001,G02256,2024-01-12,2024-01-13,2024-01-16,Walk-in
B04524,H001,G02256,2025-10-18,2025-11-04,2025-11-06,Hotel Website
B04525,H002,G02257,2025-12-19,2025-12-29,2026-01-03,Mobile App
B04526,H015,G02257,2026-06-22,2026-07-31,2026-08-01,Corporate Booking
B04527,H001,G02258,2025-02-20,2025-02-21,2025-02-27,Mobile App
B04528,H005,G02258,2026-04-28,2026-05-14,2026-05-17,OTA
B04529,H008,G02259,2026-04-23,2026-05-21,2026-05-23,OTA
B04530,H001,G02260,2026-04-20,2026-05-11,2026-05-13,Hotel Website
B04531,H005,G02260,2026-07-05,2026-07-19,2026-07-22,Mobile App
B04532,H011,G02261,2024-03-07,2024-03-26,2024-03-27,OTA
B04533,H005,G02261,2026-03-28,2026-04-26,2026-05-01,Hotel Website
B04534,H018,G02261,2026-07-21,2026-08-22,2026-08-27,Hotel Website
B04535,H015,G02262,2024-04-30,2024-05-07,2024-05-11,Hotel Website
B04536,H008,G02263,2025-12-09,2025-12-16,2025-12-20,Mobile App
B04537,H008,G02264,2026-01-03,2026-02-14,2026-02-16,Corporate Booking
B04538,H012,G02265,2024-07-24,2024-07-25,2024-07-26,Phone Booking
B04539,H001,G02265,2025-07-03,2025-07-24,2025-07-28,OTA
B04540,H011,G02266,2024-11-28,2024-12-20,2024-12-21,Hotel Website
B04541,H017,G02266,2026-04-29,2026-05-29,2026-06-01,OTA
B04542,H011,G02267,2024-01-09,2024-02-10,2024-02-12,Corporate Booking
B04543,H012,G02267,2026-07-21,2026-07-25,2026-07-27,Mobile App
B04544,H012,G02268,2025-03-04,2025-03-29,2025-03-31,OTA
B04545,H004,G02268,2025-09-18,2025-10-15,2025-10-19,Hotel Website
B04546,H004,G02268,2025-12-22,2026-01-23,2026-01-28,Hotel Website
B04547,H005,G02269,2025-10-09,2025-10-28,2025-11-01,Travel Agent
B04548,H013,G02269,2025-12-24,2026-01-27,2026-01-30,Hotel Website
B04549,H013,G02269,2026-07-10,2026-08-05,2026-08-06,Corporate Booking
B04550,H011,G02270,2025-01-15,2025-01-24,2025-01-27,Corporate Booking
B04551,H011,G02270,2025-06-26,2025-07-10,2025-07-11,Hotel Website
B04552,H013,G02270,2026-01-06,2026-01-14,2026-01-15,Mobile App
B04553,H016,G02271,2025-11-28,2025-12-27,2025-12-28,Corporate Booking
B04554,H002,G02272,2024-06-07,2024-06-26,2024-06-30,OTA
B04555,H002,G02272,2025-10-10,2025-11-20,2025-11-24,Travel Agent
B04556,H016,G02273,2026-07-27,2026-07-29,2026-07-31,Mobile App
B04557,H015,G02273,2026-08-04,2026-08-26,2026-08-29,Travel Agent
B04558,H003,G02274,2026-04-02,2026-05-04,2026-05-07,Travel Agent
B04559,H007,G02274,2026-06-30,2026-07-09,2026-07-11,OTA
B04560,H016,G02275,2026-02-08,2026-02-16,2026-02-18,Mobile App
B04561,H002,G02275,2026-02-28,2026-03-31,2026-04-06,Hotel Website
B04562,H005,G02276,2024-09-26,2024-10-10,2024-10-13,Hotel Website
B04563,H020,G02276,2025-09-17,2025-10-19,2025-10-21,Travel Agent
B04564,H020,G02277,2024-07-11,2024-07-12,2024-07-16,Walk-in
B04565,H004,G02277,2024-10-21,2024-10-29,2024-11-05,OTA
B04566,H007,G02278,2024-06-09,2024-07-21,2024-07-23,Travel Agent
B04567,H005,G02278,2025-10-07,2025-10-08,2025-10-11,Walk-in
B04568,H005,G02278,2026-06-20,2026-06-27,2026-06-30,OTA
B04569,H004,G02278,2026-07-10,2026-08-01,2026-08-07,Hotel Website
B04570,H011,G02278,2026-07-23,2026-08-28,2026-08-29,Travel Agent
B04571,H003,G02279,2024-08-26,2024-09-08,2024-09-11,OTA
B04572,H015,G02280,2024-08-11,2024-08-18,2024-08-23,Hotel Website
B04573,H001,G02281,2025-07-10,2025-07-12,2025-07-14,OTA
B04574,H002,G02282,2024-12-10,2025-01-01,2025-01-08,OTA
B04575,H012,G02282,2026-01-16,2026-01-31,2026-02-04,Hotel Website
B04576,H013,G02283,2025-11-12,2025-11-27,2025-11-28,Hotel Website
B04577,H016,G02283,2026-07-27,2026-08-12,2026-08-13,Mobile App
B04578,H015,G02283,2024-03-08,2024-04-12,2024-04-13,Hotel Website
B04579,H019,G02284,2026-02-14,2026-03-01,2026-03-03,OTA
B04580,H017,G02284,2026-05-20,2026-06-08,2026-06-09,OTA
B04581,H001,G02285,2024-05-23,2024-06-10,2024-06-15,Travel Agent
B04582,H001,G02286,2025-11-19,2025-11-20,2025-11-25,Walk-in
B04583,H002,G02287,2026-05-16,2026-05-20,2026-05-23,OTA
B04584,H007,G02287,2026-07-23,2026-08-04,2026-08-06,Hotel Website
B04585,H001,G02288,2024-06-27,2024-06-28,2024-07-04,Walk-in
B04586,H014,G02289,2025-02-09,2025-02-11,2025-02-12,OTA
B04587,H004,G02290,2024-01-06,2024-01-12,2024-01-18,Phone Booking
B04588,H003,G02290,2025-01-28,2025-02-15,2025-02-20,OTA
B04589,H005,G02290,2026-06-20,2026-07-20,2026-07-23,OTA
B04590,H017,G02291,2024-05-16,2024-05-27,2024-05-28,OTA
B04591,H014,G02291,2026-04-03,2026-04-20,2026-04-23,Mobile App
B04592,H014,G02291,2026-04-21,2026-05-26,2026-05-29,Hotel Website
B04593,H011,G02291,2026-06-20,2026-08-03,2026-08-07,Corporate Booking
B04594,H004,G02292,2026-02-12,2026-02-25,2026-02-28,Travel Agent
B04595,H007,G02293,2025-02-25,2025-03-02,2025-03-03,OTA
B04596,H008,G02293,2025-03-31,2025-04-09,2025-04-11,Mobile App
B04597,H005,G02294,2025-11-16,2025-11-29,2025-12-03,Mobile App
B04598,H015,G02294,2026-07-25,2026-07-31,2026-08-01,Travel Agent
B04599,H014,G02295,2025-12-15,2025-12-17,2025-12-20,Phone Booking
B04600,H014,G02295,2026-08-06,2026-08-10,2026-08-11,Mobile App
B04601,H005,G02296,2025-12-25,2026-01-15,2026-01-17,Mobile App
B04602,H005,G02296,2026-03-03,2026-04-02,2026-04-07,OTA
B04603,H004,G02297,2024-05-02,2024-05-05,2024-05-10,Phone Booking
B04604,H004,G02297,2024-05-26,2024-06-20,2024-06-26,Travel Agent
B04605,H004,G02297,2025-09-27,2025-10-09,2025-10-15,OTA
B04606,H018,G02298,2025-06-22,2025-06-27,2025-07-02,Hotel Website
B04607,H015,G02299,2026-05-07,2026-06-10,2026-06-12,Hotel Website
B04608,H003,G02300,2025-07-22,2025-07-24,2025-07-27,Phone Booking
B04609,H017,G02300,2025-12-08,2026-01-01,2026-01-03,OTA
B04610,H004,G02301,2024-11-01,2024-11-17,2024-11-19,Travel Agent
B04611,H018,G02301,2026-05-17,2026-05-30,2026-05-31,Phone Booking
B04612,H012,G02302,2025-07-23,2025-08-25,2025-08-27,Corporate Booking
B04613,H004,G02303,2025-09-12,2025-10-10,2025-10-13,Travel Agent
B04614,H015,G02303,2025-11-05,2025-12-02,2025-12-05,Travel Agent
B04615,H002,G02304,2025-10-01,2025-10-18,2025-10-22,OTA
B04616,H013,G02304,2026-05-24,2026-06-14,2026-06-16,Hotel Website
B04617,H013,G02305,2024-05-17,2024-05-26,2024-05-27,OTA
B04618,H013,G02305,2024-10-24,2024-11-02,2024-11-03,Phone Booking
B04619,H015,G02306,2025-07-27,2025-07-30,2025-08-02,Phone Booking
B04620,H008,G02306,2026-04-12,2026-05-22,2026-05-26,Corporate Booking
B04621,H015,G02307,2026-01-05,2026-02-08,2026-02-12,Corporate Booking
B04622,H017,G02307,2026-03-09,2026-04-10,2026-04-12,Corporate Booking
B04623,H001,G02307,2026-06-29,2026-07-14,2026-07-16,Mobile App
B04624,H003,G02308,2024-10-21,2024-11-06,2024-11-10,OTA
B04625,H003,G02308,2026-05-01,2026-06-04,2026-06-09,Travel Agent
B04626,H015,G02309,2025-03-18,2025-03-19,2025-03-20,OTA
B04627,H003,G02309,2025-11-20,2025-12-20,2025-12-23,Hotel Website
B04628,H005,G02310,2024-02-18,2024-03-08,2024-03-13,OTA
B04629,H003,G02311,2024-11-30,2024-12-11,2024-12-15,OTA
B04630,H002,G02311,2025-05-19,2025-05-30,2025-06-03,Phone Booking
B04631,H007,G02311,2026-06-09,2026-06-10,2026-06-12,Walk-in
B04632,H016,G02312,2026-04-01,2026-04-27,2026-04-28,OTA
B04633,H002,G02313,2025-11-02,2025-11-16,2025-11-20,Mobile App
B04634,H017,G02313,2026-03-03,2026-03-18,2026-03-19,Corporate Booking
B04635,H012,G02314,2025-02-21,2025-02-28,2025-03-03,Mobile App
B04636,H012,G02314,2025-04-27,2025-05-14,2025-05-15,Corporate Booking
B04637,H012,G02314,2026-07-01,2026-08-03,2026-08-05,Travel Agent
B04638,H018,G02315,2026-05-06,2026-06-04,2026-06-07,Travel Agent
B04639,H005,G02315,2026-08-27,2026-08-28,2026-08-31,Walk-in
B04640,H004,G02315,2026-04-15,2026-04-17,2026-04-21,Hotel Website
B04641,H003,G02316,2024-03-22,2024-04-23,2024-04-26,Travel Agent
B04642,H018,G02317,2025-04-09,2025-04-27,2025-04-29,OTA
B04643,H005,G02318,2026-01-23,2026-02-07,2026-02-13,OTA
B04644,H005,G02318,2026-04-04,2026-05-06,2026-05-10,Travel Agent
B04645,H008,G02319,2024-02-11,2024-03-11,2024-03-13,Corporate Booking
B04646,H008,G02319,2026-02-07,2026-02-22,2026-02-24,Phone Booking
B04647,H011,G02319,2026-06-17,2026-07-22,2026-07-24,Hotel Website
B04648,H002,G02319,2026-05-08,2026-05-16,2026-05-20,Hotel Website
B04649,H012,G02320,2026-07-27,2026-08-08,2026-08-11,OTA
B04650,H004,G02320,2026-05-31,2026-06-04,2026-06-08,Hotel Website
B04651,H004,G02320,2026-07-05,2026-07-28,2026-08-03,OTA
B04652,H013,G02321,2025-05-11,2025-05-12,2025-05-15,Walk-in
B04653,H005,G02321,2026-04-01,2026-04-05,2026-04-08,OTA
B04654,H002,G02322,2026-08-03,2026-08-18,2026-08-23,OTA
B04655,H010,G02323,2026-02-15,2026-02-24,2026-02-27,Travel Agent
B04656,H002,G02323,2026-08-02,2026-08-09,2026-08-13,OTA
B04657,H012,G02324,2024-01-27,2024-02-06,2024-02-07,Mobile App
B04658,H014,G02324,2024-02-12,2024-03-18,2024-03-21,Hotel Website
B04659,H012,G02325,2024-10-13,2024-10-27,2024-10-28,OTA
B04660,H020,G02325,2025-01-09,2025-01-11,2025-01-14,OTA
B04661,H019,G02325,2026-01-22,2026-01-30,2026-02-01,Mobile App
B04662,H001,G02325,2026-07-04,2026-07-26,2026-07-29,Travel Agent
B04663,H015,G02325,2026-07-19,2026-08-27,2026-08-28,Corporate Booking
B04664,H016,G02326,2025-08-01,2025-08-02,2025-08-03,OTA
B04665,H004,G02327,2025-01-27,2025-02-03,2025-02-05,Mobile App
B04666,H004,G02327,2025-05-16,2025-05-22,2025-05-24,Hotel Website
B04667,H013,G02327,2025-07-17,2025-07-21,2025-07-23,Mobile App
B04668,H014,G02328,2024-05-19,2024-05-20,2024-05-23,Walk-in
B04669,H017,G02328,2026-04-03,2026-04-24,2026-04-26,OTA
B04670,H019,G02329,2026-02-20,2026-02-21,2026-02-23,Walk-in
B04671,H015,G02330,2025-07-08,2025-07-24,2025-07-27,Corporate Booking
B04672,H005,G02331,2025-11-02,2025-11-08,2025-11-11,OTA
B04673,H003,G02331,2026-02-01,2026-02-21,2026-02-23,Mobile App
B04674,H015,G02332,2026-02-07,2026-02-23,2026-02-27,Corporate Booking
B04675,H004,G02332,2026-07-19,2026-07-25,2026-08-01,Hotel Website
B04676,H004,G02332,2026-08-28,2026-08-29,2026-08-31,Phone Booking
B04677,H014,G02333,2024-10-20,2024-11-15,2024-11-16,Hotel Website
B04678,H002,G02333,2026-06-19,2026-07-12,2026-07-15,Corporate Booking
B04679,H003,G02334,2025-10-15,2025-10-25,2025-10-28,Mobile App
B04680,H003,G02334,2026-02-10,2026-03-11,2026-03-18,OTA
B04681,H014,G02334,2026-04-26,2026-05-18,2026-05-19,Hotel Website
B04682,H004,G02335,2024-03-21,2024-03-22,2024-03-25,Walk-in
B04683,H019,G02336,2026-06-20,2026-07-03,2026-07-08,OTA
B04684,H020,G02337,2026-05-17,2026-06-02,2026-06-06,Phone Booking
B04685,H008,G02337,2026-08-28,2026-08-29,2026-08-30,Walk-in
B04686,H013,G02337,2024-11-14,2024-11-25,2024-11-29,OTA
B04687,H001,G02338,2024-01-01,2024-01-04,2024-01-07,Travel Agent
B04688,H015,G02338,2026-08-05,2026-08-28,2026-08-31,OTA
B04689,H020,G02339,2024-08-11,2024-08-12,2024-08-17,Walk-in
B04690,H012,G02339,2024-10-07,2024-10-21,2024-10-23,OTA
B04691,H013,G02339,2025-09-30,2025-10-27,2025-10-29,Corporate Booking
B04692,H004,G02339,2026-01-28,2026-02-05,2026-02-10,Hotel Website
B04693,H010,G02340,2025-05-14,2025-06-01,2025-06-02,Mobile App
B04694,H001,G02340,2025-06-30,2025-07-01,2025-07-07,Walk-in
B04695,H008,G02341,2026-06-30,2026-07-01,2026-07-04,Walk-in
B04696,H007,G02342,2024-02-21,2024-03-22,2024-03-26,OTA
B04697,H007,G02342,2025-12-25,2026-01-02,2026-01-08,Mobile App
B04698,H015,G02343,2026-04-03,2026-04-14,2026-04-18,OTA
B04699,H005,G02343,2026-04-27,2026-05-13,2026-05-19,Mobile App
B04700,H006,G02343,2026-08-02,2026-08-03,2026-08-06,Mobile App
B04701,H015,G02344,2026-05-02,2026-05-16,2026-05-17,Travel Agent
B04702,H006,G02344,2026-08-10,2026-08-11,2026-08-13,Walk-in
B04703,H006,G02344,2024-01-05,2024-02-02,2024-02-06,OTA
B04704,H016,G02345,2025-10-26,2025-11-19,2025-11-22,Corporate Booking
B04705,H016,G02345,2026-03-16,2026-04-09,2026-04-10,Hotel Website
B04706,H020,G02346,2026-01-28,2026-02-06,2026-02-10,Hotel Website
B04707,H003,G02347,2024-02-21,2024-03-13,2024-03-17,Mobile App
B04708,H003,G02347,2026-04-21,2026-05-16,2026-05-19,Travel Agent
B04709,H011,G02348,2025-01-12,2025-01-13,2025-01-14,Walk-in
B04710,H016,G02348,2025-08-28,2025-09-19,2025-09-21,Hotel Website
B04711,H013,G02349,2024-08-04,2024-08-26,2024-08-27,OTA
B04712,H005,G02349,2024-12-14,2025-01-14,2025-01-17,Travel Agent
B04713,H013,G02350,2024-07-27,2024-08-02,2024-08-03,Mobile App
B04714,H004,G02351,2026-04-14,2026-04-22,2026-04-27,OTA
B04715,H017,G02351,2026-06-18,2026-07-02,2026-07-03,Mobile App
B04716,H018,G02352,2024-07-23,2024-07-25,2024-07-26,Mobile App
B04717,H012,G02352,2025-01-21,2025-02-04,2025-02-05,OTA
B04718,H001,G02353,2025-01-25,2025-01-27,2025-01-29,Phone Booking
B04719,H001,G02354,2024-11-09,2024-11-18,2024-11-23,Hotel Website
B04720,H005,G02355,2026-03-12,2026-03-27,2026-03-29,Mobile App
B04721,H012,G02356,2024-01-27,2024-02-06,2024-02-09,OTA
B04722,H004,G02356,2024-05-18,2024-06-17,2024-06-20,Travel Agent
B04723,H007,G02357,2024-12-23,2025-01-24,2025-01-28,Corporate Booking
B04724,H012,G02357,2025-08-03,2025-08-11,2025-08-14,Corporate Booking
B04725,H020,G02357,2026-04-10,2026-04-25,2026-05-01,Travel Agent
B04726,H003,G02358,2024-01-25,2024-01-31,2024-02-04,Corporate Booking
B04727,H003,G02359,2025-01-06,2025-02-07,2025-02-09,Travel Agent
B04728,H003,G02359,2026-03-19,2026-04-09,2026-04-16,Phone Booking
B04729,H015,G02359,2026-08-03,2026-08-06,2026-08-08,Mobile App
B04730,H010,G02360,2026-01-07,2026-01-21,2026-01-24,Mobile App
B04731,H004,G02360,2026-03-03,2026-03-09,2026-03-12,Travel Agent
B04732,H015,G02360,2026-06-12,2026-07-06,2026-07-07,Corporate Booking
B04733,H006,G02361,2026-01-01,2026-01-05,2026-01-08,OTA
B04734,H004,G02361,2026-06-28,2026-07-14,2026-07-17,Corporate Booking
B04735,H016,G02362,2024-02-20,2024-02-27,2024-02-29,Corporate Booking
B04736,H013,G02362,2025-03-02,2025-03-21,2025-03-22,Mobile App
B04737,H011,G02363,2025-02-11,2025-02-14,2025-02-15,OTA
B04738,H014,G02363,2025-09-28,2025-10-02,2025-10-05,Hotel Website
B04739,H016,G02363,2026-07-13,2026-08-03,2026-08-05,Hotel Website
B04740,H002,G02363,2024-08-27,2024-09-19,2024-09-23,Hotel Website
B04741,H011,G02364,2024-05-29,2024-05-30,2024-05-31,Walk-in
B04742,H004,G02365,2026-01-23,2026-01-31,2026-02-04,OTA
B04743,H003,G02366,2025-09-21,2025-10-10,2025-10-12,Phone Booking
B04744,H014,G02366,2026-01-25,2026-02-01,2026-02-06,Mobile App
B04745,H005,G02367,2025-08-27,2025-09-20,2025-09-24,OTA
B04746,H017,G02367,2026-03-12,2026-03-13,2026-03-14,Walk-in
B04747,H006,G02368,2025-12-30,2026-02-01,2026-02-03,Hotel Website
B04748,H005,G02368,2026-02-20,2026-03-06,2026-03-10,Mobile App
B04749,H011,G02369,2024-09-21,2024-09-30,2024-10-03,Mobile App
B04750,H015,G02369,2025-05-22,2025-06-03,2025-06-05,Hotel Website
B04751,H016,G02370,2026-01-29,2026-02-14,2026-02-18,Mobile App
B04752,H013,G02371,2024-04-27,2024-05-03,2024-05-07,Hotel Website
B04753,H013,G02371,2024-09-09,2024-10-21,2024-10-22,Travel Agent
B04754,H013,G02371,2025-11-29,2025-12-16,2025-12-19,OTA
B04755,H014,G02371,2026-03-01,2026-03-03,2026-03-07,Hotel Website
B04756,H015,G02372,2026-05-31,2026-06-04,2026-06-05,Hotel Website
B04757,H015,G02372,2026-07-02,2026-07-14,2026-07-17,Corporate Booking
B04758,H015,G02373,2025-01-28,2025-03-03,2025-03-04,Corporate Booking
B04759,H002,G02373,2025-09-28,2025-10-21,2025-10-23,OTA
B04760,H019,G02373,2026-07-31,2026-08-06,2026-08-08,Mobile App
B04761,H017,G02374,2026-08-07,2026-08-27,2026-08-29,Corporate Booking
B04762,H004,G02374,2024-01-01,2024-01-11,2024-01-14,Travel Agent
B04763,H002,G02375,2024-06-06,2024-06-28,2024-07-03,Travel Agent
B04764,H002,G02375,2024-08-24,2024-08-30,2024-09-03,OTA
B04765,H016,G02376,2025-08-27,2025-09-30,2025-10-02,Hotel Website
B04766,H004,G02376,2026-01-22,2026-01-27,2026-01-29,Hotel Website
B04767,H014,G02377,2025-04-26,2025-05-19,2025-05-21,Travel Agent
B04768,H004,G02378,2024-02-05,2024-02-23,2024-02-26,Mobile App
B04769,H003,G02378,2025-05-22,2025-05-31,2025-06-02,Mobile App
B04770,H015,G02379,2026-02-26,2026-03-17,2026-03-19,Corporate Booking
B04771,H014,G02379,2026-07-13,2026-07-19,2026-07-21,Corporate Booking
B04772,H014,G02379,2026-08-13,2026-08-23,2026-08-25,OTA
B04773,H010,G02380,2025-12-06,2026-01-10,2026-01-11,Hotel Website
B04774,H008,G02381,2024-06-09,2024-07-02,2024-07-06,Travel Agent
B04775,H004,G02381,2025-01-05,2025-01-13,2025-01-16,OTA
B04776,H014,G02382,2026-05-17,2026-05-31,2026-06-01,Hotel Website
B04777,H015,G02383,2025-01-25,2025-02-05,2025-02-07,Corporate Booking
B04778,H011,G02384,2026-04-09,2026-04-23,2026-04-24,OTA
B04779,H004,G02385,2024-12-15,2025-01-05,2025-01-10,Mobile App
B04780,H005,G02386,2026-05-18,2026-06-14,2026-06-18,Travel Agent
B04781,H015,G02386,2026-06-26,2026-08-04,2026-08-06,Corporate Booking
B04782,H018,G02386,2026-02-22,2026-04-08,2026-04-13,Corporate Booking
B04783,H002,G02386,2026-05-01,2026-05-17,2026-05-22,Hotel Website
B04784,H012,G02386,2026-07-15,2026-07-29,2026-07-30,Mobile App
B04785,H002,G02386,2025-07-14,2025-08-01,2025-08-05,Travel Agent
B04786,H004,G02387,2024-07-01,2024-08-03,2024-08-09,Hotel Website
B04787,H004,G02387,2024-10-14,2024-11-18,2024-11-20,Travel Agent
B04788,H004,G02387,2025-10-17,2025-11-03,2025-11-08,Hotel Website
B04789,H016,G02388,2026-08-07,2026-08-08,2026-08-10,Walk-in
B04790,H015,G02388,2026-08-03,2026-08-28,2026-08-30,Hotel Website
B04791,H005,G02389,2026-02-11,2026-03-09,2026-03-11,OTA
B04792,H019,G02390,2026-05-01,2026-05-02,2026-05-05,OTA
B04793,H016,G02391,2026-07-30,2026-08-01,2026-08-02,Hotel Website
B04794,H015,G02391,2024-04-25,2024-05-17,2024-05-18,Hotel Website
B04795,H015,G02391,2024-08-01,2024-08-21,2024-08-23,Corporate Booking
B04796,H001,G02392,2026-02-21,2026-03-23,2026-03-28,Hotel Website
B04797,H001,G02392,2026-06-30,2026-07-29,2026-08-02,OTA
B04798,H013,G02393,2024-07-01,2024-07-29,2024-07-31,Corporate Booking
B04799,H015,G02393,2025-01-22,2025-02-24,2025-02-27,Corporate Booking
B04800,H003,G02394,2026-04-10,2026-05-15,2026-05-22,Hotel Website
B04801,H003,G02394,2026-07-09,2026-07-10,2026-07-13,Walk-in
B04802,H011,G02394,2026-07-17,2026-08-22,2026-08-24,Travel Agent
B04803,H006,G02394,2024-02-10,2024-02-29,2024-03-04,OTA
B04804,H004,G02395,2025-08-17,2025-09-21,2025-09-25,Corporate Booking
B04805,H016,G02396,2025-11-22,2025-11-29,2025-11-30,Travel Agent
B04806,H008,G02396,2026-01-16,2026-02-22,2026-02-23,Corporate Booking
B04807,H014,G02397,2024-01-10,2024-01-19,2024-01-24,Mobile App
B04808,H014,G02397,2024-11-09,2024-11-10,2024-11-11,Walk-in
B04809,H002,G02398,2025-09-23,2025-10-14,2025-10-17,Hotel Website
B04810,H012,G02398,2026-03-02,2026-03-15,2026-03-17,Hotel Website
B04811,H015,G02399,2024-08-25,2024-10-01,2024-10-03,Travel Agent
B04812,H001,G02399,2026-02-11,2026-03-07,2026-03-11,Travel Agent
B04813,H001,G02399,2026-07-20,2026-08-23,2026-08-25,Travel Agent
B04814,H001,G02399,2025-11-03,2025-11-13,2025-11-15,Mobile App
B04815,H016,G02400,2024-08-11,2024-09-10,2024-09-12,OTA
B04816,H007,G02400,2025-10-11,2025-10-18,2025-10-21,Phone Booking
B04817,H014,G02401,2024-09-01,2024-09-08,2024-09-11,Corporate Booking
B04818,H011,G02401,2025-01-14,2025-01-26,2025-01-29,Corporate Booking
B04819,H012,G02402,2024-09-29,2024-10-17,2024-10-18,OTA
B04820,H013,G02403,2024-12-23,2025-01-10,2025-01-13,OTA
B04821,H011,G02403,2025-03-07,2025-03-08,2025-03-10,Walk-in
B04822,H004,G02403,2025-06-15,2025-06-28,2025-07-02,Mobile App
B04823,H001,G02404,2024-12-16,2025-01-14,2025-01-17,OTA
B04824,H001,G02405,2024-08-30,2024-09-16,2024-09-18,OTA
B04825,H002,G02405,2024-11-18,2024-12-22,2024-12-27,Travel Agent
B04826,H014,G02405,2025-03-28,2025-05-09,2025-05-12,Corporate Booking
B04827,H003,G02406,2025-07-04,2025-08-02,2025-08-04,Hotel Website
B04828,H013,G02406,2026-08-07,2026-08-26,2026-08-27,Corporate Booking
B04829,H011,G02407,2026-06-15,2026-07-23,2026-07-25,Corporate Booking
B04830,H014,G02407,2026-08-03,2026-08-18,2026-08-20,Mobile App
B04831,H001,G02407,2024-06-25,2024-07-12,2024-07-15,Travel Agent
B04832,H004,G02408,2024-04-23,2024-04-30,2024-05-04,Hotel Website
B04833,H019,G02408,2025-03-13,2025-03-15,2025-03-18,Hotel Website
B04834,H003,G02408,2025-07-24,2025-07-30,2025-08-06,Hotel Website
B04835,H001,G02409,2025-04-20,2025-04-24,2025-04-28,OTA
B04836,H020,G02409,2025-11-30,2025-12-21,2025-12-25,Mobile App
B04837,H013,G02410,2025-06-19,2025-07-08,2025-07-10,Mobile App
B04838,H013,G02410,2026-07-23,2026-07-31,2026-08-02,Hotel Website
B04839,H007,G02411,2024-01-06,2024-01-14,2024-01-17,Mobile App
B04840,H019,G02412,2025-09-15,2025-09-28,2025-10-02,Hotel Website
B04841,H018,G02412,2026-03-20,2026-03-22,2026-03-25,Hotel Website
B04842,H013,G02412,2026-06-25,2026-07-24,2026-07-27,Travel Agent
B04843,H014,G02412,2026-08-23,2026-08-24,2026-08-27,Walk-in
B04844,H018,G02412,2026-01-15,2026-02-10,2026-02-12,Corporate Booking
B04845,H014,G02412,2026-05-09,2026-06-12,2026-06-13,Corporate Booking
B04846,H013,G02413,2025-05-11,2025-05-30,2025-06-02,Mobile App
B04847,H002,G02413,2025-08-18,2025-09-16,2025-09-19,Hotel Website
B04848,H003,G02414,2024-12-06,2025-01-09,2025-01-12,Travel Agent
B04849,H017,G02415,2025-03-20,2025-04-04,2025-04-06,Hotel Website
B04850,H001,G02415,2025-05-19,2025-06-02,2025-06-08,Phone Booking
B04851,H002,G02415,2026-03-14,2026-03-23,2026-03-30,Corporate Booking
B04852,H002,G02415,2026-06-21,2026-07-28,2026-08-02,Travel Agent
B04853,H016,G02416,2025-04-25,2025-05-02,2025-05-04,Travel Agent
B04854,H012,G02417,2024-07-17,2024-07-18,2024-07-19,Walk-in
B04855,H001,G02418,2024-04-18,2024-04-19,2024-04-22,Walk-in
B04856,H002,G02419,2024-02-11,2024-03-09,2024-03-11,OTA
B04857,H016,G02419,2025-02-26,2025-03-25,2025-03-26,OTA
B04858,H002,G02419,2025-12-19,2026-01-08,2026-01-12,Mobile App
B04859,H011,G02420,2026-06-12,2026-07-02,2026-07-03,OTA
B04860,H001,G02420,2026-07-17,2026-08-08,2026-08-10,Travel Agent
B04861,H016,G02421,2025-03-18,2025-03-23,2025-03-26,Mobile App
B04862,H003,G02422,2024-08-10,2024-08-30,2024-09-05,OTA
B04863,H007,G02423,2025-02-26,2025-03-22,2025-03-26,OTA
B04864,H002,G02424,2026-04-29,2026-05-11,2026-05-18,OTA
B04865,H014,G02424,2026-07-11,2026-07-27,2026-07-28,Corporate Booking
B04866,H018,G02425,2026-01-09,2026-01-27,2026-01-28,Travel Agent
B04867,H016,G02426,2026-02-01,2026-02-04,2026-02-05,Phone Booking
B04868,H005,G02427,2024-01-18,2024-02-05,2024-02-08,Travel Agent
B04869,H003,G02427,2025-11-04,2025-11-07,2025-11-12,OTA
B04870,H019,G02428,2026-05-01,2026-06-01,2026-06-04,Corporate Booking
B04871,H016,G02429,2025-07-10,2025-08-05,2025-08-08,Hotel Website
B04872,H001,G02429,2025-12-25,2026-01-22,2026-01-25,Corporate Booking
B04873,H004,G02430,2024-01-10,2024-01-24,2024-01-29,Mobile App
B04874,H001,G02430,2026-04-24,2026-05-11,2026-05-18,Phone Booking
B04875,H005,G02431,2026-08-14,2026-08-25,2026-08-31,Phone Booking
B04876,H014,G02431,2024-07-10,2024-07-30,2024-08-01,Phone Booking
B04877,H001,G02432,2026-07-13,2026-07-18,2026-07-22,Mobile App
B04878,H018,G02432,2026-08-22,2026-08-26,2026-08-28,OTA
B04879,H003,G02432,2025-06-29,2025-07-17,2025-07-20,Hotel Website
B04880,H019,G02433,2024-02-20,2024-03-01,2024-03-04,OTA
B04881,H011,G02433,2025-09-29,2025-09-30,2025-10-03,Walk-in
B04882,H016,G02433,2025-11-24,2025-12-04,2025-12-07,Mobile App
B04883,H004,G02434,2025-11-03,2025-11-10,2025-11-15,Hotel Website
B04884,H004,G02434,2026-02-10,2026-02-20,2026-02-26,OTA
B04885,H003,G02435,2025-06-07,2025-06-11,2025-06-15,Mobile App
B04886,H016,G02435,2025-07-15,2025-07-22,2025-07-23,Phone Booking
B04887,H019,G02436,2026-02-10,2026-02-11,2026-02-16,OTA
B04888,H016,G02437,2025-02-24,2025-03-18,2025-03-20,Travel Agent
B04889,H013,G02437,2025-11-03,2025-11-07,2025-11-09,Mobile App
B04890,H007,G02438,2024-02-20,2024-02-27,2024-03-01,OTA
B04891,H004,G02439,2026-01-04,2026-01-29,2026-02-01,OTA
B04892,H020,G02439,2026-02-20,2026-03-09,2026-03-11,Mobile App
B04893,H015,G02439,2026-04-18,2026-05-15,2026-05-18,OTA
B04894,H018,G02439,2026-06-09,2026-06-19,2026-06-23,Corporate Booking
B04895,H015,G02440,2025-10-21,2025-10-24,2025-10-26,Phone Booking
B04896,H015,G02440,2026-06-15,2026-07-02,2026-07-06,Travel Agent
B04897,H019,G02441,2025-09-13,2025-10-13,2025-10-16,Hotel Website
B04898,H013,G02441,2025-12-01,2025-12-08,2025-12-09,OTA
B04899,H017,G02442,2025-07-10,2025-07-28,2025-08-01,Phone Booking
B04900,H002,G02442,2026-03-22,2026-04-25,2026-04-28,Hotel Website
B04901,H004,G02442,2026-06-27,2026-07-06,2026-07-09,Hotel Website
B04902,H006,G02443,2024-08-17,2024-08-20,2024-08-22,Mobile App
B04903,H003,G02443,2024-12-14,2025-01-02,2025-01-04,Corporate Booking
B04904,H012,G02443,2025-05-12,2025-05-23,2025-05-27,OTA
B04905,H013,G02444,2026-06-10,2026-07-06,2026-07-07,Hotel Website
B04906,H014,G02444,2026-08-09,2026-08-27,2026-08-29,OTA
B04907,H011,G02444,2024-03-16,2024-04-12,2024-04-13,OTA
B04908,H014,G02444,2026-05-19,2026-06-05,2026-06-07,Mobile App
B04909,H008,G02444,2026-06-18,2026-07-19,2026-07-22,Hotel Website
B04910,H016,G02445,2024-01-03,2024-01-11,2024-01-13,Corporate Booking
B04911,H004,G02445,2025-01-27,2025-02-14,2025-02-21,OTA
B04912,H012,G02446,2026-05-08,2026-06-06,2026-06-08,Corporate Booking
B04913,H015,G02447,2024-04-01,2024-04-18,2024-04-20,Phone Booking
B04914,H008,G02447,2026-01-14,2026-02-22,2026-02-23,Travel Agent
B04915,H013,G02447,2026-05-22,2026-06-05,2026-06-07,Phone Booking
B04916,H013,G02447,2026-06-03,2026-07-13,2026-07-16,Travel Agent
B04917,H008,G02448,2024-09-24,2024-10-01,2024-10-05,OTA
B04918,H002,G02448,2025-02-04,2025-02-23,2025-02-25,Hotel Website
B04919,H014,G02449,2024-04-21,2024-05-26,2024-05-29,Hotel Website
B04920,H005,G02450,2024-01-31,2024-02-07,2024-02-10,Phone Booking
B04921,H004,G02451,2025-04-15,2025-05-01,2025-05-03,Hotel Website
B04922,H003,G02452,2026-04-25,2026-04-26,2026-04-29,Phone Booking
B04923,H020,G02452,2026-06-27,2026-06-28,2026-07-01,Phone Booking
B04924,H004,G02452,2026-08-13,2026-08-14,2026-08-20,Walk-in
B04925,H016,G02453,2024-03-20,2024-03-21,2024-03-22,Walk-in
B04926,H003,G02454,2024-02-02,2024-02-08,2024-02-12,OTA
B04927,H003,G02454,2026-01-21,2026-01-22,2026-01-27,Walk-in
B04928,H003,G02455,2025-03-30,2025-04-20,2025-04-25,Hotel Website
B04929,H006,G02455,2025-07-23,2025-08-02,2025-08-03,OTA
B04930,H016,G02455,2026-07-18,2026-07-30,2026-07-31,Phone Booking
B04931,H001,G02456,2026-08-02,2026-08-17,2026-08-21,OTA
B04932,H004,G02457,2026-01-03,2026-01-24,2026-01-28,OTA
B04933,H004,G02457,2026-03-23,2026-04-07,2026-04-11,Hotel Website
B04934,H002,G02457,2026-04-10,2026-05-08,2026-05-11,Hotel Website
B04935,H011,G02458,2024-05-05,2024-06-09,2024-06-10,Hotel Website
B04936,H006,G02458,2026-02-26,2026-03-26,2026-03-30,Travel Agent
B04937,H014,G02459,2025-07-21,2025-07-29,2025-07-31,Hotel Website
B04938,H020,G02459,2026-04-19,2026-06-01,2026-06-03,Corporate Booking
B04939,H001,G02460,2025-01-22,2025-02-13,2025-02-16,OTA
B04940,H019,G02461,2025-08-20,2025-09-09,2025-09-13,Phone Booking
B04941,H005,G02461,2026-07-08,2026-07-21,2026-07-23,OTA
B04942,H014,G02461,2026-08-28,2026-08-29,2026-08-31,OTA
B04943,H002,G02462,2026-02-15,2026-02-27,2026-03-01,Travel Agent
B04944,H015,G02463,2024-02-07,2024-02-21,2024-02-23,Phone Booking
B04945,H011,G02463,2024-11-02,2024-12-06,2024-12-07,Hotel Website
B04946,H003,G02464,2024-01-10,2024-01-17,2024-01-20,Travel Agent
B04947,H007,G02464,2025-10-25,2025-11-14,2025-11-20,Corporate Booking
B04948,H002,G02465,2025-03-24,2025-04-05,2025-04-08,OTA
B04949,H018,G02465,2025-12-02,2026-01-08,2026-01-10,Corporate Booking
B04950,H014,G02465,2026-07-10,2026-08-05,2026-08-07,Corporate Booking
B04951,H020,G02465,2026-07-13,2026-08-05,2026-08-07,Hotel Website
B04952,H003,G02466,2025-07-19,2025-07-20,2025-07-25,Walk-in
B04953,H016,G02466,2025-10-30,2025-11-13,2025-11-18,Phone Booking
B04954,H004,G02467,2025-11-22,2025-12-25,2025-12-29,Travel Agent
B04955,H003,G02468,2026-01-31,2026-02-03,2026-02-06,OTA
B04956,H013,G02468,2026-01-20,2026-03-06,2026-03-07,Corporate Booking
B04957,H003,G02469,2024-10-14,2024-10-26,2024-10-30,Mobile App
B04958,H008,G02469,2025-11-09,2025-12-05,2025-12-08,OTA
B04959,H004,G02470,2024-03-16,2024-04-04,2024-04-10,Hotel Website
B04960,H005,G02470,2026-01-28,2026-01-29,2026-02-02,Walk-in
B04961,H008,G02470,2026-03-22,2026-03-31,2026-04-04,Phone Booking
B04962,H003,G02471,2026-01-26,2026-02-16,2026-02-18,Phone Booking
B04963,H003,G02471,2026-06-11,2026-06-28,2026-07-02,Phone Booking
B04964,H001,G02472,2025-08-11,2025-08-30,2025-09-02,OTA
B04965,H001,G02472,2025-11-06,2025-11-11,2025-11-15,Mobile App
B04966,H011,G02473,2024-07-27,2024-07-29,2024-08-01,Phone Booking
B04967,H007,G02473,2025-05-09,2025-05-26,2025-05-30,OTA
B04968,H019,G02474,2024-08-18,2024-08-28,2024-08-30,Phone Booking
B04969,H016,G02474,2025-08-19,2025-09-01,2025-09-03,Corporate Booking
B04970,H011,G02475,2026-06-19,2026-07-10,2026-07-12,Hotel Website
B04971,H012,G02475,2026-07-30,2026-08-28,2026-08-30,OTA
B04972,H004,G02475,2025-02-12,2025-03-11,2025-03-17,OTA
B04973,H005,G02476,2024-09-06,2024-09-29,2024-10-01,Hotel Website
B04974,H003,G02477,2025-10-02,2025-10-15,2025-10-17,Hotel Website
B04975,H015,G02477,2025-12-01,2025-12-15,2025-12-16,OTA
B04976,H020,G02478,2025-01-28,2025-02-10,2025-02-14,Phone Booking
B04977,H003,G02478,2026-05-03,2026-05-11,2026-05-14,Travel Agent
B04978,H012,G02479,2026-07-06,2026-08-20,2026-08-24,Corporate Booking
B04979,H013,G02480,2025-10-22,2025-11-09,2025-11-10,Travel Agent
B04980,H003,G02480,2025-12-20,2026-01-04,2026-01-06,Travel Agent
B04981,H003,G02480,2026-05-29,2026-06-05,2026-06-10,Corporate Booking
B04982,H013,G02480,2026-07-18,2026-07-27,2026-07-28,OTA
B04983,H017,G02481,2026-01-22,2026-02-20,2026-02-23,OTA
B04984,H005,G02481,2026-05-11,2026-05-31,2026-06-03,Hotel Website
B04985,H002,G02482,2025-06-28,2025-07-03,2025-07-07,OTA
B04986,H014,G02483,2026-04-23,2026-04-29,2026-04-30,Corporate Booking
B04987,H012,G02484,2025-06-15,2025-06-16,2025-06-18,Walk-in
B04988,H015,G02484,2026-06-13,2026-06-18,2026-06-21,Mobile App
B04989,H014,G02485,2025-07-22,2025-07-23,2025-07-26,Walk-in
B04990,H001,G02485,2025-08-25,2025-10-09,2025-10-13,Corporate Booking
B04991,H006,G02486,2026-02-09,2026-02-11,2026-02-13,Hotel Website
B04992,H006,G02486,2026-05-15,2026-06-10,2026-06-15,Corporate Booking
B04993,H018,G02487,2024-06-10,2024-06-23,2024-06-24,Hotel Website
B04994,H014,G02487,2026-08-03,2026-08-09,2026-08-11,Travel Agent
B04995,H006,G02488,2026-03-04,2026-03-11,2026-03-14,Phone Booking
B04996,H013,G02488,2026-07-22,2026-07-23,2026-07-24,Walk-in
B04997,H012,G02489,2025-01-11,2025-01-29,2025-01-30,OTA
B04998,H015,G02490,2025-05-02,2025-05-17,2025-05-21,Mobile App
B04999,H013,G02490,2026-02-16,2026-03-03,2026-03-07,Mobile App
B05000,H016,G02491,2025-01-13,2025-02-13,2025-02-18,Hotel Website
B05001,H016,G02491,2026-07-05,2026-07-09,2026-07-12,OTA
B05002,H004,G02492,2024-11-13,2024-12-01,2024-12-08,Travel Agent
B05003,H006,G02493,2024-09-22,2024-10-09,2024-10-12,Phone Booking
B05004,H006,G02493,2026-05-28,2026-06-11,2026-06-13,Phone Booking
B05005,H001,G02494,2025-07-20,2025-08-05,2025-08-09,OTA
B05006,H014,G02494,2026-04-05,2026-04-12,2026-04-13,Hotel Website
B05007,H013,G02495,2025-10-17,2025-10-29,2025-11-03,Corporate Booking
B05008,H013,G02495,2026-03-08,2026-03-29,2026-03-30,Mobile App
B05009,H002,G02496,2025-11-04,2025-11-07,2025-11-09,Hotel Website
B05010,H002,G02496,2026-05-27,2026-06-12,2026-06-17,Corporate Booking
B05011,H017,G02497,2025-02-25,2025-03-03,2025-03-04,Hotel Website
B05012,H005,G02497,2025-05-21,2025-05-29,2025-06-01,Mobile App
B05013,H003,G02497,2026-03-07,2026-03-11,2026-03-16,OTA
B05014,H003,G02497,2026-07-07,2026-08-02,2026-08-06,Travel Agent
B05015,H019,G02498,2025-12-25,2025-12-26,2025-12-28,Walk-in
B05016,H019,G02498,2026-04-26,2026-05-02,2026-05-03,OTA
B05017,H010,G02499,2025-01-31,2025-02-18,2025-02-22,Phone Booking
B05018,H001,G02499,2026-03-29,2026-04-06,2026-04-10,Mobile App
B05019,H001,G02499,2026-07-04,2026-07-18,2026-07-22,OTA
B05020,H014,G02500,2024-11-25,2024-12-27,2025-01-01,Corporate Booking
B05021,H015,G02500,2026-01-16,2026-02-23,2026-02-25,Corporate Booking
B05022,H013,G02501,2024-03-20,2024-04-06,2024-04-07,OTA
B05023,H013,G02501,2025-09-30,2025-10-12,2025-10-13,Hotel Website
B05024,H011,G02502,2024-04-23,2024-04-24,2024-04-25,Walk-in
B05025,H011,G02502,2026-03-29,2026-04-19,2026-04-21,OTA
B05026,H001,G02502,2026-08-05,2026-08-21,2026-08-23,Travel Agent
B05027,H004,G02503,2024-11-01,2024-11-16,2024-11-21,OTA
B05028,H008,G02503,2024-11-07,2024-12-09,2024-12-12,Travel Agent
B05029,H019,G02504,2025-11-14,2025-11-15,2025-11-18,Walk-in
B05030,H016,G02505,2024-01-01,2024-01-11,2024-01-14,OTA
B05031,H014,G02505,2024-09-21,2024-10-05,2024-10-09,OTA
B05032,H011,G02506,2024-04-22,2024-04-27,2024-04-30,Corporate Booking
B05033,H012,G02506,2024-11-10,2024-12-09,2024-12-10,Hotel Website
B05034,H007,G02507,2025-11-29,2025-12-31,2026-01-02,Travel Agent
B05035,H003,G02507,2026-07-19,2026-07-31,2026-08-02,OTA
B05036,H001,G02508,2026-08-08,2026-08-14,2026-08-19,Hotel Website
B05037,H018,G02508,2024-06-16,2024-06-21,2024-06-25,Travel Agent
B05038,H013,G02509,2024-03-06,2024-03-27,2024-03-30,Phone Booking
B05039,H015,G02509,2025-06-20,2025-06-30,2025-07-01,Mobile App
B05040,H016,G02510,2025-10-30,2025-11-10,2025-11-11,Mobile App
B05041,H016,G02510,2025-12-03,2026-01-03,2026-01-05,Hotel Website
B05042,H004,G02511,2025-10-13,2025-10-31,2025-11-03,OTA
B05043,H001,G02512,2024-01-10,2024-01-11,2024-01-15,Walk-in
B05044,H005,G02513,2024-01-24,2024-02-05,2024-02-09,Mobile App
B05045,H016,G02513,2026-02-10,2026-03-08,2026-03-11,Hotel Website
B05046,H016,G02514,2026-01-25,2026-02-03,2026-02-05,Corporate Booking
B05047,H004,G02514,2026-05-18,2026-06-22,2026-06-25,Hotel Website
B05048,H014,G02515,2026-03-07,2026-03-21,2026-03-23,Mobile App
B05049,H003,G02515,2026-05-03,2026-05-08,2026-05-11,Phone Booking
B05050,H015,G02516,2025-03-15,2025-03-20,2025-03-22,Phone Booking
B05051,H013,G02517,2026-05-01,2026-05-23,2026-05-25,Corporate Booking
B05052,H013,G02517,2026-07-01,2026-07-10,2026-07-12,Corporate Booking
B05053,H016,G02518,2026-02-21,2026-03-25,2026-03-26,Corporate Booking
B05054,H003,G02518,2026-04-26,2026-06-09,2026-06-11,Corporate Booking
B05055,H011,G02519,2024-03-27,2024-04-25,2024-04-27,OTA
B05056,H018,G02519,2024-08-23,2024-10-04,2024-10-06,Travel Agent
B05057,H006,G02519,2025-09-13,2025-09-24,2025-09-30,OTA
B05058,H002,G02520,2025-10-02,2025-10-23,2025-10-28,Mobile App
B05059,H012,G02521,2024-09-09,2024-10-23,2024-10-27,Corporate Booking
B05060,H012,G02521,2026-03-15,2026-03-20,2026-03-22,Mobile App
B05061,H001,G02521,2026-04-08,2026-05-01,2026-05-04,OTA
B05062,H011,G02522,2026-05-17,2026-06-16,2026-06-18,Hotel Website
B05063,H011,G02522,2026-07-28,2026-08-04,2026-08-05,Mobile App
B05064,H017,G02523,2026-07-24,2026-07-25,2026-07-28,Walk-in
B05065,H004,G02523,2026-08-12,2026-08-23,2026-08-27,Mobile App
B05066,H005,G02524,2026-01-31,2026-03-17,2026-03-19,Travel Agent
B05067,H006,G02525,2025-09-02,2025-10-08,2025-10-10,Corporate Booking
B05068,H014,G02525,2026-04-17,2026-04-21,2026-04-23,Phone Booking
B05069,H001,G02526,2024-01-28,2024-02-06,2024-02-09,OTA
B05070,H012,G02527,2024-02-24,2024-02-25,2024-03-01,Walk-in
B05071,H017,G02527,2024-12-30,2025-01-11,2025-01-14,Phone Booking
B05072,H012,G02528,2025-05-30,2025-06-24,2025-06-28,Hotel Website
B05073,H016,G02529,2025-07-17,2025-07-28,2025-07-30,Hotel Website
B05074,H007,G02529,2026-03-16,2026-04-03,2026-04-08,OTA
B05075,H002,G02529,2026-06-13,2026-06-22,2026-06-26,Mobile App
B05076,H011,G02530,2025-04-29,2025-05-17,2025-05-18,Travel Agent
B05077,H003,G02530,2025-12-18,2025-12-24,2025-12-28,OTA
B05078,H004,G02531,2025-05-24,2025-06-03,2025-06-09,Mobile App
B05079,H014,G02531,2026-03-18,2026-04-17,2026-04-21,Hotel Website
B05080,H001,G02532,2025-02-19,2025-03-26,2025-03-29,Travel Agent
B05081,H011,G02532,2025-12-28,2026-01-22,2026-01-24,OTA
B05082,H011,G02532,2026-02-27,2026-03-01,2026-03-03,Hotel Website
B05083,H014,G02533,2026-03-12,2026-03-31,2026-04-06,Corporate Booking
B05084,H020,G02533,2026-05-07,2026-06-12,2026-06-15,Corporate Booking
B05085,H011,G02534,2025-11-25,2025-11-29,2025-12-04,Phone Booking
B05086,H018,G02534,2026-04-07,2026-04-22,2026-04-26,OTA
B05087,H004,G02534,2026-04-25,2026-06-08,2026-06-11,Travel Agent
B05088,H002,G02535,2025-04-30,2025-05-19,2025-05-23,Travel Agent
B05089,H013,G02535,2025-08-20,2025-09-05,2025-09-10,Hotel Website
B05090,H003,G02536,2024-06-17,2024-07-10,2024-07-12,OTA
B05091,H014,G02536,2025-11-21,2025-12-24,2025-12-25,Hotel Website
B05092,H019,G02537,2024-08-20,2024-08-28,2024-08-31,Hotel Website
B05093,H011,G02538,2025-08-15,2025-09-14,2025-09-15,OTA
B05094,H011,G02538,2026-01-01,2026-01-07,2026-01-08,Hotel Website
B05095,H003,G02539,2024-03-14,2024-03-23,2024-03-26,OTA
B05096,H004,G02540,2025-09-27,2025-10-16,2025-10-18,Mobile App
B05097,H014,G02541,2025-09-01,2025-09-08,2025-09-09,Hotel Website
B05098,H003,G02542,2025-03-31,2025-05-15,2025-05-18,Travel Agent
B05099,H002,G02543,2024-07-31,2024-09-06,2024-09-09,Corporate Booking
B05100,H012,G02544,2025-05-28,2025-07-08,2025-07-09,Corporate Booking
B05101,H007,G02544,2026-02-20,2026-02-27,2026-02-28,OTA
B05102,H002,G02545,2025-03-10,2025-04-13,2025-04-18,Travel Agent
B05103,H019,G02545,2026-08-02,2026-08-05,2026-08-10,Hotel Website
B05104,H001,G02545,2026-07-02,2026-07-22,2026-07-25,Travel Agent
B05105,H014,G02546,2024-01-09,2024-01-18,2024-01-20,Hotel Website
B05106,H014,G02546,2025-08-26,2025-09-23,2025-09-27,Corporate Booking
B05107,H011,G02546,2025-09-28,2025-10-30,2025-11-01,Corporate Booking
B05108,H016,G02546,2026-04-28,2026-05-01,2026-05-03,Hotel Website
B05109,H018,G02547,2026-06-18,2026-07-02,2026-07-03,Travel Agent
B05110,H012,G02547,2026-07-21,2026-08-20,2026-08-21,OTA
B05111,H019,G02548,2024-04-13,2024-04-24,2024-04-25,Phone Booking
B05112,H001,G02549,2024-01-02,2024-01-16,2024-01-18,Corporate Booking
B05113,H012,G02549,2024-05-29,2024-06-02,2024-06-03,Hotel Website
B05114,H014,G02550,2024-04-10,2024-04-29,2024-05-01,Phone Booking
B05115,H014,G02550,2025-05-19,2025-06-22,2025-06-26,Hotel Website
B05116,H002,G02551,2025-09-23,2025-10-22,2025-10-25,Hotel Website
B05117,H018,G02551,2025-12-05,2025-12-22,2025-12-25,OTA
B05118,H001,G02552,2024-06-17,2024-06-19,2024-06-22,Hotel Website
B05119,H013,G02552,2026-03-10,2026-03-14,2026-03-16,OTA
B05120,H006,G02552,2026-06-03,2026-06-26,2026-06-28,OTA
B05121,H016,G02552,2026-07-04,2026-07-22,2026-07-25,Mobile App
B05122,H008,G02553,2024-01-26,2024-02-11,2024-02-13,OTA
B05123,H001,G02554,2024-01-13,2024-01-21,2024-01-26,Mobile App
B05124,H005,G02554,2026-01-19,2026-01-20,2026-01-24,Walk-in
B05125,H003,G02554,2026-04-30,2026-05-30,2026-06-02,OTA
B05126,H004,G02554,2026-08-21,2026-08-22,2026-08-25,Mobile App
B05127,H005,G02555,2024-11-15,2024-11-27,2024-11-29,Mobile App
B05128,H005,G02555,2026-01-20,2026-02-19,2026-02-22,OTA
B05129,H016,G02556,2024-09-08,2024-09-11,2024-09-12,Mobile App
B05130,H008,G02557,2025-08-12,2025-09-10,2025-09-12,Hotel Website
B05131,H011,G02557,2026-04-03,2026-04-08,2026-04-11,Hotel Website
B05132,H015,G02558,2024-01-08,2024-01-09,2024-01-10,Mobile App
B05133,H015,G02558,2025-08-16,2025-09-05,2025-09-10,OTA
B05134,H001,G02559,2026-01-27,2026-03-03,2026-03-05,Hotel Website
B05135,H008,G02559,2026-04-24,2026-05-26,2026-05-31,Travel Agent
B05136,H014,G02560,2024-03-09,2024-03-25,2024-03-26,Phone Booking
B05137,H004,G02560,2025-05-03,2025-05-12,2025-05-16,OTA
B05138,H012,G02560,2025-12-21,2026-01-23,2026-01-24,Hotel Website
B05139,H003,G02560,2026-06-22,2026-07-12,2026-07-15,Hotel Website
B05140,H002,G02561,2024-03-01,2024-03-24,2024-03-27,OTA
B05141,H012,G02562,2024-03-26,2024-04-30,2024-05-02,Corporate Booking
B05142,H002,G02563,2024-09-22,2024-09-28,2024-10-01,Travel Agent
B05143,H009,G02563,2024-11-21,2024-12-02,2024-12-03,Mobile App
B05144,H008,G02564,2024-11-19,2024-11-29,2024-12-01,Mobile App
B05145,H019,G02564,2025-07-24,2025-08-10,2025-08-14,Mobile App
B05146,H011,G02565,2026-03-11,2026-04-10,2026-04-14,Travel Agent
B05147,H014,G02566,2024-03-29,2024-04-08,2024-04-10,Travel Agent
B05148,H014,G02566,2024-12-23,2025-01-10,2025-01-12,Hotel Website
B05149,H012,G02567,2025-12-14,2026-01-23,2026-01-24,Corporate Booking
B05150,H004,G02568,2025-05-08,2025-05-19,2025-05-21,Hotel Website
B05151,H002,G02568,2025-06-12,2025-06-30,2025-07-05,OTA
B05152,H015,G02568,2025-12-23,2026-01-07,2026-01-08,Corporate Booking
B05153,H004,G02569,2026-01-13,2026-01-28,2026-02-04,Hotel Website
B05154,H016,G02569,2026-08-05,2026-08-16,2026-08-17,Corporate Booking
B05155,H016,G02570,2024-02-21,2024-03-20,2024-03-22,Corporate Booking
B05156,H016,G02570,2025-10-16,2025-10-31,2025-11-02,Corporate Booking
B05157,H011,G02571,2026-03-25,2026-04-16,2026-04-17,Hotel Website
B05158,H005,G02571,2026-06-19,2026-06-20,2026-06-24,OTA
B05159,H005,G02571,2026-08-12,2026-08-24,2026-08-26,OTA
B05160,H010,G02572,2024-12-22,2025-01-06,2025-01-08,OTA
B05161,H005,G02572,2025-12-14,2025-12-22,2025-12-26,OTA
B05162,H001,G02573,2024-09-14,2024-09-15,2024-09-18,Walk-in
B05163,H020,G02574,2024-09-23,2024-10-21,2024-10-23,Corporate Booking
B05164,H006,G02575,2025-07-14,2025-07-23,2025-07-29,Hotel Website
B05165,H006,G02575,2025-11-21,2025-11-24,2025-11-25,Hotel Website
B05166,H007,G02575,2026-04-16,2026-05-16,2026-05-18,OTA
B05167,H003,G02576,2025-05-17,2025-05-31,2025-06-02,OTA
B05168,H020,G02576,2026-05-30,2026-05-31,2026-06-04,Walk-in
B05169,H006,G02576,2026-07-05,2026-07-20,2026-07-23,Hotel Website
B05170,H020,G02577,2025-12-07,2026-01-05,2026-01-07,OTA
B05171,H020,G02577,2026-03-04,2026-03-20,2026-03-25,OTA
B05172,H020,G02578,2026-02-11,2026-02-14,2026-02-18,OTA
B05173,H020,G02578,2026-05-28,2026-06-19,2026-06-23,Hotel Website
B05174,H004,G02579,2024-07-11,2024-07-27,2024-08-02,OTA
B05175,H001,G02579,2024-10-23,2024-10-31,2024-11-04,OTA
B05176,H001,G02580,2025-11-19,2025-11-27,2025-12-01,Corporate Booking
B05177,H016,G02580,2026-07-07,2026-08-08,2026-08-09,Travel Agent
B05178,H006,G02581,2026-05-10,2026-05-15,2026-05-18,Mobile App
B05179,H019,G02581,2026-07-05,2026-07-31,2026-08-05,OTA
B05180,H016,G02581,2025-09-09,2025-09-24,2025-09-27,Hotel Website
B05181,H016,G02581,2026-05-24,2026-06-14,2026-06-16,Hotel Website
B05182,H001,G02582,2024-09-12,2024-10-12,2024-10-15,Travel Agent
B05183,H005,G02583,2026-03-02,2026-04-03,2026-04-05,Corporate Booking
B05184,H016,G02583,2026-07-30,2026-08-15,2026-08-17,Mobile App
B05185,H012,G02583,2024-06-02,2024-06-03,2024-06-04,Mobile App
B05186,H004,G02583,2025-12-21,2026-01-23,2026-01-27,Hotel Website
B05187,H005,G02584,2026-04-22,2026-05-07,2026-05-10,OTA
B05188,H014,G02584,2026-07-29,2026-07-30,2026-08-02,Mobile App
B05189,H014,G02584,2024-03-11,2024-04-08,2024-04-11,OTA
B05190,H006,G02585,2024-11-25,2024-11-26,2024-11-28,Walk-in
B05191,H003,G02585,2025-11-10,2025-12-12,2025-12-19,Travel Agent
B05192,H003,G02585,2026-02-28,2026-03-06,2026-03-10,OTA
B05193,H001,G02585,2026-08-07,2026-08-25,2026-08-30,Phone Booking
B05194,H003,G02586,2025-03-08,2025-03-12,2025-03-16,Hotel Website
B05195,H012,G02586,2026-02-24,2026-03-16,2026-03-19,OTA
B05196,H014,G02587,2025-12-03,2026-01-13,2026-01-14,Corporate Booking
B05197,H017,G02587,2026-03-22,2026-04-11,2026-04-13,OTA
B05198,H006,G02588,2025-09-24,2025-10-15,2025-10-20,OTA
B05199,H013,G02588,2026-02-20,2026-03-12,2026-03-13,OTA
B05200,H012,G02589,2025-11-26,2025-12-06,2025-12-07,OTA
B05201,H006,G02589,2026-05-08,2026-06-03,2026-06-05,OTA
B05202,H015,G02590,2025-02-27,2025-03-12,2025-03-13,OTA
B05203,H001,G02591,2025-12-11,2025-12-12,2025-12-16,Walk-in
B05204,H012,G02591,2026-02-02,2026-02-12,2026-02-14,OTA
B05205,H004,G02592,2025-04-02,2025-04-03,2025-04-05,Mobile App
B05206,H002,G02592,2026-04-05,2026-04-27,2026-05-04,OTA
B05207,H012,G02593,2026-01-12,2026-02-19,2026-02-20,Corporate Booking
B05208,H016,G02594,2025-10-01,2025-10-02,2025-10-05,Walk-in
B05209,H013,G02595,2024-11-14,2024-12-17,2024-12-18,Corporate Booking
B05210,H015,G02595,2026-03-16,2026-04-04,2026-04-07,OTA
B05211,H011,G02596,2024-01-12,2024-02-10,2024-02-13,OTA
B05212,H019,G02596,2026-01-01,2026-01-07,2026-01-10,Hotel Website
B05213,H005,G02597,2024-03-28,2024-03-29,2024-04-04,OTA
B05214,H014,G02597,2025-07-16,2025-07-29,2025-08-02,Hotel Website
B05215,H018,G02598,2026-05-26,2026-06-20,2026-06-22,Corporate Booking
B05216,H013,G02599,2025-12-25,2026-02-06,2026-02-10,Travel Agent
B05217,H004,G02599,2026-07-04,2026-07-07,2026-07-14,OTA
B05218,H004,G02600,2026-01-09,2026-02-20,2026-02-24,Travel Agent
B05219,H016,G02600,2026-08-15,2026-08-28,2026-08-31,Corporate Booking
B05220,H019,G02601,2024-05-26,2024-06-07,2024-06-11,Mobile App
B05221,H002,G02601,2025-03-02,2025-03-06,2025-03-09,OTA
B05222,H002,G02601,2025-09-28,2025-10-12,2025-10-14,Travel Agent
B05223,H009,G02602,2026-06-11,2026-07-01,2026-07-03,Hotel Website
B05224,H004,G02602,2026-06-16,2026-07-30,2026-08-03,Travel Agent
B05225,H007,G02602,2025-03-11,2025-04-07,2025-04-10,Hotel Website
B05226,H016,G02603,2024-11-06,2024-12-02,2024-12-04,OTA
B05227,H013,G02603,2025-12-10,2026-01-20,2026-01-22,Corporate Booking
B05228,H004,G02604,2026-02-24,2026-03-12,2026-03-15,Mobile App
B05229,H019,G02604,2026-04-30,2026-05-17,2026-05-20,OTA
B05230,H013,G02604,2026-07-07,2026-07-26,2026-07-28,Mobile App
B05231,H002,G02604,2026-08-22,2026-08-30,2026-08-31,Hotel Website
B05232,H001,G02605,2025-03-18,2025-03-31,2025-04-06,OTA
B05233,H019,G02606,2026-03-18,2026-03-19,2026-03-22,Mobile App
B05234,H004,G02606,2026-05-08,2026-05-22,2026-05-26,Phone Booking
B05235,H005,G02607,2025-07-29,2025-08-07,2025-08-09,OTA
B05236,H012,G02608,2026-04-11,2026-04-24,2026-04-25,Mobile App
B05237,H011,G02609,2024-09-01,2024-09-24,2024-09-25,Travel Agent
B05238,H015,G02609,2025-02-01,2025-03-14,2025-03-18,Travel Agent
B05239,H002,G02609,2026-02-19,2026-03-19,2026-03-24,OTA
B05240,H004,G02610,2025-09-12,2025-09-15,2025-09-18,OTA
B05241,H009,G02611,2025-03-08,2025-03-19,2025-03-20,OTA
B05242,H002,G02611,2025-11-26,2025-12-06,2025-12-08,Phone Booking
B05243,H016,G02612,2025-08-26,2025-09-20,2025-09-24,Corporate Booking
B05244,H012,G02612,2025-11-20,2025-11-21,2025-11-22,Walk-in
B05245,H001,G02613,2025-01-05,2025-01-13,2025-01-16,Travel Agent
B05246,H016,G02613,2026-03-10,2026-04-15,2026-04-16,Corporate Booking
B05247,H018,G02614,2024-01-15,2024-01-16,2024-01-17,Walk-in
B05248,H020,G02614,2024-06-12,2024-06-17,2024-06-23,Mobile App
B05249,H011,G02615,2026-05-17,2026-06-16,2026-06-17,Hotel Website
B05250,H012,G02616,2025-11-09,2025-11-28,2025-11-29,OTA
B05251,H019,G02616,2026-08-12,2026-08-30,2026-08-31,Travel Agent
B05252,H005,G02617,2025-02-17,2025-02-28,2025-03-03,Hotel Website
B05253,H003,G02618,2024-12-29,2025-01-03,2025-01-06,Travel Agent
B05254,H015,G02619,2025-11-03,2025-11-14,2025-11-15,Mobile App
B05255,H015,G02620,2024-10-08,2024-10-28,2024-10-29,Phone Booking
B05256,H015,G02620,2025-02-27,2025-03-14,2025-03-16,Corporate Booking
B05257,H020,G02620,2025-08-29,2025-09-01,2025-09-03,OTA
B05258,H011,G02620,2026-07-06,2026-07-27,2026-07-29,Hotel Website
B05259,H004,G02620,2026-07-20,2026-08-19,2026-08-24,Hotel Website
B05260,H004,G02621,2025-10-20,2025-10-29,2025-11-01,Mobile App
B05261,H020,G02622,2026-04-28,2026-05-29,2026-06-01,Travel Agent
B05262,H018,G02623,2026-01-30,2026-03-16,2026-03-17,Travel Agent
B05263,H001,G02623,2026-05-01,2026-05-02,2026-05-08,Walk-in
B05264,H014,G02624,2024-05-26,2024-06-16,2024-06-18,OTA
B05265,H001,G02624,2024-07-31,2024-08-30,2024-09-02,Corporate Booking
B05266,H003,G02624,2025-03-04,2025-03-12,2025-03-18,OTA
B05267,H005,G02625,2024-02-20,2024-02-23,2024-02-27,OTA
B05268,H016,G02625,2025-09-28,2025-10-17,2025-10-21,Corporate Booking
B05269,H011,G02626,2024-03-17,2024-03-24,2024-03-25,Corporate Booking
B05270,H004,G02626,2024-09-15,2024-09-19,2024-09-22,OTA
B05271,H013,G02626,2026-06-10,2026-06-21,2026-06-26,Hotel Website
B05272,H002,G02627,2024-01-17,2024-02-18,2024-02-22,Corporate Booking
B05273,H019,G02628,2025-10-14,2025-10-31,2025-11-06,Hotel Website
B05274,H014,G02628,2026-03-22,2026-04-02,2026-04-03,Corporate Booking
B05275,H004,G02629,2025-04-10,2025-04-27,2025-04-29,OTA
B05276,H007,G02630,2025-01-11,2025-02-13,2025-02-15,Corporate Booking
B05277,H014,G02630,2025-10-19,2025-10-29,2025-10-31,Phone Booking
B05278,H020,G02631,2025-04-06,2025-04-29,2025-04-30,OTA
B05279,H010,G02631,2025-12-20,2025-12-21,2025-12-24,Walk-in
B05280,H015,G02631,2026-01-29,2026-02-06,2026-02-07,OTA
B05281,H019,G02631,2026-02-06,2026-02-28,2026-03-06,Hotel Website
B05282,H004,G02632,2024-06-24,2024-07-18,2024-07-22,OTA
B05283,H014,G02632,2026-03-16,2026-04-10,2026-04-13,Travel Agent
B05284,H004,G02633,2025-02-25,2025-02-26,2025-02-28,Walk-in
B05285,H019,G02633,2025-11-07,2025-11-16,2025-11-18,Mobile App
B05286,H003,G02634,2024-11-27,2024-12-05,2024-12-12,OTA
B05287,H017,G02634,2025-09-02,2025-09-03,2025-09-07,Walk-in
B05288,H017,G02635,2024-04-22,2024-04-27,2024-04-28,Phone Booking
B05289,H003,G02636,2026-07-23,2026-08-07,2026-08-10,Phone Booking
B05290,H020,G02636,2024-01-14,2024-02-13,2024-02-16,Hotel Website
B05291,H005,G02637,2025-12-25,2025-12-31,2026-01-06,Mobile App
B05292,H003,G02637,2026-01-13,2026-02-08,2026-02-13,Travel Agent
B05293,H004,G02638,2025-06-11,2025-07-04,2025-07-09,Hotel Website
B05294,H005,G02639,2025-02-03,2025-02-26,2025-03-01,Hotel Website
B05295,H015,G02639,2025-12-06,2026-01-01,2026-01-03,OTA
B05296,H005,G02640,2025-01-22,2025-01-25,2025-01-31,Hotel Website
B05297,H015,G02640,2025-05-02,2025-06-03,2025-06-04,Hotel Website
B05298,H014,G02641,2025-11-06,2025-11-21,2025-11-24,Hotel Website
B05299,H004,G02641,2026-03-14,2026-03-26,2026-03-31,OTA
B05300,H014,G02642,2025-05-24,2025-06-06,2025-06-09,Mobile App
B05301,H016,G02642,2026-02-14,2026-02-28,2026-03-03,Mobile App
B05302,H003,G02643,2024-06-22,2024-06-23,2024-06-27,Walk-in
B05303,H001,G02643,2026-01-19,2026-01-26,2026-02-01,Mobile App
B05304,H003,G02644,2024-08-10,2024-09-01,2024-09-04,Travel Agent
B05305,H012,G02644,2026-07-05,2026-07-29,2026-08-01,Hotel Website
B05306,H004,G02645,2024-11-18,2024-12-05,2024-12-12,OTA
B05307,H006,G02645,2026-04-10,2026-05-14,2026-05-15,Travel Agent
B05308,H014,G02645,2026-06-19,2026-07-24,2026-07-25,Travel Agent
B05309,H008,G02646,2025-03-16,2025-03-31,2025-04-03,Mobile App
B05310,H003,G02646,2025-05-07,2025-05-11,2025-05-15,Mobile App
B05311,H001,G02647,2024-05-28,2024-05-29,2024-06-02,Phone Booking
B05312,H003,G02648,2025-09-26,2025-10-16,2025-10-19,Phone Booking
B05313,H001,G02649,2025-12-10,2025-12-11,2025-12-15,Walk-in
B05314,H007,G02649,2026-07-24,2026-07-29,2026-07-31,Hotel Website
B05315,H019,G02649,2026-08-07,2026-08-16,2026-08-19,Corporate Booking
B05316,H020,G02649,2024-07-20,2024-07-24,2024-07-25,OTA
B05317,H012,G02650,2026-03-03,2026-03-24,2026-03-25,Phone Booking
B05318,H001,G02651,2026-05-17,2026-06-16,2026-06-22,Hotel Website
B05319,H008,G02651,2026-08-06,2026-08-22,2026-08-25,Mobile App
B05320,H014,G02652,2025-10-26,2025-11-04,2025-11-07,Phone Booking
B05321,H014,G02652,2026-08-03,2026-08-23,2026-08-27,Travel Agent
B05322,H003,G02652,2024-10-04,2024-10-21,2024-10-24,Hotel Website
B05323,H016,G02653,2026-05-10,2026-06-05,2026-06-09,Travel Agent
B05324,H007,G02653,2026-06-02,2026-06-24,2026-06-26,Hotel Website
B05325,H013,G02654,2026-01-17,2026-01-30,2026-02-01,OTA
B05326,H013,G02654,2026-05-06,2026-05-07,2026-05-08,Walk-in
B05327,H005,G02655,2024-06-17,2024-07-07,2024-07-10,Hotel Website
B05328,H005,G02655,2025-01-04,2025-01-31,2025-02-06,OTA
B05329,H014,G02656,2024-02-10,2024-03-14,2024-03-17,Hotel Website
B05330,H003,G02656,2026-04-10,2026-05-10,2026-05-13,OTA
B05331,H020,G02657,2026-07-23,2026-08-22,2026-08-25,Hotel Website
B05332,H016,G02658,2024-11-02,2024-11-10,2024-11-12,Corporate Booking
B05333,H015,G02659,2026-01-16,2026-01-19,2026-01-21,OTA
B05334,H005,G02659,2026-03-24,2026-04-07,2026-04-10,OTA
B05335,H005,G02660,2026-01-21,2026-02-09,2026-02-12,OTA
B05336,H014,G02661,2026-06-17,2026-07-13,2026-07-16,OTA
B05337,H005,G02662,2024-11-23,2024-12-04,2024-12-06,Phone Booking
B05338,H020,G02663,2024-01-14,2024-02-06,2024-02-08,Corporate Booking
B05339,H013,G02663,2024-11-22,2024-12-31,2025-01-01,Corporate Booking
B05340,H012,G02664,2025-06-29,2025-07-14,2025-07-16,Phone Booking
B05341,H008,G02664,2026-04-13,2026-05-28,2026-05-30,Travel Agent
B05342,H015,G02664,2026-07-29,2026-08-19,2026-08-21,OTA
B05343,H019,G02665,2025-12-26,2025-12-30,2026-01-02,Hotel Website
B05344,H018,G02665,2026-07-23,2026-08-21,2026-08-22,Hotel Website
B05345,H001,G02666,2024-08-06,2024-08-22,2024-08-25,Phone Booking
B05346,H001,G02666,2025-12-08,2025-12-18,2025-12-22,Corporate Booking
B05347,H005,G02667,2025-12-17,2026-01-07,2026-01-11,Mobile App
B05348,H007,G02667,2026-04-02,2026-04-03,2026-04-05,Walk-in
B05349,H012,G02668,2025-09-21,2025-10-18,2025-10-21,Hotel Website
B05350,H002,G02668,2025-11-12,2025-11-29,2025-12-02,Mobile App
B05351,H002,G02668,2025-12-26,2026-01-19,2026-01-21,Hotel Website
B05352,H015,G02668,2026-06-06,2026-06-17,2026-06-21,Hotel Website
B05353,H016,G02669,2025-04-07,2025-04-18,2025-04-20,Hotel Website
B05354,H012,G02670,2024-01-01,2024-01-06,2024-01-09,Corporate Booking
B05355,H019,G02671,2024-03-26,2024-03-29,2024-03-31,OTA
B05356,H016,G02671,2024-09-11,2024-10-17,2024-10-19,Corporate Booking
B05357,H020,G02671,2025-12-18,2026-01-15,2026-01-20,OTA
B05358,H003,G02672,2024-05-19,2024-06-06,2024-06-09,OTA
B05359,H017,G02672,2026-04-26,2026-04-27,2026-04-28,Walk-in
B05360,H005,G02673,2025-02-24,2025-03-05,2025-03-08,OTA
B05361,H018,G02673,2025-10-19,2025-10-26,2025-10-30,Mobile App
B05362,H007,G02674,2025-08-26,2025-09-10,2025-09-12,Phone Booking
B05363,H002,G02675,2025-04-06,2025-04-24,2025-04-27,Mobile App
B05364,H002,G02675,2026-03-24,2026-04-12,2026-04-15,OTA
B05365,H014,G02675,2026-07-01,2026-08-02,2026-08-03,Hotel Website
B05366,H005,G02676,2025-05-22,2025-05-26,2025-05-28,Phone Booking
B05367,H004,G02676,2025-09-12,2025-09-20,2025-09-23,Hotel Website
B05368,H002,G02676,2026-07-20,2026-07-23,2026-07-26,Phone Booking
B05369,H001,G02677,2026-07-29,2026-07-30,2026-08-01,Walk-in
B05370,H001,G02677,2025-10-07,2025-11-19,2025-11-21,Corporate Booking
B05371,H011,G02678,2025-04-14,2025-04-29,2025-04-30,Phone Booking
B05372,H002,G02678,2025-06-13,2025-06-20,2025-06-22,Mobile App
B05373,H013,G02679,2024-07-06,2024-08-15,2024-08-17,Corporate Booking
B05374,H013,G02679,2025-09-12,2025-09-18,2025-09-21,Hotel Website
B05375,H007,G02680,2024-06-23,2024-06-29,2024-07-02,Hotel Website
B05376,H013,G02680,2024-09-20,2024-10-11,2024-10-15,Hotel Website
B05377,H013,G02681,2025-03-26,2025-04-15,2025-04-18,Phone Booking
B05378,H015,G02682,2024-06-23,2024-07-23,2024-07-27,Hotel Website
B05379,H001,G02683,2025-01-14,2025-01-20,2025-01-23,OTA
B05380,H014,G02684,2026-01-12,2026-01-26,2026-01-28,OTA
B05381,H001,G02684,2026-04-03,2026-04-06,2026-04-09,Mobile App
B05382,H015,G02685,2025-02-15,2025-03-18,2025-03-20,Hotel Website
B05383,H015,G02685,2025-11-29,2026-01-09,2026-01-11,Corporate Booking
B05384,H015,G02685,2026-07-03,2026-07-04,2026-07-07,Walk-in
B05385,H017,G02685,2026-07-16,2026-07-26,2026-07-27,Travel Agent
B05386,H001,G02686,2025-11-20,2025-11-21,2025-11-28,Walk-in
B05387,H010,G02686,2026-06-07,2026-06-12,2026-06-16,Hotel Website
B05388,H017,G02686,2026-07-21,2026-07-25,2026-07-27,OTA
B05389,H012,G02687,2024-10-04,2024-10-22,2024-10-24,Hotel Website
B05390,H004,G02688,2024-04-24,2024-04-26,2024-05-03,OTA
B05391,H011,G02688,2025-05-22,2025-06-03,2025-06-07,Phone Booking
B05392,H013,G02689,2024-01-18,2024-02-26,2024-02-27,Corporate Booking
B05393,H013,G02689,2025-03-01,2025-04-11,2025-04-12,Corporate Booking
B05394,H003,G02689,2026-03-11,2026-03-20,2026-03-26,OTA
B05395,H016,G02690,2024-08-22,2024-08-31,2024-09-05,OTA
B05396,H005,G02690,2025-09-08,2025-10-06,2025-10-11,OTA
B05397,H002,G02691,2025-01-01,2025-01-29,2025-02-02,Hotel Website
B05398,H019,G02691,2025-12-02,2025-12-14,2025-12-16,Hotel Website
B05399,H015,G02692,2026-01-17,2026-02-05,2026-02-09,Corporate Booking
B05400,H012,G02692,2026-05-26,2026-06-18,2026-06-19,Hotel Website
B05401,H012,G02693,2026-08-08,2026-08-29,2026-08-31,Corporate Booking
B05402,H002,G02693,2025-07-09,2025-07-20,2025-07-24,Hotel Website
B05403,H004,G02694,2024-02-29,2024-03-15,2024-03-18,Phone Booking
B05404,H003,G02695,2024-05-11,2024-05-13,2024-05-17,Phone Booking
B05405,H016,G02696,2025-04-10,2025-04-29,2025-05-01,OTA
B05406,H002,G02696,2025-07-17,2025-08-13,2025-08-17,OTA
B05407,H014,G02696,2025-09-24,2025-09-28,2025-09-30,OTA
B05408,H003,G02697,2024-09-17,2024-09-29,2024-10-05,Phone Booking
B05409,H001,G02697,2024-10-26,2024-11-09,2024-11-12,Hotel Website
B05410,H003,G02697,2025-01-21,2025-01-31,2025-02-02,Phone Booking
B05411,H006,G02698,2024-09-15,2024-10-08,2024-10-10,OTA
B05412,H018,G02699,2026-03-02,2026-03-03,2026-03-06,Walk-in
B05413,H008,G02700,2024-10-05,2024-10-25,2024-10-30,OTA
B05414,H001,G02701,2024-05-11,2024-06-07,2024-06-11,Hotel Website
B05415,H016,G02701,2025-10-09,2025-11-08,2025-11-10,Corporate Booking
B05416,H016,G02702,2025-07-31,2025-08-18,2025-08-19,OTA
B05417,H006,G02703,2025-08-15,2025-09-05,2025-09-09,Mobile App
B05418,H005,G02703,2025-11-27,2025-12-24,2025-12-28,Travel Agent
B05419,H014,G02704,2025-07-05,2025-07-08,2025-07-09,OTA
B05420,H007,G02704,2026-03-12,2026-03-13,2026-03-15,Walk-in
B05421,H001,G02705,2025-05-06,2025-05-18,2025-05-23,Hotel Website
B05422,H010,G02705,2026-04-20,2026-04-26,2026-04-27,OTA
B05423,H007,G02706,2024-01-05,2024-01-14,2024-01-16,Corporate Booking
B05424,H007,G02706,2025-03-09,2025-03-14,2025-03-16,Mobile App
B05425,H020,G02707,2024-01-21,2024-02-16,2024-02-20,OTA
B05426,H004,G02708,2024-10-07,2024-10-24,2024-10-31,OTA
B05427,H012,G02709,2026-02-07,2026-03-06,2026-03-07,OTA
B05428,H019,G02709,2026-08-17,2026-08-24,2026-08-27,OTA
B05429,H002,G02710,2024-07-21,2024-08-08,2024-08-10,OTA
B05430,H005,G02710,2024-11-24,2024-12-18,2024-12-24,Hotel Website
B05431,H016,G02711,2025-03-26,2025-04-23,2025-04-25,Hotel Website
B05432,H016,G02711,2025-12-21,2025-12-29,2026-01-01,Hotel Website
B05433,H004,G02712,2025-05-15,2025-05-27,2025-05-30,Hotel Website
B05434,H001,G02713,2024-12-24,2025-01-21,2025-01-28,Hotel Website
B05435,H007,G02714,2025-10-25,2025-11-16,2025-11-17,Travel Agent
B05436,H007,G02714,2026-01-22,2026-02-01,2026-02-06,OTA
B05437,H020,G02714,2026-08-06,2026-08-28,2026-08-29,Hotel Website
B05438,H020,G02714,2026-05-09,2026-05-31,2026-06-05,Travel Agent
B05439,H013,G02715,2025-03-22,2025-03-31,2025-04-01,OTA
B05440,H011,G02715,2025-08-05,2025-08-31,2025-09-02,Corporate Booking
B05441,H013,G02715,2026-03-05,2026-03-28,2026-03-30,OTA
B05442,H002,G02716,2026-01-11,2026-02-07,2026-02-09,Travel Agent
B05443,H003,G02716,2026-04-26,2026-05-10,2026-05-14,Travel Agent
B05444,H003,G02716,2026-05-19,2026-06-30,2026-07-03,Travel Agent
B05445,H015,G02717,2025-01-25,2025-02-18,2025-02-19,Travel Agent
B05446,H016,G02717,2026-01-28,2026-02-27,2026-03-02,Hotel Website
B05447,H008,G02718,2025-03-29,2025-04-26,2025-04-29,OTA
B05448,H008,G02718,2026-07-24,2026-08-17,2026-08-22,OTA
B05449,H015,G02719,2025-03-28,2025-05-11,2025-05-12,Corporate Booking
B05450,H015,G02719,2025-08-07,2025-08-17,2025-08-23,Hotel Website
B05451,H018,G02720,2025-08-24,2025-08-29,2025-08-31,Phone Booking
B05452,H004,G02721,2026-04-03,2026-04-21,2026-04-25,OTA
B05453,H018,G02721,2026-08-01,2026-08-17,2026-08-19,OTA
B05454,H005,G02722,2024-06-13,2024-06-27,2024-06-29,Hotel Website
B05455,H004,G02722,2024-07-07,2024-07-28,2024-07-31,Mobile App
B05456,H013,G02723,2024-01-25,2024-01-30,2024-02-01,Hotel Website
B05457,H016,G02723,2025-04-25,2025-05-15,2025-05-16,Mobile App
B05458,H016,G02723,2026-01-18,2026-02-27,2026-03-01,Corporate Booking
B05459,H016,G02723,2026-08-09,2026-08-27,2026-08-29,OTA
B05460,H006,G02724,2024-10-07,2024-10-17,2024-10-19,Corporate Booking
B05461,H008,G02724,2025-01-28,2025-02-07,2025-02-09,OTA
B05462,H019,G02725,2025-11-06,2025-11-30,2025-12-04,Hotel Website
B05463,H005,G02725,2026-08-19,2026-08-20,2026-08-23,OTA
B05464,H017,G02725,2024-11-13,2024-12-10,2024-12-12,Travel Agent
B05465,H011,G02726,2026-01-15,2026-02-04,2026-02-05,Corporate Booking
B05466,H011,G02726,2026-04-19,2026-05-03,2026-05-04,Hotel Website
B05467,H002,G02727,2024-09-20,2024-09-26,2024-09-28,Mobile App
B05468,H015,G02727,2025-11-28,2025-12-03,2025-12-05,OTA
B05469,H003,G02727,2026-07-29,2026-08-24,2026-08-27,Hotel Website
B05470,H019,G02727,2025-11-19,2025-11-20,2025-11-21,Walk-in
B05471,H019,G02727,2025-12-27,2026-01-01,2026-01-04,OTA
B05472,H006,G02728,2024-10-13,2024-10-14,2024-10-16,Walk-in
B05473,H005,G02729,2026-05-08,2026-05-25,2026-05-29,Mobile App
B05474,H003,G02729,2026-07-04,2026-07-27,2026-07-30,Hotel Website
B05475,H003,G02730,2025-04-13,2025-04-30,2025-05-03,Mobile App
B05476,H014,G02730,2026-02-21,2026-03-01,2026-03-04,Corporate Booking
B05477,H014,G02730,2026-06-25,2026-07-15,2026-07-17,Mobile App
B05478,H015,G02730,2026-08-24,2026-08-29,2026-08-30,Corporate Booking
B05479,H003,G02731,2025-09-10,2025-10-16,2025-10-19,Travel Agent
B05480,H003,G02732,2025-11-29,2025-12-24,2025-12-26,OTA
B05481,H013,G02733,2025-11-14,2025-11-27,2025-11-29,Phone Booking
B05482,H017,G02733,2026-05-12,2026-05-22,2026-05-25,Hotel Website
B05483,H011,G02733,2026-06-26,2026-07-23,2026-07-25,Hotel Website
B05484,H015,G02734,2025-07-11,2025-07-14,2025-07-16,Phone Booking
B05485,H015,G02734,2025-09-13,2025-10-08,2025-10-10,Corporate Booking
B05486,H016,G02734,2025-12-16,2026-01-06,2026-01-08,Travel Agent
B05487,H011,G02734,2026-03-17,2026-03-19,2026-03-20,OTA
B05488,H011,G02735,2024-08-05,2024-09-01,2024-09-03,OTA
B05489,H003,G02735,2025-09-20,2025-10-02,2025-10-05,Hotel Website
B05490,H004,G02735,2026-03-06,2026-03-31,2026-04-06,Hotel Website
B05491,H011,G02736,2025-03-21,2025-04-08,2025-04-10,Hotel Website
B05492,H015,G02736,2025-07-09,2025-07-18,2025-07-22,Travel Agent
B05493,H012,G02737,2024-11-30,2024-12-01,2024-12-06,Walk-in
B05494,H014,G02737,2026-01-15,2026-01-27,2026-01-31,Travel Agent
B05495,H008,G02738,2025-02-21,2025-03-22,2025-03-25,Travel Agent
B05496,H008,G02739,2025-05-09,2025-06-13,2025-06-15,Hotel Website
B05497,H011,G02739,2025-07-10,2025-07-19,2025-07-21,OTA
B05498,H011,G02739,2025-10-01,2025-10-20,2025-10-21,Hotel Website
B05499,H015,G02740,2026-03-31,2026-04-09,2026-04-13,Phone Booking
B05500,H016,G02740,2026-06-05,2026-06-24,2026-06-28,Mobile App
B05501,H003,G02741,2024-12-11,2024-12-19,2024-12-24,Hotel Website
B05502,H014,G02742,2025-05-11,2025-05-21,2025-05-24,Hotel Website
B05503,H015,G02743,2024-08-27,2024-09-07,2024-09-09,Hotel Website
B05504,H005,G02744,2024-12-13,2025-01-10,2025-01-16,Hotel Website
B05505,H014,G02744,2025-07-03,2025-07-04,2025-07-06,Walk-in
B05506,H004,G02744,2026-03-24,2026-04-13,2026-04-17,Corporate Booking
B05507,H013,G02745,2025-03-12,2025-04-11,2025-04-13,OTA
B05508,H015,G02746,2025-08-24,2025-09-09,2025-09-13,Travel Agent
B05509,H003,G02747,2024-05-17,2024-05-28,2024-06-03,Mobile App
B05510,H015,G02747,2025-10-19,2025-10-21,2025-10-25,OTA
B05511,H002,G02748,2024-01-25,2024-02-15,2024-02-17,Phone Booking
B05512,H005,G02748,2025-10-25,2025-10-27,2025-10-31,OTA
B05513,H012,G02749,2024-11-29,2024-12-03,2024-12-05,OTA
B05514,H015,G02750,2024-03-31,2024-04-21,2024-04-22,OTA
B05515,H002,G02750,2025-06-19,2025-06-26,2025-06-28,Travel Agent
B05516,H020,G02750,2025-09-12,2025-09-28,2025-10-01,Mobile App
B05517,H019,G02750,2025-11-24,2025-11-26,2025-12-02,Hotel Website
B05518,H016,G02751,2024-12-11,2025-01-02,2025-01-06,OTA
B05519,H016,G02751,2026-01-01,2026-01-05,2026-01-07,Hotel Website
B05520,H003,G02752,2024-09-19,2024-10-05,2024-10-08,Hotel Website
B05521,H004,G02752,2024-11-05,2024-12-02,2024-12-06,OTA
B05522,H004,G02752,2025-09-24,2025-10-21,2025-10-27,Hotel Website
B05523,H005,G02752,2026-05-14,2026-05-18,2026-05-25,Hotel Website
B05524,H002,G02752,2026-07-01,2026-07-02,2026-07-09,Walk-in
B05525,H004,G02753,2025-11-11,2025-11-27,2025-11-30,OTA
B05526,H006,G02753,2025-12-16,2025-12-18,2025-12-22,Phone Booking
B05527,H006,G02753,2026-02-02,2026-02-21,2026-02-24,Travel Agent
B05528,H004,G02754,2025-10-07,2025-10-19,2025-10-21,Mobile App
B05529,H016,G02754,2026-08-04,2026-08-18,2026-08-22,OTA
B05530,H017,G02755,2025-08-10,2025-08-31,2025-09-01,Mobile App
B05531,H001,G02756,2024-08-24,2024-09-23,2024-09-29,Hotel Website
B05532,H002,G02756,2025-11-02,2025-11-09,2025-11-16,OTA
B05533,H006,G02756,2026-06-07,2026-06-24,2026-06-28,Hotel Website
B05534,H003,G02757,2025-12-19,2026-01-12,2026-01-14,OTA
B05535,H009,G02757,2026-03-03,2026-03-05,2026-03-10,OTA
B05536,H005,G02757,2026-06-16,2026-06-28,2026-07-03,Corporate Booking
B05537,H007,G02758,2025-01-13,2025-01-14,2025-01-18,Walk-in
B05538,H011,G02758,2025-05-16,2025-05-27,2025-05-30,Hotel Website
B05539,H014,G02759,2025-05-22,2025-06-05,2025-06-09,Mobile App
B05540,H012,G02759,2026-06-01,2026-06-02,2026-06-04,Walk-in
B05541,H001,G02759,2026-07-27,2026-07-28,2026-07-31,OTA
B05542,H012,G02760,2026-03-28,2026-04-02,2026-04-05,Hotel Website
B05543,H005,G02761,2024-10-05,2024-10-26,2024-11-02,Hotel Website
B05544,H015,G02761,2026-04-21,2026-04-28,2026-04-30,Mobile App
B05545,H008,G02761,2026-08-03,2026-08-04,2026-08-07,Walk-in
B05546,H001,G02761,2024-12-11,2025-01-02,2025-01-05,OTA
B05547,H009,G02762,2024-08-26,2024-09-07,2024-09-08,Hotel Website
B05548,H003,G02762,2025-11-30,2025-12-28,2025-12-30,Hotel Website
B05549,H002,G02762,2026-02-19,2026-02-20,2026-02-22,Mobile App
B05550,H006,G02763,2024-10-04,2024-11-07,2024-11-09,Corporate Booking
B05551,H019,G02763,2026-03-02,2026-03-12,2026-03-15,Hotel Website
B05552,H016,G02764,2026-05-19,2026-06-15,2026-06-17,Corporate Booking
B05553,H012,G02764,2026-06-17,2026-07-16,2026-07-17,OTA
B05554,H007,G02765,2025-10-25,2025-10-26,2025-10-28,Walk-in
B05555,H004,G02765,2026-07-12,2026-08-02,2026-08-05,Mobile App
B05556,H014,G02766,2026-03-04,2026-03-22,2026-03-25,OTA
B05557,H012,G02766,2026-07-05,2026-07-11,2026-07-14,Corporate Booking
B05558,H012,G02767,2024-01-12,2024-02-09,2024-02-11,OTA
B05559,H007,G02767,2025-10-19,2025-10-20,2025-10-22,Walk-in
B05560,H006,G02767,2025-12-07,2025-12-09,2025-12-11,Hotel Website
B05561,H006,G02768,2026-04-27,2026-05-23,2026-05-25,OTA
B05562,H004,G02768,2026-08-20,2026-08-30,2026-08-31,Hotel Website
B05563,H019,G02768,2025-11-02,2025-11-05,2025-11-09,Mobile App
B05564,H018,G02769,2024-12-23,2024-12-24,2024-12-27,Walk-in
B05565,H017,G02770,2024-06-29,2024-07-29,2024-07-30,Hotel Website
B05566,H012,G02771,2024-06-17,2024-07-24,2024-07-28,Travel Agent
B05567,H011,G02772,2026-03-21,2026-03-23,2026-03-24,Mobile App
B05568,H019,G02773,2024-05-25,2024-06-12,2024-06-13,Hotel Website
B05569,H020,G02773,2024-12-03,2024-12-21,2024-12-24,Phone Booking
B05570,H016,G02774,2025-01-15,2025-02-07,2025-02-08,Corporate Booking
B05571,H011,G02774,2025-05-25,2025-06-29,2025-07-03,Travel Agent
B05572,H012,G02774,2026-03-05,2026-03-15,2026-03-16,Hotel Website
B05573,H018,G02775,2025-12-27,2026-01-17,2026-01-19,OTA
B05574,H005,G02775,2026-03-10,2026-03-29,2026-04-03,Mobile App
B05575,H008,G02776,2025-06-02,2025-07-15,2025-07-20,Corporate Booking
B05576,H019,G02776,2026-01-31,2026-03-03,2026-03-05,Hotel Website
B05577,H004,G02777,2024-09-16,2024-10-15,2024-10-20,Corporate Booking
B05578,H002,G02778,2024-11-24,2024-12-02,2024-12-06,Phone Booking
B05579,H002,G02778,2025-01-15,2025-02-14,2025-02-18,Travel Agent
B05580,H002,G02778,2026-02-21,2026-02-22,2026-02-24,Walk-in
B05581,H005,G02779,2025-09-11,2025-10-10,2025-10-15,Travel Agent
B05582,H012,G02780,2024-06-04,2024-06-14,2024-06-16,Phone Booking
B05583,H002,G02781,2025-06-04,2025-06-21,2025-06-24,OTA
B05584,H001,G02782,2025-10-16,2025-10-27,2025-10-31,OTA
B05585,H005,G02782,2026-03-29,2026-03-31,2026-04-03,Mobile App
B05586,H002,G02783,2024-07-10,2024-08-16,2024-08-18,Corporate Booking
B05587,H002,G02783,2024-12-14,2024-12-31,2025-01-03,Hotel Website
B05588,H013,G02784,2024-12-10,2024-12-26,2024-12-28,Mobile App
B05589,H003,G02784,2025-04-02,2025-04-04,2025-04-06,Hotel Website
B05590,H020,G02784,2025-12-30,2026-01-06,2026-01-09,Phone Booking
B05591,H003,G02785,2026-01-28,2026-02-17,2026-02-24,Hotel Website
B05592,H002,G02785,2026-05-14,2026-06-09,2026-06-13,Travel Agent
B05593,H003,G02785,2026-07-19,2026-08-16,2026-08-23,Hotel Website
B05594,H014,G02786,2024-01-28,2024-02-02,2024-02-04,Phone Booking
B05595,H015,G02787,2026-03-07,2026-03-28,2026-03-31,OTA
B05596,H016,G02788,2024-06-28,2024-07-31,2024-08-02,Hotel Website
B05597,H013,G02788,2026-03-24,2026-03-25,2026-03-26,Walk-in
B05598,H012,G02789,2025-10-04,2025-10-08,2025-10-09,OTA
B05599,H006,G02789,2026-04-21,2026-05-10,2026-05-13,Mobile App
B05600,H008,G02790,2024-01-19,2024-01-24,2024-01-26,Phone Booking
B05601,H011,G02791,2025-12-09,2025-12-19,2025-12-21,Phone Booking
B05602,H001,G02791,2026-08-04,2026-08-27,2026-08-31,Hotel Website
B05603,H012,G02791,2025-04-18,2025-04-19,2025-04-20,Walk-in
B05604,H005,G02792,2025-08-15,2025-08-29,2025-08-31,Phone Booking
B05605,H005,G02792,2026-04-15,2026-05-14,2026-05-19,OTA
B05606,H003,G02792,2026-06-17,2026-08-01,2026-08-03,Corporate Booking
B05607,H016,G02792,2026-08-21,2026-08-27,2026-08-28,Corporate Booking
B05608,H018,G02793,2024-10-13,2024-10-14,2024-10-15,Walk-in
B05609,H004,G02793,2025-10-26,2025-11-01,2025-11-04,Corporate Booking
B05610,H006,G02794,2024-10-09,2024-11-22,2024-11-27,Travel Agent
B05611,H016,G02794,2024-12-22,2024-12-28,2024-12-30,Mobile App
B05612,H008,G02795,2025-12-06,2025-12-17,2025-12-20,Corporate Booking
B05613,H005,G02796,2025-01-10,2025-01-31,2025-02-02,Travel Agent
B05614,H001,G02796,2025-08-28,2025-09-19,2025-09-23,OTA
B05615,H006,G02797,2025-10-07,2025-10-11,2025-10-13,Mobile App
B05616,H011,G02798,2024-11-28,2024-11-29,2024-12-01,Walk-in
B05617,H001,G02798,2025-08-18,2025-09-16,2025-09-19,Travel Agent
B05618,H001,G02798,2025-10-25,2025-11-16,2025-11-20,Hotel Website
B05619,H016,G02799,2025-08-29,2025-08-30,2025-08-31,Phone Booking
B05620,H011,G02799,2026-05-05,2026-05-19,2026-05-23,Hotel Website
B05621,H002,G02799,2026-07-30,2026-08-07,2026-08-11,Mobile App
B05622,H016,G02800,2025-08-16,2025-09-01,2025-09-03,Phone Booking
B05623,H006,G02800,2025-10-13,2025-10-21,2025-10-22,OTA
B05624,H005,G02800,2026-06-01,2026-06-02,2026-06-04,Walk-in
B05625,H002,G02801,2026-07-24,2026-08-08,2026-08-12,Hotel Website
B05626,H017,G02802,2024-10-16,2024-11-03,2024-11-05,OTA
B05627,H001,G02802,2025-09-25,2025-09-29,2025-10-04,Phone Booking
B05628,H001,G02802,2026-01-27,2026-02-07,2026-02-14,Corporate Booking
B05629,H013,G02803,2026-04-25,2026-04-29,2026-05-02,Mobile App
B05630,H015,G02803,2026-08-29,2026-08-30,2026-08-31,Walk-in
B05631,H013,G02804,2026-02-20,2026-03-09,2026-03-10,OTA
B05632,H010,G02804,2026-07-15,2026-07-29,2026-07-30,Hotel Website
B05633,H020,G02805,2024-01-10,2024-01-15,2024-01-17,Phone Booking
B05634,H013,G02806,2025-09-13,2025-09-29,2025-09-30,OTA
B05635,H013,G02806,2025-12-20,2025-12-28,2025-12-31,Corporate Booking
B05636,H019,G02807,2025-05-11,2025-05-21,2025-05-24,OTA
B05637,H014,G02807,2026-06-01,2026-06-17,2026-06-20,Hotel Website
B05638,H001,G02808,2026-02-23,2026-03-18,2026-03-22,OTA
B05639,H018,G02808,2026-05-29,2026-06-17,2026-06-22,OTA
B05640,H015,G02809,2024-09-05,2024-09-19,2024-09-21,Mobile App
B05641,H004,G02810,2026-05-10,2026-05-20,2026-05-23,OTA
B05642,H016,G02810,2026-07-26,2026-08-03,2026-08-05,Mobile App
B05643,H011,G02811,2024-09-24,2024-10-10,2024-10-12,Hotel Website
B05644,H002,G02811,2026-02-13,2026-03-04,2026-03-07,Hotel Website
B05645,H015,G02812,2025-11-14,2025-11-24,2025-11-27,Mobile App
B05646,H015,G02812,2026-03-07,2026-03-23,2026-03-28,Corporate Booking
B05647,H013,G02812,2026-07-29,2026-08-12,2026-08-14,Mobile App
B05648,H003,G02813,2025-07-16,2025-08-06,2025-08-12,Travel Agent
B05649,H004,G02814,2024-08-15,2024-09-12,2024-09-16,OTA
B05650,H020,G02815,2024-01-31,2024-02-13,2024-02-16,Phone Booking
B05651,H004,G02816,2024-01-18,2024-02-22,2024-02-25,Hotel Website
B05652,H003,G02816,2024-08-02,2024-08-19,2024-08-23,Phone Booking
B05653,H016,G02817,2025-08-07,2025-09-05,2025-09-08,OTA
B05654,H002,G02817,2025-12-28,2026-01-07,2026-01-13,Travel Agent
B05655,H011,G02818,2026-07-20,2026-08-20,2026-08-22,Corporate Booking
B05656,H011,G02818,2025-06-27,2025-07-28,2025-07-30,Hotel Website
B05657,H012,G02818,2025-09-05,2025-10-04,2025-10-06,Travel Agent
B05658,H001,G02818,2026-08-22,2026-08-23,2026-08-25,Walk-in
B05659,H005,G02819,2026-05-01,2026-05-15,2026-05-21,Mobile App
B05660,H011,G02819,2026-07-15,2026-07-23,2026-07-26,Mobile App
B05661,H015,G02819,2026-08-08,2026-08-13,2026-08-17,Mobile App
B05662,H008,G02820,2024-05-20,2024-05-30,2024-06-04,Mobile App
B05663,H014,G02821,2025-09-17,2025-10-04,2025-10-06,Corporate Booking
B05664,H015,G02821,2025-10-28,2025-12-04,2025-12-05,Corporate Booking
B05665,H002,G02821,2026-04-01,2026-04-02,2026-04-05,Walk-in
B05666,H006,G02822,2026-06-09,2026-06-21,2026-06-22,Mobile App
B05667,H015,G02822,2026-07-03,2026-07-21,2026-07-22,Phone Booking
B05668,H003,G02822,2026-07-25,2026-08-13,2026-08-16,OTA
B05669,H001,G02823,2026-03-19,2026-04-01,2026-04-06,Phone Booking
B05670,H016,G02823,2026-07-27,2026-08-29,2026-08-31,Corporate Booking
B05671,H012,G02824,2024-09-03,2024-09-08,2024-09-10,Phone Booking
B05672,H014,G02824,2025-12-31,2026-01-11,2026-01-13,OTA
B05673,H015,G02825,2025-08-14,2025-08-16,2025-08-19,Mobile App
B05674,H007,G02826,2024-01-21,2024-02-11,2024-02-13,OTA
B05675,H020,G02827,2024-08-11,2024-09-02,2024-09-05,Hotel Website
B05676,H004,G02827,2025-04-24,2025-05-16,2025-05-19,Hotel Website
B05677,H005,G02828,2026-01-13,2026-01-30,2026-02-06,OTA
B05678,H003,G02828,2026-05-19,2026-06-06,2026-06-08,Mobile App
B05679,H016,G02829,2024-09-04,2024-09-27,2024-09-28,OTA
B05680,H007,G02829,2026-01-25,2026-02-13,2026-02-16,OTA
B05681,H012,G02830,2026-06-11,2026-06-22,2026-06-27,Mobile App
B05682,H014,G02830,2026-08-09,2026-08-19,2026-08-24,Travel Agent
B05683,H018,G02831,2024-09-12,2024-09-13,2024-09-14,OTA
B05684,H004,G02831,2025-11-23,2025-12-01,2025-12-08,OTA
B05685,H005,G02832,2026-02-11,2026-03-06,2026-03-10,OTA
B05686,H004,G02833,2024-06-09,2024-06-22,2024-06-27,OTA
B05687,H003,G02834,2025-01-30,2025-02-07,2025-02-09,Travel Agent
B05688,H020,G02834,2026-01-04,2026-01-05,2026-01-06,Walk-in
B05689,H008,G02835,2025-02-11,2025-03-27,2025-03-31,Travel Agent
B05690,H018,G02835,2025-12-24,2025-12-25,2025-12-26,Walk-in
B05691,H013,G02836,2024-10-18,2024-10-25,2024-10-26,Corporate Booking
B05692,H013,G02836,2025-10-23,2025-11-10,2025-11-12,OTA
B05693,H006,G02837,2026-01-05,2026-01-11,2026-01-15,OTA
B05694,H011,G02837,2026-05-05,2026-05-18,2026-05-20,OTA
B05695,H003,G02837,2026-05-28,2026-06-14,2026-06-18,Hotel Website
B05696,H005,G02837,2026-08-08,2026-08-29,2026-08-31,OTA
B05697,H014,G02838,2024-05-10,2024-05-31,2024-06-02,Phone Booking
B05698,H005,G02839,2024-07-06,2024-08-08,2024-08-11,Hotel Website
B05699,H020,G02840,2024-04-11,2024-04-17,2024-04-22,OTA
B05700,H011,G02840,2024-07-25,2024-07-27,2024-07-29,Phone Booking
B05701,H001,G02840,2026-08-25,2026-08-26,2026-08-29,Walk-in
B05702,H015,G02841,2025-06-03,2025-06-09,2025-06-12,Phone Booking
B05703,H015,G02841,2025-09-19,2025-09-30,2025-10-01,Phone Booking
B05704,H014,G02842,2025-09-08,2025-09-16,2025-09-20,Phone Booking
B05705,H006,G02842,2026-03-27,2026-04-15,2026-04-16,OTA
B05706,H005,G02842,2026-07-16,2026-07-26,2026-07-30,OTA
B05707,H013,G02842,2025-01-15,2025-02-07,2025-02-08,OTA
B05708,H020,G02843,2025-11-05,2025-11-14,2025-11-17,OTA
B05709,H004,G02843,2026-05-02,2026-06-04,2026-06-07,Hotel Website
B05710,H013,G02844,2025-07-15,2025-07-21,2025-07-23,Corporate Booking
B05711,H014,G02844,2025-11-24,2025-12-24,2025-12-26,Hotel Website
B05712,H006,G02845,2026-06-21,2026-07-05,2026-07-06,OTA
B05713,H016,G02846,2026-03-09,2026-03-30,2026-03-31,Phone Booking
B05714,H010,G02846,2026-07-12,2026-07-18,2026-07-19,Mobile App
B05715,H011,G02847,2025-09-11,2025-09-14,2025-09-16,Hotel Website
B05716,H014,G02848,2025-02-06,2025-02-26,2025-03-03,Mobile App
B05717,H014,G02849,2025-06-26,2025-07-21,2025-07-23,OTA
B05718,H014,G02850,2025-08-15,2025-09-07,2025-09-09,OTA
B05719,H003,G02850,2025-11-14,2025-11-22,2025-11-29,Hotel Website
B05720,H003,G02850,2026-01-03,2026-01-31,2026-02-05,Hotel Website
B05721,H003,G02850,2026-06-21,2026-06-24,2026-06-26,OTA
B05722,H002,G02851,2026-01-02,2026-01-12,2026-01-16,Mobile App
B05723,H013,G02851,2026-07-18,2026-07-19,2026-07-21,Walk-in
B05724,H001,G02852,2024-09-20,2024-10-02,2024-10-08,Hotel Website
B05725,H003,G02852,2025-05-08,2025-05-25,2025-05-27,Travel Agent
B05726,H008,G02853,2025-05-10,2025-05-19,2025-05-22,Hotel Website
B05727,H008,G02853,2025-12-25,2025-12-29,2025-12-31,Mobile App
B05728,H006,G02853,2026-05-15,2026-06-27,2026-06-28,Corporate Booking
B05729,H016,G02854,2025-01-10,2025-02-07,2025-02-09,Corporate Booking
B05730,H011,G02855,2025-09-30,2025-10-26,2025-10-29,Hotel Website
B05731,H020,G02856,2025-11-27,2025-12-23,2025-12-27,OTA
B05732,H002,G02856,2026-03-25,2026-04-19,2026-04-21,Travel Agent
B05733,H018,G02857,2025-09-22,2025-10-21,2025-10-23,OTA
B05734,H005,G02857,2026-01-11,2026-02-10,2026-02-13,OTA
B05735,H008,G02858,2026-06-27,2026-07-08,2026-07-10,Mobile App
B05736,H014,G02858,2026-08-13,2026-08-21,2026-08-25,Mobile App
B05737,H007,G02859,2025-02-25,2025-03-15,2025-03-18,OTA
B05738,H016,G02859,2025-03-23,2025-05-02,2025-05-06,Corporate Booking
B05739,H016,G02859,2026-04-05,2026-04-20,2026-04-25,OTA
B05740,H015,G02860,2025-01-22,2025-02-14,2025-02-15,Travel Agent
B05741,H015,G02860,2026-04-10,2026-05-09,2026-05-10,OTA
B05742,H012,G02860,2026-06-18,2026-06-30,2026-07-01,Travel Agent
B05743,H013,G02861,2025-12-30,2026-01-12,2026-01-14,Mobile App
B05744,H011,G02862,2025-12-25,2026-01-05,2026-01-08,Travel Agent
B05745,H011,G02862,2026-05-12,2026-05-24,2026-05-28,Mobile App
B05746,H005,G02863,2024-01-02,2024-01-08,2024-01-10,Corporate Booking
B05747,H018,G02864,2025-05-31,2025-06-02,2025-06-03,Mobile App
B05748,H007,G02865,2025-10-26,2025-11-06,2025-11-08,Hotel Website
B05749,H016,G02866,2026-04-14,2026-04-22,2026-04-25,Hotel Website
B05750,H002,G02866,2026-06-21,2026-06-22,2026-06-25,Walk-in
B05751,H015,G02867,2024-03-13,2024-04-19,2024-04-21,Corporate Booking
B05752,H011,G02868,2025-05-03,2025-05-18,2025-05-20,Mobile App
B05753,H011,G02868,2025-07-20,2025-08-05,2025-08-08,Corporate Booking
B05754,H004,G02869,2025-01-16,2025-02-11,2025-02-18,OTA
B05755,H013,G02869,2026-04-28,2026-05-06,2026-05-10,OTA
B05756,H004,G02869,2026-07-02,2026-07-03,2026-07-06,OTA
B05757,H015,G02870,2026-06-08,2026-06-25,2026-06-28,Phone Booking
B05758,H013,G02870,2026-08-05,2026-08-11,2026-08-12,Mobile App
B05759,H001,G02871,2024-01-06,2024-01-19,2024-01-21,Mobile App
B05760,H016,G02872,2025-07-13,2025-07-23,2025-07-26,OTA
B05761,H012,G02872,2026-02-13,2026-02-15,2026-02-18,OTA
B05762,H006,G02873,2025-03-19,2025-03-26,2025-03-29,OTA
B05763,H002,G02873,2026-03-10,2026-03-26,2026-03-28,Mobile App
B05764,H011,G02874,2025-10-12,2025-10-13,2025-10-16,OTA
B05765,H015,G02875,2025-08-01,2025-08-08,2025-08-11,Corporate Booking
B05766,H019,G02875,2025-12-24,2026-01-06,2026-01-09,Mobile App
B05767,H003,G02876,2024-01-01,2024-01-01,2024-01-04,Corporate Booking
B05768,H020,G02877,2025-11-18,2025-12-06,2025-12-10,Hotel Website
B05769,H004,G02878,2025-03-02,2025-03-07,2025-03-11,Phone Booking
B05770,H018,G02879,2026-04-12,2026-05-20,2026-05-21,Travel Agent
B05771,H001,G02880,2024-05-20,2024-06-07,2024-06-09,OTA
B05772,H004,G02881,2026-05-30,2026-06-19,2026-06-24,Mobile App
B05773,H017,G02882,2024-03-18,2024-04-25,2024-04-26,Corporate Booking
B05774,H016,G02882,2025-01-12,2025-01-23,2025-01-24,Phone Booking
B05775,H016,G02882,2026-06-29,2026-07-18,2026-07-19,Hotel Website
B05776,H016,G02882,2024-05-12,2024-05-29,2024-05-31,OTA
B05777,H006,G02883,2024-02-25,2024-02-28,2024-02-29,Hotel Website
B05778,H003,G02883,2025-11-05,2025-12-05,2025-12-08,Travel Agent
B05779,H003,G02883,2026-01-07,2026-02-04,2026-02-07,OTA
B05780,H009,G02884,2026-03-04,2026-03-05,2026-03-08,Walk-in
B05781,H005,G02885,2025-09-25,2025-10-13,2025-10-17,OTA
B05782,H007,G02885,2026-05-28,2026-06-07,2026-06-09,Mobile App
B05783,H003,G02886,2025-01-18,2025-01-29,2025-02-01,Hotel Website
B05784,H013,G02887,2026-01-13,2026-01-21,2026-01-24,OTA
B05785,H014,G02888,2026-05-08,2026-06-05,2026-06-06,Corporate Booking
B05786,H019,G02888,2026-08-25,2026-08-27,2026-08-30,OTA
B05787,H015,G02888,2025-10-27,2025-11-13,2025-11-16,OTA
B05788,H015,G02888,2026-02-21,2026-03-10,2026-03-12,Travel Agent
B05789,H005,G02889,2024-01-09,2024-01-13,2024-01-20,Hotel Website
B05790,H003,G02890,2024-02-16,2024-02-26,2024-03-03,OTA
B05791,H003,G02890,2024-09-01,2024-09-08,2024-09-12,Travel Agent
B05792,H019,G02891,2025-10-03,2025-10-21,2025-10-23,OTA
B05793,H017,G02891,2026-08-24,2026-08-25,2026-08-27,Walk-in
B05794,H002,G02891,2024-03-24,2024-04-05,2024-04-09,OTA
B05795,H012,G02892,2024-09-22,2024-10-03,2024-10-06,Phone Booking
B05796,H005,G02893,2024-02-21,2024-03-10,2024-03-14,OTA
B05797,H020,G02893,2026-04-25,2026-05-15,2026-05-17,Corporate Booking
B05798,H019,G02893,2026-08-22,2026-08-23,2026-08-28,Walk-in
B05799,H001,G02894,2026-01-28,2026-02-18,2026-02-20,Travel Agent
B05800,H001,G02894,2026-05-13,2026-05-22,2026-05-27,Phone Booking
B05801,H001,G02895,2025-05-21,2025-05-28,2025-06-02,OTA
B05802,H003,G02895,2025-11-14,2025-12-07,2025-12-11,Hotel Website
B05803,H003,G02895,2026-01-05,2026-01-10,2026-01-13,OTA
B05804,H003,G02895,2026-05-20,2026-05-21,2026-05-26,Walk-in
B05805,H014,G02896,2025-06-06,2025-06-10,2025-06-12,OTA
B05806,H002,G02897,2026-07-17,2026-07-24,2026-07-27,Mobile App
B05807,H002,G02897,2026-07-22,2026-08-22,2026-08-28,Hotel Website
B05808,H011,G02897,2025-01-06,2025-01-24,2025-01-25,Phone Booking
B05809,H020,G02898,2026-05-22,2026-06-10,2026-06-13,Phone Booking
B05810,H003,G02899,2026-01-31,2026-02-13,2026-02-15,Phone Booking
B05811,H001,G02900,2025-09-08,2025-09-23,2025-09-27,Phone Booking
B05812,H011,G02901,2025-08-02,2025-08-21,2025-08-24,Corporate Booking
B05813,H011,G02901,2026-07-30,2026-07-31,2026-08-04,Walk-in
B05814,H016,G02902,2025-03-14,2025-04-05,2025-04-07,Corporate Booking
B05815,H004,G02902,2025-12-26,2026-01-19,2026-01-23,OTA
B05816,H004,G02902,2026-07-29,2026-08-24,2026-08-29,OTA
B05817,H010,G02903,2026-01-11,2026-02-19,2026-02-20,Travel Agent
B05818,H007,G02904,2026-05-15,2026-06-04,2026-06-08,Travel Agent
B05819,H001,G02905,2025-07-09,2025-08-11,2025-08-15,Hotel Website
B05820,H020,G02906,2024-05-07,2024-05-08,2024-05-10,Walk-in
B05821,H015,G02906,2024-09-02,2024-10-05,2024-10-07,Corporate Booking
B05822,H005,G02906,2026-01-25,2026-02-28,2026-03-06,Travel Agent
B05823,H004,G02907,2024-04-24,2024-05-22,2024-05-28,OTA
B05824,H013,G02908,2026-01-18,2026-02-06,2026-02-08,OTA
B05825,H011,G02908,2026-04-05,2026-05-02,2026-05-06,Hotel Website
B05826,H012,G02909,2026-05-28,2026-06-30,2026-07-04,Hotel Website
B05827,H011,G02909,2026-08-11,2026-08-27,2026-08-31,Phone Booking
B05828,H012,G02910,2026-03-18,2026-03-24,2026-03-25,OTA
B05829,H018,G02911,2025-05-12,2025-05-22,2025-05-25,Phone Booking
B05830,H020,G02912,2024-01-28,2024-03-04,2024-03-07,Corporate Booking
B05831,H020,G02912,2026-03-13,2026-04-09,2026-04-13,Corporate Booking
B05832,H018,G02913,2025-03-05,2025-03-23,2025-03-24,Phone Booking
B05833,H016,G02914,2025-03-25,2025-04-29,2025-04-30,Hotel Website
B05834,H016,G02914,2025-09-16,2025-10-01,2025-10-02,OTA
B05835,H003,G02914,2026-02-13,2026-02-18,2026-02-20,Mobile App
B05836,H013,G02915,2025-10-04,2025-11-02,2025-11-03,Hotel Website
B05837,H001,G02916,2025-09-13,2025-10-05,2025-10-10,OTA
B05838,H007,G02917,2025-10-21,2025-11-07,2025-11-12,OTA
B05839,H001,G02918,2026-01-22,2026-02-25,2026-02-27,Hotel Website
B05840,H010,G02919,2026-06-01,2026-07-14,2026-07-15,Travel Agent
B05841,H006,G02919,2026-08-17,2026-08-25,2026-08-28,Travel Agent
B05842,H005,G02920,2025-02-01,2025-02-24,2025-02-28,OTA
B05843,H019,G02920,2026-01-03,2026-01-31,2026-02-04,OTA
B05844,H006,G02920,2026-03-14,2026-03-27,2026-03-29,Mobile App
B05845,H015,G02920,2026-07-07,2026-07-28,2026-08-01,OTA
B05846,H015,G02921,2024-07-10,2024-08-15,2024-08-17,Corporate Booking
B05847,H001,G02922,2026-01-13,2026-01-22,2026-01-25,OTA
B05848,H003,G02922,2026-02-16,2026-03-12,2026-03-16,OTA
B05849,H019,G02923,2024-05-15,2024-05-16,2024-05-19,Walk-in
B05850,H014,G02923,2024-08-01,2024-08-06,2024-08-08,OTA
B05851,H001,G02924,2024-12-17,2025-01-01,2025-01-05,Phone Booking
B05852,H020,G02924,2025-04-08,2025-05-08,2025-05-10,Hotel Website
B05853,H013,G02925,2024-10-06,2024-10-26,2024-10-27,Mobile App
B05854,H020,G02925,2024-12-13,2025-01-07,2025-01-09,OTA
B05855,H020,G02925,2025-05-24,2025-05-26,2025-05-27,OTA
B05856,H015,G02926,2025-02-23,2025-03-04,2025-03-08,Travel Agent
B05857,H009,G02927,2025-08-02,2025-08-17,2025-08-18,Hotel Website
B05858,H013,G02927,2026-03-20,2026-04-03,2026-04-06,Mobile App
B05859,H017,G02927,2026-07-03,2026-07-26,2026-07-29,Hotel Website
B05860,H010,G02928,2024-12-18,2024-12-29,2024-12-31,Travel Agent
B05861,H012,G02928,2026-02-18,2026-02-22,2026-02-23,Mobile App
B05862,H014,G02929,2024-02-28,2024-03-30,2024-04-04,Travel Agent
B05863,H004,G02929,2026-04-08,2026-04-26,2026-04-28,OTA
B05864,H006,G02929,2026-07-07,2026-08-10,2026-08-14,Corporate Booking
B05865,H014,G02930,2026-02-23,2026-03-09,2026-03-10,OTA
B05866,H014,G02930,2026-08-19,2026-08-25,2026-08-26,Hotel Website
B05867,H011,G02931,2024-11-06,2024-12-12,2024-12-14,Corporate Booking
B05868,H019,G02932,2026-01-01,2026-01-04,2026-01-10,OTA
B05869,H003,G02932,2026-05-03,2026-05-17,2026-05-22,Mobile App
B05870,H004,G02933,2025-09-06,2025-09-07,2025-09-10,Walk-in
B05871,H002,G02933,2025-11-11,2025-11-20,2025-11-23,Travel Agent
B05872,H002,G02933,2026-08-21,2026-08-22,2026-08-24,Walk-in
B05873,H012,G02934,2024-03-15,2024-04-04,2024-04-05,Hotel Website
B05874,H016,G02934,2026-01-01,2026-01-10,2026-01-13,Travel Agent
B05875,H007,G02935,2025-06-14,2025-06-30,2025-07-01,OTA
B05876,H015,G02935,2025-10-09,2025-11-20,2025-11-22,Corporate Booking
B05877,H018,G02935,2026-06-06,2026-06-07,2026-06-09,Walk-in
B05878,H019,G02936,2024-11-29,2024-12-18,2024-12-23,Phone Booking
B05879,H011,G02936,2026-05-28,2026-07-04,2026-07-05,Corporate Booking
B05880,H011,G02936,2026-07-27,2026-07-29,2026-07-30,Mobile App
B05881,H016,G02937,2025-08-15,2025-08-29,2025-09-01,OTA
B05882,H001,G02937,2026-06-09,2026-06-25,2026-06-29,Mobile App
B05883,H005,G02938,2025-01-01,2025-02-08,2025-02-12,Travel Agent
B05884,H012,G02939,2024-03-21,2024-04-21,2024-04-23,Travel Agent
B05885,H005,G02939,2024-09-22,2024-10-03,2024-10-08,Hotel Website
B05886,H014,G02940,2025-01-26,2025-02-03,2025-02-06,Hotel Website
B05887,H014,G02940,2026-07-05,2026-07-14,2026-07-15,Phone Booking
B05888,H013,G02941,2025-09-29,2025-10-16,2025-10-19,OTA
B05889,H012,G02941,2026-02-11,2026-02-12,2026-02-14,Walk-in
B05890,H015,G02941,2026-04-02,2026-05-15,2026-05-16,Corporate Booking
B05891,H001,G02941,2026-06-10,2026-06-21,2026-06-24,Phone Booking
B05892,H019,G02942,2024-07-25,2024-08-18,2024-08-19,OTA
B05893,H015,G02942,2026-02-07,2026-03-01,2026-03-02,OTA
B05894,H008,G02943,2025-01-16,2025-02-20,2025-02-21,Travel Agent
B05895,H004,G02943,2025-11-03,2025-12-07,2025-12-11,Corporate Booking
B05896,H019,G02944,2025-12-11,2025-12-31,2026-01-06,Corporate Booking
B05897,H020,G02944,2026-06-25,2026-06-26,2026-06-28,Walk-in
B05898,H010,G02945,2024-04-18,2024-04-22,2024-04-23,Phone Booking
B05899,H003,G02945,2025-01-27,2025-02-05,2025-02-09,Hotel Website
B05900,H009,G02946,2026-02-24,2026-03-06,2026-03-08,Hotel Website
B05901,H003,G02946,2026-07-22,2026-08-14,2026-08-17,OTA
B05902,H014,G02946,2025-01-25,2025-01-30,2025-01-31,Hotel Website
B05903,H010,G02947,2024-06-02,2024-06-07,2024-06-09,Travel Agent
B05904,H004,G02948,2024-01-13,2024-02-02,2024-02-07,OTA
B05905,H013,G02948,2025-04-01,2025-04-16,2025-04-17,Corporate Booking
B05906,H013,G02948,2025-06-23,2025-07-05,2025-07-07,Corporate Booking
B05907,H004,G02949,2025-12-27,2026-01-24,2026-01-27,Travel Agent
B05908,H014,G02950,2024-09-14,2024-10-10,2024-10-11,Travel Agent
B05909,H014,G02951,2024-03-15,2024-03-26,2024-03-31,Corporate Booking
B05910,H011,G02952,2025-03-07,2025-03-15,2025-03-16,OTA
B05911,H004,G02952,2026-07-27,2026-08-22,2026-08-27,OTA
B05912,H016,G02953,2025-11-20,2025-12-10,2025-12-13,Hotel Website
B05913,H012,G02953,2026-01-21,2026-02-20,2026-02-21,OTA
B05914,H012,G02953,2026-07-11,2026-08-17,2026-08-21,Travel Agent
B05915,H004,G02954,2026-07-20,2026-08-14,2026-08-16,OTA
B05916,H015,G02954,2026-06-27,2026-07-02,2026-07-03,Corporate Booking
B05917,H017,G02955,2024-04-04,2024-04-23,2024-04-25,Phone Booking
B05918,H005,G02955,2025-09-10,2025-10-17,2025-10-23,Travel Agent
B05919,H003,G02956,2024-03-13,2024-03-20,2024-03-24,Corporate Booking
B05920,H011,G02956,2026-03-21,2026-04-08,2026-04-11,Corporate Booking
B05921,H012,G02957,2024-07-18,2024-08-20,2024-08-22,Hotel Website
B05922,H012,G02957,2024-10-31,2024-12-09,2024-12-10,Corporate Booking
B05923,H004,G02958,2024-09-13,2024-10-01,2024-10-05,Travel Agent
B05924,H016,G02958,2025-05-23,2025-06-05,2025-06-07,Corporate Booking
B05925,H012,G02959,2024-10-12,2024-10-19,2024-10-22,Hotel Website
B05926,H015,G02959,2025-11-05,2025-11-23,2025-11-26,Phone Booking
B05927,H004,G02960,2024-08-17,2024-08-20,2024-08-22,Phone Booking
B05928,H004,G02960,2026-02-13,2026-03-13,2026-03-16,OTA
B05929,H004,G02961,2025-03-04,2025-03-10,2025-03-14,OTA
B05930,H001,G02961,2026-01-09,2026-01-10,2026-01-14,OTA
B05931,H019,G02962,2025-10-16,2025-10-24,2025-10-26,Phone Booking
B05932,H002,G02963,2025-03-28,2025-03-31,2025-04-03,Hotel Website
B05933,H004,G02964,2026-01-19,2026-01-20,2026-01-24,Mobile App
B05934,H004,G02964,2026-04-11,2026-04-24,2026-05-01,OTA
B05935,H008,G02965,2024-12-06,2024-12-17,2024-12-19,Hotel Website
B05936,H008,G02965,2025-09-19,2025-09-20,2025-09-23,Walk-in
B05937,H003,G02966,2026-05-14,2026-05-19,2026-05-21,Mobile App
B05938,H001,G02966,2026-07-11,2026-08-03,2026-08-06,OTA
B05939,H008,G02967,2025-05-15,2025-05-28,2025-05-30,OTA
B05940,H008,G02967,2025-10-27,2025-11-04,2025-11-08,Mobile App
B05941,H013,G02968,2025-08-25,2025-09-21,2025-09-24,Travel Agent
B05942,H011,G02968,2026-08-20,2026-08-30,2026-08-31,OTA
B05943,H011,G02969,2025-07-17,2025-08-06,2025-08-10,Phone Booking
B05944,H014,G02970,2025-07-07,2025-08-08,2025-08-10,Corporate Booking
B05945,H015,G02970,2026-01-18,2026-01-30,2026-02-02,Corporate Booking
B05946,H020,G02971,2025-05-29,2025-06-28,2025-06-29,Hotel Website
B05947,H014,G02972,2025-08-23,2025-09-28,2025-09-30,Corporate Booking
B05948,H014,G02972,2025-10-20,2025-10-28,2025-10-30,OTA
B05949,H013,G02973,2024-10-19,2024-11-16,2024-11-18,Corporate Booking
B05950,H012,G02974,2026-07-12,2026-08-08,2026-08-11,Corporate Booking
B05951,H002,G02975,2025-04-03,2025-04-22,2025-04-26,Hotel Website
B05952,H001,G02976,2025-12-09,2025-12-21,2025-12-24,Travel Agent
B05953,H003,G02977,2025-11-19,2025-11-29,2025-12-02,Travel Agent
B05954,H004,G02977,2026-04-02,2026-04-17,2026-04-20,Travel Agent
B05955,H011,G02978,2025-03-28,2025-05-04,2025-05-05,Corporate Booking
B05956,H002,G02978,2026-06-11,2026-06-29,2026-07-01,Travel Agent
B05957,H012,G02979,2024-09-30,2024-10-25,2024-10-26,Corporate Booking
B05958,H012,G02979,2026-06-27,2026-07-07,2026-07-09,Corporate Booking
B05959,H011,G02980,2025-05-14,2025-06-28,2025-06-30,Corporate Booking
B05960,H004,G02980,2026-01-24,2026-02-19,2026-02-23,OTA
B05961,H005,G02981,2025-04-24,2025-04-28,2025-05-03,OTA
B05962,H003,G02981,2026-03-07,2026-03-28,2026-03-30,OTA
B05963,H001,G02982,2025-08-13,2025-08-18,2025-08-22,Mobile App
B05964,H020,G02982,2026-05-13,2026-06-03,2026-06-07,OTA
B05965,H004,G02983,2025-01-17,2025-02-07,2025-02-11,Phone Booking
B05966,H014,G02984,2024-03-21,2024-04-11,2024-04-13,OTA
B05967,H016,G02984,2026-01-07,2026-01-30,2026-02-03,Corporate Booking
B05968,H015,G02984,2026-03-05,2026-04-07,2026-04-09,Hotel Website
B05969,H012,G02985,2026-06-27,2026-07-08,2026-07-10,Hotel Website
B05970,H020,G02985,2026-08-11,2026-08-27,2026-08-31,Travel Agent
B05971,H016,G02985,2024-05-01,2024-05-19,2024-05-23,OTA
B05972,H016,G02985,2024-09-18,2024-10-12,2024-10-13,OTA
B05973,H004,G02986,2024-02-18,2024-03-08,2024-03-10,Hotel Website
B05974,H016,G02987,2026-01-22,2026-02-10,2026-02-13,Travel Agent
B05975,H015,G02988,2024-01-03,2024-01-08,2024-01-09,Travel Agent
B05976,H004,G02988,2024-12-26,2025-01-10,2025-01-14,Corporate Booking
B05977,H006,G02989,2025-03-28,2025-03-29,2025-04-03,Walk-in
B05978,H016,G02990,2026-03-16,2026-03-23,2026-03-28,Hotel Website
B05979,H004,G02990,2026-05-11,2026-05-31,2026-06-04,Corporate Booking
B05980,H004,G02990,2026-07-13,2026-07-30,2026-08-02,Mobile App
B05981,H003,G02990,2026-08-25,2026-08-27,2026-08-31,Mobile App
B05982,H001,G02991,2024-01-05,2024-01-17,2024-01-19,Travel Agent
B05983,H013,G02991,2024-12-31,2025-01-04,2025-01-05,Mobile App
B05984,H005,G02991,2025-04-25,2025-06-04,2025-06-06,Corporate Booking
B05985,H014,G02991,2025-12-31,2026-02-09,2026-02-12,Corporate Booking
B05986,H012,G02992,2025-12-15,2025-12-16,2025-12-19,Walk-in
B05987,H012,G02992,2026-03-21,2026-03-28,2026-03-30,Hotel Website
B05988,H005,G02993,2026-08-10,2026-08-19,2026-08-25,Phone Booking
B05989,H013,G02993,2025-04-01,2025-04-09,2025-04-13,Travel Agent
B05990,H014,G02993,2025-08-12,2025-09-24,2025-09-27,Corporate Booking
B05991,H001,G02994,2026-07-31,2026-08-22,2026-08-25,OTA
B05992,H014,G02994,2024-12-09,2024-12-30,2025-01-01,Hotel Website
B05993,H014,G02994,2026-07-21,2026-07-25,2026-07-26,Phone Booking
B05994,H014,G02994,2026-08-03,2026-08-21,2026-08-25,OTA
B05995,H014,G02994,2024-04-19,2024-04-29,2024-05-01,Travel Agent
B05996,H019,G02995,2024-10-06,2024-10-07,2024-10-09,Walk-in
B05997,H005,G02996,2025-03-19,2025-03-26,2025-04-01,Hotel Website
B05998,H016,G02997,2026-02-20,2026-03-21,2026-03-22,Corporate Booking
B05999,H007,G02997,2026-06-10,2026-07-14,2026-07-18,Corporate Booking
B06000,H014,G02998,2024-10-07,2024-10-13,2024-10-14,Phone Booking
B06001,H003,G02998,2025-12-14,2026-01-07,2026-01-10,Travel Agent
B06002,H001,G02999,2024-06-28,2024-06-30,2024-07-03,Mobile App
B06003,H019,G02999,2024-11-01,2024-11-03,2024-11-07,Hotel Website
B06004,H005,G02999,2024-12-17,2025-01-14,2025-01-18,OTA
B06005,H010,G03000,2025-12-05,2025-12-07,2025-12-08,Mobile App
B06006,H001,G03000,2026-01-14,2026-01-20,2026-01-22,Corporate Booking
B06007,H006,G03001,2025-08-24,2025-09-09,2025-09-13,Phone Booking
B06008,H013,G03001,2025-10-02,2025-11-07,2025-11-08,Travel Agent
B06009,H016,G03002,2024-10-17,2024-10-18,2024-10-22,Mobile App
B06010,H012,G03003,2025-01-10,2025-01-13,2025-01-14,OTA
B06011,H004,G03003,2025-03-13,2025-04-10,2025-04-14,Travel Agent
B06012,H003,G03004,2025-10-20,2025-10-26,2025-10-30,OTA
B06013,H012,G03004,2026-06-14,2026-07-04,2026-07-05,Travel Agent
B06014,H013,G03005,2025-06-18,2025-07-05,2025-07-07,OTA
B06015,H012,G03005,2026-06-12,2026-06-15,2026-06-16,Mobile App
B06016,H015,G03006,2025-02-19,2025-02-24,2025-02-26,Hotel Website
B06017,H015,G03006,2025-10-15,2025-10-21,2025-10-25,Corporate Booking
B06018,H011,G03007,2026-07-25,2026-07-26,2026-07-27,Walk-in
B06019,H004,G03008,2025-10-29,2025-11-03,2025-11-08,OTA
B06020,H004,G03008,2025-12-12,2025-12-14,2025-12-20,Hotel Website
B06021,H019,G03008,2026-03-12,2026-03-17,2026-03-20,Corporate Booking
B06022,H004,G03008,2026-08-20,2026-08-21,2026-08-23,Walk-in
B06023,H007,G03009,2025-07-08,2025-07-14,2025-07-18,Phone Booking
B06024,H004,G03009,2026-03-19,2026-04-10,2026-04-14,Hotel Website
B06025,H013,G03010,2024-05-27,2024-06-03,2024-06-05,OTA
B06026,H007,G03010,2025-02-03,2025-02-21,2025-02-22,OTA
B06027,H018,G03011,2025-10-14,2025-10-27,2025-10-30,OTA
B06028,H018,G03011,2026-04-22,2026-04-27,2026-04-29,Phone Booking
B06029,H003,G03011,2026-07-10,2026-07-15,2026-07-20,Hotel Website
B06030,H015,G03012,2025-05-24,2025-05-25,2025-05-27,Walk-in
B06031,H006,G03013,2025-03-19,2025-04-02,2025-04-04,Hotel Website
B06032,H011,G03013,2025-09-18,2025-10-09,2025-10-14,Corporate Booking
B06033,H011,G03013,2025-12-25,2026-01-12,2026-01-13,OTA
B06034,H019,G03014,2025-07-03,2025-07-21,2025-07-23,Hotel Website
B06035,H003,G03014,2025-10-02,2025-10-18,2025-10-20,Mobile App
B06036,H015,G03015,2025-07-12,2025-07-30,2025-08-01,Phone Booking
B06037,H001,G03015,2025-11-11,2025-11-26,2025-11-29,OTA
B06038,H002,G03016,2024-09-30,2024-10-25,2024-10-31,OTA
B06039,H007,G03016,2025-07-03,2025-07-04,2025-07-06,Phone Booking
B06040,H003,G03017,2025-04-05,2025-05-03,2025-05-08,OTA
B06041,H006,G03018,2025-08-07,2025-09-07,2025-09-11,Hotel Website
B06042,H007,G03018,2025-10-20,2025-10-29,2025-10-30,OTA
B06043,H004,G03019,2024-10-07,2024-11-20,2024-11-22,Travel Agent
B06044,H020,G03019,2026-02-19,2026-03-21,2026-03-23,Hotel Website
B06045,H004,G03019,2026-08-15,2026-08-17,2026-08-24,Mobile App
B06046,H008,G03020,2024-04-09,2024-04-21,2024-04-22,OTA
B06047,H001,G03020,2025-01-19,2025-01-21,2025-01-23,OTA
B06048,H005,G03020,2025-12-27,2026-01-13,2026-01-17,OTA
B06049,H002,G03021,2024-02-15,2024-02-24,2024-02-29,Hotel Website
B06050,H002,G03021,2026-05-11,2026-05-16,2026-05-21,Mobile App
B06051,H012,G03021,2026-06-11,2026-07-16,2026-07-20,Corporate Booking
B06052,H017,G03022,2024-01-04,2024-01-08,2024-01-09,OTA
B06053,H003,G03023,2024-05-26,2024-06-21,2024-06-24,OTA
B06054,H003,G03023,2025-10-25,2025-11-28,2025-12-02,Travel Agent
B06055,H003,G03023,2026-05-06,2026-05-17,2026-05-21,Hotel Website
B06056,H014,G03024,2024-11-22,2024-12-08,2024-12-09,Phone Booking
B06057,H013,G03024,2025-04-09,2025-04-27,2025-04-28,OTA
B06058,H001,G03025,2024-07-07,2024-07-13,2024-07-19,Hotel Website
B06059,H004,G03025,2024-12-07,2024-12-13,2024-12-17,Travel Agent
B06060,H012,G03026,2024-09-07,2024-09-30,2024-10-03,OTA
B06061,H008,G03026,2026-08-15,2026-08-22,2026-08-25,Hotel Website
B06062,H002,G03027,2026-06-05,2026-06-14,2026-06-17,Hotel Website
B06063,H013,G03028,2026-07-24,2026-08-20,2026-08-21,Corporate Booking
B06064,H006,G03028,2024-04-19,2024-04-20,2024-04-24,Walk-in
B06065,H003,G03029,2024-03-13,2024-03-28,2024-04-01,OTA
B06066,H003,G03029,2025-04-18,2025-04-21,2025-04-27,Mobile App
B06067,H011,G03030,2025-12-26,2026-01-04,2026-01-05,Mobile App
B06068,H014,G03030,2026-08-07,2026-08-08,2026-08-10,Walk-in
B06069,H003,G03031,2024-12-11,2024-12-21,2024-12-25,Phone Booking
B06070,H002,G03032,2025-07-26,2025-08-04,2025-08-06,Hotel Website
B06071,H011,G03032,2025-12-21,2026-01-02,2026-01-04,OTA
B06072,H007,G03033,2024-11-06,2024-11-25,2024-11-26,Mobile App
B06073,H014,G03033,2025-04-18,2025-05-02,2025-05-06,Phone Booking
B06074,H011,G03033,2025-06-20,2025-07-18,2025-07-23,Hotel Website
B06075,H019,G03033,2026-05-02,2026-05-12,2026-05-13,OTA
B06076,H013,G03034,2024-10-16,2024-10-25,2024-10-26,Hotel Website
B06077,H001,G03034,2025-11-14,2025-11-18,2025-11-20,OTA
B06078,H014,G03034,2026-02-01,2026-02-12,2026-02-14,Travel Agent
B06079,H015,G03035,2024-11-12,2024-12-09,2024-12-13,Corporate Booking
B06080,H015,G03036,2025-03-03,2025-03-04,2025-03-05,Walk-in
B06081,H015,G03036,2026-07-17,2026-07-23,2026-07-28,Travel Agent
B06082,H014,G03037,2026-01-16,2026-01-30,2026-02-04,Mobile App
B06083,H003,G03037,2026-08-04,2026-08-09,2026-08-14,OTA
B06084,H014,G03038,2025-12-21,2026-01-20,2026-01-25,OTA
B06085,H016,G03038,2026-02-03,2026-03-10,2026-03-12,Hotel Website
B06086,H020,G03038,2026-05-29,2026-06-01,2026-06-05,OTA
B06087,H015,G03038,2026-08-14,2026-08-25,2026-08-28,OTA
B06088,H013,G03039,2026-05-25,2026-06-15,2026-06-17,Phone Booking
B06089,H006,G03040,2024-12-30,2025-01-21,2025-01-22,Hotel Website
B06090,H002,G03040,2025-04-29,2025-05-15,2025-05-19,Hotel Website
B06091,H016,G03041,2024-01-12,2024-02-02,2024-02-06,Corporate Booking
B06092,H001,G03042,2026-02-09,2026-03-02,2026-03-06,OTA
B06093,H002,G03042,2026-03-22,2026-04-14,2026-04-17,Hotel Website
B06094,H019,G03043,2024-11-10,2024-11-25,2024-11-26,Hotel Website
B06095,H001,G03043,2025-04-16,2025-04-17,2025-04-19,Walk-in
B06096,H001,G03043,2026-02-13,2026-02-15,2026-02-18,Hotel Website
B06097,H001,G03044,2024-01-23,2024-02-14,2024-02-16,Hotel Website
B06098,H004,G03044,2024-11-05,2024-11-16,2024-11-20,Travel Agent
B06099,H018,G03044,2026-06-14,2026-06-22,2026-06-24,Phone Booking
B06100,H014,G03045,2025-11-17,2025-12-09,2025-12-11,Hotel Website
B06101,H014,G03045,2026-05-26,2026-06-06,2026-06-09,Hotel Website
B06102,H004,G03046,2024-03-12,2024-04-01,2024-04-04,Phone Booking
B06103,H004,G03047,2026-03-22,2026-03-27,2026-03-29,Phone Booking
B06104,H011,G03048,2024-10-29,2024-11-06,2024-11-08,Phone Booking
B06105,H011,G03048,2025-02-14,2025-03-11,2025-03-12,Hotel Website
B06106,H017,G03048,2025-06-03,2025-06-10,2025-06-12,OTA
B06107,H003,G03049,2025-01-20,2025-01-30,2025-02-02,Mobile App
B06108,H003,G03049,2025-03-23,2025-04-15,2025-04-17,Travel Agent
B06109,H015,G03050,2024-05-07,2024-05-20,2024-05-23,Corporate Booking
B06110,H001,G03051,2025-11-07,2025-11-22,2025-11-25,Travel Agent
B06111,H004,G03051,2026-03-23,2026-04-21,2026-04-26,OTA
B06112,H011,G03052,2024-05-07,2024-05-17,2024-05-18,Corporate Booking
B06113,H011,G03052,2026-02-08,2026-02-27,2026-03-01,OTA
B06114,H007,G03053,2026-03-02,2026-03-31,2026-04-02,Hotel Website
B06115,H015,G03054,2025-04-27,2025-05-21,2025-05-25,Corporate Booking
B06116,H016,G03055,2025-02-03,2025-02-24,2025-02-27,OTA
B06117,H011,G03056,2026-02-20,2026-02-27,2026-03-02,Mobile App
B06118,H003,G03056,2026-05-19,2026-06-11,2026-06-18,OTA
B06119,H011,G03057,2024-01-24,2024-02-24,2024-02-27,Corporate Booking
B06120,H013,G03057,2025-08-20,2025-08-27,2025-08-28,OTA
B06121,H012,G03057,2026-08-01,2026-08-09,2026-08-10,Hotel Website
B06122,H007,G03057,2025-02-08,2025-02-23,2025-03-01,Mobile App
B06123,H015,G03058,2025-10-04,2025-10-22,2025-10-24,Hotel Website
B06124,H015,G03058,2026-01-14,2026-01-31,2026-02-03,OTA
B06125,H011,G03058,2026-07-10,2026-07-28,2026-07-29,Phone Booking
B06126,H008,G03059,2024-08-17,2024-09-16,2024-09-19,Travel Agent
B06127,H006,G03059,2026-02-20,2026-02-23,2026-02-26,Hotel Website
B06128,H013,G03060,2025-05-03,2025-05-21,2025-05-22,Hotel Website
B06129,H011,G03060,2025-06-05,2025-07-04,2025-07-06,Hotel Website
B06130,H003,G03061,2024-03-21,2024-04-04,2024-04-08,OTA
B06131,H003,G03061,2024-04-13,2024-05-14,2024-05-16,Travel Agent
B06132,H003,G03062,2026-02-16,2026-03-06,2026-03-12,OTA
B06133,H003,G03062,2026-06-17,2026-07-03,2026-07-08,OTA
B06134,H003,G03062,2026-07-21,2026-08-19,2026-08-23,Travel Agent
B06135,H004,G03063,2024-11-04,2024-11-06,2024-11-10,Mobile App
B06136,H014,G03064,2025-08-10,2025-08-27,2025-08-29,Corporate Booking
B06137,H004,G03064,2026-04-19,2026-04-27,2026-05-01,Hotel Website
B06138,H014,G03065,2025-09-25,2025-10-24,2025-10-29,Hotel Website
B06139,H013,G03065,2026-06-12,2026-06-13,2026-06-14,Walk-in
B06140,H003,G03065,2026-07-28,2026-08-27,2026-08-30,OTA
B06141,H019,G03066,2026-06-07,2026-06-21,2026-06-22,OTA
B06142,H015,G03066,2026-07-04,2026-07-24,2026-07-27,OTA
B06143,H018,G03067,2025-08-29,2025-09-09,2025-09-11,Mobile App
B06144,H005,G03067,2025-10-14,2025-10-31,2025-11-07,Hotel Website
B06145,H002,G03068,2026-04-09,2026-04-10,2026-04-14,Walk-in
B06146,H011,G03069,2024-06-02,2024-06-20,2024-06-23,Corporate Booking
B06147,H001,G03069,2025-10-12,2025-10-27,2025-11-01,Phone Booking
B06148,H019,G03070,2025-05-03,2025-06-07,2025-06-12,Hotel Website
B06149,H013,G03070,2026-01-28,2026-02-07,2026-02-09,Corporate Booking
B06150,H013,G03070,2026-05-06,2026-05-07,2026-05-10,OTA
B06151,H003,G03071,2024-03-23,2024-04-27,2024-05-01,Corporate Booking
B06152,H012,G03071,2026-06-12,2026-06-18,2026-06-19,Phone Booking
B06153,H018,G03072,2024-11-28,2024-12-24,2024-12-29,OTA
B06154,H013,G03072,2025-04-09,2025-04-30,2025-05-05,Phone Booking
B06155,H016,G03073,2025-11-08,2025-11-22,2025-11-25,Travel Agent
B06156,H016,G03074,2024-07-05,2024-08-04,2024-08-07,OTA
B06157,H004,G03074,2025-01-05,2025-01-15,2025-01-17,Travel Agent
B06158,H004,G03074,2025-08-05,2025-08-23,2025-08-26,Travel Agent
B06159,H011,G03075,2026-07-15,2026-08-12,2026-08-14,OTA
B06160,H007,G03075,2026-08-25,2026-08-28,2026-08-31,OTA
B06161,H005,G03075,2025-01-22,2025-02-19,2025-02-25,Hotel Website
B06162,H003,G03076,2026-07-17,2026-08-16,2026-08-21,Hotel Website
B06163,H012,G03076,2025-05-11,2025-06-08,2025-06-12,OTA
B06164,H006,G03076,2025-12-20,2026-01-04,2026-01-10,Mobile App
B06165,H011,G03076,2026-05-20,2026-05-22,2026-05-25,Phone Booking
B06166,H004,G03077,2026-04-07,2026-05-11,2026-05-14,Travel Agent
B06167,H016,G03077,2026-07-05,2026-08-05,2026-08-07,Corporate Booking
B06168,H002,G03078,2025-03-17,2025-04-02,2025-04-05,Travel Agent
B06169,H002,G03078,2026-06-08,2026-07-04,2026-07-09,OTA
B06170,H003,G03079,2024-07-05,2024-07-13,2024-07-16,Travel Agent
B06171,H012,G03079,2025-05-23,2025-06-18,2025-06-20,OTA
B06172,H015,G03079,2025-09-12,2025-09-24,2025-09-28,Travel Agent
B06173,H008,G03080,2024-09-17,2024-10-04,2024-10-07,Mobile App
B06174,H015,G03080,2026-03-29,2026-04-21,2026-04-22,Hotel Website
B06175,H016,G03081,2024-12-07,2025-01-09,2025-01-12,Hotel Website
B06176,H013,G03081,2026-04-14,2026-05-07,2026-05-11,OTA
B06177,H020,G03081,2026-06-13,2026-07-13,2026-07-14,Travel Agent
B06178,H011,G03082,2026-07-05,2026-07-13,2026-07-15,Mobile App
B06179,H008,G03083,2026-06-08,2026-06-09,2026-06-13,Walk-in
B06180,H015,G03084,2024-11-22,2024-11-29,2024-12-03,Phone Booking
B06181,H007,G03084,2025-07-11,2025-07-12,2025-07-14,Walk-in
B06182,H005,G03085,2024-06-09,2024-06-30,2024-07-03,OTA
B06183,H002,G03085,2026-07-01,2026-07-07,2026-07-09,Hotel Website
B06184,H002,G03085,2026-06-22,2026-07-30,2026-08-03,Travel Agent
B06185,H009,G03086,2024-06-16,2024-06-30,2024-07-01,OTA
B06186,H015,G03086,2024-11-23,2024-12-03,2024-12-06,Travel Agent
B06187,H015,G03086,2026-05-13,2026-05-17,2026-05-21,Hotel Website
B06188,H001,G03087,2024-01-12,2024-01-13,2024-01-15,Walk-in
B06189,H011,G03087,2026-04-13,2026-05-09,2026-05-10,OTA
B06190,H005,G03088,2025-10-03,2025-10-25,2025-10-31,Hotel Website
B06191,H005,G03088,2025-11-27,2025-12-17,2025-12-20,Phone Booking
B06192,H011,G03089,2024-01-03,2024-01-10,2024-01-13,Hotel Website
B06193,H007,G03090,2024-11-26,2024-12-16,2024-12-17,Hotel Website
B06194,H014,G03090,2026-07-18,2026-08-17,2026-08-18,Corporate Booking
B06195,H008,G03091,2024-11-18,2024-11-19,2024-11-21,Walk-in
B06196,H002,G03092,2024-09-15,2024-09-27,2024-09-29,OTA
B06197,H001,G03092,2025-11-29,2025-12-07,2025-12-10,OTA
B06198,H011,G03093,2024-01-19,2024-01-22,2024-01-24,Mobile App
B06199,H013,G03093,2025-03-31,2025-04-13,2025-04-15,OTA
B06200,H005,G03094,2024-06-19,2024-06-27,2024-06-29,Mobile App
B06201,H016,G03094,2025-10-03,2025-11-03,2025-11-06,Travel Agent
B06202,H005,G03095,2024-11-26,2024-12-13,2024-12-18,Travel Agent
B06203,H007,G03096,2024-07-28,2024-07-31,2024-08-02,OTA
B06204,H003,G03096,2025-12-28,2026-01-08,2026-01-10,Mobile App
B06205,H004,G03096,2026-05-30,2026-06-03,2026-06-06,Mobile App
B06206,H002,G03097,2024-09-04,2024-09-15,2024-09-21,Hotel Website
B06207,H003,G03097,2025-02-22,2025-03-05,2025-03-08,Travel Agent
B06208,H015,G03098,2025-06-26,2025-08-02,2025-08-06,Corporate Booking
B06209,H004,G03099,2024-08-11,2024-08-28,2024-08-31,Phone Booking
B06210,H002,G03099,2026-02-11,2026-02-26,2026-03-04,Phone Booking
B06211,H012,G03100,2026-01-24,2026-03-02,2026-03-03,Corporate Booking
B06212,H003,G03100,2026-06-12,2026-06-18,2026-06-24,Mobile App
B06213,H011,G03100,2026-08-05,2026-08-17,2026-08-21,Hotel Website
B06214,H014,G03101,2025-01-19,2025-02-05,2025-02-07,Corporate Booking
B06215,H014,G03101,2025-09-12,2025-10-15,2025-10-17,Hotel Website
B06216,H002,G03102,2024-10-26,2024-10-31,2024-11-06,OTA
B06217,H015,G03103,2024-07-21,2024-08-14,2024-08-16,Travel Agent
B06218,H014,G03104,2025-10-10,2025-10-31,2025-11-01,Hotel Website
B06219,H016,G03104,2025-12-21,2025-12-22,2025-12-23,Walk-in
B06220,H008,G03104,2026-04-07,2026-04-19,2026-04-23,Travel Agent
B06221,H002,G03105,2026-06-30,2026-08-07,2026-08-10,Travel Agent
B06222,H001,G03106,2024-04-26,2024-05-13,2024-05-17,Phone Booking
B06223,H016,G03106,2026-03-06,2026-03-12,2026-03-13,Phone Booking
B06224,H016,G03106,2026-07-11,2026-08-25,2026-08-28,Travel Agent
B06225,H001,G03107,2024-07-29,2024-08-03,2024-08-08,Hotel Website
B06226,H020,G03107,2026-03-16,2026-03-17,2026-03-23,Walk-in
B06227,H011,G03108,2026-07-10,2026-07-11,2026-07-14,Walk-in
B06228,H018,G03108,2026-08-06,2026-08-21,2026-08-23,OTA
B06229,H015,G03108,2025-03-22,2025-04-20,2025-04-21,Corporate Booking
B06230,H006,G03109,2024-04-14,2024-04-27,2024-04-30,OTA
B06231,H002,G03109,2026-06-21,2026-07-10,2026-07-13,Phone Booking
B06232,H003,G03109,2026-08-09,2026-08-20,2026-08-24,Mobile App
B06233,H008,G03110,2026-06-25,2026-08-07,2026-08-10,Corporate Booking
B06234,H004,G03110,2024-12-17,2025-01-13,2025-01-18,Travel Agent
B06235,H012,G03111,2026-04-18,2026-04-19,2026-04-23,Walk-in
B06236,H011,G03111,2026-05-31,2026-06-19,2026-06-21,Hotel Website
B06237,H006,G03112,2026-04-27,2026-06-02,2026-06-04,Travel Agent
B06238,H011,G03113,2026-05-21,2026-06-22,2026-06-24,Hotel Website
B06239,H012,G03114,2025-11-04,2025-11-13,2025-11-15,Phone Booking
B06240,H005,G03115,2025-10-20,2025-12-03,2025-12-08,Travel Agent
B06241,H001,G03115,2026-01-16,2026-01-19,2026-01-24,OTA
B06242,H003,G03115,2026-07-31,2026-08-21,2026-08-26,OTA
B06243,H015,G03116,2024-03-25,2024-04-04,2024-04-06,Hotel Website
B06244,H003,G03116,2026-02-08,2026-02-09,2026-02-13,Phone Booking
B06245,H008,G03116,2026-05-29,2026-05-30,2026-06-05,Walk-in
B06246,H004,G03117,2025-04-27,2025-04-28,2025-05-02,Mobile App
B06247,H003,G03117,2025-08-30,2025-09-12,2025-09-15,Mobile App
B06248,H006,G03118,2026-02-22,2026-03-24,2026-03-26,Corporate Booking
B06249,H005,G03118,2026-08-10,2026-08-24,2026-08-26,Phone Booking
B06250,H010,G03119,2025-05-19,2025-05-20,2025-05-21,Walk-in
B06251,H014,G03120,2025-03-06,2025-03-16,2025-03-21,Corporate Booking
B06252,H013,G03120,2025-09-18,2025-09-19,2025-09-22,OTA
B06253,H013,G03121,2026-03-09,2026-03-17,2026-03-18,OTA
B06254,H018,G03122,2025-12-24,2026-01-14,2026-01-18,Mobile App
B06255,H020,G03122,2026-04-04,2026-04-26,2026-04-27,Corporate Booking
B06256,H003,G03122,2026-04-25,2026-05-27,2026-05-30,Hotel Website
B06257,H011,G03123,2026-02-24,2026-03-12,2026-03-16,OTA
B06258,H009,G03123,2026-06-14,2026-07-02,2026-07-03,OTA
B06259,H004,G03124,2025-11-11,2025-12-07,2025-12-12,OTA
B06260,H016,G03124,2026-01-18,2026-02-20,2026-02-21,Hotel Website
B06261,H019,G03125,2024-10-06,2024-10-14,2024-10-17,OTA
B06262,H003,G03125,2026-03-22,2026-04-02,2026-04-04,OTA
B06263,H005,G03125,2026-05-08,2026-05-09,2026-05-12,Walk-in
B06264,H014,G03126,2024-08-09,2024-08-27,2024-08-28,Mobile App
B06265,H005,G03126,2025-10-22,2025-11-04,2025-11-08,Phone Booking
B06266,H017,G03126,2026-03-22,2026-04-19,2026-04-23,OTA
B06267,H015,G03127,2025-01-17,2025-02-08,2025-02-12,Travel Agent
B06268,H015,G03127,2026-05-31,2026-06-16,2026-06-17,Travel Agent
B06269,H001,G03127,2026-07-18,2026-08-02,2026-08-04,OTA
B06270,H002,G03128,2025-08-14,2025-09-23,2025-09-25,Corporate Booking
B06271,H001,G03129,2025-10-31,2025-12-02,2025-12-09,Hotel Website
B06272,H020,G03129,2026-04-13,2026-04-14,2026-04-18,Walk-in
B06273,H018,G03130,2024-04-12,2024-04-14,2024-04-16,Hotel Website
B06274,H008,G03130,2025-06-07,2025-06-10,2025-06-14,OTA
B06275,H011,G03131,2024-01-01,2024-01-02,2024-01-03,OTA
B06276,H011,G03131,2024-06-01,2024-06-24,2024-06-25,Travel Agent
B06277,H003,G03132,2024-02-17,2024-02-22,2024-02-25,Corporate Booking
B06278,H011,G03132,2024-12-08,2025-01-17,2025-01-19,Corporate Booking
B06279,H011,G03133,2024-07-13,2024-08-13,2024-08-15,Corporate Booking
B06280,H015,G03133,2025-06-06,2025-06-17,2025-06-20,Mobile App
B06281,H011,G03134,2024-12-06,2025-01-04,2025-01-06,OTA
B06282,H001,G03134,2026-02-11,2026-03-02,2026-03-05,Phone Booking
B06283,H003,G03134,2026-07-04,2026-07-14,2026-07-17,Phone Booking
B06284,H011,G03135,2024-01-29,2024-02-28,2024-03-02,Corporate Booking
B06285,H011,G03135,2024-07-25,2024-08-14,2024-08-15,Mobile App
B06286,H012,G03136,2024-05-23,2024-06-07,2024-06-08,Hotel Website
B06287,H012,G03136,2024-08-05,2024-09-08,2024-09-10,Travel Agent
B06288,H015,G03137,2024-03-01,2024-03-17,2024-03-19,Travel Agent
B06289,H003,G03137,2024-05-15,2024-06-21,2024-06-28,Travel Agent
B06290,H004,G03138,2024-09-03,2024-10-03,2024-10-06,Hotel Website
B06291,H016,G03138,2025-12-16,2026-01-12,2026-01-14,Travel Agent
B06292,H007,G03139,2026-07-27,2026-08-08,2026-08-10,Phone Booking
B06293,H013,G03140,2026-02-23,2026-03-30,2026-03-31,Hotel Website
B06294,H006,G03140,2026-06-01,2026-07-14,2026-07-15,Travel Agent
B06295,H006,G03140,2026-07-12,2026-08-22,2026-08-23,Corporate Booking
B06296,H005,G03141,2025-12-27,2026-01-13,2026-01-17,OTA
B06297,H002,G03142,2025-06-26,2025-07-23,2025-07-26,Hotel Website
B06298,H002,G03142,2025-10-20,2025-10-30,2025-11-05,Corporate Booking
B06299,H011,G03142,2026-02-06,2026-02-20,2026-02-22,Mobile App
B06300,H014,G03142,2026-07-17,2026-07-25,2026-07-27,Hotel Website
B06301,H003,G03143,2025-07-27,2025-08-20,2025-08-25,OTA
B06302,H003,G03143,2026-05-13,2026-05-21,2026-05-23,OTA
B06303,H010,G03144,2025-10-23,2025-10-24,2025-10-25,Walk-in
B06304,H012,G03145,2025-06-17,2025-07-01,2025-07-04,Corporate Booking
B06305,H013,G03145,2026-04-01,2026-04-21,2026-04-25,Mobile App
B06306,H011,G03145,2026-08-07,2026-08-28,2026-08-30,Mobile App
B06307,H015,G03146,2024-08-19,2024-09-01,2024-09-05,Mobile App
B06308,H011,G03146,2025-08-08,2025-09-02,2025-09-03,Corporate Booking
B06309,H010,G03147,2025-08-14,2025-09-04,2025-09-07,OTA
B06310,H017,G03147,2025-12-28,2026-02-11,2026-02-12,Corporate Booking
B06311,H011,G03148,2025-01-10,2025-01-28,2025-01-30,Travel Agent
B06312,H019,G03148,2026-03-24,2026-04-12,2026-04-14,Mobile App
B06313,H018,G03149,2025-06-16,2025-07-07,2025-07-10,Travel Agent
B06314,H019,G03149,2026-02-02,2026-02-26,2026-03-02,OTA
B06315,H016,G03150,2024-01-02,2024-01-07,2024-01-08,Corporate Booking
B06316,H012,G03151,2024-05-21,2024-06-27,2024-06-30,Corporate Booking
B06317,H007,G03152,2025-06-28,2025-06-30,2025-07-01,Hotel Website
B06318,H007,G03152,2025-09-15,2025-10-05,2025-10-07,OTA
B06319,H008,G03152,2026-02-17,2026-03-03,2026-03-04,OTA
B06320,H007,G03152,2026-07-12,2026-08-03,2026-08-04,Hotel Website
B06321,H003,G03153,2025-03-26,2025-04-03,2025-04-06,Mobile App
B06322,H003,G03153,2026-08-05,2026-08-23,2026-08-26,OTA
B06323,H012,G03154,2026-04-06,2026-04-09,2026-04-10,OTA
B06324,H012,G03154,2026-06-24,2026-07-13,2026-07-14,Mobile App
B06325,H001,G03155,2024-11-30,2024-12-27,2024-12-30,OTA
B06326,H019,G03156,2024-01-26,2024-01-27,2024-01-30,Mobile App
B06327,H014,G03157,2025-09-26,2025-10-13,2025-10-14,OTA
B06328,H004,G03157,2026-02-19,2026-03-06,2026-03-09,OTA
B06329,H002,G03158,2024-10-08,2024-10-17,2024-10-20,Mobile App
B06330,H012,G03159,2024-06-16,2024-07-16,2024-07-17,Travel Agent
B06331,H014,G03160,2024-06-20,2024-06-28,2024-06-29,Phone Booking
B06332,H002,G03161,2025-05-12,2025-05-27,2025-06-01,Mobile App
B06333,H008,G03161,2026-01-18,2026-02-11,2026-02-14,OTA
B06334,H015,G03162,2025-08-09,2025-08-17,2025-08-18,Hotel Website
B06335,H012,G03162,2026-03-26,2026-03-27,2026-03-28,OTA
B06336,H006,G03162,2026-06-02,2026-06-14,2026-06-16,Phone Booking
B06337,H015,G03163,2025-12-10,2026-01-14,2026-01-17,Corporate Booking
B06338,H015,G03163,2026-01-31,2026-03-05,2026-03-11,Corporate Booking
B06339,H018,G03164,2024-11-06,2024-12-05,2024-12-06,Travel Agent
B06340,H018,G03164,2025-03-30,2025-04-13,2025-04-16,Corporate Booking
B06341,H018,G03164,2026-06-25,2026-07-16,2026-07-17,Travel Agent
B06342,H019,G03165,2025-02-03,2025-03-08,2025-03-09,Hotel Website
B06343,H020,G03165,2025-04-28,2025-05-01,2025-05-04,OTA
B06344,H004,G03165,2026-03-03,2026-03-18,2026-03-21,OTA
B06345,H008,G03166,2025-02-10,2025-03-06,2025-03-09,Hotel Website
B06346,H008,G03166,2026-04-19,2026-04-25,2026-05-01,Hotel Website
B06347,H011,G03167,2026-04-09,2026-05-07,2026-05-09,OTA
B06348,H015,G03167,2026-06-02,2026-06-30,2026-07-01,OTA
B06349,H010,G03168,2025-06-12,2025-07-02,2025-07-05,OTA
B06350,H001,G03168,2025-11-20,2026-01-03,2026-01-05,Corporate Booking
B06351,H002,G03168,2026-02-06,2026-02-25,2026-03-01,OTA
B06352,H004,G03169,2024-03-19,2024-04-22,2024-04-25,Travel Agent
B06353,H003,G03169,2026-02-17,2026-02-18,2026-02-21,Walk-in
B06354,H018,G03169,2026-05-27,2026-06-16,2026-06-17,Corporate Booking
B06355,H012,G03170,2024-11-08,2024-11-21,2024-11-24,OTA
B06356,H004,G03171,2025-01-25,2025-02-04,2025-02-06,OTA
B06357,H015,G03172,2024-08-17,2024-09-20,2024-09-21,Hotel Website
B06358,H003,G03172,2026-03-14,2026-03-28,2026-03-30,Hotel Website
B06359,H002,G03173,2026-01-15,2026-01-22,2026-01-28,Phone Booking
B06360,H002,G03173,2026-02-13,2026-03-07,2026-03-14,OTA
B06361,H014,G03174,2024-07-20,2024-08-17,2024-08-19,OTA
B06362,H014,G03174,2025-01-30,2025-03-07,2025-03-10,Corporate Booking
B06363,H013,G03175,2025-12-07,2026-01-12,2026-01-13,Corporate Booking
B06364,H004,G03176,2024-01-27,2024-02-18,2024-02-21,Hotel Website
B06365,H006,G03176,2026-01-05,2026-01-21,2026-01-24,Mobile App
B06366,H011,G03177,2026-05-01,2026-06-05,2026-06-06,Travel Agent
B06367,H018,G03177,2026-06-19,2026-07-17,2026-07-18,Hotel Website
B06368,H019,G03178,2025-01-17,2025-01-26,2025-01-29,Mobile App
B06369,H005,G03179,2025-01-31,2025-02-23,2025-03-01,OTA
B06370,H014,G03179,2025-12-21,2026-01-29,2026-01-30,Corporate Booking
B06371,H012,G03179,2026-03-18,2026-03-25,2026-03-27,Hotel Website
B06372,H018,G03180,2026-07-14,2026-07-25,2026-07-27,Hotel Website
B06373,H002,G03181,2024-09-30,2024-10-10,2024-10-14,OTA
B06374,H006,G03182,2025-08-08,2025-08-29,2025-09-01,Mobile App
B06375,H016,G03182,2025-11-18,2025-12-04,2025-12-07,Corporate Booking
B06376,H005,G03182,2025-12-30,2026-01-17,2026-01-22,Hotel Website
B06377,H001,G03182,2026-07-31,2026-08-18,2026-08-23,OTA
B06378,H003,G03183,2025-03-16,2025-04-01,2025-04-08,Hotel Website
B06379,H006,G03184,2025-06-06,2025-07-17,2025-07-20,Travel Agent
B06380,H003,G03184,2025-10-22,2025-10-31,2025-11-04,Hotel Website
B06381,H012,G03185,2025-01-10,2025-01-21,2025-01-22,OTA
B06382,H012,G03186,2024-04-21,2024-04-26,2024-04-29,Mobile App
B06383,H013,G03186,2026-01-15,2026-02-06,2026-02-07,OTA
B06384,H003,G03186,2026-03-20,2026-04-03,2026-04-08,Hotel Website
B06385,H014,G03186,2026-06-21,2026-06-26,2026-06-30,Phone Booking
B06386,H001,G03187,2026-07-04,2026-07-12,2026-07-15,Phone Booking
B06387,H001,G03187,2026-08-11,2026-08-26,2026-08-31,OTA
B06388,H013,G03187,2024-10-22,2024-10-26,2024-10-28,OTA
B06389,H004,G03188,2026-06-28,2026-06-30,2026-07-05,OTA
B06390,H001,G03189,2025-12-09,2025-12-10,2025-12-13,Walk-in
B06391,H014,G03189,2026-04-05,2026-04-12,2026-04-13,Hotel Website
B06392,H014,G03189,2026-05-23,2026-05-24,2026-05-25,Mobile App
B06393,H015,G03190,2025-01-29,2025-02-20,2025-02-25,Corporate Booking
B06394,H008,G03190,2026-05-10,2026-05-13,2026-05-14,Hotel Website
B06395,H006,G03191,2026-01-28,2026-02-23,2026-02-26,Hotel Website
B06396,H008,G03192,2024-09-04,2024-09-21,2024-09-24,Mobile App
B06397,H001,G03192,2026-04-06,2026-04-08,2026-04-13,Hotel Website
B06398,H002,G03193,2026-04-20,2026-05-09,2026-05-11,Hotel Website
B06399,H010,G03194,2024-12-07,2025-01-10,2025-01-11,Hotel Website
B06400,H014,G03194,2026-03-20,2026-04-06,2026-04-07,Hotel Website
B06401,H012,G03195,2024-04-16,2024-04-21,2024-04-23,Hotel Website
B06402,H012,G03195,2025-09-18,2025-10-09,2025-10-10,OTA
B06403,H011,G03196,2025-06-03,2025-06-30,2025-07-03,OTA
B06404,H001,G03197,2025-08-24,2025-08-29,2025-09-01,OTA
B06405,H015,G03197,2025-10-24,2025-11-05,2025-11-07,Corporate Booking
B06406,H011,G03198,2025-03-26,2025-03-31,2025-04-02,OTA
B06407,H011,G03198,2026-06-25,2026-06-29,2026-07-02,Mobile App
B06408,H020,G03198,2026-08-14,2026-08-15,2026-08-19,Walk-in
B06409,H001,G03199,2025-10-25,2025-11-14,2025-11-16,Phone Booking
B06410,H001,G03199,2025-11-28,2025-12-14,2025-12-18,Mobile App
B06411,H004,G03200,2024-07-18,2024-07-26,2024-07-29,Travel Agent
B06412,H017,G03200,2025-07-01,2025-07-10,2025-07-12,Travel Agent
B06413,H020,G03201,2026-07-19,2026-08-03,2026-08-06,OTA
B06414,H016,G03201,2026-08-12,2026-08-29,2026-08-30,Hotel Website
B06415,H013,G03201,2025-04-27,2025-05-27,2025-05-29,OTA
B06416,H003,G03202,2025-12-22,2025-12-26,2025-12-31,OTA
B06417,H001,G03203,2024-09-14,2024-10-14,2024-10-17,Travel Agent
B06418,H016,G03203,2026-06-01,2026-06-16,2026-06-18,Phone Booking
B06419,H011,G03204,2024-02-25,2024-03-25,2024-03-27,Hotel Website
B06420,H013,G03205,2026-06-14,2026-06-18,2026-06-20,Phone Booking
B06421,H013,G03205,2026-07-07,2026-08-03,2026-08-04,OTA
B06422,H014,G03206,2025-04-18,2025-05-11,2025-05-13,Hotel Website
B06423,H011,G03207,2026-06-04,2026-06-08,2026-06-11,OTA
B06424,H002,G03207,2026-06-29,2026-07-06,2026-07-10,Hotel Website
B06425,H014,G03207,2026-07-27,2026-08-14,2026-08-17,Travel Agent
B06426,H011,G03207,2026-05-16,2026-05-22,2026-05-23,Mobile App
B06427,H011,G03208,2026-02-08,2026-02-28,2026-03-01,Hotel Website
B06428,H002,G03208,2026-07-29,2026-08-15,2026-08-20,Mobile App
B06429,H002,G03208,2024-10-22,2024-11-06,2024-11-13,Travel Agent
B06430,H015,G03209,2026-07-11,2026-08-19,2026-08-22,Corporate Booking
B06431,H002,G03209,2024-11-19,2024-12-13,2024-12-17,Hotel Website
B06432,H007,G03210,2024-06-28,2024-07-25,2024-07-26,Corporate Booking
B06433,H008,G03211,2024-09-10,2024-10-08,2024-10-09,OTA
B06434,H003,G03212,2024-02-18,2024-03-17,2024-03-20,Hotel Website
B06435,H008,G03213,2024-10-13,2024-10-18,2024-10-19,OTA
B06436,H006,G03213,2025-09-19,2025-10-26,2025-11-01,Travel Agent
B06437,H002,G03214,2025-07-17,2025-07-20,2025-07-25,Mobile App
B06438,H004,G03214,2026-05-27,2026-06-26,2026-07-02,OTA
B06439,H016,G03215,2026-06-27,2026-07-07,2026-07-11,Mobile App
B06440,H012,G03215,2026-08-22,2026-08-24,2026-08-25,Hotel Website
B06441,H004,G03216,2025-10-23,2025-11-11,2025-11-17,Hotel Website
B06442,H015,G03216,2026-06-28,2026-08-02,2026-08-06,Hotel Website
B06443,H016,G03217,2025-06-20,2025-07-05,2025-07-10,Corporate Booking
B06444,H013,G03218,2025-03-17,2025-03-23,2025-03-24,Travel Agent
B06445,H012,G03218,2026-01-09,2026-02-03,2026-02-05,OTA
B06446,H005,G03218,2026-03-02,2026-03-28,2026-04-02,Hotel Website
B06447,H012,G03219,2024-10-06,2024-10-25,2024-10-27,Hotel Website
B06448,H020,G03219,2026-06-12,2026-07-01,2026-07-03,Hotel Website
B06449,H007,G03219,2026-08-24,2026-08-25,2026-08-26,Walk-in
B06450,H008,G03219,2024-01-25,2024-02-07,2024-02-08,OTA
B06451,H019,G03220,2025-09-11,2025-09-22,2025-09-25,OTA
B06452,H008,G03220,2026-01-20,2026-02-10,2026-02-12,Mobile App
B06453,H017,G03220,2026-04-12,2026-05-01,2026-05-03,OTA
B06454,H001,G03221,2025-11-19,2025-11-21,2025-11-26,Hotel Website
B06455,H011,G03221,2026-05-06,2026-06-10,2026-06-11,Travel Agent
B06456,H015,G03222,2026-07-23,2026-08-12,2026-08-13,Corporate Booking
B06457,H010,G03222,2026-08-21,2026-08-30,2026-08-31,Phone Booking
B06458,H013,G03223,2026-06-13,2026-06-27,2026-06-29,Mobile App
B06459,H018,G03224,2025-05-26,2025-06-19,2025-06-20,OTA
B06460,H011,G03224,2025-07-15,2025-08-05,2025-08-09,OTA
B06461,H014,G03225,2025-01-09,2025-02-01,2025-02-04,Hotel Website
B06462,H003,G03225,2026-01-24,2026-02-12,2026-02-17,Travel Agent
B06463,H003,G03225,2026-04-10,2026-04-15,2026-04-19,Mobile App
B06464,H014,G03226,2025-08-02,2025-08-18,2025-08-19,Phone Booking
B06465,H004,G03226,2026-05-19,2026-05-24,2026-05-29,Hotel Website
B06466,H004,G03226,2026-08-26,2026-08-27,2026-08-31,Walk-in
B06467,H016,G03227,2025-02-17,2025-02-22,2025-02-25,Corporate Booking
B06468,H003,G03227,2025-05-03,2025-05-15,2025-05-21,Hotel Website
B06469,H005,G03228,2024-12-20,2024-12-21,2024-12-23,Walk-in
B06470,H001,G03228,2025-09-04,2025-10-08,2025-10-11,Travel Agent
B06471,H013,G03229,2025-06-29,2025-07-17,2025-07-18,Corporate Booking
B06472,H015,G03229,2026-05-12,2026-05-31,2026-06-03,Phone Booking
B06473,H011,G03230,2026-07-24,2026-08-23,2026-08-25,Hotel Website
B06474,H003,G03230,2025-01-13,2025-01-30,2025-02-03,Hotel Website
B06475,H014,G03231,2025-11-07,2025-11-24,2025-11-25,OTA
B06476,H002,G03232,2026-06-09,2026-06-20,2026-06-24,Hotel Website
B06477,H007,G03232,2026-06-18,2026-07-25,2026-07-31,Travel Agent
B06478,H016,G03233,2024-01-28,2024-02-07,2024-02-08,Corporate Booking
B06479,H004,G03234,2025-07-19,2025-08-17,2025-08-22,Hotel Website
B06480,H006,G03234,2026-06-08,2026-06-09,2026-06-13,Walk-in
B06481,H012,G03235,2024-08-14,2024-08-30,2024-08-31,OTA
B06482,H001,G03235,2026-05-15,2026-06-19,2026-06-22,Hotel Website
B06483,H001,G03235,2026-07-29,2026-08-09,2026-08-11,OTA
B06484,H019,G03236,2024-02-15,2024-02-26,2024-03-03,Travel Agent
B06485,H002,G03237,2024-05-05,2024-05-14,2024-05-17,Hotel Website
B06486,H009,G03237,2024-12-24,2025-01-04,2025-01-06,Mobile App
B06487,H004,G03238,2024-08-29,2024-09-07,2024-09-10,OTA
B06488,H015,G03239,2024-08-30,2024-09-23,2024-09-25,Travel Agent
B06489,H007,G03239,2026-02-06,2026-02-14,2026-02-17,Phone Booking
B06490,H011,G03239,2026-04-21,2026-04-24,2026-04-29,OTA
B06491,H003,G03240,2024-04-08,2024-04-21,2024-04-26,Phone Booking
B06492,H013,G03241,2025-03-03,2025-04-17,2025-04-19,Corporate Booking
B06493,H003,G03241,2025-09-03,2025-09-19,2025-09-24,Phone Booking
B06494,H011,G03242,2024-11-09,2024-12-11,2024-12-14,Hotel Website
B06495,H013,G03242,2025-09-17,2025-09-25,2025-09-26,Hotel Website
B06496,H014,G03242,2025-12-14,2025-12-26,2025-12-31,Phone Booking
B06497,H008,G03243,2025-10-14,2025-10-31,2025-11-03,OTA
B06498,H004,G03243,2026-08-18,2026-08-28,2026-08-31,Mobile App
B06499,H011,G03243,2024-08-04,2024-09-05,2024-09-06,Travel Agent
B06500,H011,G03243,2025-02-03,2025-03-10,2025-03-14,Hotel Website
B06501,H014,G03244,2025-11-13,2025-11-18,2025-11-19,Mobile App
B06502,H014,G03245,2025-09-01,2025-09-10,2025-09-11,Phone Booking
B06503,H016,G03245,2025-10-10,2025-11-10,2025-11-13,Corporate Booking
B06504,H005,G03246,2025-06-04,2025-07-05,2025-07-08,Hotel Website
B06505,H012,G03246,2026-07-09,2026-08-02,2026-08-05,OTA
B06506,H015,G03247,2024-02-21,2024-03-01,2024-03-02,Corporate Booking
B06507,H014,G03247,2025-02-27,2025-03-05,2025-03-06,Phone Booking
B06508,H001,G03247,2026-01-01,2026-01-09,2026-01-13,Corporate Booking
B06509,H001,G03247,2026-05-10,2026-05-28,2026-05-31,Phone Booking
B06510,H004,G03248,2024-01-26,2024-01-29,2024-01-31,Mobile App
B06511,H015,G03248,2025-12-05,2025-12-13,2025-12-17,OTA
B06512,H014,G03248,2026-07-31,2026-08-12,2026-08-13,Hotel Website
B06513,H011,G03249,2025-09-20,2025-10-15,2025-10-17,OTA
B06514,H003,G03250,2024-03-19,2024-03-23,2024-03-25,Mobile App
B06515,H003,G03250,2026-04-26,2026-05-24,2026-05-27,Travel Agent
B06516,H016,G03251,2025-11-08,2025-11-09,2025-11-10,Walk-in
B06517,H002,G03251,2026-04-22,2026-05-11,2026-05-14,Hotel Website
B06518,H003,G03252,2025-02-23,2025-03-14,2025-03-18,Hotel Website
B06519,H003,G03252,2026-04-19,2026-05-17,2026-05-19,OTA
B06520,H011,G03253,2025-11-13,2025-11-16,2025-11-18,OTA
B06521,H006,G03254,2024-09-18,2024-10-05,2024-10-11,Mobile App
B06522,H001,G03254,2026-04-18,2026-05-03,2026-05-06,Hotel Website
B06523,H002,G03255,2025-10-05,2025-10-21,2025-10-28,Hotel Website
B06524,H014,G03256,2025-06-13,2025-06-25,2025-06-28,Corporate Booking
B06525,H013,G03256,2025-10-06,2025-11-04,2025-11-05,OTA
B06526,H003,G03257,2025-11-07,2025-11-28,2025-12-02,OTA
B06527,H003,G03257,2025-12-22,2026-01-23,2026-01-26,Hotel Website
B06528,H012,G03258,2024-09-17,2024-10-01,2024-10-03,Hotel Website
B06529,H012,G03258,2026-06-17,2026-06-22,2026-06-23,Mobile App
B06530,H001,G03259,2024-06-04,2024-06-16,2024-06-19,OTA
B06531,H005,G03259,2024-11-16,2024-12-05,2024-12-07,Hotel Website
B06532,H014,G03260,2026-06-16,2026-07-08,2026-07-10,Corporate Booking
B06533,H004,G03261,2026-01-23,2026-01-24,2026-01-26,Phone Booking
B06534,H011,G03261,2026-05-09,2026-05-24,2026-05-25,OTA
B06535,H019,G03262,2024-01-14,2024-02-12,2024-02-16,Corporate Booking
B06536,H015,G03262,2024-10-01,2024-10-28,2024-10-30,Corporate Booking
B06537,H012,G03263,2026-06-29,2026-07-10,2026-07-12,Hotel Website
B06538,H013,G03263,2026-07-20,2026-08-28,2026-08-30,Corporate Booking
B06539,H006,G03264,2026-07-19,2026-08-05,2026-08-07,Hotel Website
B06540,H004,G03264,2024-05-05,2024-05-08,2024-05-11,Hotel Website
B06541,H006,G03265,2025-02-03,2025-02-18,2025-02-19,Phone Booking
B06542,H016,G03266,2024-11-01,2024-11-13,2024-11-16,Travel Agent
B06543,H014,G03267,2025-06-06,2025-07-03,2025-07-04,OTA
B06544,H015,G03267,2025-07-09,2025-07-25,2025-07-26,Corporate Booking
B06545,H016,G03268,2024-12-29,2025-01-16,2025-01-17,Corporate Booking
B06546,H008,G03268,2025-04-02,2025-05-02,2025-05-08,OTA
B06547,H011,G03269,2026-03-13,2026-03-14,2026-03-16,Walk-in
B06548,H011,G03269,2026-04-03,2026-04-29,2026-05-02,OTA
B06549,H014,G03270,2024-04-06,2024-05-04,2024-05-06,OTA
B06550,H011,G03270,2024-05-19,2024-05-29,2024-05-31,Travel Agent
B06551,H001,G03270,2026-07-25,2026-08-27,2026-08-29,Hotel Website
B06552,H019,G03271,2024-11-21,2024-12-16,2024-12-18,Corporate Booking
B06553,H002,G03272,2025-09-08,2025-09-25,2025-09-28,Mobile App
B06554,H017,G03272,2025-11-23,2025-11-24,2025-11-26,Walk-in
B06555,H010,G03273,2024-09-14,2024-09-29,2024-10-03,OTA
B06556,H015,G03273,2024-11-05,2024-11-21,2024-11-25,Corporate Booking
B06557,H004,G03273,2026-07-21,2026-08-14,2026-08-16,Hotel Website
B06558,H003,G03273,2025-12-17,2025-12-18,2025-12-25,OTA
B06559,H011,G03274,2024-03-10,2024-03-15,2024-03-17,Travel Agent
B06560,H013,G03275,2024-09-28,2024-10-03,2024-10-05,OTA
B06561,H017,G03276,2025-11-11,2025-11-24,2025-11-28,Travel Agent
B06562,H005,G03276,2025-11-30,2026-01-10,2026-01-13,Corporate Booking
B06563,H003,G03277,2024-01-02,2024-01-29,2024-01-31,OTA
B06564,H002,G03277,2025-06-18,2025-07-10,2025-07-16,Hotel Website
B06565,H014,G03277,2025-07-22,2025-08-27,2025-08-29,Corporate Booking
B06566,H014,G03277,2026-01-20,2026-02-04,2026-02-09,Mobile App
B06567,H002,G03278,2025-07-06,2025-07-10,2025-07-14,Hotel Website
B06568,H011,G03279,2025-02-15,2025-02-17,2025-02-21,OTA
B06569,H016,G03279,2025-09-05,2025-09-15,2025-09-18,Travel Agent
B06570,H004,G03279,2025-11-20,2025-11-25,2025-11-29,Corporate Booking
B06571,H014,G03279,2026-03-24,2026-04-04,2026-04-06,OTA
B06572,H003,G03280,2024-12-22,2024-12-30,2025-01-02,Hotel Website
B06573,H006,G03281,2026-06-11,2026-06-17,2026-06-21,Hotel Website
B06574,H003,G03281,2026-08-11,2026-08-30,2026-08-31,OTA
B06575,H003,G03282,2025-10-31,2025-11-29,2025-12-03,Hotel Website
B06576,H017,G03283,2025-10-04,2025-10-16,2025-10-19,OTA
B06577,H016,G03284,2024-01-17,2024-03-02,2024-03-05,Corporate Booking
B06578,H007,G03284,2026-03-04,2026-03-18,2026-03-20,Mobile App
B06579,H015,G03285,2025-08-03,2025-09-07,2025-09-09,Corporate Booking
B06580,H006,G03285,2026-04-19,2026-05-13,2026-05-19,OTA
B06581,H015,G03285,2026-07-11,2026-07-20,2026-07-22,Phone Booking
B06582,H014,G03286,2024-05-23,2024-05-31,2024-06-03,Corporate Booking
B06583,H014,G03286,2025-01-05,2025-01-11,2025-01-12,Phone Booking
B06584,H014,G03286,2026-02-26,2026-03-25,2026-03-27,Corporate Booking
B06585,H014,G03286,2026-07-02,2026-07-09,2026-07-10,Hotel Website
B06586,H011,G03287,2026-05-05,2026-05-22,2026-05-23,Corporate Booking
B06587,H012,G03288,2024-10-30,2024-11-25,2024-11-26,Corporate Booking
B06588,H016,G03288,2025-05-08,2025-06-19,2025-06-20,Corporate Booking
B06589,H002,G03288,2025-12-02,2025-12-15,2025-12-19,Phone Booking
B06590,H016,G03288,2026-02-24,2026-03-26,2026-03-29,Travel Agent
B06591,H003,G03289,2025-10-13,2025-10-31,2025-11-06,Travel Agent
B06592,H008,G03289,2026-06-01,2026-06-10,2026-06-12,OTA
B06593,H020,G03289,2026-06-15,2026-07-20,2026-07-23,Travel Agent
B06594,H020,G03289,2026-08-19,2026-08-20,2026-08-22,Walk-in
B06595,H007,G03290,2024-12-01,2024-12-20,2024-12-23,Travel Agent
B06596,H005,G03291,2024-07-19,2024-08-09,2024-08-12,Mobile App
B06597,H015,G03292,2024-08-02,2024-08-10,2024-08-12,Corporate Booking
B06598,H014,G03293,2025-07-11,2025-07-29,2025-08-01,Hotel Website
B06599,H006,G03294,2026-06-15,2026-07-03,2026-07-08,Phone Booking
B06600,H004,G03294,2026-08-21,2026-08-28,2026-08-30,Hotel Website
B06601,H013,G03295,2024-10-01,2024-10-12,2024-10-15,Mobile App
B06602,H002,G03296,2024-06-16,2024-07-03,2024-07-09,Corporate Booking
B06603,H005,G03297,2026-05-01,2026-05-27,2026-06-02,OTA
B06604,H003,G03298,2024-04-29,2024-05-08,2024-05-12,Hotel Website
B06605,H002,G03298,2026-05-20,2026-05-29,2026-06-01,Corporate Booking
B06606,H016,G03298,2026-07-10,2026-07-15,2026-07-18,Corporate Booking
B06607,H003,G03299,2024-01-03,2024-01-05,2024-01-10,Phone Booking
B06608,H012,G03299,2026-07-22,2026-07-24,2026-07-27,Phone Booking
B06609,H006,G03300,2025-07-17,2025-08-15,2025-08-17,OTA
B06610,H013,G03301,2025-07-12,2025-07-31,2025-08-01,Travel Agent
B06611,H015,G03301,2026-05-09,2026-06-02,2026-06-06,Corporate Booking
B06612,H015,G03301,2026-07-24,2026-08-20,2026-08-26,OTA
B06613,H016,G03301,2025-09-26,2025-10-16,2025-10-17,Corporate Booking
B06614,H016,G03301,2026-05-14,2026-06-03,2026-06-07,Phone Booking
B06615,H015,G03301,2026-07-18,2026-08-27,2026-08-29,Travel Agent
B06616,H009,G03302,2026-07-04,2026-07-05,2026-07-06,Walk-in
B06617,H016,G03302,2026-07-27,2026-08-24,2026-08-26,OTA
B06618,H011,G03303,2024-08-01,2024-08-29,2024-08-30,Travel Agent
B06619,H002,G03303,2026-02-04,2026-02-17,2026-02-19,OTA
B06620,H016,G03303,2026-06-27,2026-07-17,2026-07-20,Phone Booking
B06621,H016,G03303,2026-07-28,2026-08-27,2026-08-29,Travel Agent
B06622,H015,G03303,2025-09-27,2025-10-12,2025-10-13,OTA
B06623,H005,G03304,2025-05-24,2025-06-08,2025-06-10,Phone Booking
B06624,H014,G03305,2026-02-23,2026-04-05,2026-04-09,Travel Agent
B06625,H005,G03305,2026-07-12,2026-08-04,2026-08-10,OTA
B06626,H002,G03306,2025-10-21,2025-11-23,2025-11-28,Corporate Booking
B06627,H011,G03307,2026-03-26,2026-04-09,2026-04-11,OTA
B06628,H015,G03307,2026-05-05,2026-05-16,2026-05-18,Corporate Booking
B06629,H014,G03307,2026-06-01,2026-06-12,2026-06-16,Hotel Website
B06630,H006,G03307,2026-07-23,2026-08-13,2026-08-14,Hotel Website
B06631,H015,G03308,2024-11-06,2024-11-18,2024-11-21,Hotel Website
B06632,H004,G03309,2025-10-17,2025-10-21,2025-10-27,Hotel Website
B06633,H012,G03310,2025-05-09,2025-05-22,2025-05-26,Mobile App
B06634,H015,G03311,2026-02-27,2026-03-04,2026-03-06,Corporate Booking
B06635,H015,G03311,2026-06-21,2026-06-22,2026-06-24,Walk-in
B06636,H014,G03312,2025-07-28,2025-08-15,2025-08-18,Hotel Website
B06637,H001,G03312,2026-08-14,2026-08-15,2026-08-19,Walk-in
B06638,H002,G03313,2024-07-17,2024-08-16,2024-08-19,OTA
B06639,H002,G03313,2024-10-01,2024-10-21,2024-10-26,Corporate Booking
B06640,H013,G03314,2025-02-20,2025-03-17,2025-03-18,Travel Agent
B06641,H001,G03314,2026-08-17,2026-08-22,2026-08-28,Travel Agent
B06642,H016,G03315,2025-10-19,2025-11-16,2025-11-19,Travel Agent
B06643,H014,G03315,2026-03-07,2026-04-06,2026-04-08,OTA
B06644,H011,G03316,2025-03-07,2025-03-12,2025-03-14,OTA
B06645,H011,G03316,2025-05-19,2025-05-28,2025-05-31,OTA
B06646,H015,G03316,2026-05-28,2026-07-08,2026-07-10,Travel Agent
B06647,H015,G03316,2026-07-27,2026-07-28,2026-07-29,Walk-in
B06648,H015,G03316,2026-08-14,2026-08-24,2026-08-28,OTA
B06649,H015,G03317,2025-07-10,2025-07-18,2025-07-20,OTA
B06650,H003,G03317,2025-12-09,2025-12-22,2025-12-26,OTA
B06651,H011,G03318,2024-11-22,2024-12-02,2024-12-04,Phone Booking
B06652,H010,G03318,2025-04-30,2025-05-01,2025-05-04,Walk-in
B06653,H016,G03319,2025-07-29,2025-08-08,2025-08-11,Hotel Website
B06654,H003,G03319,2025-11-13,2025-12-06,2025-12-09,OTA
B06655,H015,G03319,2025-12-22,2026-01-04,2026-01-06,Hotel Website
B06656,H006,G03320,2025-11-25,2025-11-30,2025-12-02,OTA
B06657,H003,G03321,2026-04-22,2026-05-10,2026-05-13,Hotel Website
B06658,H003,G03321,2026-08-17,2026-08-18,2026-08-21,Walk-in
B06659,H001,G03322,2026-05-03,2026-05-04,2026-05-08,Walk-in
B06660,H001,G03322,2026-07-23,2026-08-08,2026-08-14,OTA
B06661,H019,G03323,2026-03-14,2026-03-18,2026-03-21,OTA
B06662,H015,G03324,2024-09-17,2024-09-18,2024-09-22,Walk-in
B06663,H006,G03325,2024-10-20,2024-11-15,2024-11-18,OTA
B06664,H019,G03326,2024-12-10,2024-12-20,2024-12-21,Mobile App
B06665,H016,G03326,2025-10-15,2025-11-10,2025-11-12,Hotel Website
B06666,H003,G03327,2025-08-07,2025-08-11,2025-08-17,Phone Booking
B06667,H003,G03327,2026-04-25,2026-04-26,2026-05-03,Phone Booking
B06668,H011,G03327,2026-05-06,2026-06-09,2026-06-12,Travel Agent
B06669,H011,G03328,2024-01-02,2024-01-07,2024-01-08,Corporate Booking
B06670,H005,G03329,2024-04-12,2024-04-19,2024-04-22,Mobile App
B06671,H005,G03329,2025-03-10,2025-04-06,2025-04-08,Hotel Website
B06672,H001,G03330,2025-09-23,2025-10-21,2025-10-23,OTA
B06673,H001,G03330,2026-04-29,2026-05-13,2026-05-19,Mobile App
B06674,H017,G03331,2024-11-05,2024-11-24,2024-11-26,Mobile App
B06675,H011,G03331,2025-12-10,2025-12-16,2025-12-20,Corporate Booking
B06676,H012,G03332,2025-07-22,2025-09-01,2025-09-06,Corporate Booking
B06677,H013,G03332,2026-06-24,2026-08-08,2026-08-09,Corporate Booking
B06678,H002,G03333,2024-01-04,2024-01-12,2024-01-17,Hotel Website
B06679,H011,G03334,2026-05-12,2026-05-19,2026-05-21,Corporate Booking
B06680,H004,G03334,2026-07-24,2026-08-16,2026-08-22,Hotel Website
B06681,H004,G03334,2024-08-10,2024-09-12,2024-09-14,Travel Agent
B06682,H003,G03335,2024-01-21,2024-02-08,2024-02-11,Hotel Website
B06683,H015,G03335,2024-06-27,2024-07-23,2024-07-24,Corporate Booking
B06684,H020,G03336,2024-04-26,2024-05-09,2024-05-13,Mobile App
B06685,H005,G03336,2024-12-27,2025-01-16,2025-01-19,OTA
B06686,H004,G03336,2025-10-22,2025-10-26,2025-10-31,Mobile App
B06687,H002,G03337,2025-10-14,2025-10-16,2025-10-22,Phone Booking
B06688,H001,G03337,2026-05-24,2026-06-04,2026-06-07,OTA
B06689,H009,G03338,2025-06-21,2025-07-31,2025-08-01,Corporate Booking
B06690,H019,G03338,2025-08-23,2025-09-28,2025-09-30,Travel Agent
B06691,H016,G03339,2026-05-28,2026-06-24,2026-06-26,OTA
B06692,H016,G03339,2026-07-28,2026-08-23,2026-08-26,Hotel Website
B06693,H016,G03339,2025-09-11,2025-09-13,2025-09-17,Phone Booking
B06694,H018,G03340,2024-01-28,2024-02-10,2024-02-13,OTA
B06695,H018,G03341,2026-03-16,2026-03-31,2026-04-01,Phone Booking
B06696,H020,G03342,2024-06-14,2024-06-17,2024-06-20,Mobile App
B06697,H001,G03342,2026-05-14,2026-05-15,2026-05-19,Walk-in
B06698,H002,G03343,2026-03-26,2026-04-21,2026-04-23,Corporate Booking
B06699,H017,G03343,2026-05-11,2026-06-01,2026-06-05,Travel Agent
B06700,H018,G03343,2026-08-07,2026-08-26,2026-08-30,Corporate Booking
B06701,H003,G03343,2025-04-30,2025-05-26,2025-05-28,Hotel Website
B06702,H011,G03344,2026-04-29,2026-05-29,2026-05-31,Travel Agent
B06703,H011,G03344,2026-06-25,2026-07-19,2026-07-21,Hotel Website
B06704,H020,G03345,2026-06-20,2026-07-04,2026-07-06,Hotel Website
B06705,H011,G03345,2026-08-10,2026-08-19,2026-08-21,OTA
B06706,H004,G03346,2025-04-15,2025-04-16,2025-04-20,Walk-in
B06707,H004,G03346,2026-04-02,2026-04-28,2026-05-05,Hotel Website
B06708,H003,G03347,2025-06-17,2025-07-18,2025-07-22,Travel Agent
B06709,H007,G03347,2026-05-15,2026-05-25,2026-05-28,Mobile App
B06710,H011,G03348,2024-10-01,2024-10-02,2024-10-03,Walk-in
B06711,H004,G03349,2024-11-15,2024-11-23,2024-11-28,Mobile App
B06712,H003,G03349,2025-04-18,2025-05-02,2025-05-06,Mobile App
B06713,H018,G03350,2025-09-16,2025-10-10,2025-10-11,Hotel Website
B06714,H013,G03350,2026-04-12,2026-04-21,2026-04-25,Mobile App
B06715,H005,G03350,2026-06-16,2026-06-24,2026-07-01,Mobile App
B06716,H005,G03350,2026-07-26,2026-08-15,2026-08-17,OTA
B06717,H016,G03351,2025-04-22,2025-04-27,2025-04-28,Hotel Website
B06718,H018,G03351,2025-06-18,2025-06-23,2025-06-28,Phone Booking
B06719,H001,G03351,2025-10-29,2025-11-08,2025-11-13,Hotel Website
B06720,H005,G03352,2024-12-04,2025-01-03,2025-01-09,OTA
B06721,H001,G03352,2026-03-22,2026-04-05,2026-04-08,Mobile App
B06722,H008,G03353,2026-03-28,2026-03-29,2026-04-01,Walk-in
B06723,H007,G03354,2025-03-03,2025-04-13,2025-04-15,Travel Agent
B06724,H014,G03354,2025-07-18,2025-07-19,2025-07-22,Walk-in
B06725,H013,G03355,2024-08-29,2024-09-06,2024-09-09,OTA
B06726,H014,G03356,2025-12-28,2026-01-27,2026-01-28,Hotel Website
B06727,H013,G03357,2024-10-14,2024-11-24,2024-11-25,Travel Agent
B06728,H007,G03357,2026-02-05,2026-02-23,2026-02-24,Hotel Website
B06729,H012,G03358,2024-06-27,2024-08-01,2024-08-03,Hotel Website
B06730,H012,G03358,2025-03-30,2025-04-23,2025-04-26,Travel Agent
B06731,H001,G03359,2025-12-10,2025-12-20,2025-12-22,Phone Booking
B06732,H018,G03359,2026-04-14,2026-05-08,2026-05-11,Hotel Website
B06733,H014,G03359,2026-08-05,2026-08-11,2026-08-13,Hotel Website
B06734,H001,G03359,2025-05-04,2025-05-19,2025-05-23,Phone Booking
B06735,H014,G03360,2024-09-07,2024-09-18,2024-09-22,OTA
B06736,H015,G03360,2025-10-06,2025-10-18,2025-10-19,Hotel Website
B06737,H020,G03361,2024-06-16,2024-06-23,2024-06-25,Travel Agent
B06738,H001,G03361,2024-09-20,2024-09-28,2024-10-04,OTA
B06739,H002,G03361,2026-07-02,2026-08-03,2026-08-05,Hotel Website
B06740,H016,G03362,2025-01-17,2025-01-26,2025-01-30,Corporate Booking
B06741,H002,G03363,2025-05-09,2025-05-13,2025-05-15,OTA
B06742,H005,G03364,2025-02-19,2025-02-26,2025-03-01,Mobile App
B06743,H006,G03364,2026-04-11,2026-04-24,2026-04-30,OTA
B06744,H007,G03364,2026-05-14,2026-05-23,2026-05-26,Hotel Website
B06745,H003,G03364,2026-07-03,2026-08-06,2026-08-13,Corporate Booking
B06746,H016,G03365,2025-07-13,2025-08-14,2025-08-18,Corporate Booking
B06747,H016,G03365,2026-03-11,2026-03-23,2026-03-25,Phone Booking
B06748,H003,G03366,2024-08-18,2024-09-04,2024-09-10,OTA
B06749,H003,G03366,2025-06-01,2025-06-30,2025-07-02,OTA
B06750,H014,G03367,2026-04-01,2026-05-05,2026-05-09,Hotel Website
B06751,H012,G03367,2026-06-12,2026-07-12,2026-07-13,Travel Agent
B06752,H015,G03368,2024-10-27,2024-11-01,2024-11-04,Corporate Booking
B06753,H019,G03368,2026-08-09,2026-08-12,2026-08-16,OTA
B06754,H019,G03369,2024-04-17,2024-05-05,2024-05-10,OTA
B06755,H007,G03369,2025-04-01,2025-04-30,2025-05-01,Hotel Website
B06756,H003,G03370,2025-09-02,2025-10-02,2025-10-07,Hotel Website
B06757,H005,G03371,2025-04-24,2025-05-01,2025-05-04,Travel Agent
B06758,H014,G03371,2026-02-03,2026-02-04,2026-02-07,Walk-in
B06759,H010,G03371,2026-02-27,2026-03-19,2026-03-22,OTA
B06760,H013,G03371,2026-05-04,2026-05-09,2026-05-10,OTA
B06761,H011,G03371,2026-06-05,2026-06-23,2026-06-25,Hotel Website
B06762,H005,G03372,2024-11-22,2024-12-05,2024-12-09,Hotel Website
B06763,H005,G03372,2025-10-29,2025-11-05,2025-11-10,Phone Booking
B06764,H002,G03372,2026-04-02,2026-04-16,2026-04-20,Hotel Website
B06765,H002,G03372,2026-05-05,2026-06-12,2026-06-16,Corporate Booking
B06766,H019,G03373,2024-04-25,2024-04-26,2024-05-01,Walk-in
B06767,H005,G03373,2026-04-30,2026-05-19,2026-05-22,Phone Booking
B06768,H015,G03374,2024-08-15,2024-08-16,2024-08-18,Walk-in
B06769,H015,G03374,2025-09-04,2025-09-22,2025-09-24,Mobile App
B06770,H003,G03374,2025-11-18,2025-11-23,2025-11-25,OTA
B06771,H004,G03374,2026-01-26,2026-01-27,2026-01-30,Mobile App
B06772,H007,G03375,2024-06-22,2024-06-24,2024-06-25,OTA
B06773,H007,G03375,2026-03-19,2026-03-20,2026-03-23,Walk-in
B06774,H007,G03375,2026-06-20,2026-06-21,2026-06-25,Walk-in
B06775,H015,G03376,2025-12-09,2025-12-27,2025-12-28,Travel Agent
B06776,H014,G03376,2026-08-19,2026-08-26,2026-08-28,Phone Booking
B06777,H020,G03377,2026-03-23,2026-04-17,2026-04-21,Hotel Website
B06778,H001,G03377,2026-06-04,2026-06-12,2026-06-16,Corporate Booking
B06779,H018,G03378,2025-10-25,2025-11-09,2025-11-12,OTA
B06780,H005,G03378,2026-07-10,2026-07-15,2026-07-18,Mobile App
B06781,H005,G03379,2024-09-20,2024-10-09,2024-10-11,OTA
B06782,H001,G03379,2025-05-26,2025-06-10,2025-06-14,OTA
B06783,H018,G03380,2025-05-18,2025-06-02,2025-06-03,Corporate Booking
B06784,H008,G03380,2025-10-19,2025-10-31,2025-11-01,Phone Booking
B06785,H018,G03380,2026-05-11,2026-05-26,2026-05-29,OTA
B06786,H003,G03381,2026-05-08,2026-06-02,2026-06-05,OTA
B06787,H003,G03382,2024-05-14,2024-06-25,2024-06-27,Travel Agent
B06788,H004,G03383,2024-01-31,2024-02-16,2024-02-18,Mobile App
B06789,H003,G03384,2024-09-28,2024-10-21,2024-10-25,Corporate Booking
B06790,H003,G03384,2025-07-16,2025-08-21,2025-08-24,Travel Agent
B06791,H016,G03384,2026-06-19,2026-07-25,2026-07-29,Corporate Booking
B06792,H003,G03384,2024-12-17,2025-01-08,2025-01-13,OTA
B06793,H007,G03385,2024-06-30,2024-07-13,2024-07-16,Mobile App
B06794,H016,G03386,2025-03-28,2025-04-02,2025-04-07,OTA
B06795,H012,G03386,2025-09-09,2025-10-03,2025-10-05,Corporate Booking
B06796,H015,G03387,2025-02-19,2025-03-14,2025-03-18,Corporate Booking
B06797,H005,G03387,2025-05-28,2025-06-07,2025-06-11,OTA
B06798,H011,G03387,2026-02-10,2026-02-11,2026-02-13,Walk-in
B06799,H019,G03388,2025-07-26,2025-07-27,2025-07-29,Walk-in
B06800,H019,G03389,2024-05-09,2024-05-10,2024-05-12,Walk-in
B06801,H003,G03389,2026-02-11,2026-02-27,2026-03-01,OTA
B06802,H018,G03390,2024-11-05,2024-11-23,2024-11-24,Travel Agent
B06803,H002,G03390,2025-12-04,2025-12-20,2025-12-22,OTA
B06804,H003,G03391,2025-09-20,2025-10-08,2025-10-10,OTA
B06805,H003,G03391,2026-01-27,2026-01-29,2026-01-31,OTA
B06806,H004,G03392,2025-11-13,2025-11-20,2025-11-24,Travel Agent
B06807,H017,G03392,2025-12-18,2026-01-14,2026-01-16,OTA
B06808,H004,G03392,2026-04-30,2026-05-18,2026-05-22,OTA
B06809,H007,G03393,2025-10-04,2025-10-25,2025-10-27,Travel Agent
B06810,H014,G03393,2026-04-28,2026-05-21,2026-05-24,Corporate Booking
B06811,H017,G03394,2024-09-24,2024-10-20,2024-10-22,Corporate Booking
B06812,H001,G03395,2024-05-14,2024-05-15,2024-05-18,Walk-in
B06813,H002,G03395,2026-04-15,2026-04-22,2026-04-24,OTA
B06814,H011,G03396,2025-11-25,2025-11-26,2025-11-27,Walk-in
B06815,H016,G03396,2026-08-02,2026-08-20,2026-08-23,OTA
B06816,H016,G03396,2025-07-23,2025-07-30,2025-08-03,Mobile App
B06817,H019,G03397,2025-11-25,2025-12-14,2025-12-15,Mobile App
B06818,H011,G03398,2025-09-18,2025-10-08,2025-10-09,Mobile App
B06819,H017,G03398,2026-01-13,2026-02-27,2026-03-02,Travel Agent
B06820,H020,G03399,2026-03-09,2026-03-16,2026-03-18,Mobile App
B06821,H004,G03399,2026-04-25,2026-05-07,2026-05-12,Hotel Website
B06822,H012,G03400,2025-04-10,2025-04-19,2025-04-20,Hotel Website
B06823,H015,G03400,2026-05-25,2026-06-20,2026-06-21,Hotel Website
B06824,H005,G03401,2025-09-12,2025-10-08,2025-10-11,Hotel Website
B06825,H005,G03401,2026-03-01,2026-03-16,2026-03-19,Mobile App
B06826,H015,G03402,2025-12-15,2025-12-26,2025-12-29,Phone Booking
B06827,H013,G03402,2026-01-19,2026-03-02,2026-03-03,Corporate Booking
B06828,H001,G03403,2024-05-28,2024-07-11,2024-07-15,Travel Agent
B06829,H001,G03403,2024-12-04,2024-12-29,2025-01-01,OTA
B06830,H001,G03403,2025-10-31,2025-11-01,2025-11-04,Walk-in
B06831,H003,G03404,2024-08-17,2024-09-01,2024-09-06,Hotel Website
B06832,H014,G03405,2025-06-10,2025-07-03,2025-07-07,Hotel Website
B06833,H005,G03405,2026-04-24,2026-05-23,2026-05-29,Travel Agent
B06834,H003,G03406,2026-03-02,2026-03-06,2026-03-11,Phone Booking
B06835,H004,G03407,2026-02-03,2026-02-26,2026-03-03,Travel Agent
B06836,H003,G03407,2026-03-30,2026-04-19,2026-04-22,Hotel Website
B06837,H012,G03408,2024-08-28,2024-09-24,2024-09-25,OTA
B06838,H004,G03409,2025-07-26,2025-08-16,2025-08-22,OTA
B06839,H008,G03409,2025-09-24,2025-10-17,2025-10-18,Corporate Booking
B06840,H018,G03410,2024-11-15,2024-11-26,2024-11-27,Corporate Booking
B06841,H004,G03410,2025-09-25,2025-10-15,2025-10-21,Travel Agent
B06842,H011,G03410,2026-07-11,2026-08-18,2026-08-19,Travel Agent
B06843,H014,G03410,2026-03-09,2026-04-06,2026-04-10,OTA
B06844,H008,G03411,2025-01-09,2025-01-25,2025-01-27,Hotel Website
B06845,H003,G03411,2025-04-11,2025-05-06,2025-05-08,Travel Agent
B06846,H012,G03411,2025-06-28,2025-07-06,2025-07-07,Hotel Website
B06847,H007,G03412,2025-01-03,2025-01-20,2025-01-23,OTA
B06848,H012,G03412,2025-12-23,2025-12-24,2025-12-28,Walk-in
B06849,H012,G03413,2026-01-15,2026-01-27,2026-01-28,OTA
B06850,H012,G03414,2026-03-10,2026-03-21,2026-03-25,OTA
B06851,H004,G03415,2025-03-11,2025-04-16,2025-04-23,Travel Agent
B06852,H008,G03415,2026-05-30,2026-06-04,2026-06-06,Hotel Website
B06853,H002,G03416,2026-05-22,2026-06-12,2026-06-14,Hotel Website
B06854,H016,G03416,2026-07-20,2026-07-31,2026-08-03,OTA
B06855,H011,G03417,2025-03-26,2025-03-27,2025-03-29,Mobile App
B06856,H011,G03417,2026-01-10,2026-02-15,2026-02-16,Corporate Booking
B06857,H001,G03418,2026-08-03,2026-08-23,2026-08-26,Mobile App
B06858,H005,G03419,2025-11-12,2025-11-14,2025-11-17,Hotel Website
B06859,H005,G03419,2025-12-19,2026-01-01,2026-01-06,OTA
B06860,H013,G03420,2024-02-18,2024-02-24,2024-02-26,OTA
B06861,H015,G03420,2025-05-19,2025-05-28,2025-05-30,Mobile App
B06862,H016,G03421,2025-05-17,2025-05-27,2025-05-29,Mobile App
B06863,H008,G03421,2025-12-14,2025-12-23,2025-12-27,OTA
B06864,H006,G03421,2026-07-19,2026-07-28,2026-07-31,Hotel Website
B06865,H012,G03422,2024-03-22,2024-04-22,2024-04-24,Corporate Booking
B06866,H012,G03422,2024-11-07,2024-12-10,2024-12-13,Travel Agent
B06867,H005,G03423,2025-02-14,2025-03-09,2025-03-11,OTA
B06868,H006,G03423,2025-12-22,2026-01-20,2026-01-22,OTA
B06869,H013,G03424,2024-01-18,2024-02-08,2024-02-09,OTA
B06870,H016,G03424,2024-12-06,2025-01-20,2025-01-24,Corporate Booking
B06871,H015,G03425,2026-01-06,2026-01-27,2026-01-30,Mobile App
B06872,H015,G03426,2024-04-16,2024-04-26,2024-04-28,Corporate Booking
B06873,H020,G03426,2026-01-29,2026-02-02,2026-02-04,OTA
B06874,H013,G03427,2024-02-22,2024-03-25,2024-03-28,Hotel Website
B06875,H018,G03428,2024-03-28,2024-04-01,2024-04-04,Mobile App
B06876,H004,G03428,2025-10-22,2025-10-25,2025-10-27,Phone Booking
B06877,H003,G03429,2025-05-10,2025-05-22,2025-05-26,Hotel Website
B06878,H003,G03430,2024-08-03,2024-08-23,2024-08-27,Hotel Website
B06879,H011,G03431,2024-12-25,2025-01-24,2025-01-25,Corporate Booking
B06880,H015,G03432,2024-01-22,2024-02-20,2024-02-23,Corporate Booking
B06881,H015,G03432,2026-01-06,2026-02-11,2026-02-12,Corporate Booking
B06882,H016,G03433,2025-08-27,2025-09-29,2025-09-30,Corporate Booking
B06883,H003,G03433,2026-03-23,2026-04-15,2026-04-18,OTA
B06884,H014,G03434,2024-01-02,2024-01-11,2024-01-12,Hotel Website
B06885,H007,G03435,2025-01-11,2025-02-02,2025-02-03,Hotel Website
B06886,H003,G03435,2025-05-13,2025-05-26,2025-05-28,Mobile App
B06887,H002,G03436,2024-01-13,2024-01-19,2024-01-21,Mobile App
B06888,H012,G03436,2024-09-19,2024-09-20,2024-09-21,Walk-in
B06889,H012,G03436,2026-08-28,2026-08-29,2026-08-30,Walk-in
B06890,H015,G03436,2025-02-22,2025-03-04,2025-03-07,OTA
B06891,H014,G03437,2025-07-24,2025-08-19,2025-08-20,Hotel Website
B06892,H014,G03437,2025-09-10,2025-09-20,2025-09-23,OTA
B06893,H014,G03437,2026-03-16,2026-03-31,2026-04-03,Mobile App
B06894,H014,G03438,2026-01-29,2026-02-17,2026-02-19,Travel Agent
B06895,H007,G03439,2026-07-23,2026-08-09,2026-08-15,Phone Booking
B06896,H001,G03439,2026-07-22,2026-07-23,2026-07-27,Walk-in
B06897,H020,G03440,2024-11-10,2024-11-28,2024-12-03,OTA
B06898,H005,G03440,2026-02-19,2026-03-22,2026-03-24,Travel Agent
B06899,H019,G03441,2025-11-30,2025-12-11,2025-12-12,OTA
B06900,H004,G03442,2025-03-30,2025-04-29,2025-05-01,Corporate Booking
B06901,H011,G03443,2025-11-06,2025-12-13,2025-12-15,Corporate Booking
B06902,H014,G03443,2026-04-23,2026-05-29,2026-05-31,Corporate Booking
B06903,H014,G03443,2026-07-05,2026-07-30,2026-07-31,OTA
B06904,H005,G03444,2024-01-01,2024-01-27,2024-02-01,Travel Agent
B06905,H004,G03445,2025-06-21,2025-07-05,2025-07-10,Phone Booking
B06906,H019,G03445,2025-08-04,2025-09-11,2025-09-13,Travel Agent
B06907,H010,G03446,2025-10-18,2025-10-19,2025-10-20,Walk-in
B06908,H003,G03446,2026-02-09,2026-03-11,2026-03-15,Hotel Website
B06909,H004,G03447,2024-10-27,2024-11-11,2024-11-14,Corporate Booking
B06910,H008,G03447,2025-09-03,2025-09-08,2025-09-10,OTA
B06911,H001,G03448,2024-01-04,2024-01-30,2024-02-06,Travel Agent
B06912,H001,G03448,2025-03-27,2025-03-28,2025-04-04,OTA
B06913,H001,G03449,2024-03-05,2024-03-06,2024-03-13,Walk-in
B06914,H017,G03450,2026-04-12,2026-04-16,2026-04-19,Phone Booking
B06915,H015,G03451,2024-08-05,2024-09-09,2024-09-13,Corporate Booking
B06916,H012,G03452,2025-09-28,2025-10-05,2025-10-07,OTA
B06917,H014,G03453,2025-07-25,2025-08-19,2025-08-21,Corporate Booking
B06918,H005,G03453,2025-12-23,2026-01-05,2026-01-08,Hotel Website
B06919,H013,G03454,2024-02-12,2024-02-15,2024-02-16,OTA
B06920,H003,G03454,2026-01-08,2026-01-30,2026-02-02,OTA
B06921,H012,G03455,2026-05-10,2026-06-15,2026-06-16,Corporate Booking
B06922,H020,G03456,2024-10-26,2024-12-02,2024-12-04,Corporate Booking
B06923,H020,G03456,2025-08-02,2025-08-21,2025-08-27,Mobile App
B06924,H003,G03457,2025-05-10,2025-05-25,2025-05-29,OTA
B06925,H003,G03458,2026-02-23,2026-03-02,2026-03-04,Travel Agent
B06926,H004,G03458,2026-05-06,2026-05-28,2026-05-30,Travel Agent
B06927,H020,G03458,2026-07-09,2026-08-04,2026-08-06,Hotel Website
B06928,H011,G03459,2024-03-01,2024-03-30,2024-03-31,OTA
B06929,H011,G03459,2026-02-23,2026-03-15,2026-03-16,Phone Booking
B06930,H004,G03460,2024-03-11,2024-03-30,2024-04-05,Hotel Website
B06931,H005,G03460,2026-01-26,2026-01-30,2026-02-04,Phone Booking
B06932,H011,G03461,2025-11-27,2025-12-30,2025-12-31,Corporate Booking
B06933,H013,G03461,2026-08-09,2026-08-10,2026-08-12,Walk-in
B06934,H014,G03462,2024-09-25,2024-10-21,2024-10-23,OTA
B06935,H003,G03462,2025-06-14,2025-06-30,2025-07-03,Phone Booking
B06936,H011,G03463,2024-01-12,2024-02-06,2024-02-08,Hotel Website
B06937,H011,G03463,2026-04-20,2026-04-21,2026-04-22,Walk-in
B06938,H006,G03464,2025-03-06,2025-03-12,2025-03-18,Mobile App
B06939,H003,G03464,2025-10-11,2025-11-21,2025-11-27,Travel Agent
B06940,H013,G03465,2024-02-10,2024-02-23,2024-02-26,Travel Agent
B06941,H016,G03466,2026-01-05,2026-01-25,2026-01-27,Hotel Website
B06942,H016,G03466,2026-07-02,2026-07-07,2026-07-09,Travel Agent
B06943,H001,G03466,2026-08-25,2026-08-28,2026-08-30,OTA
B06944,H004,G03467,2025-04-30,2025-05-09,2025-05-12,Phone Booking
B06945,H019,G03467,2025-05-19,2025-06-12,2025-06-13,Corporate Booking
B06946,H003,G03468,2026-04-18,2026-05-10,2026-05-13,OTA
B06947,H003,G03468,2026-07-26,2026-08-29,2026-08-31,Hotel Website
B06948,H011,G03469,2024-06-30,2024-07-11,2024-07-12,Hotel Website
B06949,H001,G03470,2024-12-26,2025-01-10,2025-01-13,OTA
B06950,H001,G03470,2026-01-02,2026-01-08,2026-01-12,Hotel Website
B06951,H005,G03471,2026-01-30,2026-02-12,2026-02-16,Phone Booking
B06952,H020,G03471,2026-06-15,2026-07-18,2026-07-24,Travel Agent
B06953,H013,G03471,2025-08-16,2025-09-08,2025-09-12,Corporate Booking
B06954,H001,G03471,2026-03-01,2026-03-05,2026-03-07,Hotel Website
B06955,H001,G03471,2026-07-28,2026-08-16,2026-08-19,Mobile App
B06956,H011,G03472,2026-02-11,2026-02-26,2026-03-01,OTA
B06957,H008,G03473,2025-11-05,2025-11-11,2025-11-12,OTA
B06958,H005,G03473,2026-01-01,2026-01-07,2026-01-12,OTA
B06959,H013,G03473,2026-02-22,2026-03-14,2026-03-15,Mobile App
B06960,H011,G03474,2025-10-20,2025-11-10,2025-11-13,OTA
B06961,H015,G03475,2024-10-06,2024-10-19,2024-10-24,OTA
B06962,H005,G03476,2024-10-20,2024-12-04,2024-12-07,Corporate Booking
B06963,H002,G03476,2026-03-05,2026-03-19,2026-03-23,OTA
B06964,H018,G03477,2026-06-05,2026-06-21,2026-06-25,Mobile App
B06965,H012,G03478,2024-11-25,2024-12-21,2024-12-23,OTA
B06966,H019,G03479,2025-01-16,2025-02-05,2025-02-07,Hotel Website
B06967,H020,G03480,2025-10-17,2025-11-04,2025-11-07,Mobile App
B06968,H020,G03480,2026-04-16,2026-05-13,2026-05-18,OTA
B06969,H003,G03480,2026-06-12,2026-07-26,2026-07-28,Travel Agent
B06970,H017,G03481,2025-11-26,2025-11-27,2025-11-30,Walk-in
B06971,H005,G03482,2024-08-21,2024-09-05,2024-09-08,OTA
B06972,H015,G03482,2025-03-10,2025-03-18,2025-03-19,OTA
B06973,H012,G03482,2025-10-23,2025-10-25,2025-10-28,Mobile App
B06974,H020,G03483,2025-01-13,2025-02-03,2025-02-07,Mobile App
B06975,H005,G03483,2025-07-19,2025-08-15,2025-08-19,OTA
B06976,H004,G03484,2025-01-06,2025-01-25,2025-02-01,OTA
B06977,H001,G03485,2026-07-26,2026-08-11,2026-08-18,OTA
B06978,H005,G03485,2024-06-09,2024-06-25,2024-07-01,Phone Booking
B06979,H004,G03485,2025-07-11,2025-07-28,2025-07-31,Hotel Website
B06980,H004,G03485,2026-01-02,2026-01-10,2026-01-13,Phone Booking
B06981,H014,G03486,2025-09-09,2025-09-17,2025-09-22,Corporate Booking
B06982,H010,G03486,2025-12-25,2026-01-26,2026-01-31,Hotel Website
B06983,H015,G03487,2025-04-23,2025-05-09,2025-05-11,Phone Booking
B06984,H012,G03487,2025-07-31,2025-09-08,2025-09-09,Corporate Booking
B06985,H007,G03488,2025-09-06,2025-10-17,2025-10-18,Corporate Booking
B06986,H006,G03488,2025-12-07,2026-01-03,2026-01-06,OTA
B06987,H004,G03489,2024-09-01,2024-09-16,2024-09-19,Hotel Website
B06988,H010,G03489,2025-05-10,2025-05-28,2025-05-30,Hotel Website
B06989,H013,G03490,2025-12-24,2025-12-26,2025-12-28,Hotel Website
B06990,H004,G03491,2025-07-20,2025-07-26,2025-07-29,Phone Booking
B06991,H014,G03491,2026-05-14,2026-06-22,2026-06-24,Travel Agent
B06992,H016,G03491,2026-07-29,2026-08-18,2026-08-19,Hotel Website
B06993,H004,G03491,2024-04-01,2024-04-12,2024-04-18,Travel Agent
B06994,H020,G03492,2025-06-27,2025-06-30,2025-07-04,Mobile App
B06995,H002,G03492,2026-05-29,2026-06-05,2026-06-11,Travel Agent
B06996,H005,G03493,2024-01-11,2024-01-17,2024-01-21,Phone Booking
B06997,H001,G03494,2026-04-03,2026-04-15,2026-04-17,Phone Booking
B06998,H006,G03495,2024-05-05,2024-05-13,2024-05-17,Phone Booking
B06999,H012,G03495,2025-08-25,2025-08-27,2025-09-01,Phone Booking
B07000,H002,G03496,2025-11-26,2025-12-08,2025-12-10,OTA
B07001,H005,G03497,2025-03-07,2025-03-28,2025-03-31,Mobile App
B07002,H020,G03498,2025-09-25,2025-10-17,2025-10-21,Corporate Booking
B07003,H020,G03498,2026-01-03,2026-01-23,2026-01-27,OTA
B07004,H020,G03498,2026-02-20,2026-03-01,2026-03-02,OTA
B07005,H014,G03498,2026-07-05,2026-07-06,2026-07-09,Walk-in
B07006,H018,G03499,2025-11-13,2025-12-04,2025-12-06,Mobile App
B07007,H005,G03499,2026-02-21,2026-03-27,2026-03-31,Hotel Website
B07008,H015,G03499,2026-05-26,2026-06-19,2026-06-24,OTA
B07009,H018,G03500,2024-10-03,2024-10-13,2024-10-17,Phone Booking
B07010,H002,G03501,2025-04-08,2025-04-19,2025-04-22,Phone Booking
B07011,H006,G03502,2025-06-11,2025-07-13,2025-07-19,Corporate Booking
B07012,H002,G03503,2025-01-09,2025-01-13,2025-01-18,Mobile App
B07013,H002,G03503,2026-05-03,2026-05-16,2026-05-20,Mobile App
B07014,H005,G03503,2026-06-29,2026-07-06,2026-07-13,Mobile App
B07015,H019,G03503,2026-08-10,2026-08-11,2026-08-16,Walk-in
B07016,H015,G03504,2026-03-22,2026-04-05,2026-04-06,Corporate Booking
B07017,H016,G03504,2026-06-29,2026-07-14,2026-07-15,Travel Agent
B07018,H008,G03505,2024-01-12,2024-01-26,2024-01-30,OTA
B07019,H015,G03506,2024-12-24,2025-02-01,2025-02-02,Corporate Booking
B07020,H003,G03507,2025-08-17,2025-08-18,2025-08-22,Walk-in
B07021,H018,G03508,2026-01-12,2026-02-04,2026-02-05,OTA
B07022,H003,G03508,2026-05-20,2026-06-11,2026-06-16,Corporate Booking
B07023,H001,G03508,2026-07-15,2026-07-26,2026-07-31,OTA
B07024,H011,G03509,2024-03-29,2024-04-10,2024-04-11,Mobile App
B07025,H001,G03509,2024-09-06,2024-09-11,2024-09-15,OTA
B07026,H008,G03510,2025-02-26,2025-03-07,2025-03-10,OTA
B07027,H019,G03510,2025-11-24,2025-11-25,2025-11-29,Phone Booking
B07028,H006,G03510,2026-08-18,2026-08-20,2026-08-25,Hotel Website
B07029,H012,G03511,2025-07-20,2025-08-06,2025-08-08,OTA
B07030,H004,G03512,2024-02-05,2024-02-12,2024-02-16,OTA
B07031,H013,G03512,2025-09-09,2025-10-20,2025-10-23,Corporate Booking
B07032,H006,G03513,2025-11-10,2025-12-04,2025-12-07,Corporate Booking
B07033,H012,G03513,2026-02-15,2026-03-13,2026-03-14,Corporate Booking
B07034,H019,G03514,2025-02-20,2025-02-24,2025-02-27,Phone Booking
B07035,H016,G03515,2025-07-02,2025-08-08,2025-08-09,Corporate Booking
B07036,H019,G03515,2025-11-05,2025-11-06,2025-11-07,Walk-in
B07037,H015,G03515,2026-07-15,2026-07-21,2026-07-24,Corporate Booking
B07038,H005,G03516,2024-01-05,2024-01-10,2024-01-13,OTA
B07039,H005,G03516,2025-10-03,2025-10-14,2025-10-16,OTA
B07040,H015,G03517,2024-07-22,2024-08-09,2024-08-11,Hotel Website
B07041,H008,G03517,2025-02-23,2025-03-10,2025-03-14,Hotel Website
B07042,H012,G03518,2026-01-06,2026-01-23,2026-01-26,Phone Booking
B07043,H011,G03519,2025-04-29,2025-04-30,2025-05-03,Walk-in
B07044,H003,G03520,2024-12-27,2025-01-04,2025-01-06,Corporate Booking
B07045,H005,G03520,2025-11-25,2025-12-11,2025-12-16,OTA
B07046,H001,G03520,2026-05-15,2026-05-30,2026-06-03,Phone Booking
B07047,H019,G03520,2026-06-17,2026-07-17,2026-07-19,Hotel Website
B07048,H013,G03521,2025-12-15,2026-01-14,2026-01-16,Corporate Booking
B07049,H002,G03522,2025-01-18,2025-01-30,2025-02-03,Phone Booking
B07050,H001,G03522,2026-03-19,2026-04-17,2026-04-20,Travel Agent
B07051,H013,G03522,2026-07-10,2026-07-11,2026-07-14,OTA
B07052,H017,G03523,2025-06-20,2025-07-11,2025-07-15,Mobile App
B07053,H005,G03523,2026-04-05,2026-04-25,2026-04-30,OTA
B07054,H013,G03523,2026-08-13,2026-08-27,2026-08-29,OTA
B07055,H019,G03524,2025-09-10,2025-10-15,2025-10-17,Travel Agent
B07056,H002,G03524,2026-04-26,2026-05-13,2026-05-15,Hotel Website
B07057,H013,G03525,2024-09-02,2024-09-03,2024-09-06,Walk-in
B07058,H004,G03525,2025-09-25,2025-09-29,2025-10-05,OTA
B07059,H004,G03525,2026-02-07,2026-02-15,2026-02-19,OTA
B07060,H013,G03525,2026-05-01,2026-05-22,2026-05-24,Mobile App
B07061,H007,G03526,2025-04-14,2025-04-26,2025-04-28,Hotel Website
B07062,H003,G03527,2025-02-14,2025-02-19,2025-02-26,Mobile App
B07063,H003,G03527,2026-03-12,2026-03-18,2026-03-22,OTA
B07064,H003,G03527,2026-06-18,2026-06-21,2026-06-26,Mobile App
B07065,H011,G03528,2025-06-14,2025-06-24,2025-06-27,Hotel Website
B07066,H012,G03528,2026-04-04,2026-04-05,2026-04-07,Walk-in
B07067,H017,G03529,2024-06-10,2024-06-27,2024-06-30,Hotel Website
B07068,H005,G03529,2024-12-23,2025-01-10,2025-01-14,OTA
B07069,H013,G03530,2026-03-22,2026-04-04,2026-04-05,OTA
B07070,H004,G03530,2026-04-21,2026-05-22,2026-05-25,Hotel Website
B07071,H010,G03531,2025-04-30,2025-06-06,2025-06-08,Travel Agent
B07072,H011,G03531,2026-06-15,2026-06-29,2026-07-01,OTA
B07073,H002,G03532,2024-05-30,2024-06-06,2024-06-12,OTA
B07074,H016,G03532,2024-07-16,2024-08-16,2024-08-18,Corporate Booking
B07075,H015,G03533,2026-04-18,2026-05-02,2026-05-04,Phone Booking
B07076,H015,G03533,2026-08-17,2026-08-26,2026-08-27,Travel Agent
B07077,H005,G03534,2024-12-24,2025-01-11,2025-01-15,Hotel Website
B07078,H005,G03534,2025-08-14,2025-09-19,2025-09-21,Travel Agent
B07079,H014,G03535,2025-03-31,2025-04-17,2025-04-18,Mobile App
B07080,H011,G03535,2025-12-19,2026-01-14,2026-01-16,OTA
B07081,H016,G03536,2026-08-11,2026-08-22,2026-08-24,Mobile App
B07082,H011,G03537,2026-04-05,2026-04-16,2026-04-18,Mobile App
B07083,H012,G03537,2026-07-21,2026-08-14,2026-08-18,Hotel Website
B07084,H020,G03538,2025-10-17,2025-11-13,2025-11-15,Corporate Booking
B07085,H005,G03538,2026-01-13,2026-02-24,2026-03-01,Travel Agent
B07086,H012,G03539,2026-05-14,2026-06-04,2026-06-05,Corporate Booking
B07087,H013,G03539,2026-06-03,2026-07-07,2026-07-11,Hotel Website
B07088,H017,G03540,2026-03-20,2026-04-11,2026-04-13,Hotel Website
B07089,H007,G03540,2026-07-29,2026-08-04,2026-08-09,Hotel Website
B07090,H020,G03541,2024-04-24,2024-05-23,2024-05-25,Hotel Website
B07091,H001,G03542,2024-05-12,2024-05-27,2024-06-02,Corporate Booking
B07092,H004,G03543,2026-07-20,2026-07-30,2026-08-03,Travel Agent
B07093,H003,G03543,2026-07-29,2026-08-25,2026-08-31,Hotel Website
B07094,H013,G03544,2025-07-15,2025-07-22,2025-07-23,Hotel Website
B07095,H003,G03545,2025-11-27,2025-12-13,2025-12-17,OTA
B07096,H011,G03545,2026-01-24,2026-01-27,2026-01-30,Phone Booking
B07097,H003,G03545,2026-05-26,2026-06-05,2026-06-08,Hotel Website
B07098,H016,G03546,2026-01-30,2026-02-03,2026-02-04,Phone Booking
B07099,H016,G03547,2024-12-25,2025-01-25,2025-01-29,Hotel Website
B07100,H009,G03548,2025-08-15,2025-09-15,2025-09-16,Travel Agent
B07101,H002,G03548,2025-10-14,2025-10-22,2025-10-25,Phone Booking
B07102,H019,G03549,2024-02-26,2024-03-04,2024-03-07,Phone Booking
B07103,H020,G03549,2026-04-28,2026-05-06,2026-05-08,OTA
B07104,H017,G03549,2026-08-09,2026-08-21,2026-08-22,OTA
B07105,H011,G03550,2025-02-15,2025-02-21,2025-02-22,Mobile App
B07106,H005,G03550,2025-10-09,2025-10-29,2025-11-02,Hotel Website
B07107,H001,G03550,2026-05-12,2026-06-05,2026-06-09,OTA
B07108,H001,G03550,2026-07-29,2026-08-21,2026-08-25,Corporate Booking
B07109,H001,G03551,2026-04-03,2026-05-03,2026-05-05,Travel Agent
B07110,H013,G03551,2026-05-24,2026-07-07,2026-07-10,Travel Agent
B07111,H015,G03552,2025-06-18,2025-06-28,2025-07-01,OTA
B07112,H012,G03552,2026-06-08,2026-07-05,2026-07-06,OTA
B07113,H004,G03553,2024-10-07,2024-10-26,2024-11-01,Hotel Website
B07114,H003,G03553,2025-05-25,2025-05-26,2025-05-28,Walk-in
B07115,H004,G03554,2026-04-17,2026-04-29,2026-05-03,OTA
B07116,H001,G03555,2024-12-20,2024-12-29,2025-01-05,OTA
B07117,H004,G03555,2025-01-27,2025-02-08,2025-02-13,OTA
B07118,H011,G03556,2024-07-24,2024-07-25,2024-07-28,Walk-in
B07119,H019,G03556,2025-11-06,2025-12-03,2025-12-07,Hotel Website
B07120,H012,G03556,2026-02-11,2026-02-27,2026-03-02,Corporate Booking
B07121,H016,G03557,2026-06-12,2026-06-21,2026-06-24,OTA
B07122,H010,G03557,2026-07-14,2026-07-25,2026-07-27,Phone Booking
B07123,H005,G03558,2025-05-05,2025-05-17,2025-05-21,OTA
B07124,H005,G03558,2025-10-07,2025-10-18,2025-10-20,Phone Booking
B07125,H017,G03559,2024-11-19,2024-11-24,2024-11-27,Hotel Website
B07126,H002,G03559,2025-11-07,2025-12-04,2025-12-07,OTA
B07127,H002,G03559,2026-07-21,2026-08-24,2026-08-27,Hotel Website
B07128,H003,G03560,2026-07-11,2026-08-09,2026-08-14,OTA
B07129,H004,G03560,2026-08-14,2026-08-30,2026-08-31,Travel Agent
B07130,H003,G03561,2024-06-07,2024-07-03,2024-07-08,Travel Agent
B07131,H012,G03561,2025-12-17,2026-01-06,2026-01-07,Mobile App
B07132,H011,G03562,2026-05-23,2026-05-28,2026-05-29,Mobile App
B07133,H015,G03563,2025-09-03,2025-10-05,2025-10-10,Corporate Booking
B07134,H011,G03564,2025-05-05,2025-05-29,2025-05-31,Hotel Website
B07135,H015,G03565,2024-09-08,2024-09-11,2024-09-13,Hotel Website
B07136,H004,G03565,2026-02-02,2026-02-22,2026-02-25,Travel Agent
B07137,H004,G03566,2024-05-21,2024-06-04,2024-06-08,Mobile App
B07138,H004,G03566,2024-11-02,2024-11-23,2024-11-26,OTA
B07139,H007,G03566,2026-05-06,2026-05-31,2026-06-02,Hotel Website
B07140,H004,G03567,2024-02-09,2024-02-25,2024-02-28,OTA
B07141,H004,G03568,2024-10-25,2024-11-15,2024-11-19,Travel Agent
B07142,H005,G03568,2026-02-07,2026-02-20,2026-02-23,Hotel Website
B07143,H011,G03569,2024-06-01,2024-06-26,2024-06-27,OTA
B07144,H005,G03569,2024-12-07,2024-12-26,2025-01-01,Corporate Booking
B07145,H013,G03569,2025-12-09,2026-01-01,2026-01-02,OTA
B07146,H018,G03569,2026-02-06,2026-02-26,2026-03-02,Travel Agent
B07147,H006,G03570,2024-07-08,2024-07-29,2024-07-31,Travel Agent
B07148,H012,G03570,2025-12-22,2025-12-24,2025-12-25,OTA
B07149,H007,G03570,2026-04-30,2026-05-02,2026-05-03,OTA
B07150,H008,G03571,2025-10-11,2025-10-27,2025-10-30,OTA
B07151,H019,G03571,2025-12-23,2026-01-06,2026-01-10,Hotel Website
B07152,H018,G03572,2025-03-20,2025-03-28,2025-03-30,Phone Booking
B07153,H015,G03572,2025-05-18,2025-06-10,2025-06-11,Corporate Booking
B07154,H013,G03573,2026-04-14,2026-05-05,2026-05-06,Hotel Website
B07155,H002,G03574,2026-06-11,2026-06-12,2026-06-17,Walk-in
B07156,H003,G03574,2026-08-06,2026-08-11,2026-08-13,OTA
B07157,H009,G03575,2025-07-11,2025-08-02,2025-08-04,Hotel Website
B07158,H002,G03576,2026-04-08,2026-04-25,2026-04-29,Mobile App
B07159,H001,G03576,2026-07-13,2026-07-14,2026-07-17,Walk-in
B07160,H013,G03577,2025-10-26,2025-10-28,2025-10-30,OTA
B07161,H016,G03578,2026-01-23,2026-02-26,2026-02-28,Travel Agent
B07162,H003,G03578,2026-05-19,2026-06-04,2026-06-09,OTA
B07163,H003,G03578,2026-08-12,2026-08-16,2026-08-21,OTA
B07164,H006,G03579,2025-05-01,2025-05-19,2025-05-21,Mobile App
B07165,H019,G03579,2025-11-14,2025-12-08,2025-12-12,Travel Agent
B07166,H007,G03579,2026-07-13,2026-08-18,2026-08-20,Corporate Booking
B07167,H007,G03580,2024-04-27,2024-04-28,2024-05-02,Walk-in
B07168,H004,G03581,2026-01-29,2026-02-15,2026-02-21,Phone Booking
B07169,H004,G03581,2026-05-30,2026-07-01,2026-07-07,Travel Agent
B07170,H012,G03582,2024-12-08,2024-12-10,2024-12-11,Hotel Website
B07171,H003,G03583,2024-03-03,2024-04-11,2024-04-14,Travel Agent
B07172,H003,G03583,2025-11-29,2025-12-08,2025-12-12,OTA
B07173,H020,G03584,2026-01-31,2026-02-14,2026-02-17,OTA
B07174,H011,G03584,2026-05-08,2026-05-27,2026-05-28,OTA
B07175,H011,G03584,2026-06-18,2026-06-26,2026-06-29,Hotel Website
B07176,H011,G03584,2026-08-12,2026-08-13,2026-08-14,Walk-in
B07177,H015,G03584,2024-11-15,2024-12-02,2024-12-04,Mobile App
B07178,H002,G03585,2026-07-30,2026-07-31,2026-08-04,Walk-in
B07179,H002,G03585,2025-01-23,2025-03-09,2025-03-12,Corporate Booking
B07180,H018,G03586,2025-09-27,2025-10-18,2025-10-19,Corporate Booking
B07181,H001,G03586,2026-08-04,2026-08-05,2026-08-09,Walk-in
B07182,H002,G03586,2025-09-23,2025-10-31,2025-11-03,Corporate Booking
B07183,H014,G03586,2026-02-12,2026-03-03,2026-03-06,OTA
B07184,H015,G03586,2026-07-23,2026-08-13,2026-08-14,Hotel Website
B07185,H005,G03587,2025-02-18,2025-03-08,2025-03-14,OTA
B07186,H011,G03587,2026-05-17,2026-06-14,2026-06-19,Hotel Website
B07187,H020,G03588,2026-07-28,2026-08-02,2026-08-05,Phone Booking
B07188,H014,G03589,2024-01-06,2024-01-18,2024-01-19,Travel Agent
B07189,H004,G03590,2024-09-26,2024-10-13,2024-10-16,Hotel Website
B07190,H018,G03591,2025-07-13,2025-07-14,2025-07-18,Walk-in
B07191,H014,G03591,2026-07-23,2026-08-13,2026-08-14,Corporate Booking
B07192,H014,G03591,2024-04-19,2024-05-29,2024-05-31,Travel Agent
B07193,H020,G03592,2025-12-31,2026-01-01,2026-01-03,Walk-in
B07194,H003,G03592,2026-02-18,2026-03-11,2026-03-15,OTA
B07195,H012,G03593,2024-05-23,2024-05-30,2024-06-01,OTA
B07196,H004,G03593,2026-01-29,2026-02-15,2026-02-20,OTA
B07197,H002,G03594,2025-07-10,2025-07-14,2025-07-21,Phone Booking
B07198,H016,G03594,2025-07-07,2025-08-10,2025-08-14,Hotel Website
B07199,H012,G03595,2025-10-10,2025-10-11,2025-10-16,Walk-in
B07200,H014,G03596,2024-12-18,2024-12-20,2024-12-22,Hotel Website
B07201,H002,G03596,2025-01-18,2025-03-04,2025-03-07,Corporate Booking
B07202,H013,G03596,2026-03-12,2026-03-24,2026-03-25,Phone Booking
B07203,H007,G03596,2026-07-14,2026-07-18,2026-07-21,Mobile App
B07204,H002,G03596,2026-08-19,2026-08-30,2026-08-31,Hotel Website
B07205,H005,G03597,2026-02-06,2026-02-16,2026-02-21,Phone Booking
B07206,H004,G03597,2026-07-29,2026-08-18,2026-08-20,Travel Agent
B07207,H002,G03598,2026-02-27,2026-03-30,2026-04-03,Hotel Website
B07208,H013,G03598,2026-07-14,2026-07-18,2026-07-23,OTA
B07209,H019,G03599,2025-07-29,2025-07-30,2025-08-01,OTA
B07210,H015,G03600,2025-02-08,2025-02-21,2025-02-24,OTA
B07211,H019,G03601,2025-02-21,2025-02-26,2025-02-28,OTA
B07212,H011,G03601,2025-10-24,2025-11-11,2025-11-12,Mobile App
B07213,H003,G03601,2026-05-24,2026-06-08,2026-06-13,Hotel Website
B07214,H002,G03601,2026-07-29,2026-08-04,2026-08-07,OTA
B07215,H003,G03601,2026-08-09,2026-08-29,2026-08-31,OTA
B07216,H015,G03602,2024-09-27,2024-10-23,2024-10-26,Hotel Website
B07217,H012,G03602,2026-07-11,2026-08-08,2026-08-10,OTA
B07218,H003,G03602,2026-02-01,2026-02-24,2026-02-28,Travel Agent
B07219,H007,G03602,2026-05-28,2026-05-31,2026-06-04,Hotel Website
B07220,H013,G03603,2025-10-27,2025-11-13,2025-11-14,Hotel Website
B07221,H017,G03603,2026-01-29,2026-02-05,2026-02-07,Mobile App
B07222,H002,G03604,2025-09-29,2025-10-30,2025-11-04,Hotel Website
B07223,H002,G03604,2026-04-24,2026-06-03,2026-06-06,Corporate Booking
B07224,H016,G03604,2026-08-02,2026-08-18,2026-08-19,Travel Agent
B07225,H002,G03605,2025-02-25,2025-02-27,2025-03-04,Mobile App
B07226,H003,G03606,2025-10-27,2025-11-03,2025-11-08,Travel Agent
B07227,H013,G03607,2026-08-18,2026-08-21,2026-08-22,Mobile App
B07228,H014,G03608,2026-02-23,2026-03-22,2026-03-25,Hotel Website
B07229,H012,G03609,2025-05-04,2025-05-17,2025-05-18,OTA
B07230,H005,G03610,2025-09-25,2025-10-15,2025-10-18,Phone Booking
B07231,H005,G03610,2026-08-28,2026-08-29,2026-08-31,Walk-in
B07232,H009,G03611,2024-10-07,2024-10-24,2024-10-25,Hotel Website
B07233,H005,G03611,2025-08-07,2025-08-10,2025-08-15,Hotel Website
B07234,H003,G03612,2025-09-25,2025-10-12,2025-10-16,Hotel Website
B07235,H016,G03612,2025-12-19,2025-12-31,2026-01-02,Hotel Website
B07236,H013,G03613,2025-08-30,2025-10-01,2025-10-03,Travel Agent
B07237,H003,G03614,2024-09-19,2024-10-14,2024-10-17,OTA
B07238,H005,G03614,2025-08-15,2025-08-28,2025-08-31,Mobile App
B07239,H005,G03614,2026-01-14,2026-02-07,2026-02-10,Hotel Website
B07240,H016,G03615,2024-03-02,2024-04-04,2024-04-06,Hotel Website
B07241,H006,G03615,2026-03-24,2026-04-12,2026-04-15,Phone Booking
B07242,H020,G03616,2024-09-23,2024-09-24,2024-09-29,Walk-in
B07243,H020,G03616,2026-03-17,2026-04-17,2026-04-20,Hotel Website
B07244,H012,G03617,2025-11-20,2025-12-02,2025-12-05,Phone Booking
B07245,H015,G03617,2026-01-25,2026-02-14,2026-02-19,Phone Booking
B07246,H003,G03617,2026-07-16,2026-07-28,2026-08-02,Mobile App
B07247,H008,G03618,2024-02-01,2024-02-19,2024-02-21,Travel Agent
B07248,H015,G03618,2025-10-30,2025-12-03,2025-12-06,Hotel Website
B07249,H014,G03618,2026-04-19,2026-05-04,2026-05-06,Hotel Website
B07250,H005,G03619,2024-07-06,2024-07-25,2024-07-28,OTA
B07251,H001,G03619,2026-01-24,2026-02-19,2026-02-23,OTA
B07252,H013,G03620,2025-08-30,2025-09-07,2025-09-09,Corporate Booking
B07253,H005,G03620,2025-10-23,2025-11-18,2025-11-23,OTA
B07254,H010,G03621,2026-01-18,2026-02-05,2026-02-06,Corporate Booking
B07255,H012,G03621,2026-02-13,2026-03-05,2026-03-06,OTA
B07256,H005,G03621,2026-06-09,2026-06-17,2026-06-20,Travel Agent
B07257,H006,G03622,2025-10-17,2025-10-18,2025-10-21,Mobile App
B07258,H009,G03622,2026-06-19,2026-07-09,2026-07-11,Hotel Website
B07259,H013,G03623,2025-03-16,2025-03-21,2025-03-25,OTA
B07260,H013,G03623,2025-10-09,2025-10-27,2025-10-28,Mobile App
B07261,H012,G03623,2026-04-12,2026-05-09,2026-05-14,OTA
B07262,H004,G03624,2024-12-11,2025-01-22,2025-01-27,Travel Agent
B07263,H019,G03624,2025-09-23,2025-10-09,2025-10-12,Hotel Website
B07264,H010,G03624,2026-01-04,2026-01-06,2026-01-11,Hotel Website
B07265,H006,G03625,2025-03-30,2025-05-13,2025-05-15,Travel Agent
B07266,H013,G03626,2025-10-03,2025-10-31,2025-11-01,Corporate Booking
B07267,H015,G03627,2025-02-02,2025-02-24,2025-02-26,Hotel Website
B07268,H015,G03627,2026-06-10,2026-06-23,2026-06-24,Corporate Booking
B07269,H013,G03627,2026-08-06,2026-08-26,2026-08-27,OTA
B07270,H003,G03628,2026-04-13,2026-04-20,2026-04-23,OTA
B07271,H003,G03628,2026-05-01,2026-05-28,2026-05-30,Hotel Website
B07272,H014,G03629,2025-07-28,2025-08-01,2025-08-02,Phone Booking
B07273,H008,G03629,2026-04-13,2026-05-13,2026-05-14,OTA
B07274,H014,G03629,2026-07-31,2026-08-19,2026-08-21,OTA
B07275,H014,G03630,2026-03-10,2026-03-22,2026-03-25,Hotel Website
B07276,H003,G03631,2025-03-31,2025-05-13,2025-05-18,Corporate Booking
B07277,H007,G03632,2025-11-26,2025-12-05,2025-12-06,OTA
B07278,H013,G03632,2026-02-21,2026-02-24,2026-02-25,OTA
B07279,H014,G03633,2024-05-06,2024-05-22,2024-05-24,Corporate Booking
B07280,H014,G03633,2025-06-20,2025-07-04,2025-07-06,Hotel Website
B07281,H006,G03634,2025-01-07,2025-01-17,2025-01-19,Travel Agent
B07282,H004,G03634,2025-03-22,2025-04-22,2025-04-25,Corporate Booking
B07283,H004,G03635,2025-06-17,2025-07-05,2025-07-08,Mobile App
B07284,H003,G03635,2026-07-10,2026-07-31,2026-08-03,Travel Agent
B07285,H017,G03636,2024-10-31,2024-11-01,2024-11-02,Walk-in
B07286,H004,G03637,2025-06-04,2025-06-24,2025-06-28,OTA
B07287,H004,G03638,2024-08-13,2024-08-26,2024-08-30,OTA
B07288,H015,G03639,2025-12-01,2025-12-24,2025-12-26,Corporate Booking
B07289,H002,G03639,2026-03-31,2026-04-08,2026-04-10,Mobile App
B07290,H002,G03639,2026-05-24,2026-06-17,2026-06-19,OTA
B07291,H014,G03640,2024-05-21,2024-05-29,2024-06-01,Corporate Booking
B07292,H001,G03640,2026-01-19,2026-02-28,2026-03-07,Travel Agent
B07293,H015,G03641,2025-07-28,2025-08-14,2025-08-15,Mobile App
B07294,H003,G03642,2025-07-24,2025-08-22,2025-08-25,OTA
B07295,H016,G03643,2024-01-08,2024-01-19,2024-01-20,Corporate Booking
B07296,H004,G03644,2024-07-20,2024-08-12,2024-08-14,OTA
B07297,H004,G03644,2025-10-31,2025-11-11,2025-11-15,OTA
B07298,H004,G03644,2025-11-23,2025-12-19,2025-12-21,Travel Agent
B07299,H013,G03645,2026-01-08,2026-01-25,2026-01-26,Mobile App
B07300,H005,G03645,2026-06-14,2026-06-15,2026-06-20,Walk-in
B07301,H003,G03646,2025-05-21,2025-06-04,2025-06-07,OTA
B07302,H002,G03646,2026-06-23,2026-06-24,2026-06-29,Walk-in
B07303,H005,G03646,2026-07-16,2026-08-19,2026-08-22,Travel Agent
B07304,H005,G03647,2026-04-08,2026-05-06,2026-05-11,Hotel Website
B07305,H014,G03647,2026-08-06,2026-08-07,2026-08-09,Phone Booking
B07306,H016,G03648,2025-03-14,2025-04-28,2025-05-01,Travel Agent
B07307,H015,G03648,2025-06-26,2025-07-04,2025-07-06,Hotel Website
B07308,H015,G03648,2026-04-04,2026-04-06,2026-04-07,Phone Booking
B07309,H003,G03649,2024-01-09,2024-02-22,2024-02-26,Travel Agent
B07310,H004,G03649,2026-05-18,2026-05-19,2026-05-25,Walk-in
B07311,H015,G03650,2024-08-20,2024-09-02,2024-09-04,Corporate Booking
B07312,H011,G03650,2025-07-25,2025-08-07,2025-08-11,Hotel Website
B07313,H016,G03651,2025-05-15,2025-05-16,2025-05-19,Walk-in
B07314,H005,G03652,2025-04-18,2025-05-03,2025-05-06,Mobile App
B07315,H007,G03653,2025-07-22,2025-08-19,2025-08-21,OTA
B07316,H005,G03654,2024-01-11,2024-01-15,2024-01-18,OTA
B07317,H017,G03654,2026-07-06,2026-07-26,2026-07-28,Mobile App
B07318,H011,G03655,2025-05-26,2025-06-29,2025-07-01,Corporate Booking
B07319,H003,G03655,2025-09-14,2025-09-15,2025-09-18,Mobile App
B07320,H005,G03655,2026-04-27,2026-05-16,2026-05-18,Mobile App
B07321,H004,G03656,2025-01-03,2025-01-08,2025-01-13,OTA
B07322,H003,G03656,2025-07-21,2025-08-08,2025-08-10,Hotel Website
B07323,H001,G03656,2026-04-19,2026-04-21,2026-04-25,OTA
B07324,H001,G03657,2025-02-25,2025-03-28,2025-04-01,Travel Agent
B07325,H003,G03658,2025-03-06,2025-03-31,2025-04-03,OTA
B07326,H008,G03659,2025-10-03,2025-10-04,2025-10-07,Walk-in
B07327,H020,G03659,2026-01-03,2026-01-06,2026-01-10,Mobile App
B07328,H001,G03660,2025-03-02,2025-03-20,2025-03-23,Mobile App
B07329,H002,G03661,2024-02-15,2024-02-23,2024-02-29,Hotel Website
B07330,H003,G03661,2024-11-19,2024-12-06,2024-12-09,Hotel Website
B07331,H005,G03662,2025-07-19,2025-07-27,2025-08-01,Travel Agent
B07332,H016,G03663,2025-10-10,2025-10-27,2025-10-30,OTA
B07333,H001,G03663,2026-05-04,2026-05-18,2026-05-25,Mobile App
B07334,H005,G03664,2024-04-18,2024-05-12,2024-05-16,Hotel Website
B07335,H005,G03664,2025-11-25,2025-12-23,2025-12-27,OTA
B07336,H002,G03664,2026-08-11,2026-08-14,2026-08-18,Phone Booking
B07337,H012,G03665,2026-04-11,2026-04-17,2026-04-18,Mobile App
B07338,H012,G03665,2026-06-13,2026-06-25,2026-06-26,OTA
B07339,H012,G03665,2026-08-13,2026-08-14,2026-08-17,Phone Booking
B07340,H016,G03665,2024-02-08,2024-03-01,2024-03-04,Hotel Website
B07341,H005,G03666,2026-05-18,2026-06-08,2026-06-10,Mobile App
B07342,H020,G03666,2026-07-06,2026-07-26,2026-08-01,OTA
B07343,H016,G03667,2024-08-19,2024-08-25,2024-08-28,OTA
B07344,H002,G03667,2026-05-10,2026-05-20,2026-05-24,Mobile App
B07345,H001,G03668,2025-12-05,2026-01-09,2026-01-13,Corporate Booking
B07346,H001,G03668,2026-05-28,2026-05-29,2026-06-04,Walk-in
B07347,H016,G03669,2025-11-16,2025-12-07,2025-12-11,Corporate Booking
B07348,H001,G03669,2026-05-02,2026-05-28,2026-06-03,Hotel Website
B07349,H003,G03669,2026-07-23,2026-08-09,2026-08-15,OTA
B07350,H007,G03670,2024-01-21,2024-01-29,2024-01-30,Mobile App
B07351,H011,G03671,2025-10-31,2025-11-04,2025-11-05,OTA
B07352,H011,G03671,2026-05-07,2026-05-29,2026-06-02,OTA
B07353,H012,G03672,2024-10-26,2024-10-29,2024-11-03,Mobile App
B07354,H018,G03672,2026-04-26,2026-05-10,2026-05-14,OTA
B07355,H006,G03672,2026-08-17,2026-08-28,2026-08-31,Mobile App
B07356,H003,G03672,2026-04-10,2026-04-12,2026-04-17,Hotel Website
B07357,H004,G03673,2024-10-08,2024-11-12,2024-11-17,Corporate Booking
B07358,H010,G03674,2024-11-25,2024-11-27,2024-11-29,Mobile App
B07359,H010,G03674,2025-11-15,2025-11-28,2025-11-30,Travel Agent
B07360,H014,G03675,2026-01-29,2026-03-02,2026-03-04,Hotel Website
B07361,H016,G03675,2026-05-29,2026-06-23,2026-06-24,Hotel Website
B07362,H008,G03676,2025-10-15,2025-10-29,2025-10-31,Mobile App
B07363,H015,G03677,2024-10-27,2024-11-04,2024-11-05,Travel Agent
B07364,H002,G03677,2026-04-17,2026-05-03,2026-05-06,Hotel Website
B07365,H003,G03678,2026-01-23,2026-02-02,2026-02-07,OTA
B07366,H003,G03678,2026-04-09,2026-05-12,2026-05-19,Travel Agent
B07367,H017,G03679,2025-04-04,2025-04-19,2025-04-21,OTA
B07368,H001,G03679,2025-10-04,2025-10-05,2025-10-07,Walk-in
B07369,H011,G03680,2024-01-07,2024-01-27,2024-01-29,OTA
B07370,H009,G03681,2025-01-26,2025-02-09,2025-02-12,Mobile App
B07371,H003,G03681,2026-03-03,2026-03-04,2026-03-11,Walk-in
B07372,H007,G03681,2026-05-08,2026-05-24,2026-05-26,OTA
B07373,H008,G03681,2026-08-20,2026-08-23,2026-08-26,OTA
B07374,H012,G03682,2025-02-24,2025-04-03,2025-04-07,Corporate Booking
B07375,H015,G03682,2025-08-11,2025-08-12,2025-08-13,Walk-in
B07376,H011,G03682,2025-09-06,2025-09-17,2025-09-22,Corporate Booking
B07377,H004,G03682,2025-11-04,2025-11-27,2025-12-01,Travel Agent
B07378,H019,G03683,2025-07-09,2025-07-26,2025-07-27,OTA
B07379,H018,G03684,2025-11-10,2025-12-03,2025-12-05,Hotel Website
B07380,H005,G03684,2026-03-14,2026-04-09,2026-04-16,OTA
B07381,H004,G03684,2026-06-20,2026-07-02,2026-07-05,Mobile App
B07382,H003,G03684,2026-07-19,2026-07-28,2026-07-30,OTA
B07383,H001,G03685,2025-01-26,2025-02-04,2025-02-06,Travel Agent
B07384,H004,G03685,2025-12-25,2026-01-10,2026-01-12,Travel Agent
B07385,H004,G03685,2026-05-21,2026-06-10,2026-06-12,OTA
B07386,H003,G03686,2024-10-06,2024-10-18,2024-10-22,OTA
B07387,H014,G03686,2025-12-06,2025-12-13,2025-12-17,Mobile App
B07388,H001,G03686,2026-01-25,2026-02-02,2026-02-04,Phone Booking
B07389,H001,G03686,2026-06-08,2026-06-16,2026-06-19,Hotel Website
B07390,H012,G03687,2025-07-09,2025-07-28,2025-07-31,OTA
B07391,H012,G03687,2026-06-16,2026-07-14,2026-07-16,Travel Agent
B07392,H020,G03687,2026-08-04,2026-08-05,2026-08-07,OTA
B07393,H020,G03687,2025-10-23,2025-11-17,2025-11-20,OTA
B07394,H016,G03688,2024-09-27,2024-10-16,2024-10-19,Corporate Booking
B07395,H014,G03688,2026-06-24,2026-07-26,2026-07-29,Corporate Booking
B07396,H012,G03689,2025-12-19,2025-12-31,2026-01-01,OTA
B07397,H004,G03690,2024-02-07,2024-02-22,2024-02-25,OTA
B07398,H001,G03690,2026-08-02,2026-08-26,2026-08-29,OTA
B07399,H001,G03690,2026-03-18,2026-03-21,2026-03-24,Hotel Website
B07400,H016,G03691,2025-10-18,2025-11-07,2025-11-09,Travel Agent
B07401,H016,G03691,2026-02-28,2026-03-21,2026-03-23,OTA
B07402,H012,G03691,2026-06-23,2026-06-27,2026-06-29,Mobile App
B07403,H016,G03691,2026-08-02,2026-08-20,2026-08-23,OTA
B07404,H014,G03692,2024-12-27,2024-12-31,2025-01-02,Hotel Website
B07405,H006,G03692,2025-09-18,2025-09-29,2025-10-02,OTA
B07406,H003,G03693,2025-02-08,2025-02-09,2025-02-13,Walk-in
B07407,H011,G03693,2025-11-30,2025-12-20,2025-12-22,Corporate Booking
B07408,H012,G03693,2026-06-23,2026-07-09,2026-07-10,Corporate Booking
B07409,H007,G03694,2024-10-06,2024-11-04,2024-11-09,Travel Agent
B07410,H012,G03694,2026-02-09,2026-02-14,2026-02-15,OTA
B07411,H005,G03695,2025-01-10,2025-01-20,2025-01-23,Mobile App
B07412,H005,G03695,2026-03-02,2026-03-24,2026-03-27,Hotel Website
B07413,H002,G03695,2026-06-02,2026-06-14,2026-06-17,OTA
B07414,H013,G03696,2025-04-15,2025-04-16,2025-04-18,Walk-in
B07415,H013,G03696,2026-07-02,2026-07-03,2026-07-05,Walk-in
B07416,H001,G03697,2025-11-09,2025-11-17,2025-11-23,Hotel Website
B07417,H017,G03697,2026-04-02,2026-05-02,2026-05-04,Hotel Website
B07418,H020,G03697,2026-07-14,2026-07-15,2026-07-20,Walk-in
B07419,H001,G03698,2025-05-27,2025-06-15,2025-06-18,Phone Booking
B07420,H004,G03698,2025-12-18,2025-12-19,2025-12-22,Mobile App
B07421,H001,G03699,2024-03-04,2024-03-14,2024-03-20,Corporate Booking
B07422,H004,G03700,2024-02-21,2024-03-03,2024-03-07,Mobile App
B07423,H020,G03700,2024-03-26,2024-05-10,2024-05-14,Corporate Booking
B07424,H003,G03701,2025-08-07,2025-09-06,2025-09-09,Corporate Booking
B07425,H004,G03702,2025-09-17,2025-09-23,2025-09-25,OTA
B07426,H006,G03702,2026-05-19,2026-06-07,2026-06-11,Travel Agent
B07427,H004,G03702,2026-08-03,2026-08-16,2026-08-19,OTA
B07428,H014,G03702,2026-06-23,2026-07-13,2026-07-16,Corporate Booking
B07429,H016,G03703,2026-05-19,2026-06-05,2026-06-08,Mobile App
B07430,H004,G03703,2026-07-05,2026-07-20,2026-07-23,OTA
B07431,H002,G03703,2026-07-12,2026-07-20,2026-07-24,Mobile App
B07432,H003,G03704,2026-03-12,2026-04-15,2026-04-19,Hotel Website
B07433,H019,G03705,2026-04-22,2026-05-04,2026-05-10,Mobile App
B07434,H003,G03705,2026-08-22,2026-08-27,2026-08-31,Hotel Website
B07435,H008,G03706,2024-04-09,2024-05-04,2024-05-06,Hotel Website
B07436,H015,G03707,2025-12-18,2026-01-13,2026-01-18,Travel Agent
B07437,H014,G03707,2026-05-22,2026-07-01,2026-07-04,Corporate Booking
B07438,H006,G03707,2026-08-04,2026-08-17,2026-08-19,Mobile App
B07439,H003,G03708,2026-01-10,2026-01-20,2026-01-22,OTA
B07440,H016,G03709,2024-12-02,2024-12-12,2024-12-14,Corporate Booking
B07441,H016,G03709,2026-07-30,2026-08-27,2026-08-30,Hotel Website
B07442,H011,G03710,2026-01-24,2026-02-09,2026-02-10,Mobile App
B07443,H013,G03711,2025-10-13,2025-10-28,2025-10-31,Mobile App
B07444,H009,G03711,2026-06-23,2026-06-24,2026-06-29,Phone Booking
B07445,H019,G03711,2026-07-31,2026-08-10,2026-08-12,OTA
B07446,H014,G03712,2024-04-17,2024-05-10,2024-05-13,Travel Agent
B07447,H014,G03712,2025-07-29,2025-09-04,2025-09-06,Corporate Booking
B07448,H012,G03713,2024-12-03,2024-12-26,2024-12-28,Corporate Booking
B07449,H010,G03713,2026-03-04,2026-03-22,2026-03-26,Mobile App
B07450,H016,G03714,2024-07-31,2024-08-05,2024-08-07,Hotel Website
B07451,H016,G03714,2024-08-22,2024-09-24,2024-09-25,Corporate Booking
B07452,H015,G03714,2024-12-16,2025-01-02,2025-01-05,Mobile App
B07453,H003,G03715,2024-12-09,2024-12-18,2024-12-21,Hotel Website
B07454,H016,G03716,2025-11-21,2026-01-01,2026-01-04,Corporate Booking
B07455,H020,G03716,2026-07-29,2026-08-01,2026-08-02,OTA
B07456,H004,G03717,2026-01-17,2026-01-24,2026-01-28,OTA
B07457,H006,G03717,2026-02-17,2026-02-21,2026-02-24,Phone Booking
B07458,H006,G03717,2026-06-24,2026-07-12,2026-07-15,OTA
B07459,H011,G03718,2025-12-13,2025-12-28,2025-12-31,Phone Booking
B07460,H011,G03718,2026-07-24,2026-07-25,2026-07-28,Walk-in
B07461,H015,G03718,2026-08-27,2026-08-28,2026-08-30,Walk-in
B07462,H012,G03719,2026-03-20,2026-04-09,2026-04-10,Mobile App
B07463,H002,G03720,2025-02-25,2025-02-26,2025-02-28,Walk-in
B07464,H017,G03720,2025-06-17,2025-06-29,2025-07-02,Mobile App
B07465,H003,G03721,2025-10-31,2025-11-04,2025-11-08,Hotel Website
B07466,H020,G03722,2025-06-03,2025-06-27,2025-06-30,OTA
B07467,H002,G03722,2025-11-04,2025-11-11,2025-11-13,OTA
B07468,H002,G03722,2026-03-22,2026-04-12,2026-04-15,Travel Agent
B07469,H019,G03723,2026-02-16,2026-03-17,2026-03-18,Hotel Website
B07470,H003,G03723,2026-06-08,2026-06-24,2026-06-26,OTA
B07471,H014,G03724,2024-04-01,2024-04-06,2024-04-07,OTA
B07472,H015,G03724,2024-12-30,2025-01-25,2025-01-27,Corporate Booking
B07473,H003,G03725,2026-03-29,2026-03-30,2026-04-03,OTA
B07474,H008,G03725,2026-06-03,2026-06-11,2026-06-12,Phone Booking
B07475,H003,G03725,2026-07-01,2026-07-16,2026-07-21,OTA
B07476,H015,G03725,2026-07-31,2026-08-28,2026-08-31,Corporate Booking
B07477,H002,G03726,2024-05-12,2024-06-03,2024-06-06,Hotel Website
B07478,H011,G03726,2024-09-08,2024-09-25,2024-09-26,Mobile App
B07479,H003,G03727,2025-06-16,2025-07-21,2025-07-24,Corporate Booking
B07480,H003,G03727,2025-12-26,2026-01-10,2026-01-14,OTA
B07481,H001,G03728,2025-12-19,2026-01-29,2026-02-04,Corporate Booking
B07482,H012,G03728,2026-07-07,2026-07-08,2026-07-09,Walk-in
B07483,H004,G03729,2025-05-29,2025-05-30,2025-06-02,Walk-in
B07484,H016,G03730,2026-06-25,2026-07-28,2026-07-31,Travel Agent
B07485,H019,G03730,2026-08-09,2026-08-28,2026-08-31,Hotel Website
B07486,H002,G03731,2025-04-05,2025-04-06,2025-04-08,Walk-in
B07487,H002,G03731,2026-05-14,2026-05-16,2026-05-19,Hotel Website
B07488,H018,G03732,2024-12-20,2024-12-21,2024-12-24,Walk-in
B07489,H014,G03732,2026-02-10,2026-02-16,2026-02-18,Mobile App
B07490,H006,G03733,2025-03-05,2025-03-14,2025-03-17,Mobile App
B07491,H011,G03733,2025-07-18,2025-08-04,2025-08-05,OTA
B07492,H002,G03734,2026-01-06,2026-01-22,2026-01-25,OTA
B07493,H016,G03734,2026-02-09,2026-03-16,2026-03-17,Hotel Website
B07494,H011,G03735,2026-06-09,2026-06-12,2026-06-15,Phone Booking
B07495,H018,G03736,2026-03-25,2026-03-26,2026-03-29,Walk-in
B07496,H001,G03737,2026-02-20,2026-02-25,2026-02-28,Hotel Website
B07497,H003,G03737,2026-04-08,2026-04-17,2026-04-21,Mobile App
B07498,H016,G03738,2024-11-25,2024-11-27,2024-12-02,Mobile App
B07499,H012,G03739,2024-08-21,2024-09-24,2024-09-26,Hotel Website
B07500,H012,G03739,2026-01-31,2026-02-27,2026-02-28,Corporate Booking
B07501,H015,G03740,2024-11-04,2024-11-05,2024-11-06,Walk-in
B07502,H013,G03740,2025-06-23,2025-06-28,2025-06-30,OTA
B07503,H006,G03741,2026-04-23,2026-05-12,2026-05-15,Mobile App
B07504,H014,G03742,2024-07-14,2024-08-06,2024-08-10,Hotel Website
B07505,H003,G03743,2025-05-02,2025-06-06,2025-06-11,Travel Agent
B07506,H001,G03743,2026-02-12,2026-02-18,2026-02-22,Phone Booking
B07507,H003,G03744,2024-08-18,2024-08-21,2024-08-25,Mobile App
B07508,H009,G03744,2026-07-10,2026-07-11,2026-07-12,Walk-in
B07509,H013,G03745,2025-09-27,2025-10-25,2025-10-28,OTA
B07510,H002,G03746,2025-06-02,2025-06-03,2025-06-07,Walk-in
B07511,H008,G03747,2024-11-04,2024-11-10,2024-11-13,Travel Agent
B07512,H013,G03748,2024-09-30,2024-10-15,2024-10-16,Phone Booking
B07513,H006,G03748,2026-05-04,2026-05-31,2026-06-02,OTA
B07514,H014,G03749,2025-02-04,2025-02-07,2025-02-09,Mobile App
B07515,H018,G03749,2026-07-31,2026-08-20,2026-08-25,Hotel Website
B07516,H003,G03749,2025-01-20,2025-01-26,2025-02-01,Hotel Website
B07517,H006,G03749,2025-07-28,2025-09-02,2025-09-06,Corporate Booking
B07518,H016,G03750,2025-12-23,2025-12-24,2025-12-27,Walk-in
B07519,H001,G03750,2026-05-17,2026-05-30,2026-06-01,Corporate Booking
B07520,H015,G03751,2025-04-25,2025-05-12,2025-05-13,Corporate Booking
B07521,H012,G03751,2026-02-15,2026-03-01,2026-03-02,Corporate Booking
B07522,H002,G03752,2025-03-09,2025-03-23,2025-03-29,Phone Booking
B07523,H012,G03753,2025-11-26,2025-12-06,2025-12-07,Mobile App
B07524,H013,G03753,2026-01-02,2026-01-15,2026-01-19,Hotel Website
B07525,H020,G03754,2024-03-08,2024-04-03,2024-04-07,OTA
B07526,H020,G03754,2025-12-24,2026-01-19,2026-01-21,Corporate Booking
B07527,H015,G03754,2026-07-30,2026-07-31,2026-08-02,Walk-in
B07528,H016,G03755,2024-01-20,2024-02-05,2024-02-08,OTA
B07529,H016,G03756,2026-02-13,2026-02-20,2026-02-24,Phone Booking
B07530,H014,G03756,2026-06-10,2026-07-17,2026-07-20,Corporate Booking
B07531,H015,G03757,2026-06-05,2026-07-03,2026-07-04,OTA
B07532,H013,G03758,2024-04-06,2024-04-28,2024-04-29,OTA
B07533,H003,G03759,2026-01-21,2026-01-22,2026-01-28,Walk-in
B07534,H011,G03760,2025-12-30,2026-01-28,2026-01-29,OTA
B07535,H016,G03760,2026-07-11,2026-07-24,2026-07-26,OTA
B07536,H015,G03761,2024-02-12,2024-03-05,2024-03-11,Travel Agent
B07537,H017,G03761,2025-02-19,2025-03-05,2025-03-07,OTA
B07538,H014,G03762,2025-08-08,2025-09-12,2025-09-13,Hotel Website
B07539,H005,G03762,2026-04-29,2026-05-09,2026-05-13,Hotel Website
B07540,H011,G03763,2025-10-20,2025-10-21,2025-10-22,Walk-in
B07541,H009,G03764,2025-10-31,2025-12-15,2025-12-16,Travel Agent
B07542,H012,G03764,2026-08-11,2026-08-19,2026-08-24,Mobile App
B07543,H015,G03765,2025-04-09,2025-04-15,2025-04-16,Hotel Website
B07544,H002,G03765,2025-11-01,2025-11-24,2025-11-27,OTA
B07545,H018,G03765,2026-03-26,2026-04-14,2026-04-15,Phone Booking
B07546,H007,G03766,2025-08-25,2025-09-02,2025-09-05,Travel Agent
B07547,H013,G03766,2025-11-29,2025-11-30,2025-12-03,Walk-in
B07548,H014,G03767,2025-01-23,2025-01-29,2025-02-02,Hotel Website
B07549,H014,G03767,2026-01-30,2026-03-15,2026-03-16,Corporate Booking
B07550,H017,G03768,2025-02-10,2025-02-11,2025-02-15,OTA
B07551,H003,G03768,2025-09-14,2025-09-19,2025-09-25,Travel Agent
B07552,H004,G03769,2026-02-26,2026-02-28,2026-03-06,Hotel Website
B07553,H004,G03769,2026-04-12,2026-05-01,2026-05-03,Mobile App
B07554,H003,G03770,2026-03-30,2026-04-03,2026-04-07,Mobile App
B07555,H019,G03771,2024-04-06,2024-04-19,2024-04-23,OTA
B07556,H005,G03772,2025-03-27,2025-03-30,2025-04-01,OTA
B07557,H003,G03772,2025-08-08,2025-08-20,2025-08-26,Phone Booking
B07558,H004,G03773,2025-06-17,2025-07-30,2025-08-02,Travel Agent
B07559,H004,G03773,2026-01-27,2026-02-01,2026-02-05,Mobile App
B07560,H004,G03773,2026-06-14,2026-07-03,2026-07-08,OTA
B07561,H002,G03774,2026-01-28,2026-02-15,2026-02-18,Travel Agent
B07562,H007,G03775,2024-06-22,2024-06-23,2024-06-28,Walk-in
B07563,H002,G03775,2024-10-24,2024-11-11,2024-11-14,Mobile App
B07564,H015,G03776,2024-11-05,2024-11-17,2024-11-18,OTA
B07565,H015,G03776,2025-09-20,2025-09-25,2025-09-28,Hotel Website
B07566,H002,G03776,2026-04-01,2026-04-04,2026-04-09,Mobile App
B07567,H004,G03776,2026-07-13,2026-07-27,2026-07-31,OTA
B07568,H006,G03777,2024-10-02,2024-10-07,2024-10-09,Phone Booking
B07569,H013,G03777,2026-08-22,2026-08-25,2026-08-26,Hotel Website
B07570,H012,G03778,2025-12-24,2026-01-14,2026-01-15,Corporate Booking
B07571,H013,G03778,2026-08-23,2026-08-30,2026-08-31,Corporate Booking
B07572,H015,G03778,2025-04-16,2025-05-04,2025-05-08,Hotel Website
B07573,H009,G03779,2024-01-28,2024-02-26,2024-02-27,OTA
B07574,H002,G03779,2024-12-25,2025-01-08,2025-01-10,Mobile App
B07575,H018,G03780,2024-06-29,2024-07-10,2024-07-11,Mobile App
B07576,H003,G03781,2026-01-21,2026-02-02,2026-02-08,OTA
B07577,H019,G03781,2026-04-29,2026-05-04,2026-05-05,Hotel Website
B07578,H002,G03782,2024-10-07,2024-10-26,2024-10-28,Phone Booking
B07579,H002,G03782,2026-04-21,2026-05-08,2026-05-12,Mobile App
B07580,H003,G03783,2024-11-12,2024-12-01,2024-12-05,OTA
B07581,H003,G03784,2025-03-12,2025-03-20,2025-03-24,Hotel Website
B07582,H005,G03784,2025-05-17,2025-06-19,2025-06-25,Hotel Website
B07583,H014,G03785,2025-01-14,2025-01-23,2025-01-24,Corporate Booking
B07584,H015,G03785,2025-04-29,2025-05-16,2025-05-19,Travel Agent
B07585,H015,G03786,2026-05-19,2026-06-21,2026-06-23,Hotel Website
B07586,H013,G03786,2026-07-16,2026-08-15,2026-08-19,Travel Agent
B07587,H007,G03786,2025-01-28,2025-02-04,2025-02-06,Phone Booking
B07588,H012,G03787,2024-01-22,2024-02-02,2024-02-03,OTA
B07589,H012,G03787,2024-05-02,2024-05-08,2024-05-12,Hotel Website
B07590,H020,G03788,2026-07-23,2026-07-25,2026-07-29,Mobile App
B07591,H003,G03789,2026-01-18,2026-01-19,2026-01-24,Walk-in
B07592,H003,G03790,2026-01-20,2026-02-04,2026-02-09,Hotel Website
B07593,H005,G03790,2026-04-25,2026-05-10,2026-05-13,Phone Booking
B07594,H001,G03791,2025-11-11,2025-11-28,2025-12-05,OTA
B07595,H001,G03791,2026-06-02,2026-06-16,2026-06-23,OTA
B07596,H014,G03792,2024-02-20,2024-04-01,2024-04-04,Corporate Booking
B07597,H002,G03792,2025-12-05,2025-12-24,2025-12-27,Corporate Booking
B07598,H018,G03792,2026-04-01,2026-04-20,2026-04-23,Travel Agent
B07599,H013,G03793,2025-09-26,2025-10-13,2025-10-15,Phone Booking
B07600,H007,G03793,2025-11-17,2025-12-19,2025-12-20,Travel Agent
B07601,H012,G03793,2026-02-11,2026-03-01,2026-03-02,OTA
B07602,H005,G03794,2024-06-24,2024-07-03,2024-07-07,OTA
B07603,H002,G03794,2026-01-19,2026-02-01,2026-02-08,Travel Agent
B07604,H005,G03795,2025-08-06,2025-08-20,2025-08-24,OTA
B07605,H002,G03795,2026-04-06,2026-04-15,2026-04-19,Mobile App
B07606,H015,G03796,2024-06-26,2024-07-07,2024-07-08,Hotel Website
B07607,H001,G03796,2025-03-16,2025-04-10,2025-04-14,OTA
B07608,H002,G03796,2025-10-05,2025-10-23,2025-10-26,Hotel Website
B07609,H005,G03797,2025-01-16,2025-02-02,2025-02-08,Mobile App
B07610,H011,G03797,2025-08-15,2025-08-31,2025-09-01,Mobile App
B07611,H014,G03798,2025-01-02,2025-01-11,2025-01-14,Hotel Website
B07612,H002,G03798,2025-11-06,2025-11-22,2025-11-26,Mobile App
B07613,H002,G03798,2026-08-01,2026-08-16,2026-08-18,OTA
B07614,H017,G03799,2026-01-11,2026-02-14,2026-02-17,Travel Agent
B07615,H012,G03800,2025-07-30,2025-08-18,2025-08-19,OTA
B07616,H005,G03800,2026-07-12,2026-07-29,2026-08-05,OTA
B07617,H015,G03801,2025-12-01,2026-01-10,2026-01-14,Corporate Booking
B07618,H012,G03801,2026-07-10,2026-07-23,2026-07-26,Corporate Booking
B07619,H012,G03801,2026-07-28,2026-08-18,2026-08-19,Mobile App
B07620,H016,G03802,2024-12-29,2025-01-30,2025-02-03,Hotel Website
B07621,H016,G03803,2025-08-29,2025-09-12,2025-09-13,Corporate Booking
B07622,H003,G03804,2024-08-19,2024-09-01,2024-09-03,Travel Agent
B07623,H020,G03804,2025-10-23,2025-11-14,2025-11-18,Hotel Website
B07624,H003,G03804,2026-05-01,2026-05-13,2026-05-15,OTA
B07625,H015,G03805,2025-12-23,2026-01-07,2026-01-09,Phone Booking
B07626,H005,G03805,2026-04-26,2026-05-11,2026-05-17,Hotel Website
B07627,H016,G03805,2026-07-19,2026-07-22,2026-07-25,Mobile App
B07628,H005,G03806,2025-12-28,2026-01-15,2026-01-18,Mobile App
B07629,H015,G03806,2026-08-12,2026-08-17,2026-08-18,Phone Booking
B07630,H013,G03806,2026-03-03,2026-03-31,2026-04-01,OTA
B07631,H003,G03807,2025-01-28,2025-02-01,2025-02-05,Phone Booking
B07632,H011,G03807,2026-05-17,2026-06-29,2026-06-30,Corporate Booking
B07633,H016,G03807,2026-07-13,2026-07-31,2026-08-01,OTA
B07634,H008,G03808,2024-06-04,2024-06-18,2024-06-22,Corporate Booking
B07635,H003,G03808,2026-01-05,2026-02-03,2026-02-06,Corporate Booking
B07636,H011,G03809,2025-03-01,2025-03-18,2025-03-19,OTA
B07637,H014,G03809,2025-08-05,2025-08-16,2025-08-19,Phone Booking
B07638,H019,G03809,2025-12-12,2025-12-20,2025-12-25,OTA
B07639,H015,G03810,2024-09-22,2024-10-11,2024-10-13,Mobile App
B07640,H002,G03811,2025-05-11,2025-05-28,2025-06-01,Mobile App
B07641,H002,G03812,2026-03-04,2026-03-10,2026-03-14,Hotel Website
B07642,H007,G03812,2026-06-12,2026-06-21,2026-06-26,Corporate Booking
B07643,H011,G03813,2025-09-04,2025-09-09,2025-09-10,Hotel Website
B07644,H006,G03813,2025-10-13,2025-11-02,2025-11-06,OTA
B07645,H012,G03814,2024-01-09,2024-01-10,2024-01-11,OTA
B07646,H005,G03815,2026-01-19,2026-01-24,2026-01-27,OTA
B07647,H020,G03816,2024-01-09,2024-01-19,2024-01-20,OTA
B07648,H016,G03817,2025-04-03,2025-04-24,2025-04-25,Corporate Booking
B07649,H001,G03817,2025-06-15,2025-06-30,2025-07-03,Hotel Website
B07650,H012,G03818,2024-02-11,2024-02-13,2024-02-14,OTA
B07651,H012,G03819,2025-08-08,2025-08-26,2025-08-31,Corporate Booking
B07652,H012,G03819,2026-06-02,2026-06-25,2026-06-27,OTA
B07653,H011,G03819,2026-07-30,2026-08-17,2026-08-19,Mobile App
B07654,H003,G03819,2024-02-27,2024-03-05,2024-03-08,OTA
B07655,H018,G03820,2024-05-11,2024-05-17,2024-05-19,Hotel Website
B07656,H003,G03820,2025-09-28,2025-10-27,2025-10-31,Travel Agent
B07657,H014,G03821,2025-11-03,2025-11-29,2025-11-30,Hotel Website
B07658,H005,G03821,2026-04-23,2026-05-22,2026-05-29,Hotel Website
B07659,H005,G03821,2026-06-07,2026-07-15,2026-07-18,Corporate Booking
B07660,H005,G03821,2026-07-26,2026-08-26,2026-08-28,Hotel Website
B07661,H010,G03822,2025-03-08,2025-03-16,2025-03-19,Travel Agent
B07662,H020,G03823,2025-11-26,2025-12-03,2025-12-04,Hotel Website
B07663,H018,G03824,2025-05-13,2025-06-12,2025-06-15,OTA
B07664,H014,G03824,2026-01-13,2026-01-30,2026-01-31,Hotel Website
B07665,H001,G03824,2026-06-20,2026-07-24,2026-07-28,Hotel Website
B07666,H017,G03825,2026-02-01,2026-02-02,2026-02-05,Mobile App
B07667,H016,G03826,2025-01-10,2025-01-27,2025-01-29,Corporate Booking
B07668,H011,G03826,2026-07-04,2026-07-27,2026-07-29,Corporate Booking
B07669,H016,G03827,2024-11-23,2024-12-12,2024-12-14,OTA
B07670,H016,G03827,2025-05-12,2025-05-20,2025-05-22,Hotel Website
B07671,H007,G03828,2025-08-23,2025-09-25,2025-09-27,Hotel Website
B07672,H007,G03828,2025-11-22,2025-12-03,2025-12-08,Mobile App
B07673,H003,G03829,2024-12-17,2025-01-18,2025-01-25,Travel Agent
B07674,H003,G03829,2025-06-26,2025-07-23,2025-07-25,Travel Agent
B07675,H011,G03829,2026-04-09,2026-05-05,2026-05-07,Hotel Website
B07676,H020,G03830,2024-11-20,2024-12-04,2024-12-08,OTA
B07677,H004,G03831,2025-09-29,2025-10-23,2025-10-27,OTA
B07678,H015,G03832,2025-04-14,2025-04-22,2025-04-27,Phone Booking
B07679,H005,G03833,2026-02-02,2026-02-10,2026-02-12,OTA
B07680,H005,G03833,2026-06-21,2026-07-08,2026-07-11,OTA
B07681,H005,G03833,2026-07-24,2026-08-17,2026-08-20,Hotel Website
B07682,H019,G03834,2024-06-28,2024-07-06,2024-07-07,Hotel Website
B07683,H010,G03834,2024-08-24,2024-09-22,2024-09-23,OTA
B07684,H003,G03835,2024-12-17,2025-01-02,2025-01-05,Hotel Website
B07685,H015,G03835,2025-05-30,2025-06-04,2025-06-05,Mobile App
B07686,H015,G03836,2026-02-13,2026-03-15,2026-03-21,Corporate Booking
B07687,H020,G03836,2026-05-18,2026-05-24,2026-05-25,OTA
B07688,H004,G03837,2024-08-25,2024-09-13,2024-09-18,OTA
B07689,H012,G03837,2025-09-24,2025-10-13,2025-10-14,Phone Booking
B07690,H019,G03838,2025-01-27,2025-02-07,2025-02-09,Hotel Website
B07691,H001,G03838,2025-10-14,2025-11-04,2025-11-08,Hotel Website
B07692,H015,G03839,2026-07-16,2026-08-20,2026-08-21,Travel Agent
B07693,H012,G03840,2025-11-04,2025-11-08,2025-11-10,OTA
B07694,H006,G03840,2026-08-10,2026-08-17,2026-08-20,Phone Booking
B07695,H003,G03841,2026-02-05,2026-02-22,2026-02-28,Phone Booking
B07696,H020,G03841,2026-06-04,2026-06-05,2026-06-06,Mobile App
B07697,H004,G03841,2026-07-31,2026-08-01,2026-08-04,Walk-in
B07698,H019,G03841,2024-07-23,2024-09-01,2024-09-03,Travel Agent
B07699,H003,G03841,2026-06-08,2026-06-19,2026-06-21,OTA
B07700,H011,G03841,2026-07-26,2026-08-08,2026-08-09,OTA
B07701,H017,G03842,2026-01-18,2026-02-14,2026-02-15,Corporate Booking
B07702,H012,G03842,2026-04-24,2026-05-06,2026-05-07,Mobile App
B07703,H019,G03842,2026-08-11,2026-08-27,2026-08-31,OTA
B07704,H004,G03843,2024-02-18,2024-03-06,2024-03-11,Hotel Website
B07705,H005,G03844,2024-10-01,2024-11-05,2024-11-09,Hotel Website
B07706,H013,G03844,2026-03-08,2026-03-09,2026-03-10,Walk-in
B07707,H005,G03845,2025-06-06,2025-07-17,2025-07-19,Travel Agent
B07708,H005,G03845,2025-10-29,2025-11-25,2025-11-28,Hotel Website
B07709,H008,G03845,2026-08-02,2026-08-30,2026-08-31,Travel Agent
B07710,H003,G03845,2024-04-04,2024-04-07,2024-04-10,Mobile App
B07711,H020,G03846,2024-05-22,2024-06-08,2024-06-13,Phone Booking
B07712,H005,G03846,2025-03-10,2025-03-11,2025-03-15,Walk-in
B07713,H002,G03847,2026-05-29,2026-06-16,2026-06-20,Mobile App
B07714,H002,G03847,2026-07-09,2026-07-29,2026-08-01,OTA
B07715,H012,G03847,2024-06-15,2024-06-21,2024-06-22,Phone Booking
B07716,H018,G03847,2026-06-10,2026-06-21,2026-06-22,Travel Agent
B07717,H004,G03848,2026-04-06,2026-04-19,2026-04-25,OTA
B07718,H016,G03848,2026-07-09,2026-07-30,2026-08-01,Phone Booking
B07719,H006,G03848,2026-08-14,2026-08-28,2026-08-31,Corporate Booking
B07720,H011,G03849,2025-03-11,2025-03-25,2025-03-27,Phone Booking
B07721,H016,G03849,2025-10-27,2025-12-01,2025-12-05,Corporate Booking
B07722,H013,G03849,2026-04-21,2026-04-22,2026-04-24,Walk-in
B07723,H002,G03850,2025-11-20,2025-12-01,2025-12-05,Mobile App
B07724,H013,G03851,2024-02-17,2024-03-23,2024-03-24,Travel Agent
B07725,H014,G03852,2025-09-26,2025-10-05,2025-10-09,OTA
B07726,H019,G03852,2026-08-19,2026-08-20,2026-08-21,Walk-in
B07727,H005,G03853,2025-12-20,2026-01-01,2026-01-04,OTA
B07728,H002,G03854,2025-02-12,2025-03-05,2025-03-09,OTA
B07729,H005,G03855,2025-09-26,2025-10-12,2025-10-15,OTA
B07730,H001,G03855,2026-02-23,2026-03-13,2026-03-18,Hotel Website
B07731,H004,G03856,2026-01-30,2026-02-04,2026-02-08,Mobile App
B07732,H004,G03857,2024-10-22,2024-11-11,2024-11-15,Hotel Website
B07733,H001,G03858,2025-10-09,2025-10-10,2025-10-13,Walk-in
B07734,H011,G03858,2025-12-24,2025-12-25,2025-12-27,Walk-in
B07735,H014,G03859,2024-12-11,2025-01-08,2025-01-09,Corporate Booking
B07736,H014,G03859,2025-07-24,2025-08-20,2025-08-22,OTA
B07737,H014,G03859,2026-05-11,2026-06-09,2026-06-10,Corporate Booking
B07738,H020,G03860,2025-01-19,2025-02-16,2025-02-18,OTA
B07739,H020,G03860,2026-01-21,2026-02-20,2026-02-24,Hotel Website
B07740,H001,G03861,2024-01-03,2024-01-11,2024-01-16,OTA
B07741,H016,G03861,2024-12-01,2024-12-16,2024-12-17,OTA
B07742,H004,G03862,2025-01-27,2025-02-03,2025-02-07,Hotel Website
B07743,H003,G03863,2025-06-19,2025-06-20,2025-06-24,OTA
B07744,H015,G03863,2025-10-04,2025-10-07,2025-10-09,Phone Booking
B07745,H015,G03863,2026-03-07,2026-03-29,2026-03-30,OTA
B07746,H015,G03863,2026-08-01,2026-08-14,2026-08-15,OTA
B07747,H004,G03864,2025-08-22,2025-09-09,2025-09-13,OTA
B07748,H015,G03865,2025-08-19,2025-08-31,2025-09-02,Phone Booking
B07749,H015,G03865,2026-05-21,2026-06-30,2026-07-03,Corporate Booking
B07750,H005,G03866,2026-05-12,2026-05-26,2026-05-28,OTA
B07751,H015,G03867,2025-03-13,2025-04-17,2025-04-21,Hotel Website
B07752,H015,G03867,2025-11-30,2025-12-11,2025-12-13,Travel Agent
B07753,H013,G03868,2024-10-09,2024-10-13,2024-10-18,Hotel Website
B07754,H011,G03868,2026-07-31,2026-08-26,2026-08-27,Corporate Booking
B07755,H019,G03869,2025-03-13,2025-03-27,2025-03-29,Mobile App
B07756,H003,G03869,2025-06-20,2025-07-20,2025-07-23,OTA
B07757,H012,G03870,2024-08-02,2024-08-20,2024-08-21,Corporate Booking
B07758,H014,G03871,2025-05-19,2025-06-05,2025-06-08,Phone Booking
B07759,H012,G03871,2026-01-08,2026-02-03,2026-02-05,Corporate Booking
B07760,H014,G03871,2026-03-07,2026-03-20,2026-03-24,OTA
B07761,H005,G03871,2026-06-20,2026-06-29,2026-07-03,Mobile App
B07762,H012,G03872,2025-09-07,2025-09-26,2025-09-27,Mobile App
B07763,H012,G03872,2025-12-28,2026-01-29,2026-02-01,Hotel Website
B07764,H015,G03873,2025-11-15,2025-11-19,2025-11-20,Phone Booking
B07765,H015,G03873,2026-07-25,2026-07-26,2026-07-27,Walk-in
B07766,H003,G03874,2025-09-02,2025-09-04,2025-09-08,Phone Booking
B07767,H005,G03874,2025-09-02,2025-10-07,2025-10-10,Corporate Booking
B07768,H006,G03875,2024-08-17,2024-09-02,2024-09-04,Hotel Website
B07769,H001,G03875,2026-07-21,2026-08-07,2026-08-11,OTA
B07770,H017,G03875,2024-02-27,2024-02-29,2024-03-02,Hotel Website
B07771,H018,G03876,2025-05-29,2025-06-06,2025-06-08,Phone Booking
B07772,H015,G03877,2026-07-02,2026-07-31,2026-08-01,OTA
B07773,H004,G03877,2026-07-22,2026-08-23,2026-08-26,Travel Agent
B07774,H002,G03878,2024-06-23,2024-07-14,2024-07-18,OTA
B07775,H011,G03878,2025-11-29,2025-12-12,2025-12-13,Mobile App
B07776,H013,G03879,2024-01-17,2024-02-01,2024-02-02,OTA
B07777,H002,G03879,2025-09-15,2025-09-27,2025-09-29,Hotel Website
B07778,H011,G03879,2026-01-15,2026-02-05,2026-02-07,Corporate Booking
B07779,H018,G03880,2024-07-09,2024-07-22,2024-07-26,OTA
B07780,H012,G03880,2025-01-04,2025-01-15,2025-01-17,Hotel Website
B07781,H004,G03881,2026-01-02,2026-01-09,2026-01-11,Mobile App
B07782,H003,G03882,2025-01-05,2025-01-26,2025-01-29,Phone Booking
B07783,H012,G03882,2025-03-26,2025-04-05,2025-04-07,Mobile App
B07784,H004,G03883,2026-04-22,2026-05-10,2026-05-14,Phone Booking
B07785,H007,G03884,2024-05-27,2024-06-21,2024-06-25,OTA
B07786,H011,G03884,2024-10-12,2024-11-16,2024-11-20,Travel Agent
B07787,H003,G03885,2024-01-07,2024-01-16,2024-01-20,Hotel Website
B07788,H018,G03885,2024-05-20,2024-06-04,2024-06-05,OTA
B07789,H014,G03886,2024-02-26,2024-02-27,2024-02-28,Walk-in
B07790,H012,G03887,2025-12-12,2026-01-08,2026-01-11,Corporate Booking
B07791,H005,G03887,2026-07-02,2026-07-07,2026-07-11,OTA
B07792,H003,G03888,2025-08-06,2025-09-11,2025-09-17,Travel Agent
B07793,H001,G03888,2026-02-05,2026-02-11,2026-02-14,OTA
B07794,H004,G03889,2024-03-13,2024-03-14,2024-03-17,Walk-in
B07795,H001,G03890,2026-02-10,2026-02-12,2026-02-16,Hotel Website
B07796,H014,G03891,2024-05-04,2024-05-26,2024-06-01,Hotel Website
B07797,H010,G03891,2025-12-28,2026-01-28,2026-01-30,Hotel Website
B07798,H012,G03891,2026-07-15,2026-08-20,2026-08-21,Travel Agent
B07799,H002,G03892,2024-09-04,2024-10-06,2024-10-10,Hotel Website
B07800,H014,G03892,2025-10-17,2025-11-02,2025-11-03,Mobile App
B07801,H013,G03893,2024-12-01,2024-12-06,2024-12-10,Corporate Booking
B07802,H014,G03893,2026-06-08,2026-06-28,2026-06-29,Corporate Booking
B07803,H012,G03894,2024-02-19,2024-02-20,2024-02-21,Walk-in
B07804,H001,G03894,2025-06-30,2025-07-03,2025-07-06,Hotel Website
B07805,H014,G03895,2026-03-05,2026-04-07,2026-04-08,Corporate Booking
B07806,H014,G03895,2026-04-21,2026-05-21,2026-05-23,Corporate Booking
B07807,H004,G03896,2025-07-18,2025-08-09,2025-08-12,Travel Agent
B07808,H006,G03896,2026-01-27,2026-02-17,2026-02-22,Corporate Booking
B07809,H002,G03897,2024-08-11,2024-08-23,2024-08-29,Phone Booking
B07810,H003,G03897,2025-06-23,2025-07-22,2025-07-27,OTA
B07811,H017,G03898,2025-01-03,2025-01-18,2025-01-21,Mobile App
B07812,H020,G03898,2025-08-18,2025-08-19,2025-08-21,Walk-in
B07813,H011,G03898,2025-11-03,2025-11-11,2025-11-12,OTA
B07814,H011,G03898,2026-04-18,2026-04-29,2026-05-01,Hotel Website
B07815,H005,G03898,2026-05-24,2026-06-23,2026-06-30,OTA
B07816,H008,G03898,2026-07-13,2026-08-08,2026-08-12,Hotel Website
B07817,H008,G03899,2025-09-26,2025-10-06,2025-10-09,Hotel Website
B07818,H020,G03899,2026-02-05,2026-02-06,2026-02-10,Walk-in
B07819,H013,G03899,2026-08-03,2026-08-10,2026-08-11,Mobile App
B07820,H008,G03900,2025-04-04,2025-04-13,2025-04-17,Hotel Website
B07821,H016,G03900,2025-12-10,2026-01-05,2026-01-08,Travel Agent
B07822,H016,G03900,2026-03-03,2026-04-07,2026-04-09,Hotel Website
B07823,H007,G03901,2025-10-18,2025-10-22,2025-10-25,Mobile App
B07824,H015,G03902,2024-08-05,2024-08-07,2024-08-09,Hotel Website
B07825,H005,G03902,2024-09-23,2024-10-13,2024-10-17,Mobile App
B07826,H004,G03903,2026-04-06,2026-04-20,2026-04-24,Phone Booking
B07827,H002,G03904,2026-03-13,2026-03-14,2026-03-19,Walk-in
B07828,H001,G03905,2024-10-20,2024-10-31,2024-11-03,OTA
B07829,H003,G03906,2025-03-16,2025-03-23,2025-03-27,Hotel Website
B07830,H002,G03906,2025-07-23,2025-08-12,2025-08-15,Hotel Website
B07831,H020,G03906,2025-12-13,2025-12-24,2025-12-28,OTA
B07832,H006,G03906,2026-02-06,2026-02-27,2026-03-01,OTA
B07833,H008,G03907,2025-09-22,2025-10-01,2025-10-05,Hotel Website
B07834,H016,G03907,2026-03-07,2026-03-27,2026-04-02,Phone Booking
B07835,H005,G03907,2026-07-31,2026-08-17,2026-08-19,Hotel Website
B07836,H015,G03907,2025-01-03,2025-01-04,2025-01-07,Walk-in
B07837,H007,G03908,2025-12-20,2026-01-18,2026-01-21,OTA
B07838,H020,G03908,2026-06-03,2026-07-04,2026-07-08,Hotel Website
B07839,H013,G03909,2025-06-05,2025-06-28,2025-07-01,OTA
B07840,H004,G03909,2026-03-27,2026-04-04,2026-04-06,Travel Agent
B07841,H006,G03909,2026-05-17,2026-05-21,2026-05-25,OTA
B07842,H014,G03910,2024-09-11,2024-10-08,2024-10-09,Travel Agent
B07843,H018,G03910,2026-01-16,2026-02-18,2026-02-22,Hotel Website
B07844,H006,G03910,2026-04-02,2026-04-17,2026-04-23,OTA
B07845,H004,G03911,2026-05-14,2026-05-18,2026-05-21,OTA
B07846,H004,G03911,2026-08-02,2026-08-03,2026-08-06,Walk-in
B07847,H017,G03912,2024-11-01,2024-11-18,2024-11-21,OTA
B07848,H018,G03912,2024-12-21,2025-01-06,2025-01-08,Mobile App
B07849,H004,G03912,2025-10-26,2025-10-27,2025-11-03,Phone Booking
B07850,H019,G03913,2024-05-02,2024-05-05,2024-05-07,OTA
B07851,H013,G03913,2026-04-01,2026-04-27,2026-04-28,OTA
B07852,H012,G03914,2024-05-25,2024-06-15,2024-06-18,OTA
B07853,H003,G03914,2025-12-01,2025-12-14,2025-12-20,Phone Booking
B07854,H003,G03914,2026-05-09,2026-05-10,2026-05-13,Walk-in
B07855,H007,G03914,2026-08-15,2026-08-16,2026-08-17,Walk-in
B07856,H007,G03915,2025-11-27,2025-11-28,2025-11-29,OTA
B07857,H011,G03916,2025-06-05,2025-06-19,2025-06-20,Mobile App
B07858,H001,G03917,2025-06-19,2025-07-05,2025-07-10,Phone Booking
B07859,H013,G03917,2026-01-03,2026-01-20,2026-01-22,Corporate Booking
B07860,H012,G03918,2024-12-11,2025-01-11,2025-01-13,Corporate Booking
B07861,H012,G03918,2026-06-13,2026-06-14,2026-06-15,Walk-in
B07862,H015,G03918,2026-08-12,2026-08-28,2026-08-31,Mobile App
B07863,H012,G03919,2026-05-05,2026-05-30,2026-06-01,OTA
B07864,H015,G03920,2026-02-14,2026-03-02,2026-03-03,Corporate Booking
B07865,H016,G03921,2024-12-29,2025-01-10,2025-01-13,Mobile App
B07866,H011,G03922,2024-09-09,2024-10-07,2024-10-08,Corporate Booking
B07867,H011,G03922,2025-10-12,2025-11-05,2025-11-06,Hotel Website
B07868,H015,G03923,2024-01-01,2024-01-02,2024-01-04,Hotel Website
B07869,H015,G03923,2025-07-22,2025-08-09,2025-08-10,Corporate Booking
B07870,H013,G03923,2026-06-09,2026-07-16,2026-07-17,Corporate Booking
B07871,H003,G03924,2026-05-20,2026-06-03,2026-06-08,Mobile App
B07872,H015,G03925,2025-09-11,2025-10-04,2025-10-07,Corporate Booking
B07873,H007,G03926,2025-06-12,2025-06-24,2025-06-27,Mobile App
B07874,H017,G03926,2025-08-18,2025-09-02,2025-09-03,Mobile App
B07875,H003,G03927,2026-04-28,2026-04-30,2026-05-02,Mobile App
B07876,H005,G03927,2026-05-31,2026-06-27,2026-06-29,Hotel Website
B07877,H005,G03927,2026-06-29,2026-08-07,2026-08-13,Travel Agent
B07878,H003,G03927,2025-11-01,2025-11-10,2025-11-13,OTA
B07879,H013,G03928,2025-09-15,2025-10-17,2025-10-20,Hotel Website
B07880,H003,G03929,2024-07-02,2024-07-18,2024-07-21,OTA
B07881,H014,G03929,2024-12-17,2024-12-26,2024-12-28,Hotel Website
B07882,H002,G03929,2025-05-12,2025-06-04,2025-06-08,Travel Agent
B07883,H015,G03930,2025-06-03,2025-06-19,2025-06-21,Hotel Website
B07884,H015,G03930,2025-10-19,2025-11-19,2025-11-20,Hotel Website
B07885,H004,G03931,2025-11-10,2025-11-26,2025-11-29,Hotel Website
B07886,H017,G03931,2026-04-24,2026-05-31,2026-06-03,Travel Agent
B07887,H017,G03931,2026-08-09,2026-08-10,2026-08-11,Walk-in
B07888,H012,G03931,2025-11-10,2025-11-26,2025-11-28,Phone Booking
B07889,H015,G03932,2024-02-04,2024-02-25,2024-02-27,OTA
B07890,H004,G03932,2024-10-17,2024-10-29,2024-11-01,Hotel Website
B07891,H004,G03932,2026-07-16,2026-07-25,2026-07-29,OTA
B07892,H004,G03932,2026-08-05,2026-08-27,2026-08-31,OTA
B07893,H014,G03933,2025-09-02,2025-09-17,2025-09-19,OTA
B07894,H003,G03933,2025-12-31,2026-02-08,2026-02-10,Corporate Booking
B07895,H003,G03933,2026-02-27,2026-03-18,2026-03-24,Travel Agent
B07896,H012,G03934,2024-09-19,2024-10-22,2024-10-23,Travel Agent
B07897,H016,G03934,2025-10-29,2025-11-12,2025-11-15,OTA
B07898,H005,G03935,2025-10-05,2025-11-02,2025-11-07,OTA
B07899,H016,G03936,2025-07-11,2025-08-04,2025-08-09,OTA
B07900,H011,G03936,2025-10-15,2025-11-09,2025-11-14,Corporate Booking
B07901,H007,G03937,2024-12-15,2024-12-19,2024-12-23,Hotel Website
B07902,H013,G03938,2026-07-28,2026-08-04,2026-08-06,OTA
B07903,H011,G03939,2026-03-19,2026-04-05,2026-04-06,OTA
B07904,H003,G03940,2024-07-28,2024-08-16,2024-08-20,OTA
B07905,H015,G03940,2024-11-02,2024-11-26,2024-11-28,Hotel Website
B07906,H013,G03941,2024-11-07,2024-11-22,2024-11-23,Hotel Website
B07907,H007,G03942,2024-01-20,2024-01-21,2024-01-23,OTA
B07908,H013,G03942,2026-02-11,2026-02-27,2026-02-28,OTA
B07909,H004,G03943,2024-01-30,2024-02-28,2024-03-05,Hotel Website
B07910,H003,G03943,2026-01-11,2026-01-16,2026-01-21,Mobile App
B07911,H015,G03944,2024-07-02,2024-07-13,2024-07-15,OTA
B07912,H018,G03944,2025-11-11,2025-12-14,2025-12-18,Travel Agent
B07913,H001,G03944,2026-05-29,2026-06-07,2026-06-09,Hotel Website
B07914,H016,G03945,2025-06-02,2025-06-03,2025-06-04,Walk-in
B07915,H001,G03946,2025-08-21,2025-09-26,2025-09-29,Travel Agent
B07916,H001,G03946,2025-12-03,2025-12-23,2025-12-29,Mobile App
B07917,H001,G03946,2026-03-01,2026-03-18,2026-03-21,Mobile App
B07918,H015,G03947,2026-04-28,2026-05-07,2026-05-09,Mobile App
B07919,H016,G03948,2024-05-23,2024-05-29,2024-05-31,Mobile App
B07920,H005,G03948,2025-09-08,2025-09-18,2025-09-22,Mobile App
B07921,H013,G03948,2026-04-19,2026-05-18,2026-05-20,OTA
B07922,H013,G03948,2026-07-27,2026-08-26,2026-08-28,Hotel Website
B07923,H014,G03949,2025-12-22,2025-12-26,2025-12-27,Phone Booking
B07924,H012,G03949,2026-03-04,2026-03-19,2026-03-21,Mobile App
B07925,H012,G03949,2026-05-20,2026-06-19,2026-06-22,Corporate Booking
B07926,H005,G03950,2026-07-30,2026-08-15,2026-08-18,Hotel Website
B07927,H019,G03950,2024-12-03,2024-12-04,2024-12-06,Walk-in
B07928,H019,G03950,2026-05-07,2026-05-28,2026-05-30,Mobile App
B07929,H014,G03951,2026-03-04,2026-03-10,2026-03-11,Mobile App
B07930,H014,G03951,2026-04-27,2026-04-28,2026-05-02,Walk-in
B07931,H014,G03951,2026-06-27,2026-07-10,2026-07-11,Hotel Website
B07932,H006,G03952,2024-12-02,2024-12-15,2024-12-16,OTA
B07933,H016,G03953,2025-09-06,2025-09-14,2025-09-17,Hotel Website
B07934,H014,G03953,2026-04-27,2026-05-05,2026-05-07,Hotel Website
B07935,H003,G03954,2026-07-17,2026-07-31,2026-08-05,Hotel Website
B07936,H011,G03955,2024-02-23,2024-03-13,2024-03-14,Phone Booking
B07937,H003,G03956,2024-10-26,2024-11-08,2024-11-10,Mobile App
B07938,H014,G03956,2025-08-09,2025-08-30,2025-09-02,Mobile App
B07939,H011,G03956,2026-01-04,2026-01-09,2026-01-11,Mobile App
B07940,H014,G03956,2026-04-19,2026-06-03,2026-06-04,Corporate Booking
B07941,H004,G03957,2025-02-19,2025-02-21,2025-02-24,Mobile App
B07942,H011,G03957,2026-05-19,2026-05-25,2026-05-27,OTA
B07943,H002,G03958,2025-03-31,2025-04-03,2025-04-05,OTA
B07944,H004,G03959,2026-03-23,2026-04-14,2026-04-19,Travel Agent
B07945,H004,G03959,2026-07-15,2026-07-29,2026-08-01,Hotel Website
B07946,H005,G03960,2025-12-31,2026-01-01,2026-01-03,Walk-in
B07947,H010,G03960,2026-02-07,2026-02-15,2026-02-17,Travel Agent
B07948,H010,G03961,2025-10-05,2025-10-21,2025-10-22,Phone Booking
B07949,H003,G03961,2026-03-09,2026-04-10,2026-04-13,Hotel Website
B07950,H002,G03962,2026-08-12,2026-08-14,2026-08-17,Phone Booking
B07951,H018,G03962,2024-12-05,2025-01-17,2025-01-18,Corporate Booking
B07952,H018,G03962,2025-08-30,2025-09-03,2025-09-07,Hotel Website
B07953,H009,G03963,2026-03-21,2026-03-29,2026-04-01,OTA
B07954,H019,G03964,2025-09-03,2025-09-20,2025-09-21,Hotel Website
B07955,H011,G03965,2025-12-27,2025-12-28,2025-12-30,Walk-in
B07956,H020,G03966,2025-04-14,2025-05-01,2025-05-02,OTA
B07957,H007,G03966,2025-12-23,2026-01-02,2026-01-04,Corporate Booking
B07958,H005,G03966,2026-01-28,2026-02-07,2026-02-12,OTA
B07959,H007,G03966,2026-06-29,2026-07-20,2026-07-24,Travel Agent
B07960,H014,G03967,2026-02-06,2026-02-10,2026-02-12,Hotel Website
B07961,H004,G03968,2025-12-05,2026-01-08,2026-01-14,Travel Agent
B07962,H003,G03968,2026-02-16,2026-02-27,2026-03-03,Mobile App
B07963,H003,G03968,2026-06-13,2026-06-14,2026-06-16,Walk-in
B07964,H005,G03969,2025-11-26,2025-11-27,2025-11-30,Walk-in
B07965,H007,G03969,2026-04-30,2026-05-01,2026-05-07,Mobile App
B07966,H016,G03969,2026-05-27,2026-07-09,2026-07-11,Corporate Booking
B07967,H011,G03969,2026-08-20,2026-08-28,2026-08-30,Corporate Booking
B07968,H015,G03970,2025-06-11,2025-07-07,2025-07-08,Corporate Booking
B07969,H001,G03970,2025-08-10,2025-09-20,2025-09-26,Travel Agent
B07970,H012,G03970,2026-04-01,2026-04-22,2026-04-26,Hotel Website
B07971,H004,G03971,2026-06-22,2026-07-01,2026-07-08,Phone Booking
B07972,H008,G03972,2024-01-01,2024-01-03,2024-01-04,OTA
B07973,H016,G03972,2026-01-21,2026-02-05,2026-02-07,Hotel Website
B07974,H012,G03973,2025-08-27,2025-08-29,2025-08-30,Hotel Website
B07975,H002,G03974,2025-03-04,2025-04-08,2025-04-11,Hotel Website
B07976,H020,G03974,2026-02-16,2026-02-17,2026-02-19,Walk-in
B07977,H001,G03975,2026-04-04,2026-05-02,2026-05-06,Travel Agent
B07978,H018,G03976,2024-01-11,2024-01-28,2024-01-29,Corporate Booking
B07979,H003,G03976,2024-08-29,2024-09-01,2024-09-03,OTA
B07980,H016,G03977,2025-04-11,2025-05-04,2025-05-05,Travel Agent
B07981,H012,G03977,2025-09-28,2025-10-16,2025-10-18,OTA
B07982,H008,G03977,2025-11-23,2025-12-05,2025-12-06,OTA
B07983,H010,G03978,2026-08-10,2026-08-16,2026-08-19,OTA
B07984,H015,G03978,2024-03-30,2024-04-07,2024-04-09,OTA
B07985,H006,G03979,2025-08-10,2025-09-22,2025-09-23,Corporate Booking
B07986,H014,G03980,2025-05-27,2025-07-07,2025-07-09,Travel Agent
B07987,H012,G03981,2025-05-13,2025-05-31,2025-06-01,Hotel Website
B07988,H005,G03981,2026-03-15,2026-03-24,2026-03-27,OTA
B07989,H014,G03982,2025-02-16,2025-03-09,2025-03-11,Hotel Website
B07990,H005,G03982,2025-08-15,2025-09-25,2025-09-29,Travel Agent
B07991,H014,G03982,2026-05-11,2026-05-28,2026-05-31,Mobile App
B07992,H008,G03983,2025-02-14,2025-03-06,2025-03-11,Hotel Website
B07993,H011,G03983,2026-05-23,2026-06-01,2026-06-02,Corporate Booking
B07994,H001,G03983,2026-08-07,2026-08-08,2026-08-10,Walk-in
B07995,H011,G03984,2024-02-14,2024-03-19,2024-03-20,Travel Agent
B07996,H014,G03984,2024-04-18,2024-05-22,2024-05-25,Travel Agent
B07997,H002,G03985,2024-11-13,2024-12-17,2024-12-20,Hotel Website
B07998,H005,G03985,2025-06-03,2025-06-30,2025-07-02,OTA
B07999,H012,G03986,2024-01-15,2024-01-28,2024-01-30,OTA
B08000,H001,G03986,2026-01-12,2026-01-25,2026-01-30,OTA
B08001,H005,G03987,2024-08-20,2024-08-30,2024-09-05,Mobile App
B08002,H014,G03988,2025-10-07,2025-10-19,2025-10-23,Corporate Booking
B08003,H010,G03988,2026-03-21,2026-03-23,2026-03-24,Mobile App
B08004,H004,G03989,2024-01-29,2024-01-30,2024-02-03,Phone Booking
B08005,H014,G03990,2024-01-16,2024-01-23,2024-01-27,Travel Agent
B08006,H014,G03990,2025-09-13,2025-10-19,2025-10-24,Corporate Booking
B08007,H002,G03991,2025-03-16,2025-03-17,2025-03-21,Walk-in
B08008,H005,G03991,2025-11-05,2025-11-20,2025-11-24,OTA
B08009,H003,G03992,2024-02-13,2024-03-24,2024-03-31,Travel Agent
B08010,H003,G03992,2025-04-14,2025-04-22,2025-04-26,Mobile App
B08011,H016,G03993,2026-03-10,2026-04-08,2026-04-09,Corporate Booking
B08012,H013,G03993,2026-06-05,2026-06-29,2026-06-30,Travel Agent
B08013,H001,G03994,2025-09-28,2025-10-06,2025-10-08,Mobile App
B08014,H016,G03994,2026-06-06,2026-06-22,2026-06-25,Hotel Website
B08015,H020,G03994,2026-08-05,2026-08-06,2026-08-08,OTA
B08016,H006,G03995,2024-08-30,2024-08-31,2024-09-02,OTA
B08017,H014,G03996,2024-07-06,2024-07-24,2024-07-25,Mobile App
B08018,H009,G03997,2025-08-09,2025-09-05,2025-09-06,Travel Agent
B08019,H012,G03997,2026-02-16,2026-02-27,2026-03-01,Mobile App
B08020,H014,G03998,2024-06-18,2024-07-03,2024-07-04,Corporate Booking
B08021,H003,G03999,2025-01-24,2025-01-27,2025-01-30,Mobile App
B08022,H006,G03999,2025-10-03,2025-10-21,2025-10-23,OTA
B08023,H006,G03999,2025-12-13,2025-12-30,2026-01-02,OTA
B08024,H014,G04000,2024-06-25,2024-07-07,2024-07-08,Phone Booking
B08025,H017,G04001,2025-02-18,2025-03-23,2025-03-25,Hotel Website
B08026,H005,G04001,2025-04-04,2025-05-02,2025-05-06,OTA
B08027,H005,G04001,2025-09-21,2025-10-17,2025-10-21,Hotel Website
B08028,H004,G04002,2024-02-19,2024-02-20,2024-02-24,Walk-in
B08029,H006,G04003,2025-07-01,2025-07-15,2025-07-17,OTA
B08030,H013,G04003,2025-12-01,2025-12-04,2025-12-05,Phone Booking
B08031,H020,G04004,2024-10-10,2024-11-01,2024-11-03,Travel Agent
B08032,H013,G04005,2024-01-12,2024-01-30,2024-02-01,OTA
B08033,H005,G04006,2025-05-25,2025-06-12,2025-06-14,OTA
B08034,H014,G04007,2025-10-21,2025-10-28,2025-10-31,Mobile App
B08035,H015,G04008,2026-03-13,2026-04-12,2026-04-15,OTA
B08036,H015,G04008,2026-05-25,2026-06-29,2026-07-03,Hotel Website
B08037,H007,G04009,2025-11-02,2025-11-08,2025-11-13,Mobile App
B08038,H015,G04009,2026-07-03,2026-08-05,2026-08-08,Corporate Booking
B08039,H003,G04010,2024-08-16,2024-08-28,2024-08-31,Corporate Booking
B08040,H004,G04010,2024-11-28,2025-01-10,2025-01-17,Travel Agent
B08041,H017,G04011,2025-05-06,2025-06-07,2025-06-08,Corporate Booking
B08042,H002,G04012,2025-09-12,2025-10-02,2025-10-06,Mobile App
B08043,H018,G04013,2025-06-16,2025-06-22,2025-06-24,Hotel Website
B08044,H013,G04013,2026-03-20,2026-05-03,2026-05-04,Corporate Booking
B08045,H019,G04013,2026-05-19,2026-06-18,2026-06-21,OTA
B08046,H015,G04013,2026-07-18,2026-08-30,2026-08-31,Corporate Booking
B08047,H020,G04014,2024-10-19,2024-11-08,2024-11-13,Mobile App
B08048,H002,G04015,2024-09-26,2024-10-17,2024-10-21,Hotel Website
B08049,H014,G04015,2026-05-05,2026-06-05,2026-06-06,Hotel Website
B08050,H015,G04015,2026-07-05,2026-07-30,2026-08-02,Corporate Booking
B08051,H004,G04016,2026-01-27,2026-01-28,2026-01-30,Walk-in
B08052,H001,G04017,2025-11-13,2025-11-14,2025-11-17,Walk-in
B08053,H001,G04017,2026-04-17,2026-05-23,2026-05-26,Corporate Booking
B08054,H012,G04018,2024-07-30,2024-07-31,2024-08-01,OTA
B08055,H011,G04018,2026-06-04,2026-06-18,2026-06-20,OTA
B08056,H013,G04019,2024-04-18,2024-04-19,2024-04-21,Walk-in
B08057,H019,G04019,2025-12-26,2026-01-15,2026-01-19,Mobile App
B08058,H016,G04019,2026-08-07,2026-08-16,2026-08-20,OTA
B08059,H012,G04020,2025-02-24,2025-04-06,2025-04-07,Corporate Booking
B08060,H009,G04020,2026-03-03,2026-03-05,2026-03-08,Hotel Website
B08061,H016,G04020,2026-07-17,2026-08-21,2026-08-25,Travel Agent
B08062,H003,G04021,2024-05-06,2024-05-19,2024-05-25,Mobile App
B08063,H018,G04022,2025-12-11,2026-01-07,2026-01-12,OTA
B08064,H002,G04022,2026-08-25,2026-08-26,2026-08-29,Walk-in
B08065,H001,G04022,2024-03-29,2024-04-24,2024-04-29,Hotel Website
B08066,H001,G04023,2025-07-01,2025-07-23,2025-07-25,Hotel Website
B08067,H002,G04024,2025-11-09,2025-11-16,2025-11-18,OTA
B08068,H007,G04024,2026-02-10,2026-03-04,2026-03-08,Hotel Website
B08069,H020,G04025,2025-11-17,2025-12-06,2025-12-09,Travel Agent
B08070,H015,G04025,2026-03-22,2026-03-28,2026-03-29,OTA
B08071,H011,G04026,2024-11-18,2024-11-19,2024-11-20,Walk-in
B08072,H016,G04027,2026-07-15,2026-08-05,2026-08-07,Mobile App
B08073,H001,G04027,2026-08-25,2026-08-29,2026-08-31,OTA
B08074,H014,G04027,2024-01-21,2024-01-29,2024-01-30,Phone Booking
B08075,H002,G04028,2024-05-21,2024-05-27,2024-05-31,OTA
B08076,H014,G04028,2026-06-20,2026-07-21,2026-07-22,Travel Agent
B08077,H011,G04028,2026-08-01,2026-08-13,2026-08-16,Mobile App
B08078,H011,G04028,2025-05-04,2025-05-31,2025-06-04,Hotel Website
B08079,H003,G04028,2026-02-11,2026-02-17,2026-02-20,Hotel Website
B08080,H015,G04029,2025-05-19,2025-05-29,2025-05-31,Mobile App
B08081,H004,G04029,2025-07-06,2025-07-09,2025-07-11,Phone Booking
B08082,H003,G04030,2024-11-07,2024-11-14,2024-11-19,Hotel Website
B08083,H003,G04030,2026-01-27,2026-02-09,2026-02-12,Travel Agent
B08084,H015,G04030,2026-03-30,2026-04-14,2026-04-17,Phone Booking
B08085,H005,G04030,2026-07-29,2026-08-06,2026-08-09,OTA
B08086,H012,G04031,2026-03-29,2026-04-04,2026-04-07,Mobile App
B08087,H001,G04031,2026-07-29,2026-08-04,2026-08-08,Corporate Booking
B08088,H016,G04031,2026-02-11,2026-02-27,2026-02-28,Corporate Booking
B08089,H003,G04032,2024-02-26,2024-03-04,2024-03-07,Mobile App
B08090,H012,G04032,2025-04-11,2025-04-28,2025-04-29,Mobile App
B08091,H002,G04033,2026-04-16,2026-04-27,2026-05-02,Mobile App
B08092,H016,G04033,2026-07-20,2026-08-12,2026-08-14,Corporate Booking
B08093,H011,G04033,2024-12-24,2025-01-03,2025-01-04,Corporate Booking
B08094,H015,G04034,2024-01-16,2024-01-30,2024-02-02,OTA
B08095,H019,G04034,2025-06-19,2025-06-27,2025-07-02,Mobile App
B08096,H001,G04035,2026-04-29,2026-05-06,2026-05-09,OTA
B08097,H016,G04035,2026-06-29,2026-07-17,2026-07-20,Mobile App
B08098,H013,G04036,2025-11-14,2025-12-10,2025-12-14,Travel Agent
B08099,H003,G04036,2026-02-24,2026-03-24,2026-03-28,Hotel Website
B08100,H003,G04037,2025-04-02,2025-04-04,2025-04-10,Mobile App
B08101,H001,G04037,2026-05-16,2026-06-20,2026-06-27,Travel Agent
B08102,H018,G04038,2025-11-22,2025-12-27,2025-12-29,Travel Agent
B08103,H003,G04038,2026-01-07,2026-01-26,2026-01-31,OTA
B08104,H013,G04039,2024-07-06,2024-07-12,2024-07-15,Mobile App
B08105,H016,G04040,2026-01-17,2026-01-23,2026-01-26,Hotel Website
B08106,H015,G04040,2026-08-04,2026-08-13,2026-08-14,OTA
B08107,H010,G04041,2025-11-01,2025-12-06,2025-12-11,Travel Agent
B08108,H004,G04042,2024-09-30,2024-10-31,2024-11-05,Hotel Website
B08109,H006,G04042,2026-05-16,2026-06-01,2026-06-04,Mobile App
B08110,H008,G04043,2025-09-04,2025-10-01,2025-10-03,Hotel Website
B08111,H002,G04043,2025-10-26,2025-11-13,2025-11-16,Hotel Website
B08112,H004,G04043,2025-12-04,2025-12-28,2025-12-30,Hotel Website
B08113,H011,G04044,2025-10-28,2025-12-06,2025-12-07,Corporate Booking
B08114,H020,G04044,2026-01-04,2026-01-30,2026-01-31,Hotel Website
B08115,H014,G04045,2026-03-14,2026-04-09,2026-04-10,Hotel Website
B08116,H002,G04046,2025-06-16,2025-07-09,2025-07-11,OTA
B08117,H015,G04046,2025-10-30,2025-11-18,2025-11-23,Mobile App
B08118,H019,G04047,2025-09-09,2025-09-15,2025-09-17,Travel Agent
B08119,H003,G04047,2026-04-22,2026-05-22,2026-05-25,Travel Agent
B08120,H007,G04048,2026-04-12,2026-04-18,2026-04-22,OTA
B08121,H019,G04049,2026-04-02,2026-04-24,2026-04-29,Hotel Website
B08122,H013,G04049,2026-06-11,2026-06-27,2026-06-28,Corporate Booking
B08123,H008,G04050,2026-06-16,2026-06-26,2026-06-28,OTA
B08124,H014,G04050,2026-07-24,2026-07-31,2026-08-03,Hotel Website
B08125,H013,G04051,2026-07-23,2026-08-13,2026-08-15,Hotel Website
B08126,H008,G04051,2026-04-14,2026-05-14,2026-05-15,OTA
B08127,H003,G04051,2026-05-12,2026-06-11,2026-06-18,Travel Agent
B08128,H019,G04052,2025-05-09,2025-05-17,2025-05-21,OTA
B08129,H011,G04052,2026-07-05,2026-07-22,2026-07-24,OTA
B08130,H020,G04053,2026-06-13,2026-06-14,2026-06-18,Walk-in
B08131,H002,G04053,2026-08-01,2026-08-11,2026-08-14,Mobile App
B08132,H018,G04054,2025-08-08,2025-08-18,2025-08-20,Travel Agent
B08133,H005,G04055,2024-05-13,2024-05-30,2024-06-03,Mobile App
B08134,H005,G04055,2025-01-09,2025-01-15,2025-01-19,OTA
B08135,H008,G04056,2025-07-19,2025-07-27,2025-07-30,Travel Agent
B08136,H003,G04056,2026-01-12,2026-02-07,2026-02-09,OTA
B08137,H006,G04056,2026-06-15,2026-07-18,2026-07-21,Corporate Booking
B08138,H006,G04057,2025-05-17,2025-05-21,2025-05-22,OTA
B08139,H001,G04058,2026-04-17,2026-05-14,2026-05-18,Hotel Website
B08140,H002,G04058,2026-07-04,2026-07-14,2026-07-18,OTA
B08141,H011,G04058,2026-08-07,2026-08-25,2026-08-28,Phone Booking
B08142,H001,G04058,2024-03-30,2024-04-07,2024-04-10,Hotel Website
B08143,H003,G04059,2025-04-14,2025-04-22,2025-04-26,Hotel Website
B08144,H003,G04060,2026-08-08,2026-08-20,2026-08-24,OTA
B08145,H003,G04060,2024-05-11,2024-06-07,2024-06-14,OTA
B08146,H014,G04060,2025-11-29,2025-11-30,2025-12-01,Walk-in
B08147,H003,G04061,2024-12-01,2024-12-24,2024-12-26,OTA
B08148,H003,G04061,2025-03-19,2025-03-26,2025-03-30,Hotel Website
B08149,H014,G04061,2025-11-07,2025-12-16,2025-12-19,Travel Agent
B08150,H005,G04061,2026-07-14,2026-07-26,2026-08-02,Phone Booking
B08151,H006,G04062,2025-07-07,2025-07-17,2025-07-21,Mobile App
B08152,H006,G04062,2025-10-04,2025-10-29,2025-10-31,OTA
B08153,H011,G04063,2025-02-24,2025-03-08,2025-03-10,Hotel Website
B08154,H002,G04063,2025-12-28,2026-01-07,2026-01-12,OTA
B08155,H007,G04063,2026-02-09,2026-02-17,2026-02-21,OTA
B08156,H002,G04064,2026-05-08,2026-06-03,2026-06-06,OTA
B08157,H012,G04064,2026-08-06,2026-08-27,2026-08-28,OTA
B08158,H001,G04065,2025-01-26,2025-01-28,2025-01-30,Mobile App
B08159,H012,G04065,2026-06-04,2026-06-21,2026-06-24,OTA
B08160,H003,G04066,2024-03-07,2024-03-21,2024-03-25,Hotel Website
B08161,H015,G04066,2025-03-04,2025-03-14,2025-03-16,Corporate Booking
B08162,H013,G04067,2026-02-10,2026-02-16,2026-02-18,Hotel Website
B08163,H005,G04067,2026-07-20,2026-07-23,2026-07-26,Mobile App
B08164,H016,G04068,2025-05-14,2025-05-19,2025-05-21,Mobile App
B08165,H009,G04069,2024-07-07,2024-07-27,2024-07-29,Hotel Website
B08166,H020,G04069,2024-10-14,2024-11-02,2024-11-07,Phone Booking
B08167,H002,G04070,2025-05-21,2025-06-14,2025-06-18,OTA
B08168,H005,G04070,2025-10-03,2025-10-28,2025-11-04,Hotel Website
B08169,H014,G04071,2025-09-09,2025-09-28,2025-10-02,Corporate Booking
B08170,H014,G04071,2026-06-30,2026-07-04,2026-07-06,Mobile App
B08171,H014,G04071,2026-08-25,2026-08-26,2026-08-28,Walk-in
B08172,H003,G04072,2025-11-05,2025-11-23,2025-11-27,Mobile App
B08173,H019,G04073,2025-05-07,2025-05-18,2025-05-19,OTA
B08174,H019,G04073,2025-12-02,2025-12-20,2025-12-25,Hotel Website
B08175,H014,G04074,2025-09-02,2025-09-04,2025-09-07,OTA
B08176,H014,G04074,2025-12-16,2026-01-16,2026-01-17,Hotel Website
B08177,H008,G04075,2024-02-11,2024-02-18,2024-02-19,Phone Booking
B08178,H014,G04075,2024-09-14,2024-09-19,2024-09-22,OTA
B08179,H011,G04076,2025-07-09,2025-07-27,2025-07-28,Hotel Website
B08180,H015,G04077,2026-03-16,2026-03-18,2026-03-21,OTA
B08181,H015,G04077,2026-06-14,2026-06-25,2026-06-26,Corporate Booking
B08182,H003,G04077,2026-07-01,2026-08-15,2026-08-18,Travel Agent
B08183,H015,G04077,2026-07-15,2026-07-29,2026-07-30,Phone Booking
B08184,H011,G04078,2025-04-03,2025-04-18,2025-04-19,Phone Booking
B08185,H013,G04079,2026-07-15,2026-08-02,2026-08-04,Hotel Website
B08186,H003,G04079,2024-05-18,2024-06-01,2024-06-05,Travel Agent
B08187,H015,G04080,2025-03-15,2025-04-12,2025-04-13,Hotel Website
B08188,H007,G04080,2026-01-01,2026-01-24,2026-01-27,OTA
B08189,H005,G04080,2026-07-27,2026-07-28,2026-08-01,Mobile App
B08190,H014,G04081,2024-03-18,2024-04-13,2024-04-17,Corporate Booking
B08191,H015,G04082,2025-09-14,2025-10-10,2025-10-12,OTA
B08192,H019,G04083,2024-05-03,2024-05-30,2024-06-01,OTA
B08193,H003,G04084,2025-07-15,2025-07-22,2025-07-25,OTA
B08194,H003,G04084,2025-11-04,2025-11-23,2025-11-26,Travel Agent
B08195,H012,G04085,2025-05-01,2025-05-31,2025-06-03,Hotel Website
B08196,H018,G04086,2024-03-22,2024-04-05,2024-04-10,OTA
B08197,H012,G04086,2025-04-20,2025-05-23,2025-05-25,Hotel Website
B08198,H001,G04086,2026-05-10,2026-05-27,2026-05-29,OTA
B08199,H014,G04087,2024-01-31,2024-02-04,2024-02-05,OTA
B08200,H003,G04087,2024-04-27,2024-05-22,2024-05-25,Travel Agent
B08201,H002,G04088,2025-11-04,2025-12-04,2025-12-10,OTA
B08202,H016,G04088,2026-04-27,2026-05-04,2026-05-06,OTA
B08203,H002,G04088,2026-07-29,2026-08-16,2026-08-19,OTA
B08204,H015,G04089,2026-01-01,2026-01-02,2026-01-03,Walk-in
B08205,H013,G04089,2026-03-13,2026-03-14,2026-03-15,Walk-in
B08206,H012,G04090,2024-12-21,2025-01-29,2025-02-01,Travel Agent
B08207,H018,G04090,2025-04-24,2025-05-03,2025-05-05,Mobile App
B08208,H011,G04091,2026-02-04,2026-02-28,2026-03-02,Hotel Website
B08209,H011,G04091,2026-07-30,2026-08-16,2026-08-20,Travel Agent
B08210,H012,G04092,2025-09-27,2025-10-16,2025-10-18,Phone Booking
B08211,H014,G04093,2024-08-03,2024-09-17,2024-09-19,Corporate Booking
B08212,H015,G04094,2025-10-25,2025-11-17,2025-11-19,OTA
B08213,H011,G04095,2024-12-12,2025-01-05,2025-01-07,OTA
B08214,H013,G04096,2024-06-23,2024-07-04,2024-07-05,Corporate Booking
B08215,H012,G04096,2026-08-02,2026-08-17,2026-08-18,Mobile App
B08216,H008,G04097,2024-02-09,2024-03-07,2024-03-10,Travel Agent
B08217,H003,G04098,2025-02-11,2025-02-13,2025-02-16,Mobile App
B08218,H003,G04098,2025-10-28,2025-11-23,2025-11-27,Hotel Website
B08219,H002,G04099,2025-07-23,2025-07-24,2025-07-31,OTA
B08220,H015,G04099,2025-08-04,2025-09-01,2025-09-04,Hotel Website
B08221,H020,G04099,2026-02-21,2026-04-05,2026-04-08,Corporate Booking
B08222,H014,G04100,2025-08-28,2025-09-11,2025-09-13,Corporate Booking
B08223,H006,G04101,2025-12-27,2026-01-04,2026-01-06,OTA
B08224,H006,G04101,2026-03-29,2026-03-31,2026-04-02,Mobile App
B08225,H004,G04102,2025-08-23,2025-08-26,2025-08-29,Phone Booking
B08226,H020,G04103,2026-03-02,2026-04-04,2026-04-07,Travel Agent
B08227,H003,G04103,2026-08-02,2026-08-24,2026-08-31,Travel Agent
B08228,H014,G04104,2025-04-11,2025-05-09,2025-05-11,Travel Agent
B08229,H016,G04104,2025-06-09,2025-07-23,2025-07-25,Corporate Booking
B08230,H015,G04104,2025-08-25,2025-09-10,2025-09-11,Mobile App
B08231,H007,G04105,2024-09-20,2024-10-09,2024-10-14,Phone Booking
B08232,H015,G04105,2025-04-12,2025-04-22,2025-04-24,Hotel Website
B08233,H015,G04105,2025-08-27,2025-08-28,2025-08-30,Phone Booking
B08234,H016,G04106,2024-01-28,2024-02-03,2024-02-05,Travel Agent
B08235,H002,G04107,2024-10-30,2024-11-29,2024-12-01,Corporate Booking
B08236,H008,G04108,2025-02-13,2025-03-09,2025-03-11,OTA
B08237,H006,G04108,2025-11-01,2025-11-20,2025-11-26,Mobile App
B08238,H015,G04109,2024-03-30,2024-04-12,2024-04-15,Mobile App
B08239,H018,G04109,2024-05-06,2024-06-11,2024-06-16,Travel Agent
B08240,H017,G04110,2026-03-08,2026-03-29,2026-03-31,Phone Booking
B08241,H019,G04110,2026-05-19,2026-06-05,2026-06-07,Hotel Website
B08242,H011,G04111,2025-07-06,2025-08-02,2025-08-03,Corporate Booking
B08243,H019,G04112,2025-08-08,2025-08-16,2025-08-18,OTA
B08244,H001,G04112,2026-03-11,2026-03-18,2026-03-20,OTA
B08245,H018,G04113,2025-01-17,2025-01-27,2025-01-29,OTA
B08246,H012,G04113,2026-03-19,2026-03-29,2026-04-01,OTA
B08247,H017,G04113,2026-06-18,2026-06-19,2026-06-21,Walk-in
B08248,H007,G04114,2024-10-01,2024-10-02,2024-10-07,Phone Booking
B08249,H005,G04114,2026-02-25,2026-04-04,2026-04-10,Travel Agent
B08250,H008,G04115,2024-10-12,2024-10-13,2024-10-15,Phone Booking
B08251,H005,G04116,2024-07-04,2024-07-18,2024-07-22,Hotel Website
B08252,H020,G04116,2025-08-14,2025-09-26,2025-09-28,Corporate Booking
B08253,H002,G04117,2024-12-02,2024-12-18,2024-12-22,OTA
B08254,H003,G04118,2025-10-03,2025-10-21,2025-10-25,Travel Agent
B08255,H015,G04118,2025-11-13,2025-12-09,2025-12-15,Corporate Booking
B08256,H005,G04119,2024-01-05,2024-02-04,2024-02-08,Travel Agent
B08257,H005,G04119,2025-09-16,2025-10-15,2025-10-22,OTA
B08258,H002,G04120,2025-04-07,2025-04-12,2025-04-14,OTA
B08259,H003,G04120,2025-08-19,2025-09-20,2025-09-22,Hotel Website
B08260,H019,G04120,2026-01-20,2026-01-27,2026-01-29,Mobile App
B08261,H003,G04120,2026-05-02,2026-05-14,2026-05-19,Phone Booking
B08262,H014,G04120,2026-08-02,2026-08-21,2026-08-23,Travel Agent
B08263,H001,G04121,2024-11-07,2024-12-03,2024-12-06,OTA
B08264,H001,G04121,2026-01-22,2026-02-12,2026-02-15,Corporate Booking
B08265,H011,G04122,2026-05-18,2026-06-06,2026-06-08,Phone Booking
B08266,H011,G04122,2026-07-07,2026-07-25,2026-07-26,Mobile App
B08267,H003,G04123,2024-02-22,2024-03-24,2024-03-27,Hotel Website
B08268,H008,G04123,2025-02-01,2025-02-20,2025-02-21,Travel Agent
B08269,H016,G04124,2024-09-24,2024-10-28,2024-10-29,Corporate Booking
B08270,H006,G04124,2026-04-17,2026-05-11,2026-05-15,Corporate Booking
B08271,H014,G04125,2024-03-23,2024-04-02,2024-04-04,OTA
B08272,H004,G04125,2025-11-22,2025-12-01,2025-12-07,Hotel Website
B08273,H015,G04126,2024-08-10,2024-08-21,2024-08-22,Corporate Booking
B08274,H001,G04126,2026-07-29,2026-08-19,2026-08-24,Mobile App
B08275,H011,G04127,2024-12-13,2024-12-28,2024-12-30,Phone Booking
B08276,H012,G04127,2026-02-11,2026-02-26,2026-02-27,OTA
B08277,H012,G04127,2026-05-12,2026-05-24,2026-05-27,Phone Booking
B08278,H019,G04128,2025-12-09,2025-12-10,2025-12-13,Walk-in
B08279,H017,G04128,2026-06-11,2026-06-27,2026-06-28,OTA
B08280,H008,G04129,2024-09-20,2024-10-11,2024-10-14,Phone Booking
B08281,H003,G04130,2024-02-01,2024-02-03,2024-02-06,OTA
B08282,H015,G04131,2025-05-20,2025-06-25,2025-06-27,Corporate Booking
B08283,H002,G04131,2026-03-10,2026-03-18,2026-03-22,OTA
B08284,H018,G04131,2026-06-13,2026-07-12,2026-07-14,OTA
B08285,H006,G04132,2025-01-02,2025-01-18,2025-01-24,OTA
B08286,H003,G04133,2025-08-02,2025-08-20,2025-08-25,Phone Booking
B08287,H005,G04133,2025-12-10,2025-12-15,2025-12-19,Hotel Website
B08288,H003,G04134,2025-09-16,2025-09-24,2025-09-28,Phone Booking
B08289,H012,G04134,2026-03-11,2026-04-21,2026-04-24,Travel Agent
B08290,H008,G04134,2026-07-10,2026-07-11,2026-07-13,Walk-in
B08291,H015,G04134,2026-08-18,2026-08-24,2026-08-27,OTA
B08292,H002,G04135,2024-07-05,2024-07-11,2024-07-15,Hotel Website
B08293,H014,G04135,2026-08-05,2026-08-20,2026-08-21,Phone Booking
B08294,H014,G04135,2025-11-18,2025-11-26,2025-11-29,Corporate Booking
B08295,H015,G04136,2025-11-25,2025-11-30,2025-12-03,Corporate Booking
B08296,H014,G04136,2026-02-15,2026-02-27,2026-03-02,Mobile App
B08297,H002,G04136,2026-04-14,2026-05-01,2026-05-07,OTA
B08298,H001,G04137,2025-05-04,2025-06-11,2025-06-13,Corporate Booking
B08299,H018,G04137,2025-07-08,2025-08-09,2025-08-12,Travel Agent
B08300,H001,G04138,2025-11-08,2025-11-28,2025-12-02,OTA
B08301,H005,G04138,2026-07-27,2026-08-21,2026-08-27,OTA
B08302,H006,G04139,2025-12-17,2025-12-31,2026-01-03,OTA
B08303,H017,G04139,2026-05-15,2026-05-29,2026-05-30,Mobile App
B08304,H006,G04140,2024-11-19,2024-12-12,2024-12-15,Hotel Website
B08305,H012,G04140,2025-09-08,2025-09-11,2025-09-12,OTA
B08306,H001,G04141,2025-10-20,2025-11-03,2025-11-05,Travel Agent
B08307,H003,G04141,2026-07-10,2026-07-25,2026-07-30,Hotel Website
B08308,H007,G04142,2024-01-24,2024-02-05,2024-02-09,Travel Agent
B08309,H001,G04143,2024-12-23,2025-01-19,2025-01-25,OTA
B08310,H006,G04143,2026-01-23,2026-02-10,2026-02-11,OTA
B08311,H016,G04143,2026-08-04,2026-08-11,2026-08-12,OTA
B08312,H005,G04144,2025-01-11,2025-02-20,2025-02-22,Travel Agent
B08313,H011,G04145,2025-05-05,2025-05-12,2025-05-13,Corporate Booking
B08314,H011,G04145,2026-05-04,2026-05-12,2026-05-16,Hotel Website
B08315,H003,G04146,2024-03-08,2024-04-12,2024-04-14,Travel Agent
B08316,H019,G04147,2026-01-12,2026-01-28,2026-01-31,Phone Booking
B08317,H002,G04147,2026-04-13,2026-04-21,2026-04-27,OTA
B08318,H020,G04148,2024-08-08,2024-09-12,2024-09-14,Hotel Website
B08319,H007,G04148,2025-02-24,2025-03-12,2025-03-15,Hotel Website
B08320,H001,G04149,2025-03-15,2025-03-16,2025-03-20,Walk-in
B08321,H013,G04149,2025-10-05,2025-10-06,2025-10-07,Mobile App
B08322,H014,G04150,2026-04-27,2026-04-28,2026-04-29,Mobile App
B08323,H015,G04150,2026-07-15,2026-08-09,2026-08-15,Corporate Booking
B08324,H004,G04150,2026-03-20,2026-04-03,2026-04-07,Mobile App
B08325,H005,G04151,2024-12-03,2024-12-19,2024-12-24,Hotel Website
B08326,H016,G04151,2026-04-05,2026-04-07,2026-04-11,Phone Booking
B08327,H003,G04152,2024-03-04,2024-03-20,2024-03-24,Phone Booking
B08328,H001,G04153,2024-01-31,2024-03-02,2024-03-05,Hotel Website
B08329,H006,G04153,2025-06-16,2025-06-17,2025-06-20,Walk-in
B08330,H018,G04153,2026-07-09,2026-08-07,2026-08-11,Travel Agent
B08331,H015,G04154,2025-12-13,2025-12-14,2025-12-17,Phone Booking
B08332,H016,G04155,2025-06-04,2025-06-21,2025-06-22,Phone Booking
B08333,H016,G04155,2025-12-13,2026-01-10,2026-01-13,OTA
B08334,H002,G04156,2024-03-28,2024-04-21,2024-04-23,Hotel Website
B08335,H004,G04156,2025-06-27,2025-07-05,2025-07-08,Corporate Booking
B08336,H015,G04157,2026-03-06,2026-03-13,2026-03-17,Phone Booking
B08337,H012,G04157,2026-04-23,2026-05-20,2026-05-21,OTA
B08338,H012,G04157,2026-08-02,2026-08-03,2026-08-07,OTA
B08339,H012,G04158,2025-09-19,2025-10-10,2025-10-12,OTA
B08340,H005,G04159,2026-05-27,2026-06-09,2026-06-13,Hotel Website
B08341,H020,G04159,2026-07-12,2026-07-27,2026-07-30,Travel Agent
B08342,H019,G04160,2025-09-07,2025-09-21,2025-09-24,Mobile App
B08343,H005,G04161,2025-02-12,2025-02-17,2025-02-20,Mobile App
B08344,H016,G04161,2025-10-11,2025-10-23,2025-10-25,OTA
B08345,H012,G04161,2026-03-06,2026-03-16,2026-03-17,OTA
B08346,H012,G04162,2025-10-25,2025-10-30,2025-11-01,Phone Booking
B08347,H002,G04163,2024-01-27,2024-02-01,2024-02-04,Phone Booking
B08348,H006,G04163,2026-06-14,2026-06-22,2026-06-25,OTA
B08349,H001,G04163,2026-07-26,2026-08-12,2026-08-16,Phone Booking
B08350,H015,G04164,2025-12-15,2025-12-30,2026-01-01,Mobile App
B08351,H004,G04164,2026-03-29,2026-04-14,2026-04-18,Travel Agent
B08352,H012,G04164,2026-06-09,2026-07-11,2026-07-14,Corporate Booking
B08353,H005,G04165,2024-08-02,2024-08-07,2024-08-14,OTA
B08354,H014,G04165,2024-09-08,2024-10-01,2024-10-04,OTA
B08355,H004,G04166,2024-01-28,2024-02-09,2024-02-13,OTA
B08356,H004,G04166,2025-09-14,2025-10-05,2025-10-08,OTA
B08357,H018,G04166,2026-01-26,2026-02-08,2026-02-11,Mobile App
B08358,H006,G04167,2025-02-13,2025-03-02,2025-03-05,OTA
B08359,H014,G04167,2025-05-26,2025-06-30,2025-07-01,Corporate Booking
B08360,H014,G04167,2026-04-25,2026-04-28,2026-04-30,Phone Booking
B08361,H014,G04167,2026-06-20,2026-07-01,2026-07-03,OTA
B08362,H002,G04168,2026-06-13,2026-07-12,2026-07-16,OTA
B08363,H014,G04169,2024-03-12,2024-04-02,2024-04-04,Mobile App
B08364,H007,G04169,2026-01-25,2026-03-06,2026-03-08,Corporate Booking
B08365,H014,G04169,2026-05-30,2026-06-23,2026-06-25,Hotel Website
B08366,H004,G04169,2026-08-15,2026-08-21,2026-08-24,OTA
B08367,H017,G04170,2026-04-06,2026-04-26,2026-04-27,Hotel Website
B08368,H020,G04171,2026-04-22,2026-05-10,2026-05-14,Travel Agent
B08369,H001,G04171,2026-07-26,2026-08-15,2026-08-17,Hotel Website
B08370,H005,G04172,2025-01-26,2025-02-10,2025-02-13,Travel Agent
B08371,H015,G04173,2024-12-30,2025-01-22,2025-01-25,Hotel Website
B08372,H011,G04174,2024-01-09,2024-02-06,2024-02-08,OTA
B08373,H001,G04175,2025-02-23,2025-02-24,2025-03-01,Walk-in
B08374,H014,G04175,2025-04-25,2025-05-04,2025-05-05,Corporate Booking
B08375,H005,G04175,2026-03-23,2026-04-09,2026-04-13,Phone Booking
B08376,H015,G04175,2026-05-27,2026-06-16,2026-06-17,Hotel Website
B08377,H012,G04176,2024-09-13,2024-09-16,2024-09-17,Hotel Website
B08378,H014,G04176,2025-10-25,2025-11-16,2025-11-18,Travel Agent
B08379,H006,G04177,2025-10-01,2025-10-13,2025-10-14,OTA
B08380,H004,G04178,2024-01-04,2024-01-07,2024-01-09,OTA
B08381,H016,G04178,2024-10-12,2024-10-13,2024-10-15,OTA
B08382,H013,G04178,2024-10-28,2024-11-26,2024-11-27,OTA
B08383,H001,G04179,2026-06-01,2026-06-20,2026-06-23,Corporate Booking
B08384,H001,G04179,2026-08-19,2026-08-27,2026-08-30,Phone Booking
B08385,H002,G04179,2025-08-12,2025-08-28,2025-08-30,Mobile App
B08386,H015,G04180,2026-07-18,2026-08-07,2026-08-10,OTA
B08387,H012,G04180,2024-11-06,2024-11-14,2024-11-17,Corporate Booking
B08388,H001,G04180,2025-04-26,2025-05-21,2025-05-23,Hotel Website
B08389,H003,G04181,2025-04-01,2025-04-02,2025-04-06,Walk-in
B08390,H005,G04181,2025-10-12,2025-10-24,2025-10-29,Travel Agent
B08391,H006,G04182,2024-12-17,2024-12-26,2024-12-29,Phone Booking
B08392,H013,G04183,2024-11-14,2024-11-22,2024-11-23,Corporate Booking
B08393,H014,G04184,2026-01-31,2026-02-10,2026-02-12,Corporate Booking
B08394,H015,G04185,2026-07-20,2026-08-19,2026-08-20,Corporate Booking
B08395,H016,G04185,2026-05-11,2026-06-08,2026-06-12,OTA
B08396,H001,G04185,2026-07-02,2026-07-27,2026-08-03,Hotel Website
B08397,H011,G04186,2025-03-21,2025-04-04,2025-04-05,OTA
B08398,H003,G04186,2026-06-15,2026-06-30,2026-07-04,OTA
B08399,H005,G04187,2026-06-22,2026-07-02,2026-07-06,Phone Booking
B08400,H004,G04187,2026-08-13,2026-08-21,2026-08-24,OTA
B08401,H011,G04188,2025-03-10,2025-03-18,2025-03-19,Travel Agent
B08402,H005,G04189,2025-01-05,2025-01-31,2025-02-03,Corporate Booking
B08403,H015,G04189,2025-06-26,2025-07-02,2025-07-05,Phone Booking
B08404,H019,G04190,2024-09-08,2024-09-16,2024-09-19,Mobile App
B08405,H002,G04190,2025-12-06,2025-12-22,2025-12-25,Phone Booking
B08406,H006,G04191,2026-01-15,2026-01-28,2026-01-30,Corporate Booking
B08407,H011,G04191,2026-03-01,2026-03-08,2026-03-09,Corporate Booking
B08408,H016,G04192,2026-05-11,2026-06-16,2026-06-19,Corporate Booking
B08409,H014,G04192,2026-08-19,2026-08-25,2026-08-26,OTA
B08410,H007,G04192,2025-04-20,2025-05-04,2025-05-06,OTA
B08411,H016,G04193,2026-07-16,2026-07-27,2026-07-31,OTA
B08412,H016,G04193,2025-01-07,2025-02-17,2025-02-20,Travel Agent
B08413,H004,G04194,2024-11-06,2024-12-01,2024-12-05,Hotel Website
B08414,H004,G04195,2024-12-27,2025-01-03,2025-01-10,OTA
B08415,H003,G04195,2026-08-28,2026-08-29,2026-08-31,OTA
B08416,H011,G04196,2024-11-29,2024-12-04,2024-12-05,Corporate Booking
B08417,H003,G04196,2025-10-18,2025-10-20,2025-10-24,Hotel Website
B08418,H003,G04196,2026-02-15,2026-03-16,2026-03-19,Hotel Website
B08419,H003,G04197,2024-08-16,2024-09-14,2024-09-18,Hotel Website
B08420,H015,G04198,2026-06-16,2026-07-17,2026-07-19,Corporate Booking
B08421,H015,G04199,2025-02-28,2025-03-01,2025-03-02,Walk-in
B08422,H016,G04199,2025-04-15,2025-04-25,2025-04-29,Phone Booking
B08423,H017,G04199,2026-02-08,2026-02-14,2026-02-16,Travel Agent
B08424,H003,G04199,2026-07-16,2026-08-12,2026-08-15,Travel Agent
B08425,H015,G04200,2025-01-26,2025-01-30,2025-02-04,Hotel Website
B08426,H005,G04200,2026-02-25,2026-03-20,2026-03-23,Hotel Website
B08427,H018,G04200,2026-07-29,2026-08-23,2026-08-25,Hotel Website
B08428,H011,G04201,2025-09-20,2025-10-24,2025-10-27,Corporate Booking
B08429,H011,G04201,2026-02-16,2026-02-22,2026-02-23,Travel Agent
B08430,H003,G04202,2026-01-23,2026-01-24,2026-01-26,Walk-in
B08431,H003,G04202,2026-03-24,2026-04-16,2026-04-21,Hotel Website
B08432,H008,G04202,2026-04-17,2026-05-18,2026-05-20,Corporate Booking
B08433,H006,G04203,2024-11-02,2024-11-18,2024-11-20,OTA
B08434,H016,G04203,2025-02-23,2025-03-17,2025-03-20,OTA
B08435,H003,G04204,2025-03-12,2025-03-20,2025-03-25,Travel Agent
B08436,H015,G04204,2025-05-19,2025-06-04,2025-06-07,OTA
B08437,H004,G04205,2025-02-24,2025-03-23,2025-03-26,OTA
B08438,H007,G04205,2026-01-03,2026-01-04,2026-01-10,Phone Booking
B08439,H005,G04205,2026-03-17,2026-03-29,2026-03-31,OTA
B08440,H011,G04205,2026-07-07,2026-07-20,2026-07-21,Corporate Booking
B08441,H005,G04206,2024-06-15,2024-07-01,2024-07-08,Phone Booking
B08442,H005,G04206,2025-08-07,2025-08-10,2025-08-15,Mobile App
B08443,H004,G04207,2025-02-09,2025-03-22,2025-03-24,Travel Agent
B08444,H004,G04207,2025-10-15,2025-11-01,2025-11-04,Hotel Website
B08445,H004,G04207,2026-04-16,2026-04-27,2026-04-30,Hotel Website
B08446,H015,G04208,2024-03-18,2024-03-22,2024-03-24,Mobile App
B08447,H011,G04208,2025-12-03,2025-12-07,2025-12-08,Phone Booking
B08448,H002,G04209,2025-06-23,2025-06-28,2025-07-03,Hotel Website
B08449,H002,G04209,2026-03-31,2026-04-02,2026-04-05,Mobile App
B08450,H005,G04210,2024-10-27,2024-11-13,2024-11-17,OTA
B08451,H013,G04211,2024-07-24,2024-07-25,2024-07-27,Walk-in
B08452,H003,G04212,2025-04-23,2025-05-14,2025-05-18,Mobile App
B08453,H015,G04213,2025-12-13,2026-01-05,2026-01-09,Hotel Website
B08454,H001,G04214,2024-03-06,2024-03-22,2024-03-25,OTA
B08455,H011,G04215,2026-07-25,2026-08-21,2026-08-24,Travel Agent
B08456,H011,G04215,2025-05-20,2025-06-03,2025-06-07,OTA
B08457,H012,G04215,2025-10-13,2025-10-25,2025-10-27,Phone Booking
B08458,H012,G04215,2026-01-17,2026-01-22,2026-01-23,Mobile App
B08459,H011,G04216,2024-06-21,2024-07-31,2024-08-04,Corporate Booking
B08460,H012,G04216,2025-10-03,2025-10-11,2025-10-15,OTA
B08461,H003,G04217,2026-03-21,2026-03-29,2026-04-01,Phone Booking
B08462,H014,G04217,2026-04-30,2026-05-17,2026-05-20,Corporate Booking
B08463,H004,G04218,2024-11-19,2024-12-22,2024-12-24,Travel Agent
B08464,H008,G04218,2025-04-12,2025-04-30,2025-05-04,Phone Booking
B08465,H002,G04219,2025-03-11,2025-03-23,2025-03-28,Mobile App
B08466,H020,G04219,2025-10-26,2025-11-14,2025-11-16,Hotel Website
B08467,H013,G04220,2024-03-28,2024-05-06,2024-05-08,Corporate Booking
B08468,H013,G04220,2024-06-10,2024-06-23,2024-06-24,OTA
B08469,H002,G04221,2025-07-20,2025-07-23,2025-07-28,Hotel Website
B08470,H012,G04221,2026-03-12,2026-03-21,2026-03-23,OTA
B08471,H012,G04221,2026-08-23,2026-08-29,2026-08-31,Phone Booking
B08472,H008,G04222,2024-01-10,2024-01-11,2024-01-13,Phone Booking
B08473,H014,G04222,2024-10-05,2024-10-06,2024-10-08,Walk-in
B08474,H012,G04223,2024-08-31,2024-09-25,2024-09-26,Hotel Website
B08475,H005,G04223,2025-08-27,2025-09-12,2025-09-15,Mobile App
B08476,H003,G04224,2025-03-11,2025-03-28,2025-03-30,Mobile App
B08477,H003,G04224,2026-07-02,2026-07-06,2026-07-11,Hotel Website
B08478,H019,G04225,2024-01-25,2024-01-26,2024-01-29,Walk-in
B08479,H007,G04225,2026-02-15,2026-02-16,2026-02-19,Walk-in
B08480,H005,G04226,2025-01-08,2025-01-18,2025-01-22,Phone Booking
B08481,H009,G04226,2025-02-17,2025-03-09,2025-03-10,OTA
B08482,H015,G04227,2025-03-14,2025-03-23,2025-03-26,Corporate Booking
B08483,H007,G04228,2024-05-08,2024-06-03,2024-06-06,Hotel Website
B08484,H011,G04229,2024-01-16,2024-02-04,2024-02-05,OTA
B08485,H017,G04230,2026-06-28,2026-07-10,2026-07-11,OTA
B08486,H006,G04230,2026-08-10,2026-08-27,2026-08-30,Travel Agent
B08487,H006,G04231,2025-09-02,2025-09-21,2025-09-23,Travel Agent
B08488,H003,G04231,2026-01-06,2026-02-15,2026-02-19,Travel Agent
B08489,H013,G04232,2025-03-04,2025-03-15,2025-03-17,Mobile App
B08490,H011,G04233,2024-09-22,2024-10-23,2024-10-24,Corporate Booking
B08491,H011,G04233,2025-08-20,2025-08-27,2025-09-01,Mobile App
B08492,H015,G04234,2026-03-27,2026-05-04,2026-05-10,Travel Agent
B08493,H002,G04235,2024-12-19,2024-12-28,2024-12-31,Mobile App
B08494,H001,G04235,2025-12-18,2026-01-16,2026-01-20,OTA
B08495,H013,G04236,2025-11-19,2025-12-07,2025-12-09,Corporate Booking
B08496,H013,G04236,2026-06-30,2026-07-17,2026-07-20,OTA
B08497,H007,G04237,2025-12-24,2026-01-12,2026-01-14,Phone Booking
B08498,H001,G04237,2026-02-05,2026-02-22,2026-02-27,OTA
B08499,H015,G04238,2025-07-19,2025-08-04,2025-08-06,Corporate Booking
B08500,H012,G04238,2025-08-15,2025-09-23,2025-09-24,Travel Agent
B08501,H015,G04239,2025-09-21,2025-10-07,2025-10-08,Phone Booking
B08502,H003,G04240,2024-02-21,2024-03-09,2024-03-12,Hotel Website
B08503,H003,G04240,2025-03-02,2025-03-08,2025-03-14,OTA
B08504,H011,G04241,2024-12-04,2025-01-06,2025-01-10,Corporate Booking
B08505,H017,G04241,2026-01-17,2026-02-10,2026-02-11,Travel Agent
B08506,H019,G04242,2025-10-15,2025-10-25,2025-10-27,OTA
B08507,H002,G04242,2026-01-25,2026-01-26,2026-01-29,Walk-in
B08508,H016,G04242,2026-04-03,2026-04-08,2026-04-09,Travel Agent
B08509,H012,G04242,2026-06-07,2026-06-09,2026-06-10,OTA
B08510,H004,G04243,2025-01-14,2025-01-20,2025-01-23,Mobile App
B08511,H003,G04244,2025-05-20,2025-06-11,2025-06-15,Hotel Website
B08512,H004,G04245,2026-01-24,2026-02-28,2026-03-04,Hotel Website
B08513,H018,G04245,2026-03-26,2026-04-12,2026-04-13,Phone Booking
B08514,H004,G04245,2026-05-14,2026-06-06,2026-06-10,OTA
B08515,H002,G04245,2026-07-07,2026-07-10,2026-07-15,Hotel Website
B08516,H019,G04246,2024-08-25,2024-08-27,2024-08-28,Mobile App
B08517,H001,G04247,2025-04-26,2025-05-26,2025-06-02,OTA
B08518,H018,G04247,2025-09-13,2025-10-01,2025-10-04,Travel Agent
B08519,H003,G04247,2026-02-02,2026-03-02,2026-03-07,Travel Agent
B08520,H008,G04248,2024-05-06,2024-06-02,2024-06-03,Travel Agent
B08521,H018,G04248,2026-07-26,2026-08-19,2026-08-20,Hotel Website
B08522,H015,G04249,2024-07-22,2024-08-20,2024-08-21,Corporate Booking
B08523,H016,G04250,2024-07-13,2024-08-16,2024-08-17,Hotel Website
B08524,H019,G04250,2026-08-16,2026-08-24,2026-08-26,Hotel Website
B08525,H011,G04250,2026-08-06,2026-08-11,2026-08-12,Corporate Booking
B08526,H014,G04251,2024-01-10,2024-01-29,2024-02-01,Mobile App
B08527,H013,G04251,2026-05-12,2026-06-01,2026-06-04,OTA
B08528,H014,G04251,2026-06-30,2026-07-17,2026-07-18,Phone Booking
B08529,H002,G04251,2024-06-09,2024-06-30,2024-07-06,Phone Booking
B08530,H002,G04251,2025-10-02,2025-10-09,2025-10-12,Mobile App
B08531,H006,G04252,2025-04-05,2025-04-08,2025-04-11,Phone Booking
B08532,H014,G04252,2026-07-10,2026-07-22,2026-07-26,Mobile App
B08533,H006,G04252,2026-08-15,2026-08-16,2026-08-20,Walk-in
B08534,H003,G04252,2026-02-08,2026-03-24,2026-03-28,Travel Agent
B08535,H003,G04252,2026-08-07,2026-08-27,2026-08-31,OTA
B08536,H005,G04252,2026-04-18,2026-04-25,2026-04-27,Phone Booking
B08537,H003,G04253,2024-09-15,2024-09-23,2024-09-30,Phone Booking
B08538,H012,G04254,2024-03-03,2024-04-03,2024-04-06,Corporate Booking
B08539,H010,G04255,2026-03-10,2026-04-06,2026-04-11,OTA
B08540,H007,G04255,2026-05-16,2026-05-22,2026-05-24,Phone Booking
B08541,H007,G04256,2025-01-03,2025-01-13,2025-01-16,Mobile App
B08542,H011,G04256,2025-06-04,2025-06-17,2025-06-18,Corporate Booking
B08543,H002,G04256,2025-07-10,2025-08-07,2025-08-10,OTA
B08544,H016,G04257,2024-02-23,2024-03-13,2024-03-15,Phone Booking
B08545,H004,G04258,2024-06-13,2024-06-18,2024-06-22,OTA
B08546,H012,G04258,2024-09-06,2024-09-14,2024-09-16,OTA
B08547,H015,G04259,2024-05-06,2024-05-21,2024-05-22,Phone Booking
B08548,H014,G04259,2024-06-19,2024-07-17,2024-07-18,Corporate Booking
B08549,H003,G04260,2025-09-21,2025-09-24,2025-09-27,Hotel Website
B08550,H002,G04261,2025-12-28,2026-01-07,2026-01-12,OTA
B08551,H015,G04262,2024-12-02,2024-12-25,2024-12-27,OTA
B08552,H013,G04263,2024-10-17,2024-10-29,2024-10-30,OTA
B08553,H013,G04263,2026-03-11,2026-03-16,2026-03-17,OTA
B08554,H002,G04264,2025-08-28,2025-09-10,2025-09-12,OTA
B08555,H019,G04264,2026-04-19,2026-05-12,2026-05-15,OTA
B08556,H003,G04265,2024-10-17,2024-11-06,2024-11-09,Hotel Website
B08557,H005,G04265,2024-12-16,2024-12-27,2024-12-30,Mobile App
B08558,H004,G04265,2025-07-06,2025-07-19,2025-07-21,Travel Agent
B08559,H005,G04266,2026-05-03,2026-05-24,2026-05-27,Hotel Website
B08560,H004,G04267,2024-09-05,2024-09-06,2024-09-09,Walk-in
B08561,H014,G04267,2025-12-30,2026-01-24,2026-01-26,OTA
B08562,H015,G04268,2025-04-01,2025-04-20,2025-04-22,Mobile App
B08563,H020,G04268,2025-11-05,2025-11-17,2025-11-20,OTA
B08564,H005,G04269,2025-02-25,2025-03-24,2025-03-28,Corporate Booking
B08565,H002,G04270,2025-04-15,2025-04-28,2025-04-30,Hotel Website
B08566,H005,G04270,2025-10-03,2025-10-28,2025-10-31,Hotel Website
B08567,H014,G04271,2025-10-25,2025-10-28,2025-10-30,Hotel Website
B08568,H003,G04272,2026-08-01,2026-08-12,2026-08-15,Phone Booking
B08569,H007,G04272,2026-08-11,2026-08-15,2026-08-19,Phone Booking
B08570,H017,G04273,2024-07-20,2024-08-02,2024-08-03,OTA
B08571,H011,G04273,2025-09-02,2025-09-11,2025-09-14,Hotel Website
B08572,H014,G04274,2025-04-12,2025-05-15,2025-05-17,Travel Agent
B08573,H013,G04274,2025-06-13,2025-07-02,2025-07-04,OTA
B08574,H014,G04274,2026-02-26,2026-03-23,2026-03-24,Corporate Booking
B08575,H012,G04275,2026-03-23,2026-04-09,2026-04-10,Phone Booking
B08576,H005,G04275,2026-06-17,2026-06-19,2026-06-25,OTA
B08577,H020,G04276,2024-05-18,2024-06-04,2024-06-08,Mobile App
B08578,H004,G04276,2025-08-24,2025-09-13,2025-09-15,Mobile App
B08579,H013,G04276,2026-05-03,2026-05-20,2026-05-21,Phone Booking
B08580,H015,G04276,2026-08-02,2026-08-05,2026-08-07,Mobile App
B08581,H002,G04277,2026-04-24,2026-05-21,2026-05-28,OTA
B08582,H014,G04277,2026-08-19,2026-08-26,2026-08-29,Corporate Booking
B08583,H014,G04277,2025-01-30,2025-02-06,2025-02-08,Mobile App
B08584,H011,G04277,2026-03-03,2026-03-19,2026-03-21,Hotel Website
B08585,H001,G04278,2024-10-30,2024-11-20,2024-11-24,Phone Booking
B08586,H001,G04278,2024-12-29,2025-02-09,2025-02-16,Corporate Booking
B08587,H002,G04278,2025-11-09,2025-11-29,2025-12-03,Mobile App
B08588,H003,G04279,2025-12-08,2026-01-06,2026-01-09,OTA
B08589,H003,G04279,2026-03-20,2026-03-27,2026-04-01,OTA
B08590,H019,G04280,2025-12-09,2025-12-15,2025-12-18,Phone Booking
B08591,H020,G04281,2024-10-02,2024-10-18,2024-10-21,Phone Booking
B08592,H013,G04281,2025-10-10,2025-10-11,2025-10-12,Walk-in
B08593,H001,G04282,2024-01-09,2024-01-10,2024-01-13,Walk-in
B08594,H004,G04283,2024-06-15,2024-06-16,2024-06-18,Mobile App
B08595,H004,G04283,2024-11-04,2024-12-07,2024-12-11,Hotel Website
B08596,H005,G04284,2024-11-18,2024-12-14,2024-12-16,OTA
B08597,H011,G04285,2026-05-06,2026-05-14,2026-05-15,Mobile App
B08598,H004,G04285,2026-08-09,2026-08-29,2026-08-31,Travel Agent
B08599,H012,G04286,2025-02-19,2025-03-07,2025-03-09,Mobile App
B08600,H012,G04287,2026-02-15,2026-02-22,2026-02-23,OTA
B08601,H003,G04287,2026-08-10,2026-08-21,2026-08-26,OTA
B08602,H014,G04288,2024-11-16,2024-11-29,2024-12-02,Corporate Booking
B08603,H018,G04289,2026-08-15,2026-08-16,2026-08-19,Mobile App
B08604,H004,G04289,2025-01-06,2025-01-15,2025-01-17,Mobile App
B08605,H015,G04289,2026-02-12,2026-03-09,2026-03-10,OTA
B08606,H013,G04289,2026-06-25,2026-07-08,2026-07-09,OTA
B08607,H002,G04290,2024-01-30,2024-02-02,2024-02-05,Phone Booking
B08608,H001,G04290,2025-07-17,2025-07-29,2025-08-01,Mobile App
B08609,H015,G04291,2024-12-24,2025-01-14,2025-01-18,Corporate Booking
B08610,H012,G04291,2025-08-07,2025-08-23,2025-08-26,Corporate Booking
B08611,H019,G04292,2024-11-22,2024-12-01,2024-12-05,Travel Agent
B08612,H002,G04292,2026-01-20,2026-01-31,2026-02-04,OTA
B08613,H003,G04292,2026-01-29,2026-02-26,2026-03-02,Travel Agent
B08614,H018,G04293,2026-01-21,2026-02-20,2026-02-21,OTA
B08615,H003,G04293,2026-08-08,2026-08-23,2026-08-27,OTA
B08616,H003,G04294,2025-06-29,2025-07-04,2025-07-08,Travel Agent
B08617,H020,G04294,2026-04-24,2026-05-20,2026-05-23,Corporate Booking
B08618,H019,G04294,2026-07-16,2026-08-23,2026-08-26,Travel Agent
B08619,H016,G04295,2025-01-07,2025-01-26,2025-01-28,Corporate Booking
B08620,H011,G04296,2026-07-30,2026-07-31,2026-08-05,Walk-in
B08621,H004,G04297,2025-04-19,2025-05-16,2025-05-21,OTA
B08622,H020,G04298,2025-03-21,2025-04-19,2025-04-22,Hotel Website
B08623,H016,G04298,2025-08-26,2025-09-16,2025-09-17,Hotel Website
B08624,H008,G04299,2024-03-16,2024-03-24,2024-03-28,Corporate Booking
B08625,H010,G04299,2024-11-06,2024-11-12,2024-11-13,Hotel Website
B08626,H012,G04300,2024-01-04,2024-02-08,2024-02-09,Hotel Website
B08627,H015,G04300,2025-10-11,2025-10-29,2025-10-31,Hotel Website
B08628,H015,G04300,2026-03-25,2026-04-08,2026-04-09,OTA
B08629,H007,G04301,2026-04-09,2026-04-10,2026-04-13,Walk-in
B08630,H017,G04302,2024-10-14,2024-11-08,2024-11-10,OTA
B08631,H003,G04302,2025-03-31,2025-05-05,2025-05-09,Travel Agent
B08632,H008,G04303,2024-10-30,2024-11-27,2024-12-03,Travel Agent
B08633,H016,G04303,2025-07-06,2025-08-06,2025-08-07,Hotel Website
B08634,H020,G04304,2025-04-23,2025-04-24,2025-04-26,Walk-in
B08635,H008,G04305,2026-03-09,2026-03-18,2026-03-19,Travel Agent
B08636,H013,G04306,2024-12-04,2024-12-17,2024-12-20,Mobile App
B08637,H003,G04307,2024-07-21,2024-08-09,2024-08-15,Travel Agent
B08638,H001,G04307,2026-06-18,2026-07-03,2026-07-07,Phone Booking
B08639,H015,G04308,2026-02-21,2026-02-26,2026-02-28,Mobile App
B08640,H015,G04308,2026-03-18,2026-04-16,2026-04-17,Corporate Booking
B08641,H001,G04308,2026-07-27,2026-08-15,2026-08-17,Hotel Website
B08642,H015,G04308,2026-01-28,2026-02-02,2026-02-05,Corporate Booking
B08643,H003,G04309,2024-06-03,2024-06-24,2024-06-27,Phone Booking
B08644,H003,G04310,2025-11-03,2025-11-13,2025-11-16,Travel Agent
B08645,H015,G04310,2026-01-18,2026-02-11,2026-02-14,Corporate Booking
B08646,H015,G04311,2024-05-09,2024-06-05,2024-06-08,Hotel Website
B08647,H002,G04312,2024-06-03,2024-06-13,2024-06-16,Travel Agent
B08648,H016,G04312,2025-07-25,2025-08-08,2025-08-11,Corporate Booking
B08649,H015,G04313,2025-01-09,2025-01-12,2025-01-13,OTA
B08650,H002,G04314,2026-01-07,2026-01-12,2026-01-15,Hotel Website
B08651,H013,G04314,2026-04-30,2026-05-08,2026-05-09,Mobile App
B08652,H003,G04314,2026-07-23,2026-07-24,2026-07-29,Walk-in
B08653,H003,G04314,2026-08-21,2026-08-28,2026-08-30,Phone Booking
B08654,H005,G04315,2024-10-02,2024-10-15,2024-10-17,OTA
B08655,H012,G04316,2025-07-03,2025-07-24,2025-07-25,OTA
B08656,H014,G04317,2024-03-12,2024-04-16,2024-04-21,Corporate Booking
B08657,H011,G04317,2025-11-28,2025-11-30,2025-12-01,Hotel Website
B08658,H011,G04317,2026-03-10,2026-03-11,2026-03-14,Walk-in
B08659,H011,G04317,2026-06-28,2026-08-09,2026-08-10,Corporate Booking
B08660,H011,G04317,2024-06-12,2024-06-20,2024-06-22,Mobile App
B08661,H015,G04318,2026-04-17,2026-05-08,2026-05-09,Corporate Booking
B08662,H019,G04318,2026-05-23,2026-06-22,2026-06-27,OTA
B08663,H003,G04319,2026-06-19,2026-06-21,2026-06-26,Hotel Website
B08664,H001,G04320,2024-07-04,2024-08-18,2024-08-21,Corporate Booking
B08665,H003,G04320,2024-11-24,2024-12-03,2024-12-05,Mobile App
B08666,H007,G04321,2025-12-20,2026-01-08,2026-01-09,Mobile App
B08667,H003,G04322,2025-10-27,2025-11-20,2025-11-22,OTA
B08668,H004,G04322,2026-08-11,2026-08-18,2026-08-22,OTA
B08669,H012,G04323,2024-07-15,2024-07-16,2024-07-18,Phone Booking
B08670,H012,G04323,2026-08-15,2026-08-16,2026-08-17,Walk-in
B08671,H020,G04323,2025-05-18,2025-05-19,2025-05-22,Walk-in
B08672,H012,G04324,2025-12-30,2026-01-12,2026-01-13,Phone Booking
B08673,H015,G04324,2026-02-22,2026-03-13,2026-03-15,Mobile App
B08674,H016,G04324,2026-03-25,2026-04-02,2026-04-07,Phone Booking
B08675,H014,G04324,2026-08-01,2026-08-15,2026-08-16,OTA
B08676,H004,G04325,2025-06-04,2025-06-13,2025-06-16,Phone Booking
B08677,H016,G04326,2026-01-19,2026-02-02,2026-02-04,Corporate Booking
B08678,H016,G04326,2026-04-26,2026-06-09,2026-06-12,Corporate Booking
B08679,H004,G04326,2026-08-17,2026-08-21,2026-08-24,Mobile App
B08680,H016,G04327,2026-02-18,2026-03-18,2026-03-21,Corporate Booking
B08681,H016,G04327,2026-07-05,2026-07-21,2026-07-22,Mobile App
B08682,H016,G04328,2024-08-02,2024-08-06,2024-08-10,OTA
B08683,H004,G04329,2025-11-12,2025-11-13,2025-11-15,OTA
B08684,H011,G04329,2026-04-05,2026-04-13,2026-04-14,Hotel Website
B08685,H008,G04330,2026-05-02,2026-05-23,2026-05-29,OTA
B08686,H007,G04330,2026-08-22,2026-08-23,2026-08-24,Walk-in
B08687,H007,G04331,2024-09-12,2024-09-26,2024-09-28,Phone Booking
B08688,H002,G04332,2024-02-02,2024-02-03,2024-02-06,Phone Booking
B08689,H002,G04333,2026-06-13,2026-07-01,2026-07-07,Travel Agent
B08690,H011,G04334,2024-03-17,2024-04-05,2024-04-09,Travel Agent
B08691,H016,G04334,2024-07-31,2024-08-19,2024-08-22,Phone Booking
B08692,H005,G04335,2026-06-25,2026-07-27,2026-07-31,Travel Agent
B08693,H020,G04335,2025-06-27,2025-06-28,2025-07-01,Mobile App
B08694,H020,G04336,2025-09-04,2025-10-01,2025-10-05,OTA
B08695,H014,G04336,2025-11-07,2025-11-12,2025-11-15,OTA
B08696,H011,G04336,2026-05-02,2026-05-20,2026-05-21,OTA
B08697,H006,G04337,2025-05-15,2025-06-06,2025-06-12,Hotel Website
B08698,H012,G04338,2025-04-20,2025-05-30,2025-05-31,Corporate Booking
B08699,H016,G04338,2025-07-31,2025-08-10,2025-08-14,Travel Agent
B08700,H004,G04339,2024-02-25,2024-02-27,2024-03-04,Phone Booking
B08701,H016,G04339,2025-12-17,2025-12-27,2025-12-28,OTA
B08702,H005,G04340,2025-01-09,2025-02-07,2025-02-12,OTA
B08703,H016,G04341,2025-07-28,2025-09-02,2025-09-03,Corporate Booking
B08704,H012,G04342,2025-01-05,2025-02-03,2025-02-04,Travel Agent
B08705,H012,G04342,2025-09-20,2025-10-08,2025-10-09,OTA
B08706,H012,G04342,2026-03-27,2026-05-02,2026-05-04,Corporate Booking
B08707,H006,G04343,2026-06-22,2026-07-22,2026-07-25,Hotel Website
B08708,H020,G04344,2024-02-03,2024-02-12,2024-02-15,OTA
B08709,H017,G04345,2026-04-30,2026-05-01,2026-05-05,Walk-in
B08710,H015,G04346,2025-05-21,2025-05-24,2025-05-25,Hotel Website
B08711,H020,G04347,2024-02-08,2024-02-09,2024-02-10,Walk-in
B08712,H003,G04347,2025-11-06,2025-12-08,2025-12-11,Travel Agent
B08713,H015,G04348,2025-02-20,2025-03-09,2025-03-11,Corporate Booking
B08714,H003,G04349,2025-10-27,2025-11-05,2025-11-08,OTA
B08715,H011,G04349,2026-03-02,2026-03-03,2026-03-06,OTA
B08716,H016,G04350,2024-10-04,2024-11-18,2024-11-19,Corporate Booking
B08717,H012,G04350,2026-08-05,2026-08-06,2026-08-07,Walk-in
B08718,H001,G04351,2024-04-22,2024-05-30,2024-06-01,Corporate Booking
B08719,H005,G04351,2026-06-18,2026-08-02,2026-08-06,Corporate Booking
B08720,H014,G04351,2025-07-12,2025-08-15,2025-08-18,Hotel Website
B08721,H004,G04352,2026-06-05,2026-07-02,2026-07-08,Hotel Website
B08722,H015,G04352,2026-08-09,2026-08-23,2026-08-26,OTA
B08723,H005,G04353,2024-11-12,2024-12-19,2024-12-21,Travel Agent
B08724,H004,G04353,2025-07-03,2025-08-01,2025-08-04,OTA
B08725,H020,G04354,2025-04-03,2025-04-19,2025-04-23,Hotel Website
B08726,H013,G04355,2026-05-16,2026-05-17,2026-05-18,Walk-in
B08727,H013,G04356,2026-04-02,2026-04-03,2026-04-04,Walk-in
B08728,H012,G04357,2025-10-07,2025-10-30,2025-11-01,Corporate Booking
B08729,H017,G04358,2024-05-17,2024-05-24,2024-05-26,OTA
B08730,H005,G04359,2025-08-13,2025-08-24,2025-08-28,OTA
B08731,H017,G04359,2026-02-03,2026-02-25,2026-02-28,Travel Agent
B08732,H016,G04360,2025-08-01,2025-08-12,2025-08-18,Mobile App
B08733,H007,G04360,2025-09-04,2025-10-10,2025-10-14,Travel Agent
B08734,H007,G04361,2025-03-06,2025-03-07,2025-03-12,Walk-in
B08735,H003,G04362,2026-02-10,2026-02-26,2026-03-01,Travel Agent
B08736,H011,G04362,2026-06-17,2026-07-11,2026-07-13,OTA
B08737,H001,G04363,2024-10-29,2024-10-30,2024-11-04,Walk-in
B08738,H012,G04363,2026-04-10,2026-04-11,2026-04-12,Walk-in
B08739,H002,G04364,2026-08-10,2026-08-27,2026-08-31,Mobile App
B08740,H003,G04364,2024-07-26,2024-08-11,2024-08-15,Phone Booking
B08741,H015,G04364,2025-01-03,2025-02-16,2025-02-19,Corporate Booking
B08742,H013,G04364,2026-04-22,2026-05-19,2026-05-21,Corporate Booking
B08743,H004,G04364,2026-06-13,2026-06-28,2026-07-02,OTA
B08744,H012,G04365,2026-05-06,2026-05-14,2026-05-18,Mobile App
B08745,H004,G04366,2024-06-09,2024-06-22,2024-06-26,Travel Agent
B08746,H015,G04367,2025-11-09,2025-11-26,2025-11-28,Phone Booking
B08747,H015,G04368,2026-03-20,2026-03-31,2026-04-02,OTA
B08748,H016,G04369,2025-03-12,2025-03-26,2025-03-29,Travel Agent
B08749,H005,G04369,2026-01-11,2026-01-22,2026-01-26,Hotel Website
B08750,H001,G04370,2026-05-17,2026-06-08,2026-06-13,Travel Agent
B08751,H005,G04370,2026-08-11,2026-08-27,2026-08-30,Mobile App
B08752,H011,G04371,2024-05-27,2024-07-05,2024-07-08,Travel Agent
B08753,H016,G04372,2024-12-23,2024-12-31,2025-01-01,Mobile App
B08754,H019,G04372,2026-07-26,2026-08-23,2026-08-24,OTA
B08755,H009,G04372,2026-02-01,2026-02-25,2026-02-27,Hotel Website
B08756,H016,G04373,2025-12-07,2025-12-28,2025-12-29,Phone Booking
B08757,H008,G04373,2026-03-04,2026-03-22,2026-03-27,Mobile App
B08758,H017,G04373,2026-04-19,2026-05-07,2026-05-09,Mobile App
B08759,H015,G04374,2024-06-22,2024-07-02,2024-07-05,Corporate Booking
B08760,H015,G04375,2024-01-01,2024-01-19,2024-01-21,OTA
B08761,H001,G04376,2024-07-09,2024-07-31,2024-08-02,Hotel Website
B08762,H018,G04376,2024-08-17,2024-08-25,2024-08-26,Hotel Website
B08763,H006,G04377,2025-09-27,2025-10-30,2025-11-01,Travel Agent
B08764,H017,G04377,2026-06-28,2026-07-18,2026-07-20,Phone Booking
B08765,H004,G04378,2025-06-09,2025-07-01,2025-07-05,Hotel Website
B08766,H015,G04378,2026-02-18,2026-03-12,2026-03-14,Travel Agent
B08767,H013,G04378,2026-06-25,2026-07-27,2026-07-28,Corporate Booking
B08768,H017,G04379,2024-01-01,2024-01-18,2024-01-20,Phone Booking
B08769,H015,G04379,2026-03-23,2026-03-26,2026-03-31,Hotel Website
B08770,H015,G04380,2025-03-17,2025-04-07,2025-04-09,Hotel Website
B08771,H013,G04381,2025-04-27,2025-05-08,2025-05-09,Corporate Booking
B08772,H012,G04381,2025-07-14,2025-07-21,2025-07-22,Phone Booking
B08773,H013,G04381,2025-12-19,2025-12-20,2025-12-23,Walk-in
B08774,H013,G04382,2024-08-29,2024-09-25,2024-09-26,OTA
B08775,H004,G04382,2026-02-13,2026-02-14,2026-02-19,Walk-in
B08776,H020,G04383,2025-02-15,2025-03-01,2025-03-04,Mobile App
B08777,H011,G04384,2025-12-28,2026-01-14,2026-01-15,Hotel Website
B08778,H020,G04385,2025-06-29,2025-07-05,2025-07-09,OTA
B08779,H001,G04386,2026-05-02,2026-05-09,2026-05-12,OTA
B08780,H012,G04386,2026-08-06,2026-08-13,2026-08-17,Corporate Booking
B08781,H004,G04386,2026-02-17,2026-02-25,2026-03-02,Hotel Website
B08782,H003,G04387,2024-12-26,2025-02-01,2025-02-08,Travel Agent
B08783,H001,G04388,2026-08-05,2026-08-13,2026-08-17,OTA
B08784,H010,G04389,2025-11-30,2025-12-01,2025-12-03,Walk-in
B08785,H004,G04390,2026-02-28,2026-04-04,2026-04-07,Hotel Website
B08786,H003,G04390,2026-08-03,2026-08-07,2026-08-14,Mobile App
B08787,H017,G04391,2024-02-07,2024-02-14,2024-02-15,Phone Booking
B08788,H017,G04391,2024-11-28,2024-12-08,2024-12-09,Mobile App
B08789,H016,G04392,2025-01-14,2025-02-06,2025-02-08,OTA
B08790,H017,G04392,2026-01-19,2026-02-19,2026-02-23,Corporate Booking
B08791,H005,G04393,2024-07-31,2024-08-23,2024-08-29,Travel Agent
B08792,H015,G04393,2025-06-21,2025-07-28,2025-07-29,Travel Agent
B08793,H016,G04393,2026-07-05,2026-07-14,2026-07-15,Corporate Booking
B08794,H012,G04393,2026-08-09,2026-08-23,2026-08-26,Mobile App
B08795,H001,G04394,2025-08-28,2025-08-29,2025-09-02,Walk-in
B08796,H004,G04394,2025-10-13,2025-10-23,2025-10-30,Hotel Website
B08797,H011,G04395,2024-11-27,2024-12-13,2024-12-16,Mobile App
B08798,H008,G04395,2025-03-09,2025-04-09,2025-04-12,Hotel Website
B08799,H014,G04395,2025-12-07,2025-12-17,2025-12-21,Hotel Website
B08800,H014,G04396,2026-02-05,2026-02-19,2026-02-24,Hotel Website
B08801,H020,G04397,2026-04-09,2026-04-10,2026-04-16,Walk-in
B08802,H002,G04398,2026-03-09,2026-03-25,2026-03-28,Mobile App
B08803,H016,G04398,2026-05-19,2026-06-19,2026-06-22,Hotel Website
B08804,H020,G04399,2026-04-14,2026-04-22,2026-04-27,Phone Booking
B08805,H020,G04399,2026-08-14,2026-08-23,2026-08-25,Phone Booking
B08806,H019,G04399,2024-03-31,2024-04-22,2024-04-24,OTA
B08807,H006,G04400,2025-06-11,2025-06-30,2025-07-02,OTA
B08808,H006,G04400,2026-06-22,2026-06-29,2026-07-02,OTA
B08809,H009,G04401,2026-03-29,2026-04-16,2026-04-18,OTA
B08810,H001,G04401,2026-06-17,2026-07-01,2026-07-05,OTA
B08811,H015,G04401,2026-08-28,2026-08-29,2026-08-31,Walk-in
B08812,H004,G04402,2026-02-01,2026-02-07,2026-02-11,Travel Agent
B08813,H011,G04402,2026-05-27,2026-05-29,2026-06-01,Mobile App
B08814,H013,G04403,2025-09-07,2025-09-09,2025-09-11,Hotel Website
B08815,H013,G04403,2026-01-31,2026-03-04,2026-03-05,Corporate Booking
B08816,H002,G04403,2026-04-03,2026-04-30,2026-05-02,Travel Agent
B08817,H006,G04404,2024-06-28,2024-06-29,2024-07-02,Walk-in
B08818,H005,G04405,2024-02-14,2024-02-23,2024-02-26,Hotel Website
B08819,H003,G04406,2026-07-12,2026-07-17,2026-07-21,Hotel Website
B08820,H012,G04407,2025-09-10,2025-09-19,2025-09-20,Mobile App
B08821,H008,G04408,2026-04-10,2026-04-29,2026-05-04,Travel Agent
B08822,H019,G04408,2026-06-29,2026-07-20,2026-07-23,Mobile App
B08823,H008,G04408,2026-01-25,2026-02-10,2026-02-13,Corporate Booking
B08824,H001,G04409,2025-10-07,2025-11-17,2025-11-22,Corporate Booking
B08825,H011,G04409,2026-05-26,2026-05-28,2026-05-29,OTA
B08826,H011,G04409,2026-07-13,2026-08-11,2026-08-12,Hotel Website
B08827,H004,G04409,2026-08-13,2026-08-28,2026-08-31,Phone Booking
B08828,H010,G04410,2025-07-29,2025-08-23,2025-08-26,Corporate Booking
B08829,H003,G04410,2026-07-15,2026-07-24,2026-07-26,Mobile App
B08830,H011,G04411,2025-02-15,2025-03-11,2025-03-15,Corporate Booking
B08831,H016,G04411,2025-12-21,2025-12-24,2025-12-25,Mobile App
B08832,H020,G04412,2024-01-31,2024-02-01,2024-02-04,Walk-in
B08833,H020,G04412,2025-07-19,2025-08-01,2025-08-06,OTA
B08834,H014,G04413,2024-12-08,2024-12-20,2024-12-25,Mobile App
B08835,H003,G04413,2026-01-23,2026-03-09,2026-03-13,Travel Agent
B08836,H006,G04413,2026-07-28,2026-08-16,2026-08-20,Hotel Website
B08837,H004,G04413,2024-05-14,2024-05-23,2024-05-25,OTA
B08838,H016,G04414,2026-04-19,2026-04-29,2026-05-02,Phone Booking
B08839,H015,G04414,2026-07-26,2026-08-05,2026-08-06,Corporate Booking
B08840,H012,G04415,2025-10-09,2025-10-13,2025-10-16,Phone Booking
B08841,H008,G04416,2024-02-28,2024-02-29,2024-03-02,Walk-in
B08842,H003,G04417,2024-12-12,2025-01-06,2025-01-10,OTA
B08843,H013,G04418,2025-01-15,2025-01-20,2025-01-22,Travel Agent
B08844,H002,G04418,2026-05-13,2026-06-12,2026-06-15,Hotel Website
B08845,H004,G04418,2026-08-04,2026-08-06,2026-08-11,OTA
B08846,H018,G04419,2026-04-12,2026-04-16,2026-04-19,Phone Booking
B08847,H005,G04419,2026-06-05,2026-06-12,2026-06-15,OTA
B08848,H015,G04420,2025-11-13,2025-11-17,2025-11-20,Hotel Website
B08849,H004,G04420,2026-07-03,2026-08-01,2026-08-05,Travel Agent
B08850,H007,G04421,2026-03-08,2026-03-09,2026-03-12,Walk-in
B08851,H005,G04421,2026-06-11,2026-07-15,2026-07-18,Hotel Website
B08852,H014,G04422,2025-09-12,2025-10-11,2025-10-12,Corporate Booking
B08853,H018,G04423,2024-09-14,2024-09-19,2024-09-20,OTA
B08854,H002,G04424,2025-12-23,2026-01-22,2026-01-27,Hotel Website
B08855,H006,G04424,2026-06-12,2026-06-14,2026-06-19,OTA
B08856,H003,G04425,2024-05-27,2024-06-11,2024-06-13,Mobile App
B08857,H003,G04425,2025-04-04,2025-04-24,2025-04-28,Hotel Website
B08858,H012,G04426,2024-02-29,2024-03-20,2024-03-21,Corporate Booking
B08859,H012,G04426,2024-07-28,2024-08-22,2024-08-24,OTA
B08860,H016,G04427,2026-07-16,2026-08-07,2026-08-08,Hotel Website
B08861,H015,G04427,2024-02-25,2024-04-04,2024-04-05,Corporate Booking
B08862,H015,G04427,2025-10-14,2025-11-05,2025-11-08,OTA
B08863,H003,G04427,2026-02-03,2026-02-27,2026-03-02,OTA
B08864,H012,G04428,2025-07-13,2025-07-14,2025-07-15,Walk-in
B08865,H006,G04429,2024-06-16,2024-07-18,2024-07-20,Hotel Website
B08866,H001,G04430,2024-07-13,2024-08-21,2024-08-26,Corporate Booking
B08867,H007,G04431,2024-04-16,2024-04-29,2024-05-04,OTA
B08868,H004,G04431,2026-01-16,2026-01-17,2026-01-19,Walk-in
B08869,H011,G04432,2026-03-16,2026-03-19,2026-03-20,Phone Booking
B08870,H005,G04432,2026-05-20,2026-05-25,2026-05-29,Travel Agent
B08871,H003,G04432,2026-08-14,2026-08-27,2026-08-31,OTA
B08872,H016,G04433,2025-07-22,2025-09-01,2025-09-04,Corporate Booking
B08873,H011,G04433,2026-02-11,2026-03-06,2026-03-07,OTA
B08874,H005,G04433,2026-07-16,2026-08-04,2026-08-07,Hotel Website
B08875,H001,G04434,2024-12-23,2025-01-23,2025-01-26,Corporate Booking
B08876,H006,G04434,2025-11-28,2025-12-02,2025-12-06,OTA
B08877,H005,G04435,2025-11-22,2025-11-26,2025-11-30,Phone Booking
B08878,H006,G04435,2026-04-17,2026-05-16,2026-05-17,Travel Agent
B08879,H003,G04435,2026-08-18,2026-08-22,2026-08-25,Mobile App
B08880,H012,G04436,2024-10-06,2024-10-09,2024-10-10,Hotel Website
B08881,H013,G04436,2025-12-15,2026-01-12,2026-01-13,OTA
B08882,H015,G04437,2025-05-15,2025-06-19,2025-06-22,Hotel Website
B08883,H018,G04437,2026-01-31,2026-02-01,2026-02-02,Walk-in
B08884,H008,G04437,2026-04-28,2026-05-04,2026-05-05,OTA
B08885,H005,G04437,2026-06-10,2026-06-25,2026-06-28,Mobile App
B08886,H001,G04438,2026-02-05,2026-02-06,2026-02-12,Walk-in
B08887,H006,G04439,2024-03-30,2024-04-27,2024-04-30,OTA
B08888,H008,G04440,2025-02-26,2025-03-09,2025-03-11,OTA
B08889,H003,G04440,2026-01-16,2026-02-01,2026-02-07,Travel Agent
B08890,H012,G04441,2025-11-10,2025-12-19,2025-12-23,Corporate Booking
B08891,H018,G04441,2026-02-08,2026-02-11,2026-02-12,Mobile App
B08892,H006,G04442,2024-02-23,2024-02-25,2024-02-27,OTA
B08893,H006,G04442,2024-11-09,2024-12-22,2024-12-25,Travel Agent
B08894,H008,G04443,2024-09-14,2024-09-21,2024-09-24,Hotel Website
B08895,H003,G04443,2025-01-29,2025-02-04,2025-02-06,Mobile App
B08896,H011,G04444,2026-02-27,2026-03-19,2026-03-20,Corporate Booking
B08897,H011,G04444,2026-06-10,2026-06-11,2026-06-14,Walk-in
B08898,H004,G04444,2026-07-27,2026-08-06,2026-08-08,Travel Agent
B08899,H001,G04445,2026-07-09,2026-07-31,2026-08-04,Hotel Website
B08900,H012,G04445,2024-02-21,2024-03-11,2024-03-14,Travel Agent
B08901,H016,G04445,2024-12-31,2025-01-08,2025-01-10,Mobile App
B08902,H015,G04446,2025-01-22,2025-03-07,2025-03-09,Corporate Booking
B08903,H020,G04447,2025-12-23,2025-12-24,2025-12-28,Walk-in
B08904,H008,G04447,2026-07-22,2026-08-25,2026-08-29,Corporate Booking
B08905,H013,G04448,2026-02-09,2026-02-27,2026-02-28,Hotel Website
B08906,H016,G04449,2025-11-14,2025-12-04,2025-12-05,Mobile App
B08907,H003,G04450,2026-01-20,2026-02-05,2026-02-09,Mobile App
B08908,H001,G04450,2026-05-08,2026-05-09,2026-05-11,Walk-in
B08909,H019,G04450,2026-06-15,2026-07-09,2026-07-12,Corporate Booking
B08910,H005,G04451,2025-03-18,2025-04-01,2025-04-07,Hotel Website
B08911,H004,G04452,2024-12-14,2024-12-25,2024-12-31,Hotel Website
B08912,H014,G04452,2026-04-16,2026-04-17,2026-04-19,Mobile App
B08913,H006,G04453,2025-04-07,2025-04-17,2025-04-21,OTA
B08914,H016,G04453,2026-04-12,2026-05-12,2026-05-15,OTA
B08915,H003,G04454,2025-01-17,2025-01-23,2025-01-28,Hotel Website
B08916,H002,G04454,2025-02-22,2025-03-26,2025-04-01,Travel Agent
B08917,H020,G04455,2024-03-24,2024-04-18,2024-04-20,OTA
B08918,H013,G04456,2026-05-01,2026-05-06,2026-05-09,Corporate Booking
B08919,H002,G04457,2025-10-18,2025-11-07,2025-11-09,Travel Agent
B08920,H002,G04457,2026-01-16,2026-02-03,2026-02-06,Phone Booking
B08921,H003,G04458,2026-01-03,2026-01-06,2026-01-12,Phone Booking
B08922,H016,G04458,2026-05-24,2026-06-01,2026-06-03,Hotel Website
B08923,H002,G04459,2026-02-14,2026-03-13,2026-03-17,Travel Agent
B08924,H003,G04460,2024-06-13,2024-06-14,2024-06-18,Walk-in
B08925,H005,G04460,2025-10-03,2025-10-29,2025-11-02,OTA
B08926,H020,G04461,2024-10-02,2024-10-03,2024-10-04,Walk-in
B08927,H016,G04461,2025-07-25,2025-08-20,2025-08-23,Travel Agent
B08928,H015,G04462,2025-11-26,2025-12-02,2025-12-04,Hotel Website
B08929,H015,G04462,2026-01-08,2026-02-17,2026-02-21,Travel Agent
B08930,H014,G04463,2026-01-20,2026-02-19,2026-02-21,Corporate Booking
B08931,H012,G04463,2026-03-19,2026-04-22,2026-04-24,Corporate Booking
B08932,H014,G04464,2025-08-15,2025-08-22,2025-08-24,Hotel Website
B08933,H014,G04464,2025-09-17,2025-10-11,2025-10-13,Corporate Booking
B08934,H015,G04465,2026-07-22,2026-07-24,2026-07-27,Phone Booking
B08935,H014,G04465,2025-04-03,2025-04-10,2025-04-15,Hotel Website
B08936,H003,G04466,2025-10-30,2025-11-11,2025-11-13,Corporate Booking
B08937,H016,G04467,2025-08-07,2025-09-08,2025-09-11,Corporate Booking
B08938,H015,G04467,2025-11-30,2025-12-19,2025-12-22,Phone Booking
B08939,H006,G04468,2025-05-17,2025-06-20,2025-06-24,Travel Agent
B08940,H015,G04469,2024-02-27,2024-03-14,2024-03-16,Corporate Booking
B08941,H015,G04469,2025-08-05,2025-08-18,2025-08-22,Mobile App
B08942,H015,G04469,2025-11-29,2025-12-03,2025-12-07,Hotel Website
B08943,H009,G04470,2026-01-08,2026-01-30,2026-02-02,Hotel Website
B08944,H011,G04470,2026-07-02,2026-08-02,2026-08-03,Corporate Booking
B08945,H003,G04471,2024-03-12,2024-03-17,2024-03-23,Hotel Website
B08946,H003,G04471,2026-06-01,2026-06-20,2026-06-22,Hotel Website
B08947,H003,G04471,2026-07-28,2026-08-10,2026-08-14,OTA
B08948,H019,G04472,2025-10-30,2025-11-16,2025-11-17,Travel Agent
B08949,H003,G04472,2025-12-06,2026-01-11,2026-01-14,Travel Agent
B08950,H015,G04472,2026-03-18,2026-04-11,2026-04-12,Corporate Booking
B08951,H003,G04473,2025-04-19,2025-05-02,2025-05-07,OTA
B08952,H002,G04474,2024-11-12,2024-12-03,2024-12-06,Mobile App
B08953,H013,G04475,2025-01-05,2025-01-20,2025-01-22,Hotel Website
B08954,H008,G04475,2026-07-11,2026-08-08,2026-08-11,Corporate Booking
B08955,H001,G04476,2025-01-30,2025-02-17,2025-02-23,Hotel Website
B08956,H018,G04476,2025-05-14,2025-05-27,2025-05-30,Hotel Website
B08957,H006,G04477,2025-09-12,2025-10-10,2025-10-12,OTA
B08958,H001,G04477,2026-06-24,2026-07-08,2026-07-12,Mobile App
B08959,H014,G04478,2024-04-06,2024-05-13,2024-05-19,Corporate Booking
B08960,H016,G04478,2024-08-16,2024-08-17,2024-08-18,Walk-in
B08961,H015,G04479,2025-11-07,2025-12-11,2025-12-15,Hotel Website
B08962,H015,G04479,2026-06-02,2026-06-30,2026-07-01,Corporate Booking
B08963,H011,G04480,2024-11-05,2024-11-16,2024-11-17,Mobile App
B08964,H020,G04480,2025-04-07,2025-04-19,2025-04-22,Travel Agent
B08965,H006,G04481,2024-02-02,2024-02-12,2024-02-14,OTA
B08966,H001,G04481,2024-12-05,2024-12-29,2024-12-31,Travel Agent
B08967,H020,G04481,2026-03-04,2026-03-09,2026-03-12,OTA
B08968,H003,G04482,2024-01-18,2024-01-24,2024-01-28,Hotel Website
B08969,H019,G04483,2025-07-31,2025-08-17,2025-08-20,Mobile App
B08970,H019,G04483,2026-02-13,2026-02-28,2026-03-04,Hotel Website
B08971,H009,G04484,2025-01-03,2025-01-23,2025-01-27,OTA
B08972,H015,G04484,2025-06-24,2025-07-17,2025-07-21,Hotel Website
B08973,H013,G04484,2025-11-29,2025-12-14,2025-12-15,Mobile App
B08974,H001,G04485,2025-12-29,2026-01-02,2026-01-04,Hotel Website
B08975,H001,G04485,2026-01-19,2026-01-25,2026-01-29,Mobile App
B08976,H008,G04486,2025-07-20,2025-07-25,2025-07-26,Phone Booking
B08977,H008,G04486,2025-08-23,2025-09-22,2025-09-24,Hotel Website
B08978,H016,G04486,2026-01-02,2026-02-16,2026-02-18,Travel Agent
B08979,H001,G04487,2024-10-13,2024-11-03,2024-11-07,Phone Booking
B08980,H004,G04487,2026-01-16,2026-02-02,2026-02-05,Travel Agent
B08981,H015,G04487,2026-07-11,2026-07-27,2026-07-29,OTA
B08982,H018,G04487,2026-07-17,2026-08-19,2026-08-20,Hotel Website
B08983,H011,G04488,2025-07-26,2025-09-06,2025-09-09,Corporate Booking
B08984,H005,G04488,2025-11-04,2025-11-12,2025-11-18,Hotel Website
B08985,H004,G04488,2026-05-03,2026-05-16,2026-05-19,OTA
B08986,H013,G04489,2025-10-17,2025-11-21,2025-11-22,Hotel Website
B08987,H010,G04490,2024-03-22,2024-04-19,2024-04-21,OTA
B08988,H005,G04491,2025-10-14,2025-11-03,2025-11-06,Hotel Website
B08989,H014,G04491,2026-04-12,2026-05-11,2026-05-13,Corporate Booking
B08990,H005,G04492,2024-04-20,2024-05-02,2024-05-06,Travel Agent
B08991,H016,G04492,2024-12-12,2024-12-15,2024-12-18,Hotel Website
B08992,H014,G04493,2026-07-26,2026-07-27,2026-07-28,Walk-in
B08993,H003,G04493,2024-10-28,2024-11-05,2024-11-09,Travel Agent
B08994,H002,G04493,2025-01-04,2025-01-18,2025-01-24,Hotel Website
B08995,H005,G04494,2025-01-11,2025-01-29,2025-02-03,OTA
B08996,H008,G04494,2026-05-06,2026-05-17,2026-05-22,Mobile App
B08997,H002,G04495,2025-03-29,2025-03-30,2025-04-03,Walk-in
B08998,H001,G04495,2025-12-15,2025-12-21,2025-12-25,Mobile App
B08999,H019,G04496,2024-07-22,2024-08-13,2024-08-17,OTA
B09000,H016,G04497,2026-04-10,2026-05-13,2026-05-14,Corporate Booking
B09001,H014,G04497,2026-08-03,2026-08-05,2026-08-06,OTA
B09002,H015,G04497,2026-08-01,2026-08-19,2026-08-23,OTA
B09003,H003,G04497,2024-10-13,2024-10-21,2024-10-23,Mobile App
B09004,H020,G04498,2024-05-20,2024-05-29,2024-06-01,Corporate Booking
B09005,H005,G04498,2026-05-25,2026-05-29,2026-05-31,Mobile App
B09006,H016,G04498,2026-08-04,2026-08-12,2026-08-15,OTA
B09007,H012,G04498,2026-08-05,2026-08-29,2026-08-31,Corporate Booking
B09008,H003,G04499,2024-01-15,2024-01-22,2024-01-27,OTA
B09009,H013,G04499,2024-12-19,2025-01-21,2025-01-23,Corporate Booking
B09010,H005,G04499,2025-03-16,2025-03-24,2025-03-30,Mobile App
B09011,H011,G04500,2025-07-16,2025-08-03,2025-08-06,Hotel Website
B09012,H003,G04500,2025-10-04,2025-10-25,2025-10-28,Corporate Booking
B09013,H014,G04500,2026-05-09,2026-06-05,2026-06-09,Corporate Booking
B09014,H002,G04501,2025-04-11,2025-05-06,2025-05-08,OTA
B09015,H002,G04501,2025-12-12,2025-12-13,2025-12-16,OTA
B09016,H013,G04502,2026-03-12,2026-03-21,2026-03-23,Mobile App
B09017,H011,G04502,2026-05-16,2026-05-17,2026-05-18,Walk-in
B09018,H001,G04503,2026-01-16,2026-02-14,2026-02-17,OTA
B09019,H004,G04503,2026-03-08,2026-04-06,2026-04-09,Hotel Website
B09020,H001,G04503,2026-07-19,2026-07-25,2026-07-27,Corporate Booking
B09021,H001,G04503,2026-08-06,2026-08-26,2026-08-31,Phone Booking
B09022,H019,G04504,2026-01-20,2026-02-08,2026-02-10,Corporate Booking
B09023,H014,G04504,2026-03-10,2026-03-24,2026-03-25,Mobile App
B09024,H012,G04505,2026-07-09,2026-07-18,2026-07-22,OTA
B09025,H002,G04506,2024-05-12,2024-05-27,2024-06-01,Mobile App
B09026,H014,G04506,2026-01-25,2026-03-06,2026-03-09,Corporate Booking
B09027,H004,G04507,2024-12-22,2025-02-01,2025-02-03,Travel Agent
B09028,H020,G04507,2025-10-18,2025-10-29,2025-11-02,Phone Booking
B09029,H011,G04507,2026-06-09,2026-07-23,2026-07-25,Corporate Booking
B09030,H014,G04508,2025-01-12,2025-02-22,2025-02-24,Travel Agent
B09031,H020,G04508,2026-07-28,2026-07-29,2026-07-30,Walk-in
B09032,H011,G04509,2024-11-26,2024-12-07,2024-12-09,Phone Booking
B09033,H004,G04509,2025-06-04,2025-06-10,2025-06-15,OTA
B09034,H014,G04510,2026-07-24,2026-08-05,2026-08-08,Hotel Website
B09035,H004,G04511,2025-02-09,2025-02-25,2025-03-02,Hotel Website
B09036,H016,G04511,2025-10-18,2025-10-21,2025-10-25,Phone Booking
B09037,H003,G04511,2026-01-23,2026-01-26,2026-01-28,Mobile App
B09038,H015,G04512,2025-09-29,2025-10-09,2025-10-11,Corporate Booking
B09039,H001,G04513,2025-11-06,2025-11-09,2025-11-11,OTA
B09040,H020,G04514,2026-02-16,2026-02-27,2026-03-01,Hotel Website
B09041,H020,G04514,2026-03-13,2026-03-23,2026-03-26,Mobile App
B09042,H003,G04514,2026-06-20,2026-07-05,2026-07-09,Phone Booking
B09043,H014,G04515,2025-12-30,2026-01-27,2026-01-29,Travel Agent
B09044,H003,G04515,2026-01-31,2026-02-22,2026-02-26,Travel Agent
B09045,H006,G04516,2024-10-05,2024-10-16,2024-10-17,OTA
B09046,H006,G04516,2026-02-03,2026-02-04,2026-02-07,Walk-in
B09047,H015,G04516,2026-06-05,2026-06-25,2026-06-26,Mobile App
B09048,H015,G04516,2026-07-16,2026-08-21,2026-08-24,Corporate Booking
B09049,H018,G04517,2025-02-17,2025-03-09,2025-03-13,Mobile App
B09050,H018,G04517,2026-03-09,2026-03-18,2026-03-20,Phone Booking
B09051,H012,G04517,2026-06-11,2026-06-22,2026-06-24,OTA
B09052,H014,G04518,2024-08-28,2024-08-29,2024-08-30,Walk-in
B09053,H001,G04519,2025-05-10,2025-06-05,2025-06-10,OTA
B09054,H004,G04520,2025-07-16,2025-07-17,2025-07-20,Walk-in
B09055,H004,G04520,2026-02-15,2026-02-20,2026-02-23,Travel Agent
B09056,H009,G04520,2026-06-09,2026-06-21,2026-06-22,Hotel Website
B09057,H015,G04521,2024-02-26,2024-03-23,2024-03-25,Hotel Website
B09058,H008,G04521,2024-04-28,2024-06-09,2024-06-11,Travel Agent
B09059,H001,G04521,2026-05-22,2026-06-08,2026-06-10,OTA
B09060,H010,G04521,2026-08-06,2026-08-07,2026-08-10,Walk-in
B09061,H007,G04522,2024-12-07,2024-12-21,2024-12-24,Mobile App
B09062,H014,G04522,2025-09-05,2025-10-06,2025-10-10,Corporate Booking
B09063,H017,G04523,2025-11-24,2025-12-08,2025-12-09,Phone Booking
B09064,H018,G04523,2026-02-07,2026-02-11,2026-02-12,Hotel Website
B09065,H011,G04523,2026-04-15,2026-05-13,2026-05-18,Hotel Website
B09066,H004,G04524,2025-11-06,2025-11-19,2025-11-21,Hotel Website
B09067,H019,G04524,2026-01-08,2026-01-15,2026-01-19,Travel Agent
B09068,H020,G04525,2026-01-13,2026-01-20,2026-01-25,Hotel Website
B09069,H006,G04526,2024-12-19,2024-12-20,2024-12-25,OTA
B09070,H015,G04527,2024-09-24,2024-11-08,2024-11-10,Corporate Booking
B09071,H015,G04527,2025-04-20,2025-05-03,2025-05-05,OTA
B09072,H005,G04527,2025-05-15,2025-06-14,2025-06-17,Corporate Booking
B09073,H001,G04528,2024-08-17,2024-08-18,2024-08-21,Walk-in
B09074,H006,G04528,2025-09-27,2025-09-28,2025-10-04,Walk-in
B09075,H014,G04529,2026-07-04,2026-07-28,2026-07-30,Travel Agent
B09076,H001,G04529,2024-10-23,2024-11-16,2024-11-21,OTA
B09077,H001,G04530,2025-01-29,2025-03-15,2025-03-18,Travel Agent
B09078,H006,G04531,2024-11-12,2024-12-11,2024-12-16,Hotel Website
B09079,H012,G04532,2026-02-03,2026-02-11,2026-02-12,Mobile App
B09080,H002,G04532,2026-04-14,2026-04-21,2026-04-24,Mobile App
B09081,H019,G04533,2025-06-21,2025-06-24,2025-06-26,Phone Booking
B09082,H008,G04533,2026-04-20,2026-04-28,2026-05-03,OTA
B09083,H008,G04534,2024-01-01,2024-01-18,2024-01-21,Hotel Website
B09084,H019,G04534,2026-04-29,2026-06-01,2026-06-03,Travel Agent
B09085,H003,G04535,2025-03-24,2025-04-06,2025-04-10,Hotel Website
B09086,H003,G04535,2026-01-09,2026-01-23,2026-01-26,Hotel Website
B09087,H003,G04535,2026-05-09,2026-05-15,2026-05-19,OTA
B09088,H002,G04536,2025-05-17,2025-05-23,2025-05-26,OTA
B09089,H017,G04536,2025-09-09,2025-10-15,2025-10-16,Corporate Booking
B09090,H005,G04537,2026-02-03,2026-02-24,2026-03-01,Travel Agent
B09091,H013,G04538,2025-10-01,2025-10-02,2025-10-03,Walk-in
B09092,H013,G04538,2026-04-21,2026-05-03,2026-05-04,OTA
B09093,H014,G04539,2024-12-05,2025-01-07,2025-01-09,Travel Agent
B09094,H012,G04539,2026-01-01,2026-01-21,2026-01-22,OTA
B09095,H012,G04539,2026-06-08,2026-07-03,2026-07-06,OTA
B09096,H020,G04540,2024-03-25,2024-04-20,2024-04-22,Hotel Website
B09097,H005,G04540,2025-10-13,2025-10-19,2025-10-26,OTA
B09098,H008,G04541,2026-06-11,2026-06-30,2026-07-03,OTA
B09099,H004,G04541,2026-07-16,2026-07-30,2026-08-05,Hotel Website
B09100,H005,G04542,2025-01-24,2025-02-04,2025-02-07,Hotel Website
B09101,H012,G04543,2024-08-13,2024-08-15,2024-08-16,Mobile App
B09102,H017,G04544,2024-03-16,2024-03-24,2024-03-26,OTA
B09103,H004,G04544,2025-10-12,2025-10-24,2025-10-27,Travel Agent
B09104,H001,G04545,2024-08-10,2024-08-23,2024-08-28,OTA
B09105,H002,G04545,2024-10-16,2024-10-29,2024-10-31,OTA
B09106,H012,G04546,2025-07-11,2025-07-22,2025-07-24,OTA
B09107,H013,G04547,2025-04-16,2025-04-26,2025-04-27,Hotel Website
B09108,H004,G04547,2026-07-12,2026-07-17,2026-07-20,Mobile App
B09109,H002,G04548,2024-05-21,2024-06-24,2024-06-27,Hotel Website
B09110,H015,G04549,2024-02-04,2024-03-01,2024-03-03,OTA
B09111,H004,G04550,2025-03-21,2025-04-10,2025-04-12,Travel Agent
B09112,H004,G04550,2025-12-07,2025-12-09,2025-12-13,Hotel Website
B09113,H004,G04550,2026-01-27,2026-02-01,2026-02-04,Hotel Website
B09114,H011,G04550,2026-03-07,2026-03-26,2026-03-27,OTA
B09115,H016,G04551,2026-03-14,2026-04-28,2026-05-03,Travel Agent
B09116,H013,G04551,2026-07-31,2026-08-07,2026-08-08,Mobile App
B09117,H014,G04552,2024-04-25,2024-04-26,2024-04-29,Walk-in
B09118,H017,G04552,2026-01-14,2026-02-07,2026-02-10,Travel Agent
B09119,H011,G04553,2026-02-26,2026-02-27,2026-03-01,Walk-in
B09120,H006,G04554,2025-10-13,2025-11-24,2025-11-28,Travel Agent
B09121,H016,G04555,2024-04-22,2024-04-30,2024-05-03,Corporate Booking
B09122,H003,G04555,2024-09-20,2024-10-09,2024-10-12,Mobile App
B09123,H004,G04556,2025-06-01,2025-06-08,2025-06-11,OTA
B09124,H015,G04556,2025-08-17,2025-08-22,2025-08-26,Mobile App
B09125,H014,G04556,2026-07-03,2026-07-15,2026-07-16,Corporate Booking
B09126,H004,G04557,2026-04-02,2026-04-19,2026-04-24,Hotel Website
B09127,H005,G04558,2025-07-30,2025-08-07,2025-08-10,Mobile App
B09128,H005,G04559,2025-03-29,2025-04-09,2025-04-12,Hotel Website
B09129,H003,G04560,2024-10-20,2024-11-07,2024-11-12,Phone Booking
B09130,H017,G04560,2025-09-25,2025-10-07,2025-10-11,Hotel Website
B09131,H003,G04561,2025-01-05,2025-01-22,2025-01-24,Hotel Website
B09132,H002,G04561,2025-07-02,2025-07-23,2025-07-27,Phone Booking
B09133,H015,G04561,2025-12-01,2025-12-07,2025-12-08,Hotel Website
B09134,H014,G04561,2026-08-01,2026-08-30,2026-08-31,OTA
B09135,H019,G04561,2025-10-13,2025-11-20,2025-11-21,Travel Agent
B09136,H009,G04562,2024-12-20,2024-12-29,2024-12-30,OTA
B09137,H014,G04563,2024-01-18,2024-02-06,2024-02-07,Mobile App
B09138,H015,G04563,2025-01-17,2025-02-25,2025-03-01,Corporate Booking
B09139,H008,G04564,2024-06-12,2024-06-28,2024-07-01,OTA
B09140,H014,G04564,2026-04-13,2026-04-25,2026-04-28,Hotel Website
B09141,H008,G04565,2026-06-05,2026-06-06,2026-06-07,Walk-in
B09142,H019,G04565,2026-06-16,2026-07-14,2026-07-16,Corporate Booking
B09143,H002,G04566,2025-04-20,2025-04-24,2025-04-28,OTA
B09144,H004,G04567,2024-08-29,2024-10-09,2024-10-12,Travel Agent
B09145,H007,G04567,2026-04-27,2026-04-28,2026-05-02,Walk-in
B09146,H002,G04567,2026-07-20,2026-08-23,2026-08-30,Travel Agent
B09147,H018,G04568,2024-01-01,2024-01-02,2024-01-07,OTA
B09148,H013,G04569,2024-11-08,2024-11-14,2024-11-16,Corporate Booking
B09149,H004,G04569,2025-06-18,2025-07-03,2025-07-05,OTA
B09150,H006,G04570,2026-05-17,2026-06-01,2026-06-03,Corporate Booking
B09151,H006,G04570,2026-07-17,2026-07-22,2026-07-25,Hotel Website
B09152,H011,G04571,2025-09-27,2025-10-20,2025-10-24,Hotel Website
B09153,H015,G04571,2026-05-08,2026-06-19,2026-06-21,Corporate Booking
B09154,H008,G04572,2024-11-21,2024-12-12,2024-12-15,OTA
B09155,H019,G04572,2025-11-16,2025-11-23,2025-11-27,Hotel Website
B09156,H016,G04573,2024-08-11,2024-09-06,2024-09-09,OTA
B09157,H016,G04574,2025-10-17,2025-10-26,2025-10-27,Phone Booking
B09158,H007,G04574,2026-02-26,2026-03-05,2026-03-11,Mobile App
B09159,H007,G04574,2026-03-31,2026-04-09,2026-04-11,Mobile App
B09160,H001,G04575,2024-01-31,2024-02-24,2024-02-26,Travel Agent
B09161,H002,G04575,2025-05-21,2025-05-26,2025-05-29,Phone Booking
B09162,H006,G04576,2024-03-26,2024-04-08,2024-04-10,Phone Booking
B09163,H007,G04577,2025-08-08,2025-08-16,2025-08-18,Mobile App
B09164,H012,G04577,2026-02-12,2026-03-16,2026-03-17,Corporate Booking
B09165,H003,G04578,2026-03-26,2026-03-27,2026-03-30,Walk-in
B09166,H008,G04579,2024-12-11,2025-01-01,2025-01-04,Mobile App
B09167,H011,G04579,2025-09-24,2025-10-15,2025-10-18,Phone Booking
B09168,H002,G04580,2025-10-21,2025-10-28,2025-11-02,OTA
B09169,H006,G04581,2024-09-07,2024-10-22,2024-10-24,Corporate Booking
B09170,H008,G04581,2025-12-20,2026-01-15,2026-01-19,Travel Agent
B09171,H017,G04582,2025-06-23,2025-07-03,2025-07-07,OTA
B09172,H001,G04582,2026-06-11,2026-06-12,2026-06-18,Walk-in
B09173,H015,G04583,2026-06-23,2026-07-06,2026-07-08,Mobile App
B09174,H015,G04583,2026-07-15,2026-08-24,2026-08-29,Corporate Booking
B09175,H002,G04584,2026-06-22,2026-06-30,2026-07-03,OTA
B09176,H002,G04584,2026-07-29,2026-08-16,2026-08-20,Mobile App
B09177,H010,G04585,2025-03-23,2025-04-10,2025-04-12,Mobile App
B09178,H017,G04585,2025-11-20,2025-12-04,2025-12-06,Hotel Website
B09179,H004,G04586,2025-08-24,2025-09-05,2025-09-09,Mobile App
B09180,H013,G04587,2026-08-08,2026-08-21,2026-08-22,OTA
B09181,H016,G04587,2025-04-27,2025-04-29,2025-05-01,Mobile App
B09182,H010,G04588,2025-04-08,2025-04-22,2025-04-24,Mobile App
B09183,H009,G04589,2026-05-21,2026-06-09,2026-06-10,OTA
B09184,H008,G04589,2026-08-15,2026-08-28,2026-08-31,Mobile App
B09185,H004,G04590,2026-01-05,2026-01-15,2026-01-19,Phone Booking
B09186,H003,G04590,2026-02-18,2026-03-17,2026-03-20,OTA
B09187,H015,G04591,2025-12-05,2026-01-08,2026-01-09,Hotel Website
B09188,H020,G04591,2026-04-23,2026-06-03,2026-06-09,Travel Agent
B09189,H012,G04592,2025-11-06,2025-11-18,2025-11-21,Corporate Booking
B09190,H002,G04593,2025-06-17,2025-07-15,2025-07-20,Hotel Website
B09191,H014,G04593,2026-02-07,2026-02-18,2026-02-22,Phone Booking
B09192,H004,G04594,2024-11-18,2024-12-28,2025-01-04,Travel Agent
B09193,H005,G04594,2026-04-06,2026-05-10,2026-05-14,Hotel Website
B09194,H001,G04594,2026-07-04,2026-07-09,2026-07-11,Phone Booking
B09195,H001,G04595,2024-02-23,2024-03-05,2024-03-08,Hotel Website
B09196,H015,G04595,2025-08-13,2025-08-19,2025-08-22,Corporate Booking
B09197,H018,G04595,2026-01-26,2026-02-22,2026-02-24,Travel Agent
B09198,H017,G04595,2026-04-22,2026-05-15,2026-05-17,Travel Agent
B09199,H015,G04596,2024-09-02,2024-09-23,2024-09-24,OTA
B09200,H015,G04596,2024-11-30,2024-12-20,2024-12-23,OTA
B09201,H015,G04597,2024-03-30,2024-04-10,2024-04-13,Hotel Website
B09202,H015,G04597,2024-08-09,2024-08-13,2024-08-15,Hotel Website
B09203,H015,G04597,2024-08-04,2024-08-30,2024-09-02,Corporate Booking
B09204,H011,G04598,2026-04-30,2026-05-12,2026-05-17,Travel Agent
B09205,H011,G04598,2026-05-31,2026-06-14,2026-06-15,Mobile App
B09206,H011,G04598,2026-07-27,2026-07-28,2026-07-30,Walk-in
B09207,H015,G04598,2026-08-05,2026-08-28,2026-08-29,Hotel Website
B09208,H013,G04599,2026-03-18,2026-04-08,2026-04-11,Hotel Website
B09209,H011,G04599,2026-08-08,2026-08-20,2026-08-21,Phone Booking
B09210,H020,G04600,2025-09-04,2025-09-14,2025-09-19,Phone Booking
B09211,H014,G04601,2025-11-24,2025-12-07,2025-12-09,OTA
B09212,H017,G04601,2026-02-12,2026-02-15,2026-02-19,Phone Booking
B09213,H005,G04601,2026-03-16,2026-04-28,2026-05-01,Travel Agent
B09214,H005,G04601,2026-08-07,2026-08-30,2026-08-31,OTA
B09215,H017,G04602,2024-08-25,2024-09-07,2024-09-08,Corporate Booking
B09216,H002,G04602,2026-01-28,2026-02-20,2026-02-25,OTA
B09217,H015,G04603,2024-01-23,2024-02-16,2024-02-18,Corporate Booking
B09218,H012,G04604,2026-05-05,2026-05-21,2026-05-23,Phone Booking
B09219,H011,G04604,2026-07-25,2026-07-26,2026-07-29,Walk-in
B09220,H014,G04605,2024-07-23,2024-08-13,2024-08-14,Travel Agent
B09221,H012,G04605,2026-07-01,2026-07-20,2026-07-22,Mobile App
B09222,H001,G04605,2026-08-28,2026-08-30,2026-08-31,Hotel Website
B09223,H002,G04606,2025-03-04,2025-03-24,2025-03-31,Corporate Booking
B09224,H005,G04606,2026-01-15,2026-02-04,2026-02-07,Hotel Website
B09225,H013,G04606,2026-03-07,2026-03-29,2026-03-31,Hotel Website
B09226,H010,G04607,2024-09-09,2024-10-04,2024-10-08,Hotel Website
B09227,H002,G04607,2026-05-12,2026-05-27,2026-05-31,Phone Booking
B09228,H016,G04608,2024-04-30,2024-05-10,2024-05-13,OTA
B09229,H012,G04609,2026-06-27,2026-06-28,2026-06-29,Walk-in
B09230,H014,G04610,2026-05-15,2026-06-19,2026-06-21,Hotel Website
B09231,H002,G04610,2026-07-26,2026-07-30,2026-08-02,Phone Booking
B09232,H011,G04610,2024-05-19,2024-06-01,2024-06-03,Hotel Website
B09233,H013,G04611,2025-06-09,2025-07-05,2025-07-06,OTA
B09234,H008,G04611,2025-09-24,2025-10-10,2025-10-14,Hotel Website
B09235,H013,G04612,2024-04-25,2024-04-26,2024-04-27,Walk-in
B09236,H004,G04612,2026-05-13,2026-05-30,2026-06-02,OTA
B09237,H005,G04613,2026-03-16,2026-03-22,2026-03-27,OTA
B09238,H005,G04613,2026-03-31,2026-04-18,2026-04-23,Phone Booking
B09239,H003,G04614,2025-02-13,2025-02-16,2025-02-19,OTA
B09240,H019,G04614,2025-04-17,2025-04-29,2025-04-30,Mobile App
B09241,H001,G04615,2025-01-29,2025-02-20,2025-02-24,Travel Agent
B09242,H005,G04616,2026-05-01,2026-05-12,2026-05-17,Mobile App
B09243,H005,G04616,2026-07-03,2026-07-05,2026-07-08,Mobile App
B09244,H009,G04616,2026-08-14,2026-08-19,2026-08-21,OTA
B09245,H020,G04617,2024-01-08,2024-01-31,2024-02-04,Travel Agent
B09246,H002,G04617,2024-06-15,2024-06-23,2024-06-27,Hotel Website
B09247,H011,G04617,2025-10-18,2025-11-02,2025-11-03,Mobile App
B09248,H020,G04617,2025-12-08,2025-12-23,2025-12-26,OTA
B09249,H011,G04618,2026-03-29,2026-04-25,2026-04-27,OTA
B09250,H011,G04618,2026-08-14,2026-08-26,2026-08-30,Corporate Booking
B09251,H011,G04618,2025-06-03,2025-06-14,2025-06-17,OTA
B09252,H016,G04619,2024-01-13,2024-02-13,2024-02-14,Hotel Website
B09253,H003,G04619,2025-01-06,2025-01-24,2025-01-26,Phone Booking
B09254,H004,G04620,2024-09-06,2024-10-01,2024-10-03,OTA
B09255,H007,G04620,2024-11-12,2024-11-16,2024-11-17,Hotel Website
B09256,H011,G04621,2026-06-26,2026-07-13,2026-07-15,Corporate Booking
B09257,H007,G04622,2025-08-12,2025-09-02,2025-09-05,Mobile App
B09258,H005,G04622,2025-09-22,2025-11-01,2025-11-06,Travel Agent
B09259,H017,G04622,2026-05-17,2026-05-28,2026-05-30,Mobile App
B09260,H001,G04622,2026-08-01,2026-08-11,2026-08-13,Mobile App
B09261,H015,G04623,2024-04-17,2024-04-29,2024-04-30,Travel Agent
B09262,H015,G04623,2026-08-03,2026-08-05,2026-08-07,Hotel Website
B09263,H007,G04623,2025-10-16,2025-11-05,2025-11-06,Hotel Website
B09264,H016,G04623,2026-06-12,2026-06-23,2026-06-24,Mobile App
B09265,H016,G04624,2025-11-07,2025-12-02,2025-12-06,Hotel Website
B09266,H013,G04624,2026-07-19,2026-07-28,2026-07-30,OTA
B09267,H014,G04625,2025-12-29,2026-01-04,2026-01-08,OTA
B09268,H012,G04626,2025-07-23,2025-07-28,2025-07-29,Corporate Booking
B09269,H012,G04626,2025-10-11,2025-10-14,2025-10-18,Phone Booking
B09270,H012,G04626,2026-04-13,2026-04-14,2026-04-16,Walk-in
B09271,H001,G04627,2025-10-13,2025-10-27,2025-10-30,OTA
B09272,H001,G04627,2025-12-11,2025-12-27,2025-12-30,Mobile App
B09273,H001,G04627,2026-05-20,2026-06-07,2026-06-10,Mobile App
B09274,H015,G04628,2025-11-23,2025-12-28,2025-12-29,Corporate Booking
B09275,H007,G04629,2025-03-02,2025-03-09,2025-03-13,Hotel Website
B09276,H015,G04629,2025-10-03,2025-10-09,2025-10-11,OTA
B09277,H012,G04629,2026-06-06,2026-06-08,2026-06-09,OTA
B09278,H012,G04630,2025-03-04,2025-03-15,2025-03-19,OTA
B09279,H016,G04630,2026-04-21,2026-05-22,2026-05-24,Travel Agent
B09280,H012,G04630,2026-06-16,2026-07-28,2026-07-30,Corporate Booking
B09281,H003,G04631,2024-02-28,2024-04-05,2024-04-12,Corporate Booking
B09282,H020,G04631,2024-10-13,2024-11-10,2024-11-12,Hotel Website
B09283,H019,G04631,2026-08-29,2026-08-30,2026-08-31,Walk-in
B09284,H013,G04631,2026-04-21,2026-05-19,2026-05-21,Corporate Booking
B09285,H015,G04632,2025-01-10,2025-01-28,2025-02-01,Phone Booking
B09286,H014,G04633,2025-09-17,2025-09-29,2025-09-30,Corporate Booking
B09287,H015,G04634,2024-02-10,2024-02-13,2024-02-14,Phone Booking
B09288,H005,G04635,2024-04-26,2024-06-04,2024-06-07,Travel Agent
B09289,H013,G04636,2024-12-19,2025-01-13,2025-01-14,OTA
B09290,H005,G04637,2025-01-09,2025-01-10,2025-01-13,Walk-in
B09291,H019,G04638,2024-01-01,2024-01-06,2024-01-07,Corporate Booking
B09292,H019,G04638,2025-04-15,2025-05-10,2025-05-15,OTA
B09293,H016,G04639,2026-01-15,2026-01-27,2026-01-30,Hotel Website
B09294,H012,G04639,2026-04-08,2026-05-05,2026-05-06,OTA
B09295,H013,G04640,2025-02-20,2025-03-07,2025-03-08,Corporate Booking
B09296,H010,G04640,2025-05-04,2025-05-05,2025-05-06,Walk-in
B09297,H014,G04641,2024-03-01,2024-03-03,2024-03-06,OTA
B09298,H014,G04641,2025-11-27,2025-12-07,2025-12-10,Corporate Booking
B09299,H010,G04642,2026-02-14,2026-02-16,2026-02-19,Hotel Website
B09300,H011,G04642,2026-05-24,2026-05-25,2026-05-29,OTA
B09301,H002,G04643,2026-06-06,2026-06-14,2026-06-20,OTA
B09302,H002,G04643,2026-08-07,2026-08-08,2026-08-13,Walk-in
B09303,H011,G04643,2025-02-13,2025-02-17,2025-02-19,OTA
B09304,H014,G04644,2024-08-26,2024-09-05,2024-09-06,Hotel Website
B09305,H013,G04644,2025-11-16,2025-12-14,2025-12-15,OTA
B09306,H015,G04644,2026-06-24,2026-06-25,2026-06-28,Walk-in
B09307,H016,G04645,2024-12-30,2025-01-16,2025-01-18,Corporate Booking
B09308,H011,G04646,2025-07-25,2025-08-24,2025-08-25,OTA
B09309,H011,G04646,2026-02-10,2026-02-11,2026-02-12,Mobile App
B09310,H017,G04647,2024-06-15,2024-07-04,2024-07-09,Travel Agent
B09311,H012,G04647,2025-05-25,2025-06-07,2025-06-09,OTA
B09312,H004,G04648,2024-04-02,2024-04-24,2024-05-01,Hotel Website
B09313,H014,G04648,2024-06-03,2024-06-13,2024-06-17,Hotel Website
B09314,H005,G04649,2024-01-05,2024-01-10,2024-01-13,Travel Agent
B09315,H016,G04649,2025-07-02,2025-07-17,2025-07-19,Phone Booking
B09316,H013,G04649,2026-03-10,2026-03-28,2026-04-01,OTA
B09317,H013,G04649,2026-07-03,2026-07-27,2026-07-28,Corporate Booking
B09318,H001,G04650,2024-06-28,2024-07-26,2024-07-28,OTA
B09319,H003,G04651,2024-06-03,2024-06-11,2024-06-15,Mobile App
B09320,H005,G04652,2024-01-16,2024-02-17,2024-02-23,Travel Agent
B09321,H012,G04652,2025-11-15,2025-11-19,2025-11-21,Phone Booking
B09322,H008,G04653,2026-08-16,2026-08-20,2026-08-21,OTA
B09323,H005,G04653,2024-04-10,2024-04-20,2024-04-23,Hotel Website
B09324,H014,G04653,2026-02-16,2026-02-24,2026-02-27,OTA
B09325,H012,G04654,2025-10-19,2025-11-07,2025-11-11,OTA
B09326,H020,G04654,2026-02-12,2026-02-13,2026-02-16,Walk-in
B09327,H012,G04654,2026-04-02,2026-04-17,2026-04-21,Mobile App
B09328,H012,G04655,2026-05-23,2026-05-29,2026-05-31,Mobile App
B09329,H015,G04656,2024-12-08,2024-12-16,2024-12-20,Mobile App
B09330,H003,G04657,2026-07-11,2026-07-14,2026-07-16,Mobile App
B09331,H015,G04657,2026-08-14,2026-08-25,2026-08-29,OTA
B09332,H020,G04658,2025-10-16,2025-10-22,2025-10-24,Hotel Website
B09333,H013,G04659,2025-12-18,2025-12-21,2025-12-22,Mobile App
B09334,H003,G04659,2026-08-08,2026-08-11,2026-08-13,Mobile App
B09335,H004,G04659,2026-08-29,2026-08-30,2026-08-31,Walk-in
B09336,H010,G04660,2025-11-06,2025-11-14,2025-11-18,Mobile App
B09337,H005,G04660,2026-01-12,2026-02-09,2026-02-11,OTA
B09338,H019,G04661,2026-01-16,2026-02-21,2026-02-24,Corporate Booking
B09339,H019,G04661,2026-04-26,2026-05-18,2026-05-21,Hotel Website
B09340,H016,G04662,2024-10-01,2024-10-22,2024-10-23,Corporate Booking
B09341,H016,G04663,2025-12-17,2025-12-23,2025-12-24,Corporate Booking
B09342,H016,G04663,2026-02-08,2026-02-26,2026-03-02,Corporate Booking
B09343,H004,G04664,2024-09-10,2024-09-22,2024-09-25,Hotel Website
B09344,H018,G04665,2025-11-20,2025-12-18,2025-12-20,OTA
B09345,H015,G04665,2026-05-20,2026-06-05,2026-06-08,Mobile App
B09346,H016,G04666,2024-06-28,2024-07-07,2024-07-08,Mobile App
B09347,H016,G04666,2024-09-14,2024-10-01,2024-10-05,OTA
B09348,H013,G04667,2025-04-23,2025-05-07,2025-05-08,OTA
B09349,H002,G04667,2026-03-12,2026-03-25,2026-04-01,Corporate Booking
B09350,H013,G04668,2024-05-23,2024-06-14,2024-06-15,Travel Agent
B09351,H004,G04668,2025-04-20,2025-05-11,2025-05-14,Hotel Website
B09352,H006,G04669,2025-09-22,2025-10-06,2025-10-09,Mobile App
B09353,H015,G04669,2026-02-05,2026-03-04,2026-03-07,Hotel Website
B09354,H018,G04670,2026-03-31,2026-04-19,2026-04-20,OTA
B09355,H006,G04670,2026-07-06,2026-07-07,2026-07-08,Walk-in
B09356,H003,G04670,2026-08-10,2026-08-14,2026-08-20,Hotel Website
B09357,H004,G04671,2025-07-03,2025-07-18,2025-07-24,Hotel Website
B09358,H014,G04671,2025-10-30,2025-11-17,2025-11-18,OTA
B09359,H005,G04672,2024-04-19,2024-05-18,2024-05-22,Hotel Website
B09360,H019,G04672,2025-07-27,2025-08-03,2025-08-06,Phone Booking
B09361,H003,G04673,2024-03-12,2024-03-24,2024-03-28,OTA
B09362,H015,G04673,2025-04-07,2025-04-28,2025-04-30,OTA
B09363,H015,G04674,2024-12-23,2024-12-24,2024-12-26,Walk-in
B09364,H014,G04674,2026-07-01,2026-07-13,2026-07-14,Phone Booking
B09365,H016,G04675,2026-02-04,2026-03-02,2026-03-08,OTA
B09366,H013,G04675,2026-08-12,2026-08-20,2026-08-21,Hotel Website
B09367,H020,G04676,2026-01-07,2026-01-22,2026-01-27,Hotel Website
B09368,H017,G04676,2026-03-27,2026-03-28,2026-03-29,Walk-in
B09369,H003,G04676,2026-05-15,2026-05-28,2026-06-03,OTA
B09370,H015,G04677,2024-10-25,2024-11-12,2024-11-14,Phone Booking
B09371,H015,G04678,2024-09-24,2024-10-15,2024-10-17,Hotel Website
B09372,H018,G04678,2026-01-27,2026-02-20,2026-02-24,Hotel Website
B09373,H003,G04678,2026-08-20,2026-08-23,2026-08-26,Mobile App
B09374,H002,G04679,2024-11-04,2024-11-25,2024-11-27,OTA
B09375,H016,G04679,2025-03-25,2025-04-23,2025-04-29,Hotel Website
B09376,H006,G04679,2026-02-20,2026-03-02,2026-03-04,Corporate Booking
B09377,H004,G04680,2024-02-12,2024-02-20,2024-02-23,Mobile App
B09378,H004,G04680,2025-12-11,2025-12-12,2025-12-14,Walk-in
B09379,H003,G04681,2025-05-03,2025-05-11,2025-05-15,Mobile App
B09380,H006,G04682,2024-10-13,2024-10-14,2024-10-16,Walk-in
B09381,H015,G04682,2025-01-09,2025-01-29,2025-02-02,Corporate Booking
B09382,H005,G04683,2025-01-26,2025-02-16,2025-02-21,OTA
B09383,H011,G04683,2025-12-23,2026-01-18,2026-01-20,Hotel Website
B09384,H004,G04684,2025-11-21,2025-12-21,2025-12-25,Hotel Website
B09385,H001,G04684,2026-07-24,2026-08-17,2026-08-19,Hotel Website
B09386,H003,G04685,2024-04-01,2024-04-09,2024-04-14,OTA
B09387,H011,G04685,2025-01-25,2025-02-11,2025-02-14,OTA
B09388,H020,G04686,2024-02-26,2024-04-03,2024-04-04,Corporate Booking
B09389,H020,G04686,2025-11-11,2025-11-24,2025-11-28,Hotel Website
B09390,H005,G04687,2026-02-25,2026-03-31,2026-04-03,Hotel Website
B09391,H016,G04688,2026-07-20,2026-08-14,2026-08-16,Corporate Booking
B09392,H004,G04688,2024-10-13,2024-10-14,2024-10-17,Walk-in
B09393,H001,G04688,2025-06-25,2025-07-03,2025-07-10,Corporate Booking
B09394,H001,G04688,2026-07-27,2026-08-23,2026-08-26,OTA
B09395,H014,G04689,2025-10-10,2025-10-17,2025-10-20,Corporate Booking
B09396,H012,G04689,2026-06-14,2026-07-02,2026-07-03,OTA
B09397,H002,G04690,2024-03-21,2024-04-06,2024-04-11,Corporate Booking
B09398,H002,G04690,2025-01-10,2025-01-29,2025-02-01,Mobile App
B09399,H015,G04690,2026-06-26,2026-08-03,2026-08-04,Corporate Booking
B09400,H004,G04690,2025-09-30,2025-11-13,2025-11-15,Travel Agent
B09401,H001,G04691,2024-04-10,2024-04-30,2024-05-03,Travel Agent
B09402,H008,G04692,2024-10-05,2024-10-06,2024-10-08,Walk-in
B09403,H003,G04692,2024-11-29,2024-12-10,2024-12-12,Travel Agent
B09404,H004,G04693,2026-05-04,2026-05-23,2026-05-26,OTA
B09405,H008,G04693,2026-08-03,2026-08-21,2026-08-23,OTA
B09406,H015,G04694,2025-04-20,2025-05-10,2025-05-13,Corporate Booking
B09407,H003,G04694,2026-08-18,2026-08-28,2026-08-31,Phone Booking
B09408,H004,G04695,2024-08-25,2024-09-20,2024-09-23,Hotel Website
B09409,H020,G04695,2025-11-24,2025-12-24,2025-12-27,OTA
B09410,H012,G04696,2025-06-03,2025-06-24,2025-06-25,Corporate Booking
B09411,H003,G04696,2026-04-27,2026-04-28,2026-04-30,OTA
B09412,H020,G04697,2026-03-19,2026-04-09,2026-04-10,Hotel Website
B09413,H003,G04697,2026-05-20,2026-06-18,2026-06-20,Travel Agent
B09414,H003,G04697,2026-08-13,2026-08-28,2026-08-31,Phone Booking
B09415,H005,G04698,2025-04-10,2025-05-09,2025-05-12,Hotel Website
B09416,H004,G04698,2026-07-22,2026-07-25,2026-07-30,Hotel Website
B09417,H004,G04698,2025-12-24,2025-12-27,2025-12-29,Phone Booking
B09418,H019,G04699,2024-02-17,2024-03-06,2024-03-07,Travel Agent
B09419,H019,G04699,2026-08-06,2026-08-17,2026-08-19,Phone Booking
B09420,H019,G04699,2026-01-19,2026-02-22,2026-02-24,Hotel Website
B09421,H004,G04699,2026-08-09,2026-08-25,2026-08-29,Hotel Website
B09422,H012,G04700,2025-03-02,2025-03-05,2025-03-06,OTA
B09423,H003,G04700,2025-07-24,2025-07-27,2025-07-29,OTA
B09424,H001,G04701,2024-12-16,2025-01-14,2025-01-16,OTA
B09425,H014,G04701,2026-03-11,2026-04-06,2026-04-09,Corporate Booking
B09426,H006,G04701,2026-06-18,2026-06-23,2026-06-24,Mobile App
B09427,H014,G04702,2025-04-11,2025-05-02,2025-05-03,Travel Agent
B09428,H005,G04702,2026-02-23,2026-03-21,2026-03-25,OTA
B09429,H017,G04703,2025-02-27,2025-03-17,2025-03-22,Corporate Booking
B09430,H003,G04704,2026-04-07,2026-04-30,2026-05-03,Hotel Website
B09431,H015,G04704,2026-05-15,2026-06-05,2026-06-06,Corporate Booking
B09432,H011,G04705,2025-11-07,2025-11-23,2025-11-25,Corporate Booking
B09433,H011,G04705,2026-03-18,2026-03-26,2026-03-28,OTA
B09434,H016,G04705,2026-08-19,2026-08-20,2026-08-24,OTA
B09435,H019,G04706,2024-12-29,2024-12-30,2025-01-01,Walk-in
B09436,H004,G04706,2025-08-18,2025-08-29,2025-09-02,Travel Agent
B09437,H016,G04707,2025-09-18,2025-09-26,2025-10-02,OTA
B09438,H015,G04707,2026-05-17,2026-06-01,2026-06-03,Hotel Website
B09439,H003,G04708,2024-03-07,2024-03-22,2024-03-24,Hotel Website
B09440,H017,G04708,2025-10-29,2025-11-11,2025-11-14,Hotel Website
B09441,H004,G04708,2026-04-04,2026-04-17,2026-04-19,Hotel Website
B09442,H001,G04709,2024-02-25,2024-04-03,2024-04-10,Travel Agent
B09443,H011,G04709,2024-06-03,2024-06-05,2024-06-08,Mobile App
B09444,H001,G04710,2026-03-07,2026-03-20,2026-03-26,Phone Booking
B09445,H011,G04710,2026-07-07,2026-08-03,2026-08-04,OTA
B09446,H005,G04710,2025-01-06,2025-01-07,2025-01-12,Walk-in
B09447,H009,G04711,2025-10-08,2025-11-02,2025-11-04,Hotel Website
B09448,H003,G04712,2025-03-06,2025-03-07,2025-03-09,Walk-in
B09449,H005,G04713,2025-01-02,2025-01-19,2025-01-22,Mobile App
B09450,H006,G04713,2025-08-10,2025-08-11,2025-08-14,Walk-in
B09451,H006,G04713,2025-10-24,2025-10-28,2025-11-02,Mobile App
B09452,H012,G04714,2025-11-22,2025-12-18,2025-12-19,OTA
B09453,H011,G04715,2025-08-02,2025-08-25,2025-08-26,Travel Agent
B09454,H019,G04716,2024-12-10,2024-12-25,2024-12-29,Travel Agent
B09455,H019,G04717,2024-02-24,2024-03-04,2024-03-05,Hotel Website
B09456,H019,G04717,2026-01-26,2026-02-21,2026-02-23,OTA
B09457,H003,G04717,2026-07-01,2026-07-17,2026-07-19,Phone Booking
B09458,H012,G04717,2026-08-04,2026-08-29,2026-08-31,Corporate Booking
B09459,H018,G04718,2025-06-30,2025-07-22,2025-07-27,Corporate Booking
B09460,H008,G04718,2026-02-19,2026-02-20,2026-02-24,Walk-in
B09461,H006,G04719,2025-09-03,2025-09-30,2025-10-03,OTA
B09462,H001,G04719,2026-05-20,2026-06-23,2026-06-27,Hotel Website
B09463,H020,G04720,2024-03-10,2024-04-08,2024-04-11,OTA
B09464,H006,G04720,2024-10-21,2024-10-30,2024-11-05,Phone Booking
B09465,H006,G04720,2025-01-11,2025-02-10,2025-02-12,Corporate Booking
B09466,H002,G04721,2024-04-18,2024-04-19,2024-04-21,Walk-in
B09467,H002,G04721,2024-07-01,2024-08-03,2024-08-06,Hotel Website
B09468,H012,G04722,2025-02-01,2025-03-12,2025-03-13,Corporate Booking
B09469,H007,G04722,2026-02-22,2026-03-28,2026-03-30,Corporate Booking
B09470,H002,G04723,2026-07-04,2026-07-08,2026-07-12,Mobile App
B09471,H002,G04724,2025-05-29,2025-06-25,2025-06-28,OTA
B09472,H008,G04725,2024-11-01,2024-11-20,2024-11-25,OTA
B09473,H016,G04726,2024-11-08,2024-11-22,2024-11-24,Phone Booking
B09474,H005,G04726,2025-10-04,2025-10-12,2025-10-15,OTA
B09475,H014,G04726,2026-06-22,2026-07-15,2026-07-17,OTA
B09476,H016,G04727,2024-09-26,2024-11-02,2024-11-05,Corporate Booking
B09477,H015,G04727,2025-12-11,2026-01-02,2026-01-03,Hotel Website
B09478,H014,G04728,2025-08-04,2025-08-12,2025-08-15,Corporate Booking
B09479,H015,G04729,2026-04-27,2026-05-24,2026-05-26,Corporate Booking
B09480,H001,G04729,2026-07-22,2026-08-17,2026-08-22,Hotel Website
B09481,H012,G04730,2025-10-07,2025-10-27,2025-10-28,Travel Agent
B09482,H012,G04730,2026-04-16,2026-05-08,2026-05-10,Travel Agent
B09483,H006,G04731,2024-03-04,2024-03-15,2024-03-18,OTA
B09484,H003,G04732,2024-06-06,2024-06-08,2024-06-13,Hotel Website
B09485,H001,G04733,2024-02-11,2024-03-11,2024-03-16,Travel Agent
B09486,H003,G04733,2026-05-04,2026-05-24,2026-05-26,OTA
B09487,H008,G04734,2024-03-10,2024-03-26,2024-04-01,Phone Booking
B09488,H012,G04734,2024-09-27,2024-10-10,2024-10-13,Mobile App
B09489,H019,G04734,2025-12-30,2026-01-13,2026-01-17,Corporate Booking
B09490,H015,G04735,2025-12-09,2026-01-05,2026-01-07,Corporate Booking
B09491,H001,G04735,2026-05-07,2026-05-15,2026-05-17,Phone Booking
B09492,H001,G04735,2026-07-20,2026-07-29,2026-08-03,Hotel Website
B09493,H011,G04736,2024-12-21,2025-01-14,2025-01-15,OTA
B09494,H015,G04736,2026-02-13,2026-03-16,2026-03-18,Travel Agent
B09495,H001,G04737,2024-08-27,2024-08-28,2024-09-01,Walk-in
B09496,H001,G04737,2024-09-14,2024-10-13,2024-10-17,Travel Agent
B09497,H020,G04737,2025-11-10,2025-12-01,2025-12-04,OTA
B09498,H003,G04738,2025-12-26,2025-12-28,2025-12-30,Hotel Website
B09499,H015,G04738,2026-07-07,2026-07-27,2026-07-28,Hotel Website
B09500,H007,G04739,2024-02-14,2024-02-23,2024-02-28,Hotel Website
B09501,H009,G04739,2024-09-17,2024-10-02,2024-10-05,OTA
B09502,H014,G04739,2024-12-10,2024-12-27,2024-12-30,Travel Agent
B09503,H003,G04740,2026-06-29,2026-07-05,2026-07-07,Hotel Website
B09504,H003,G04740,2026-08-16,2026-08-28,2026-08-31,OTA
B09505,H001,G04740,2026-08-16,2026-08-17,2026-08-21,Walk-in
B09506,H001,G04741,2024-03-16,2024-03-27,2024-03-29,Hotel Website
B09507,H019,G04742,2024-09-11,2024-10-04,2024-10-07,OTA
B09508,H013,G04742,2026-05-19,2026-05-21,2026-05-22,OTA
B09509,H002,G04743,2026-01-08,2026-01-23,2026-01-26,Hotel Website
B09510,H006,G04744,2026-04-05,2026-05-08,2026-05-11,Corporate Booking
B09511,H004,G04745,2026-01-03,2026-01-04,2026-01-07,Walk-in
B09512,H006,G04746,2024-04-12,2024-05-05,2024-05-11,Hotel Website
B09513,H004,G04746,2026-03-18,2026-04-10,2026-04-13,OTA
B09514,H004,G04746,2026-05-21,2026-05-22,2026-05-24,Mobile App
B09515,H005,G04747,2024-10-08,2024-10-20,2024-10-25,OTA
B09516,H002,G04748,2026-05-06,2026-05-24,2026-05-26,Hotel Website
B09517,H012,G04749,2024-01-01,2024-01-20,2024-01-22,Corporate Booking
B09518,H011,G04749,2025-01-03,2025-02-16,2025-02-17,Corporate Booking
B09519,H011,G04749,2026-02-05,2026-02-18,2026-02-21,Corporate Booking
B09520,H003,G04750,2025-11-27,2025-11-29,2025-12-02,OTA
B09521,H001,G04750,2026-03-01,2026-03-04,2026-03-07,OTA
B09522,H002,G04750,2026-07-10,2026-07-23,2026-07-30,Corporate Booking
B09523,H003,G04751,2026-03-28,2026-04-10,2026-04-14,OTA
B09524,H003,G04751,2026-05-23,2026-06-20,2026-06-24,OTA
B09525,H017,G04752,2025-10-25,2025-11-15,2025-11-17,Travel Agent
B09526,H005,G04753,2024-12-18,2024-12-27,2024-12-30,Hotel Website
B09527,H012,G04753,2025-06-04,2025-06-19,2025-06-21,OTA
B09528,H006,G04754,2025-05-20,2025-07-04,2025-07-08,Travel Agent
B09529,H015,G04754,2026-01-02,2026-01-03,2026-01-05,Walk-in
B09530,H015,G04755,2025-09-05,2025-09-06,2025-09-08,OTA
B09531,H013,G04755,2026-07-15,2026-07-24,2026-07-26,Travel Agent
B09532,H011,G04756,2024-03-12,2024-04-03,2024-04-04,OTA
B09533,H001,G04757,2024-07-14,2024-07-28,2024-08-01,Mobile App
B09534,H019,G04757,2025-06-03,2025-06-28,2025-07-04,Corporate Booking
B09535,H005,G04758,2025-11-05,2025-11-19,2025-11-23,Travel Agent
B09536,H012,G04758,2026-02-15,2026-03-27,2026-03-29,Corporate Booking
B09537,H012,G04758,2026-06-09,2026-06-19,2026-06-24,Mobile App
B09538,H017,G04759,2026-07-18,2026-08-11,2026-08-12,Hotel Website
B09539,H015,G04759,2026-08-07,2026-08-29,2026-08-31,OTA
B09540,H004,G04760,2024-10-22,2024-11-01,2024-11-03,Mobile App
B09541,H004,G04760,2025-08-29,2025-10-08,2025-10-13,Travel Agent
B09542,H002,G04761,2026-04-04,2026-04-30,2026-05-07,Hotel Website
B09543,H008,G04761,2026-06-10,2026-07-01,2026-07-04,Phone Booking
B09544,H015,G04762,2026-02-04,2026-02-18,2026-02-23,OTA
B09545,H020,G04763,2025-07-26,2025-08-02,2025-08-04,Travel Agent
B09546,H020,G04763,2026-01-18,2026-01-19,2026-01-22,Walk-in
B09547,H010,G04764,2024-09-12,2024-09-19,2024-09-20,OTA
B09548,H003,G04764,2025-08-13,2025-09-12,2025-09-16,OTA
B09549,H014,G04765,2026-02-20,2026-03-15,2026-03-16,OTA
B09550,H020,G04765,2026-07-23,2026-08-09,2026-08-15,Phone Booking
B09551,H013,G04766,2025-11-15,2025-12-05,2025-12-08,Mobile App
B09552,H008,G04766,2026-07-13,2026-07-21,2026-07-22,Corporate Booking
B09553,H006,G04767,2026-04-16,2026-05-28,2026-05-29,Travel Agent
B09554,H015,G04767,2026-07-28,2026-08-05,2026-08-07,Travel Agent
B09555,H002,G04768,2025-05-20,2025-06-16,2025-06-19,Hotel Website
B09556,H011,G04768,2026-04-18,2026-04-22,2026-04-27,OTA
B09557,H005,G04769,2025-06-19,2025-06-20,2025-06-23,Walk-in
B09558,H015,G04770,2025-12-09,2025-12-23,2025-12-25,Phone Booking
B09559,H012,G04770,2026-02-08,2026-02-14,2026-02-19,Mobile App
B09560,H002,G04771,2025-10-10,2025-11-12,2025-11-14,Corporate Booking
B09561,H011,G04771,2026-03-12,2026-03-15,2026-03-17,Hotel Website
B09562,H012,G04772,2024-02-20,2024-03-15,2024-03-16,OTA
B09563,H003,G04772,2024-12-28,2024-12-31,2025-01-03,OTA
B09564,H005,G04773,2024-09-05,2024-10-10,2024-10-13,Hotel Website
B09565,H011,G04774,2026-03-04,2026-03-05,2026-03-07,Walk-in
B09566,H013,G04774,2026-06-16,2026-06-23,2026-06-24,Corporate Booking
B09567,H004,G04774,2026-06-08,2026-07-23,2026-07-27,Corporate Booking
B09568,H016,G04774,2025-07-08,2025-07-27,2025-07-29,Hotel Website
B09569,H005,G04775,2026-03-22,2026-04-16,2026-04-18,Travel Agent
B09570,H001,G04775,2026-06-20,2026-06-23,2026-06-25,Hotel Website
B09571,H003,G04776,2024-09-06,2024-10-01,2024-10-05,OTA
B09572,H010,G04776,2024-10-30,2024-11-09,2024-11-12,OTA
B09573,H011,G04776,2025-05-07,2025-05-28,2025-06-01,OTA
B09574,H005,G04777,2025-11-26,2025-12-13,2025-12-16,Mobile App
B09575,H002,G04778,2025-07-22,2025-08-25,2025-08-31,Travel Agent
B09576,H002,G04778,2026-04-12,2026-04-29,2026-05-03,Mobile App
B09577,H013,G04779,2024-09-08,2024-09-09,2024-09-10,Walk-in
B09578,H019,G04780,2024-04-27,2024-04-28,2024-04-30,Walk-in
B09579,H016,G04781,2026-07-11,2026-08-03,2026-08-05,Corporate Booking
B09580,H011,G04782,2025-01-15,2025-02-05,2025-02-06,OTA
B09581,H003,G04782,2025-09-26,2025-10-04,2025-10-08,Phone Booking
B09582,H007,G04783,2025-04-29,2025-05-10,2025-05-12,OTA
B09583,H003,G04783,2025-12-17,2026-01-05,2026-01-09,Travel Agent
B09584,H003,G04783,2026-03-04,2026-03-18,2026-03-22,OTA
B09585,H015,G04784,2025-11-20,2025-11-28,2025-11-29,Hotel Website
B09586,H003,G04784,2026-04-09,2026-05-01,2026-05-03,Travel Agent
B09587,H004,G04784,2026-06-21,2026-07-07,2026-07-10,Phone Booking
B09588,H014,G04785,2024-09-17,2024-10-01,2024-10-05,Phone Booking
B09589,H014,G04785,2026-07-02,2026-07-25,2026-07-28,OTA
B09590,H005,G04786,2025-03-14,2025-04-23,2025-04-25,Corporate Booking
B09591,H002,G04786,2025-07-30,2025-07-31,2025-08-04,Mobile App
B09592,H002,G04786,2026-01-06,2026-01-23,2026-01-29,Corporate Booking
B09593,H004,G04787,2024-02-11,2024-03-18,2024-03-23,Travel Agent
B09594,H005,G04788,2026-02-19,2026-03-08,2026-03-12,Corporate Booking
B09595,H011,G04788,2026-06-15,2026-06-16,2026-06-19,Walk-in
B09596,H002,G04788,2026-07-17,2026-07-26,2026-07-28,Phone Booking
B09597,H019,G04789,2026-08-16,2026-08-18,2026-08-20,OTA
B09598,H003,G04790,2026-01-28,2026-02-08,2026-02-11,Travel Agent
B09599,H006,G04791,2026-03-08,2026-03-13,2026-03-14,Mobile App
B09600,H006,G04791,2026-04-19,2026-05-21,2026-05-23,Corporate Booking
B09601,H001,G04792,2024-04-18,2024-05-17,2024-05-20,Hotel Website
B09602,H015,G04792,2026-04-23,2026-05-14,2026-05-16,Corporate Booking
B09603,H019,G04792,2026-07-30,2026-08-20,2026-08-25,Travel Agent
B09604,H016,G04793,2025-09-17,2025-10-14,2025-10-15,Corporate Booking
B09605,H006,G04793,2025-11-07,2025-11-26,2025-11-28,OTA
B09606,H011,G04794,2025-01-05,2025-01-17,2025-01-18,Phone Booking
B09607,H005,G04795,2024-03-20,2024-03-30,2024-04-02,Mobile App
B09608,H002,G04796,2024-05-05,2024-05-16,2024-05-20,Phone Booking
B09609,H015,G04796,2026-07-06,2026-08-02,2026-08-04,Hotel Website
B09610,H011,G04796,2024-12-03,2024-12-07,2024-12-10,OTA
B09611,H001,G04797,2025-02-20,2025-02-22,2025-02-26,Hotel Website
B09612,H013,G04798,2025-12-06,2026-01-03,2026-01-04,Hotel Website
B09613,H004,G04799,2026-02-08,2026-02-23,2026-02-25,OTA
B09614,H002,G04800,2026-03-29,2026-04-11,2026-04-13,Hotel Website
B09615,H014,G04800,2026-06-07,2026-06-27,2026-06-28,Corporate Booking
B09616,H012,G04801,2026-07-11,2026-07-14,2026-07-15,OTA
B09617,H013,G04802,2025-04-17,2025-04-29,2025-05-02,OTA
B09618,H001,G04803,2024-12-09,2024-12-10,2024-12-12,Walk-in
B09619,H013,G04803,2025-10-03,2025-10-07,2025-10-09,Hotel Website
B09620,H003,G04804,2025-01-16,2025-02-08,2025-02-10,Hotel Website
B09621,H004,G04805,2025-02-23,2025-02-24,2025-02-26,Walk-in
B09622,H016,G04806,2025-02-24,2025-04-05,2025-04-09,Travel Agent
B09623,H005,G04806,2025-10-17,2025-11-05,2025-11-09,Phone Booking
B09624,H011,G04807,2025-04-18,2025-04-29,2025-05-02,OTA
B09625,H011,G04807,2025-06-22,2025-06-29,2025-06-30,Corporate Booking
B09626,H005,G04808,2025-07-08,2025-07-20,2025-07-26,OTA
B09627,H020,G04809,2026-08-10,2026-08-13,2026-08-15,Mobile App
B09628,H018,G04809,2026-04-25,2026-05-01,2026-05-03,Travel Agent
B09629,H013,G04810,2024-02-07,2024-03-13,2024-03-15,Corporate Booking
B09630,H014,G04811,2026-07-27,2026-08-02,2026-08-03,Mobile App
B09631,H018,G04811,2026-08-19,2026-08-25,2026-08-28,OTA
B09632,H004,G04812,2025-06-20,2025-07-03,2025-07-09,Hotel Website
B09633,H011,G04813,2026-06-13,2026-07-13,2026-07-14,Hotel Website
B09634,H004,G04814,2025-09-15,2025-10-05,2025-10-10,Mobile App
B09635,H016,G04815,2024-02-03,2024-03-06,2024-03-08,Hotel Website
B09636,H019,G04815,2026-03-29,2026-04-22,2026-04-26,Corporate Booking
B09637,H005,G04816,2026-01-29,2026-02-12,2026-02-16,Mobile App
B09638,H005,G04816,2026-07-25,2026-08-18,2026-08-22,OTA
B09639,H001,G04817,2026-03-04,2026-03-08,2026-03-15,OTA
B09640,H001,G04817,2026-07-30,2026-08-25,2026-08-31,OTA
B09641,H015,G04818,2026-01-27,2026-03-05,2026-03-10,Corporate Booking
B09642,H001,G04818,2026-06-17,2026-06-19,2026-06-23,Hotel Website
B09643,H020,G04819,2026-06-18,2026-07-04,2026-07-08,Phone Booking
B09644,H001,G04820,2025-03-13,2025-04-01,2025-04-06,Hotel Website
B09645,H004,G04820,2025-10-12,2025-11-02,2025-11-08,Phone Booking
B09646,H004,G04820,2026-01-06,2026-01-18,2026-01-24,Mobile App
B09647,H012,G04821,2025-09-29,2025-10-14,2025-10-15,Phone Booking
B09648,H012,G04821,2026-03-21,2026-03-24,2026-03-27,Hotel Website
B09649,H005,G04822,2025-08-21,2025-09-10,2025-09-13,Phone Booking
B09650,H011,G04823,2026-03-12,2026-04-17,2026-04-20,Corporate Booking
B09651,H006,G04824,2026-08-28,2026-08-29,2026-08-30,Walk-in
B09652,H003,G04824,2024-11-03,2024-11-09,2024-11-14,Phone Booking
B09653,H003,G04824,2025-08-16,2025-09-03,2025-09-07,OTA
B09654,H002,G04825,2026-02-03,2026-02-16,2026-02-21,OTA
B09655,H016,G04826,2026-03-07,2026-03-24,2026-03-27,Travel Agent
B09656,H016,G04827,2024-08-11,2024-09-14,2024-09-16,Hotel Website
B09657,H003,G04828,2025-10-09,2025-11-06,2025-11-11,Travel Agent
B09658,H012,G04829,2025-07-18,2025-08-17,2025-08-18,OTA
B09659,H003,G04830,2025-12-01,2025-12-16,2025-12-19,Phone Booking
B09660,H020,G04830,2026-02-02,2026-02-26,2026-03-03,Hotel Website
B09661,H020,G04830,2026-08-01,2026-08-06,2026-08-09,Mobile App
B09662,H011,G04831,2024-07-12,2024-08-25,2024-08-27,Corporate Booking
B09663,H014,G04831,2025-05-20,2025-05-27,2025-05-29,Mobile App
B09664,H006,G04832,2025-02-17,2025-02-27,2025-03-04,Hotel Website
B09665,H002,G04832,2025-05-04,2025-05-19,2025-05-25,Mobile App
B09666,H012,G04832,2026-02-03,2026-03-16,2026-03-20,Travel Agent
B09667,H015,G04832,2026-04-17,2026-05-27,2026-06-01,Corporate Booking
B09668,H014,G04833,2025-08-13,2025-09-01,2025-09-05,Corporate Booking
B09669,H012,G04833,2025-09-14,2025-10-19,2025-10-22,Travel Agent
B09670,H005,G04833,2026-04-23,2026-05-24,2026-05-27,Corporate Booking
B09671,H005,G04833,2026-06-14,2026-06-23,2026-06-28,Phone Booking
B09672,H004,G04834,2024-12-08,2024-12-23,2024-12-26,OTA
B09673,H015,G04834,2025-04-17,2025-04-18,2025-04-22,Walk-in
B09674,H013,G04834,2026-04-16,2026-04-20,2026-04-24,Phone Booking
B09675,H011,G04834,2026-07-24,2026-08-11,2026-08-15,Hotel Website
B09676,H001,G04835,2024-01-08,2024-02-17,2024-02-19,Travel Agent
B09677,H017,G04835,2026-07-11,2026-08-24,2026-08-25,Travel Agent
B09678,H006,G04836,2024-11-26,2024-12-11,2024-12-16,Mobile App
B09679,H003,G04836,2026-03-04,2026-03-13,2026-03-19,Corporate Booking
B09680,H016,G04837,2024-02-19,2024-03-06,2024-03-09,Corporate Booking
B09681,H020,G04837,2025-09-20,2025-09-28,2025-10-03,OTA
B09682,H014,G04838,2025-01-21,2025-01-26,2025-01-31,Corporate Booking
B09683,H011,G04838,2025-05-28,2025-06-19,2025-06-21,Hotel Website
B09684,H005,G04839,2026-01-08,2026-01-20,2026-01-24,Travel Agent
B09685,H002,G04839,2026-07-22,2026-08-08,2026-08-10,Hotel Website
B09686,H018,G04839,2025-10-02,2025-10-31,2025-11-01,Travel Agent
B09687,H012,G04840,2024-11-26,2024-11-30,2024-12-01,OTA
B09688,H013,G04840,2025-11-15,2025-12-11,2025-12-12,OTA
B09689,H001,G04841,2024-04-17,2024-05-10,2024-05-14,OTA
B09690,H015,G04841,2026-03-29,2026-04-21,2026-04-26,Hotel Website
B09691,H001,G04842,2024-02-02,2024-02-11,2024-02-14,Hotel Website
B09692,H011,G04843,2024-03-23,2024-03-30,2024-04-01,Mobile App
B09693,H004,G04844,2025-11-06,2025-11-07,2025-11-10,Walk-in
B09694,H014,G04844,2026-01-29,2026-02-26,2026-02-28,OTA
B09695,H012,G04845,2025-05-26,2025-05-31,2025-06-01,Hotel Website
B09696,H014,G04845,2025-07-26,2025-07-27,2025-07-29,Mobile App
B09697,H003,G04845,2026-01-01,2026-01-28,2026-02-02,Hotel Website
B09698,H015,G04846,2024-01-13,2024-02-22,2024-02-23,Travel Agent
B09699,H015,G04846,2024-06-21,2024-06-26,2024-06-30,Phone Booking
B09700,H005,G04846,2025-11-18,2025-12-05,2025-12-07,Corporate Booking
B09701,H019,G04847,2026-01-13,2026-02-06,2026-02-09,OTA
B09702,H004,G04848,2026-03-14,2026-04-10,2026-04-13,Hotel Website
B09703,H017,G04849,2025-12-12,2026-01-02,2026-01-03,OTA
B09704,H004,G04849,2026-01-17,2026-02-12,2026-02-15,Hotel Website
B09705,H013,G04850,2024-03-24,2024-04-14,2024-04-15,Hotel Website
B09706,H013,G04850,2026-06-12,2026-07-13,2026-07-15,Travel Agent
B09707,H004,G04850,2026-07-31,2026-08-09,2026-08-12,OTA
B09708,H001,G04851,2024-07-20,2024-08-17,2024-08-19,OTA
B09709,H003,G04852,2025-12-09,2026-01-07,2026-01-10,Hotel Website
B09710,H015,G04853,2026-03-26,2026-04-15,2026-04-19,Hotel Website
B09711,H015,G04854,2026-04-07,2026-04-10,2026-04-11,Mobile App
B09712,H015,G04854,2026-06-14,2026-07-06,2026-07-07,Corporate Booking
B09713,H001,G04854,2026-07-08,2026-07-31,2026-08-03,OTA
B09714,H014,G04855,2026-07-13,2026-07-24,2026-07-27,OTA
B09715,H018,G04855,2026-08-19,2026-08-26,2026-08-29,Hotel Website
B09716,H015,G04855,2024-09-27,2024-11-05,2024-11-06,Corporate Booking
B09717,H014,G04856,2025-07-30,2025-08-10,2025-08-15,Hotel Website
B09718,H005,G04857,2024-11-21,2024-11-22,2024-11-26,OTA
B09719,H003,G04858,2025-08-10,2025-08-15,2025-08-18,OTA
B09720,H003,G04858,2026-07-13,2026-07-20,2026-07-25,Travel Agent
B09721,H003,G04858,2026-08-01,2026-08-12,2026-08-15,Mobile App
B09722,H003,G04858,2025-11-05,2025-11-16,2025-11-19,Phone Booking
B09723,H003,G04858,2026-01-12,2026-01-22,2026-01-26,Mobile App
B09724,H016,G04859,2026-08-04,2026-08-30,2026-08-31,Corporate Booking
B09725,H016,G04859,2024-09-22,2024-10-10,2024-10-12,OTA
B09726,H016,G04859,2026-03-25,2026-04-11,2026-04-15,Corporate Booking
B09727,H016,G04860,2026-01-28,2026-02-01,2026-02-04,Phone Booking
B09728,H016,G04860,2026-05-28,2026-06-28,2026-07-02,Hotel Website
B09729,H016,G04861,2024-11-05,2024-12-01,2024-12-05,OTA
B09730,H002,G04861,2025-10-31,2025-11-20,2025-11-27,OTA
B09731,H016,G04862,2024-04-13,2024-04-26,2024-04-30,Mobile App
B09732,H015,G04862,2024-12-18,2025-01-09,2025-01-11,OTA
B09733,H001,G04863,2026-04-28,2026-05-08,2026-05-12,OTA
B09734,H019,G04863,2026-07-05,2026-08-17,2026-08-22,Travel Agent
B09735,H004,G04864,2026-06-07,2026-07-07,2026-07-14,Hotel Website
B09736,H004,G04864,2026-07-20,2026-08-21,2026-08-28,Travel Agent
B09737,H013,G04865,2024-04-14,2024-04-15,2024-04-17,Walk-in
B09738,H013,G04865,2025-08-25,2025-10-02,2025-10-04,Corporate Booking
B09739,H002,G04866,2024-10-24,2024-11-14,2024-11-17,Phone Booking
B09740,H019,G04866,2026-01-07,2026-01-11,2026-01-13,Hotel Website
B09741,H017,G04866,2026-03-19,2026-03-20,2026-03-21,Walk-in
B09742,H006,G04867,2024-12-18,2025-01-03,2025-01-06,Mobile App
B09743,H018,G04867,2026-03-24,2026-04-02,2026-04-03,OTA
B09744,H001,G04867,2026-06-15,2026-06-16,2026-06-19,Phone Booking
B09745,H004,G04868,2025-10-16,2025-10-20,2025-10-22,Phone Booking
B09746,H018,G04869,2025-10-07,2025-10-15,2025-10-18,OTA
B09747,H014,G04870,2025-04-08,2025-04-18,2025-04-19,OTA
B09748,H012,G04871,2024-02-14,2024-02-22,2024-02-23,OTA
B09749,H019,G04871,2024-05-15,2024-05-25,2024-05-30,OTA
B09750,H008,G04871,2025-02-08,2025-02-09,2025-02-12,Walk-in
B09751,H017,G04872,2025-05-31,2025-06-06,2025-06-08,Mobile App
B09752,H008,G04873,2025-06-25,2025-07-28,2025-07-31,Hotel Website
B09753,H010,G04873,2026-04-28,2026-05-24,2026-05-29,Hotel Website
B09754,H004,G04874,2026-02-19,2026-03-09,2026-03-15,Travel Agent
B09755,H004,G04874,2026-05-15,2026-05-23,2026-05-27,Mobile App
B09756,H002,G04875,2025-06-22,2025-07-21,2025-07-25,OTA
B09757,H006,G04875,2026-04-05,2026-05-19,2026-05-25,Corporate Booking
B09758,H015,G04876,2025-06-10,2025-06-30,2025-07-01,Corporate Booking
B09759,H002,G04877,2025-03-02,2025-03-29,2025-03-31,OTA
B09760,H002,G04878,2025-01-26,2025-02-22,2025-02-25,Travel Agent
B09761,H015,G04879,2026-05-01,2026-05-19,2026-05-20,OTA
B09762,H018,G04879,2026-07-14,2026-08-25,2026-08-30,Corporate Booking
B09763,H002,G04880,2024-11-03,2024-11-13,2024-11-19,Mobile App
B09764,H002,G04880,2025-03-01,2025-03-08,2025-03-11,Mobile App
B09765,H014,G04881,2024-08-02,2024-08-09,2024-08-13,OTA
B09766,H014,G04881,2024-12-19,2025-01-01,2025-01-04,Phone Booking
B09767,H006,G04882,2024-05-18,2024-06-05,2024-06-07,OTA
B09768,H014,G04883,2025-07-11,2025-08-15,2025-08-16,Corporate Booking
B09769,H020,G04883,2026-04-05,2026-04-17,2026-04-20,Hotel Website
B09770,H014,G04884,2024-01-06,2024-01-11,2024-01-15,Travel Agent
B09771,H015,G04885,2025-07-19,2025-08-04,2025-08-07,Hotel Website
B09772,H012,G04886,2026-01-10,2026-01-15,2026-01-17,OTA
B09773,H003,G04886,2026-07-17,2026-08-01,2026-08-06,Travel Agent
B09774,H020,G04887,2024-10-12,2024-11-03,2024-11-04,Travel Agent
B09775,H002,G04887,2026-03-12,2026-03-24,2026-03-28,Corporate Booking
B09776,H008,G04888,2024-11-06,2024-11-24,2024-11-28,Phone Booking
B09777,H004,G04888,2024-12-17,2025-01-14,2025-01-17,Hotel Website
B09778,H001,G04889,2025-10-03,2025-10-07,2025-10-10,OTA
B09779,H001,G04889,2026-04-18,2026-05-17,2026-05-23,Hotel Website
B09780,H005,G04890,2024-12-25,2025-01-17,2025-01-20,OTA
B09781,H004,G04891,2026-05-03,2026-05-04,2026-05-11,Walk-in
B09782,H003,G04892,2024-10-07,2024-11-09,2024-11-15,Hotel Website
B09783,H020,G04893,2025-05-08,2025-05-23,2025-05-24,Corporate Booking
B09784,H020,G04893,2026-01-01,2026-01-13,2026-01-16,Travel Agent
B09785,H005,G04894,2025-07-15,2025-08-13,2025-08-15,OTA
B09786,H003,G04894,2025-12-31,2026-02-08,2026-02-10,Travel Agent
B09787,H003,G04894,2026-03-04,2026-03-24,2026-03-28,Hotel Website
B09788,H016,G04895,2024-10-12,2024-10-14,2024-10-16,Phone Booking
B09789,H015,G04896,2025-12-03,2026-01-09,2026-01-11,Corporate Booking
B09790,H005,G04896,2026-03-19,2026-03-23,2026-03-27,Hotel Website
B09791,H009,G04897,2024-08-01,2024-08-20,2024-08-21,Mobile App
B09792,H003,G04897,2025-12-01,2025-12-11,2025-12-16,Hotel Website
B09793,H003,G04897,2026-03-06,2026-04-08,2026-04-11,Hotel Website
B09794,H016,G04898,2025-06-26,2025-07-16,2025-07-18,Phone Booking
B09795,H013,G04898,2025-12-30,2026-01-29,2026-01-30,Hotel Website
B09796,H013,G04898,2026-06-02,2026-06-12,2026-06-16,Mobile App
B09797,H006,G04898,2026-06-15,2026-07-28,2026-07-31,Travel Agent
B09798,H004,G04899,2025-05-08,2025-05-20,2025-05-23,Corporate Booking
B09799,H004,G04899,2025-11-08,2025-12-08,2025-12-10,Hotel Website
B09800,H005,G04900,2025-07-10,2025-07-12,2025-07-15,Phone Booking
B09801,H012,G04900,2025-08-16,2025-09-20,2025-09-21,Corporate Booking
B09802,H011,G04901,2025-03-31,2025-05-09,2025-05-11,Corporate Booking
B09803,H008,G04902,2025-11-06,2025-11-18,2025-11-19,Mobile App
B09804,H004,G04902,2026-07-01,2026-07-09,2026-07-12,Hotel Website
B09805,H015,G04903,2025-12-07,2025-12-30,2026-01-01,Corporate Booking
B09806,H012,G04903,2026-03-30,2026-03-31,2026-04-03,Walk-in
B09807,H012,G04903,2026-04-08,2026-04-27,2026-04-29,OTA
B09808,H006,G04904,2024-04-03,2024-04-04,2024-04-06,Walk-in
B09809,H005,G04904,2024-09-07,2024-10-05,2024-10-09,OTA
B09810,H019,G04905,2024-04-30,2024-05-06,2024-05-11,OTA
B09811,H002,G04905,2024-07-01,2024-07-02,2024-07-06,Walk-in
B09812,H018,G04906,2026-02-11,2026-02-14,2026-02-15,Mobile App
B09813,H001,G04906,2026-03-08,2026-03-26,2026-03-29,Hotel Website
B09814,H014,G04906,2026-07-12,2026-07-29,2026-08-02,Phone Booking
B09815,H018,G04906,2026-08-08,2026-08-26,2026-08-29,OTA
B09816,H018,G04906,2024-12-17,2025-01-05,2025-01-06,OTA
B09817,H015,G04907,2024-01-31,2024-02-14,2024-02-16,Phone Booking
B09818,H013,G04907,2024-03-15,2024-04-23,2024-04-26,Travel Agent
B09819,H015,G04908,2025-11-20,2025-11-27,2025-11-29,OTA
B09820,H018,G04909,2024-11-15,2024-12-20,2024-12-22,Corporate Booking
B09821,H015,G04909,2025-02-02,2025-02-26,2025-03-02,Travel Agent
B09822,H002,G04910,2025-08-19,2025-09-09,2025-09-13,Corporate Booking
B09823,H004,G04910,2025-10-29,2025-11-18,2025-11-22,Phone Booking
B09824,H019,G04910,2026-04-14,2026-04-29,2026-05-02,Hotel Website
B09825,H006,G04911,2026-03-27,2026-04-10,2026-04-13,Mobile App
B09826,H003,G04911,2026-04-15,2026-05-25,2026-05-31,Travel Agent
B09827,H015,G04911,2026-07-17,2026-08-07,2026-08-09,Phone Booking
B09828,H020,G04912,2024-03-07,2024-03-29,2024-04-02,Corporate Booking
B09829,H020,G04913,2026-07-08,2026-07-31,2026-08-03,OTA
B09830,H014,G04914,2025-03-02,2025-03-11,2025-03-14,Corporate Booking
B09831,H016,G04914,2026-04-12,2026-04-14,2026-04-19,Mobile App
B09832,H001,G04915,2026-01-12,2026-01-30,2026-02-02,Hotel Website
B09833,H020,G04915,2026-06-06,2026-06-23,2026-06-26,Mobile App
B09834,H012,G04915,2026-07-30,2026-08-12,2026-08-14,Corporate Booking
B09835,H003,G04916,2024-05-12,2024-05-16,2024-05-19,Phone Booking
B09836,H012,G04917,2024-05-26,2024-06-28,2024-06-29,Corporate Booking
B09837,H005,G04917,2024-07-04,2024-08-06,2024-08-11,Corporate Booking
B09838,H003,G04917,2025-05-24,2025-06-08,2025-06-10,Hotel Website
B09839,H017,G04918,2025-08-13,2025-08-14,2025-08-18,Walk-in
B09840,H018,G04918,2025-10-06,2025-10-07,2025-10-08,Walk-in
B09841,H003,G04919,2025-06-30,2025-07-09,2025-07-15,OTA
B09842,H002,G04919,2026-03-26,2026-04-21,2026-04-25,Hotel Website
B09843,H005,G04920,2024-02-18,2024-03-11,2024-03-18,Hotel Website
B09844,H004,G04920,2025-01-03,2025-02-02,2025-02-07,Travel Agent
B09845,H012,G04920,2025-10-22,2025-10-24,2025-10-27,Phone Booking
B09846,H011,G04921,2026-01-18,2026-01-28,2026-01-29,Mobile App
B09847,H004,G04921,2026-06-01,2026-06-02,2026-06-06,Walk-in
B09848,H013,G04921,2026-07-17,2026-08-19,2026-08-20,Travel Agent
B09849,H017,G04922,2024-11-11,2024-11-28,2024-11-30,OTA
B09850,H016,G04922,2025-04-10,2025-04-15,2025-04-17,Corporate Booking
B09851,H015,G04923,2024-11-13,2024-11-26,2024-11-30,OTA
B09852,H005,G04923,2026-06-21,2026-06-27,2026-07-02,Hotel Website
B09853,H012,G04924,2025-06-22,2025-07-10,2025-07-12,Corporate Booking
B09854,H011,G04924,2025-12-07,2025-12-26,2025-12-29,Corporate Booking
B09855,H019,G04925,2024-06-07,2024-07-04,2024-07-07,OTA
B09856,H005,G04925,2024-12-31,2025-01-28,2025-02-03,Corporate Booking
B09857,H001,G04926,2024-11-29,2024-12-11,2024-12-14,Mobile App
B09858,H011,G04926,2025-04-24,2025-05-11,2025-05-14,Hotel Website
B09859,H016,G04927,2024-06-09,2024-06-20,2024-06-23,Mobile App
B09860,H016,G04927,2025-09-01,2025-10-08,2025-10-11,Corporate Booking
B09861,H016,G04927,2026-03-14,2026-03-22,2026-03-24,Mobile App
B09862,H020,G04928,2026-03-29,2026-04-16,2026-04-21,Mobile App
B09863,H019,G04928,2026-05-08,2026-05-14,2026-05-16,Phone Booking
B09864,H014,G04928,2026-06-13,2026-07-01,2026-07-05,OTA
B09865,H012,G04929,2024-05-05,2024-05-15,2024-05-16,Hotel Website
B09866,H012,G04929,2026-04-28,2026-05-26,2026-05-28,OTA
B09867,H015,G04930,2025-01-03,2025-01-10,2025-01-12,Mobile App
B09868,H004,G04930,2025-12-28,2026-01-04,2026-01-07,Hotel Website
B09869,H005,G04931,2026-04-27,2026-05-14,2026-05-18,Phone Booking
B09870,H001,G04932,2026-01-14,2026-02-12,2026-02-14,Travel Agent
B09871,H005,G04932,2026-06-18,2026-06-24,2026-07-01,Mobile App
B09872,H019,G04933,2024-06-25,2024-06-29,2024-07-03,Mobile App
B09873,H016,G04933,2025-10-26,2025-11-13,2025-11-19,OTA
B09874,H012,G04934,2025-01-12,2025-02-15,2025-02-18,Corporate Booking
B09875,H005,G04934,2025-08-17,2025-09-26,2025-09-29,Travel Agent
B09876,H012,G04935,2024-09-12,2024-09-23,2024-09-24,Corporate Booking
B09877,H018,G04935,2026-04-08,2026-04-09,2026-04-12,Walk-in
B09878,H020,G04936,2026-05-02,2026-05-22,2026-05-26,Hotel Website
B09879,H013,G04937,2025-02-02,2025-02-25,2025-02-28,Hotel Website
B09880,H003,G04937,2026-01-14,2026-01-15,2026-01-19,Walk-in
B09881,H012,G04938,2026-03-04,2026-03-13,2026-03-15,Hotel Website
B09882,H003,G04938,2026-06-26,2026-07-11,2026-07-15,OTA
B09883,H016,G04938,2026-07-30,2026-08-13,2026-08-14,Hotel Website
B09884,H014,G04938,2025-02-14,2025-03-11,2025-03-15,Travel Agent
B09885,H013,G04939,2024-08-18,2024-08-19,2024-08-20,Walk-in
B09886,H016,G04940,2024-04-15,2024-05-03,2024-05-07,Phone Booking
B09887,H014,G04940,2026-02-14,2026-03-03,2026-03-04,Mobile App
B09888,H014,G04940,2026-03-23,2026-04-03,2026-04-05,Hotel Website
B09889,H005,G04941,2024-09-12,2024-09-28,2024-10-03,Mobile App
B09890,H005,G04941,2026-05-11,2026-06-11,2026-06-15,Hotel Website
B09891,H003,G04941,2026-06-13,2026-07-04,2026-07-08,Travel Agent
B09892,H016,G04942,2024-02-06,2024-03-09,2024-03-11,Travel Agent
B09893,H001,G04942,2025-03-29,2025-03-30,2025-04-04,Walk-in
B09894,H011,G04943,2024-01-10,2024-01-22,2024-01-24,OTA
B09895,H020,G04944,2025-10-25,2025-10-26,2025-10-29,Walk-in
B09896,H005,G04944,2025-11-22,2025-12-09,2025-12-13,Hotel Website
B09897,H013,G04944,2026-01-12,2026-01-22,2026-01-23,OTA
B09898,H019,G04945,2024-02-15,2024-02-16,2024-02-18,Walk-in
B09899,H004,G04945,2026-04-10,2026-05-10,2026-05-14,Travel Agent
B09900,H015,G04946,2026-01-06,2026-02-04,2026-02-06,Hotel Website
B09901,H014,G04947,2025-10-05,2025-11-02,2025-11-04,OTA
B09902,H013,G04947,2026-04-09,2026-04-10,2026-04-11,Walk-in
B09903,H013,G04948,2024-11-29,2024-12-22,2024-12-23,OTA
B09904,H005,G04948,2025-08-27,2025-09-06,2025-09-09,Hotel Website
B09905,H014,G04948,2026-06-24,2026-07-29,2026-07-30,Hotel Website
B09906,H003,G04948,2026-07-24,2026-08-20,2026-08-24,Travel Agent
B09907,H011,G04948,2026-01-21,2026-01-27,2026-01-28,Corporate Booking
B09908,H015,G04949,2024-12-11,2025-01-03,2025-01-04,Corporate Booking
B09909,H013,G04950,2026-07-08,2026-07-27,2026-07-30,Corporate Booking
B09910,H016,G04951,2026-02-27,2026-03-29,2026-03-30,Corporate Booking
B09911,H006,G04952,2025-10-20,2025-11-17,2025-11-18,OTA
B09912,H016,G04953,2024-07-02,2024-07-20,2024-07-22,OTA
B09913,H015,G04953,2025-07-19,2025-09-01,2025-09-02,Travel Agent
B09914,H002,G04954,2024-10-23,2024-11-09,2024-11-13,Corporate Booking
B09915,H003,G04955,2025-07-19,2025-07-30,2025-08-03,Mobile App
B09916,H004,G04956,2025-03-20,2025-03-31,2025-04-05,Mobile App
B09917,H020,G04956,2026-06-13,2026-06-22,2026-06-27,Mobile App
B09918,H015,G04957,2026-04-04,2026-04-14,2026-04-16,Corporate Booking
B09919,H005,G04957,2026-06-22,2026-07-08,2026-07-13,Hotel Website
B09920,H007,G04958,2025-03-21,2025-04-20,2025-04-25,OTA
B09921,H007,G04958,2025-06-03,2025-06-23,2025-06-26,OTA
B09922,H018,G04958,2025-07-07,2025-07-23,2025-07-28,Hotel Website
B09923,H001,G04959,2026-05-19,2026-05-26,2026-05-28,Hotel Website
B09924,H004,G04960,2024-08-14,2024-09-09,2024-09-12,OTA
B09925,H014,G04960,2025-12-22,2026-01-14,2026-01-16,Corporate Booking
B09926,H020,G04961,2024-07-18,2024-08-13,2024-08-14,Travel Agent
B09927,H004,G04961,2025-08-25,2025-08-29,2025-09-02,Mobile App
B09928,H004,G04961,2025-12-25,2025-12-28,2026-01-03,Phone Booking
B09929,H005,G04962,2026-05-10,2026-06-14,2026-06-17,Corporate Booking
B09930,H005,G04963,2025-10-21,2025-11-18,2025-11-21,Travel Agent
B09931,H008,G04964,2024-07-20,2024-07-28,2024-07-31,Hotel Website
B09932,H004,G04964,2024-12-18,2025-01-04,2025-01-08,OTA
B09933,H001,G04964,2025-11-14,2025-11-28,2025-11-30,Mobile App
B09934,H009,G04965,2026-05-17,2026-06-01,2026-06-03,Hotel Website
B09935,H005,G04965,2026-08-02,2026-08-27,2026-08-30,OTA
B09936,H016,G04965,2025-03-01,2025-03-25,2025-03-28,Corporate Booking
B09937,H016,G04966,2025-01-11,2025-01-29,2025-01-30,Travel Agent
B09938,H016,G04966,2026-04-29,2026-04-30,2026-05-04,Mobile App
B09939,H015,G04967,2024-02-20,2024-03-22,2024-03-26,Hotel Website
B09940,H002,G04967,2024-08-26,2024-09-11,2024-09-13,OTA
B09941,H003,G04967,2026-04-17,2026-05-24,2026-05-26,Corporate Booking
B09942,H006,G04968,2024-08-27,2024-09-02,2024-09-06,Mobile App
B09943,H012,G04969,2025-07-13,2025-08-05,2025-08-06,OTA
B09944,H003,G04969,2026-03-05,2026-03-07,2026-03-11,OTA
B09945,H014,G04970,2024-07-01,2024-08-02,2024-08-04,Hotel Website
B09946,H014,G04970,2026-03-05,2026-04-01,2026-04-05,OTA
B09947,H008,G04971,2024-02-14,2024-03-01,2024-03-04,Travel Agent
B09948,H007,G04971,2025-12-05,2026-01-09,2026-01-10,Travel Agent
B09949,H011,G04972,2026-02-17,2026-03-12,2026-03-14,OTA
B09950,H020,G04973,2024-01-18,2024-01-19,2024-01-22,Walk-in
B09951,H001,G04974,2024-03-29,2024-04-15,2024-04-17,Hotel Website
B09952,H003,G04974,2024-12-31,2025-01-24,2025-01-28,OTA
B09953,H011,G04975,2026-06-21,2026-07-31,2026-08-01,Corporate Booking
B09954,H003,G04976,2026-04-22,2026-05-14,2026-05-16,Travel Agent
B09955,H008,G04977,2026-02-22,2026-03-14,2026-03-15,Mobile App
B09956,H012,G04978,2025-10-11,2025-11-01,2025-11-03,Corporate Booking
B09957,H011,G04979,2024-06-24,2024-06-25,2024-06-26,Walk-in
B09958,H011,G04979,2024-09-17,2024-10-20,2024-10-22,Hotel Website
B09959,H015,G04980,2024-01-13,2024-01-31,2024-02-01,Hotel Website
B09960,H005,G04981,2025-10-19,2025-10-23,2025-10-27,OTA
B09961,H004,G04981,2026-04-26,2026-05-18,2026-05-20,OTA
B09962,H001,G04982,2026-07-19,2026-07-28,2026-08-02,Mobile App
B09963,H020,G04983,2024-05-09,2024-05-20,2024-05-23,OTA
B09964,H013,G04983,2025-12-27,2026-01-01,2026-01-06,Mobile App
B09965,H015,G04984,2025-12-22,2026-01-20,2026-01-21,Hotel Website
B09966,H005,G04984,2026-06-15,2026-06-29,2026-07-04,Mobile App
B09967,H003,G04985,2025-12-24,2026-01-08,2026-01-13,OTA
B09968,H011,G04985,2026-03-05,2026-03-12,2026-03-14,Corporate Booking
B09969,H014,G04985,2026-03-21,2026-05-04,2026-05-06,Corporate Booking
B09970,H014,G04986,2025-05-12,2025-05-23,2025-05-27,Hotel Website
B09971,H002,G04987,2024-01-05,2024-01-24,2024-01-26,OTA
B09972,H004,G04987,2025-10-24,2025-11-01,2025-11-04,OTA
B09973,H013,G04988,2025-08-13,2025-08-20,2025-08-22,OTA
B09974,H013,G04988,2026-03-24,2026-05-08,2026-05-10,Corporate Booking
B09975,H002,G04989,2026-07-07,2026-07-21,2026-07-25,OTA
B09976,H017,G04990,2025-12-10,2026-01-08,2026-01-10,Hotel Website
B09977,H014,G04991,2025-09-19,2025-09-25,2025-09-27,Hotel Website
B09978,H013,G04992,2024-05-14,2024-05-16,2024-05-20,OTA
B09979,H002,G04993,2025-10-24,2025-11-10,2025-11-12,Travel Agent
B09980,H014,G04993,2026-02-19,2026-02-27,2026-02-28,Mobile App
B09981,H001,G04994,2026-07-29,2026-08-25,2026-08-28,Hotel Website
B09982,H005,G04994,2024-10-10,2024-10-11,2024-10-15,Walk-in
B09983,H011,G04994,2026-05-26,2026-06-10,2026-06-11,OTA
B09984,H003,G04994,2026-07-03,2026-07-24,2026-07-28,Hotel Website
B09985,H003,G04995,2026-05-25,2026-06-01,2026-06-03,Hotel Website
B09986,H014,G04995,2026-06-15,2026-07-13,2026-07-16,OTA
B09987,H005,G04995,2026-07-13,2026-08-21,2026-08-27,Corporate Booking
B09988,H016,G04995,2024-03-14,2024-03-17,2024-03-18,OTA
B09989,H016,G04996,2024-02-06,2024-02-24,2024-02-25,Hotel Website
B09990,H016,G04996,2026-06-26,2026-07-14,2026-07-15,Mobile App
B09991,H002,G04997,2026-07-03,2026-07-13,2026-07-17,Travel Agent
B09992,H002,G04997,2026-07-21,2026-08-18,2026-08-23,Hotel Website
B09993,H015,G04998,2025-12-20,2026-01-30,2026-02-03,Corporate Booking
B09994,H010,G04998,2026-02-18,2026-03-02,2026-03-04,OTA
B09995,H002,G04998,2026-05-05,2026-05-18,2026-05-23,Hotel Website
B09996,H018,G04999,2025-02-08,2025-02-16,2025-02-19,Travel Agent
B09997,H006,G04999,2025-09-16,2025-09-27,2025-10-02,OTA
B09998,H006,G04999,2026-02-06,2026-03-02,2026-03-05,OTA
B09999,H011,G05000,2026-06-09,2026-06-29,2026-07-04,Corporate Booking
B10000,H012,G05000,2026-07-23,2026-08-22,2026-08-23,Hotel Website
