expense_id,hotel_id,expense_date,expense_category,amount
E00001,H001,2024-01-11,Employee & Staff,258826.81
E00002,H001,2024-01-26,Utilities,138067.57
E00003,H001,2024-01-20,Maintenance,172917.01
E00004,H001,2024-01-07,Housekeeping,68703.23
E00005,H001,2024-01-14,Food & Beverage,116008.38
E00006,H001,2024-01-03,Marketing,54756.59
E00007,H001,2024-01-20,Technology,29865.88
E00008,H001,2024-01-22,Security,39946.79
E00009,H001,2024-01-06,Transportation,26676.95
E00010,H001,2024-01-09,Supplies,32571.19
E00011,H001,2024-01-12,Laundry,43023.07
E00012,H001,2024-01-19,Other Operating Expenses,9820.55
E00013,H001,2024-01-13,Supplies,42553.56
E00014,H001,2024-02-18,Employee & Staff,224758.69
E00015,H001,2024-02-08,Utilities,120818.62
E00016,H001,2024-02-08,Maintenance,91186.1
E00017,H001,2024-02-28,Housekeeping,69339.07
E00018,H001,2024-02-28,Food & Beverage,90345.08
E00019,H001,2024-02-01,Marketing,30306.24
E00020,H001,2024-02-05,Technology,23128.33
E00021,H001,2024-02-27,Security,31038.68
E00022,H001,2024-02-07,Transportation,24233.33
E00023,H001,2024-02-26,Supplies,31167.69
E00024,H001,2024-02-28,Laundry,40755.47
E00025,H001,2024-02-18,Other Operating Expenses,7638.99
E00026,H001,2024-03-28,Employee & Staff,265074.85
E00027,H001,2024-03-10,Utilities,126571.94
E00028,H001,2024-03-20,Maintenance,100863.73
E00029,H001,2024-03-25,Housekeeping,74282.82
E00030,H001,2024-03-04,Food & Beverage,87861.35
E00031,H001,2024-03-30,Marketing,34219.98
E00032,H001,2024-03-27,Technology,24117.12
E00033,H001,2024-03-22,Security,34028.54
E00034,H001,2024-03-21,Transportation,23258.17
E00035,H001,2024-03-10,Supplies,37483.74
E00036,H001,2024-03-19,Laundry,42012.71
E00037,H001,2024-03-21,Other Operating Expenses,8053.99
E00038,H001,2024-03-23,Maintenance,53673.13
E00039,H001,2024-04-04,Employee & Staff,264547.98
E00040,H001,2024-04-04,Utilities,122220.5
E00041,H001,2024-04-06,Maintenance,66687.24
E00042,H001,2024-04-26,Housekeeping,70464.03
E00043,H001,2024-04-27,Food & Beverage,101683.51
E00044,H001,2024-04-12,Marketing,33345.57
E00045,H001,2024-04-16,Technology,22218.76
E00046,H001,2024-04-06,Security,30991.14
E00047,H001,2024-04-18,Transportation,27198.99
E00048,H001,2024-04-22,Supplies,34534.63
E00049,H001,2024-04-23,Laundry,36138.63
E00050,H001,2024-04-01,Other Operating Expenses,8615.8
E00051,H001,2024-04-02,Transportation,33488.22
E00052,H001,2024-05-14,Employee & Staff,214019.51
E00053,H001,2024-05-10,Utilities,108964.86
E00054,H001,2024-05-07,Maintenance,94175.45
E00055,H001,2024-05-18,Housekeeping,67256.05
E00056,H001,2024-05-14,Food & Beverage,87029.88
E00057,H001,2024-05-16,Marketing,35666.02
E00058,H001,2024-05-09,Technology,22402.79
E00059,H001,2024-05-05,Security,34460.0
E00060,H001,2024-05-18,Transportation,26665.45
E00061,H001,2024-05-12,Supplies,30343.24
E00062,H001,2024-05-07,Laundry,44462.16
E00063,H001,2024-05-13,Other Operating Expenses,7181.75
E00064,H001,2024-05-27,Maintenance,66150.42
E00065,H001,2024-06-14,Employee & Staff,233324.99
E00066,H001,2024-06-09,Utilities,147977.46
E00067,H001,2024-06-10,Maintenance,109320.27
E00068,H001,2024-06-06,Housekeeping,62585.14
E00069,H001,2024-06-14,Food & Beverage,106671.37
E00070,H001,2024-06-30,Marketing,38580.77
E00071,H001,2024-06-20,Technology,24429.18
E00072,H001,2024-06-20,Security,39467.33
E00073,H001,2024-06-22,Transportation,28757.0
E00074,H001,2024-06-04,Supplies,32620.0
E00075,H001,2024-06-26,Laundry,41165.42
E00076,H001,2024-06-03,Other Operating Expenses,7834.37
E00077,H001,2024-06-06,Supplies,49998.48
E00078,H001,2024-07-18,Employee & Staff,291573.49
E00079,H001,2024-07-20,Utilities,130653.41
E00080,H001,2024-07-29,Maintenance,77459.67
E00081,H001,2024-07-11,Housekeeping,72544.23
E00082,H001,2024-07-21,Food & Beverage,115128.38
E00083,H001,2024-07-30,Marketing,35152.77
E00084,H001,2024-07-14,Technology,24141.21
E00085,H001,2024-07-26,Security,32357.65
E00086,H001,2024-07-09,Transportation,28186.18
E00087,H001,2024-07-19,Supplies,35834.62
E00088,H001,2024-07-25,Laundry,38179.5
E00089,H001,2024-07-02,Other Operating Expenses,7804.66
E00090,H001,2024-08-03,Employee & Staff,245417.82
E00091,H001,2024-08-05,Utilities,126807.56
E00092,H001,2024-08-26,Maintenance,103139.72
E00093,H001,2024-08-17,Housekeeping,63688.35
E00094,H001,2024-08-15,Food & Beverage,113661.01
E00095,H001,2024-08-06,Marketing,62093.0
E00096,H001,2024-08-19,Technology,27368.64
E00097,H001,2024-08-04,Security,35053.79
E00098,H001,2024-08-30,Transportation,27170.73
E00099,H001,2024-08-27,Supplies,36568.66
E00100,H001,2024-08-06,Laundry,39199.39
E00101,H001,2024-08-18,Other Operating Expenses,7777.8
E00102,H001,2024-09-29,Employee & Staff,223203.86
E00103,H001,2024-09-23,Utilities,132301.23
E00104,H001,2024-09-11,Maintenance,88062.87
E00105,H001,2024-09-20,Housekeeping,59692.32
E00106,H001,2024-09-29,Food & Beverage,102190.91
E00107,H001,2024-09-29,Marketing,40243.28
E00108,H001,2024-09-08,Technology,27122.53
E00109,H001,2024-09-17,Security,35740.52
E00110,H001,2024-09-29,Transportation,25083.46
E00111,H001,2024-09-18,Supplies,34138.48
E00112,H001,2024-09-09,Laundry,43427.38
E00113,H001,2024-09-30,Other Operating Expenses,8612.96
E00114,H001,2024-09-24,Supplies,41452.73
E00115,H001,2024-10-16,Employee & Staff,232586.86
E00116,H001,2024-10-16,Utilities,120309.4
E00117,H001,2024-10-31,Maintenance,60685.23
E00118,H001,2024-10-13,Housekeeping,55624.93
E00119,H001,2024-10-09,Food & Beverage,103005.42
E00120,H001,2024-10-06,Marketing,39985.45
E00121,H001,2024-10-07,Technology,24137.64
E00122,H001,2024-10-24,Security,32750.53
E00123,H001,2024-10-19,Transportation,23593.14
E00124,H001,2024-10-28,Supplies,32648.84
E00125,H001,2024-10-24,Laundry,41326.79
E00126,H001,2024-10-11,Other Operating Expenses,7408.09
E00127,H001,2024-11-19,Employee & Staff,297205.95
E00128,H001,2024-11-14,Utilities,143434.33
E00129,H001,2024-11-05,Maintenance,104630.31
E00130,H001,2024-11-04,Housekeeping,77911.13
E00131,H001,2024-11-25,Food & Beverage,100258.58
E00132,H001,2024-11-15,Marketing,49495.47
E00133,H001,2024-11-13,Technology,24328.34
E00134,H001,2024-11-07,Security,34693.07
E00135,H001,2024-11-11,Transportation,23743.6
E00136,H001,2024-11-03,Supplies,38860.36
E00137,H001,2024-11-22,Laundry,41153.24
E00138,H001,2024-11-14,Other Operating Expenses,9069.45
E00139,H001,2024-12-11,Employee & Staff,245426.42
E00140,H001,2024-12-14,Utilities,132894.34
E00141,H001,2024-12-25,Maintenance,81926.97
E00142,H001,2024-12-24,Housekeeping,63321.36
E00143,H001,2024-12-17,Food & Beverage,112089.93
E00144,H001,2024-12-13,Marketing,48415.75
E00145,H001,2024-12-23,Technology,24324.23
E00146,H001,2024-12-27,Security,34248.12
E00147,H001,2024-12-25,Transportation,24594.06
E00148,H001,2024-12-24,Supplies,33644.89
E00149,H001,2024-12-07,Laundry,47678.69
E00150,H001,2024-12-10,Other Operating Expenses,8634.59
E00151,H001,2024-12-16,Marketing,43810.36
E00152,H001,2025-01-20,Employee & Staff,264799.24
E00153,H001,2025-01-20,Utilities,120210.99
E00154,H001,2025-01-12,Maintenance,69934.99
E00155,H001,2025-01-19,Housekeeping,69960.92
E00156,H001,2025-01-11,Food & Beverage,99741.0
E00157,H001,2025-01-20,Marketing,46757.72
E00158,H001,2025-01-06,Technology,24064.29
E00159,H001,2025-01-05,Security,27785.32
E00160,H001,2025-01-04,Transportation,25102.84
E00161,H001,2025-01-21,Supplies,28045.93
E00162,H001,2025-01-06,Laundry,41740.59
E00163,H001,2025-01-02,Other Operating Expenses,7939.96
E00164,H001,2025-01-09,Supplies,43681.73
E00165,H001,2025-02-02,Employee & Staff,255029.17
E00166,H001,2025-02-11,Utilities,106202.25
E00167,H001,2025-02-02,Maintenance,91893.1
E00168,H001,2025-02-22,Housekeeping,65645.49
E00169,H001,2025-02-01,Food & Beverage,104871.15
E00170,H001,2025-02-02,Marketing,49571.49
E00171,H001,2025-02-15,Technology,24924.13
E00172,H001,2025-02-21,Security,31048.75
E00173,H001,2025-02-12,Transportation,22497.49
E00174,H001,2025-02-04,Supplies,31812.32
E00175,H001,2025-02-20,Laundry,39994.05
E00176,H001,2025-02-25,Other Operating Expenses,8819.86
E00177,H001,2025-02-14,Transportation,27434.34
E00178,H001,2025-03-09,Employee & Staff,248629.04
E00179,H001,2025-03-10,Utilities,112911.95
E00180,H001,2025-03-01,Maintenance,86807.53
E00181,H001,2025-03-23,Housekeeping,68982.36
E00182,H001,2025-03-14,Food & Beverage,107830.16
E00183,H001,2025-03-16,Marketing,34231.11
E00184,H001,2025-03-27,Technology,22082.29
E00185,H001,2025-03-22,Security,36680.83
E00186,H001,2025-03-12,Transportation,23286.68
E00187,H001,2025-03-18,Supplies,33402.63
E00188,H001,2025-03-20,Laundry,38569.9
E00189,H001,2025-03-04,Other Operating Expenses,9225.58
E00190,H001,2025-03-15,Maintenance,55322.69
E00191,H001,2025-04-09,Employee & Staff,217645.9
E00192,H001,2025-04-26,Utilities,136624.59
E00193,H001,2025-04-10,Maintenance,86837.7
E00194,H001,2025-04-22,Housekeeping,61090.4
E00195,H001,2025-04-29,Food & Beverage,106273.22
E00196,H001,2025-04-03,Marketing,33615.21
E00197,H001,2025-04-01,Technology,23093.73
E00198,H001,2025-04-26,Security,29383.14
E00199,H001,2025-04-09,Transportation,23370.07
E00200,H001,2025-04-14,Supplies,32957.87
E00201,H001,2025-04-30,Laundry,42914.51
E00202,H001,2025-04-07,Other Operating Expenses,7456.83
E00203,H001,2025-05-04,Employee & Staff,216430.47
E00204,H001,2025-05-05,Utilities,111498.44
E00205,H001,2025-05-24,Maintenance,72184.26
E00206,H001,2025-05-27,Housekeeping,63266.06
E00207,H001,2025-05-13,Food & Beverage,103915.14
E00208,H001,2025-05-03,Marketing,34817.58
E00209,H001,2025-05-22,Technology,25417.01
E00210,H001,2025-05-22,Security,32633.88
E00211,H001,2025-05-08,Transportation,26256.15
E00212,H001,2025-05-06,Supplies,29875.67
E00213,H001,2025-05-21,Laundry,36460.84
E00214,H001,2025-05-29,Other Operating Expenses,8021.67
E00215,H001,2025-06-06,Employee & Staff,257101.83
E00216,H001,2025-06-27,Utilities,148361.59
E00217,H001,2025-06-24,Maintenance,91678.93
E00218,H001,2025-06-07,Housekeeping,67540.64
E00219,H001,2025-06-01,Food & Beverage,108608.64
E00220,H001,2025-06-08,Marketing,44507.84
E00221,H001,2025-06-05,Technology,24862.01
E00222,H001,2025-06-02,Security,32322.82
E00223,H001,2025-06-19,Transportation,27594.39
E00224,H001,2025-06-18,Supplies,35322.36
E00225,H001,2025-06-22,Laundry,45048.69
E00226,H001,2025-06-14,Other Operating Expenses,8001.75
E00227,H001,2025-06-18,Marketing,63548.69
E00228,H001,2025-07-31,Employee & Staff,287125.12
E00229,H001,2025-07-10,Utilities,113283.69
E00230,H001,2025-07-29,Maintenance,80686.57
E00231,H001,2025-07-09,Housekeeping,68607.1
E00232,H001,2025-07-16,Food & Beverage,97771.49
E00233,H001,2025-07-20,Marketing,40620.22
E00234,H001,2025-07-27,Technology,25025.4
E00235,H001,2025-07-25,Security,36871.28
E00236,H001,2025-07-24,Transportation,28631.41
E00237,H001,2025-07-20,Supplies,32538.3
E00238,H001,2025-07-29,Laundry,39857.36
E00239,H001,2025-07-12,Other Operating Expenses,7550.17
E00240,H001,2025-07-23,Maintenance,33060.07
E00241,H001,2025-08-06,Employee & Staff,236335.24
E00242,H001,2025-08-10,Utilities,136538.68
E00243,H001,2025-08-17,Maintenance,106236.07
E00244,H001,2025-08-09,Housekeeping,76845.11
E00245,H001,2025-08-15,Food & Beverage,116431.25
E00246,H001,2025-08-31,Marketing,43233.47
E00247,H001,2025-08-29,Technology,23105.01
E00248,H001,2025-08-16,Security,30396.09
E00249,H001,2025-08-24,Transportation,27348.4
E00250,H001,2025-08-10,Supplies,37712.83
E00251,H001,2025-08-18,Laundry,38561.72
E00252,H001,2025-08-25,Other Operating Expenses,8117.94
E00253,H001,2025-09-22,Employee & Staff,268684.77
E00254,H001,2025-09-15,Utilities,133006.1
E00255,H001,2025-09-08,Maintenance,103288.48
E00256,H001,2025-09-18,Housekeeping,62514.67
E00257,H001,2025-09-02,Food & Beverage,94705.36
E00258,H001,2025-09-13,Marketing,56090.74
E00259,H001,2025-09-08,Technology,23553.32
E00260,H001,2025-09-16,Security,33858.32
E00261,H001,2025-09-22,Transportation,28581.31
E00262,H001,2025-09-17,Supplies,39294.8
E00263,H001,2025-09-06,Laundry,42097.24
E00264,H001,2025-09-03,Other Operating Expenses,7772.4
E00265,H001,2025-10-03,Employee & Staff,225786.5
E00266,H001,2025-10-12,Utilities,114671.58
E00267,H001,2025-10-12,Maintenance,85128.63
E00268,H001,2025-10-01,Housekeeping,67663.11
E00269,H001,2025-10-20,Food & Beverage,87035.23
E00270,H001,2025-10-20,Marketing,42627.88
E00271,H001,2025-10-03,Technology,24677.88
E00272,H001,2025-10-08,Security,35335.54
E00273,H001,2025-10-19,Transportation,25984.14
E00274,H001,2025-10-31,Supplies,33588.26
E00275,H001,2025-10-08,Laundry,36603.33
E00276,H001,2025-10-23,Other Operating Expenses,7473.87
E00277,H001,2025-11-22,Employee & Staff,232950.67
E00278,H001,2025-11-06,Utilities,136448.58
E00279,H001,2025-11-12,Maintenance,99599.45
E00280,H001,2025-11-02,Housekeeping,62104.86
E00281,H001,2025-11-01,Food & Beverage,101206.13
E00282,H001,2025-11-03,Marketing,50293.5
E00283,H001,2025-11-15,Technology,25294.83
E00284,H001,2025-11-08,Security,38964.44
E00285,H001,2025-11-28,Transportation,26736.66
E00286,H001,2025-11-28,Supplies,37823.89
E00287,H001,2025-11-10,Laundry,39710.91
E00288,H001,2025-11-16,Other Operating Expenses,8803.05
E00289,H001,2025-12-13,Employee & Staff,258215.12
E00290,H001,2025-12-14,Utilities,126784.27
E00291,H001,2025-12-24,Maintenance,106204.49
E00292,H001,2025-12-10,Housekeeping,72091.47
E00293,H001,2025-12-03,Food & Beverage,114323.22
E00294,H001,2025-12-16,Marketing,58597.08
E00295,H001,2025-12-14,Technology,26071.67
E00296,H001,2025-12-22,Security,33409.74
E00297,H001,2025-12-16,Transportation,27267.54
E00298,H001,2025-12-15,Supplies,35142.93
E00299,H001,2025-12-19,Laundry,45494.96
E00300,H001,2025-12-31,Other Operating Expenses,10676.02
E00301,H001,2025-12-14,Maintenance,63176.26
E00302,H001,2026-01-22,Employee & Staff,263296.37
E00303,H001,2026-01-30,Utilities,117320.57
E00304,H001,2026-01-31,Maintenance,154308.13
E00305,H001,2026-01-07,Housekeeping,70040.39
E00306,H001,2026-01-20,Food & Beverage,97765.22
E00307,H001,2026-01-24,Marketing,41919.07
E00308,H001,2026-01-13,Technology,24506.57
E00309,H001,2026-01-23,Security,29770.71
E00310,H001,2026-01-24,Transportation,27142.16
E00311,H001,2026-01-13,Supplies,33362.96
E00312,H001,2026-01-25,Laundry,40370.0
E00313,H001,2026-01-24,Other Operating Expenses,7989.96
E00314,H001,2026-02-08,Employee & Staff,224626.46
E00315,H001,2026-02-05,Utilities,128345.02
E00316,H001,2026-02-03,Maintenance,194897.31
E00317,H001,2026-02-11,Housekeeping,70868.12
E00318,H001,2026-02-03,Food & Beverage,90951.04
E00319,H001,2026-02-21,Marketing,34686.33
E00320,H001,2026-02-22,Technology,23524.71
E00321,H001,2026-02-26,Security,36339.36
E00322,H001,2026-02-19,Transportation,28551.62
E00323,H001,2026-02-28,Supplies,38271.0
E00324,H001,2026-02-15,Laundry,41525.67
E00325,H001,2026-02-18,Other Operating Expenses,8406.6
E00326,H001,2026-02-26,Maintenance,34017.87
E00327,H001,2026-03-21,Employee & Staff,246040.93
E00328,H001,2026-03-21,Utilities,142938.34
E00329,H001,2026-03-05,Maintenance,67480.19
E00330,H001,2026-03-27,Housekeeping,83982.62
E00331,H001,2026-03-27,Food & Beverage,108925.62
E00332,H001,2026-03-15,Marketing,41490.23
E00333,H001,2026-03-12,Technology,29703.7
E00334,H001,2026-03-31,Security,34470.81
E00335,H001,2026-03-11,Transportation,29529.75
E00336,H001,2026-03-14,Supplies,37559.63
E00337,H001,2026-03-07,Laundry,43004.8
E00338,H001,2026-03-13,Other Operating Expenses,8705.43
E00339,H001,2026-04-26,Employee & Staff,269198.58
E00340,H001,2026-04-08,Utilities,153495.97
E00341,H001,2026-04-15,Maintenance,97809.59
E00342,H001,2026-04-01,Housekeeping,82049.62
E00343,H001,2026-04-28,Food & Beverage,110615.85
E00344,H001,2026-04-17,Marketing,43191.72
E00345,H001,2026-04-28,Technology,30485.08
E00346,H001,2026-04-16,Security,41756.9
E00347,H001,2026-04-23,Transportation,26453.48
E00348,H001,2026-04-23,Supplies,38936.93
E00349,H001,2026-04-08,Laundry,43751.32
E00350,H001,2026-04-28,Other Operating Expenses,8408.38
E00351,H001,2026-04-25,Maintenance,63078.36
E00352,H001,2026-05-13,Employee & Staff,286362.5
E00353,H001,2026-05-06,Utilities,130229.74
E00354,H001,2026-05-01,Maintenance,100758.04
E00355,H001,2026-05-01,Housekeeping,74890.61
E00356,H001,2026-05-14,Food & Beverage,109185.87
E00357,H001,2026-05-20,Marketing,38614.24
E00358,H001,2026-05-24,Technology,31482.64
E00359,H001,2026-05-21,Security,38030.95
E00360,H001,2026-05-13,Transportation,25935.72
E00361,H001,2026-05-18,Supplies,39953.33
E00362,H001,2026-05-06,Laundry,50539.51
E00363,H001,2026-05-01,Other Operating Expenses,8858.66
E00364,H001,2026-05-31,Maintenance,62776.57
E00365,H001,2026-06-08,Employee & Staff,227334.85
E00366,H001,2026-06-05,Utilities,117493.13
E00367,H001,2026-06-23,Maintenance,73276.26
E00368,H001,2026-06-24,Housekeeping,73235.62
E00369,H001,2026-06-01,Food & Beverage,95042.21
E00370,H001,2026-06-05,Marketing,67465.33
E00371,H001,2026-06-16,Technology,25520.05
E00372,H001,2026-06-28,Security,34289.56
E00373,H001,2026-06-11,Transportation,27246.88
E00374,H001,2026-06-05,Supplies,36071.59
E00375,H001,2026-06-16,Laundry,43123.81
E00376,H001,2026-06-01,Other Operating Expenses,8873.95
E00377,H001,2026-06-11,Transportation,43827.8
E00378,H001,2026-07-02,Employee & Staff,285004.71
E00379,H001,2026-07-16,Utilities,141699.0
E00380,H001,2026-07-01,Maintenance,71181.0
E00381,H001,2026-07-02,Housekeeping,76318.82
E00382,H001,2026-07-26,Food & Beverage,111713.81
E00383,H001,2026-07-16,Marketing,40041.99
E00384,H001,2026-07-12,Technology,29533.28
E00385,H001,2026-07-15,Security,36588.77
E00386,H001,2026-07-02,Transportation,26215.56
E00387,H001,2026-07-08,Supplies,36299.0
E00388,H001,2026-07-05,Laundry,46035.34
E00389,H001,2026-07-29,Other Operating Expenses,8451.86
E00390,H001,2026-07-27,Supplies,27069.0
E00391,H001,2026-08-26,Employee & Staff,288446.49
E00392,H001,2026-08-21,Utilities,182505.91
E00393,H001,2026-08-11,Maintenance,139804.49
E00394,H001,2026-08-02,Housekeeping,79332.59
E00395,H001,2026-08-26,Food & Beverage,131323.83
E00396,H001,2026-08-20,Marketing,43693.39
E00397,H001,2026-08-10,Technology,31028.8
E00398,H001,2026-08-02,Security,45726.28
E00399,H001,2026-08-24,Transportation,28172.46
E00400,H001,2026-08-16,Supplies,46578.93
E00401,H001,2026-08-12,Laundry,61010.65
E00402,H001,2026-08-31,Other Operating Expenses,9521.09
E00403,H002,2024-01-06,Employee & Staff,265321.39
E00404,H002,2024-01-01,Utilities,147441.25
E00405,H002,2024-01-29,Maintenance,95466.28
E00406,H002,2024-01-15,Housekeeping,61635.0
E00407,H002,2024-01-23,Food & Beverage,103416.44
E00408,H002,2024-01-02,Marketing,53291.13
E00409,H002,2024-01-03,Technology,29169.39
E00410,H002,2024-01-31,Security,33841.98
E00411,H002,2024-01-28,Transportation,24921.25
E00412,H002,2024-01-04,Supplies,31462.63
E00413,H002,2024-01-16,Laundry,47801.97
E00414,H002,2024-01-05,Other Operating Expenses,9624.03
E00415,H002,2024-02-13,Employee & Staff,239079.75
E00416,H002,2024-02-12,Utilities,124430.73
E00417,H002,2024-02-29,Maintenance,108501.24
E00418,H002,2024-02-04,Housekeeping,79901.09
E00419,H002,2024-02-26,Food & Beverage,98149.71
E00420,H002,2024-02-03,Marketing,42262.2
E00421,H002,2024-02-28,Technology,28226.86
E00422,H002,2024-02-21,Security,35382.69
E00423,H002,2024-02-23,Transportation,24770.84
E00424,H002,2024-02-24,Supplies,38222.4
E00425,H002,2024-02-21,Laundry,46903.77
E00426,H002,2024-02-07,Other Operating Expenses,8510.93
E00427,H002,2024-03-10,Employee & Staff,270118.82
E00428,H002,2024-03-03,Utilities,119230.75
E00429,H002,2024-03-16,Maintenance,95494.42
E00430,H002,2024-03-26,Housekeeping,61253.04
E00431,H002,2024-03-17,Food & Beverage,98103.87
E00432,H002,2024-03-30,Marketing,38107.01
E00433,H002,2024-03-02,Technology,23716.85
E00434,H002,2024-03-03,Security,35207.47
E00435,H002,2024-03-27,Transportation,24062.77
E00436,H002,2024-03-12,Supplies,33081.08
E00437,H002,2024-03-28,Laundry,42407.75
E00438,H002,2024-03-02,Other Operating Expenses,9469.69
E00439,H002,2024-03-06,Supplies,30862.26
E00440,H002,2024-04-17,Employee & Staff,249517.27
E00441,H002,2024-04-26,Utilities,112894.41
E00442,H002,2024-04-26,Maintenance,64008.86
E00443,H002,2024-04-27,Housekeeping,63335.26
E00444,H002,2024-04-22,Food & Beverage,90496.32
E00445,H002,2024-04-11,Marketing,38602.75
E00446,H002,2024-04-15,Technology,20852.71
E00447,H002,2024-04-21,Security,33095.38
E00448,H002,2024-04-19,Transportation,20789.52
E00449,H002,2024-04-16,Supplies,32586.53
E00450,H002,2024-04-14,Laundry,36309.77
E00451,H002,2024-04-13,Other Operating Expenses,8136.38
E00452,H002,2024-04-26,Transportation,34483.24
E00453,H002,2024-05-26,Employee & Staff,282596.33
E00454,H002,2024-05-26,Utilities,110370.37
E00455,H002,2024-05-19,Maintenance,96642.37
E00456,H002,2024-05-13,Housekeeping,63286.51
E00457,H002,2024-05-20,Food & Beverage,88562.12
E00458,H002,2024-05-05,Marketing,39013.64
E00459,H002,2024-05-08,Technology,24416.95
E00460,H002,2024-05-19,Security,36467.17
E00461,H002,2024-05-20,Transportation,27380.79
E00462,H002,2024-05-20,Supplies,34169.11
E00463,H002,2024-05-25,Laundry,47418.9
E00464,H002,2024-05-22,Other Operating Expenses,9197.13
E00465,H002,2024-06-09,Employee & Staff,260945.19
E00466,H002,2024-06-08,Utilities,145295.97
E00467,H002,2024-06-24,Maintenance,66610.84
E00468,H002,2024-06-14,Housekeeping,76237.48
E00469,H002,2024-06-28,Food & Beverage,100527.6
E00470,H002,2024-06-17,Marketing,36313.81
E00471,H002,2024-06-23,Technology,27672.83
E00472,H002,2024-06-17,Security,31360.46
E00473,H002,2024-06-28,Transportation,27152.6
E00474,H002,2024-06-16,Supplies,31986.2
E00475,H002,2024-06-29,Laundry,39660.69
E00476,H002,2024-06-28,Other Operating Expenses,9256.34
E00477,H002,2024-06-26,Transportation,43244.99
E00478,H002,2024-07-20,Employee & Staff,217796.83
E00479,H002,2024-07-02,Utilities,133643.97
E00480,H002,2024-07-29,Maintenance,104431.96
E00481,H002,2024-07-27,Housekeeping,57127.13
E00482,H002,2024-07-12,Food & Beverage,99803.69
E00483,H002,2024-07-31,Marketing,55349.04
E00484,H002,2024-07-29,Technology,24452.14
E00485,H002,2024-07-02,Security,28269.48
E00486,H002,2024-07-01,Transportation,24269.8
E00487,H002,2024-07-28,Supplies,31487.07
E00488,H002,2024-07-26,Laundry,44861.21
E00489,H002,2024-07-12,Other Operating Expenses,8565.11
E00490,H002,2024-08-28,Employee & Staff,250751.63
E00491,H002,2024-08-09,Utilities,116524.77
E00492,H002,2024-08-03,Maintenance,92173.14
E00493,H002,2024-08-09,Housekeeping,79446.21
E00494,H002,2024-08-22,Food & Beverage,102761.19
E00495,H002,2024-08-24,Marketing,40015.45
E00496,H002,2024-08-15,Technology,27441.22
E00497,H002,2024-08-04,Security,37845.48
E00498,H002,2024-08-06,Transportation,24974.59
E00499,H002,2024-08-12,Supplies,31131.93
E00500,H002,2024-08-31,Laundry,40430.73
E00501,H002,2024-08-23,Other Operating Expenses,8129.94
E00502,H002,2024-09-03,Employee & Staff,217411.59
E00503,H002,2024-09-19,Utilities,124648.24
E00504,H002,2024-09-09,Maintenance,96276.28
E00505,H002,2024-09-24,Housekeeping,61579.42
E00506,H002,2024-09-27,Food & Beverage,97271.23
E00507,H002,2024-09-08,Marketing,46657.39
E00508,H002,2024-09-07,Technology,23549.36
E00509,H002,2024-09-13,Security,33257.01
E00510,H002,2024-09-28,Transportation,23302.79
E00511,H002,2024-09-26,Supplies,34488.34
E00512,H002,2024-09-17,Laundry,45045.22
E00513,H002,2024-09-01,Other Operating Expenses,8084.24
E00514,H002,2024-10-26,Employee & Staff,228130.99
E00515,H002,2024-10-05,Utilities,121448.79
E00516,H002,2024-10-30,Maintenance,80841.99
E00517,H002,2024-10-16,Housekeeping,55362.84
E00518,H002,2024-10-21,Food & Beverage,104663.01
E00519,H002,2024-10-12,Marketing,43510.69
E00520,H002,2024-10-08,Technology,24994.15
E00521,H002,2024-10-23,Security,35103.94
E00522,H002,2024-10-15,Transportation,24911.47
E00523,H002,2024-10-10,Supplies,32408.87
E00524,H002,2024-10-30,Laundry,39965.35
E00525,H002,2024-10-31,Other Operating Expenses,8705.59
E00526,H002,2024-10-28,Transportation,33725.32
E00527,H002,2024-11-23,Employee & Staff,256699.42
E00528,H002,2024-11-18,Utilities,134290.91
E00529,H002,2024-11-12,Maintenance,84894.04
E00530,H002,2024-11-30,Housekeeping,63487.04
E00531,H002,2024-11-27,Food & Beverage,99807.66
E00532,H002,2024-11-11,Marketing,52595.14
E00533,H002,2024-11-02,Technology,23529.29
E00534,H002,2024-11-12,Security,32805.06
E00535,H002,2024-11-06,Transportation,23396.8
E00536,H002,2024-11-28,Supplies,37123.77
E00537,H002,2024-11-18,Laundry,47757.25
E00538,H002,2024-11-26,Other Operating Expenses,8300.28
E00539,H002,2024-12-05,Employee & Staff,257776.85
E00540,H002,2024-12-15,Utilities,136103.42
E00541,H002,2024-12-01,Maintenance,71423.54
E00542,H002,2024-12-05,Housekeeping,64447.85
E00543,H002,2024-12-31,Food & Beverage,93722.59
E00544,H002,2024-12-30,Marketing,66566.95
E00545,H002,2024-12-20,Technology,26423.28
E00546,H002,2024-12-03,Security,31672.46
E00547,H002,2024-12-27,Transportation,26160.9
E00548,H002,2024-12-01,Supplies,35161.76
E00549,H002,2024-12-10,Laundry,45397.33
E00550,H002,2024-12-17,Other Operating Expenses,8418.57
E00551,H002,2024-12-05,Marketing,56701.36
E00552,H002,2025-01-05,Employee & Staff,239200.8
E00553,H002,2025-01-27,Utilities,123614.84
E00554,H002,2025-01-31,Maintenance,106496.99
E00555,H002,2025-01-22,Housekeeping,69207.55
E00556,H002,2025-01-13,Food & Beverage,106421.25
E00557,H002,2025-01-16,Marketing,46779.52
E00558,H002,2025-01-18,Technology,23241.72
E00559,H002,2025-01-30,Security,34853.6
E00560,H002,2025-01-23,Transportation,22687.59
E00561,H002,2025-01-07,Supplies,31414.02
E00562,H002,2025-01-11,Laundry,47306.03
E00563,H002,2025-01-18,Other Operating Expenses,8234.59
E00564,H002,2025-01-25,Supplies,27946.72
E00565,H002,2025-02-06,Employee & Staff,220021.9
E00566,H002,2025-02-25,Utilities,128486.0
E00567,H002,2025-02-08,Maintenance,96516.08
E00568,H002,2025-02-03,Housekeeping,70778.04
E00569,H002,2025-02-20,Food & Beverage,96652.76
E00570,H002,2025-02-22,Marketing,41151.08
E00571,H002,2025-02-27,Technology,27320.32
E00572,H002,2025-02-09,Security,30914.2
E00573,H002,2025-02-10,Transportation,25842.4
E00574,H002,2025-02-10,Supplies,33864.91
E00575,H002,2025-02-02,Laundry,37173.75
E00576,H002,2025-02-02,Other Operating Expenses,8107.64
E00577,H002,2025-02-23,Maintenance,51810.74
E00578,H002,2025-03-20,Employee & Staff,287918.45
E00579,H002,2025-03-04,Utilities,134920.01
E00580,H002,2025-03-25,Maintenance,108962.55
E00581,H002,2025-03-15,Housekeeping,81146.0
E00582,H002,2025-03-27,Food & Beverage,123013.81
E00583,H002,2025-03-19,Marketing,41575.57
E00584,H002,2025-03-01,Technology,31470.39
E00585,H002,2025-03-05,Security,41419.68
E00586,H002,2025-03-15,Transportation,31325.36
E00587,H002,2025-03-15,Supplies,42179.07
E00588,H002,2025-03-23,Laundry,48282.41
E00589,H002,2025-03-26,Other Operating Expenses,9542.19
E00590,H002,2025-04-30,Employee & Staff,234548.95
E00591,H002,2025-04-21,Utilities,109592.2
E00592,H002,2025-04-17,Maintenance,92609.52
E00593,H002,2025-04-20,Housekeeping,64112.93
E00594,H002,2025-04-30,Food & Beverage,107458.07
E00595,H002,2025-04-01,Marketing,39041.45
E00596,H002,2025-04-19,Technology,21855.63
E00597,H002,2025-04-18,Security,33114.45
E00598,H002,2025-04-14,Transportation,21378.4
E00599,H002,2025-04-22,Supplies,33104.38
E00600,H002,2025-04-11,Laundry,37420.48
E00601,H002,2025-04-02,Other Operating Expenses,6916.41
E00602,H002,2025-04-12,Marketing,37117.99
E00603,H002,2025-05-02,Employee & Staff,266925.19
E00604,H002,2025-05-18,Utilities,111676.93
E00605,H002,2025-05-11,Maintenance,61540.46
E00606,H002,2025-05-27,Housekeeping,58633.47
E00607,H002,2025-05-12,Food & Beverage,86355.42
E00608,H002,2025-05-23,Marketing,35194.08
E00609,H002,2025-05-20,Technology,23422.91
E00610,H002,2025-05-24,Security,27925.83
E00611,H002,2025-05-22,Transportation,25099.16
E00612,H002,2025-05-10,Supplies,31357.1
E00613,H002,2025-05-17,Laundry,35721.48
E00614,H002,2025-05-25,Other Operating Expenses,8321.71
E00615,H002,2025-05-29,Marketing,68091.43
E00616,H002,2025-06-29,Employee & Staff,229572.8
E00617,H002,2025-06-18,Utilities,112331.82
E00618,H002,2025-06-03,Maintenance,68139.4
E00619,H002,2025-06-25,Housekeeping,59342.64
E00620,H002,2025-06-20,Food & Beverage,90811.15
E00621,H002,2025-06-11,Marketing,52811.59
E00622,H002,2025-06-19,Technology,24624.11
E00623,H002,2025-06-07,Security,27816.84
E00624,H002,2025-06-22,Transportation,25856.96
E00625,H002,2025-06-07,Supplies,28121.58
E00626,H002,2025-06-16,Laundry,38592.17
E00627,H002,2025-06-03,Other Operating Expenses,7082.58
E00628,H002,2025-07-13,Employee & Staff,275612.65
E00629,H002,2025-07-22,Utilities,134105.34
E00630,H002,2025-07-31,Maintenance,106917.92
E00631,H002,2025-07-10,Housekeeping,72535.47
E00632,H002,2025-07-09,Food & Beverage,91147.35
E00633,H002,2025-07-12,Marketing,33142.2
E00634,H002,2025-07-24,Technology,27024.08
E00635,H002,2025-07-14,Security,34665.05
E00636,H002,2025-07-01,Transportation,27844.61
E00637,H002,2025-07-28,Supplies,34055.53
E00638,H002,2025-07-27,Laundry,40969.16
E00639,H002,2025-07-16,Other Operating Expenses,8173.18
E00640,H002,2025-08-31,Employee & Staff,249104.24
E00641,H002,2025-08-12,Utilities,150359.01
E00642,H002,2025-08-31,Maintenance,97875.58
E00643,H002,2025-08-01,Housekeeping,66318.43
E00644,H002,2025-08-09,Food & Beverage,99318.85
E00645,H002,2025-08-20,Marketing,42002.16
E00646,H002,2025-08-03,Technology,27231.38
E00647,H002,2025-08-12,Security,39482.19
E00648,H002,2025-08-05,Transportation,28722.77
E00649,H002,2025-08-21,Supplies,33648.86
E00650,H002,2025-08-23,Laundry,47738.92
E00651,H002,2025-08-31,Other Operating Expenses,8173.25
E00652,H002,2025-09-17,Employee & Staff,239969.38
E00653,H002,2025-09-23,Utilities,111464.53
E00654,H002,2025-09-29,Maintenance,75107.8
E00655,H002,2025-09-05,Housekeeping,64891.53
E00656,H002,2025-09-10,Food & Beverage,80931.62
E00657,H002,2025-09-18,Marketing,38201.62
E00658,H002,2025-09-06,Technology,24509.13
E00659,H002,2025-09-18,Security,29368.74
E00660,H002,2025-09-04,Transportation,24320.32
E00661,H002,2025-09-19,Supplies,31549.39
E00662,H002,2025-09-15,Laundry,39389.29
E00663,H002,2025-09-12,Other Operating Expenses,7336.78
E00664,H002,2025-09-25,Supplies,47715.98
E00665,H002,2025-10-17,Employee & Staff,260773.67
E00666,H002,2025-10-16,Utilities,115201.4
E00667,H002,2025-10-17,Maintenance,81439.76
E00668,H002,2025-10-27,Housekeeping,70051.15
E00669,H002,2025-10-03,Food & Beverage,97855.46
E00670,H002,2025-10-02,Marketing,52238.02
E00671,H002,2025-10-15,Technology,24117.52
E00672,H002,2025-10-12,Security,36885.35
E00673,H002,2025-10-18,Transportation,23987.0
E00674,H002,2025-10-20,Supplies,31449.23
E00675,H002,2025-10-20,Laundry,39281.02
E00676,H002,2025-10-07,Other Operating Expenses,7950.65
E00677,H002,2025-11-29,Employee & Staff,235933.97
E00678,H002,2025-11-22,Utilities,130382.7
E00679,H002,2025-11-22,Maintenance,97196.24
E00680,H002,2025-11-06,Housekeeping,68734.76
E00681,H002,2025-11-04,Food & Beverage,106965.26
E00682,H002,2025-11-01,Marketing,46229.65
E00683,H002,2025-11-18,Technology,27287.25
E00684,H002,2025-11-09,Security,32270.68
E00685,H002,2025-11-06,Transportation,25486.27
E00686,H002,2025-11-17,Supplies,36421.98
E00687,H002,2025-11-16,Laundry,41716.57
E00688,H002,2025-11-25,Other Operating Expenses,7136.73
E00689,H002,2025-11-06,Transportation,24738.26
E00690,H002,2025-12-24,Employee & Staff,260793.85
E00691,H002,2025-12-11,Utilities,145642.71
E00692,H002,2025-12-30,Maintenance,108574.75
E00693,H002,2025-12-19,Housekeeping,66159.03
E00694,H002,2025-12-03,Food & Beverage,104799.65
E00695,H002,2025-12-04,Marketing,48938.65
E00696,H002,2025-12-27,Technology,30619.47
E00697,H002,2025-12-30,Security,36993.74
E00698,H002,2025-12-01,Transportation,29497.19
E00699,H002,2025-12-12,Supplies,39531.71
E00700,H002,2025-12-24,Laundry,46169.24
E00701,H002,2025-12-30,Other Operating Expenses,9126.55
E00702,H002,2025-12-08,Supplies,30276.86
E00703,H002,2026-01-26,Employee & Staff,252413.49
E00704,H002,2026-01-13,Utilities,105430.14
E00705,H002,2026-01-07,Maintenance,67905.44
E00706,H002,2026-01-19,Housekeeping,63646.75
E00707,H002,2026-01-25,Food & Beverage,82559.11
E00708,H002,2026-01-06,Marketing,46212.89
E00709,H002,2026-01-26,Technology,26369.83
E00710,H002,2026-01-15,Security,27662.92
E00711,H002,2026-01-06,Transportation,26318.22
E00712,H002,2026-01-18,Supplies,32704.6
E00713,H002,2026-01-22,Laundry,38119.32
E00714,H002,2026-01-30,Other Operating Expenses,8045.65
E00715,H002,2026-01-05,Marketing,53830.23
E00716,H002,2026-02-14,Employee & Staff,262108.76
E00717,H002,2026-02-05,Utilities,158006.32
E00718,H002,2026-02-27,Maintenance,93131.41
E00719,H002,2026-02-21,Housekeeping,68211.24
E00720,H002,2026-02-25,Food & Beverage,111342.43
E00721,H002,2026-02-02,Marketing,40825.7
E00722,H002,2026-02-10,Technology,32235.81
E00723,H002,2026-02-01,Security,38484.93
E00724,H002,2026-02-22,Transportation,27632.8
E00725,H002,2026-02-18,Supplies,34001.03
E00726,H002,2026-02-11,Laundry,49575.46
E00727,H002,2026-02-10,Other Operating Expenses,8607.16
E00728,H002,2026-02-03,Supplies,30264.29
E00729,H002,2026-03-08,Employee & Staff,230180.11
E00730,H002,2026-03-27,Utilities,136077.05
E00731,H002,2026-03-27,Maintenance,94719.32
E00732,H002,2026-03-10,Housekeeping,77052.71
E00733,H002,2026-03-10,Food & Beverage,96723.5
E00734,H002,2026-03-21,Marketing,44120.32
E00735,H002,2026-03-05,Technology,24581.97
E00736,H002,2026-03-08,Security,32615.52
E00737,H002,2026-03-15,Transportation,29188.17
E00738,H002,2026-03-05,Supplies,35008.32
E00739,H002,2026-03-03,Laundry,43846.44
E00740,H002,2026-03-05,Other Operating Expenses,7936.21
E00741,H002,2026-04-22,Employee & Staff,257940.01
E00742,H002,2026-04-04,Utilities,137356.45
E00743,H002,2026-04-06,Maintenance,262705.19
E00744,H002,2026-04-23,Housekeeping,64680.7
E00745,H002,2026-04-20,Food & Beverage,123053.21
E00746,H002,2026-04-03,Marketing,44256.18
E00747,H002,2026-04-19,Technology,24386.26
E00748,H002,2026-04-20,Security,33224.51
E00749,H002,2026-04-02,Transportation,29501.5
E00750,H002,2026-04-17,Supplies,38965.59
E00751,H002,2026-04-25,Laundry,48890.58
E00752,H002,2026-04-15,Other Operating Expenses,8770.36
E00753,H002,2026-05-01,Employee & Staff,255767.88
E00754,H002,2026-05-24,Utilities,135811.92
E00755,H002,2026-05-13,Maintenance,90587.64
E00756,H002,2026-05-18,Housekeeping,78807.02
E00757,H002,2026-05-16,Food & Beverage,108817.59
E00758,H002,2026-05-17,Marketing,43292.04
E00759,H002,2026-05-14,Technology,29269.13
E00760,H002,2026-05-27,Security,42095.73
E00761,H002,2026-05-16,Transportation,26126.57
E00762,H002,2026-05-23,Supplies,40573.25
E00763,H002,2026-05-23,Laundry,45331.49
E00764,H002,2026-05-31,Other Operating Expenses,10336.99
E00765,H002,2026-06-05,Employee & Staff,215717.38
E00766,H002,2026-06-20,Utilities,127946.11
E00767,H002,2026-06-10,Maintenance,74858.75
E00768,H002,2026-06-05,Housekeeping,64545.91
E00769,H002,2026-06-05,Food & Beverage,97536.22
E00770,H002,2026-06-26,Marketing,32158.35
E00771,H002,2026-06-06,Technology,24509.95
E00772,H002,2026-06-28,Security,36114.75
E00773,H002,2026-06-10,Transportation,21316.28
E00774,H002,2026-06-24,Supplies,29980.0
E00775,H002,2026-06-04,Laundry,45508.88
E00776,H002,2026-06-27,Other Operating Expenses,7278.54
E00777,H002,2026-06-05,Marketing,55200.67
E00778,H002,2026-07-20,Employee & Staff,352436.7
E00779,H002,2026-07-26,Utilities,160901.21
E00780,H002,2026-07-18,Maintenance,109317.46
E00781,H002,2026-07-28,Housekeeping,92807.98
E00782,H002,2026-07-20,Food & Beverage,125484.62
E00783,H002,2026-07-03,Marketing,54613.8
E00784,H002,2026-07-26,Technology,30930.5
E00785,H002,2026-07-24,Security,46196.89
E00786,H002,2026-07-28,Transportation,33735.49
E00787,H002,2026-07-06,Supplies,38564.44
E00788,H002,2026-07-07,Laundry,57848.97
E00789,H002,2026-07-07,Other Operating Expenses,10902.65
E00790,H002,2026-08-10,Employee & Staff,337371.91
E00791,H002,2026-08-27,Utilities,168899.01
E00792,H002,2026-08-28,Maintenance,117406.23
E00793,H002,2026-08-06,Housekeeping,79707.36
E00794,H002,2026-08-27,Food & Beverage,140125.61
E00795,H002,2026-08-19,Marketing,53148.66
E00796,H002,2026-08-07,Technology,31226.48
E00797,H002,2026-08-17,Security,45860.3
E00798,H002,2026-08-16,Transportation,31321.85
E00799,H002,2026-08-30,Supplies,48952.87
E00800,H002,2026-08-10,Laundry,52281.87
E00801,H002,2026-08-14,Other Operating Expenses,11102.05
E00802,H002,2026-08-11,Supplies,53390.39
E00803,H003,2024-01-30,Employee & Staff,229288.77
E00804,H003,2024-01-22,Utilities,109514.25
E00805,H003,2024-01-18,Maintenance,58151.18
E00806,H003,2024-01-20,Housekeeping,62231.1
E00807,H003,2024-01-07,Food & Beverage,91191.54
E00808,H003,2024-01-07,Marketing,43851.59
E00809,H003,2024-01-31,Technology,21942.83
E00810,H003,2024-01-30,Security,30842.15
E00811,H003,2024-01-19,Transportation,18460.73
E00812,H003,2024-01-17,Supplies,26356.32
E00813,H003,2024-01-20,Laundry,38788.33
E00814,H003,2024-01-29,Other Operating Expenses,7289.47
E00815,H003,2024-01-24,Maintenance,32690.86
E00816,H003,2024-02-14,Employee & Staff,195693.28
E00817,H003,2024-02-12,Utilities,113664.44
E00818,H003,2024-02-02,Maintenance,56925.72
E00819,H003,2024-02-09,Housekeeping,59510.25
E00820,H003,2024-02-26,Food & Beverage,86787.13
E00821,H003,2024-02-10,Marketing,28350.87
E00822,H003,2024-02-02,Technology,21580.07
E00823,H003,2024-02-29,Security,29086.94
E00824,H003,2024-02-25,Transportation,20753.41
E00825,H003,2024-02-28,Supplies,27626.14
E00826,H003,2024-02-28,Laundry,38161.91
E00827,H003,2024-02-02,Other Operating Expenses,6307.44
E00828,H003,2024-02-01,Marketing,63357.94
E00829,H003,2024-03-03,Employee & Staff,293427.12
E00830,H003,2024-03-04,Utilities,148118.73
E00831,H003,2024-03-10,Maintenance,73604.49
E00832,H003,2024-03-11,Housekeeping,74304.68
E00833,H003,2024-03-15,Food & Beverage,97478.65
E00834,H003,2024-03-24,Marketing,37881.84
E00835,H003,2024-03-07,Technology,25496.51
E00836,H003,2024-03-17,Security,31731.81
E00837,H003,2024-03-08,Transportation,26295.87
E00838,H003,2024-03-02,Supplies,35758.28
E00839,H003,2024-03-26,Laundry,47449.68
E00840,H003,2024-03-14,Other Operating Expenses,8004.78
E00841,H003,2024-04-12,Employee & Staff,184406.61
E00842,H003,2024-04-30,Utilities,114046.55
E00843,H003,2024-04-03,Maintenance,78157.05
E00844,H003,2024-04-26,Housekeeping,57825.32
E00845,H003,2024-04-04,Food & Beverage,79741.36
E00846,H003,2024-04-03,Marketing,28435.05
E00847,H003,2024-04-10,Technology,19785.62
E00848,H003,2024-04-16,Security,30709.84
E00849,H003,2024-04-05,Transportation,22059.4
E00850,H003,2024-04-11,Supplies,26780.07
E00851,H003,2024-04-11,Laundry,30935.18
E00852,H003,2024-04-08,Other Operating Expenses,7473.07
E00853,H003,2024-04-17,Marketing,58180.21
E00854,H003,2024-05-10,Employee & Staff,198830.39
E00855,H003,2024-05-27,Utilities,121626.68
E00856,H003,2024-05-25,Maintenance,85809.87
E00857,H003,2024-05-27,Housekeeping,64086.0
E00858,H003,2024-05-17,Food & Beverage,87244.21
E00859,H003,2024-05-31,Marketing,35472.23
E00860,H003,2024-05-06,Technology,22072.47
E00861,H003,2024-05-15,Security,31882.93
E00862,H003,2024-05-09,Transportation,20361.99
E00863,H003,2024-05-13,Supplies,26040.18
E00864,H003,2024-05-01,Laundry,39220.24
E00865,H003,2024-05-22,Other Operating Expenses,8222.92
E00866,H003,2024-05-02,Transportation,41206.41
E00867,H003,2024-06-26,Employee & Staff,220953.03
E00868,H003,2024-06-17,Utilities,136506.97
E00869,H003,2024-06-10,Maintenance,88214.99
E00870,H003,2024-06-25,Housekeeping,60154.94
E00871,H003,2024-06-18,Food & Beverage,110524.44
E00872,H003,2024-06-21,Marketing,39897.31
E00873,H003,2024-06-23,Technology,26398.92
E00874,H003,2024-06-07,Security,35494.7
E00875,H003,2024-06-10,Transportation,22992.83
E00876,H003,2024-06-29,Supplies,29830.12
E00877,H003,2024-06-08,Laundry,45971.23
E00878,H003,2024-06-29,Other Operating Expenses,9062.0
E00879,H003,2024-07-21,Employee & Staff,195798.5
E00880,H003,2024-07-17,Utilities,94562.17
E00881,H003,2024-07-26,Maintenance,59486.31
E00882,H003,2024-07-19,Housekeeping,44989.79
E00883,H003,2024-07-15,Food & Beverage,79786.5
E00884,H003,2024-07-11,Marketing,25022.53
E00885,H003,2024-07-16,Technology,20798.1
E00886,H003,2024-07-02,Security,23729.32
E00887,H003,2024-07-26,Transportation,19800.26
E00888,H003,2024-07-06,Supplies,25092.12
E00889,H003,2024-07-21,Laundry,34363.74
E00890,H003,2024-07-04,Other Operating Expenses,6256.05
E00891,H003,2024-07-26,Marketing,48412.73
E00892,H003,2024-08-06,Employee & Staff,224547.59
E00893,H003,2024-08-09,Utilities,120741.79
E00894,H003,2024-08-01,Maintenance,66911.68
E00895,H003,2024-08-06,Housekeeping,55305.92
E00896,H003,2024-08-15,Food & Beverage,102291.29
E00897,H003,2024-08-16,Marketing,36550.65
E00898,H003,2024-08-13,Technology,21112.78
E00899,H003,2024-08-21,Security,31020.64
E00900,H003,2024-08-18,Transportation,25223.82
E00901,H003,2024-08-14,Supplies,26968.16
E00902,H003,2024-08-17,Laundry,37277.88
E00903,H003,2024-08-26,Other Operating Expenses,7139.34
E00904,H003,2024-08-19,Marketing,72565.25
E00905,H003,2024-09-30,Employee & Staff,196564.83
E00906,H003,2024-09-20,Utilities,118027.67
E00907,H003,2024-09-02,Maintenance,92470.45
E00908,H003,2024-09-27,Housekeeping,59566.28
E00909,H003,2024-09-01,Food & Beverage,83486.36
E00910,H003,2024-09-12,Marketing,44789.65
E00911,H003,2024-09-30,Technology,24195.57
E00912,H003,2024-09-25,Security,30547.53
E00913,H003,2024-09-02,Transportation,25342.36
E00914,H003,2024-09-27,Supplies,29567.26
E00915,H003,2024-09-05,Laundry,39733.34
E00916,H003,2024-09-27,Other Operating Expenses,6528.32
E00917,H003,2024-09-21,Maintenance,43176.45
E00918,H003,2024-10-04,Employee & Staff,216660.25
E00919,H003,2024-10-04,Utilities,121034.91
E00920,H003,2024-10-01,Maintenance,89117.0
E00921,H003,2024-10-10,Housekeeping,66006.0
E00922,H003,2024-10-27,Food & Beverage,84028.54
E00923,H003,2024-10-24,Marketing,55294.01
E00924,H003,2024-10-05,Technology,19966.53
E00925,H003,2024-10-01,Security,31151.26
E00926,H003,2024-10-19,Transportation,23301.69
E00927,H003,2024-10-25,Supplies,29514.17
E00928,H003,2024-10-04,Laundry,34671.36
E00929,H003,2024-10-05,Other Operating Expenses,8475.13
E00930,H003,2024-10-23,Marketing,58325.09
E00931,H003,2024-11-07,Employee & Staff,236289.9
E00932,H003,2024-11-10,Utilities,103272.92
E00933,H003,2024-11-22,Maintenance,107806.63
E00934,H003,2024-11-23,Housekeeping,51203.81
E00935,H003,2024-11-25,Food & Beverage,97044.73
E00936,H003,2024-11-04,Marketing,38762.75
E00937,H003,2024-11-21,Technology,19725.03
E00938,H003,2024-11-22,Security,28123.98
E00939,H003,2024-11-01,Transportation,21345.15
E00940,H003,2024-11-26,Supplies,25617.14
E00941,H003,2024-11-25,Laundry,33092.1
E00942,H003,2024-11-24,Other Operating Expenses,6407.66
E00943,H003,2024-11-19,Supplies,49772.64
E00944,H003,2024-12-18,Employee & Staff,215951.03
E00945,H003,2024-12-05,Utilities,108484.85
E00946,H003,2024-12-25,Maintenance,81614.97
E00947,H003,2024-12-13,Housekeeping,62102.82
E00948,H003,2024-12-14,Food & Beverage,90345.58
E00949,H003,2024-12-14,Marketing,38398.05
E00950,H003,2024-12-27,Technology,23878.14
E00951,H003,2024-12-14,Security,31653.44
E00952,H003,2024-12-10,Transportation,19879.55
E00953,H003,2024-12-01,Supplies,33038.76
E00954,H003,2024-12-11,Laundry,37248.39
E00955,H003,2024-12-02,Other Operating Expenses,6722.33
E00956,H003,2025-01-14,Employee & Staff,222546.17
E00957,H003,2025-01-23,Utilities,126240.86
E00958,H003,2025-01-22,Maintenance,78139.94
E00959,H003,2025-01-10,Housekeeping,63675.86
E00960,H003,2025-01-25,Food & Beverage,102705.0
E00961,H003,2025-01-09,Marketing,47815.61
E00962,H003,2025-01-21,Technology,22526.66
E00963,H003,2025-01-09,Security,33752.08
E00964,H003,2025-01-21,Transportation,22118.88
E00965,H003,2025-01-18,Supplies,29928.06
E00966,H003,2025-01-01,Laundry,38262.08
E00967,H003,2025-01-16,Other Operating Expenses,7905.7
E00968,H003,2025-02-06,Employee & Staff,200320.06
E00969,H003,2025-02-28,Utilities,112559.21
E00970,H003,2025-02-08,Maintenance,66759.82
E00971,H003,2025-02-11,Housekeeping,68370.24
E00972,H003,2025-02-26,Food & Beverage,94693.3
E00973,H003,2025-02-27,Marketing,35734.15
E00974,H003,2025-02-27,Technology,25028.41
E00975,H003,2025-02-08,Security,30744.8
E00976,H003,2025-02-03,Transportation,24515.45
E00977,H003,2025-02-02,Supplies,33681.19
E00978,H003,2025-02-08,Laundry,37374.74
E00979,H003,2025-02-09,Other Operating Expenses,7667.47
E00980,H003,2025-02-28,Marketing,76835.11
E00981,H003,2025-03-15,Employee & Staff,244743.96
E00982,H003,2025-03-07,Utilities,120957.43
E00983,H003,2025-03-11,Maintenance,118791.21
E00984,H003,2025-03-23,Housekeeping,68392.18
E00985,H003,2025-03-04,Food & Beverage,100736.47
E00986,H003,2025-03-03,Marketing,39048.76
E00987,H003,2025-03-06,Technology,27085.65
E00988,H003,2025-03-23,Security,38613.37
E00989,H003,2025-03-29,Transportation,28779.88
E00990,H003,2025-03-03,Supplies,38739.17
E00991,H003,2025-03-16,Laundry,38737.59
E00992,H003,2025-03-16,Other Operating Expenses,8292.91
E00993,H003,2025-04-28,Employee & Staff,233326.13
E00994,H003,2025-04-26,Utilities,104313.78
E00995,H003,2025-04-15,Maintenance,57981.36
E00996,H003,2025-04-03,Housekeeping,55917.75
E00997,H003,2025-04-24,Food & Beverage,96735.06
E00998,H003,2025-04-21,Marketing,30619.28
E00999,H003,2025-04-05,Technology,24508.87
E01000,H003,2025-04-09,Security,32646.49
E01001,H003,2025-04-08,Transportation,21863.6
E01002,H003,2025-04-18,Supplies,25893.09
E01003,H003,2025-04-24,Laundry,32822.16
E01004,H003,2025-04-26,Other Operating Expenses,6495.18
E01005,H003,2025-05-04,Employee & Staff,263709.35
E01006,H003,2025-05-29,Utilities,107485.9
E01007,H003,2025-05-04,Maintenance,161096.32
E01008,H003,2025-05-14,Housekeeping,63797.84
E01009,H003,2025-05-22,Food & Beverage,103103.38
E01010,H003,2025-05-27,Marketing,39147.69
E01011,H003,2025-05-08,Technology,25361.19
E01012,H003,2025-05-14,Security,31551.99
E01013,H003,2025-05-05,Transportation,24039.91
E01014,H003,2025-05-31,Supplies,33124.35
E01015,H003,2025-05-10,Laundry,43223.01
E01016,H003,2025-05-28,Other Operating Expenses,7810.65
E01017,H003,2025-05-05,Marketing,59058.72
E01018,H003,2025-06-30,Employee & Staff,198644.77
E01019,H003,2025-06-16,Utilities,104915.96
E01020,H003,2025-06-26,Maintenance,61347.05
E01021,H003,2025-06-28,Housekeeping,58072.06
E01022,H003,2025-06-01,Food & Beverage,81600.97
E01023,H003,2025-06-27,Marketing,38886.28
E01024,H003,2025-06-25,Technology,19602.16
E01025,H003,2025-06-13,Security,27197.21
E01026,H003,2025-06-13,Transportation,22814.05
E01027,H003,2025-06-27,Supplies,27990.96
E01028,H003,2025-06-11,Laundry,36492.34
E01029,H003,2025-06-28,Other Operating Expenses,6581.38
E01030,H003,2025-07-18,Employee & Staff,203198.29
E01031,H003,2025-07-15,Utilities,101435.61
E01032,H003,2025-07-06,Maintenance,83304.02
E01033,H003,2025-07-12,Housekeeping,63255.64
E01034,H003,2025-07-13,Food & Beverage,83909.46
E01035,H003,2025-07-03,Marketing,36099.06
E01036,H003,2025-07-24,Technology,23604.85
E01037,H003,2025-07-04,Security,29978.67
E01038,H003,2025-07-14,Transportation,23289.3
E01039,H003,2025-07-12,Supplies,29590.7
E01040,H003,2025-07-15,Laundry,39426.97
E01041,H003,2025-07-19,Other Operating Expenses,7256.34
E01042,H003,2025-07-16,Maintenance,36283.48
E01043,H003,2025-08-10,Employee & Staff,225014.68
E01044,H003,2025-08-27,Utilities,112896.8
E01045,H003,2025-08-02,Maintenance,153334.17
E01046,H003,2025-08-20,Housekeeping,64827.44
E01047,H003,2025-08-24,Food & Beverage,90110.34
E01048,H003,2025-08-30,Marketing,31657.66
E01049,H003,2025-08-08,Technology,20685.79
E01050,H003,2025-08-15,Security,35021.68
E01051,H003,2025-08-01,Transportation,26164.62
E01052,H003,2025-08-09,Supplies,31589.33
E01053,H003,2025-08-16,Laundry,43874.76
E01054,H003,2025-08-23,Other Operating Expenses,8313.6
E01055,H003,2025-08-27,Marketing,64255.94
E01056,H003,2025-09-29,Employee & Staff,214377.76
E01057,H003,2025-09-27,Utilities,106218.56
E01058,H003,2025-09-20,Maintenance,89865.0
E01059,H003,2025-09-05,Housekeeping,50166.98
E01060,H003,2025-09-10,Food & Beverage,79291.36
E01061,H003,2025-09-13,Marketing,35296.32
E01062,H003,2025-09-17,Technology,23273.05
E01063,H003,2025-09-19,Security,31587.32
E01064,H003,2025-09-18,Transportation,20399.04
E01065,H003,2025-09-25,Supplies,28301.88
E01066,H003,2025-09-16,Laundry,34775.16
E01067,H003,2025-09-30,Other Operating Expenses,7704.73
E01068,H003,2025-10-09,Employee & Staff,269374.69
E01069,H003,2025-10-10,Utilities,140741.23
E01070,H003,2025-10-10,Maintenance,73670.59
E01071,H003,2025-10-17,Housekeeping,74348.17
E01072,H003,2025-10-25,Food & Beverage,102417.29
E01073,H003,2025-10-13,Marketing,45989.53
E01074,H003,2025-10-26,Technology,24696.45
E01075,H003,2025-10-16,Security,32209.73
E01076,H003,2025-10-26,Transportation,24091.02
E01077,H003,2025-10-20,Supplies,36264.3
E01078,H003,2025-10-29,Laundry,42304.38
E01079,H003,2025-10-19,Other Operating Expenses,8635.76
E01080,H003,2025-10-27,Transportation,28430.58
E01081,H003,2025-11-02,Employee & Staff,283036.47
E01082,H003,2025-11-30,Utilities,137954.89
E01083,H003,2025-11-02,Maintenance,68485.51
E01084,H003,2025-11-30,Housekeeping,73604.85
E01085,H003,2025-11-19,Food & Beverage,105128.78
E01086,H003,2025-11-22,Marketing,89820.92
E01087,H003,2025-11-15,Technology,27516.97
E01088,H003,2025-11-07,Security,38895.45
E01089,H003,2025-11-23,Transportation,25537.49
E01090,H003,2025-11-29,Supplies,32369.27
E01091,H003,2025-11-07,Laundry,46092.4
E01092,H003,2025-11-10,Other Operating Expenses,8776.85
E01093,H003,2025-11-12,Transportation,40809.67
E01094,H003,2025-12-31,Employee & Staff,269128.04
E01095,H003,2025-12-18,Utilities,111725.69
E01096,H003,2025-12-19,Maintenance,93354.54
E01097,H003,2025-12-30,Housekeeping,72799.93
E01098,H003,2025-12-17,Food & Beverage,89117.73
E01099,H003,2025-12-30,Marketing,46543.34
E01100,H003,2025-12-06,Technology,22036.25
E01101,H003,2025-12-05,Security,33254.8
E01102,H003,2025-12-24,Transportation,27547.26
E01103,H003,2025-12-06,Supplies,34875.87
E01104,H003,2025-12-17,Laundry,38631.81
E01105,H003,2025-12-22,Other Operating Expenses,8041.85
E01106,H003,2025-12-18,Maintenance,63861.21
E01107,H003,2026-01-19,Employee & Staff,269193.82
E01108,H003,2026-01-08,Utilities,130095.66
E01109,H003,2026-01-18,Maintenance,72490.15
E01110,H003,2026-01-21,Housekeeping,58330.72
E01111,H003,2026-01-16,Food & Beverage,89564.15
E01112,H003,2026-01-15,Marketing,44983.92
E01113,H003,2026-01-05,Technology,27224.88
E01114,H003,2026-01-23,Security,35238.29
E01115,H003,2026-01-25,Transportation,23455.16
E01116,H003,2026-01-13,Supplies,30474.52
E01117,H003,2026-01-10,Laundry,36112.24
E01118,H003,2026-01-26,Other Operating Expenses,7920.2
E01119,H003,2026-02-09,Employee & Staff,233726.65
E01120,H003,2026-02-21,Utilities,128380.66
E01121,H003,2026-02-01,Maintenance,92592.67
E01122,H003,2026-02-12,Housekeeping,68031.43
E01123,H003,2026-02-15,Food & Beverage,114758.32
E01124,H003,2026-02-12,Marketing,38324.78
E01125,H003,2026-02-14,Technology,26219.91
E01126,H003,2026-02-15,Security,36605.76
E01127,H003,2026-02-16,Transportation,22798.23
E01128,H003,2026-02-12,Supplies,34745.5
E01129,H003,2026-02-09,Laundry,38900.7
E01130,H003,2026-02-22,Other Operating Expenses,7920.97
E01131,H003,2026-02-21,Marketing,70550.63
E01132,H003,2026-03-12,Employee & Staff,340476.37
E01133,H003,2026-03-24,Utilities,172409.1
E01134,H003,2026-03-14,Maintenance,104066.7
E01135,H003,2026-03-25,Housekeeping,90839.04
E01136,H003,2026-03-29,Food & Beverage,138558.69
E01137,H003,2026-03-15,Marketing,44100.36
E01138,H003,2026-03-03,Technology,29776.14
E01139,H003,2026-03-03,Security,37301.13
E01140,H003,2026-03-14,Transportation,30461.95
E01141,H003,2026-03-04,Supplies,42790.16
E01142,H003,2026-03-13,Laundry,47912.1
E01143,H003,2026-03-09,Other Operating Expenses,9274.23
E01144,H003,2026-03-16,Maintenance,38156.35
E01145,H003,2026-04-11,Employee & Staff,216816.27
E01146,H003,2026-04-23,Utilities,123526.84
E01147,H003,2026-04-02,Maintenance,76398.75
E01148,H003,2026-04-07,Housekeeping,69571.37
E01149,H003,2026-04-18,Food & Beverage,94220.42
E01150,H003,2026-04-27,Marketing,32775.07
E01151,H003,2026-04-24,Technology,23202.6
E01152,H003,2026-04-05,Security,29671.83
E01153,H003,2026-04-01,Transportation,25102.91
E01154,H003,2026-04-07,Supplies,29009.8
E01155,H003,2026-04-24,Laundry,38027.13
E01156,H003,2026-04-14,Other Operating Expenses,8083.74
E01157,H003,2026-05-21,Employee & Staff,253029.7
E01158,H003,2026-05-24,Utilities,137114.39
E01159,H003,2026-05-30,Maintenance,93210.68
E01160,H003,2026-05-18,Housekeeping,66526.74
E01161,H003,2026-05-13,Food & Beverage,102168.78
E01162,H003,2026-05-27,Marketing,39951.28
E01163,H003,2026-05-22,Technology,23329.65
E01164,H003,2026-05-11,Security,36705.86
E01165,H003,2026-05-09,Transportation,24909.82
E01166,H003,2026-05-16,Supplies,31222.85
E01167,H003,2026-05-01,Laundry,48656.59
E01168,H003,2026-05-24,Other Operating Expenses,9319.84
E01169,H003,2026-05-13,Supplies,28163.31
E01170,H003,2026-06-06,Employee & Staff,259907.26
E01171,H003,2026-06-25,Utilities,150526.01
E01172,H003,2026-06-06,Maintenance,84366.64
E01173,H003,2026-06-16,Housekeeping,67642.3
E01174,H003,2026-06-20,Food & Beverage,112057.98
E01175,H003,2026-06-21,Marketing,40902.35
E01176,H003,2026-06-05,Technology,24362.8
E01177,H003,2026-06-29,Security,38208.05
E01178,H003,2026-06-03,Transportation,23895.28
E01179,H003,2026-06-02,Supplies,31234.87
E01180,H003,2026-06-11,Laundry,45308.98
E01181,H003,2026-06-23,Other Operating Expenses,9045.84
E01182,H003,2026-07-22,Employee & Staff,248521.71
E01183,H003,2026-07-17,Utilities,150921.53
E01184,H003,2026-07-09,Maintenance,97788.39
E01185,H003,2026-07-13,Housekeeping,66575.13
E01186,H003,2026-07-28,Food & Beverage,125269.14
E01187,H003,2026-07-31,Marketing,37842.88
E01188,H003,2026-07-07,Technology,26859.12
E01189,H003,2026-07-29,Security,37818.97
E01190,H003,2026-07-08,Transportation,26280.42
E01191,H003,2026-07-04,Supplies,32970.51
E01192,H003,2026-07-26,Laundry,51360.46
E01193,H003,2026-07-26,Other Operating Expenses,9206.78
E01194,H003,2026-08-13,Employee & Staff,333373.77
E01195,H003,2026-08-16,Utilities,146470.36
E01196,H003,2026-08-04,Maintenance,130047.86
E01197,H003,2026-08-11,Housekeeping,93529.73
E01198,H003,2026-08-12,Food & Beverage,128286.46
E01199,H003,2026-08-02,Marketing,45575.76
E01200,H003,2026-08-05,Technology,32160.67
E01201,H003,2026-08-22,Security,45407.84
E01202,H003,2026-08-07,Transportation,27958.93
E01203,H003,2026-08-12,Supplies,38621.14
E01204,H003,2026-08-30,Laundry,56878.26
E01205,H003,2026-08-03,Other Operating Expenses,9640.51
E01206,H004,2024-01-22,Employee & Staff,205825.66
E01207,H004,2024-01-04,Utilities,111225.08
E01208,H004,2024-01-20,Maintenance,65057.75
E01209,H004,2024-01-31,Housekeeping,46863.87
E01210,H004,2024-01-12,Food & Beverage,69021.29
E01211,H004,2024-01-01,Marketing,39582.36
E01212,H004,2024-01-14,Technology,18952.57
E01213,H004,2024-01-26,Security,22916.5
E01214,H004,2024-01-31,Transportation,21634.31
E01215,H004,2024-01-09,Supplies,24496.38
E01216,H004,2024-01-06,Laundry,30463.71
E01217,H004,2024-01-08,Other Operating Expenses,6871.44
E01218,H004,2024-02-18,Employee & Staff,224508.61
E01219,H004,2024-02-24,Utilities,101499.37
E01220,H004,2024-02-26,Maintenance,64371.24
E01221,H004,2024-02-29,Housekeeping,61200.16
E01222,H004,2024-02-16,Food & Beverage,88944.67
E01223,H004,2024-02-18,Marketing,68407.9
E01224,H004,2024-02-23,Technology,23128.96
E01225,H004,2024-02-04,Security,30829.86
E01226,H004,2024-02-13,Transportation,19879.92
E01227,H004,2024-02-17,Supplies,27537.65
E01228,H004,2024-02-16,Laundry,33775.2
E01229,H004,2024-02-11,Other Operating Expenses,7668.9
E01230,H004,2024-02-20,Maintenance,43116.81
E01231,H004,2024-03-04,Employee & Staff,234272.86
E01232,H004,2024-03-28,Utilities,100076.38
E01233,H004,2024-03-15,Maintenance,80103.22
E01234,H004,2024-03-19,Housekeeping,54473.38
E01235,H004,2024-03-08,Food & Beverage,82239.0
E01236,H004,2024-03-20,Marketing,31809.29
E01237,H004,2024-03-01,Technology,23689.39
E01238,H004,2024-03-23,Security,28716.57
E01239,H004,2024-03-18,Transportation,21210.92
E01240,H004,2024-03-11,Supplies,27180.27
E01241,H004,2024-03-30,Laundry,34052.54
E01242,H004,2024-03-21,Other Operating Expenses,6614.59
E01243,H004,2024-04-20,Employee & Staff,235996.72
E01244,H004,2024-04-22,Utilities,116963.95
E01245,H004,2024-04-12,Maintenance,78058.07
E01246,H004,2024-04-05,Housekeeping,64054.75
E01247,H004,2024-04-03,Food & Beverage,88419.33
E01248,H004,2024-04-29,Marketing,37761.03
E01249,H004,2024-04-30,Technology,24307.13
E01250,H004,2024-04-11,Security,33261.7
E01251,H004,2024-04-07,Transportation,23629.24
E01252,H004,2024-04-12,Supplies,33042.87
E01253,H004,2024-04-15,Laundry,40340.38
E01254,H004,2024-04-06,Other Operating Expenses,8713.3
E01255,H004,2024-05-31,Employee & Staff,255813.79
E01256,H004,2024-05-05,Utilities,114856.64
E01257,H004,2024-05-31,Maintenance,87413.18
E01258,H004,2024-05-08,Housekeeping,54171.05
E01259,H004,2024-05-10,Food & Beverage,89713.86
E01260,H004,2024-05-12,Marketing,55575.13
E01261,H004,2024-05-14,Technology,22175.99
E01262,H004,2024-05-18,Security,31724.5
E01263,H004,2024-05-03,Transportation,21772.23
E01264,H004,2024-05-31,Supplies,28127.15
E01265,H004,2024-05-07,Laundry,39492.12
E01266,H004,2024-05-28,Other Operating Expenses,7121.01
E01267,H004,2024-05-28,Maintenance,47717.25
E01268,H004,2024-06-01,Employee & Staff,219958.82
E01269,H004,2024-06-20,Utilities,104457.08
E01270,H004,2024-06-23,Maintenance,86026.95
E01271,H004,2024-06-17,Housekeeping,52991.33
E01272,H004,2024-06-03,Food & Beverage,79968.54
E01273,H004,2024-06-05,Marketing,32735.76
E01274,H004,2024-06-03,Technology,20672.81
E01275,H004,2024-06-08,Security,28792.03
E01276,H004,2024-06-19,Transportation,21008.86
E01277,H004,2024-06-27,Supplies,32261.91
E01278,H004,2024-06-08,Laundry,33817.29
E01279,H004,2024-06-03,Other Operating Expenses,7442.28
E01280,H004,2024-07-29,Employee & Staff,222684.96
E01281,H004,2024-07-28,Utilities,114745.56
E01282,H004,2024-07-14,Maintenance,69083.26
E01283,H004,2024-07-11,Housekeeping,53422.58
E01284,H004,2024-07-31,Food & Beverage,88205.24
E01285,H004,2024-07-12,Marketing,34995.55
E01286,H004,2024-07-06,Technology,22539.94
E01287,H004,2024-07-22,Security,26358.59
E01288,H004,2024-07-30,Transportation,20475.39
E01289,H004,2024-07-26,Supplies,31305.94
E01290,H004,2024-07-03,Laundry,34361.78
E01291,H004,2024-07-29,Other Operating Expenses,7757.78
E01292,H004,2024-07-07,Maintenance,46591.35
E01293,H004,2024-08-24,Employee & Staff,239355.6
E01294,H004,2024-08-03,Utilities,99632.64
E01295,H004,2024-08-19,Maintenance,70915.91
E01296,H004,2024-08-22,Housekeeping,62668.64
E01297,H004,2024-08-26,Food & Beverage,95939.43
E01298,H004,2024-08-31,Marketing,34412.74
E01299,H004,2024-08-31,Technology,23024.15
E01300,H004,2024-08-21,Security,28579.75
E01301,H004,2024-08-27,Transportation,19401.22
E01302,H004,2024-08-22,Supplies,26838.9
E01303,H004,2024-08-21,Laundry,39533.74
E01304,H004,2024-08-01,Other Operating Expenses,6316.55
E01305,H004,2024-09-02,Employee & Staff,216757.34
E01306,H004,2024-09-05,Utilities,92516.23
E01307,H004,2024-09-17,Maintenance,89263.12
E01308,H004,2024-09-15,Housekeeping,51000.55
E01309,H004,2024-09-15,Food & Beverage,88757.82
E01310,H004,2024-09-10,Marketing,38623.75
E01311,H004,2024-09-10,Technology,18977.12
E01312,H004,2024-09-06,Security,28761.62
E01313,H004,2024-09-09,Transportation,19063.43
E01314,H004,2024-09-29,Supplies,23618.6
E01315,H004,2024-09-07,Laundry,32009.78
E01316,H004,2024-09-13,Other Operating Expenses,6983.82
E01317,H004,2024-09-17,Transportation,38879.58
E01318,H004,2024-10-15,Employee & Staff,228098.62
E01319,H004,2024-10-23,Utilities,122148.25
E01320,H004,2024-10-08,Maintenance,78073.37
E01321,H004,2024-10-10,Housekeeping,69286.38
E01322,H004,2024-10-04,Food & Beverage,86058.8
E01323,H004,2024-10-14,Marketing,46824.11
E01324,H004,2024-10-14,Technology,23612.08
E01325,H004,2024-10-19,Security,31928.2
E01326,H004,2024-10-24,Transportation,20438.74
E01327,H004,2024-10-13,Supplies,34004.8
E01328,H004,2024-10-09,Laundry,42434.26
E01329,H004,2024-10-17,Other Operating Expenses,7512.77
E01330,H004,2024-10-22,Transportation,43209.54
E01331,H004,2024-11-09,Employee & Staff,186227.81
E01332,H004,2024-11-12,Utilities,95954.17
E01333,H004,2024-11-04,Maintenance,79086.5
E01334,H004,2024-11-07,Housekeeping,55597.27
E01335,H004,2024-11-11,Food & Beverage,89677.2
E01336,H004,2024-11-12,Marketing,42759.94
E01337,H004,2024-11-07,Technology,20810.48
E01338,H004,2024-11-16,Security,25338.16
E01339,H004,2024-11-19,Transportation,23960.33
E01340,H004,2024-11-21,Supplies,28188.82
E01341,H004,2024-11-22,Laundry,32166.2
E01342,H004,2024-11-13,Other Operating Expenses,6697.2
E01343,H004,2024-12-03,Employee & Staff,259130.31
E01344,H004,2024-12-31,Utilities,139853.77
E01345,H004,2024-12-12,Maintenance,69654.15
E01346,H004,2024-12-29,Housekeeping,73473.88
E01347,H004,2024-12-15,Food & Beverage,95658.23
E01348,H004,2024-12-30,Marketing,48293.01
E01349,H004,2024-12-30,Technology,25245.81
E01350,H004,2024-12-29,Security,30315.59
E01351,H004,2024-12-07,Transportation,22863.7
E01352,H004,2024-12-27,Supplies,36458.11
E01353,H004,2024-12-18,Laundry,38855.76
E01354,H004,2024-12-21,Other Operating Expenses,9090.89
E01355,H004,2024-12-02,Maintenance,32519.51
E01356,H004,2025-01-20,Employee & Staff,204352.68
E01357,H004,2025-01-29,Utilities,121077.18
E01358,H004,2025-01-31,Maintenance,57405.79
E01359,H004,2025-01-05,Housekeeping,64345.73
E01360,H004,2025-01-21,Food & Beverage,95590.17
E01361,H004,2025-01-04,Marketing,38822.81
E01362,H004,2025-01-26,Technology,23531.39
E01363,H004,2025-01-24,Security,31901.09
E01364,H004,2025-01-25,Transportation,20508.66
E01365,H004,2025-01-09,Supplies,33475.89
E01366,H004,2025-01-31,Laundry,35791.89
E01367,H004,2025-01-07,Other Operating Expenses,6714.23
E01368,H004,2025-01-26,Transportation,20322.7
E01369,H004,2025-02-19,Employee & Staff,223506.23
E01370,H004,2025-02-11,Utilities,100142.89
E01371,H004,2025-02-13,Maintenance,94893.28
E01372,H004,2025-02-09,Housekeeping,64916.87
E01373,H004,2025-02-08,Food & Beverage,84841.06
E01374,H004,2025-02-22,Marketing,52821.94
E01375,H004,2025-02-02,Technology,24915.11
E01376,H004,2025-02-15,Security,28729.96
E01377,H004,2025-02-17,Transportation,21206.41
E01378,H004,2025-02-02,Supplies,31436.32
E01379,H004,2025-02-09,Laundry,40554.52
E01380,H004,2025-02-18,Other Operating Expenses,8017.47
E01381,H004,2025-02-18,Transportation,28439.58
E01382,H004,2025-03-15,Employee & Staff,190147.84
E01383,H004,2025-03-22,Utilities,108754.32
E01384,H004,2025-03-31,Maintenance,64463.66
E01385,H004,2025-03-25,Housekeeping,53619.98
E01386,H004,2025-03-14,Food & Beverage,90249.93
E01387,H004,2025-03-07,Marketing,31330.48
E01388,H004,2025-03-18,Technology,19600.41
E01389,H004,2025-03-28,Security,26937.32
E01390,H004,2025-03-20,Transportation,21664.03
E01391,H004,2025-03-17,Supplies,30680.65
E01392,H004,2025-03-27,Laundry,35181.13
E01393,H004,2025-03-16,Other Operating Expenses,6297.15
E01394,H004,2025-03-31,Supplies,49555.14
E01395,H004,2025-04-19,Employee & Staff,247564.62
E01396,H004,2025-04-29,Utilities,119740.27
E01397,H004,2025-04-12,Maintenance,67311.99
E01398,H004,2025-04-09,Housekeeping,62972.0
E01399,H004,2025-04-09,Food & Beverage,82755.81
E01400,H004,2025-04-02,Marketing,37564.61
E01401,H004,2025-04-26,Technology,21758.42
E01402,H004,2025-04-08,Security,30798.23
E01403,H004,2025-04-08,Transportation,23876.77
E01404,H004,2025-04-21,Supplies,29064.84
E01405,H004,2025-04-30,Laundry,34481.6
E01406,H004,2025-04-17,Other Operating Expenses,8684.95
E01407,H004,2025-05-12,Employee & Staff,220243.6
E01408,H004,2025-05-23,Utilities,104294.05
E01409,H004,2025-05-11,Maintenance,84654.43
E01410,H004,2025-05-06,Housekeeping,52924.35
E01411,H004,2025-05-22,Food & Beverage,90342.92
E01412,H004,2025-05-06,Marketing,31379.51
E01413,H004,2025-05-17,Technology,19425.88
E01414,H004,2025-05-22,Security,28629.49
E01415,H004,2025-05-25,Transportation,19940.59
E01416,H004,2025-05-31,Supplies,24123.5
E01417,H004,2025-05-16,Laundry,38898.56
E01418,H004,2025-05-26,Other Operating Expenses,7382.53
E01419,H004,2025-05-25,Marketing,59333.68
E01420,H004,2025-06-03,Employee & Staff,201549.88
E01421,H004,2025-06-14,Utilities,100646.92
E01422,H004,2025-06-11,Maintenance,105610.28
E01423,H004,2025-06-15,Housekeeping,54946.51
E01424,H004,2025-06-27,Food & Beverage,74192.24
E01425,H004,2025-06-28,Marketing,39396.86
E01426,H004,2025-06-26,Technology,20318.51
E01427,H004,2025-06-26,Security,25048.51
E01428,H004,2025-06-08,Transportation,21546.47
E01429,H004,2025-06-22,Supplies,26954.49
E01430,H004,2025-06-18,Laundry,37410.16
E01431,H004,2025-06-27,Other Operating Expenses,6605.39
E01432,H004,2025-06-21,Transportation,26020.91
E01433,H004,2025-07-03,Employee & Staff,200055.39
E01434,H004,2025-07-10,Utilities,109572.21
E01435,H004,2025-07-01,Maintenance,74822.14
E01436,H004,2025-07-14,Housekeeping,54688.01
E01437,H004,2025-07-12,Food & Beverage,91980.34
E01438,H004,2025-07-24,Marketing,31764.29
E01439,H004,2025-07-14,Technology,20679.63
E01440,H004,2025-07-16,Security,26716.33
E01441,H004,2025-07-15,Transportation,23322.19
E01442,H004,2025-07-25,Supplies,31296.88
E01443,H004,2025-07-30,Laundry,38857.75
E01444,H004,2025-07-22,Other Operating Expenses,6614.23
E01445,H004,2025-08-24,Employee & Staff,239528.18
E01446,H004,2025-08-02,Utilities,122904.37
E01447,H004,2025-08-24,Maintenance,72011.11
E01448,H004,2025-08-29,Housekeeping,52671.06
E01449,H004,2025-08-18,Food & Beverage,91666.46
E01450,H004,2025-08-13,Marketing,36431.89
E01451,H004,2025-08-13,Technology,19814.3
E01452,H004,2025-08-22,Security,28559.75
E01453,H004,2025-08-15,Transportation,20597.82
E01454,H004,2025-08-10,Supplies,27983.4
E01455,H004,2025-08-14,Laundry,37851.09
E01456,H004,2025-08-19,Other Operating Expenses,8164.16
E01457,H004,2025-08-02,Marketing,40805.63
E01458,H004,2025-09-20,Employee & Staff,237285.67
E01459,H004,2025-09-24,Utilities,111097.05
E01460,H004,2025-09-27,Maintenance,89570.43
E01461,H004,2025-09-10,Housekeeping,61173.77
E01462,H004,2025-09-26,Food & Beverage,81978.22
E01463,H004,2025-09-01,Marketing,49072.09
E01464,H004,2025-09-22,Technology,23677.84
E01465,H004,2025-09-13,Security,29556.47
E01466,H004,2025-09-10,Transportation,23608.88
E01467,H004,2025-09-03,Supplies,28100.6
E01468,H004,2025-09-26,Laundry,41925.45
E01469,H004,2025-09-22,Other Operating Expenses,7707.51
E01470,H004,2025-09-12,Maintenance,34082.34
E01471,H004,2025-10-29,Employee & Staff,245996.11
E01472,H004,2025-10-03,Utilities,114487.26
E01473,H004,2025-10-01,Maintenance,102231.72
E01474,H004,2025-10-06,Housekeeping,71492.13
E01475,H004,2025-10-06,Food & Beverage,105221.58
E01476,H004,2025-10-04,Marketing,40666.0
E01477,H004,2025-10-07,Technology,25465.66
E01478,H004,2025-10-17,Security,33749.55
E01479,H004,2025-10-08,Transportation,21130.01
E01480,H004,2025-10-17,Supplies,31164.56
E01481,H004,2025-10-18,Laundry,41697.98
E01482,H004,2025-10-30,Other Operating Expenses,7086.62
E01483,H004,2025-10-13,Maintenance,43416.64
E01484,H004,2025-11-18,Employee & Staff,214686.99
E01485,H004,2025-11-14,Utilities,127245.58
E01486,H004,2025-11-25,Maintenance,76928.48
E01487,H004,2025-11-05,Housekeeping,56831.03
E01488,H004,2025-11-18,Food & Beverage,101103.93
E01489,H004,2025-11-03,Marketing,49934.33
E01490,H004,2025-11-04,Technology,26063.93
E01491,H004,2025-11-20,Security,27464.89
E01492,H004,2025-11-02,Transportation,25552.45
E01493,H004,2025-11-21,Supplies,29455.97
E01494,H004,2025-11-28,Laundry,34119.76
E01495,H004,2025-11-21,Other Operating Expenses,6787.79
E01496,H004,2025-11-13,Transportation,28691.63
E01497,H004,2025-12-08,Employee & Staff,279502.16
E01498,H004,2025-12-13,Utilities,109606.28
E01499,H004,2025-12-21,Maintenance,88529.15
E01500,H004,2025-12-07,Housekeeping,63325.06
E01501,H004,2025-12-24,Food & Beverage,97792.42
E01502,H004,2025-12-26,Marketing,49898.1
E01503,H004,2025-12-15,Technology,23038.39
E01504,H004,2025-12-19,Security,30895.59
E01505,H004,2025-12-29,Transportation,24770.49
E01506,H004,2025-12-17,Supplies,32970.03
E01507,H004,2025-12-27,Laundry,43802.81
E01508,H004,2025-12-16,Other Operating Expenses,7970.01
E01509,H004,2025-12-22,Supplies,26182.36
E01510,H004,2026-01-26,Employee & Staff,260019.3
E01511,H004,2026-01-09,Utilities,130281.39
E01512,H004,2026-01-25,Maintenance,68904.96
E01513,H004,2026-01-21,Housekeeping,66785.32
E01514,H004,2026-01-28,Food & Beverage,116389.68
E01515,H004,2026-01-09,Marketing,50557.21
E01516,H004,2026-01-02,Technology,26448.82
E01517,H004,2026-01-14,Security,35411.24
E01518,H004,2026-01-03,Transportation,29146.9
E01519,H004,2026-01-05,Supplies,38637.75
E01520,H004,2026-01-06,Laundry,46594.42
E01521,H004,2026-01-14,Other Operating Expenses,8346.91
E01522,H004,2026-02-22,Employee & Staff,293182.11
E01523,H004,2026-02-08,Utilities,120741.77
E01524,H004,2026-02-09,Maintenance,89792.62
E01525,H004,2026-02-04,Housekeeping,63739.65
E01526,H004,2026-02-14,Food & Beverage,104242.91
E01527,H004,2026-02-21,Marketing,39282.5
E01528,H004,2026-02-28,Technology,27169.88
E01529,H004,2026-02-28,Security,37213.45
E01530,H004,2026-02-16,Transportation,24514.88
E01531,H004,2026-02-21,Supplies,36506.95
E01532,H004,2026-02-18,Laundry,40283.28
E01533,H004,2026-02-19,Other Operating Expenses,7828.15
E01534,H004,2026-03-10,Employee & Staff,255804.2
E01535,H004,2026-03-28,Utilities,114326.77
E01536,H004,2026-03-23,Maintenance,68793.2
E01537,H004,2026-03-01,Housekeeping,63023.56
E01538,H004,2026-03-24,Food & Beverage,111448.01
E01539,H004,2026-03-26,Marketing,35435.05
E01540,H004,2026-03-02,Technology,22842.61
E01541,H004,2026-03-03,Security,36246.43
E01542,H004,2026-03-05,Transportation,24919.31
E01543,H004,2026-03-24,Supplies,30315.63
E01544,H004,2026-03-06,Laundry,39551.27
E01545,H004,2026-03-03,Other Operating Expenses,8027.7
E01546,H004,2026-03-11,Transportation,40905.1
E01547,H004,2026-04-14,Employee & Staff,304924.39
E01548,H004,2026-04-05,Utilities,165353.54
E01549,H004,2026-04-09,Maintenance,116541.88
E01550,H004,2026-04-16,Housekeeping,81646.57
E01551,H004,2026-04-05,Food & Beverage,129699.41
E01552,H004,2026-04-13,Marketing,39530.74
E01553,H004,2026-04-12,Technology,30491.31
E01554,H004,2026-04-26,Security,37063.54
E01555,H004,2026-04-21,Transportation,27065.85
E01556,H004,2026-04-08,Supplies,43814.07
E01557,H004,2026-04-07,Laundry,43488.79
E01558,H004,2026-04-26,Other Operating Expenses,11076.43
E01559,H004,2026-05-14,Employee & Staff,221696.69
E01560,H004,2026-05-08,Utilities,137936.39
E01561,H004,2026-05-26,Maintenance,90249.52
E01562,H004,2026-05-04,Housekeeping,75201.9
E01563,H004,2026-05-01,Food & Beverage,109117.61
E01564,H004,2026-05-23,Marketing,41459.0
E01565,H004,2026-05-11,Technology,26790.14
E01566,H004,2026-05-23,Security,35908.37
E01567,H004,2026-05-23,Transportation,22803.65
E01568,H004,2026-05-19,Supplies,31018.56
E01569,H004,2026-05-29,Laundry,45688.0
E01570,H004,2026-05-01,Other Operating Expenses,8292.51
E01571,H004,2026-05-13,Marketing,54523.19
E01572,H004,2026-06-19,Employee & Staff,230603.18
E01573,H004,2026-06-06,Utilities,124157.27
E01574,H004,2026-06-04,Maintenance,84726.49
E01575,H004,2026-06-11,Housekeeping,61111.87
E01576,H004,2026-06-14,Food & Beverage,82419.92
E01577,H004,2026-06-19,Marketing,39337.1
E01578,H004,2026-06-22,Technology,24882.17
E01579,H004,2026-06-22,Security,28882.25
E01580,H004,2026-06-03,Transportation,25904.57
E01581,H004,2026-06-27,Supplies,32244.83
E01582,H004,2026-06-26,Laundry,35691.71
E01583,H004,2026-06-23,Other Operating Expenses,8563.67
E01584,H004,2026-06-14,Maintenance,46152.17
E01585,H004,2026-07-25,Employee & Staff,245455.29
E01586,H004,2026-07-11,Utilities,130182.12
E01587,H004,2026-07-29,Maintenance,92287.34
E01588,H004,2026-07-17,Housekeeping,62886.57
E01589,H004,2026-07-25,Food & Beverage,99959.9
E01590,H004,2026-07-08,Marketing,34793.23
E01591,H004,2026-07-08,Technology,25207.02
E01592,H004,2026-07-01,Security,34650.62
E01593,H004,2026-07-09,Transportation,25923.36
E01594,H004,2026-07-13,Supplies,34893.7
E01595,H004,2026-07-18,Laundry,47318.73
E01596,H004,2026-07-03,Other Operating Expenses,9171.84
E01597,H004,2026-08-06,Employee & Staff,288790.76
E01598,H004,2026-08-04,Utilities,127165.59
E01599,H004,2026-08-08,Maintenance,108563.92
E01600,H004,2026-08-22,Housekeeping,81652.92
E01601,H004,2026-08-27,Food & Beverage,117990.3
E01602,H004,2026-08-03,Marketing,42461.75
E01603,H004,2026-08-06,Technology,28006.82
E01604,H004,2026-08-03,Security,35328.32
E01605,H004,2026-08-19,Transportation,29584.71
E01606,H004,2026-08-03,Supplies,38129.71
E01607,H004,2026-08-04,Laundry,50332.04
E01608,H004,2026-08-17,Other Operating Expenses,9874.92
E01609,H004,2026-08-13,Marketing,36169.69
E01610,H005,2024-01-28,Employee & Staff,209981.75
E01611,H005,2024-01-18,Utilities,90906.08
E01612,H005,2024-01-08,Maintenance,60597.99
E01613,H005,2024-01-01,Housekeeping,49203.6
E01614,H005,2024-01-14,Food & Beverage,71174.8
E01615,H005,2024-01-03,Marketing,35071.13
E01616,H005,2024-01-12,Technology,21288.89
E01617,H005,2024-01-26,Security,28829.15
E01618,H005,2024-01-18,Transportation,18536.75
E01619,H005,2024-01-18,Supplies,27531.44
E01620,H005,2024-01-04,Laundry,35527.54
E01621,H005,2024-01-14,Other Operating Expenses,6188.44
E01622,H005,2024-02-23,Employee & Staff,200926.61
E01623,H005,2024-02-10,Utilities,100338.58
E01624,H005,2024-02-23,Maintenance,58681.69
E01625,H005,2024-02-10,Housekeeping,55948.58
E01626,H005,2024-02-28,Food & Beverage,79487.95
E01627,H005,2024-02-11,Marketing,31230.04
E01628,H005,2024-02-06,Technology,24928.46
E01629,H005,2024-02-02,Security,29816.78
E01630,H005,2024-02-07,Transportation,21246.53
E01631,H005,2024-02-17,Supplies,27998.72
E01632,H005,2024-02-25,Laundry,36190.86
E01633,H005,2024-02-20,Other Operating Expenses,7115.11
E01634,H005,2024-02-22,Supplies,32345.18
E01635,H005,2024-03-25,Employee & Staff,179114.96
E01636,H005,2024-03-01,Utilities,93163.76
E01637,H005,2024-03-16,Maintenance,59150.87
E01638,H005,2024-03-12,Housekeeping,54613.59
E01639,H005,2024-03-17,Food & Beverage,77519.41
E01640,H005,2024-03-17,Marketing,26971.36
E01641,H005,2024-03-15,Technology,20461.34
E01642,H005,2024-03-02,Security,26654.19
E01643,H005,2024-03-02,Transportation,18391.57
E01644,H005,2024-03-01,Supplies,29696.37
E01645,H005,2024-03-06,Laundry,29105.09
E01646,H005,2024-03-15,Other Operating Expenses,6280.77
E01647,H005,2024-04-25,Employee & Staff,245984.28
E01648,H005,2024-04-04,Utilities,125114.76
E01649,H005,2024-04-07,Maintenance,91325.84
E01650,H005,2024-04-08,Housekeeping,66968.52
E01651,H005,2024-04-25,Food & Beverage,97857.69
E01652,H005,2024-04-21,Marketing,35895.81
E01653,H005,2024-04-27,Technology,24645.98
E01654,H005,2024-04-18,Security,27019.18
E01655,H005,2024-04-28,Transportation,24295.73
E01656,H005,2024-04-01,Supplies,30433.61
E01657,H005,2024-04-19,Laundry,32671.95
E01658,H005,2024-04-28,Other Operating Expenses,8121.49
E01659,H005,2024-04-18,Marketing,48791.54
E01660,H005,2024-05-24,Employee & Staff,215729.14
E01661,H005,2024-05-26,Utilities,106343.87
E01662,H005,2024-05-24,Maintenance,62685.32
E01663,H005,2024-05-24,Housekeeping,62884.58
E01664,H005,2024-05-27,Food & Beverage,97220.27
E01665,H005,2024-05-30,Marketing,36544.73
E01666,H005,2024-05-20,Technology,22858.46
E01667,H005,2024-05-29,Security,26233.75
E01668,H005,2024-05-18,Transportation,23234.4
E01669,H005,2024-05-27,Supplies,28153.08
E01670,H005,2024-05-31,Laundry,37249.71
E01671,H005,2024-05-17,Other Operating Expenses,8096.42
E01672,H005,2024-06-18,Employee & Staff,207566.36
E01673,H005,2024-06-14,Utilities,97912.01
E01674,H005,2024-06-04,Maintenance,65098.53
E01675,H005,2024-06-17,Housekeeping,58020.21
E01676,H005,2024-06-30,Food & Beverage,80600.53
E01677,H005,2024-06-15,Marketing,35043.63
E01678,H005,2024-06-03,Technology,20755.85
E01679,H005,2024-06-10,Security,26306.43
E01680,H005,2024-06-02,Transportation,23014.19
E01681,H005,2024-06-14,Supplies,26787.51
E01682,H005,2024-06-07,Laundry,33277.03
E01683,H005,2024-06-07,Other Operating Expenses,7374.59
E01684,H005,2024-06-25,Supplies,47157.11
E01685,H005,2024-07-30,Employee & Staff,193051.78
E01686,H005,2024-07-02,Utilities,104635.31
E01687,H005,2024-07-29,Maintenance,61158.81
E01688,H005,2024-07-10,Housekeeping,52831.29
E01689,H005,2024-07-22,Food & Beverage,94906.16
E01690,H005,2024-07-24,Marketing,32025.99
E01691,H005,2024-07-23,Technology,22446.67
E01692,H005,2024-07-02,Security,25167.26
E01693,H005,2024-07-09,Transportation,22139.53
E01694,H005,2024-07-24,Supplies,27905.78
E01695,H005,2024-07-06,Laundry,34238.28
E01696,H005,2024-07-04,Other Operating Expenses,7435.38
E01697,H005,2024-08-13,Employee & Staff,226769.62
E01698,H005,2024-08-18,Utilities,115146.43
E01699,H005,2024-08-16,Maintenance,80777.42
E01700,H005,2024-08-24,Housekeeping,62684.1
E01701,H005,2024-08-06,Food & Beverage,86590.78
E01702,H005,2024-08-04,Marketing,60444.82
E01703,H005,2024-08-30,Technology,21492.49
E01704,H005,2024-08-05,Security,29509.19
E01705,H005,2024-08-25,Transportation,21981.7
E01706,H005,2024-08-06,Supplies,29775.43
E01707,H005,2024-08-22,Laundry,35533.61
E01708,H005,2024-08-23,Other Operating Expenses,7612.16
E01709,H005,2024-08-11,Marketing,49540.3
E01710,H005,2024-09-05,Employee & Staff,193113.74
E01711,H005,2024-09-08,Utilities,111021.39
E01712,H005,2024-09-30,Maintenance,63246.17
E01713,H005,2024-09-26,Housekeeping,45993.84
E01714,H005,2024-09-26,Food & Beverage,73619.89
E01715,H005,2024-09-24,Marketing,33928.53
E01716,H005,2024-09-22,Technology,21142.9
E01717,H005,2024-09-24,Security,23700.48
E01718,H005,2024-09-03,Transportation,20506.74
E01719,H005,2024-09-23,Supplies,28782.98
E01720,H005,2024-09-17,Laundry,31893.51
E01721,H005,2024-09-02,Other Operating Expenses,6882.61
E01722,H005,2024-10-17,Employee & Staff,198054.73
E01723,H005,2024-10-16,Utilities,120623.3
E01724,H005,2024-10-02,Maintenance,89232.25
E01725,H005,2024-10-03,Housekeeping,59727.36
E01726,H005,2024-10-01,Food & Beverage,80680.42
E01727,H005,2024-10-28,Marketing,47608.08
E01728,H005,2024-10-08,Technology,24931.73
E01729,H005,2024-10-28,Security,28899.21
E01730,H005,2024-10-23,Transportation,22832.2
E01731,H005,2024-10-31,Supplies,33720.77
E01732,H005,2024-10-21,Laundry,34470.28
E01733,H005,2024-10-07,Other Operating Expenses,8335.24
E01734,H005,2024-10-23,Transportation,21017.09
E01735,H005,2024-11-02,Employee & Staff,175719.61
E01736,H005,2024-11-15,Utilities,107979.96
E01737,H005,2024-11-03,Maintenance,75703.27
E01738,H005,2024-11-30,Housekeeping,51772.76
E01739,H005,2024-11-07,Food & Beverage,89032.1
E01740,H005,2024-11-03,Marketing,33841.87
E01741,H005,2024-11-08,Technology,20935.14
E01742,H005,2024-11-08,Security,25949.7
E01743,H005,2024-11-30,Transportation,21834.27
E01744,H005,2024-11-29,Supplies,23567.36
E01745,H005,2024-11-11,Laundry,36096.18
E01746,H005,2024-11-15,Other Operating Expenses,7173.42
E01747,H005,2024-11-15,Maintenance,36912.59
E01748,H005,2024-12-23,Employee & Staff,264677.2
E01749,H005,2024-12-30,Utilities,122870.31
E01750,H005,2024-12-17,Maintenance,97484.47
E01751,H005,2024-12-11,Housekeeping,69953.59
E01752,H005,2024-12-13,Food & Beverage,104088.69
E01753,H005,2024-12-09,Marketing,45766.51
E01754,H005,2024-12-14,Technology,22449.68
E01755,H005,2024-12-02,Security,33155.9
E01756,H005,2024-12-08,Transportation,25432.94
E01757,H005,2024-12-22,Supplies,31699.26
E01758,H005,2024-12-14,Laundry,38800.16
E01759,H005,2024-12-06,Other Operating Expenses,7234.43
E01760,H005,2024-12-14,Transportation,41807.95
E01761,H005,2025-01-11,Employee & Staff,264902.46
E01762,H005,2025-01-19,Utilities,139418.97
E01763,H005,2025-01-04,Maintenance,101578.63
E01764,H005,2025-01-16,Housekeeping,77453.9
E01765,H005,2025-01-05,Food & Beverage,100919.06
E01766,H005,2025-01-02,Marketing,56807.33
E01767,H005,2025-01-10,Technology,23702.8
E01768,H005,2025-01-12,Security,35734.24
E01769,H005,2025-01-29,Transportation,26097.84
E01770,H005,2025-01-28,Supplies,32636.43
E01771,H005,2025-01-06,Laundry,40705.63
E01772,H005,2025-01-03,Other Operating Expenses,7836.48
E01773,H005,2025-01-05,Supplies,26826.47
E01774,H005,2025-02-06,Employee & Staff,250975.14
E01775,H005,2025-02-18,Utilities,124732.72
E01776,H005,2025-02-26,Maintenance,170940.59
E01777,H005,2025-02-18,Housekeeping,75328.45
E01778,H005,2025-02-19,Food & Beverage,120091.4
E01779,H005,2025-02-27,Marketing,43506.5
E01780,H005,2025-02-13,Technology,25143.83
E01781,H005,2025-02-27,Security,38042.16
E01782,H005,2025-02-25,Transportation,26491.18
E01783,H005,2025-02-25,Supplies,32910.73
E01784,H005,2025-02-14,Laundry,42593.06
E01785,H005,2025-02-23,Other Operating Expenses,9741.67
E01786,H005,2025-02-06,Maintenance,40611.03
E01787,H005,2025-03-07,Employee & Staff,208438.3
E01788,H005,2025-03-30,Utilities,115781.4
E01789,H005,2025-03-08,Maintenance,68237.51
E01790,H005,2025-03-10,Housekeeping,56804.6
E01791,H005,2025-03-09,Food & Beverage,80909.01
E01792,H005,2025-03-16,Marketing,32057.97
E01793,H005,2025-03-03,Technology,20413.97
E01794,H005,2025-03-07,Security,31644.62
E01795,H005,2025-03-31,Transportation,23869.36
E01796,H005,2025-03-24,Supplies,32351.25
E01797,H005,2025-03-27,Laundry,39087.82
E01798,H005,2025-03-03,Other Operating Expenses,6817.68
E01799,H005,2025-04-26,Employee & Staff,200091.15
E01800,H005,2025-04-27,Utilities,102592.8
E01801,H005,2025-04-07,Maintenance,68532.2
E01802,H005,2025-04-08,Housekeeping,61010.73
E01803,H005,2025-04-28,Food & Beverage,80960.05
E01804,H005,2025-04-30,Marketing,29182.05
E01805,H005,2025-04-04,Technology,23765.73
E01806,H005,2025-04-02,Security,28115.68
E01807,H005,2025-04-05,Transportation,24779.79
E01808,H005,2025-04-25,Supplies,32451.15
E01809,H005,2025-04-21,Laundry,40049.26
E01810,H005,2025-04-04,Other Operating Expenses,6858.44
E01811,H005,2025-04-13,Transportation,39036.69
E01812,H005,2025-05-25,Employee & Staff,222340.4
E01813,H005,2025-05-19,Utilities,102633.94
E01814,H005,2025-05-28,Maintenance,53998.89
E01815,H005,2025-05-08,Housekeeping,54234.95
E01816,H005,2025-05-22,Food & Beverage,90406.21
E01817,H005,2025-05-18,Marketing,35017.35
E01818,H005,2025-05-20,Technology,20356.03
E01819,H005,2025-05-20,Security,29457.51
E01820,H005,2025-05-08,Transportation,21435.77
E01821,H005,2025-05-25,Supplies,29548.34
E01822,H005,2025-05-30,Laundry,33553.86
E01823,H005,2025-05-27,Other Operating Expenses,6937.55
E01824,H005,2025-05-25,Marketing,34348.69
E01825,H005,2025-06-30,Employee & Staff,237427.82
E01826,H005,2025-06-01,Utilities,127001.72
E01827,H005,2025-06-24,Maintenance,76556.46
E01828,H005,2025-06-24,Housekeeping,54447.16
E01829,H005,2025-06-26,Food & Beverage,101504.85
E01830,H005,2025-06-30,Marketing,33467.46
E01831,H005,2025-06-10,Technology,21746.0
E01832,H005,2025-06-26,Security,32840.57
E01833,H005,2025-06-20,Transportation,24689.04
E01834,H005,2025-06-12,Supplies,33643.55
E01835,H005,2025-06-28,Laundry,36585.96
E01836,H005,2025-06-24,Other Operating Expenses,8287.98
E01837,H005,2025-07-26,Employee & Staff,214000.97
E01838,H005,2025-07-13,Utilities,95381.78
E01839,H005,2025-07-26,Maintenance,66738.0
E01840,H005,2025-07-20,Housekeeping,57143.24
E01841,H005,2025-07-14,Food & Beverage,69095.54
E01842,H005,2025-07-11,Marketing,25519.0
E01843,H005,2025-07-29,Technology,17149.25
E01844,H005,2025-07-10,Security,24142.12
E01845,H005,2025-07-06,Transportation,17377.12
E01846,H005,2025-07-20,Supplies,24940.07
E01847,H005,2025-07-01,Laundry,31983.22
E01848,H005,2025-07-31,Other Operating Expenses,7162.34
E01849,H005,2025-07-13,Transportation,41864.16
E01850,H005,2025-08-12,Employee & Staff,223456.11
E01851,H005,2025-08-19,Utilities,120851.25
E01852,H005,2025-08-12,Maintenance,84755.21
E01853,H005,2025-08-16,Housekeeping,53520.49
E01854,H005,2025-08-02,Food & Beverage,80909.6
E01855,H005,2025-08-10,Marketing,35693.19
E01856,H005,2025-08-11,Technology,23121.33
E01857,H005,2025-08-29,Security,31817.44
E01858,H005,2025-08-26,Transportation,20487.07
E01859,H005,2025-08-13,Supplies,25102.43
E01860,H005,2025-08-28,Laundry,39547.33
E01861,H005,2025-08-30,Other Operating Expenses,6795.31
E01862,H005,2025-08-15,Supplies,38296.92
E01863,H005,2025-09-13,Employee & Staff,225067.69
E01864,H005,2025-09-14,Utilities,111278.98
E01865,H005,2025-09-26,Maintenance,92164.32
E01866,H005,2025-09-15,Housekeeping,60032.33
E01867,H005,2025-09-09,Food & Beverage,102729.46
E01868,H005,2025-09-26,Marketing,47651.9
E01869,H005,2025-09-15,Technology,22968.95
E01870,H005,2025-09-14,Security,32192.03
E01871,H005,2025-09-18,Transportation,25716.7
E01872,H005,2025-09-29,Supplies,30322.77
E01873,H005,2025-09-10,Laundry,38574.39
E01874,H005,2025-09-04,Other Operating Expenses,7746.43
E01875,H005,2025-09-06,Supplies,51409.2
E01876,H005,2025-10-13,Employee & Staff,255553.52
E01877,H005,2025-10-03,Utilities,115663.24
E01878,H005,2025-10-31,Maintenance,83651.51
E01879,H005,2025-10-03,Housekeeping,65853.54
E01880,H005,2025-10-15,Food & Beverage,94850.73
E01881,H005,2025-10-02,Marketing,49931.72
E01882,H005,2025-10-28,Technology,27115.83
E01883,H005,2025-10-11,Security,29808.11
E01884,H005,2025-10-23,Transportation,21980.15
E01885,H005,2025-10-03,Supplies,32753.65
E01886,H005,2025-10-29,Laundry,42228.25
E01887,H005,2025-10-06,Other Operating Expenses,7973.58
E01888,H005,2025-10-21,Supplies,39362.81
E01889,H005,2025-11-14,Employee & Staff,226942.23
E01890,H005,2025-11-23,Utilities,111753.15
E01891,H005,2025-11-18,Maintenance,89623.25
E01892,H005,2025-11-03,Housekeeping,71788.29
E01893,H005,2025-11-18,Food & Beverage,96177.11
E01894,H005,2025-11-28,Marketing,49819.04
E01895,H005,2025-11-29,Technology,27321.64
E01896,H005,2025-11-20,Security,36518.36
E01897,H005,2025-11-10,Transportation,24801.21
E01898,H005,2025-11-28,Supplies,35947.95
E01899,H005,2025-11-01,Laundry,46278.69
E01900,H005,2025-11-02,Other Operating Expenses,8654.4
E01901,H005,2025-11-09,Supplies,32407.04
E01902,H005,2025-12-03,Employee & Staff,212811.97
E01903,H005,2025-12-28,Utilities,99634.59
E01904,H005,2025-12-03,Maintenance,75694.36
E01905,H005,2025-12-13,Housekeeping,55253.13
E01906,H005,2025-12-05,Food & Beverage,85991.06
E01907,H005,2025-12-26,Marketing,38776.87
E01908,H005,2025-12-17,Technology,19938.91
E01909,H005,2025-12-01,Security,25973.65
E01910,H005,2025-12-05,Transportation,21708.94
E01911,H005,2025-12-27,Supplies,25521.48
E01912,H005,2025-12-27,Laundry,33424.72
E01913,H005,2025-12-12,Other Operating Expenses,6049.97
E01914,H005,2026-01-09,Employee & Staff,268407.53
E01915,H005,2026-01-05,Utilities,114223.69
E01916,H005,2026-01-07,Maintenance,75693.98
E01917,H005,2026-01-09,Housekeeping,60960.9
E01918,H005,2026-01-05,Food & Beverage,105339.51
E01919,H005,2026-01-23,Marketing,51737.82
E01920,H005,2026-01-16,Technology,22985.13
E01921,H005,2026-01-05,Security,30364.41
E01922,H005,2026-01-05,Transportation,23211.29
E01923,H005,2026-01-22,Supplies,29618.67
E01924,H005,2026-01-17,Laundry,43251.84
E01925,H005,2026-01-15,Other Operating Expenses,7173.62
E01926,H005,2026-01-02,Marketing,54185.19
E01927,H005,2026-02-15,Employee & Staff,232180.69
E01928,H005,2026-02-20,Utilities,124519.65
E01929,H005,2026-02-26,Maintenance,85753.66
E01930,H005,2026-02-07,Housekeeping,79227.19
E01931,H005,2026-02-18,Food & Beverage,106015.73
E01932,H005,2026-02-13,Marketing,70313.72
E01933,H005,2026-02-08,Technology,25491.32
E01934,H005,2026-02-11,Security,32565.03
E01935,H005,2026-02-13,Transportation,24795.2
E01936,H005,2026-02-17,Supplies,32684.26
E01937,H005,2026-02-08,Laundry,50005.57
E01938,H005,2026-02-24,Other Operating Expenses,8200.43
E01939,H005,2026-03-11,Employee & Staff,230496.49
E01940,H005,2026-03-27,Utilities,97154.15
E01941,H005,2026-03-23,Maintenance,67224.88
E01942,H005,2026-03-16,Housekeeping,57856.79
E01943,H005,2026-03-08,Food & Beverage,75859.08
E01944,H005,2026-03-17,Marketing,68580.04
E01945,H005,2026-03-17,Technology,18900.3
E01946,H005,2026-03-01,Security,30610.14
E01947,H005,2026-03-23,Transportation,20723.59
E01948,H005,2026-03-18,Supplies,26075.78
E01949,H005,2026-03-10,Laundry,32437.87
E01950,H005,2026-03-11,Other Operating Expenses,7175.68
E01951,H005,2026-03-04,Maintenance,51333.01
E01952,H005,2026-04-13,Employee & Staff,234754.49
E01953,H005,2026-04-17,Utilities,112259.5
E01954,H005,2026-04-21,Maintenance,63525.37
E01955,H005,2026-04-28,Housekeeping,70010.6
E01956,H005,2026-04-29,Food & Beverage,91773.9
E01957,H005,2026-04-09,Marketing,40460.47
E01958,H005,2026-04-27,Technology,23383.91
E01959,H005,2026-04-15,Security,29524.15
E01960,H005,2026-04-12,Transportation,26219.15
E01961,H005,2026-04-02,Supplies,35214.33
E01962,H005,2026-04-05,Laundry,46862.2
E01963,H005,2026-04-05,Other Operating Expenses,7442.08
E01964,H005,2026-04-03,Maintenance,55481.86
E01965,H005,2026-05-26,Employee & Staff,244340.42
E01966,H005,2026-05-22,Utilities,131570.68
E01967,H005,2026-05-08,Maintenance,103244.03
E01968,H005,2026-05-28,Housekeeping,67206.84
E01969,H005,2026-05-13,Food & Beverage,100334.25
E01970,H005,2026-05-04,Marketing,34693.59
E01971,H005,2026-05-01,Technology,22000.84
E01972,H005,2026-05-18,Security,29160.48
E01973,H005,2026-05-27,Transportation,25293.41
E01974,H005,2026-05-17,Supplies,28864.74
E01975,H005,2026-05-24,Laundry,39714.73
E01976,H005,2026-05-19,Other Operating Expenses,7909.98
E01977,H005,2026-05-20,Maintenance,44316.03
E01978,H005,2026-06-22,Employee & Staff,254196.88
E01979,H005,2026-06-26,Utilities,116464.72
E01980,H005,2026-06-20,Maintenance,106938.12
E01981,H005,2026-06-09,Housekeeping,78176.67
E01982,H005,2026-06-12,Food & Beverage,104565.33
E01983,H005,2026-06-02,Marketing,41762.18
E01984,H005,2026-06-13,Technology,25762.78
E01985,H005,2026-06-11,Security,35409.15
E01986,H005,2026-06-11,Transportation,26020.24
E01987,H005,2026-06-19,Supplies,31676.09
E01988,H005,2026-06-23,Laundry,43746.72
E01989,H005,2026-06-14,Other Operating Expenses,8005.18
E01990,H005,2026-06-19,Marketing,32964.77
E01991,H005,2026-07-12,Employee & Staff,217332.01
E01992,H005,2026-07-21,Utilities,129384.89
E01993,H005,2026-07-11,Maintenance,71391.27
E01994,H005,2026-07-08,Housekeeping,60541.46
E01995,H005,2026-07-08,Food & Beverage,83416.32
E01996,H005,2026-07-25,Marketing,36390.26
E01997,H005,2026-07-12,Technology,25970.9
E01998,H005,2026-07-13,Security,29280.89
E01999,H005,2026-07-07,Transportation,21606.73
E02000,H005,2026-07-07,Supplies,34581.16
E02001,H005,2026-07-04,Laundry,36981.52
E02002,H005,2026-07-23,Other Operating Expenses,7876.8
E02003,H005,2026-08-13,Employee & Staff,288858.27
E02004,H005,2026-08-07,Utilities,138248.92
E02005,H005,2026-08-15,Maintenance,89088.33
E02006,H005,2026-08-27,Housekeeping,66323.54
E02007,H005,2026-08-22,Food & Beverage,96883.98
E02008,H005,2026-08-03,Marketing,41267.22
E02009,H005,2026-08-30,Technology,25265.49
E02010,H005,2026-08-15,Security,32403.36
E02011,H005,2026-08-11,Transportation,28755.65
E02012,H005,2026-08-09,Supplies,39232.36
E02013,H005,2026-08-15,Laundry,46254.54
E02014,H005,2026-08-22,Other Operating Expenses,9187.73
E02015,H006,2024-01-31,Employee & Staff,96114.78
E02016,H006,2024-01-01,Utilities,52991.19
E02017,H006,2024-01-27,Maintenance,24276.85
E02018,H006,2024-01-07,Housekeeping,27389.62
E02019,H006,2024-01-20,Food & Beverage,37489.27
E02020,H006,2024-01-17,Marketing,16801.17
E02021,H006,2024-01-01,Technology,10591.57
E02022,H006,2024-01-03,Security,11787.01
E02023,H006,2024-01-17,Transportation,8399.28
E02024,H006,2024-01-28,Supplies,11748.2
E02025,H006,2024-01-05,Laundry,16352.64
E02026,H006,2024-01-25,Other Operating Expenses,3436.51
E02027,H006,2024-02-18,Employee & Staff,98830.14
E02028,H006,2024-02-18,Utilities,53089.67
E02029,H006,2024-02-16,Maintenance,42014.75
E02030,H006,2024-02-18,Housekeeping,28732.23
E02031,H006,2024-02-07,Food & Beverage,47439.94
E02032,H006,2024-02-21,Marketing,14809.52
E02033,H006,2024-02-04,Technology,12179.07
E02034,H006,2024-02-07,Security,15524.7
E02035,H006,2024-02-05,Transportation,9861.25
E02036,H006,2024-02-07,Supplies,14565.41
E02037,H006,2024-02-24,Laundry,17268.75
E02038,H006,2024-02-13,Other Operating Expenses,3372.94
E02039,H006,2024-02-23,Maintenance,44077.73
E02040,H006,2024-03-31,Employee & Staff,99516.19
E02041,H006,2024-03-16,Utilities,55077.98
E02042,H006,2024-03-08,Maintenance,28155.08
E02043,H006,2024-03-29,Housekeeping,25700.09
E02044,H006,2024-03-15,Food & Beverage,42756.54
E02045,H006,2024-03-13,Marketing,16788.79
E02046,H006,2024-03-18,Technology,11006.86
E02047,H006,2024-03-18,Security,15393.44
E02048,H006,2024-03-29,Transportation,10395.56
E02049,H006,2024-03-10,Supplies,16105.11
E02050,H006,2024-03-13,Laundry,19625.84
E02051,H006,2024-03-31,Other Operating Expenses,3401.29
E02052,H006,2024-04-20,Employee & Staff,104810.48
E02053,H006,2024-04-10,Utilities,51073.55
E02054,H006,2024-04-25,Maintenance,26626.0
E02055,H006,2024-04-18,Housekeeping,27131.93
E02056,H006,2024-04-19,Food & Beverage,41006.66
E02057,H006,2024-04-27,Marketing,16319.02
E02058,H006,2024-04-02,Technology,9838.99
E02059,H006,2024-04-24,Security,14885.43
E02060,H006,2024-04-19,Transportation,9286.1
E02061,H006,2024-04-02,Supplies,14848.0
E02062,H006,2024-04-14,Laundry,14583.48
E02063,H006,2024-04-01,Other Operating Expenses,3089.53
E02064,H006,2024-04-13,Transportation,20940.31
E02065,H006,2024-05-03,Employee & Staff,114295.3
E02066,H006,2024-05-09,Utilities,55857.07
E02067,H006,2024-05-26,Maintenance,36717.49
E02068,H006,2024-05-12,Housekeeping,32011.57
E02069,H006,2024-05-22,Food & Beverage,39355.84
E02070,H006,2024-05-16,Marketing,16639.63
E02071,H006,2024-05-03,Technology,10728.83
E02072,H006,2024-05-29,Security,15769.57
E02073,H006,2024-05-23,Transportation,10292.03
E02074,H006,2024-05-04,Supplies,15129.23
E02075,H006,2024-05-29,Laundry,16353.61
E02076,H006,2024-05-09,Other Operating Expenses,3564.75
E02077,H006,2024-05-12,Transportation,24950.47
E02078,H006,2024-06-08,Employee & Staff,85514.99
E02079,H006,2024-06-27,Utilities,47865.71
E02080,H006,2024-06-20,Maintenance,23907.58
E02081,H006,2024-06-08,Housekeeping,23042.61
E02082,H006,2024-06-16,Food & Beverage,35668.36
E02083,H006,2024-06-11,Marketing,26602.13
E02084,H006,2024-06-25,Technology,9525.26
E02085,H006,2024-06-25,Security,12082.84
E02086,H006,2024-06-16,Transportation,8941.94
E02087,H006,2024-06-15,Supplies,11184.23
E02088,H006,2024-06-14,Laundry,13519.57
E02089,H006,2024-06-27,Other Operating Expenses,3022.75
E02090,H006,2024-07-05,Employee & Staff,100081.35
E02091,H006,2024-07-21,Utilities,46044.2
E02092,H006,2024-07-17,Maintenance,24196.46
E02093,H006,2024-07-30,Housekeeping,26534.47
E02094,H006,2024-07-29,Food & Beverage,41527.41
E02095,H006,2024-07-16,Marketing,14533.77
E02096,H006,2024-07-10,Technology,8401.02
E02097,H006,2024-07-07,Security,11622.38
E02098,H006,2024-07-31,Transportation,8373.17
E02099,H006,2024-07-20,Supplies,12800.68
E02100,H006,2024-07-09,Laundry,15955.19
E02101,H006,2024-07-06,Other Operating Expenses,3156.84
E02102,H006,2024-08-14,Employee & Staff,108570.58
E02103,H006,2024-08-01,Utilities,55956.27
E02104,H006,2024-08-24,Maintenance,30402.02
E02105,H006,2024-08-01,Housekeeping,27277.2
E02106,H006,2024-08-11,Food & Beverage,46859.59
E02107,H006,2024-08-16,Marketing,17675.58
E02108,H006,2024-08-29,Technology,9610.8
E02109,H006,2024-08-28,Security,12939.53
E02110,H006,2024-08-10,Transportation,9685.11
E02111,H006,2024-08-04,Supplies,12979.82
E02112,H006,2024-08-05,Laundry,16462.14
E02113,H006,2024-08-23,Other Operating Expenses,3210.4
E02114,H006,2024-08-05,Marketing,48604.71
E02115,H006,2024-09-27,Employee & Staff,103378.9
E02116,H006,2024-09-17,Utilities,47869.34
E02117,H006,2024-09-29,Maintenance,31554.49
E02118,H006,2024-09-19,Housekeeping,28895.3
E02119,H006,2024-09-22,Food & Beverage,36119.8
E02120,H006,2024-09-04,Marketing,17530.62
E02121,H006,2024-09-23,Technology,10578.23
E02122,H006,2024-09-23,Security,11815.9
E02123,H006,2024-09-17,Transportation,8827.06
E02124,H006,2024-09-07,Supplies,12953.4
E02125,H006,2024-09-20,Laundry,17140.83
E02126,H006,2024-09-06,Other Operating Expenses,3706.99
E02127,H006,2024-09-09,Maintenance,39497.43
E02128,H006,2024-10-11,Employee & Staff,95982.45
E02129,H006,2024-10-30,Utilities,49318.01
E02130,H006,2024-10-10,Maintenance,28583.31
E02131,H006,2024-10-27,Housekeeping,26116.44
E02132,H006,2024-10-09,Food & Beverage,38546.68
E02133,H006,2024-10-06,Marketing,18684.22
E02134,H006,2024-10-05,Technology,11345.11
E02135,H006,2024-10-25,Security,15458.85
E02136,H006,2024-10-02,Transportation,11265.96
E02137,H006,2024-10-02,Supplies,14559.05
E02138,H006,2024-10-17,Laundry,16005.44
E02139,H006,2024-10-11,Other Operating Expenses,3293.49
E02140,H006,2024-10-06,Maintenance,27007.25
E02141,H006,2024-11-24,Employee & Staff,119170.55
E02142,H006,2024-11-15,Utilities,52571.28
E02143,H006,2024-11-07,Maintenance,44472.67
E02144,H006,2024-11-19,Housekeeping,26753.43
E02145,H006,2024-11-07,Food & Beverage,50914.47
E02146,H006,2024-11-12,Marketing,19047.48
E02147,H006,2024-11-19,Technology,12663.73
E02148,H006,2024-11-19,Security,15879.88
E02149,H006,2024-11-07,Transportation,10138.63
E02150,H006,2024-11-03,Supplies,13538.0
E02151,H006,2024-11-14,Laundry,20364.76
E02152,H006,2024-11-02,Other Operating Expenses,3432.92
E02153,H006,2024-12-28,Employee & Staff,126290.24
E02154,H006,2024-12-16,Utilities,59517.97
E02155,H006,2024-12-03,Maintenance,32603.7
E02156,H006,2024-12-24,Housekeeping,29881.86
E02157,H006,2024-12-26,Food & Beverage,51132.18
E02158,H006,2024-12-30,Marketing,20402.08
E02159,H006,2024-12-28,Technology,11589.89
E02160,H006,2024-12-27,Security,15698.1
E02161,H006,2024-12-25,Transportation,11531.83
E02162,H006,2024-12-24,Supplies,16233.41
E02163,H006,2024-12-31,Laundry,19097.4
E02164,H006,2024-12-05,Other Operating Expenses,4115.89
E02165,H006,2024-12-31,Transportation,24427.85
E02166,H006,2025-01-18,Employee & Staff,119645.06
E02167,H006,2025-01-05,Utilities,54035.38
E02168,H006,2025-01-08,Maintenance,26173.25
E02169,H006,2025-01-24,Housekeeping,30971.62
E02170,H006,2025-01-22,Food & Beverage,44562.12
E02171,H006,2025-01-24,Marketing,20017.08
E02172,H006,2025-01-11,Technology,10018.23
E02173,H006,2025-01-02,Security,13405.35
E02174,H006,2025-01-03,Transportation,9973.6
E02175,H006,2025-01-15,Supplies,15814.45
E02176,H006,2025-01-20,Laundry,17138.86
E02177,H006,2025-01-24,Other Operating Expenses,3866.07
E02178,H006,2025-01-25,Marketing,53007.43
E02179,H006,2025-02-09,Employee & Staff,90434.12
E02180,H006,2025-02-10,Utilities,48455.23
E02181,H006,2025-02-24,Maintenance,45186.52
E02182,H006,2025-02-19,Housekeeping,27499.8
E02183,H006,2025-02-04,Food & Beverage,42070.34
E02184,H006,2025-02-17,Marketing,13539.99
E02185,H006,2025-02-16,Technology,9121.64
E02186,H006,2025-02-22,Security,11860.84
E02187,H006,2025-02-12,Transportation,8774.64
E02188,H006,2025-02-15,Supplies,11209.73
E02189,H006,2025-02-22,Laundry,16463.25
E02190,H006,2025-02-04,Other Operating Expenses,3004.94
E02191,H006,2025-03-12,Employee & Staff,91180.02
E02192,H006,2025-03-16,Utilities,46825.97
E02193,H006,2025-03-13,Maintenance,30723.26
E02194,H006,2025-03-14,Housekeeping,23741.29
E02195,H006,2025-03-28,Food & Beverage,36472.74
E02196,H006,2025-03-11,Marketing,16469.16
E02197,H006,2025-03-26,Technology,10193.5
E02198,H006,2025-03-14,Security,14895.26
E02199,H006,2025-03-30,Transportation,10504.03
E02200,H006,2025-03-16,Supplies,12132.83
E02201,H006,2025-03-09,Laundry,14884.18
E02202,H006,2025-03-27,Other Operating Expenses,3347.54
E02203,H006,2025-03-01,Transportation,29369.29
E02204,H006,2025-04-11,Employee & Staff,91948.08
E02205,H006,2025-04-06,Utilities,51997.8
E02206,H006,2025-04-09,Maintenance,40310.69
E02207,H006,2025-04-21,Housekeeping,24819.17
E02208,H006,2025-04-15,Food & Beverage,42875.01
E02209,H006,2025-04-14,Marketing,14287.43
E02210,H006,2025-04-20,Technology,10318.41
E02211,H006,2025-04-22,Security,14138.37
E02212,H006,2025-04-25,Transportation,9190.9
E02213,H006,2025-04-14,Supplies,12640.7
E02214,H006,2025-04-04,Laundry,17882.31
E02215,H006,2025-04-06,Other Operating Expenses,3089.14
E02216,H006,2025-04-10,Supplies,20907.74
E02217,H006,2025-05-10,Employee & Staff,102141.34
E02218,H006,2025-05-25,Utilities,46995.03
E02219,H006,2025-05-14,Maintenance,35735.46
E02220,H006,2025-05-31,Housekeeping,29357.13
E02221,H006,2025-05-19,Food & Beverage,38939.77
E02222,H006,2025-05-13,Marketing,15988.96
E02223,H006,2025-05-28,Technology,9881.68
E02224,H006,2025-05-23,Security,12948.34
E02225,H006,2025-05-22,Transportation,9195.43
E02226,H006,2025-05-25,Supplies,12457.62
E02227,H006,2025-05-02,Laundry,17780.67
E02228,H006,2025-05-08,Other Operating Expenses,3612.45
E02229,H006,2025-05-22,Marketing,27024.38
E02230,H006,2025-06-17,Employee & Staff,89029.27
E02231,H006,2025-06-08,Utilities,48794.08
E02232,H006,2025-06-03,Maintenance,40582.23
E02233,H006,2025-06-12,Housekeeping,30313.43
E02234,H006,2025-06-30,Food & Beverage,44857.66
E02235,H006,2025-06-05,Marketing,16594.11
E02236,H006,2025-06-02,Technology,11416.72
E02237,H006,2025-06-25,Security,14512.27
E02238,H006,2025-06-16,Transportation,9100.18
E02239,H006,2025-06-23,Supplies,12795.12
E02240,H006,2025-06-08,Laundry,16279.2
E02241,H006,2025-06-14,Other Operating Expenses,3306.81
E02242,H006,2025-07-27,Employee & Staff,101975.15
E02243,H006,2025-07-28,Utilities,52946.76
E02244,H006,2025-07-26,Maintenance,34363.89
E02245,H006,2025-07-10,Housekeeping,28362.59
E02246,H006,2025-07-23,Food & Beverage,42737.48
E02247,H006,2025-07-02,Marketing,15750.22
E02248,H006,2025-07-07,Technology,11287.02
E02249,H006,2025-07-11,Security,15688.76
E02250,H006,2025-07-18,Transportation,12904.81
E02251,H006,2025-07-22,Supplies,16063.24
E02252,H006,2025-07-06,Laundry,19963.31
E02253,H006,2025-07-04,Other Operating Expenses,4207.63
E02254,H006,2025-07-14,Maintenance,32502.29
E02255,H006,2025-08-07,Employee & Staff,124382.51
E02256,H006,2025-08-03,Utilities,66491.04
E02257,H006,2025-08-24,Maintenance,80823.77
E02258,H006,2025-08-27,Housekeeping,36163.37
E02259,H006,2025-08-14,Food & Beverage,52569.6
E02260,H006,2025-08-18,Marketing,35237.78
E02261,H006,2025-08-19,Technology,12302.81
E02262,H006,2025-08-10,Security,16733.77
E02263,H006,2025-08-24,Transportation,11032.97
E02264,H006,2025-08-21,Supplies,16846.64
E02265,H006,2025-08-09,Laundry,18174.43
E02266,H006,2025-08-05,Other Operating Expenses,4514.48
E02267,H006,2025-09-29,Employee & Staff,101987.04
E02268,H006,2025-09-18,Utilities,52265.44
E02269,H006,2025-09-21,Maintenance,75697.05
E02270,H006,2025-09-12,Housekeeping,27211.91
E02271,H006,2025-09-08,Food & Beverage,49738.87
E02272,H006,2025-09-25,Marketing,24207.41
E02273,H006,2025-09-11,Technology,12184.35
E02274,H006,2025-09-02,Security,14474.43
E02275,H006,2025-09-27,Transportation,10214.27
E02276,H006,2025-09-03,Supplies,14929.76
E02277,H006,2025-09-04,Laundry,17077.19
E02278,H006,2025-09-15,Other Operating Expenses,3568.84
E02279,H006,2025-09-17,Transportation,18015.09
E02280,H006,2025-10-31,Employee & Staff,127815.31
E02281,H006,2025-10-24,Utilities,72218.7
E02282,H006,2025-10-24,Maintenance,72133.07
E02283,H006,2025-10-27,Housekeeping,37570.98
E02284,H006,2025-10-16,Food & Beverage,48996.81
E02285,H006,2025-10-27,Marketing,23023.31
E02286,H006,2025-10-15,Technology,13311.53
E02287,H006,2025-10-25,Security,15083.7
E02288,H006,2025-10-18,Transportation,14550.22
E02289,H006,2025-10-24,Supplies,19294.09
E02290,H006,2025-10-14,Laundry,20822.37
E02291,H006,2025-10-01,Other Operating Expenses,4007.63
E02292,H006,2025-10-20,Marketing,31032.77
E02293,H006,2025-11-30,Employee & Staff,134799.05
E02294,H006,2025-11-22,Utilities,57772.43
E02295,H006,2025-11-17,Maintenance,38927.2
E02296,H006,2025-11-03,Housekeeping,37428.55
E02297,H006,2025-11-01,Food & Beverage,51720.94
E02298,H006,2025-11-17,Marketing,24529.71
E02299,H006,2025-11-25,Technology,11461.87
E02300,H006,2025-11-28,Security,17011.69
E02301,H006,2025-11-01,Transportation,13302.54
E02302,H006,2025-11-14,Supplies,15453.7
E02303,H006,2025-11-27,Laundry,21244.71
E02304,H006,2025-11-06,Other Operating Expenses,4570.1
E02305,H006,2025-11-03,Supplies,26263.57
E02306,H006,2025-12-15,Employee & Staff,121150.65
E02307,H006,2025-12-28,Utilities,59234.73
E02308,H006,2025-12-28,Maintenance,49284.8
E02309,H006,2025-12-23,Housekeeping,34285.97
E02310,H006,2025-12-16,Food & Beverage,43275.56
E02311,H006,2025-12-27,Marketing,24982.64
E02312,H006,2025-12-01,Technology,10685.26
E02313,H006,2025-12-16,Security,14756.61
E02314,H006,2025-12-12,Transportation,11926.62
E02315,H006,2025-12-14,Supplies,14396.72
E02316,H006,2025-12-07,Laundry,20858.84
E02317,H006,2025-12-10,Other Operating Expenses,4080.73
E02318,H006,2025-12-12,Transportation,26643.51
E02319,H006,2026-01-27,Employee & Staff,93874.08
E02320,H006,2026-01-20,Utilities,49360.09
E02321,H006,2026-01-03,Maintenance,50212.41
E02322,H006,2026-01-20,Housekeeping,28045.62
E02323,H006,2026-01-10,Food & Beverage,40396.8
E02324,H006,2026-01-21,Marketing,17022.11
E02325,H006,2026-01-15,Technology,8761.37
E02326,H006,2026-01-16,Security,12766.27
E02327,H006,2026-01-28,Transportation,10649.48
E02328,H006,2026-01-19,Supplies,14090.07
E02329,H006,2026-01-02,Laundry,18762.92
E02330,H006,2026-01-08,Other Operating Expenses,3675.35
E02331,H006,2026-02-15,Employee & Staff,108120.83
E02332,H006,2026-02-21,Utilities,67023.92
E02333,H006,2026-02-11,Maintenance,36877.98
E02334,H006,2026-02-14,Housekeeping,32918.35
E02335,H006,2026-02-13,Food & Beverage,52247.83
E02336,H006,2026-02-09,Marketing,18087.72
E02337,H006,2026-02-12,Technology,12775.04
E02338,H006,2026-02-24,Security,17655.97
E02339,H006,2026-02-03,Transportation,11341.81
E02340,H006,2026-02-13,Supplies,16397.42
E02341,H006,2026-02-18,Laundry,19546.57
E02342,H006,2026-02-20,Other Operating Expenses,4044.14
E02343,H006,2026-03-04,Employee & Staff,122834.77
E02344,H006,2026-03-23,Utilities,61302.31
E02345,H006,2026-03-26,Maintenance,34479.14
E02346,H006,2026-03-20,Housekeeping,33140.23
E02347,H006,2026-03-13,Food & Beverage,46972.95
E02348,H006,2026-03-14,Marketing,16159.37
E02349,H006,2026-03-22,Technology,11990.66
E02350,H006,2026-03-27,Security,15035.28
E02351,H006,2026-03-07,Transportation,12018.6
E02352,H006,2026-03-10,Supplies,14896.04
E02353,H006,2026-03-18,Laundry,22146.96
E02354,H006,2026-03-20,Other Operating Expenses,4102.26
E02355,H006,2026-04-28,Employee & Staff,134296.87
E02356,H006,2026-04-27,Utilities,71929.67
E02357,H006,2026-04-11,Maintenance,49601.12
E02358,H006,2026-04-15,Housekeeping,37151.61
E02359,H006,2026-04-13,Food & Beverage,53788.49
E02360,H006,2026-04-24,Marketing,39791.16
E02361,H006,2026-04-13,Technology,11728.83
E02362,H006,2026-04-30,Security,18895.22
E02363,H006,2026-04-03,Transportation,12082.06
E02364,H006,2026-04-08,Supplies,15145.22
E02365,H006,2026-04-03,Laundry,22571.18
E02366,H006,2026-04-01,Other Operating Expenses,4136.24
E02367,H006,2026-04-06,Marketing,43090.18
E02368,H006,2026-05-07,Employee & Staff,138078.57
E02369,H006,2026-05-26,Utilities,63905.12
E02370,H006,2026-05-20,Maintenance,46131.77
E02371,H006,2026-05-08,Housekeeping,31419.27
E02372,H006,2026-05-14,Food & Beverage,56527.5
E02373,H006,2026-05-02,Marketing,20831.56
E02374,H006,2026-05-31,Technology,12965.17
E02375,H006,2026-05-23,Security,16478.7
E02376,H006,2026-05-17,Transportation,13834.41
E02377,H006,2026-05-24,Supplies,18800.44
E02378,H006,2026-05-06,Laundry,20036.06
E02379,H006,2026-05-16,Other Operating Expenses,3894.73
E02380,H006,2026-06-10,Employee & Staff,117851.18
E02381,H006,2026-06-16,Utilities,53466.58
E02382,H006,2026-06-28,Maintenance,42438.0
E02383,H006,2026-06-04,Housekeeping,28249.03
E02384,H006,2026-06-15,Food & Beverage,50323.13
E02385,H006,2026-06-04,Marketing,18724.4
E02386,H006,2026-06-01,Technology,10257.7
E02387,H006,2026-06-28,Security,14258.25
E02388,H006,2026-06-21,Transportation,10856.91
E02389,H006,2026-06-07,Supplies,14661.24
E02390,H006,2026-06-15,Laundry,19970.42
E02391,H006,2026-06-09,Other Operating Expenses,3835.07
E02392,H006,2026-06-25,Transportation,17927.98
E02393,H006,2026-07-28,Employee & Staff,113538.53
E02394,H006,2026-07-10,Utilities,57613.2
E02395,H006,2026-07-14,Maintenance,51223.58
E02396,H006,2026-07-26,Housekeeping,36169.23
E02397,H006,2026-07-10,Food & Beverage,47271.49
E02398,H006,2026-07-18,Marketing,21754.45
E02399,H006,2026-07-31,Technology,14508.47
E02400,H006,2026-07-23,Security,16970.5
E02401,H006,2026-07-10,Transportation,14258.78
E02402,H006,2026-07-05,Supplies,15063.77
E02403,H006,2026-07-02,Laundry,24171.41
E02404,H006,2026-07-24,Other Operating Expenses,4100.59
E02405,H006,2026-07-06,Maintenance,42117.87
E02406,H006,2026-08-28,Employee & Staff,151586.6
E02407,H006,2026-08-09,Utilities,81039.64
E02408,H006,2026-08-31,Maintenance,57793.52
E02409,H006,2026-08-14,Housekeeping,34484.44
E02410,H006,2026-08-16,Food & Beverage,52490.0
E02411,H006,2026-08-05,Marketing,22531.69
E02412,H006,2026-08-30,Technology,14659.15
E02413,H006,2026-08-31,Security,16828.44
E02414,H006,2026-08-28,Transportation,13190.71
E02415,H006,2026-08-07,Supplies,17712.94
E02416,H006,2026-08-08,Laundry,22488.79
E02417,H006,2026-08-04,Other Operating Expenses,5311.31
E02418,H007,2024-01-06,Employee & Staff,82908.67
E02419,H007,2024-01-01,Utilities,47405.87
E02420,H007,2024-01-31,Maintenance,26174.26
E02421,H007,2024-01-25,Housekeeping,27381.83
E02422,H007,2024-01-15,Food & Beverage,36825.09
E02423,H007,2024-01-26,Marketing,15856.88
E02424,H007,2024-01-02,Technology,8584.7
E02425,H007,2024-01-24,Security,11837.83
E02426,H007,2024-01-03,Transportation,9579.79
E02427,H007,2024-01-15,Supplies,13826.07
E02428,H007,2024-01-20,Laundry,15867.57
E02429,H007,2024-01-28,Other Operating Expenses,3000.39
E02430,H007,2024-02-23,Employee & Staff,103834.67
E02431,H007,2024-02-03,Utilities,60545.03
E02432,H007,2024-02-25,Maintenance,27925.32
E02433,H007,2024-02-23,Housekeeping,31574.12
E02434,H007,2024-02-12,Food & Beverage,39916.14
E02435,H007,2024-02-01,Marketing,15391.32
E02436,H007,2024-02-17,Technology,10576.1
E02437,H007,2024-02-17,Security,13819.16
E02438,H007,2024-02-13,Transportation,11963.57
E02439,H007,2024-02-24,Supplies,12597.4
E02440,H007,2024-02-15,Laundry,17672.81
E02441,H007,2024-02-17,Other Operating Expenses,3715.3
E02442,H007,2024-02-07,Marketing,43693.5
E02443,H007,2024-03-12,Employee & Staff,94732.95
E02444,H007,2024-03-16,Utilities,50706.97
E02445,H007,2024-03-16,Maintenance,41419.06
E02446,H007,2024-03-16,Housekeeping,26837.51
E02447,H007,2024-03-07,Food & Beverage,37395.09
E02448,H007,2024-03-13,Marketing,14538.89
E02449,H007,2024-03-15,Technology,9865.76
E02450,H007,2024-03-02,Security,12410.77
E02451,H007,2024-03-25,Transportation,9315.67
E02452,H007,2024-03-09,Supplies,15441.54
E02453,H007,2024-03-01,Laundry,18535.14
E02454,H007,2024-03-07,Other Operating Expenses,3169.31
E02455,H007,2024-03-18,Transportation,20051.29
E02456,H007,2024-04-04,Employee & Staff,88645.12
E02457,H007,2024-04-14,Utilities,53199.2
E02458,H007,2024-04-07,Maintenance,25149.19
E02459,H007,2024-04-08,Housekeeping,24583.19
E02460,H007,2024-04-05,Food & Beverage,40711.89
E02461,H007,2024-04-22,Marketing,16011.08
E02462,H007,2024-04-02,Technology,8683.88
E02463,H007,2024-04-13,Security,11547.15
E02464,H007,2024-04-08,Transportation,9940.18
E02465,H007,2024-04-15,Supplies,14100.14
E02466,H007,2024-04-13,Laundry,17885.51
E02467,H007,2024-04-03,Other Operating Expenses,3398.03
E02468,H007,2024-05-31,Employee & Staff,87782.38
E02469,H007,2024-05-05,Utilities,52375.14
E02470,H007,2024-05-27,Maintenance,64734.37
E02471,H007,2024-05-26,Housekeeping,27937.02
E02472,H007,2024-05-22,Food & Beverage,35453.91
E02473,H007,2024-05-23,Marketing,14558.08
E02474,H007,2024-05-08,Technology,9754.38
E02475,H007,2024-05-13,Security,12798.35
E02476,H007,2024-05-26,Transportation,9261.4
E02477,H007,2024-05-05,Supplies,13818.93
E02478,H007,2024-05-24,Laundry,14643.95
E02479,H007,2024-05-19,Other Operating Expenses,3380.72
E02480,H007,2024-06-08,Employee & Staff,99790.72
E02481,H007,2024-06-06,Utilities,48854.57
E02482,H007,2024-06-06,Maintenance,44975.97
E02483,H007,2024-06-03,Housekeeping,31377.38
E02484,H007,2024-06-23,Food & Beverage,37647.37
E02485,H007,2024-06-08,Marketing,15538.86
E02486,H007,2024-06-09,Technology,10997.11
E02487,H007,2024-06-17,Security,14811.37
E02488,H007,2024-06-26,Transportation,9718.72
E02489,H007,2024-06-07,Supplies,12474.62
E02490,H007,2024-06-05,Laundry,20109.86
E02491,H007,2024-06-29,Other Operating Expenses,3193.4
E02492,H007,2024-06-21,Supplies,35300.32
E02493,H007,2024-07-29,Employee & Staff,106735.98
E02494,H007,2024-07-21,Utilities,49932.13
E02495,H007,2024-07-31,Maintenance,31161.53
E02496,H007,2024-07-04,Housekeeping,22674.12
E02497,H007,2024-07-19,Food & Beverage,33902.3
E02498,H007,2024-07-18,Marketing,14890.61
E02499,H007,2024-07-25,Technology,9574.31
E02500,H007,2024-07-26,Security,14477.52
E02501,H007,2024-07-14,Transportation,9064.93
E02502,H007,2024-07-14,Supplies,11528.84
E02503,H007,2024-07-21,Laundry,14495.66
E02504,H007,2024-07-07,Other Operating Expenses,3556.35
E02505,H007,2024-07-20,Transportation,26376.38
E02506,H007,2024-08-24,Employee & Staff,103418.03
E02507,H007,2024-08-14,Utilities,55708.57
E02508,H007,2024-08-14,Maintenance,30699.57
E02509,H007,2024-08-22,Housekeeping,24620.1
E02510,H007,2024-08-26,Food & Beverage,43028.58
E02511,H007,2024-08-14,Marketing,13666.7
E02512,H007,2024-08-28,Technology,10778.33
E02513,H007,2024-08-23,Security,13331.03
E02514,H007,2024-08-29,Transportation,9576.0
E02515,H007,2024-08-29,Supplies,13880.26
E02516,H007,2024-08-27,Laundry,18531.73
E02517,H007,2024-08-28,Other Operating Expenses,3058.83
E02518,H007,2024-09-15,Employee & Staff,115818.57
E02519,H007,2024-09-16,Utilities,53581.47
E02520,H007,2024-09-02,Maintenance,32468.16
E02521,H007,2024-09-03,Housekeeping,31562.79
E02522,H007,2024-09-09,Food & Beverage,42461.24
E02523,H007,2024-09-16,Marketing,19597.06
E02524,H007,2024-09-04,Technology,9805.01
E02525,H007,2024-09-25,Security,16188.73
E02526,H007,2024-09-30,Transportation,11928.88
E02527,H007,2024-09-17,Supplies,16396.8
E02528,H007,2024-09-12,Laundry,16836.69
E02529,H007,2024-09-15,Other Operating Expenses,3614.08
E02530,H007,2024-10-13,Employee & Staff,109483.4
E02531,H007,2024-10-28,Utilities,52341.81
E02532,H007,2024-10-19,Maintenance,35183.76
E02533,H007,2024-10-26,Housekeeping,27199.04
E02534,H007,2024-10-07,Food & Beverage,45423.66
E02535,H007,2024-10-25,Marketing,19779.18
E02536,H007,2024-10-22,Technology,9730.16
E02537,H007,2024-10-23,Security,13031.98
E02538,H007,2024-10-15,Transportation,9045.77
E02539,H007,2024-10-29,Supplies,12947.41
E02540,H007,2024-10-24,Laundry,17245.21
E02541,H007,2024-10-28,Other Operating Expenses,3035.54
E02542,H007,2024-11-09,Employee & Staff,95172.12
E02543,H007,2024-11-28,Utilities,53956.06
E02544,H007,2024-11-08,Maintenance,40459.63
E02545,H007,2024-11-14,Housekeeping,27599.47
E02546,H007,2024-11-15,Food & Beverage,38106.34
E02547,H007,2024-11-04,Marketing,37135.34
E02548,H007,2024-11-22,Technology,11237.55
E02549,H007,2024-11-30,Security,14046.23
E02550,H007,2024-11-16,Transportation,10530.12
E02551,H007,2024-11-06,Supplies,14638.42
E02552,H007,2024-11-14,Laundry,16734.3
E02553,H007,2024-11-23,Other Operating Expenses,3543.37
E02554,H007,2024-12-13,Employee & Staff,110844.78
E02555,H007,2024-12-27,Utilities,61992.51
E02556,H007,2024-12-04,Maintenance,75125.62
E02557,H007,2024-12-28,Housekeeping,33523.98
E02558,H007,2024-12-31,Food & Beverage,46777.07
E02559,H007,2024-12-17,Marketing,20569.85
E02560,H007,2024-12-01,Technology,10779.64
E02561,H007,2024-12-13,Security,15120.86
E02562,H007,2024-12-01,Transportation,12261.6
E02563,H007,2024-12-21,Supplies,16517.53
E02564,H007,2024-12-16,Laundry,19914.43
E02565,H007,2024-12-07,Other Operating Expenses,4084.46
E02566,H007,2024-12-11,Transportation,26576.3
E02567,H007,2025-01-20,Employee & Staff,113163.52
E02568,H007,2025-01-26,Utilities,59281.24
E02569,H007,2025-01-21,Maintenance,31537.9
E02570,H007,2025-01-31,Housekeeping,27205.73
E02571,H007,2025-01-31,Food & Beverage,44682.6
E02572,H007,2025-01-03,Marketing,21722.54
E02573,H007,2025-01-11,Technology,10833.96
E02574,H007,2025-01-02,Security,13429.73
E02575,H007,2025-01-16,Transportation,11640.12
E02576,H007,2025-01-28,Supplies,13376.17
E02577,H007,2025-01-18,Laundry,16777.16
E02578,H007,2025-01-10,Other Operating Expenses,3753.31
E02579,H007,2025-01-15,Maintenance,19785.89
E02580,H007,2025-02-24,Employee & Staff,109613.08
E02581,H007,2025-02-24,Utilities,56828.64
E02582,H007,2025-02-22,Maintenance,32790.18
E02583,H007,2025-02-08,Housekeeping,27812.37
E02584,H007,2025-02-15,Food & Beverage,45322.95
E02585,H007,2025-02-15,Marketing,15581.5
E02586,H007,2025-02-18,Technology,11032.79
E02587,H007,2025-02-01,Security,15417.01
E02588,H007,2025-02-14,Transportation,10208.88
E02589,H007,2025-02-17,Supplies,13313.76
E02590,H007,2025-02-24,Laundry,19280.45
E02591,H007,2025-02-02,Other Operating Expenses,4002.33
E02592,H007,2025-03-24,Employee & Staff,95870.2
E02593,H007,2025-03-05,Utilities,48075.4
E02594,H007,2025-03-22,Maintenance,29449.45
E02595,H007,2025-03-23,Housekeeping,25501.61
E02596,H007,2025-03-12,Food & Beverage,39353.21
E02597,H007,2025-03-27,Marketing,15448.1
E02598,H007,2025-03-08,Technology,9343.66
E02599,H007,2025-03-01,Security,11427.75
E02600,H007,2025-03-26,Transportation,8639.08
E02601,H007,2025-03-14,Supplies,13193.32
E02602,H007,2025-03-12,Laundry,15131.23
E02603,H007,2025-03-25,Other Operating Expenses,3551.71
E02604,H007,2025-04-25,Employee & Staff,109449.04
E02605,H007,2025-04-06,Utilities,52052.23
E02606,H007,2025-04-27,Maintenance,33362.55
E02607,H007,2025-04-15,Housekeeping,27978.32
E02608,H007,2025-04-09,Food & Beverage,39265.41
E02609,H007,2025-04-01,Marketing,17256.06
E02610,H007,2025-04-11,Technology,9201.6
E02611,H007,2025-04-03,Security,13487.42
E02612,H007,2025-04-27,Transportation,10861.8
E02613,H007,2025-04-14,Supplies,15252.12
E02614,H007,2025-04-07,Laundry,18032.52
E02615,H007,2025-04-07,Other Operating Expenses,3586.41
E02616,H007,2025-04-02,Marketing,42140.96
E02617,H007,2025-05-05,Employee & Staff,101119.27
E02618,H007,2025-05-18,Utilities,52383.76
E02619,H007,2025-05-28,Maintenance,32094.15
E02620,H007,2025-05-22,Housekeeping,30239.67
E02621,H007,2025-05-16,Food & Beverage,40311.46
E02622,H007,2025-05-05,Marketing,16111.48
E02623,H007,2025-05-17,Technology,10501.95
E02624,H007,2025-05-29,Security,13023.88
E02625,H007,2025-05-05,Transportation,10811.93
E02626,H007,2025-05-10,Supplies,11937.29
E02627,H007,2025-05-12,Laundry,16133.11
E02628,H007,2025-05-09,Other Operating Expenses,3593.46
E02629,H007,2025-06-22,Employee & Staff,105054.3
E02630,H007,2025-06-13,Utilities,47855.5
E02631,H007,2025-06-28,Maintenance,32723.07
E02632,H007,2025-06-09,Housekeeping,27541.86
E02633,H007,2025-06-23,Food & Beverage,41914.17
E02634,H007,2025-06-01,Marketing,15292.9
E02635,H007,2025-06-22,Technology,10661.87
E02636,H007,2025-06-22,Security,13014.22
E02637,H007,2025-06-08,Transportation,9641.42
E02638,H007,2025-06-04,Supplies,15413.43
E02639,H007,2025-06-09,Laundry,19111.63
E02640,H007,2025-06-09,Other Operating Expenses,3611.14
E02641,H007,2025-06-01,Supplies,33523.99
E02642,H007,2025-07-17,Employee & Staff,119710.62
E02643,H007,2025-07-24,Utilities,61327.24
E02644,H007,2025-07-31,Maintenance,32453.9
E02645,H007,2025-07-28,Housekeeping,28226.91
E02646,H007,2025-07-09,Food & Beverage,40878.65
E02647,H007,2025-07-31,Marketing,18458.88
E02648,H007,2025-07-01,Technology,10041.9
E02649,H007,2025-07-02,Security,13522.94
E02650,H007,2025-07-20,Transportation,12410.37
E02651,H007,2025-07-13,Supplies,15905.12
E02652,H007,2025-07-12,Laundry,18233.43
E02653,H007,2025-07-10,Other Operating Expenses,4069.97
E02654,H007,2025-07-31,Supplies,30561.75
E02655,H007,2025-08-25,Employee & Staff,100861.01
E02656,H007,2025-08-30,Utilities,54185.35
E02657,H007,2025-08-13,Maintenance,41212.6
E02658,H007,2025-08-01,Housekeeping,26222.2
E02659,H007,2025-08-27,Food & Beverage,42092.9
E02660,H007,2025-08-01,Marketing,12702.02
E02661,H007,2025-08-11,Technology,9251.93
E02662,H007,2025-08-15,Security,13022.59
E02663,H007,2025-08-20,Transportation,8457.76
E02664,H007,2025-08-25,Supplies,11939.37
E02665,H007,2025-08-12,Laundry,17109.57
E02666,H007,2025-08-17,Other Operating Expenses,3025.69
E02667,H007,2025-09-13,Employee & Staff,116210.93
E02668,H007,2025-09-12,Utilities,53724.78
E02669,H007,2025-09-16,Maintenance,40617.35
E02670,H007,2025-09-14,Housekeeping,32113.2
E02671,H007,2025-09-28,Food & Beverage,46899.19
E02672,H007,2025-09-28,Marketing,18383.43
E02673,H007,2025-09-14,Technology,11806.25
E02674,H007,2025-09-05,Security,15060.93
E02675,H007,2025-09-23,Transportation,10119.4
E02676,H007,2025-09-08,Supplies,14057.76
E02677,H007,2025-09-16,Laundry,17916.3
E02678,H007,2025-09-05,Other Operating Expenses,3893.37
E02679,H007,2025-10-07,Employee & Staff,101993.89
E02680,H007,2025-10-01,Utilities,48134.49
E02681,H007,2025-10-12,Maintenance,32675.33
E02682,H007,2025-10-11,Housekeeping,25527.68
E02683,H007,2025-10-25,Food & Beverage,40688.63
E02684,H007,2025-10-31,Marketing,20714.06
E02685,H007,2025-10-11,Technology,10698.14
E02686,H007,2025-10-20,Security,12093.07
E02687,H007,2025-10-29,Transportation,10461.74
E02688,H007,2025-10-29,Supplies,13699.92
E02689,H007,2025-10-26,Laundry,18236.44
E02690,H007,2025-10-04,Other Operating Expenses,3652.02
E02691,H007,2025-10-13,Supplies,29719.08
E02692,H007,2025-11-12,Employee & Staff,117416.56
E02693,H007,2025-11-29,Utilities,56740.28
E02694,H007,2025-11-21,Maintenance,39965.07
E02695,H007,2025-11-06,Housekeeping,27412.23
E02696,H007,2025-11-17,Food & Beverage,46858.36
E02697,H007,2025-11-15,Marketing,19400.48
E02698,H007,2025-11-24,Technology,11334.83
E02699,H007,2025-11-09,Security,12712.6
E02700,H007,2025-11-20,Transportation,10278.59
E02701,H007,2025-11-06,Supplies,15586.71
E02702,H007,2025-11-29,Laundry,18607.23
E02703,H007,2025-11-28,Other Operating Expenses,3807.29
E02704,H007,2025-11-07,Supplies,16481.79
E02705,H007,2025-12-25,Employee & Staff,92008.88
E02706,H007,2025-12-30,Utilities,55098.82
E02707,H007,2025-12-25,Maintenance,44140.42
E02708,H007,2025-12-21,Housekeeping,27363.26
E02709,H007,2025-12-23,Food & Beverage,36747.45
E02710,H007,2025-12-16,Marketing,20465.51
E02711,H007,2025-12-22,Technology,10515.96
E02712,H007,2025-12-09,Security,12573.79
E02713,H007,2025-12-24,Transportation,9726.9
E02714,H007,2025-12-13,Supplies,12381.87
E02715,H007,2025-12-05,Laundry,14823.33
E02716,H007,2025-12-25,Other Operating Expenses,3077.27
E02717,H007,2025-12-23,Transportation,23368.02
E02718,H007,2026-01-03,Employee & Staff,123487.26
E02719,H007,2026-01-07,Utilities,61409.01
E02720,H007,2026-01-08,Maintenance,30175.42
E02721,H007,2026-01-23,Housekeeping,27510.94
E02722,H007,2026-01-10,Food & Beverage,39364.7
E02723,H007,2026-01-22,Marketing,22682.01
E02724,H007,2026-01-23,Technology,10884.15
E02725,H007,2026-01-26,Security,15306.27
E02726,H007,2026-01-17,Transportation,10506.78
E02727,H007,2026-01-05,Supplies,12890.31
E02728,H007,2026-01-07,Laundry,17732.35
E02729,H007,2026-01-25,Other Operating Expenses,3700.86
E02730,H007,2026-02-25,Employee & Staff,126166.79
E02731,H007,2026-02-09,Utilities,58698.99
E02732,H007,2026-02-06,Maintenance,41307.02
E02733,H007,2026-02-27,Housekeeping,29607.27
E02734,H007,2026-02-28,Food & Beverage,53494.27
E02735,H007,2026-02-22,Marketing,17507.6
E02736,H007,2026-02-24,Technology,13342.48
E02737,H007,2026-02-26,Security,17456.63
E02738,H007,2026-02-04,Transportation,11564.99
E02739,H007,2026-02-03,Supplies,17406.75
E02740,H007,2026-02-25,Laundry,19096.64
E02741,H007,2026-02-14,Other Operating Expenses,3483.59
E02742,H007,2026-02-01,Supplies,30705.44
E02743,H007,2026-03-10,Employee & Staff,122219.76
E02744,H007,2026-03-17,Utilities,60805.41
E02745,H007,2026-03-31,Maintenance,43013.16
E02746,H007,2026-03-21,Housekeeping,31906.64
E02747,H007,2026-03-27,Food & Beverage,42068.99
E02748,H007,2026-03-31,Marketing,17025.47
E02749,H007,2026-03-31,Technology,11581.1
E02750,H007,2026-03-28,Security,15812.06
E02751,H007,2026-03-19,Transportation,11123.24
E02752,H007,2026-03-23,Supplies,14205.86
E02753,H007,2026-03-27,Laundry,21105.3
E02754,H007,2026-03-16,Other Operating Expenses,4350.86
E02755,H007,2026-03-11,Marketing,44105.76
E02756,H007,2026-04-12,Employee & Staff,116862.15
E02757,H007,2026-04-30,Utilities,65991.75
E02758,H007,2026-04-16,Maintenance,50980.9
E02759,H007,2026-04-04,Housekeeping,34852.19
E02760,H007,2026-04-06,Food & Beverage,52035.6
E02761,H007,2026-04-29,Marketing,33056.76
E02762,H007,2026-04-28,Technology,10633.47
E02763,H007,2026-04-03,Security,17178.85
E02764,H007,2026-04-01,Transportation,12063.46
E02765,H007,2026-04-26,Supplies,18301.14
E02766,H007,2026-04-06,Laundry,18015.43
E02767,H007,2026-04-14,Other Operating Expenses,3911.97
E02768,H007,2026-04-16,Transportation,18903.55
E02769,H007,2026-05-11,Employee & Staff,117813.27
E02770,H007,2026-05-03,Utilities,52355.08
E02771,H007,2026-05-28,Maintenance,77436.91
E02772,H007,2026-05-23,Housekeeping,25939.65
E02773,H007,2026-05-29,Food & Beverage,46890.53
E02774,H007,2026-05-06,Marketing,23406.51
E02775,H007,2026-05-08,Technology,9718.75
E02776,H007,2026-05-14,Security,15862.46
E02777,H007,2026-05-31,Transportation,11967.92
E02778,H007,2026-05-23,Supplies,15748.12
E02779,H007,2026-05-16,Laundry,17900.85
E02780,H007,2026-05-28,Other Operating Expenses,3751.78
E02781,H007,2026-05-29,Marketing,23119.29
E02782,H007,2026-06-11,Employee & Staff,89669.57
E02783,H007,2026-06-11,Utilities,56140.2
E02784,H007,2026-06-19,Maintenance,36749.89
E02785,H007,2026-06-24,Housekeeping,28896.31
E02786,H007,2026-06-13,Food & Beverage,35810.14
E02787,H007,2026-06-14,Marketing,16527.7
E02788,H007,2026-06-24,Technology,10524.81
E02789,H007,2026-06-27,Security,13003.12
E02790,H007,2026-06-18,Transportation,9990.87
E02791,H007,2026-06-01,Supplies,14515.1
E02792,H007,2026-06-19,Laundry,16335.9
E02793,H007,2026-06-18,Other Operating Expenses,3618.71
E02794,H007,2026-07-29,Employee & Staff,102423.62
E02795,H007,2026-07-22,Utilities,63751.62
E02796,H007,2026-07-30,Maintenance,33035.74
E02797,H007,2026-07-13,Housekeeping,33527.54
E02798,H007,2026-07-22,Food & Beverage,48566.75
E02799,H007,2026-07-27,Marketing,17091.24
E02800,H007,2026-07-24,Technology,12297.7
E02801,H007,2026-07-22,Security,14598.23
E02802,H007,2026-07-22,Transportation,10502.95
E02803,H007,2026-07-28,Supplies,17528.72
E02804,H007,2026-07-01,Laundry,21454.97
E02805,H007,2026-07-30,Other Operating Expenses,3885.75
E02806,H007,2026-08-15,Employee & Staff,132790.61
E02807,H007,2026-08-31,Utilities,58226.32
E02808,H007,2026-08-21,Maintenance,42699.71
E02809,H007,2026-08-06,Housekeeping,37369.52
E02810,H007,2026-08-17,Food & Beverage,48055.59
E02811,H007,2026-08-26,Marketing,34149.5
E02812,H007,2026-08-30,Technology,12424.81
E02813,H007,2026-08-02,Security,17983.14
E02814,H007,2026-08-03,Transportation,14714.45
E02815,H007,2026-08-31,Supplies,16063.03
E02816,H007,2026-08-07,Laundry,22431.88
E02817,H007,2026-08-10,Other Operating Expenses,4010.13
E02818,H007,2026-08-28,Maintenance,23456.21
E02819,H008,2024-01-11,Employee & Staff,106097.18
E02820,H008,2024-01-01,Utilities,58295.68
E02821,H008,2024-01-23,Maintenance,38594.06
E02822,H008,2024-01-04,Housekeeping,28500.92
E02823,H008,2024-01-10,Food & Beverage,49966.1
E02824,H008,2024-01-07,Marketing,18697.98
E02825,H008,2024-01-02,Technology,10135.53
E02826,H008,2024-01-21,Security,13580.57
E02827,H008,2024-01-13,Transportation,10704.75
E02828,H008,2024-01-16,Supplies,15012.89
E02829,H008,2024-01-15,Laundry,19180.38
E02830,H008,2024-01-05,Other Operating Expenses,3609.81
E02831,H008,2024-01-08,Transportation,19469.34
E02832,H008,2024-02-02,Employee & Staff,101491.24
E02833,H008,2024-02-18,Utilities,52032.78
E02834,H008,2024-02-05,Maintenance,33816.22
E02835,H008,2024-02-20,Housekeeping,27508.06
E02836,H008,2024-02-07,Food & Beverage,48478.71
E02837,H008,2024-02-18,Marketing,16327.63
E02838,H008,2024-02-10,Technology,10788.8
E02839,H008,2024-02-25,Security,15611.17
E02840,H008,2024-02-25,Transportation,11049.2
E02841,H008,2024-02-10,Supplies,13654.67
E02842,H008,2024-02-26,Laundry,19414.05
E02843,H008,2024-02-18,Other Operating Expenses,3556.5
E02844,H008,2024-02-14,Supplies,19910.36
E02845,H008,2024-03-23,Employee & Staff,119812.78
E02846,H008,2024-03-10,Utilities,67414.18
E02847,H008,2024-03-31,Maintenance,36017.07
E02848,H008,2024-03-18,Housekeeping,28907.51
E02849,H008,2024-03-16,Food & Beverage,45549.03
E02850,H008,2024-03-12,Marketing,19190.26
E02851,H008,2024-03-09,Technology,13048.33
E02852,H008,2024-03-09,Security,14213.61
E02853,H008,2024-03-18,Transportation,11198.57
E02854,H008,2024-03-15,Supplies,15194.16
E02855,H008,2024-03-02,Laundry,19321.09
E02856,H008,2024-03-14,Other Operating Expenses,3547.7
E02857,H008,2024-04-29,Employee & Staff,109861.98
E02858,H008,2024-04-15,Utilities,52088.6
E02859,H008,2024-04-17,Maintenance,42527.36
E02860,H008,2024-04-03,Housekeeping,30179.76
E02861,H008,2024-04-07,Food & Beverage,40490.57
E02862,H008,2024-04-27,Marketing,15475.66
E02863,H008,2024-04-04,Technology,11298.69
E02864,H008,2024-04-27,Security,12615.82
E02865,H008,2024-04-06,Transportation,10153.65
E02866,H008,2024-04-28,Supplies,15537.01
E02867,H008,2024-04-26,Laundry,15344.69
E02868,H008,2024-04-21,Other Operating Expenses,3523.42
E02869,H008,2024-04-11,Supplies,24212.29
E02870,H008,2024-05-14,Employee & Staff,103583.08
E02871,H008,2024-05-04,Utilities,47904.42
E02872,H008,2024-05-03,Maintenance,34495.87
E02873,H008,2024-05-30,Housekeeping,29732.72
E02874,H008,2024-05-28,Food & Beverage,35620.77
E02875,H008,2024-05-15,Marketing,14242.78
E02876,H008,2024-05-14,Technology,9902.44
E02877,H008,2024-05-04,Security,13997.91
E02878,H008,2024-05-15,Transportation,9865.32
E02879,H008,2024-05-09,Supplies,13459.23
E02880,H008,2024-05-21,Laundry,17509.99
E02881,H008,2024-05-27,Other Operating Expenses,3376.75
E02882,H008,2024-06-22,Employee & Staff,95943.44
E02883,H008,2024-06-02,Utilities,54976.65
E02884,H008,2024-06-20,Maintenance,41720.25
E02885,H008,2024-06-17,Housekeeping,33048.75
E02886,H008,2024-06-26,Food & Beverage,40729.57
E02887,H008,2024-06-14,Marketing,17863.13
E02888,H008,2024-06-22,Technology,11118.03
E02889,H008,2024-06-30,Security,16495.97
E02890,H008,2024-06-14,Transportation,12121.11
E02891,H008,2024-06-23,Supplies,16358.15
E02892,H008,2024-06-17,Laundry,19285.17
E02893,H008,2024-06-21,Other Operating Expenses,3939.39
E02894,H008,2024-07-02,Employee & Staff,104610.35
E02895,H008,2024-07-26,Utilities,52378.8
E02896,H008,2024-07-18,Maintenance,39931.55
E02897,H008,2024-07-07,Housekeeping,25850.15
E02898,H008,2024-07-25,Food & Beverage,38181.45
E02899,H008,2024-07-16,Marketing,15371.95
E02900,H008,2024-07-04,Technology,9566.7
E02901,H008,2024-07-30,Security,15120.4
E02902,H008,2024-07-19,Transportation,9524.0
E02903,H008,2024-07-05,Supplies,13863.48
E02904,H008,2024-07-22,Laundry,16577.21
E02905,H008,2024-07-07,Other Operating Expenses,3718.72
E02906,H008,2024-07-23,Transportation,16552.43
E02907,H008,2024-08-27,Employee & Staff,115484.31
E02908,H008,2024-08-10,Utilities,53976.11
E02909,H008,2024-08-14,Maintenance,40359.41
E02910,H008,2024-08-31,Housekeeping,28311.12
E02911,H008,2024-08-14,Food & Beverage,40381.48
E02912,H008,2024-08-30,Marketing,16161.33
E02913,H008,2024-08-26,Technology,9766.06
E02914,H008,2024-08-17,Security,16430.19
E02915,H008,2024-08-13,Transportation,10451.98
E02916,H008,2024-08-20,Supplies,14441.84
E02917,H008,2024-08-12,Laundry,17708.09
E02918,H008,2024-08-06,Other Operating Expenses,3395.63
E02919,H008,2024-09-28,Employee & Staff,115443.74
E02920,H008,2024-09-15,Utilities,51063.84
E02921,H008,2024-09-13,Maintenance,30765.75
E02922,H008,2024-09-06,Housekeeping,26526.14
E02923,H008,2024-09-25,Food & Beverage,40722.27
E02924,H008,2024-09-05,Marketing,18803.69
E02925,H008,2024-09-25,Technology,10426.68
E02926,H008,2024-09-11,Security,13690.06
E02927,H008,2024-09-29,Transportation,9581.58
E02928,H008,2024-09-16,Supplies,14708.23
E02929,H008,2024-09-21,Laundry,16827.94
E02930,H008,2024-09-27,Other Operating Expenses,3835.52
E02931,H008,2024-10-30,Employee & Staff,110890.57
E02932,H008,2024-10-22,Utilities,56153.79
E02933,H008,2024-10-21,Maintenance,38988.96
E02934,H008,2024-10-27,Housekeeping,25706.19
E02935,H008,2024-10-09,Food & Beverage,40976.99
E02936,H008,2024-10-19,Marketing,19409.9
E02937,H008,2024-10-27,Technology,10271.28
E02938,H008,2024-10-12,Security,15503.72
E02939,H008,2024-10-30,Transportation,10864.46
E02940,H008,2024-10-19,Supplies,14356.74
E02941,H008,2024-10-14,Laundry,17533.37
E02942,H008,2024-10-08,Other Operating Expenses,3935.0
E02943,H008,2024-10-06,Transportation,24614.53
E02944,H008,2024-11-10,Employee & Staff,123251.91
E02945,H008,2024-11-15,Utilities,59264.93
E02946,H008,2024-11-25,Maintenance,28621.83
E02947,H008,2024-11-20,Housekeeping,31679.46
E02948,H008,2024-11-27,Food & Beverage,41689.95
E02949,H008,2024-11-01,Marketing,19869.03
E02950,H008,2024-11-01,Technology,10606.01
E02951,H008,2024-11-27,Security,16201.55
E02952,H008,2024-11-27,Transportation,11733.23
E02953,H008,2024-11-26,Supplies,13236.42
E02954,H008,2024-11-24,Laundry,20480.19
E02955,H008,2024-11-15,Other Operating Expenses,4026.56
E02956,H008,2024-12-29,Employee & Staff,93662.84
E02957,H008,2024-12-22,Utilities,44298.04
E02958,H008,2024-12-19,Maintenance,37724.82
E02959,H008,2024-12-20,Housekeeping,22622.82
E02960,H008,2024-12-25,Food & Beverage,41916.78
E02961,H008,2024-12-18,Marketing,17959.49
E02962,H008,2024-12-05,Technology,8640.41
E02963,H008,2024-12-06,Security,12213.17
E02964,H008,2024-12-08,Transportation,9420.48
E02965,H008,2024-12-29,Supplies,11524.6
E02966,H008,2024-12-29,Laundry,17309.88
E02967,H008,2024-12-11,Other Operating Expenses,2852.87
E02968,H008,2024-12-22,Supplies,17578.14
E02969,H008,2025-01-11,Employee & Staff,103343.28
E02970,H008,2025-01-12,Utilities,52849.01
E02971,H008,2025-01-22,Maintenance,32955.49
E02972,H008,2025-01-10,Housekeeping,29109.47
E02973,H008,2025-01-13,Food & Beverage,44431.16
E02974,H008,2025-01-26,Marketing,23016.48
E02975,H008,2025-01-20,Technology,9782.59
E02976,H008,2025-01-30,Security,13010.78
E02977,H008,2025-01-16,Transportation,11923.28
E02978,H008,2025-01-22,Supplies,14143.95
E02979,H008,2025-01-10,Laundry,19999.85
E02980,H008,2025-01-05,Other Operating Expenses,3835.14
E02981,H008,2025-02-14,Employee & Staff,100136.95
E02982,H008,2025-02-13,Utilities,47409.25
E02983,H008,2025-02-25,Maintenance,83882.74
E02984,H008,2025-02-19,Housekeeping,22949.73
E02985,H008,2025-02-12,Food & Beverage,34556.91
E02986,H008,2025-02-05,Marketing,14100.44
E02987,H008,2025-02-14,Technology,10673.69
E02988,H008,2025-02-01,Security,12959.08
E02989,H008,2025-02-02,Transportation,10586.41
E02990,H008,2025-02-13,Supplies,11691.54
E02991,H008,2025-02-02,Laundry,16760.91
E02992,H008,2025-02-09,Other Operating Expenses,3091.95
E02993,H008,2025-02-10,Transportation,22505.01
E02994,H008,2025-03-07,Employee & Staff,111385.41
E02995,H008,2025-03-30,Utilities,51150.19
E02996,H008,2025-03-09,Maintenance,39017.23
E02997,H008,2025-03-25,Housekeeping,26769.41
E02998,H008,2025-03-31,Food & Beverage,41609.07
E02999,H008,2025-03-04,Marketing,17716.46
E03000,H008,2025-03-27,Technology,9916.01
E03001,H008,2025-03-17,Security,15173.42
E03002,H008,2025-03-14,Transportation,10117.42
E03003,H008,2025-03-31,Supplies,16130.68
E03004,H008,2025-03-27,Laundry,17313.29
E03005,H008,2025-03-16,Other Operating Expenses,4198.98
E03006,H008,2025-03-25,Supplies,35073.85
E03007,H008,2025-04-29,Employee & Staff,103889.2
E03008,H008,2025-04-04,Utilities,52389.99
E03009,H008,2025-04-06,Maintenance,26801.24
E03010,H008,2025-04-19,Housekeeping,23129.37
E03011,H008,2025-04-26,Food & Beverage,42245.6
E03012,H008,2025-04-13,Marketing,15792.96
E03013,H008,2025-04-11,Technology,11009.35
E03014,H008,2025-04-29,Security,13574.84
E03015,H008,2025-04-05,Transportation,10587.26
E03016,H008,2025-04-23,Supplies,11857.92
E03017,H008,2025-04-20,Laundry,16781.54
E03018,H008,2025-04-25,Other Operating Expenses,3090.92
E03019,H008,2025-04-11,Maintenance,20904.36
E03020,H008,2025-05-01,Employee & Staff,100555.95
E03021,H008,2025-05-26,Utilities,43128.54
E03022,H008,2025-05-06,Maintenance,27144.76
E03023,H008,2025-05-18,Housekeeping,24359.89
E03024,H008,2025-05-28,Food & Beverage,41845.18
E03025,H008,2025-05-31,Marketing,14924.31
E03026,H008,2025-05-10,Technology,9255.95
E03027,H008,2025-05-25,Security,13128.28
E03028,H008,2025-05-22,Transportation,9251.79
E03029,H008,2025-05-24,Supplies,11994.15
E03030,H008,2025-05-20,Laundry,14959.48
E03031,H008,2025-05-08,Other Operating Expenses,3247.83
E03032,H008,2025-05-15,Transportation,16013.03
E03033,H008,2025-06-08,Employee & Staff,97237.12
E03034,H008,2025-06-23,Utilities,45995.16
E03035,H008,2025-06-10,Maintenance,32024.34
E03036,H008,2025-06-13,Housekeeping,25625.56
E03037,H008,2025-06-04,Food & Beverage,39915.69
E03038,H008,2025-06-08,Marketing,15302.1
E03039,H008,2025-06-15,Technology,9742.26
E03040,H008,2025-06-11,Security,14433.54
E03041,H008,2025-06-18,Transportation,9570.48
E03042,H008,2025-06-15,Supplies,13125.01
E03043,H008,2025-06-20,Laundry,17887.32
E03044,H008,2025-06-12,Other Operating Expenses,3460.6
E03045,H008,2025-07-30,Employee & Staff,114162.09
E03046,H008,2025-07-03,Utilities,55515.33
E03047,H008,2025-07-05,Maintenance,32625.35
E03048,H008,2025-07-11,Housekeeping,30904.61
E03049,H008,2025-07-31,Food & Beverage,40481.07
E03050,H008,2025-07-06,Marketing,16922.31
E03051,H008,2025-07-29,Technology,10065.65
E03052,H008,2025-07-09,Security,14213.92
E03053,H008,2025-07-20,Transportation,9735.54
E03054,H008,2025-07-08,Supplies,14140.93
E03055,H008,2025-07-15,Laundry,19840.15
E03056,H008,2025-07-13,Other Operating Expenses,3797.68
E03057,H008,2025-07-21,Marketing,29950.77
E03058,H008,2025-08-31,Employee & Staff,97225.61
E03059,H008,2025-08-18,Utilities,42908.64
E03060,H008,2025-08-21,Maintenance,34782.71
E03061,H008,2025-08-14,Housekeeping,21472.07
E03062,H008,2025-08-04,Food & Beverage,37315.63
E03063,H008,2025-08-24,Marketing,15295.9
E03064,H008,2025-08-16,Technology,8806.77
E03065,H008,2025-08-12,Security,12543.4
E03066,H008,2025-08-10,Transportation,9697.56
E03067,H008,2025-08-04,Supplies,10972.98
E03068,H008,2025-08-23,Laundry,13895.79
E03069,H008,2025-08-06,Other Operating Expenses,3116.64
E03070,H008,2025-09-12,Employee & Staff,90850.72
E03071,H008,2025-09-13,Utilities,54800.41
E03072,H008,2025-09-06,Maintenance,34999.08
E03073,H008,2025-09-12,Housekeeping,24715.96
E03074,H008,2025-09-28,Food & Beverage,35236.75
E03075,H008,2025-09-25,Marketing,17845.34
E03076,H008,2025-09-26,Technology,10715.61
E03077,H008,2025-09-30,Security,12434.04
E03078,H008,2025-09-02,Transportation,8677.2
E03079,H008,2025-09-15,Supplies,13459.09
E03080,H008,2025-09-05,Laundry,14867.88
E03081,H008,2025-09-19,Other Operating Expenses,3283.96
E03082,H008,2025-09-11,Transportation,26817.63
E03083,H008,2025-10-22,Employee & Staff,116547.25
E03084,H008,2025-10-15,Utilities,52285.64
E03085,H008,2025-10-03,Maintenance,33018.13
E03086,H008,2025-10-20,Housekeeping,27013.52
E03087,H008,2025-10-23,Food & Beverage,43946.94
E03088,H008,2025-10-03,Marketing,18399.32
E03089,H008,2025-10-02,Technology,9670.06
E03090,H008,2025-10-19,Security,12866.22
E03091,H008,2025-10-08,Transportation,11975.82
E03092,H008,2025-10-12,Supplies,13578.57
E03093,H008,2025-10-18,Laundry,19273.8
E03094,H008,2025-10-05,Other Operating Expenses,3652.07
E03095,H008,2025-11-02,Employee & Staff,92830.9
E03096,H008,2025-11-07,Utilities,50514.92
E03097,H008,2025-11-14,Maintenance,29376.95
E03098,H008,2025-11-08,Housekeeping,27747.93
E03099,H008,2025-11-30,Food & Beverage,37740.03
E03100,H008,2025-11-04,Marketing,17702.15
E03101,H008,2025-11-06,Technology,11521.7
E03102,H008,2025-11-09,Security,12396.35
E03103,H008,2025-11-19,Transportation,11001.32
E03104,H008,2025-11-17,Supplies,14917.85
E03105,H008,2025-11-12,Laundry,16239.24
E03106,H008,2025-11-16,Other Operating Expenses,3800.68
E03107,H008,2025-12-25,Employee & Staff,119589.57
E03108,H008,2025-12-06,Utilities,53280.05
E03109,H008,2025-12-31,Maintenance,32781.18
E03110,H008,2025-12-02,Housekeeping,33375.85
E03111,H008,2025-12-07,Food & Beverage,48472.27
E03112,H008,2025-12-05,Marketing,21195.05
E03113,H008,2025-12-24,Technology,12579.76
E03114,H008,2025-12-28,Security,15169.63
E03115,H008,2025-12-07,Transportation,12855.39
E03116,H008,2025-12-04,Supplies,16628.68
E03117,H008,2025-12-23,Laundry,21532.27
E03118,H008,2025-12-14,Other Operating Expenses,4386.28
E03119,H008,2025-12-08,Transportation,28374.97
E03120,H008,2026-01-30,Employee & Staff,94015.9
E03121,H008,2026-01-19,Utilities,48756.64
E03122,H008,2026-01-21,Maintenance,43613.49
E03123,H008,2026-01-15,Housekeeping,28854.84
E03124,H008,2026-01-11,Food & Beverage,41874.18
E03125,H008,2026-01-28,Marketing,19949.33
E03126,H008,2026-01-27,Technology,9608.2
E03127,H008,2026-01-17,Security,15473.69
E03128,H008,2026-01-30,Transportation,11307.17
E03129,H008,2026-01-14,Supplies,12860.77
E03130,H008,2026-01-21,Laundry,17911.47
E03131,H008,2026-01-30,Other Operating Expenses,3532.28
E03132,H008,2026-01-29,Maintenance,35267.82
E03133,H008,2026-02-02,Employee & Staff,118342.01
E03134,H008,2026-02-15,Utilities,59318.57
E03135,H008,2026-02-04,Maintenance,29260.21
E03136,H008,2026-02-05,Housekeeping,25358.88
E03137,H008,2026-02-18,Food & Beverage,38699.83
E03138,H008,2026-02-16,Marketing,17375.86
E03139,H008,2026-02-21,Technology,9435.54
E03140,H008,2026-02-28,Security,14362.96
E03141,H008,2026-02-05,Transportation,10654.14
E03142,H008,2026-02-04,Supplies,13186.11
E03143,H008,2026-02-20,Laundry,19901.56
E03144,H008,2026-02-19,Other Operating Expenses,3286.75
E03145,H008,2026-02-16,Transportation,24517.45
E03146,H008,2026-03-12,Employee & Staff,101317.34
E03147,H008,2026-03-17,Utilities,55344.45
E03148,H008,2026-03-08,Maintenance,52764.19
E03149,H008,2026-03-25,Housekeeping,31108.65
E03150,H008,2026-03-31,Food & Beverage,39436.65
E03151,H008,2026-03-15,Marketing,17411.55
E03152,H008,2026-03-05,Technology,11353.09
E03153,H008,2026-03-08,Security,13830.79
E03154,H008,2026-03-29,Transportation,9475.02
E03155,H008,2026-03-05,Supplies,12940.44
E03156,H008,2026-03-29,Laundry,17526.15
E03157,H008,2026-03-03,Other Operating Expenses,3123.9
E03158,H008,2026-04-15,Employee & Staff,107560.34
E03159,H008,2026-04-04,Utilities,54722.57
E03160,H008,2026-04-11,Maintenance,35301.3
E03161,H008,2026-04-28,Housekeeping,27894.14
E03162,H008,2026-04-25,Food & Beverage,46531.61
E03163,H008,2026-04-07,Marketing,16326.44
E03164,H008,2026-04-28,Technology,10685.0
E03165,H008,2026-04-25,Security,15278.01
E03166,H008,2026-04-20,Transportation,12757.46
E03167,H008,2026-04-19,Supplies,16217.6
E03168,H008,2026-04-02,Laundry,17889.09
E03169,H008,2026-04-25,Other Operating Expenses,4230.51
E03170,H008,2026-04-22,Maintenance,39998.32
E03171,H008,2026-05-18,Employee & Staff,127415.66
E03172,H008,2026-05-04,Utilities,57491.96
E03173,H008,2026-05-18,Maintenance,70176.44
E03174,H008,2026-05-27,Housekeeping,29909.8
E03175,H008,2026-05-23,Food & Beverage,53482.5
E03176,H008,2026-05-01,Marketing,17777.69
E03177,H008,2026-05-05,Technology,12168.0
E03178,H008,2026-05-24,Security,14094.41
E03179,H008,2026-05-15,Transportation,10884.6
E03180,H008,2026-05-13,Supplies,14440.52
E03181,H008,2026-05-14,Laundry,21639.06
E03182,H008,2026-05-29,Other Operating Expenses,4390.15
E03183,H008,2026-05-20,Marketing,23694.23
E03184,H008,2026-06-20,Employee & Staff,125007.0
E03185,H008,2026-06-30,Utilities,66231.05
E03186,H008,2026-06-05,Maintenance,41203.73
E03187,H008,2026-06-17,Housekeeping,30699.37
E03188,H008,2026-06-06,Food & Beverage,44253.29
E03189,H008,2026-06-19,Marketing,16285.23
E03190,H008,2026-06-18,Technology,10917.73
E03191,H008,2026-06-15,Security,17750.86
E03192,H008,2026-06-29,Transportation,11480.48
E03193,H008,2026-06-05,Supplies,17080.27
E03194,H008,2026-06-23,Laundry,19634.62
E03195,H008,2026-06-17,Other Operating Expenses,4179.58
E03196,H008,2026-07-18,Employee & Staff,115356.89
E03197,H008,2026-07-31,Utilities,57042.94
E03198,H008,2026-07-14,Maintenance,44150.7
E03199,H008,2026-07-17,Housekeeping,27011.05
E03200,H008,2026-07-21,Food & Beverage,48372.59
E03201,H008,2026-07-30,Marketing,14582.09
E03202,H008,2026-07-27,Technology,12036.96
E03203,H008,2026-07-31,Security,15783.07
E03204,H008,2026-07-13,Transportation,11714.36
E03205,H008,2026-07-13,Supplies,15538.56
E03206,H008,2026-07-31,Laundry,18097.68
E03207,H008,2026-07-18,Other Operating Expenses,3400.42
E03208,H008,2026-08-25,Employee & Staff,119738.46
E03209,H008,2026-08-27,Utilities,52486.42
E03210,H008,2026-08-19,Maintenance,73115.61
E03211,H008,2026-08-13,Housekeeping,27758.09
E03212,H008,2026-08-07,Food & Beverage,48120.14
E03213,H008,2026-08-26,Marketing,15488.97
E03214,H008,2026-08-10,Technology,12629.46
E03215,H008,2026-08-24,Security,13236.43
E03216,H008,2026-08-23,Transportation,12276.72
E03217,H008,2026-08-17,Supplies,15241.66
E03218,H008,2026-08-12,Laundry,17317.46
E03219,H008,2026-08-19,Other Operating Expenses,4214.07
E03220,H008,2026-08-15,Transportation,18454.41
E03221,H009,2024-01-20,Employee & Staff,49760.85
E03222,H009,2024-01-30,Utilities,23052.45
E03223,H009,2024-01-31,Maintenance,15750.96
E03224,H009,2024-01-21,Housekeeping,15441.88
E03225,H009,2024-01-19,Food & Beverage,22373.31
E03226,H009,2024-01-14,Marketing,9267.41
E03227,H009,2024-01-31,Technology,5025.51
E03228,H009,2024-01-03,Security,7703.72
E03229,H009,2024-01-17,Transportation,4641.76
E03230,H009,2024-01-20,Supplies,6538.48
E03231,H009,2024-01-11,Laundry,8485.2
E03232,H009,2024-01-27,Other Operating Expenses,1771.44
E03233,H009,2024-01-07,Supplies,13382.44
E03234,H009,2024-02-20,Employee & Staff,62599.16
E03235,H009,2024-02-06,Utilities,25394.6
E03236,H009,2024-02-20,Maintenance,16091.46
E03237,H009,2024-02-03,Housekeeping,13297.09
E03238,H009,2024-02-01,Food & Beverage,22547.16
E03239,H009,2024-02-16,Marketing,8499.68
E03240,H009,2024-02-08,Technology,5343.26
E03241,H009,2024-02-29,Security,8267.51
E03242,H009,2024-02-02,Transportation,6371.48
E03243,H009,2024-02-07,Supplies,7238.47
E03244,H009,2024-02-14,Laundry,10278.53
E03245,H009,2024-02-03,Other Operating Expenses,1979.34
E03246,H009,2024-03-19,Employee & Staff,46182.89
E03247,H009,2024-03-06,Utilities,24328.26
E03248,H009,2024-03-14,Maintenance,13130.36
E03249,H009,2024-03-29,Housekeeping,11351.32
E03250,H009,2024-03-31,Food & Beverage,20866.04
E03251,H009,2024-03-08,Marketing,7637.89
E03252,H009,2024-03-15,Technology,4976.06
E03253,H009,2024-03-31,Security,6366.74
E03254,H009,2024-03-29,Transportation,4987.34
E03255,H009,2024-03-16,Supplies,6383.58
E03256,H009,2024-03-08,Laundry,8236.24
E03257,H009,2024-03-27,Other Operating Expenses,1546.51
E03258,H009,2024-03-02,Marketing,36185.07
E03259,H009,2024-04-19,Employee & Staff,48327.37
E03260,H009,2024-04-19,Utilities,28418.46
E03261,H009,2024-04-27,Maintenance,19334.59
E03262,H009,2024-04-08,Housekeeping,14216.46
E03263,H009,2024-04-16,Food & Beverage,19073.62
E03264,H009,2024-04-10,Marketing,8311.21
E03265,H009,2024-04-17,Technology,4802.21
E03266,H009,2024-04-10,Security,6850.71
E03267,H009,2024-04-19,Transportation,5382.81
E03268,H009,2024-04-07,Supplies,6793.72
E03269,H009,2024-04-04,Laundry,8517.04
E03270,H009,2024-04-13,Other Operating Expenses,1865.28
E03271,H009,2024-05-17,Employee & Staff,53692.0
E03272,H009,2024-05-24,Utilities,29807.79
E03273,H009,2024-05-19,Maintenance,15562.83
E03274,H009,2024-05-20,Housekeeping,15108.53
E03275,H009,2024-05-21,Food & Beverage,21574.62
E03276,H009,2024-05-13,Marketing,7881.84
E03277,H009,2024-05-22,Technology,5110.19
E03278,H009,2024-05-29,Security,7210.74
E03279,H009,2024-05-02,Transportation,5991.18
E03280,H009,2024-05-19,Supplies,6765.57
E03281,H009,2024-05-16,Laundry,7861.26
E03282,H009,2024-05-26,Other Operating Expenses,1624.84
E03283,H009,2024-06-09,Employee & Staff,64529.32
E03284,H009,2024-06-11,Utilities,30150.46
E03285,H009,2024-06-24,Maintenance,18408.1
E03286,H009,2024-06-09,Housekeeping,15558.42
E03287,H009,2024-06-04,Food & Beverage,26506.64
E03288,H009,2024-06-12,Marketing,9264.78
E03289,H009,2024-06-02,Technology,6209.2
E03290,H009,2024-06-07,Security,8211.77
E03291,H009,2024-06-01,Transportation,5160.83
E03292,H009,2024-06-21,Supplies,8545.76
E03293,H009,2024-06-06,Laundry,11040.54
E03294,H009,2024-06-03,Other Operating Expenses,2032.66
E03295,H009,2024-06-12,Supplies,14566.1
E03296,H009,2024-07-28,Employee & Staff,52720.57
E03297,H009,2024-07-11,Utilities,21120.39
E03298,H009,2024-07-12,Maintenance,21122.76
E03299,H009,2024-07-21,Housekeeping,12364.03
E03300,H009,2024-07-11,Food & Beverage,20004.26
E03301,H009,2024-07-17,Marketing,7626.98
E03302,H009,2024-07-15,Technology,4626.51
E03303,H009,2024-07-09,Security,6377.0
E03304,H009,2024-07-24,Transportation,4605.56
E03305,H009,2024-07-31,Supplies,6517.01
E03306,H009,2024-07-14,Laundry,8409.24
E03307,H009,2024-07-18,Other Operating Expenses,1614.48
E03308,H009,2024-07-29,Maintenance,22022.1
E03309,H009,2024-08-02,Employee & Staff,54896.48
E03310,H009,2024-08-17,Utilities,26691.37
E03311,H009,2024-08-30,Maintenance,17928.51
E03312,H009,2024-08-05,Housekeeping,12475.53
E03313,H009,2024-08-09,Food & Beverage,19374.97
E03314,H009,2024-08-06,Marketing,7715.47
E03315,H009,2024-08-12,Technology,4976.0
E03316,H009,2024-08-23,Security,7170.05
E03317,H009,2024-08-23,Transportation,5156.37
E03318,H009,2024-08-13,Supplies,6079.97
E03319,H009,2024-08-29,Laundry,9204.03
E03320,H009,2024-08-24,Other Operating Expenses,1827.7
E03321,H009,2024-09-27,Employee & Staff,62006.21
E03322,H009,2024-09-01,Utilities,27142.69
E03323,H009,2024-09-23,Maintenance,19510.31
E03324,H009,2024-09-20,Housekeeping,13247.79
E03325,H009,2024-09-24,Food & Beverage,21128.8
E03326,H009,2024-09-23,Marketing,11809.58
E03327,H009,2024-09-16,Technology,5794.25
E03328,H009,2024-09-09,Security,7068.71
E03329,H009,2024-09-05,Transportation,5337.53
E03330,H009,2024-09-22,Supplies,6674.66
E03331,H009,2024-09-17,Laundry,10356.87
E03332,H009,2024-09-26,Other Operating Expenses,1951.87
E03333,H009,2024-09-27,Marketing,20235.17
E03334,H009,2024-10-24,Employee & Staff,57802.83
E03335,H009,2024-10-05,Utilities,30453.29
E03336,H009,2024-10-16,Maintenance,20487.7
E03337,H009,2024-10-22,Housekeeping,13544.29
E03338,H009,2024-10-23,Food & Beverage,22192.29
E03339,H009,2024-10-29,Marketing,9534.6
E03340,H009,2024-10-04,Technology,5462.61
E03341,H009,2024-10-10,Security,7841.36
E03342,H009,2024-10-04,Transportation,6002.43
E03343,H009,2024-10-12,Supplies,7926.76
E03344,H009,2024-10-03,Laundry,8844.16
E03345,H009,2024-10-10,Other Operating Expenses,1908.39
E03346,H009,2024-11-26,Employee & Staff,63428.61
E03347,H009,2024-11-24,Utilities,25748.69
E03348,H009,2024-11-20,Maintenance,22586.06
E03349,H009,2024-11-26,Housekeeping,13428.16
E03350,H009,2024-11-07,Food & Beverage,20172.55
E03351,H009,2024-11-07,Marketing,10509.28
E03352,H009,2024-11-03,Technology,5770.41
E03353,H009,2024-11-13,Security,7852.04
E03354,H009,2024-11-21,Transportation,5374.39
E03355,H009,2024-11-03,Supplies,7189.4
E03356,H009,2024-11-13,Laundry,10444.96
E03357,H009,2024-11-05,Other Operating Expenses,1900.32
E03358,H009,2024-11-11,Transportation,18865.24
E03359,H009,2024-12-09,Employee & Staff,47222.52
E03360,H009,2024-12-01,Utilities,29068.3
E03361,H009,2024-12-22,Maintenance,20737.7
E03362,H009,2024-12-03,Housekeeping,13667.04
E03363,H009,2024-12-26,Food & Beverage,22358.43
E03364,H009,2024-12-19,Marketing,10475.85
E03365,H009,2024-12-01,Technology,5274.52
E03366,H009,2024-12-16,Security,7106.23
E03367,H009,2024-12-29,Transportation,5804.45
E03368,H009,2024-12-22,Supplies,6557.55
E03369,H009,2024-12-20,Laundry,9359.53
E03370,H009,2024-12-26,Other Operating Expenses,1611.05
E03371,H009,2024-12-20,Marketing,22466.57
E03372,H009,2025-01-14,Employee & Staff,55608.0
E03373,H009,2025-01-21,Utilities,23862.0
E03374,H009,2025-01-08,Maintenance,22083.88
E03375,H009,2025-01-18,Housekeeping,14486.61
E03376,H009,2025-01-20,Food & Beverage,19151.67
E03377,H009,2025-01-04,Marketing,9410.81
E03378,H009,2025-01-31,Technology,4591.11
E03379,H009,2025-01-15,Security,6633.41
E03380,H009,2025-01-27,Transportation,5035.99
E03381,H009,2025-01-24,Supplies,7287.77
E03382,H009,2025-01-19,Laundry,9239.02
E03383,H009,2025-01-23,Other Operating Expenses,1533.94
E03384,H009,2025-01-28,Maintenance,30044.05
E03385,H009,2025-02-14,Employee & Staff,54329.43
E03386,H009,2025-02-10,Utilities,27928.63
E03387,H009,2025-02-26,Maintenance,20014.07
E03388,H009,2025-02-21,Housekeeping,16685.9
E03389,H009,2025-02-28,Food & Beverage,21987.46
E03390,H009,2025-02-12,Marketing,7650.43
E03391,H009,2025-02-23,Technology,5779.84
E03392,H009,2025-02-23,Security,7110.56
E03393,H009,2025-02-15,Transportation,5279.64
E03394,H009,2025-02-18,Supplies,7100.56
E03395,H009,2025-02-06,Laundry,8293.28
E03396,H009,2025-02-09,Other Operating Expenses,1741.42
E03397,H009,2025-02-17,Supplies,19362.45
E03398,H009,2025-03-05,Employee & Staff,54507.82
E03399,H009,2025-03-26,Utilities,27139.0
E03400,H009,2025-03-30,Maintenance,21997.92
E03401,H009,2025-03-11,Housekeeping,14866.24
E03402,H009,2025-03-02,Food & Beverage,22488.9
E03403,H009,2025-03-14,Marketing,8882.96
E03404,H009,2025-03-06,Technology,5422.58
E03405,H009,2025-03-29,Security,7052.51
E03406,H009,2025-03-02,Transportation,5902.81
E03407,H009,2025-03-09,Supplies,7107.43
E03408,H009,2025-03-06,Laundry,8783.16
E03409,H009,2025-03-21,Other Operating Expenses,1687.29
E03410,H009,2025-04-30,Employee & Staff,51179.49
E03411,H009,2025-04-12,Utilities,25540.66
E03412,H009,2025-04-16,Maintenance,14796.8
E03413,H009,2025-04-06,Housekeeping,14692.67
E03414,H009,2025-04-21,Food & Beverage,19343.38
E03415,H009,2025-04-23,Marketing,10753.4
E03416,H009,2025-04-09,Technology,4867.86
E03417,H009,2025-04-30,Security,7069.15
E03418,H009,2025-04-15,Transportation,5523.77
E03419,H009,2025-04-12,Supplies,6279.74
E03420,H009,2025-04-26,Laundry,8230.32
E03421,H009,2025-04-05,Other Operating Expenses,1654.65
E03422,H009,2025-05-28,Employee & Staff,54112.2
E03423,H009,2025-05-08,Utilities,29965.59
E03424,H009,2025-05-17,Maintenance,20384.51
E03425,H009,2025-05-02,Housekeeping,15237.39
E03426,H009,2025-05-16,Food & Beverage,19684.0
E03427,H009,2025-05-14,Marketing,8395.39
E03428,H009,2025-05-23,Technology,5853.3
E03429,H009,2025-05-12,Security,6756.0
E03430,H009,2025-05-13,Transportation,5930.48
E03431,H009,2025-05-23,Supplies,7339.54
E03432,H009,2025-05-19,Laundry,8897.85
E03433,H009,2025-05-10,Other Operating Expenses,1879.52
E03434,H009,2025-05-21,Marketing,24514.93
E03435,H009,2025-06-25,Employee & Staff,47666.05
E03436,H009,2025-06-12,Utilities,23998.01
E03437,H009,2025-06-18,Maintenance,14983.18
E03438,H009,2025-06-16,Housekeeping,11566.31
E03439,H009,2025-06-05,Food & Beverage,20143.8
E03440,H009,2025-06-07,Marketing,6879.98
E03441,H009,2025-06-16,Technology,4446.8
E03442,H009,2025-06-01,Security,5556.22
E03443,H009,2025-06-03,Transportation,4850.21
E03444,H009,2025-06-29,Supplies,6788.56
E03445,H009,2025-06-30,Laundry,7678.59
E03446,H009,2025-06-28,Other Operating Expenses,1434.62
E03447,H009,2025-06-13,Marketing,24220.95
E03448,H009,2025-07-24,Employee & Staff,48613.14
E03449,H009,2025-07-21,Utilities,24708.96
E03450,H009,2025-07-26,Maintenance,19549.52
E03451,H009,2025-07-01,Housekeeping,14789.74
E03452,H009,2025-07-15,Food & Beverage,22096.52
E03453,H009,2025-07-14,Marketing,8621.16
E03454,H009,2025-07-15,Technology,4926.0
E03455,H009,2025-07-15,Security,6769.25
E03456,H009,2025-07-09,Transportation,5984.92
E03457,H009,2025-07-21,Supplies,7384.69
E03458,H009,2025-07-19,Laundry,9822.63
E03459,H009,2025-07-30,Other Operating Expenses,1805.94
E03460,H009,2025-07-29,Supplies,19223.83
E03461,H009,2025-08-25,Employee & Staff,60554.33
E03462,H009,2025-08-03,Utilities,31167.08
E03463,H009,2025-08-24,Maintenance,18561.41
E03464,H009,2025-08-02,Housekeeping,16221.72
E03465,H009,2025-08-31,Food & Beverage,23514.77
E03466,H009,2025-08-18,Marketing,7789.14
E03467,H009,2025-08-21,Technology,6239.1
E03468,H009,2025-08-03,Security,7306.32
E03469,H009,2025-08-22,Transportation,6351.99
E03470,H009,2025-08-25,Supplies,8645.97
E03471,H009,2025-08-23,Laundry,8746.83
E03472,H009,2025-08-06,Other Operating Expenses,2071.59
E03473,H009,2025-08-15,Marketing,21697.79
E03474,H009,2025-09-04,Employee & Staff,44820.07
E03475,H009,2025-09-29,Utilities,25150.96
E03476,H009,2025-09-23,Maintenance,18620.03
E03477,H009,2025-09-12,Housekeeping,12673.81
E03478,H009,2025-09-09,Food & Beverage,19241.88
E03479,H009,2025-09-01,Marketing,8943.69
E03480,H009,2025-09-04,Technology,4677.58
E03481,H009,2025-09-07,Security,6512.31
E03482,H009,2025-09-29,Transportation,5628.08
E03483,H009,2025-09-01,Supplies,6419.84
E03484,H009,2025-09-06,Laundry,9207.9
E03485,H009,2025-09-25,Other Operating Expenses,1539.41
E03486,H009,2025-09-05,Marketing,32580.84
E03487,H009,2025-10-14,Employee & Staff,56375.76
E03488,H009,2025-10-13,Utilities,26882.02
E03489,H009,2025-10-27,Maintenance,19168.01
E03490,H009,2025-10-29,Housekeeping,13701.12
E03491,H009,2025-10-07,Food & Beverage,18038.52
E03492,H009,2025-10-16,Marketing,9647.18
E03493,H009,2025-10-12,Technology,4697.95
E03494,H009,2025-10-28,Security,7046.9
E03495,H009,2025-10-29,Transportation,4581.49
E03496,H009,2025-10-10,Supplies,6798.71
E03497,H009,2025-10-05,Laundry,8106.47
E03498,H009,2025-10-04,Other Operating Expenses,1710.68
E03499,H009,2025-10-26,Maintenance,27637.58
E03500,H009,2025-11-16,Employee & Staff,50921.14
E03501,H009,2025-11-28,Utilities,23977.69
E03502,H009,2025-11-07,Maintenance,14533.38
E03503,H009,2025-11-19,Housekeeping,15547.32
E03504,H009,2025-11-18,Food & Beverage,20756.78
E03505,H009,2025-11-26,Marketing,10565.83
E03506,H009,2025-11-25,Technology,4697.75
E03507,H009,2025-11-08,Security,6332.06
E03508,H009,2025-11-08,Transportation,5921.7
E03509,H009,2025-11-18,Supplies,7263.21
E03510,H009,2025-11-27,Laundry,9635.02
E03511,H009,2025-11-26,Other Operating Expenses,1840.59
E03512,H009,2025-11-30,Maintenance,16806.51
E03513,H009,2025-12-23,Employee & Staff,56688.61
E03514,H009,2025-12-29,Utilities,31294.8
E03515,H009,2025-12-24,Maintenance,18245.72
E03516,H009,2025-12-26,Housekeeping,16440.1
E03517,H009,2025-12-01,Food & Beverage,24383.35
E03518,H009,2025-12-10,Marketing,11645.18
E03519,H009,2025-12-28,Technology,6272.47
E03520,H009,2025-12-03,Security,7256.16
E03521,H009,2025-12-01,Transportation,5765.93
E03522,H009,2025-12-30,Supplies,7908.57
E03523,H009,2025-12-19,Laundry,9680.55
E03524,H009,2025-12-27,Other Operating Expenses,2223.82
E03525,H009,2026-01-16,Employee & Staff,49862.02
E03526,H009,2026-01-28,Utilities,26467.03
E03527,H009,2026-01-02,Maintenance,19752.68
E03528,H009,2026-01-08,Housekeeping,12072.36
E03529,H009,2026-01-16,Food & Beverage,18676.59
E03530,H009,2026-01-23,Marketing,9259.65
E03531,H009,2026-01-12,Technology,4731.23
E03532,H009,2026-01-22,Security,7147.23
E03533,H009,2026-01-11,Transportation,5034.39
E03534,H009,2026-01-04,Supplies,6128.08
E03535,H009,2026-01-27,Laundry,7547.33
E03536,H009,2026-01-29,Other Operating Expenses,1722.36
E03537,H009,2026-01-25,Marketing,18307.03
E03538,H009,2026-02-03,Employee & Staff,56019.45
E03539,H009,2026-02-22,Utilities,26814.35
E03540,H009,2026-02-02,Maintenance,19288.42
E03541,H009,2026-02-08,Housekeeping,12727.89
E03542,H009,2026-02-19,Food & Beverage,20809.08
E03543,H009,2026-02-27,Marketing,8075.19
E03544,H009,2026-02-19,Technology,4869.53
E03545,H009,2026-02-10,Security,7176.61
E03546,H009,2026-02-21,Transportation,5660.17
E03547,H009,2026-02-14,Supplies,7471.97
E03548,H009,2026-02-15,Laundry,8124.98
E03549,H009,2026-02-15,Other Operating Expenses,1798.02
E03550,H009,2026-02-11,Supplies,22921.04
E03551,H009,2026-03-18,Employee & Staff,56624.67
E03552,H009,2026-03-07,Utilities,28895.15
E03553,H009,2026-03-27,Maintenance,18441.99
E03554,H009,2026-03-28,Housekeeping,18093.97
E03555,H009,2026-03-03,Food & Beverage,24790.99
E03556,H009,2026-03-27,Marketing,9884.59
E03557,H009,2026-03-04,Technology,6479.08
E03558,H009,2026-03-09,Security,7617.91
E03559,H009,2026-03-12,Transportation,5886.78
E03560,H009,2026-03-20,Supplies,7572.19
E03561,H009,2026-03-02,Laundry,9919.7
E03562,H009,2026-03-05,Other Operating Expenses,2021.68
E03563,H009,2026-03-30,Transportation,21835.51
E03564,H009,2026-04-27,Employee & Staff,50230.82
E03565,H009,2026-04-07,Utilities,22945.14
E03566,H009,2026-04-16,Maintenance,13758.99
E03567,H009,2026-04-09,Housekeeping,13860.25
E03568,H009,2026-04-09,Food & Beverage,21983.28
E03569,H009,2026-04-21,Marketing,7597.12
E03570,H009,2026-04-19,Technology,4771.01
E03571,H009,2026-04-12,Security,6243.6
E03572,H009,2026-04-21,Transportation,4862.87
E03573,H009,2026-04-18,Supplies,6226.78
E03574,H009,2026-04-21,Laundry,8978.41
E03575,H009,2026-04-24,Other Operating Expenses,1541.97
E03576,H009,2026-04-19,Maintenance,15523.1
E03577,H009,2026-05-14,Employee & Staff,55443.58
E03578,H009,2026-05-18,Utilities,26919.12
E03579,H009,2026-05-16,Maintenance,31212.18
E03580,H009,2026-05-18,Housekeeping,13594.17
E03581,H009,2026-05-20,Food & Beverage,17969.13
E03582,H009,2026-05-29,Marketing,6469.65
E03583,H009,2026-05-29,Technology,4591.34
E03584,H009,2026-05-07,Security,6177.22
E03585,H009,2026-05-03,Transportation,4849.28
E03586,H009,2026-05-06,Supplies,6965.47
E03587,H009,2026-05-30,Laundry,9291.52
E03588,H009,2026-05-22,Other Operating Expenses,1646.18
E03589,H009,2026-05-23,Transportation,15373.59
E03590,H009,2026-06-17,Employee & Staff,45660.25
E03591,H009,2026-06-04,Utilities,26412.21
E03592,H009,2026-06-16,Maintenance,13244.75
E03593,H009,2026-06-12,Housekeeping,13424.21
E03594,H009,2026-06-28,Food & Beverage,19898.66
E03595,H009,2026-06-14,Marketing,7142.16
E03596,H009,2026-06-08,Technology,5158.78
E03597,H009,2026-06-28,Security,7346.22
E03598,H009,2026-06-07,Transportation,5340.14
E03599,H009,2026-06-24,Supplies,7276.59
E03600,H009,2026-06-17,Laundry,8852.96
E03601,H009,2026-06-24,Other Operating Expenses,1563.17
E03602,H009,2026-07-27,Employee & Staff,54130.91
E03603,H009,2026-07-10,Utilities,29105.79
E03604,H009,2026-07-24,Maintenance,19965.93
E03605,H009,2026-07-21,Housekeeping,16523.14
E03606,H009,2026-07-01,Food & Beverage,24826.33
E03607,H009,2026-07-08,Marketing,7660.34
E03608,H009,2026-07-29,Technology,5509.9
E03609,H009,2026-07-18,Security,6641.83
E03610,H009,2026-07-14,Transportation,6109.81
E03611,H009,2026-07-25,Supplies,7382.02
E03612,H009,2026-07-15,Laundry,8514.6
E03613,H009,2026-07-07,Other Operating Expenses,1970.78
E03614,H009,2026-08-05,Employee & Staff,51266.68
E03615,H009,2026-08-16,Utilities,28661.26
E03616,H009,2026-08-20,Maintenance,20508.94
E03617,H009,2026-08-02,Housekeeping,12392.96
E03618,H009,2026-08-02,Food & Beverage,22900.15
E03619,H009,2026-08-06,Marketing,8420.26
E03620,H009,2026-08-12,Technology,5063.31
E03621,H009,2026-08-29,Security,6118.13
E03622,H009,2026-08-11,Transportation,5483.97
E03623,H009,2026-08-06,Supplies,6542.65
E03624,H009,2026-08-17,Laundry,8797.31
E03625,H009,2026-08-06,Other Operating Expenses,1739.95
E03626,H010,2024-01-25,Employee & Staff,58145.2
E03627,H010,2024-01-11,Utilities,29714.48
E03628,H010,2024-01-19,Maintenance,13814.61
E03629,H010,2024-01-04,Housekeeping,13421.05
E03630,H010,2024-01-29,Food & Beverage,24462.6
E03631,H010,2024-01-25,Marketing,10513.48
E03632,H010,2024-01-18,Technology,5564.01
E03633,H010,2024-01-24,Security,7884.2
E03634,H010,2024-01-26,Transportation,5442.86
E03635,H010,2024-01-01,Supplies,7213.68
E03636,H010,2024-01-13,Laundry,8237.8
E03637,H010,2024-01-22,Other Operating Expenses,1932.62
E03638,H010,2024-01-09,Transportation,20377.74
E03639,H010,2024-02-12,Employee & Staff,44893.16
E03640,H010,2024-02-20,Utilities,26545.95
E03641,H010,2024-02-21,Maintenance,19538.04
E03642,H010,2024-02-01,Housekeeping,14822.3
E03643,H010,2024-02-19,Food & Beverage,22563.44
E03644,H010,2024-02-14,Marketing,8427.48
E03645,H010,2024-02-28,Technology,5562.84
E03646,H010,2024-02-05,Security,7333.81
E03647,H010,2024-02-10,Transportation,5337.74
E03648,H010,2024-02-22,Supplies,7297.49
E03649,H010,2024-02-24,Laundry,7646.7
E03650,H010,2024-02-25,Other Operating Expenses,1572.38
E03651,H010,2024-03-17,Employee & Staff,48223.64
E03652,H010,2024-03-25,Utilities,28078.39
E03653,H010,2024-03-12,Maintenance,17056.25
E03654,H010,2024-03-28,Housekeeping,13770.93
E03655,H010,2024-03-14,Food & Beverage,23714.16
E03656,H010,2024-03-24,Marketing,7428.04
E03657,H010,2024-03-24,Technology,5705.92
E03658,H010,2024-03-27,Security,7675.62
E03659,H010,2024-03-11,Transportation,5097.36
E03660,H010,2024-03-05,Supplies,7679.06
E03661,H010,2024-03-21,Laundry,8189.71
E03662,H010,2024-03-27,Other Operating Expenses,1866.97
E03663,H010,2024-04-03,Employee & Staff,58174.47
E03664,H010,2024-04-01,Utilities,29218.33
E03665,H010,2024-04-28,Maintenance,19597.67
E03666,H010,2024-04-18,Housekeeping,15510.03
E03667,H010,2024-04-03,Food & Beverage,20178.67
E03668,H010,2024-04-21,Marketing,7193.97
E03669,H010,2024-04-26,Technology,5824.0
E03670,H010,2024-04-25,Security,7949.16
E03671,H010,2024-04-27,Transportation,5448.23
E03672,H010,2024-04-17,Supplies,8010.83
E03673,H010,2024-04-28,Laundry,8217.66
E03674,H010,2024-04-06,Other Operating Expenses,1866.68
E03675,H010,2024-05-21,Employee & Staff,54424.4
E03676,H010,2024-05-03,Utilities,22905.51
E03677,H010,2024-05-15,Maintenance,14360.72
E03678,H010,2024-05-12,Housekeeping,13666.54
E03679,H010,2024-05-04,Food & Beverage,19831.75
E03680,H010,2024-05-29,Marketing,6511.43
E03681,H010,2024-05-02,Technology,4985.37
E03682,H010,2024-05-02,Security,6797.99
E03683,H010,2024-05-09,Transportation,4895.52
E03684,H010,2024-05-25,Supplies,7316.33
E03685,H010,2024-05-23,Laundry,8868.27
E03686,H010,2024-05-24,Other Operating Expenses,1530.88
E03687,H010,2024-06-23,Employee & Staff,54920.77
E03688,H010,2024-06-27,Utilities,28838.81
E03689,H010,2024-06-02,Maintenance,20482.34
E03690,H010,2024-06-11,Housekeeping,15248.91
E03691,H010,2024-06-21,Food & Beverage,24929.02
E03692,H010,2024-06-26,Marketing,9283.91
E03693,H010,2024-06-08,Technology,5445.39
E03694,H010,2024-06-13,Security,6693.33
E03695,H010,2024-06-21,Transportation,5984.82
E03696,H010,2024-06-02,Supplies,7448.81
E03697,H010,2024-06-28,Laundry,9909.73
E03698,H010,2024-06-25,Other Operating Expenses,1887.89
E03699,H010,2024-06-29,Supplies,20766.61
E03700,H010,2024-07-26,Employee & Staff,51747.99
E03701,H010,2024-07-20,Utilities,26406.11
E03702,H010,2024-07-25,Maintenance,14543.66
E03703,H010,2024-07-25,Housekeeping,13393.99
E03704,H010,2024-07-29,Food & Beverage,19001.93
E03705,H010,2024-07-05,Marketing,8467.15
E03706,H010,2024-07-05,Technology,5505.1
E03707,H010,2024-07-29,Security,7080.67
E03708,H010,2024-07-14,Transportation,5625.89
E03709,H010,2024-07-03,Supplies,7044.16
E03710,H010,2024-07-26,Laundry,7761.87
E03711,H010,2024-07-08,Other Operating Expenses,1978.92
E03712,H010,2024-08-11,Employee & Staff,48006.92
E03713,H010,2024-08-22,Utilities,25687.16
E03714,H010,2024-08-06,Maintenance,15252.14
E03715,H010,2024-08-19,Housekeeping,12219.27
E03716,H010,2024-08-11,Food & Beverage,21500.7
E03717,H010,2024-08-05,Marketing,7198.69
E03718,H010,2024-08-22,Technology,4921.79
E03719,H010,2024-08-04,Security,6603.29
E03720,H010,2024-08-31,Transportation,5114.9
E03721,H010,2024-08-01,Supplies,6224.18
E03722,H010,2024-08-01,Laundry,7543.35
E03723,H010,2024-08-12,Other Operating Expenses,1640.89
E03724,H010,2024-08-26,Supplies,25592.28
E03725,H010,2024-09-12,Employee & Staff,55994.02
E03726,H010,2024-09-19,Utilities,23686.21
E03727,H010,2024-09-13,Maintenance,18334.4
E03728,H010,2024-09-04,Housekeeping,12369.31
E03729,H010,2024-09-11,Food & Beverage,22043.25
E03730,H010,2024-09-11,Marketing,8920.93
E03731,H010,2024-09-30,Technology,5701.81
E03732,H010,2024-09-22,Security,7554.19
E03733,H010,2024-09-27,Transportation,5291.8
E03734,H010,2024-09-16,Supplies,6793.42
E03735,H010,2024-09-17,Laundry,8292.09
E03736,H010,2024-09-27,Other Operating Expenses,1554.74
E03737,H010,2024-09-08,Transportation,12337.79
E03738,H010,2024-10-19,Employee & Staff,59144.42
E03739,H010,2024-10-10,Utilities,24293.05
E03740,H010,2024-10-01,Maintenance,19022.59
E03741,H010,2024-10-26,Housekeeping,15749.64
E03742,H010,2024-10-31,Food & Beverage,21023.12
E03743,H010,2024-10-07,Marketing,17511.34
E03744,H010,2024-10-17,Technology,6050.38
E03745,H010,2024-10-22,Security,6775.37
E03746,H010,2024-10-07,Transportation,5040.69
E03747,H010,2024-10-12,Supplies,7206.19
E03748,H010,2024-10-14,Laundry,7891.99
E03749,H010,2024-10-27,Other Operating Expenses,1973.31
E03750,H010,2024-11-13,Employee & Staff,47863.81
E03751,H010,2024-11-10,Utilities,24658.78
E03752,H010,2024-11-21,Maintenance,21345.34
E03753,H010,2024-11-01,Housekeeping,14489.1
E03754,H010,2024-11-29,Food & Beverage,20248.53
E03755,H010,2024-11-24,Marketing,10348.05
E03756,H010,2024-11-26,Technology,4641.45
E03757,H010,2024-11-08,Security,6773.62
E03758,H010,2024-11-13,Transportation,5227.8
E03759,H010,2024-11-04,Supplies,6253.9
E03760,H010,2024-11-07,Laundry,9335.03
E03761,H010,2024-11-06,Other Operating Expenses,1725.4
E03762,H010,2024-12-26,Employee & Staff,48302.92
E03763,H010,2024-12-07,Utilities,26801.27
E03764,H010,2024-12-07,Maintenance,18510.78
E03765,H010,2024-12-23,Housekeeping,13866.62
E03766,H010,2024-12-20,Food & Beverage,18636.69
E03767,H010,2024-12-30,Marketing,9428.36
E03768,H010,2024-12-26,Technology,4651.75
E03769,H010,2024-12-03,Security,6941.0
E03770,H010,2024-12-01,Transportation,5403.8
E03771,H010,2024-12-29,Supplies,6338.27
E03772,H010,2024-12-13,Laundry,8025.69
E03773,H010,2024-12-30,Other Operating Expenses,1790.86
E03774,H010,2025-01-20,Employee & Staff,43548.52
E03775,H010,2025-01-03,Utilities,25655.78
E03776,H010,2025-01-18,Maintenance,14695.22
E03777,H010,2025-01-18,Housekeeping,12671.49
E03778,H010,2025-01-31,Food & Beverage,18581.4
E03779,H010,2025-01-15,Marketing,8952.34
E03780,H010,2025-01-03,Technology,4909.48
E03781,H010,2025-01-30,Security,6569.21
E03782,H010,2025-01-22,Transportation,4992.19
E03783,H010,2025-01-23,Supplies,7344.15
E03784,H010,2025-01-20,Laundry,7278.14
E03785,H010,2025-01-22,Other Operating Expenses,1742.55
E03786,H010,2025-02-05,Employee & Staff,50438.29
E03787,H010,2025-02-06,Utilities,23073.93
E03788,H010,2025-02-27,Maintenance,15276.97
E03789,H010,2025-02-08,Housekeeping,14887.3
E03790,H010,2025-02-10,Food & Beverage,18525.63
E03791,H010,2025-02-13,Marketing,6861.96
E03792,H010,2025-02-22,Technology,4687.46
E03793,H010,2025-02-02,Security,7360.66
E03794,H010,2025-02-09,Transportation,5260.31
E03795,H010,2025-02-27,Supplies,6464.06
E03796,H010,2025-02-07,Laundry,9121.54
E03797,H010,2025-02-20,Other Operating Expenses,1653.44
E03798,H010,2025-02-14,Supplies,20696.97
E03799,H010,2025-03-22,Employee & Staff,50295.77
E03800,H010,2025-03-21,Utilities,27636.45
E03801,H010,2025-03-27,Maintenance,13839.78
E03802,H010,2025-03-13,Housekeeping,15161.6
E03803,H010,2025-03-25,Food & Beverage,22934.59
E03804,H010,2025-03-13,Marketing,11623.71
E03805,H010,2025-03-03,Technology,5002.28
E03806,H010,2025-03-28,Security,7322.58
E03807,H010,2025-03-16,Transportation,5037.26
E03808,H010,2025-03-30,Supplies,6996.93
E03809,H010,2025-03-10,Laundry,7927.47
E03810,H010,2025-03-14,Other Operating Expenses,1861.27
E03811,H010,2025-04-25,Employee & Staff,55321.41
E03812,H010,2025-04-27,Utilities,29871.71
E03813,H010,2025-04-06,Maintenance,24465.36
E03814,H010,2025-04-11,Housekeeping,14567.23
E03815,H010,2025-04-01,Food & Beverage,24016.0
E03816,H010,2025-04-07,Marketing,9570.77
E03817,H010,2025-04-07,Technology,6421.64
E03818,H010,2025-04-01,Security,8129.04
E03819,H010,2025-04-15,Transportation,6431.56
E03820,H010,2025-04-28,Supplies,7439.89
E03821,H010,2025-04-06,Laundry,8759.1
E03822,H010,2025-04-06,Other Operating Expenses,1728.66
E03823,H010,2025-04-06,Maintenance,24088.27
E03824,H010,2025-05-22,Employee & Staff,61017.66
E03825,H010,2025-05-26,Utilities,31050.48
E03826,H010,2025-05-16,Maintenance,23313.84
E03827,H010,2025-05-15,Housekeeping,15769.88
E03828,H010,2025-05-04,Food & Beverage,23234.72
E03829,H010,2025-05-17,Marketing,8460.54
E03830,H010,2025-05-09,Technology,6544.65
E03831,H010,2025-05-09,Security,7468.44
E03832,H010,2025-05-27,Transportation,6630.64
E03833,H010,2025-05-22,Supplies,7182.32
E03834,H010,2025-05-20,Laundry,9494.28
E03835,H010,2025-05-15,Other Operating Expenses,2114.66
E03836,H010,2025-05-23,Supplies,11925.46
E03837,H010,2025-06-18,Employee & Staff,60964.12
E03838,H010,2025-06-24,Utilities,26974.18
E03839,H010,2025-06-11,Maintenance,19984.99
E03840,H010,2025-06-12,Housekeeping,13832.27
E03841,H010,2025-06-05,Food & Beverage,23037.5
E03842,H010,2025-06-01,Marketing,8084.05
E03843,H010,2025-06-08,Technology,5948.9
E03844,H010,2025-06-15,Security,8036.38
E03845,H010,2025-06-29,Transportation,6162.68
E03846,H010,2025-06-19,Supplies,8187.46
E03847,H010,2025-06-19,Laundry,10029.88
E03848,H010,2025-06-15,Other Operating Expenses,2083.14
E03849,H010,2025-07-30,Employee & Staff,51244.35
E03850,H010,2025-07-18,Utilities,28001.25
E03851,H010,2025-07-04,Maintenance,16113.54
E03852,H010,2025-07-07,Housekeeping,14770.33
E03853,H010,2025-07-17,Food & Beverage,19095.56
E03854,H010,2025-07-21,Marketing,8105.98
E03855,H010,2025-07-29,Technology,4979.22
E03856,H010,2025-07-30,Security,6434.83
E03857,H010,2025-07-16,Transportation,5164.35
E03858,H010,2025-07-19,Supplies,7649.59
E03859,H010,2025-07-15,Laundry,8073.89
E03860,H010,2025-07-30,Other Operating Expenses,1738.79
E03861,H010,2025-07-25,Marketing,21428.34
E03862,H010,2025-08-06,Employee & Staff,44716.34
E03863,H010,2025-08-21,Utilities,23394.55
E03864,H010,2025-08-20,Maintenance,15538.77
E03865,H010,2025-08-23,Housekeeping,13739.4
E03866,H010,2025-08-03,Food & Beverage,16944.39
E03867,H010,2025-08-04,Marketing,6912.12
E03868,H010,2025-08-11,Technology,4739.99
E03869,H010,2025-08-13,Security,5637.46
E03870,H010,2025-08-09,Transportation,5196.28
E03871,H010,2025-08-25,Supplies,7213.47
E03872,H010,2025-08-28,Laundry,7297.07
E03873,H010,2025-08-12,Other Operating Expenses,1618.88
E03874,H010,2025-08-30,Marketing,23923.94
E03875,H010,2025-09-29,Employee & Staff,50303.6
E03876,H010,2025-09-03,Utilities,26150.98
E03877,H010,2025-09-26,Maintenance,13807.7
E03878,H010,2025-09-03,Housekeeping,13470.81
E03879,H010,2025-09-04,Food & Beverage,17054.26
E03880,H010,2025-09-20,Marketing,8278.8
E03881,H010,2025-09-29,Technology,4583.13
E03882,H010,2025-09-20,Security,6694.3
E03883,H010,2025-09-23,Transportation,5157.16
E03884,H010,2025-09-30,Supplies,6859.88
E03885,H010,2025-09-21,Laundry,8273.69
E03886,H010,2025-09-11,Other Operating Expenses,1683.02
E03887,H010,2025-09-08,Marketing,29558.69
E03888,H010,2025-10-29,Employee & Staff,44740.08
E03889,H010,2025-10-14,Utilities,23515.61
E03890,H010,2025-10-27,Maintenance,18585.29
E03891,H010,2025-10-02,Housekeeping,14754.01
E03892,H010,2025-10-31,Food & Beverage,17727.15
E03893,H010,2025-10-23,Marketing,10360.09
E03894,H010,2025-10-29,Technology,4890.15
E03895,H010,2025-10-24,Security,5965.45
E03896,H010,2025-10-02,Transportation,5437.8
E03897,H010,2025-10-13,Supplies,6333.52
E03898,H010,2025-10-02,Laundry,7855.56
E03899,H010,2025-10-23,Other Operating Expenses,1675.09
E03900,H010,2025-10-07,Supplies,19039.02
E03901,H010,2025-11-28,Employee & Staff,59763.21
E03902,H010,2025-11-29,Utilities,29220.87
E03903,H010,2025-11-20,Maintenance,22102.93
E03904,H010,2025-11-28,Housekeeping,16144.61
E03905,H010,2025-11-17,Food & Beverage,22011.45
E03906,H010,2025-11-10,Marketing,9860.87
E03907,H010,2025-11-08,Technology,4933.25
E03908,H010,2025-11-18,Security,6901.46
E03909,H010,2025-11-27,Transportation,6069.92
E03910,H010,2025-11-12,Supplies,7420.7
E03911,H010,2025-11-05,Laundry,9574.68
E03912,H010,2025-11-23,Other Operating Expenses,2012.31
E03913,H010,2025-11-18,Marketing,35738.61
E03914,H010,2025-12-19,Employee & Staff,50516.63
E03915,H010,2025-12-01,Utilities,31673.16
E03916,H010,2025-12-06,Maintenance,22191.84
E03917,H010,2025-12-25,Housekeeping,15947.9
E03918,H010,2025-12-21,Food & Beverage,23324.13
E03919,H010,2025-12-04,Marketing,10929.58
E03920,H010,2025-12-23,Technology,5182.93
E03921,H010,2025-12-10,Security,8257.57
E03922,H010,2025-12-06,Transportation,5747.8
E03923,H010,2025-12-27,Supplies,7284.2
E03924,H010,2025-12-30,Laundry,8836.86
E03925,H010,2025-12-14,Other Operating Expenses,2014.09
E03926,H010,2026-01-21,Employee & Staff,69321.64
E03927,H010,2026-01-20,Utilities,29728.62
E03928,H010,2026-01-12,Maintenance,24370.1
E03929,H010,2026-01-01,Housekeeping,15866.47
E03930,H010,2026-01-08,Food & Beverage,26267.86
E03931,H010,2026-01-04,Marketing,10593.76
E03932,H010,2026-01-03,Technology,7007.35
E03933,H010,2026-01-14,Security,8290.67
E03934,H010,2026-01-02,Transportation,5558.57
E03935,H010,2026-01-01,Supplies,7732.34
E03936,H010,2026-01-25,Laundry,9118.98
E03937,H010,2026-01-28,Other Operating Expenses,2169.84
E03938,H010,2026-02-13,Employee & Staff,50014.04
E03939,H010,2026-02-15,Utilities,27992.34
E03940,H010,2026-02-26,Maintenance,31255.98
E03941,H010,2026-02-15,Housekeeping,12863.91
E03942,H010,2026-02-16,Food & Beverage,23070.47
E03943,H010,2026-02-23,Marketing,7977.68
E03944,H010,2026-02-12,Technology,4840.92
E03945,H010,2026-02-11,Security,7263.28
E03946,H010,2026-02-28,Transportation,5448.44
E03947,H010,2026-02-22,Supplies,6801.95
E03948,H010,2026-02-09,Laundry,8973.35
E03949,H010,2026-02-14,Other Operating Expenses,1598.23
E03950,H010,2026-02-14,Transportation,19496.34
E03951,H010,2026-03-16,Employee & Staff,55620.43
E03952,H010,2026-03-07,Utilities,29652.72
E03953,H010,2026-03-21,Maintenance,17135.31
E03954,H010,2026-03-16,Housekeeping,15587.51
E03955,H010,2026-03-06,Food & Beverage,19851.03
E03956,H010,2026-03-03,Marketing,7762.14
E03957,H010,2026-03-24,Technology,4970.51
E03958,H010,2026-03-03,Security,6451.83
E03959,H010,2026-03-03,Transportation,6069.69
E03960,H010,2026-03-20,Supplies,6808.82
E03961,H010,2026-03-02,Laundry,9479.58
E03962,H010,2026-03-15,Other Operating Expenses,1926.5
E03963,H010,2026-03-20,Transportation,9731.68
E03964,H010,2026-04-04,Employee & Staff,58162.74
E03965,H010,2026-04-18,Utilities,25743.42
E03966,H010,2026-04-12,Maintenance,13637.29
E03967,H010,2026-04-28,Housekeeping,12964.74
E03968,H010,2026-04-19,Food & Beverage,19150.14
E03969,H010,2026-04-17,Marketing,9079.62
E03970,H010,2026-04-09,Technology,4758.78
E03971,H010,2026-04-04,Security,7017.66
E03972,H010,2026-04-08,Transportation,4914.79
E03973,H010,2026-04-22,Supplies,6502.06
E03974,H010,2026-04-17,Laundry,8441.4
E03975,H010,2026-04-25,Other Operating Expenses,1965.15
E03976,H010,2026-04-29,Maintenance,23037.79
E03977,H010,2026-05-16,Employee & Staff,55106.65
E03978,H010,2026-05-13,Utilities,25528.96
E03979,H010,2026-05-28,Maintenance,16289.43
E03980,H010,2026-05-10,Housekeeping,13664.84
E03981,H010,2026-05-15,Food & Beverage,22587.12
E03982,H010,2026-05-30,Marketing,8053.6
E03983,H010,2026-05-07,Technology,5088.1
E03984,H010,2026-05-20,Security,6295.12
E03985,H010,2026-05-04,Transportation,5074.77
E03986,H010,2026-05-31,Supplies,6142.35
E03987,H010,2026-05-12,Laundry,9269.69
E03988,H010,2026-05-02,Other Operating Expenses,1810.74
E03989,H010,2026-06-22,Employee & Staff,45505.36
E03990,H010,2026-06-09,Utilities,24843.26
E03991,H010,2026-06-06,Maintenance,19608.36
E03992,H010,2026-06-26,Housekeeping,14410.23
E03993,H010,2026-06-01,Food & Beverage,19296.1
E03994,H010,2026-06-09,Marketing,6815.94
E03995,H010,2026-06-22,Technology,5043.57
E03996,H010,2026-06-09,Security,6540.7
E03997,H010,2026-06-06,Transportation,4851.17
E03998,H010,2026-06-10,Supplies,7117.21
E03999,H010,2026-06-12,Laundry,7915.91
E04000,H010,2026-06-09,Other Operating Expenses,1716.01
E04001,H010,2026-07-28,Employee & Staff,57094.76
E04002,H010,2026-07-01,Utilities,31809.01
E04003,H010,2026-07-28,Maintenance,18963.37
E04004,H010,2026-07-25,Housekeeping,17646.97
E04005,H010,2026-07-07,Food & Beverage,21514.09
E04006,H010,2026-07-26,Marketing,14536.6
E04007,H010,2026-07-17,Technology,5663.62
E04008,H010,2026-07-04,Security,7085.44
E04009,H010,2026-07-08,Transportation,5478.37
E04010,H010,2026-07-04,Supplies,6939.97
E04011,H010,2026-07-06,Laundry,10381.37
E04012,H010,2026-07-06,Other Operating Expenses,2148.32
E04013,H010,2026-07-28,Transportation,21741.32
E04014,H010,2026-08-02,Employee & Staff,55630.98
E04015,H010,2026-08-06,Utilities,33790.71
E04016,H010,2026-08-25,Maintenance,20690.36
E04017,H010,2026-08-22,Housekeeping,15039.18
E04018,H010,2026-08-28,Food & Beverage,26756.05
E04019,H010,2026-08-06,Marketing,8232.71
E04020,H010,2026-08-10,Technology,5507.64
E04021,H010,2026-08-19,Security,8745.19
E04022,H010,2026-08-28,Transportation,5581.75
E04023,H010,2026-08-19,Supplies,9230.66
E04024,H010,2026-08-07,Laundry,9262.49
E04025,H010,2026-08-18,Other Operating Expenses,2151.17
E04026,H011,2024-01-21,Employee & Staff,192104.81
E04027,H011,2024-01-05,Utilities,85655.88
E04028,H011,2024-01-23,Maintenance,57409.61
E04029,H011,2024-01-01,Housekeeping,53214.18
E04030,H011,2024-01-18,Food & Beverage,76869.38
E04031,H011,2024-01-18,Marketing,30420.03
E04032,H011,2024-01-03,Technology,18117.18
E04033,H011,2024-01-02,Security,22282.6
E04034,H011,2024-01-07,Transportation,17604.38
E04035,H011,2024-01-08,Supplies,24199.64
E04036,H011,2024-01-19,Laundry,31984.07
E04037,H011,2024-01-29,Other Operating Expenses,6297.44
E04038,H011,2024-01-30,Transportation,24997.47
E04039,H011,2024-02-25,Employee & Staff,163346.07
E04040,H011,2024-02-17,Utilities,80707.63
E04041,H011,2024-02-05,Maintenance,65757.86
E04042,H011,2024-02-10,Housekeeping,52384.54
E04043,H011,2024-02-19,Food & Beverage,77648.15
E04044,H011,2024-02-05,Marketing,27613.21
E04045,H011,2024-02-01,Technology,20006.55
E04046,H011,2024-02-24,Security,26379.39
E04047,H011,2024-02-29,Transportation,16107.71
E04048,H011,2024-02-19,Supplies,24255.8
E04049,H011,2024-02-13,Laundry,29585.63
E04050,H011,2024-02-01,Other Operating Expenses,5658.38
E04051,H011,2024-03-12,Employee & Staff,140263.49
E04052,H011,2024-03-03,Utilities,88874.34
E04053,H011,2024-03-10,Maintenance,59070.33
E04054,H011,2024-03-03,Housekeeping,46118.97
E04055,H011,2024-03-26,Food & Beverage,71667.16
E04056,H011,2024-03-04,Marketing,27094.58
E04057,H011,2024-03-27,Technology,17430.39
E04058,H011,2024-03-24,Security,23938.97
E04059,H011,2024-03-21,Transportation,15398.55
E04060,H011,2024-03-27,Supplies,20223.17
E04061,H011,2024-03-21,Laundry,26708.25
E04062,H011,2024-03-18,Other Operating Expenses,5049.12
E04063,H011,2024-03-15,Transportation,36790.86
E04064,H011,2024-04-11,Employee & Staff,146615.7
E04065,H011,2024-04-03,Utilities,83518.12
E04066,H011,2024-04-21,Maintenance,58649.39
E04067,H011,2024-04-16,Housekeeping,39226.3
E04068,H011,2024-04-26,Food & Beverage,74106.49
E04069,H011,2024-04-24,Marketing,21856.91
E04070,H011,2024-04-03,Technology,15112.01
E04071,H011,2024-04-17,Security,19396.68
E04072,H011,2024-04-24,Transportation,17369.37
E04073,H011,2024-04-25,Supplies,19266.27
E04074,H011,2024-04-16,Laundry,25027.7
E04075,H011,2024-04-25,Other Operating Expenses,6008.27
E04076,H011,2024-04-20,Maintenance,30206.5
E04077,H011,2024-05-04,Employee & Staff,137189.98
E04078,H011,2024-05-10,Utilities,65157.72
E04079,H011,2024-05-24,Maintenance,61911.16
E04080,H011,2024-05-21,Housekeeping,35432.5
E04081,H011,2024-05-22,Food & Beverage,52492.87
E04082,H011,2024-05-08,Marketing,23427.86
E04083,H011,2024-05-21,Technology,14041.62
E04084,H011,2024-05-10,Security,18162.56
E04085,H011,2024-05-01,Transportation,13494.68
E04086,H011,2024-05-26,Supplies,17388.42
E04087,H011,2024-05-21,Laundry,25847.26
E04088,H011,2024-05-13,Other Operating Expenses,4759.4
E04089,H011,2024-05-03,Supplies,35771.18
E04090,H011,2024-06-27,Employee & Staff,152184.65
E04091,H011,2024-06-08,Utilities,87802.34
E04092,H011,2024-06-10,Maintenance,49063.36
E04093,H011,2024-06-29,Housekeeping,42685.79
E04094,H011,2024-06-11,Food & Beverage,70247.83
E04095,H011,2024-06-18,Marketing,21915.48
E04096,H011,2024-06-21,Technology,16017.43
E04097,H011,2024-06-02,Security,19975.17
E04098,H011,2024-06-05,Transportation,15659.59
E04099,H011,2024-06-12,Supplies,22576.3
E04100,H011,2024-06-11,Laundry,25416.32
E04101,H011,2024-06-09,Other Operating Expenses,5102.43
E04102,H011,2024-07-23,Employee & Staff,158153.74
E04103,H011,2024-07-19,Utilities,93643.41
E04104,H011,2024-07-18,Maintenance,146310.27
E04105,H011,2024-07-19,Housekeeping,40429.43
E04106,H011,2024-07-12,Food & Beverage,59945.6
E04107,H011,2024-07-12,Marketing,27598.24
E04108,H011,2024-07-13,Technology,17791.29
E04109,H011,2024-07-09,Security,19597.56
E04110,H011,2024-07-07,Transportation,18353.2
E04111,H011,2024-07-21,Supplies,24792.42
E04112,H011,2024-07-11,Laundry,31370.47
E04113,H011,2024-07-13,Other Operating Expenses,5695.1
E04114,H011,2024-07-10,Transportation,40282.05
E04115,H011,2024-08-30,Employee & Staff,162556.02
E04116,H011,2024-08-27,Utilities,73405.96
E04117,H011,2024-08-08,Maintenance,60861.16
E04118,H011,2024-08-22,Housekeeping,42039.58
E04119,H011,2024-08-27,Food & Beverage,71543.76
E04120,H011,2024-08-29,Marketing,26885.78
E04121,H011,2024-08-14,Technology,15655.39
E04122,H011,2024-08-18,Security,21568.22
E04123,H011,2024-08-17,Transportation,15085.13
E04124,H011,2024-08-11,Supplies,21341.77
E04125,H011,2024-08-30,Laundry,27559.91
E04126,H011,2024-08-16,Other Operating Expenses,5434.02
E04127,H011,2024-08-13,Maintenance,42673.33
E04128,H011,2024-09-17,Employee & Staff,167781.85
E04129,H011,2024-09-03,Utilities,80225.57
E04130,H011,2024-09-03,Maintenance,91484.62
E04131,H011,2024-09-13,Housekeeping,49828.41
E04132,H011,2024-09-23,Food & Beverage,63652.83
E04133,H011,2024-09-17,Marketing,51481.32
E04134,H011,2024-09-14,Technology,17125.33
E04135,H011,2024-09-17,Security,24162.87
E04136,H011,2024-09-22,Transportation,18107.93
E04137,H011,2024-09-04,Supplies,25874.87
E04138,H011,2024-09-27,Laundry,26610.28
E04139,H011,2024-09-29,Other Operating Expenses,5387.31
E04140,H011,2024-10-26,Employee & Staff,167774.05
E04141,H011,2024-10-01,Utilities,85320.97
E04142,H011,2024-10-18,Maintenance,66776.69
E04143,H011,2024-10-08,Housekeeping,45035.67
E04144,H011,2024-10-25,Food & Beverage,73270.13
E04145,H011,2024-10-19,Marketing,33378.82
E04146,H011,2024-10-28,Technology,16144.38
E04147,H011,2024-10-11,Security,22776.43
E04148,H011,2024-10-04,Transportation,16195.18
E04149,H011,2024-10-29,Supplies,25082.26
E04150,H011,2024-10-10,Laundry,30933.31
E04151,H011,2024-10-06,Other Operating Expenses,6391.86
E04152,H011,2024-10-18,Transportation,39044.86
E04153,H011,2024-11-23,Employee & Staff,162534.44
E04154,H011,2024-11-16,Utilities,86290.51
E04155,H011,2024-11-01,Maintenance,53629.83
E04156,H011,2024-11-26,Housekeeping,39897.16
E04157,H011,2024-11-12,Food & Beverage,58137.0
E04158,H011,2024-11-01,Marketing,28661.04
E04159,H011,2024-11-28,Technology,14119.21
E04160,H011,2024-11-29,Security,20370.35
E04161,H011,2024-11-03,Transportation,15113.37
E04162,H011,2024-11-07,Supplies,21627.29
E04163,H011,2024-11-27,Laundry,25823.3
E04164,H011,2024-11-14,Other Operating Expenses,6022.55
E04165,H011,2024-11-07,Marketing,53496.29
E04166,H011,2024-12-15,Employee & Staff,157388.25
E04167,H011,2024-12-06,Utilities,82435.2
E04168,H011,2024-12-18,Maintenance,68835.37
E04169,H011,2024-12-13,Housekeeping,45172.58
E04170,H011,2024-12-28,Food & Beverage,65532.3
E04171,H011,2024-12-12,Marketing,30772.03
E04172,H011,2024-12-26,Technology,18947.08
E04173,H011,2024-12-04,Security,25100.38
E04174,H011,2024-12-06,Transportation,18526.45
E04175,H011,2024-12-26,Supplies,24328.5
E04176,H011,2024-12-07,Laundry,27566.8
E04177,H011,2024-12-22,Other Operating Expenses,6252.97
E04178,H011,2024-12-23,Maintenance,40178.65
E04179,H011,2025-01-16,Employee & Staff,187977.83
E04180,H011,2025-01-16,Utilities,97971.32
E04181,H011,2025-01-13,Maintenance,67009.14
E04182,H011,2025-01-30,Housekeeping,46520.93
E04183,H011,2025-01-06,Food & Beverage,82057.57
E04184,H011,2025-01-11,Marketing,38180.67
E04185,H011,2025-01-03,Technology,20394.89
E04186,H011,2025-01-22,Security,25172.35
E04187,H011,2025-01-24,Transportation,18411.25
E04188,H011,2025-01-25,Supplies,22871.65
E04189,H011,2025-01-25,Laundry,31805.79
E04190,H011,2025-01-26,Other Operating Expenses,6636.97
E04191,H011,2025-01-01,Transportation,42420.59
E04192,H011,2025-02-09,Employee & Staff,157951.05
E04193,H011,2025-02-08,Utilities,89966.45
E04194,H011,2025-02-21,Maintenance,87070.28
E04195,H011,2025-02-24,Housekeeping,51387.02
E04196,H011,2025-02-21,Food & Beverage,65322.8
E04197,H011,2025-02-10,Marketing,27838.51
E04198,H011,2025-02-05,Technology,15660.7
E04199,H011,2025-02-09,Security,25771.57
E04200,H011,2025-02-05,Transportation,19478.69
E04201,H011,2025-02-01,Supplies,25827.03
E04202,H011,2025-02-16,Laundry,27912.89
E04203,H011,2025-02-20,Other Operating Expenses,5625.76
E04204,H011,2025-02-22,Supplies,24273.58
E04205,H011,2025-03-07,Employee & Staff,196806.44
E04206,H011,2025-03-31,Utilities,82134.73
E04207,H011,2025-03-14,Maintenance,61423.79
E04208,H011,2025-03-10,Housekeeping,54122.86
E04209,H011,2025-03-29,Food & Beverage,67083.39
E04210,H011,2025-03-15,Marketing,27185.43
E04211,H011,2025-03-17,Technology,17279.15
E04212,H011,2025-03-19,Security,21932.51
E04213,H011,2025-03-03,Transportation,18450.68
E04214,H011,2025-03-12,Supplies,21272.88
E04215,H011,2025-03-16,Laundry,28197.02
E04216,H011,2025-03-07,Other Operating Expenses,6223.68
E04217,H011,2025-03-02,Marketing,37153.32
E04218,H011,2025-04-18,Employee & Staff,160737.42
E04219,H011,2025-04-02,Utilities,95228.18
E04220,H011,2025-04-25,Maintenance,56884.26
E04221,H011,2025-04-08,Housekeeping,51613.4
E04222,H011,2025-04-28,Food & Beverage,65112.06
E04223,H011,2025-04-01,Marketing,24199.54
E04224,H011,2025-04-04,Technology,15753.5
E04225,H011,2025-04-04,Security,22730.72
E04226,H011,2025-04-25,Transportation,16429.09
E04227,H011,2025-04-23,Supplies,21917.66
E04228,H011,2025-04-26,Laundry,26688.26
E04229,H011,2025-04-05,Other Operating Expenses,5401.23
E04230,H011,2025-05-02,Employee & Staff,167552.19
E04231,H011,2025-05-01,Utilities,84501.85
E04232,H011,2025-05-05,Maintenance,52370.21
E04233,H011,2025-05-06,Housekeeping,48782.9
E04234,H011,2025-05-31,Food & Beverage,62863.38
E04235,H011,2025-05-20,Marketing,25140.01
E04236,H011,2025-05-17,Technology,18546.22
E04237,H011,2025-05-10,Security,25955.6
E04238,H011,2025-05-06,Transportation,15542.24
E04239,H011,2025-05-12,Supplies,25466.24
E04240,H011,2025-05-22,Laundry,30278.36
E04241,H011,2025-05-23,Other Operating Expenses,5460.19
E04242,H011,2025-06-21,Employee & Staff,209160.76
E04243,H011,2025-06-13,Utilities,100100.34
E04244,H011,2025-06-26,Maintenance,51859.04
E04245,H011,2025-06-06,Housekeeping,46467.83
E04246,H011,2025-06-26,Food & Beverage,70701.84
E04247,H011,2025-06-14,Marketing,31128.98
E04248,H011,2025-06-04,Technology,20392.0
E04249,H011,2025-06-01,Security,24622.99
E04250,H011,2025-06-06,Transportation,17506.41
E04251,H011,2025-06-26,Supplies,22462.3
E04252,H011,2025-06-23,Laundry,30968.85
E04253,H011,2025-06-08,Other Operating Expenses,7009.66
E04254,H011,2025-06-16,Marketing,54645.87
E04255,H011,2025-07-25,Employee & Staff,168348.19
E04256,H011,2025-07-12,Utilities,101341.33
E04257,H011,2025-07-15,Maintenance,64744.88
E04258,H011,2025-07-15,Housekeeping,53828.23
E04259,H011,2025-07-03,Food & Beverage,76781.63
E04260,H011,2025-07-25,Marketing,25930.15
E04261,H011,2025-07-03,Technology,18381.3
E04262,H011,2025-07-20,Security,27142.08
E04263,H011,2025-07-13,Transportation,17444.36
E04264,H011,2025-07-19,Supplies,22672.11
E04265,H011,2025-07-23,Laundry,28623.45
E04266,H011,2025-07-26,Other Operating Expenses,6188.35
E04267,H011,2025-07-04,Supplies,43379.25
E04268,H011,2025-08-17,Employee & Staff,168878.59
E04269,H011,2025-08-23,Utilities,95380.77
E04270,H011,2025-08-25,Maintenance,56714.68
E04271,H011,2025-08-23,Housekeeping,41238.67
E04272,H011,2025-08-20,Food & Beverage,73687.92
E04273,H011,2025-08-02,Marketing,35763.86
E04274,H011,2025-08-21,Technology,17423.24
E04275,H011,2025-08-05,Security,24967.61
E04276,H011,2025-08-12,Transportation,17453.92
E04277,H011,2025-08-24,Supplies,22168.67
E04278,H011,2025-08-14,Laundry,27781.82
E04279,H011,2025-08-06,Other Operating Expenses,5897.11
E04280,H011,2025-08-30,Marketing,56217.32
E04281,H011,2025-09-04,Employee & Staff,167680.66
E04282,H011,2025-09-30,Utilities,100394.34
E04283,H011,2025-09-10,Maintenance,72051.14
E04284,H011,2025-09-28,Housekeeping,52325.75
E04285,H011,2025-09-04,Food & Beverage,76750.09
E04286,H011,2025-09-18,Marketing,36761.83
E04287,H011,2025-09-08,Technology,19252.79
E04288,H011,2025-09-12,Security,26982.36
E04289,H011,2025-09-04,Transportation,19716.96
E04290,H011,2025-09-17,Supplies,23520.42
E04291,H011,2025-09-22,Laundry,27898.5
E04292,H011,2025-09-25,Other Operating Expenses,6153.1
E04293,H011,2025-09-09,Marketing,49671.68
E04294,H011,2025-10-31,Employee & Staff,195787.55
E04295,H011,2025-10-14,Utilities,78016.48
E04296,H011,2025-10-20,Maintenance,48889.3
E04297,H011,2025-10-15,Housekeeping,42196.78
E04298,H011,2025-10-12,Food & Beverage,61338.23
E04299,H011,2025-10-05,Marketing,29989.3
E04300,H011,2025-10-04,Technology,19358.19
E04301,H011,2025-10-05,Security,25424.57
E04302,H011,2025-10-21,Transportation,17050.72
E04303,H011,2025-10-29,Supplies,25728.91
E04304,H011,2025-10-12,Laundry,25679.77
E04305,H011,2025-10-21,Other Operating Expenses,5753.0
E04306,H011,2025-10-22,Supplies,25887.72
E04307,H011,2025-11-19,Employee & Staff,167301.25
E04308,H011,2025-11-27,Utilities,85343.75
E04309,H011,2025-11-30,Maintenance,60054.61
E04310,H011,2025-11-24,Housekeeping,44864.62
E04311,H011,2025-11-06,Food & Beverage,67820.12
E04312,H011,2025-11-15,Marketing,31522.46
E04313,H011,2025-11-12,Technology,16712.71
E04314,H011,2025-11-03,Security,24051.53
E04315,H011,2025-11-02,Transportation,20436.96
E04316,H011,2025-11-11,Supplies,21861.86
E04317,H011,2025-11-15,Laundry,32478.19
E04318,H011,2025-11-12,Other Operating Expenses,6288.7
E04319,H011,2025-12-06,Employee & Staff,176201.69
E04320,H011,2025-12-23,Utilities,94249.84
E04321,H011,2025-12-24,Maintenance,55299.11
E04322,H011,2025-12-25,Housekeeping,50215.8
E04323,H011,2025-12-27,Food & Beverage,59824.16
E04324,H011,2025-12-15,Marketing,41336.12
E04325,H011,2025-12-21,Technology,16193.11
E04326,H011,2025-12-26,Security,24991.93
E04327,H011,2025-12-27,Transportation,15013.52
E04328,H011,2025-12-03,Supplies,21557.12
E04329,H011,2025-12-02,Laundry,30898.95
E04330,H011,2025-12-23,Other Operating Expenses,5664.08
E04331,H011,2025-12-09,Maintenance,51222.68
E04332,H011,2026-01-06,Employee & Staff,173805.75
E04333,H011,2026-01-28,Utilities,91616.49
E04334,H011,2026-01-04,Maintenance,54919.32
E04335,H011,2026-01-17,Housekeeping,49467.32
E04336,H011,2026-01-30,Food & Beverage,68079.84
E04337,H011,2026-01-20,Marketing,37529.58
E04338,H011,2026-01-12,Technology,17597.86
E04339,H011,2026-01-26,Security,26965.8
E04340,H011,2026-01-06,Transportation,16981.23
E04341,H011,2026-01-04,Supplies,23830.67
E04342,H011,2026-01-18,Laundry,27971.75
E04343,H011,2026-01-13,Other Operating Expenses,5545.31
E04344,H011,2026-02-14,Employee & Staff,187407.85
E04345,H011,2026-02-06,Utilities,90796.7
E04346,H011,2026-02-05,Maintenance,98737.64
E04347,H011,2026-02-17,Housekeeping,42636.3
E04348,H011,2026-02-24,Food & Beverage,60154.54
E04349,H011,2026-02-28,Marketing,25816.44
E04350,H011,2026-02-07,Technology,17658.29
E04351,H011,2026-02-18,Security,23324.47
E04352,H011,2026-02-19,Transportation,17951.87
E04353,H011,2026-02-20,Supplies,20626.16
E04354,H011,2026-02-10,Laundry,31549.41
E04355,H011,2026-02-23,Other Operating Expenses,5557.08
E04356,H011,2026-03-25,Employee & Staff,190961.7
E04357,H011,2026-03-11,Utilities,92389.9
E04358,H011,2026-03-09,Maintenance,69176.19
E04359,H011,2026-03-13,Housekeeping,56155.19
E04360,H011,2026-03-10,Food & Beverage,80977.46
E04361,H011,2026-03-03,Marketing,30565.74
E04362,H011,2026-03-13,Technology,18933.94
E04363,H011,2026-03-09,Security,22599.09
E04364,H011,2026-03-18,Transportation,16622.48
E04365,H011,2026-03-24,Supplies,22207.48
E04366,H011,2026-03-13,Laundry,34098.49
E04367,H011,2026-03-19,Other Operating Expenses,6261.4
E04368,H011,2026-03-12,Supplies,50886.36
E04369,H011,2026-04-24,Employee & Staff,175087.96
E04370,H011,2026-04-24,Utilities,100026.8
E04371,H011,2026-04-09,Maintenance,64451.13
E04372,H011,2026-04-29,Housekeeping,49424.61
E04373,H011,2026-04-16,Food & Beverage,68411.0
E04374,H011,2026-04-18,Marketing,30235.31
E04375,H011,2026-04-12,Technology,15952.0
E04376,H011,2026-04-02,Security,26795.73
E04377,H011,2026-04-12,Transportation,20055.63
E04378,H011,2026-04-09,Supplies,21360.34
E04379,H011,2026-04-20,Laundry,28044.21
E04380,H011,2026-04-03,Other Operating Expenses,6329.35
E04381,H011,2026-04-04,Supplies,42335.6
E04382,H011,2026-05-18,Employee & Staff,177199.16
E04383,H011,2026-05-21,Utilities,102916.11
E04384,H011,2026-05-09,Maintenance,65030.69
E04385,H011,2026-05-26,Housekeeping,48889.67
E04386,H011,2026-05-30,Food & Beverage,85954.93
E04387,H011,2026-05-17,Marketing,30546.42
E04388,H011,2026-05-26,Technology,18701.37
E04389,H011,2026-05-29,Security,28650.79
E04390,H011,2026-05-20,Transportation,18719.72
E04391,H011,2026-05-22,Supplies,22987.09
E04392,H011,2026-05-17,Laundry,35260.72
E04393,H011,2026-05-23,Other Operating Expenses,6336.77
E04394,H011,2026-06-26,Employee & Staff,192605.31
E04395,H011,2026-06-04,Utilities,89712.4
E04396,H011,2026-06-27,Maintenance,71357.02
E04397,H011,2026-06-03,Housekeeping,53204.13
E04398,H011,2026-06-26,Food & Beverage,73991.93
E04399,H011,2026-06-03,Marketing,29640.12
E04400,H011,2026-06-21,Technology,18450.01
E04401,H011,2026-06-27,Security,26210.9
E04402,H011,2026-06-05,Transportation,21332.32
E04403,H011,2026-06-09,Supplies,23469.0
E04404,H011,2026-06-08,Laundry,33150.34
E04405,H011,2026-06-01,Other Operating Expenses,5823.61
E04406,H011,2026-07-21,Employee & Staff,177840.35
E04407,H011,2026-07-11,Utilities,105632.87
E04408,H011,2026-07-07,Maintenance,56490.95
E04409,H011,2026-07-17,Housekeeping,50484.69
E04410,H011,2026-07-18,Food & Beverage,78120.49
E04411,H011,2026-07-04,Marketing,29488.07
E04412,H011,2026-07-09,Technology,18836.95
E04413,H011,2026-07-21,Security,23598.59
E04414,H011,2026-07-08,Transportation,17796.2
E04415,H011,2026-07-23,Supplies,23941.24
E04416,H011,2026-07-06,Laundry,34868.01
E04417,H011,2026-07-16,Other Operating Expenses,5666.36
E04418,H011,2026-07-22,Marketing,69198.49
E04419,H011,2026-08-10,Employee & Staff,218966.15
E04420,H011,2026-08-25,Utilities,121223.28
E04421,H011,2026-08-20,Maintenance,66107.44
E04422,H011,2026-08-15,Housekeeping,58353.17
E04423,H011,2026-08-21,Food & Beverage,102091.15
E04424,H011,2026-08-14,Marketing,37903.72
E04425,H011,2026-08-23,Technology,25970.7
E04426,H011,2026-08-02,Security,35127.49
E04427,H011,2026-08-25,Transportation,23600.43
E04428,H011,2026-08-06,Supplies,34249.21
E04429,H011,2026-08-12,Laundry,42785.6
E04430,H011,2026-08-06,Other Operating Expenses,8366.78
E04431,H011,2026-08-22,Marketing,60313.44
E04432,H012,2024-01-19,Employee & Staff,143606.41
E04433,H012,2024-01-04,Utilities,80283.98
E04434,H012,2024-01-27,Maintenance,48449.16
E04435,H012,2024-01-09,Housekeeping,34804.37
E04436,H012,2024-01-10,Food & Beverage,52242.26
E04437,H012,2024-01-06,Marketing,28674.11
E04438,H012,2024-01-13,Technology,13970.63
E04439,H012,2024-01-25,Security,20292.69
E04440,H012,2024-01-24,Transportation,13214.26
E04441,H012,2024-01-25,Supplies,20907.53
E04442,H012,2024-01-19,Laundry,26267.54
E04443,H012,2024-01-25,Other Operating Expenses,5555.95
E04444,H012,2024-01-15,Marketing,60684.18
E04445,H012,2024-02-22,Employee & Staff,162673.18
E04446,H012,2024-02-03,Utilities,81601.77
E04447,H012,2024-02-28,Maintenance,57965.3
E04448,H012,2024-02-23,Housekeeping,40264.54
E04449,H012,2024-02-07,Food & Beverage,73375.37
E04450,H012,2024-02-05,Marketing,46463.5
E04451,H012,2024-02-18,Technology,16300.58
E04452,H012,2024-02-22,Security,25050.01
E04453,H012,2024-02-07,Transportation,17811.22
E04454,H012,2024-02-02,Supplies,25024.28
E04455,H012,2024-02-01,Laundry,28515.14
E04456,H012,2024-02-12,Other Operating Expenses,5084.53
E04457,H012,2024-03-15,Employee & Staff,140261.88
E04458,H012,2024-03-02,Utilities,67983.5
E04459,H012,2024-03-12,Maintenance,66364.59
E04460,H012,2024-03-07,Housekeeping,45310.28
E04461,H012,2024-03-21,Food & Beverage,67956.72
E04462,H012,2024-03-26,Marketing,25056.82
E04463,H012,2024-03-28,Technology,13809.1
E04464,H012,2024-03-03,Security,23333.56
E04465,H012,2024-03-12,Transportation,14383.32
E04466,H012,2024-03-11,Supplies,20968.61
E04467,H012,2024-03-15,Laundry,27110.06
E04468,H012,2024-03-30,Other Operating Expenses,5584.86
E04469,H012,2024-03-11,Transportation,27643.11
E04470,H012,2024-04-22,Employee & Staff,136313.74
E04471,H012,2024-04-11,Utilities,73494.27
E04472,H012,2024-04-12,Maintenance,55288.35
E04473,H012,2024-04-26,Housekeeping,38555.95
E04474,H012,2024-04-13,Food & Beverage,67438.45
E04475,H012,2024-04-03,Marketing,22546.3
E04476,H012,2024-04-18,Technology,16773.85
E04477,H012,2024-04-07,Security,19203.45
E04478,H012,2024-04-23,Transportation,13838.97
E04479,H012,2024-04-28,Supplies,21334.06
E04480,H012,2024-04-12,Laundry,27897.64
E04481,H012,2024-04-21,Other Operating Expenses,5579.29
E04482,H012,2024-05-11,Employee & Staff,145691.3
E04483,H012,2024-05-11,Utilities,73901.47
E04484,H012,2024-05-20,Maintenance,56295.5
E04485,H012,2024-05-18,Housekeeping,40453.35
E04486,H012,2024-05-23,Food & Beverage,72290.06
E04487,H012,2024-05-02,Marketing,22806.17
E04488,H012,2024-05-01,Technology,16545.99
E04489,H012,2024-05-22,Security,21040.62
E04490,H012,2024-05-17,Transportation,16894.44
E04491,H012,2024-05-18,Supplies,20375.04
E04492,H012,2024-05-14,Laundry,24316.86
E04493,H012,2024-05-25,Other Operating Expenses,5328.2
E04494,H012,2024-05-09,Supplies,33367.88
E04495,H012,2024-06-21,Employee & Staff,168072.76
E04496,H012,2024-06-19,Utilities,93268.02
E04497,H012,2024-06-17,Maintenance,47408.15
E04498,H012,2024-06-22,Housekeeping,49539.88
E04499,H012,2024-06-06,Food & Beverage,70489.05
E04500,H012,2024-06-22,Marketing,23012.64
E04501,H012,2024-06-07,Technology,15863.33
E04502,H012,2024-06-06,Security,23263.54
E04503,H012,2024-06-30,Transportation,18852.77
E04504,H012,2024-06-06,Supplies,21362.58
E04505,H012,2024-06-04,Laundry,27120.27
E04506,H012,2024-06-22,Other Operating Expenses,5513.95
E04507,H012,2024-06-04,Maintenance,55543.25
E04508,H012,2024-07-30,Employee & Staff,154537.37
E04509,H012,2024-07-24,Utilities,80037.05
E04510,H012,2024-07-12,Maintenance,57242.46
E04511,H012,2024-07-17,Housekeeping,40441.31
E04512,H012,2024-07-30,Food & Beverage,61948.91
E04513,H012,2024-07-29,Marketing,24707.36
E04514,H012,2024-07-17,Technology,17708.34
E04515,H012,2024-07-05,Security,22281.78
E04516,H012,2024-07-23,Transportation,14754.93
E04517,H012,2024-07-31,Supplies,19817.89
E04518,H012,2024-07-03,Laundry,24428.1
E04519,H012,2024-07-12,Other Operating Expenses,4751.43
E04520,H012,2024-07-06,Maintenance,53597.38
E04521,H012,2024-08-06,Employee & Staff,192560.06
E04522,H012,2024-08-26,Utilities,96718.85
E04523,H012,2024-08-30,Maintenance,67383.07
E04524,H012,2024-08-18,Housekeeping,45992.97
E04525,H012,2024-08-20,Food & Beverage,62290.0
E04526,H012,2024-08-17,Marketing,29253.63
E04527,H012,2024-08-02,Technology,18783.14
E04528,H012,2024-08-05,Security,23456.04
E04529,H012,2024-08-28,Transportation,17382.72
E04530,H012,2024-08-12,Supplies,24113.61
E04531,H012,2024-08-13,Laundry,31168.39
E04532,H012,2024-08-31,Other Operating Expenses,5436.61
E04533,H012,2024-08-06,Transportation,18037.55
E04534,H012,2024-09-12,Employee & Staff,173144.32
E04535,H012,2024-09-05,Utilities,91957.97
E04536,H012,2024-09-07,Maintenance,61511.11
E04537,H012,2024-09-02,Housekeeping,48477.16
E04538,H012,2024-09-04,Food & Beverage,64809.95
E04539,H012,2024-09-17,Marketing,37780.53
E04540,H012,2024-09-30,Technology,18837.75
E04541,H012,2024-09-04,Security,24342.04
E04542,H012,2024-09-26,Transportation,15445.81
E04543,H012,2024-09-06,Supplies,25795.25
E04544,H012,2024-09-02,Laundry,30931.63
E04545,H012,2024-09-07,Other Operating Expenses,6238.21
E04546,H012,2024-09-06,Supplies,48094.23
E04547,H012,2024-10-25,Employee & Staff,156419.22
E04548,H012,2024-10-29,Utilities,78532.6
E04549,H012,2024-10-27,Maintenance,67332.85
E04550,H012,2024-10-30,Housekeeping,41145.5
E04551,H012,2024-10-26,Food & Beverage,59046.92
E04552,H012,2024-10-11,Marketing,52264.75
E04553,H012,2024-10-12,Technology,15143.0
E04554,H012,2024-10-04,Security,23426.29
E04555,H012,2024-10-15,Transportation,16875.43
E04556,H012,2024-10-14,Supplies,20658.12
E04557,H012,2024-10-29,Laundry,27845.43
E04558,H012,2024-10-24,Other Operating Expenses,5246.75
E04559,H012,2024-10-21,Maintenance,30420.75
E04560,H012,2024-11-15,Employee & Staff,138006.62
E04561,H012,2024-11-15,Utilities,76904.38
E04562,H012,2024-11-20,Maintenance,46932.53
E04563,H012,2024-11-04,Housekeeping,42099.98
E04564,H012,2024-11-17,Food & Beverage,61090.07
E04565,H012,2024-11-27,Marketing,26901.06
E04566,H012,2024-11-23,Technology,13413.04
E04567,H012,2024-11-11,Security,19379.71
E04568,H012,2024-11-25,Transportation,16233.49
E04569,H012,2024-11-11,Supplies,18275.68
E04570,H012,2024-11-15,Laundry,25098.38
E04571,H012,2024-11-07,Other Operating Expenses,5160.72
E04572,H012,2024-12-21,Employee & Staff,160277.23
E04573,H012,2024-12-29,Utilities,83001.49
E04574,H012,2024-12-26,Maintenance,68077.47
E04575,H012,2024-12-02,Housekeeping,45940.3
E04576,H012,2024-12-09,Food & Beverage,73613.26
E04577,H012,2024-12-12,Marketing,30871.29
E04578,H012,2024-12-12,Technology,19195.96
E04579,H012,2024-12-27,Security,25542.07
E04580,H012,2024-12-28,Transportation,16261.76
E04581,H012,2024-12-27,Supplies,23580.08
E04582,H012,2024-12-28,Laundry,30389.94
E04583,H012,2024-12-05,Other Operating Expenses,5382.7
E04584,H012,2024-12-05,Marketing,67212.33
E04585,H012,2025-01-29,Employee & Staff,171803.0
E04586,H012,2025-01-08,Utilities,91190.8
E04587,H012,2025-01-27,Maintenance,53888.98
E04588,H012,2025-01-07,Housekeeping,43743.45
E04589,H012,2025-01-01,Food & Beverage,71476.69
E04590,H012,2025-01-02,Marketing,33726.91
E04591,H012,2025-01-13,Technology,16046.77
E04592,H012,2025-01-26,Security,19884.42
E04593,H012,2025-01-10,Transportation,16759.57
E04594,H012,2025-01-13,Supplies,20002.24
E04595,H012,2025-01-02,Laundry,26152.91
E04596,H012,2025-01-26,Other Operating Expenses,5869.57
E04597,H012,2025-01-04,Transportation,40430.63
E04598,H012,2025-02-12,Employee & Staff,158331.61
E04599,H012,2025-02-26,Utilities,71500.48
E04600,H012,2025-02-18,Maintenance,52173.66
E04601,H012,2025-02-27,Housekeeping,47747.64
E04602,H012,2025-02-05,Food & Beverage,59002.23
E04603,H012,2025-02-13,Marketing,26328.86
E04604,H012,2025-02-22,Technology,14594.13
E04605,H012,2025-02-01,Security,19780.83
E04606,H012,2025-02-22,Transportation,16050.9
E04607,H012,2025-02-24,Supplies,22494.04
E04608,H012,2025-02-25,Laundry,25996.34
E04609,H012,2025-02-03,Other Operating Expenses,6115.48
E04610,H012,2025-02-16,Maintenance,30944.73
E04611,H012,2025-03-08,Employee & Staff,182459.65
E04612,H012,2025-03-20,Utilities,81887.17
E04613,H012,2025-03-04,Maintenance,54748.28
E04614,H012,2025-03-21,Housekeeping,50071.61
E04615,H012,2025-03-18,Food & Beverage,62856.19
E04616,H012,2025-03-01,Marketing,29648.4
E04617,H012,2025-03-07,Technology,17654.51
E04618,H012,2025-03-12,Security,21340.83
E04619,H012,2025-03-11,Transportation,15821.15
E04620,H012,2025-03-14,Supplies,25378.5
E04621,H012,2025-03-07,Laundry,29488.93
E04622,H012,2025-03-19,Other Operating Expenses,5321.29
E04623,H012,2025-04-16,Employee & Staff,184671.47
E04624,H012,2025-04-13,Utilities,80793.28
E04625,H012,2025-04-27,Maintenance,51524.46
E04626,H012,2025-04-08,Housekeeping,42056.31
E04627,H012,2025-04-11,Food & Beverage,63480.6
E04628,H012,2025-04-29,Marketing,22955.08
E04629,H012,2025-04-06,Technology,18213.67
E04630,H012,2025-04-16,Security,22052.02
E04631,H012,2025-04-04,Transportation,15683.03
E04632,H012,2025-04-08,Supplies,21212.27
E04633,H012,2025-04-17,Laundry,27273.54
E04634,H012,2025-04-27,Other Operating Expenses,5555.62
E04635,H012,2025-05-22,Employee & Staff,192439.73
E04636,H012,2025-05-28,Utilities,87214.92
E04637,H012,2025-05-27,Maintenance,81135.7
E04638,H012,2025-05-07,Housekeeping,47667.04
E04639,H012,2025-05-27,Food & Beverage,75511.64
E04640,H012,2025-05-25,Marketing,24819.76
E04641,H012,2025-05-18,Technology,19632.21
E04642,H012,2025-05-26,Security,24502.09
E04643,H012,2025-05-13,Transportation,17807.3
E04644,H012,2025-05-31,Supplies,21351.8
E04645,H012,2025-05-25,Laundry,26916.85
E04646,H012,2025-05-31,Other Operating Expenses,5971.56
E04647,H012,2025-06-21,Employee & Staff,158870.55
E04648,H012,2025-06-14,Utilities,74567.02
E04649,H012,2025-06-14,Maintenance,50536.29
E04650,H012,2025-06-21,Housekeeping,37431.78
E04651,H012,2025-06-24,Food & Beverage,63772.82
E04652,H012,2025-06-20,Marketing,24541.4
E04653,H012,2025-06-20,Technology,15259.17
E04654,H012,2025-06-23,Security,18862.55
E04655,H012,2025-06-28,Transportation,13936.72
E04656,H012,2025-06-07,Supplies,20194.19
E04657,H012,2025-06-21,Laundry,27984.94
E04658,H012,2025-06-09,Other Operating Expenses,5224.81
E04659,H012,2025-06-15,Maintenance,53798.11
E04660,H012,2025-07-05,Employee & Staff,181788.76
E04661,H012,2025-07-07,Utilities,91842.23
E04662,H012,2025-07-09,Maintenance,53162.74
E04663,H012,2025-07-03,Housekeeping,45244.96
E04664,H012,2025-07-01,Food & Beverage,59468.2
E04665,H012,2025-07-10,Marketing,27106.37
E04666,H012,2025-07-04,Technology,17154.2
E04667,H012,2025-07-11,Security,22854.29
E04668,H012,2025-07-19,Transportation,15457.68
E04669,H012,2025-07-25,Supplies,19905.43
E04670,H012,2025-07-01,Laundry,28270.13
E04671,H012,2025-07-04,Other Operating Expenses,4974.36
E04672,H012,2025-08-01,Employee & Staff,187067.91
E04673,H012,2025-08-01,Utilities,86579.29
E04674,H012,2025-08-19,Maintenance,45044.02
E04675,H012,2025-08-02,Housekeeping,46926.24
E04676,H012,2025-08-05,Food & Beverage,72808.05
E04677,H012,2025-08-02,Marketing,24237.51
E04678,H012,2025-08-09,Technology,16984.83
E04679,H012,2025-08-08,Security,24415.32
E04680,H012,2025-08-17,Transportation,18706.08
E04681,H012,2025-08-20,Supplies,22674.08
E04682,H012,2025-08-10,Laundry,27346.68
E04683,H012,2025-08-06,Other Operating Expenses,5795.54
E04684,H012,2025-08-20,Supplies,23769.75
E04685,H012,2025-09-14,Employee & Staff,154858.52
E04686,H012,2025-09-23,Utilities,77032.28
E04687,H012,2025-09-15,Maintenance,61691.3
E04688,H012,2025-09-28,Housekeeping,40347.36
E04689,H012,2025-09-16,Food & Beverage,63812.23
E04690,H012,2025-09-15,Marketing,63552.02
E04691,H012,2025-09-28,Technology,18332.81
E04692,H012,2025-09-26,Security,21653.99
E04693,H012,2025-09-06,Transportation,16089.78
E04694,H012,2025-09-15,Supplies,24158.49
E04695,H012,2025-09-04,Laundry,27649.27
E04696,H012,2025-09-04,Other Operating Expenses,5833.93
E04697,H012,2025-09-01,Maintenance,25772.91
E04698,H012,2025-10-26,Employee & Staff,147441.58
E04699,H012,2025-10-29,Utilities,77980.85
E04700,H012,2025-10-05,Maintenance,60565.44
E04701,H012,2025-10-31,Housekeeping,42829.91
E04702,H012,2025-10-23,Food & Beverage,61869.63
E04703,H012,2025-10-27,Marketing,29194.79
E04704,H012,2025-10-05,Technology,17654.42
E04705,H012,2025-10-23,Security,23522.02
E04706,H012,2025-10-28,Transportation,16309.83
E04707,H012,2025-10-05,Supplies,23025.28
E04708,H012,2025-10-03,Laundry,27740.1
E04709,H012,2025-10-22,Other Operating Expenses,6102.59
E04710,H012,2025-10-12,Supplies,48612.49
E04711,H012,2025-11-07,Employee & Staff,144052.83
E04712,H012,2025-11-03,Utilities,89484.67
E04713,H012,2025-11-19,Maintenance,62372.33
E04714,H012,2025-11-20,Housekeeping,42729.26
E04715,H012,2025-11-14,Food & Beverage,71913.91
E04716,H012,2025-11-07,Marketing,34619.9
E04717,H012,2025-11-14,Technology,15576.98
E04718,H012,2025-11-03,Security,24291.22
E04719,H012,2025-11-17,Transportation,16617.82
E04720,H012,2025-11-02,Supplies,21551.89
E04721,H012,2025-11-25,Laundry,28031.4
E04722,H012,2025-11-15,Other Operating Expenses,5066.66
E04723,H012,2025-12-29,Employee & Staff,197521.72
E04724,H012,2025-12-10,Utilities,94922.4
E04725,H012,2025-12-16,Maintenance,56614.13
E04726,H012,2025-12-15,Housekeeping,52230.56
E04727,H012,2025-12-30,Food & Beverage,65524.11
E04728,H012,2025-12-09,Marketing,37859.1
E04729,H012,2025-12-22,Technology,17808.48
E04730,H012,2025-12-14,Security,21116.57
E04731,H012,2025-12-08,Transportation,20234.46
E04732,H012,2025-12-18,Supplies,23276.2
E04733,H012,2025-12-16,Laundry,32783.06
E04734,H012,2025-12-20,Other Operating Expenses,6339.61
E04735,H012,2025-12-17,Maintenance,27436.66
E04736,H012,2026-01-19,Employee & Staff,182953.68
E04737,H012,2026-01-18,Utilities,88288.86
E04738,H012,2026-01-02,Maintenance,61401.76
E04739,H012,2026-01-22,Housekeeping,39261.71
E04740,H012,2026-01-18,Food & Beverage,64944.19
E04741,H012,2026-01-19,Marketing,52567.83
E04742,H012,2026-01-22,Technology,16669.61
E04743,H012,2026-01-24,Security,21037.94
E04744,H012,2026-01-13,Transportation,16274.53
E04745,H012,2026-01-26,Supplies,22193.58
E04746,H012,2026-01-04,Laundry,27152.78
E04747,H012,2026-01-27,Other Operating Expenses,5665.51
E04748,H012,2026-01-15,Marketing,41521.21
E04749,H012,2026-02-17,Employee & Staff,167872.27
E04750,H012,2026-02-25,Utilities,74745.95
E04751,H012,2026-02-21,Maintenance,60722.29
E04752,H012,2026-02-04,Housekeeping,41285.87
E04753,H012,2026-02-04,Food & Beverage,58035.96
E04754,H012,2026-02-26,Marketing,25744.0
E04755,H012,2026-02-24,Technology,15567.62
E04756,H012,2026-02-05,Security,21312.17
E04757,H012,2026-02-24,Transportation,18148.8
E04758,H012,2026-02-05,Supplies,20727.15
E04759,H012,2026-02-08,Laundry,24057.97
E04760,H012,2026-02-04,Other Operating Expenses,5183.94
E04761,H012,2026-03-25,Employee & Staff,176317.74
E04762,H012,2026-03-06,Utilities,86394.07
E04763,H012,2026-03-12,Maintenance,63541.94
E04764,H012,2026-03-27,Housekeeping,49847.62
E04765,H012,2026-03-25,Food & Beverage,73286.39
E04766,H012,2026-03-02,Marketing,28072.08
E04767,H012,2026-03-03,Technology,16268.92
E04768,H012,2026-03-26,Security,26980.62
E04769,H012,2026-03-21,Transportation,16055.53
E04770,H012,2026-03-07,Supplies,24076.27
E04771,H012,2026-03-25,Laundry,30515.73
E04772,H012,2026-03-16,Other Operating Expenses,6477.81
E04773,H012,2026-04-08,Employee & Staff,186228.61
E04774,H012,2026-04-15,Utilities,95430.19
E04775,H012,2026-04-26,Maintenance,66975.87
E04776,H012,2026-04-15,Housekeeping,47661.06
E04777,H012,2026-04-27,Food & Beverage,79425.71
E04778,H012,2026-04-08,Marketing,28508.22
E04779,H012,2026-04-28,Technology,20810.83
E04780,H012,2026-04-08,Security,27382.18
E04781,H012,2026-04-05,Transportation,20738.99
E04782,H012,2026-04-18,Supplies,24607.23
E04783,H012,2026-04-21,Laundry,32972.91
E04784,H012,2026-04-26,Other Operating Expenses,6493.57
E04785,H012,2026-04-27,Supplies,31314.16
E04786,H012,2026-05-15,Employee & Staff,157698.63
E04787,H012,2026-05-18,Utilities,85033.38
E04788,H012,2026-05-23,Maintenance,45961.32
E04789,H012,2026-05-18,Housekeeping,39557.59
E04790,H012,2026-05-26,Food & Beverage,59126.31
E04791,H012,2026-05-22,Marketing,23122.21
E04792,H012,2026-05-30,Technology,17902.85
E04793,H012,2026-05-22,Security,20010.6
E04794,H012,2026-05-08,Transportation,15079.52
E04795,H012,2026-05-31,Supplies,23678.89
E04796,H012,2026-05-13,Laundry,23680.72
E04797,H012,2026-05-14,Other Operating Expenses,4901.86
E04798,H012,2026-05-05,Marketing,36448.83
E04799,H012,2026-06-23,Employee & Staff,153862.8
E04800,H012,2026-06-24,Utilities,83121.77
E04801,H012,2026-06-01,Maintenance,68683.27
E04802,H012,2026-06-27,Housekeeping,47204.92
E04803,H012,2026-06-07,Food & Beverage,70478.07
E04804,H012,2026-06-22,Marketing,27907.43
E04805,H012,2026-06-27,Technology,17039.35
E04806,H012,2026-06-07,Security,21032.55
E04807,H012,2026-06-30,Transportation,15644.37
E04808,H012,2026-06-01,Supplies,21448.41
E04809,H012,2026-06-03,Laundry,24409.22
E04810,H012,2026-06-05,Other Operating Expenses,4893.33
E04811,H012,2026-07-28,Employee & Staff,214134.5
E04812,H012,2026-07-14,Utilities,99018.56
E04813,H012,2026-07-19,Maintenance,74570.37
E04814,H012,2026-07-26,Housekeeping,54933.05
E04815,H012,2026-07-15,Food & Beverage,76254.69
E04816,H012,2026-07-05,Marketing,31283.45
E04817,H012,2026-07-05,Technology,20081.79
E04818,H012,2026-07-11,Security,24423.51
E04819,H012,2026-07-30,Transportation,19122.43
E04820,H012,2026-07-15,Supplies,27684.33
E04821,H012,2026-07-17,Laundry,32556.72
E04822,H012,2026-07-20,Other Operating Expenses,6243.69
E04823,H012,2026-07-14,Transportation,20224.66
E04824,H012,2026-08-04,Employee & Staff,195887.82
E04825,H012,2026-08-29,Utilities,102331.74
E04826,H012,2026-08-17,Maintenance,81287.27
E04827,H012,2026-08-14,Housekeeping,57332.37
E04828,H012,2026-08-08,Food & Beverage,76380.86
E04829,H012,2026-08-05,Marketing,30003.36
E04830,H012,2026-08-24,Technology,20128.62
E04831,H012,2026-08-12,Security,26624.45
E04832,H012,2026-08-03,Transportation,18859.28
E04833,H012,2026-08-27,Supplies,26300.79
E04834,H012,2026-08-21,Laundry,38200.4
E04835,H012,2026-08-28,Other Operating Expenses,7648.06
E04836,H013,2024-01-28,Employee & Staff,176448.8
E04837,H013,2024-01-03,Utilities,85479.57
E04838,H013,2024-01-28,Maintenance,61811.17
E04839,H013,2024-01-10,Housekeeping,42388.78
E04840,H013,2024-01-13,Food & Beverage,60841.96
E04841,H013,2024-01-24,Marketing,32058.79
E04842,H013,2024-01-04,Technology,16364.08
E04843,H013,2024-01-31,Security,25151.63
E04844,H013,2024-01-26,Transportation,15108.5
E04845,H013,2024-01-12,Supplies,21432.96
E04846,H013,2024-01-15,Laundry,28311.79
E04847,H013,2024-01-20,Other Operating Expenses,5821.47
E04848,H013,2024-01-12,Maintenance,34166.49
E04849,H013,2024-02-16,Employee & Staff,169258.09
E04850,H013,2024-02-16,Utilities,93832.12
E04851,H013,2024-02-08,Maintenance,56435.37
E04852,H013,2024-02-21,Housekeeping,48670.14
E04853,H013,2024-02-18,Food & Beverage,59943.13
E04854,H013,2024-02-26,Marketing,26124.2
E04855,H013,2024-02-11,Technology,18104.74
E04856,H013,2024-02-22,Security,24371.78
E04857,H013,2024-02-22,Transportation,17475.52
E04858,H013,2024-02-22,Supplies,20789.45
E04859,H013,2024-02-04,Laundry,25168.18
E04860,H013,2024-02-02,Other Operating Expenses,5347.6
E04861,H013,2024-02-18,Maintenance,26212.23
E04862,H013,2024-03-27,Employee & Staff,184686.92
E04863,H013,2024-03-26,Utilities,92884.76
E04864,H013,2024-03-29,Maintenance,50126.92
E04865,H013,2024-03-08,Housekeeping,48459.59
E04866,H013,2024-03-15,Food & Beverage,67310.7
E04867,H013,2024-03-22,Marketing,24459.47
E04868,H013,2024-03-02,Technology,16196.04
E04869,H013,2024-03-30,Security,23711.39
E04870,H013,2024-03-03,Transportation,18483.1
E04871,H013,2024-03-18,Supplies,24691.72
E04872,H013,2024-03-16,Laundry,31213.13
E04873,H013,2024-03-24,Other Operating Expenses,5615.1
E04874,H013,2024-03-14,Maintenance,27157.56
E04875,H013,2024-04-16,Employee & Staff,133177.5
E04876,H013,2024-04-19,Utilities,73499.8
E04877,H013,2024-04-23,Maintenance,36050.4
E04878,H013,2024-04-19,Housekeeping,42103.46
E04879,H013,2024-04-01,Food & Beverage,61983.25
E04880,H013,2024-04-28,Marketing,35201.23
E04881,H013,2024-04-15,Technology,14598.9
E04882,H013,2024-04-30,Security,20712.68
E04883,H013,2024-04-24,Transportation,13862.99
E04884,H013,2024-04-07,Supplies,20638.63
E04885,H013,2024-04-04,Laundry,25583.01
E04886,H013,2024-04-06,Other Operating Expenses,5201.68
E04887,H013,2024-05-22,Employee & Staff,152625.28
E04888,H013,2024-05-24,Utilities,74325.17
E04889,H013,2024-05-22,Maintenance,57334.2
E04890,H013,2024-05-12,Housekeeping,44731.71
E04891,H013,2024-05-12,Food & Beverage,66008.09
E04892,H013,2024-05-01,Marketing,24478.77
E04893,H013,2024-05-12,Technology,18597.74
E04894,H013,2024-05-26,Security,23994.57
E04895,H013,2024-05-02,Transportation,18682.74
E04896,H013,2024-05-09,Supplies,20047.41
E04897,H013,2024-05-23,Laundry,25429.6
E04898,H013,2024-05-09,Other Operating Expenses,5302.41
E04899,H013,2024-05-26,Marketing,61104.48
E04900,H013,2024-06-02,Employee & Staff,196026.09
E04901,H013,2024-06-27,Utilities,89921.99
E04902,H013,2024-06-17,Maintenance,49419.97
E04903,H013,2024-06-15,Housekeeping,41324.69
E04904,H013,2024-06-26,Food & Beverage,63718.78
E04905,H013,2024-06-04,Marketing,36357.89
E04906,H013,2024-06-28,Technology,18993.48
E04907,H013,2024-06-01,Security,25298.17
E04908,H013,2024-06-12,Transportation,18705.95
E04909,H013,2024-06-28,Supplies,23621.31
E04910,H013,2024-06-20,Laundry,31020.82
E04911,H013,2024-06-02,Other Operating Expenses,5725.71
E04912,H013,2024-06-09,Supplies,35801.0
E04913,H013,2024-07-15,Employee & Staff,148157.86
E04914,H013,2024-07-01,Utilities,75094.13
E04915,H013,2024-07-07,Maintenance,58373.21
E04916,H013,2024-07-28,Housekeeping,44860.61
E04917,H013,2024-07-28,Food & Beverage,69953.97
E04918,H013,2024-07-22,Marketing,24777.43
E04919,H013,2024-07-10,Technology,15991.06
E04920,H013,2024-07-26,Security,22451.06
E04921,H013,2024-07-13,Transportation,14903.66
E04922,H013,2024-07-13,Supplies,19568.18
E04923,H013,2024-07-07,Laundry,27281.53
E04924,H013,2024-07-14,Other Operating Expenses,5608.84
E04925,H013,2024-08-25,Employee & Staff,141814.73
E04926,H013,2024-08-23,Utilities,79325.38
E04927,H013,2024-08-13,Maintenance,44590.34
E04928,H013,2024-08-23,Housekeeping,39208.54
E04929,H013,2024-08-18,Food & Beverage,64867.41
E04930,H013,2024-08-17,Marketing,22693.53
E04931,H013,2024-08-01,Technology,15627.65
E04932,H013,2024-08-29,Security,21650.81
E04933,H013,2024-08-28,Transportation,14079.77
E04934,H013,2024-08-23,Supplies,20865.06
E04935,H013,2024-08-18,Laundry,26875.13
E04936,H013,2024-08-19,Other Operating Expenses,4734.3
E04937,H013,2024-08-22,Transportation,31935.39
E04938,H013,2024-09-04,Employee & Staff,168465.08
E04939,H013,2024-09-17,Utilities,98661.35
E04940,H013,2024-09-16,Maintenance,74023.42
E04941,H013,2024-09-02,Housekeeping,46277.3
E04942,H013,2024-09-16,Food & Beverage,72833.4
E04943,H013,2024-09-01,Marketing,30869.38
E04944,H013,2024-09-24,Technology,19113.21
E04945,H013,2024-09-20,Security,21759.36
E04946,H013,2024-09-10,Transportation,17717.62
E04947,H013,2024-09-29,Supplies,23038.21
E04948,H013,2024-09-03,Laundry,32232.75
E04949,H013,2024-09-20,Other Operating Expenses,5803.88
E04950,H013,2024-09-10,Maintenance,23971.27
E04951,H013,2024-10-01,Employee & Staff,174848.6
E04952,H013,2024-10-16,Utilities,82193.27
E04953,H013,2024-10-27,Maintenance,51139.89
E04954,H013,2024-10-16,Housekeeping,40833.98
E04955,H013,2024-10-26,Food & Beverage,57023.69
E04956,H013,2024-10-14,Marketing,29396.03
E04957,H013,2024-10-27,Technology,16189.82
E04958,H013,2024-10-10,Security,19243.33
E04959,H013,2024-10-10,Transportation,16046.74
E04960,H013,2024-10-23,Supplies,19960.17
E04961,H013,2024-10-21,Laundry,27550.14
E04962,H013,2024-10-20,Other Operating Expenses,5789.7
E04963,H013,2024-10-24,Transportation,27205.17
E04964,H013,2024-11-15,Employee & Staff,143823.75
E04965,H013,2024-11-14,Utilities,70867.16
E04966,H013,2024-11-17,Maintenance,55594.53
E04967,H013,2024-11-13,Housekeeping,46200.63
E04968,H013,2024-11-29,Food & Beverage,63454.05
E04969,H013,2024-11-15,Marketing,33206.27
E04970,H013,2024-11-14,Technology,17472.0
E04971,H013,2024-11-09,Security,21859.2
E04972,H013,2024-11-06,Transportation,16806.88
E04973,H013,2024-11-09,Supplies,20371.24
E04974,H013,2024-11-26,Laundry,28039.41
E04975,H013,2024-11-10,Other Operating Expenses,5077.75
E04976,H013,2024-12-30,Employee & Staff,153409.47
E04977,H013,2024-12-18,Utilities,90833.83
E04978,H013,2024-12-07,Maintenance,46579.63
E04979,H013,2024-12-20,Housekeeping,40527.23
E04980,H013,2024-12-03,Food & Beverage,62502.92
E04981,H013,2024-12-31,Marketing,30274.99
E04982,H013,2024-12-27,Technology,14858.72
E04983,H013,2024-12-09,Security,23565.32
E04984,H013,2024-12-28,Transportation,14320.41
E04985,H013,2024-12-31,Supplies,20569.38
E04986,H013,2024-12-27,Laundry,26043.39
E04987,H013,2024-12-05,Other Operating Expenses,5816.09
E04988,H013,2024-12-15,Maintenance,36462.0
E04989,H013,2025-01-07,Employee & Staff,158596.02
E04990,H013,2025-01-01,Utilities,94336.21
E04991,H013,2025-01-08,Maintenance,67238.44
E04992,H013,2025-01-24,Housekeeping,50380.42
E04993,H013,2025-01-21,Food & Beverage,75225.26
E04994,H013,2025-01-12,Marketing,37025.29
E04995,H013,2025-01-14,Technology,18166.99
E04996,H013,2025-01-09,Security,23104.04
E04997,H013,2025-01-27,Transportation,17098.32
E04998,H013,2025-01-23,Supplies,23144.14
E04999,H013,2025-01-27,Laundry,26552.43
E05000,H013,2025-01-06,Other Operating Expenses,5857.72
E05001,H013,2025-01-20,Supplies,35804.74
E05002,H013,2025-02-03,Employee & Staff,157857.04
E05003,H013,2025-02-16,Utilities,82277.08
E05004,H013,2025-02-21,Maintenance,52998.69
E05005,H013,2025-02-10,Housekeeping,36533.93
E05006,H013,2025-02-16,Food & Beverage,66756.49
E05007,H013,2025-02-25,Marketing,20738.97
E05008,H013,2025-02-20,Technology,16765.54
E05009,H013,2025-02-26,Security,18219.16
E05010,H013,2025-02-10,Transportation,16197.28
E05011,H013,2025-02-07,Supplies,21359.75
E05012,H013,2025-02-22,Laundry,25107.0
E05013,H013,2025-02-13,Other Operating Expenses,4806.34
E05014,H013,2025-02-05,Maintenance,37877.0
E05015,H013,2025-03-22,Employee & Staff,162130.31
E05016,H013,2025-03-14,Utilities,80403.85
E05017,H013,2025-03-17,Maintenance,58304.59
E05018,H013,2025-03-02,Housekeeping,40513.04
E05019,H013,2025-03-05,Food & Beverage,68001.61
E05020,H013,2025-03-08,Marketing,19988.85
E05021,H013,2025-03-19,Technology,16977.75
E05022,H013,2025-03-06,Security,17722.35
E05023,H013,2025-03-05,Transportation,16734.45
E05024,H013,2025-03-23,Supplies,19267.71
E05025,H013,2025-03-27,Laundry,28347.15
E05026,H013,2025-03-11,Other Operating Expenses,4514.75
E05027,H013,2025-04-09,Employee & Staff,160002.69
E05028,H013,2025-04-23,Utilities,74783.0
E05029,H013,2025-04-30,Maintenance,57308.85
E05030,H013,2025-04-18,Housekeeping,41565.11
E05031,H013,2025-04-10,Food & Beverage,66154.84
E05032,H013,2025-04-02,Marketing,24064.93
E05033,H013,2025-04-02,Technology,13899.29
E05034,H013,2025-04-26,Security,19559.9
E05035,H013,2025-04-22,Transportation,16921.1
E05036,H013,2025-04-19,Supplies,18848.88
E05037,H013,2025-04-26,Laundry,26971.12
E05038,H013,2025-04-21,Other Operating Expenses,4674.39
E05039,H013,2025-05-17,Employee & Staff,179358.21
E05040,H013,2025-05-24,Utilities,94803.64
E05041,H013,2025-05-23,Maintenance,124685.23
E05042,H013,2025-05-23,Housekeeping,42141.36
E05043,H013,2025-05-21,Food & Beverage,61351.25
E05044,H013,2025-05-05,Marketing,23563.83
E05045,H013,2025-05-30,Technology,18298.79
E05046,H013,2025-05-26,Security,25103.36
E05047,H013,2025-05-17,Transportation,15962.68
E05048,H013,2025-05-19,Supplies,23757.15
E05049,H013,2025-05-09,Laundry,32446.27
E05050,H013,2025-05-23,Other Operating Expenses,6388.75
E05051,H013,2025-06-10,Employee & Staff,183479.93
E05052,H013,2025-06-05,Utilities,78203.31
E05053,H013,2025-06-06,Maintenance,50296.02
E05054,H013,2025-06-16,Housekeeping,50211.8
E05055,H013,2025-06-13,Food & Beverage,64864.77
E05056,H013,2025-06-25,Marketing,28195.3
E05057,H013,2025-06-30,Technology,17524.96
E05058,H013,2025-06-05,Security,20683.1
E05059,H013,2025-06-07,Transportation,15746.27
E05060,H013,2025-06-20,Supplies,20287.68
E05061,H013,2025-06-15,Laundry,26880.64
E05062,H013,2025-06-20,Other Operating Expenses,5039.16
E05063,H013,2025-07-31,Employee & Staff,168045.55
E05064,H013,2025-07-28,Utilities,85792.0
E05065,H013,2025-07-21,Maintenance,57131.71
E05066,H013,2025-07-25,Housekeeping,46341.21
E05067,H013,2025-07-12,Food & Beverage,68061.05
E05068,H013,2025-07-01,Marketing,21073.47
E05069,H013,2025-07-11,Technology,15627.91
E05070,H013,2025-07-07,Security,22474.01
E05071,H013,2025-07-16,Transportation,17226.89
E05072,H013,2025-07-01,Supplies,21408.95
E05073,H013,2025-07-18,Laundry,23889.98
E05074,H013,2025-07-12,Other Operating Expenses,4709.3
E05075,H013,2025-08-24,Employee & Staff,173281.47
E05076,H013,2025-08-08,Utilities,93438.84
E05077,H013,2025-08-19,Maintenance,49520.25
E05078,H013,2025-08-26,Housekeeping,45626.37
E05079,H013,2025-08-19,Food & Beverage,58172.63
E05080,H013,2025-08-16,Marketing,26574.01
E05081,H013,2025-08-02,Technology,16107.24
E05082,H013,2025-08-06,Security,23001.11
E05083,H013,2025-08-13,Transportation,17996.76
E05084,H013,2025-08-02,Supplies,23761.16
E05085,H013,2025-08-12,Laundry,27004.63
E05086,H013,2025-08-03,Other Operating Expenses,5678.5
E05087,H013,2025-09-17,Employee & Staff,159911.2
E05088,H013,2025-09-23,Utilities,90679.19
E05089,H013,2025-09-02,Maintenance,57970.26
E05090,H013,2025-09-15,Housekeeping,43837.82
E05091,H013,2025-09-27,Food & Beverage,68716.99
E05092,H013,2025-09-27,Marketing,30958.2
E05093,H013,2025-09-26,Technology,15482.89
E05094,H013,2025-09-02,Security,19966.3
E05095,H013,2025-09-18,Transportation,18012.85
E05096,H013,2025-09-17,Supplies,19403.83
E05097,H013,2025-09-06,Laundry,27917.42
E05098,H013,2025-09-17,Other Operating Expenses,5520.4
E05099,H013,2025-09-02,Maintenance,24579.05
E05100,H013,2025-10-12,Employee & Staff,185270.73
E05101,H013,2025-10-17,Utilities,102333.76
E05102,H013,2025-10-05,Maintenance,66608.68
E05103,H013,2025-10-12,Housekeeping,48407.55
E05104,H013,2025-10-20,Food & Beverage,74713.18
E05105,H013,2025-10-10,Marketing,35036.55
E05106,H013,2025-10-31,Technology,16252.26
E05107,H013,2025-10-09,Security,24829.91
E05108,H013,2025-10-19,Transportation,18156.81
E05109,H013,2025-10-13,Supplies,23186.78
E05110,H013,2025-10-24,Laundry,28085.46
E05111,H013,2025-10-21,Other Operating Expenses,5732.14
E05112,H013,2025-11-24,Employee & Staff,172626.83
E05113,H013,2025-11-20,Utilities,92117.86
E05114,H013,2025-11-02,Maintenance,65149.73
E05115,H013,2025-11-18,Housekeeping,40706.71
E05116,H013,2025-11-08,Food & Beverage,60896.34
E05117,H013,2025-11-27,Marketing,29869.46
E05118,H013,2025-11-02,Technology,15896.39
E05119,H013,2025-11-15,Security,20869.39
E05120,H013,2025-11-19,Transportation,17757.43
E05121,H013,2025-11-28,Supplies,23906.67
E05122,H013,2025-11-14,Laundry,28837.21
E05123,H013,2025-11-22,Other Operating Expenses,5109.91
E05124,H013,2025-12-27,Employee & Staff,188675.03
E05125,H013,2025-12-20,Utilities,88740.88
E05126,H013,2025-12-13,Maintenance,63827.16
E05127,H013,2025-12-07,Housekeeping,45320.68
E05128,H013,2025-12-30,Food & Beverage,80967.29
E05129,H013,2025-12-13,Marketing,39136.75
E05130,H013,2025-12-21,Technology,20399.85
E05131,H013,2025-12-12,Security,27184.54
E05132,H013,2025-12-07,Transportation,20331.37
E05133,H013,2025-12-04,Supplies,26933.16
E05134,H013,2025-12-27,Laundry,33721.06
E05135,H013,2025-12-28,Other Operating Expenses,5460.0
E05136,H013,2025-12-13,Supplies,29869.56
E05137,H013,2026-01-13,Employee & Staff,161817.2
E05138,H013,2026-01-03,Utilities,94880.91
E05139,H013,2026-01-30,Maintenance,102421.45
E05140,H013,2026-01-01,Housekeeping,49258.73
E05141,H013,2026-01-14,Food & Beverage,71508.84
E05142,H013,2026-01-17,Marketing,29331.35
E05143,H013,2026-01-02,Technology,15199.15
E05144,H013,2026-01-18,Security,20004.96
E05145,H013,2026-01-22,Transportation,18038.55
E05146,H013,2026-01-01,Supplies,20438.37
E05147,H013,2026-01-04,Laundry,27056.27
E05148,H013,2026-01-04,Other Operating Expenses,5237.48
E05149,H013,2026-01-09,Maintenance,51484.98
E05150,H013,2026-02-19,Employee & Staff,145633.38
E05151,H013,2026-02-15,Utilities,92404.95
E05152,H013,2026-02-19,Maintenance,54430.12
E05153,H013,2026-02-24,Housekeeping,41896.48
E05154,H013,2026-02-05,Food & Beverage,63069.74
E05155,H013,2026-02-23,Marketing,22942.11
E05156,H013,2026-02-27,Technology,16732.61
E05157,H013,2026-02-23,Security,19920.65
E05158,H013,2026-02-27,Transportation,16882.16
E05159,H013,2026-02-04,Supplies,23467.96
E05160,H013,2026-02-24,Laundry,29668.98
E05161,H013,2026-02-12,Other Operating Expenses,5085.67
E05162,H013,2026-02-18,Marketing,42358.24
E05163,H013,2026-03-04,Employee & Staff,168287.47
E05164,H013,2026-03-26,Utilities,93133.9
E05165,H013,2026-03-12,Maintenance,49343.63
E05166,H013,2026-03-24,Housekeeping,46916.45
E05167,H013,2026-03-17,Food & Beverage,66800.32
E05168,H013,2026-03-19,Marketing,46756.49
E05169,H013,2026-03-08,Technology,20276.17
E05170,H013,2026-03-06,Security,24325.64
E05171,H013,2026-03-31,Transportation,20033.49
E05172,H013,2026-03-11,Supplies,26230.48
E05173,H013,2026-03-26,Laundry,32604.03
E05174,H013,2026-03-03,Other Operating Expenses,5852.56
E05175,H013,2026-03-27,Marketing,54398.22
E05176,H013,2026-04-02,Employee & Staff,150585.17
E05177,H013,2026-04-02,Utilities,76281.71
E05178,H013,2026-04-05,Maintenance,64454.96
E05179,H013,2026-04-08,Housekeeping,46065.44
E05180,H013,2026-04-01,Food & Beverage,68354.42
E05181,H013,2026-04-08,Marketing,43283.85
E05182,H013,2026-04-19,Technology,16685.43
E05183,H013,2026-04-04,Security,21805.74
E05184,H013,2026-04-23,Transportation,14958.13
E05185,H013,2026-04-18,Supplies,23014.0
E05186,H013,2026-04-29,Laundry,29186.11
E05187,H013,2026-04-18,Other Operating Expenses,4602.07
E05188,H013,2026-04-29,Maintenance,45604.8
E05189,H013,2026-05-07,Employee & Staff,172374.42
E05190,H013,2026-05-11,Utilities,85383.23
E05191,H013,2026-05-03,Maintenance,79419.55
E05192,H013,2026-05-06,Housekeeping,44883.41
E05193,H013,2026-05-28,Food & Beverage,83755.36
E05194,H013,2026-05-01,Marketing,28237.9
E05195,H013,2026-05-31,Technology,17579.0
E05196,H013,2026-05-04,Security,22254.45
E05197,H013,2026-05-27,Transportation,20136.6
E05198,H013,2026-05-19,Supplies,26689.61
E05199,H013,2026-05-30,Laundry,32515.14
E05200,H013,2026-05-23,Other Operating Expenses,6885.7
E05201,H013,2026-05-24,Maintenance,41034.16
E05202,H013,2026-06-10,Employee & Staff,160825.61
E05203,H013,2026-06-17,Utilities,87456.19
E05204,H013,2026-06-02,Maintenance,80673.2
E05205,H013,2026-06-03,Housekeeping,52858.72
E05206,H013,2026-06-16,Food & Beverage,68460.91
E05207,H013,2026-06-15,Marketing,25036.78
E05208,H013,2026-06-25,Technology,16452.38
E05209,H013,2026-06-06,Security,23833.41
E05210,H013,2026-06-24,Transportation,17328.64
E05211,H013,2026-06-24,Supplies,21786.08
E05212,H013,2026-06-28,Laundry,31405.43
E05213,H013,2026-06-25,Other Operating Expenses,5642.31
E05214,H013,2026-07-09,Employee & Staff,167767.79
E05215,H013,2026-07-29,Utilities,95605.37
E05216,H013,2026-07-05,Maintenance,48557.93
E05217,H013,2026-07-11,Housekeeping,45074.26
E05218,H013,2026-07-20,Food & Beverage,68280.87
E05219,H013,2026-07-12,Marketing,26005.54
E05220,H013,2026-07-04,Technology,18429.76
E05221,H013,2026-07-18,Security,25781.91
E05222,H013,2026-07-25,Transportation,17414.39
E05223,H013,2026-07-02,Supplies,23781.32
E05224,H013,2026-07-14,Laundry,31635.93
E05225,H013,2026-07-09,Other Operating Expenses,5989.12
E05226,H013,2026-08-17,Employee & Staff,199488.21
E05227,H013,2026-08-27,Utilities,103525.21
E05228,H013,2026-08-02,Maintenance,77268.77
E05229,H013,2026-08-06,Housekeeping,57966.46
E05230,H013,2026-08-26,Food & Beverage,93459.88
E05231,H013,2026-08-14,Marketing,44151.7
E05232,H013,2026-08-31,Technology,19778.37
E05233,H013,2026-08-21,Security,28458.89
E05234,H013,2026-08-30,Transportation,22743.55
E05235,H013,2026-08-15,Supplies,31058.56
E05236,H013,2026-08-04,Laundry,37301.23
E05237,H013,2026-08-04,Other Operating Expenses,6958.71
E05238,H013,2026-08-14,Supplies,22840.89
E05239,H014,2024-01-12,Employee & Staff,167203.48
E05240,H014,2024-01-29,Utilities,71001.53
E05241,H014,2024-01-02,Maintenance,46878.28
E05242,H014,2024-01-04,Housekeeping,44163.87
E05243,H014,2024-01-29,Food & Beverage,60292.19
E05244,H014,2024-01-09,Marketing,48256.42
E05245,H014,2024-01-04,Technology,16753.08
E05246,H014,2024-01-21,Security,21282.28
E05247,H014,2024-01-19,Transportation,15371.04
E05248,H014,2024-01-22,Supplies,19457.17
E05249,H014,2024-01-10,Laundry,24782.0
E05250,H014,2024-01-18,Other Operating Expenses,5184.83
E05251,H014,2024-01-05,Transportation,39964.62
E05252,H014,2024-02-09,Employee & Staff,156723.37
E05253,H014,2024-02-15,Utilities,62371.23
E05254,H014,2024-02-23,Maintenance,48048.23
E05255,H014,2024-02-10,Housekeeping,33030.64
E05256,H014,2024-02-09,Food & Beverage,49355.74
E05257,H014,2024-02-12,Marketing,20061.16
E05258,H014,2024-02-18,Technology,15031.36
E05259,H014,2024-02-24,Security,19461.64
E05260,H014,2024-02-21,Transportation,15475.87
E05261,H014,2024-02-08,Supplies,20132.33
E05262,H014,2024-02-01,Laundry,21134.65
E05263,H014,2024-02-18,Other Operating Expenses,5187.07
E05264,H014,2024-03-03,Employee & Staff,126711.77
E05265,H014,2024-03-30,Utilities,68327.38
E05266,H014,2024-03-11,Maintenance,39902.38
E05267,H014,2024-03-18,Housekeeping,37564.06
E05268,H014,2024-03-30,Food & Beverage,54170.66
E05269,H014,2024-03-10,Marketing,20097.51
E05270,H014,2024-03-24,Technology,13169.5
E05271,H014,2024-03-20,Security,16701.54
E05272,H014,2024-03-24,Transportation,12505.69
E05273,H014,2024-03-26,Supplies,16344.67
E05274,H014,2024-03-18,Laundry,23057.33
E05275,H014,2024-03-29,Other Operating Expenses,4882.9
E05276,H014,2024-04-16,Employee & Staff,158228.74
E05277,H014,2024-04-15,Utilities,67319.18
E05278,H014,2024-04-23,Maintenance,45850.97
E05279,H014,2024-04-16,Housekeeping,44608.79
E05280,H014,2024-04-27,Food & Beverage,56854.2
E05281,H014,2024-04-26,Marketing,20303.66
E05282,H014,2024-04-06,Technology,16819.25
E05283,H014,2024-04-05,Security,20328.35
E05284,H014,2024-04-19,Transportation,14259.94
E05285,H014,2024-04-20,Supplies,20683.72
E05286,H014,2024-04-27,Laundry,27935.67
E05287,H014,2024-04-12,Other Operating Expenses,4355.31
E05288,H014,2024-04-02,Marketing,73237.37
E05289,H014,2024-05-08,Employee & Staff,177012.21
E05290,H014,2024-05-05,Utilities,97064.45
E05291,H014,2024-05-17,Maintenance,101962.44
E05292,H014,2024-05-17,Housekeeping,43699.3
E05293,H014,2024-05-26,Food & Beverage,80310.62
E05294,H014,2024-05-03,Marketing,24808.03
E05295,H014,2024-05-18,Technology,16468.26
E05296,H014,2024-05-14,Security,25783.47
E05297,H014,2024-05-11,Transportation,17383.3
E05298,H014,2024-05-11,Supplies,24852.85
E05299,H014,2024-05-13,Laundry,26272.75
E05300,H014,2024-05-06,Other Operating Expenses,5944.14
E05301,H014,2024-06-25,Employee & Staff,129898.65
E05302,H014,2024-06-24,Utilities,65560.04
E05303,H014,2024-06-10,Maintenance,48722.44
E05304,H014,2024-06-03,Housekeeping,42531.59
E05305,H014,2024-06-23,Food & Beverage,62452.49
E05306,H014,2024-06-15,Marketing,24200.94
E05307,H014,2024-06-21,Technology,15895.3
E05308,H014,2024-06-09,Security,19335.29
E05309,H014,2024-06-24,Transportation,12637.98
E05310,H014,2024-06-06,Supplies,17383.78
E05311,H014,2024-06-13,Laundry,26451.63
E05312,H014,2024-06-28,Other Operating Expenses,4239.33
E05313,H014,2024-06-14,Marketing,67043.04
E05314,H014,2024-07-09,Employee & Staff,139836.4
E05315,H014,2024-07-25,Utilities,79086.17
E05316,H014,2024-07-08,Maintenance,50205.47
E05317,H014,2024-07-28,Housekeeping,36262.08
E05318,H014,2024-07-30,Food & Beverage,61098.86
E05319,H014,2024-07-17,Marketing,20300.5
E05320,H014,2024-07-05,Technology,16153.8
E05321,H014,2024-07-28,Security,17952.39
E05322,H014,2024-07-22,Transportation,13801.62
E05323,H014,2024-07-26,Supplies,21501.14
E05324,H014,2024-07-23,Laundry,25014.67
E05325,H014,2024-07-18,Other Operating Expenses,4503.48
E05326,H014,2024-07-28,Supplies,34886.54
E05327,H014,2024-08-08,Employee & Staff,130122.22
E05328,H014,2024-08-26,Utilities,67728.29
E05329,H014,2024-08-21,Maintenance,46156.77
E05330,H014,2024-08-30,Housekeeping,33473.25
E05331,H014,2024-08-28,Food & Beverage,60757.78
E05332,H014,2024-08-18,Marketing,22742.3
E05333,H014,2024-08-25,Technology,12607.0
E05334,H014,2024-08-25,Security,18034.95
E05335,H014,2024-08-29,Transportation,14147.97
E05336,H014,2024-08-05,Supplies,20337.77
E05337,H014,2024-08-25,Laundry,23393.84
E05338,H014,2024-08-16,Other Operating Expenses,4512.49
E05339,H014,2024-09-16,Employee & Staff,143256.61
E05340,H014,2024-09-14,Utilities,75882.65
E05341,H014,2024-09-02,Maintenance,36970.23
E05342,H014,2024-09-05,Housekeeping,37192.63
E05343,H014,2024-09-23,Food & Beverage,58164.06
E05344,H014,2024-09-01,Marketing,31303.66
E05345,H014,2024-09-09,Technology,14732.58
E05346,H014,2024-09-18,Security,21379.76
E05347,H014,2024-09-19,Transportation,13812.71
E05348,H014,2024-09-06,Supplies,19319.75
E05349,H014,2024-09-03,Laundry,27924.32
E05350,H014,2024-09-27,Other Operating Expenses,5224.98
E05351,H014,2024-10-17,Employee & Staff,136747.66
E05352,H014,2024-10-10,Utilities,63143.43
E05353,H014,2024-10-29,Maintenance,53367.81
E05354,H014,2024-10-31,Housekeeping,36110.34
E05355,H014,2024-10-02,Food & Beverage,63665.39
E05356,H014,2024-10-07,Marketing,27203.57
E05357,H014,2024-10-25,Technology,16075.78
E05358,H014,2024-10-26,Security,17718.98
E05359,H014,2024-10-04,Transportation,13747.09
E05360,H014,2024-10-11,Supplies,21377.22
E05361,H014,2024-10-22,Laundry,24121.45
E05362,H014,2024-10-27,Other Operating Expenses,4199.78
E05363,H014,2024-10-04,Marketing,66936.43
E05364,H014,2024-11-21,Employee & Staff,138726.05
E05365,H014,2024-11-04,Utilities,76822.25
E05366,H014,2024-11-20,Maintenance,46954.11
E05367,H014,2024-11-26,Housekeeping,41902.06
E05368,H014,2024-11-15,Food & Beverage,53114.86
E05369,H014,2024-11-23,Marketing,29554.55
E05370,H014,2024-11-21,Technology,15696.89
E05371,H014,2024-11-25,Security,17892.02
E05372,H014,2024-11-06,Transportation,14796.68
E05373,H014,2024-11-27,Supplies,17845.86
E05374,H014,2024-11-14,Laundry,24489.13
E05375,H014,2024-11-20,Other Operating Expenses,4777.39
E05376,H014,2024-11-08,Maintenance,40579.53
E05377,H014,2024-12-12,Employee & Staff,148204.71
E05378,H014,2024-12-04,Utilities,87029.91
E05379,H014,2024-12-18,Maintenance,54785.93
E05380,H014,2024-12-10,Housekeeping,44789.55
E05381,H014,2024-12-03,Food & Beverage,65997.31
E05382,H014,2024-12-06,Marketing,31003.1
E05383,H014,2024-12-14,Technology,17013.04
E05384,H014,2024-12-26,Security,21947.76
E05385,H014,2024-12-11,Transportation,16542.51
E05386,H014,2024-12-12,Supplies,21904.14
E05387,H014,2024-12-10,Laundry,27367.18
E05388,H014,2024-12-22,Other Operating Expenses,5162.21
E05389,H014,2024-12-29,Supplies,43162.18
E05390,H014,2025-01-08,Employee & Staff,144608.79
E05391,H014,2025-01-16,Utilities,84707.94
E05392,H014,2025-01-25,Maintenance,49190.67
E05393,H014,2025-01-03,Housekeeping,45873.44
E05394,H014,2025-01-13,Food & Beverage,56493.29
E05395,H014,2025-01-23,Marketing,42094.2
E05396,H014,2025-01-30,Technology,16752.56
E05397,H014,2025-01-16,Security,21394.48
E05398,H014,2025-01-20,Transportation,16862.43
E05399,H014,2025-01-17,Supplies,21957.3
E05400,H014,2025-01-03,Laundry,24267.19
E05401,H014,2025-01-09,Other Operating Expenses,4690.93
E05402,H014,2025-02-09,Employee & Staff,145867.58
E05403,H014,2025-02-20,Utilities,61022.75
E05404,H014,2025-02-10,Maintenance,55319.3
E05405,H014,2025-02-25,Housekeeping,39886.98
E05406,H014,2025-02-23,Food & Beverage,56819.92
E05407,H014,2025-02-26,Marketing,18158.05
E05408,H014,2025-02-01,Technology,13472.94
E05409,H014,2025-02-12,Security,19116.26
E05410,H014,2025-02-17,Transportation,15287.38
E05411,H014,2025-02-05,Supplies,16961.77
E05412,H014,2025-02-04,Laundry,24381.41
E05413,H014,2025-02-14,Other Operating Expenses,4477.38
E05414,H014,2025-03-20,Employee & Staff,159934.26
E05415,H014,2025-03-10,Utilities,89110.93
E05416,H014,2025-03-16,Maintenance,48546.41
E05417,H014,2025-03-09,Housekeeping,39436.88
E05418,H014,2025-03-17,Food & Beverage,65411.03
E05419,H014,2025-03-12,Marketing,24691.5
E05420,H014,2025-03-07,Technology,15144.35
E05421,H014,2025-03-23,Security,24148.47
E05422,H014,2025-03-24,Transportation,16854.96
E05423,H014,2025-03-05,Supplies,23501.99
E05424,H014,2025-03-16,Laundry,28847.51
E05425,H014,2025-03-20,Other Operating Expenses,5547.75
E05426,H014,2025-03-23,Transportation,37699.4
E05427,H014,2025-04-10,Employee & Staff,136024.84
E05428,H014,2025-04-26,Utilities,62908.52
E05429,H014,2025-04-25,Maintenance,78118.16
E05430,H014,2025-04-24,Housekeeping,33641.02
E05431,H014,2025-04-12,Food & Beverage,62268.54
E05432,H014,2025-04-26,Marketing,20233.05
E05433,H014,2025-04-05,Technology,13922.32
E05434,H014,2025-04-25,Security,20405.28
E05435,H014,2025-04-14,Transportation,13234.64
E05436,H014,2025-04-29,Supplies,18604.34
E05437,H014,2025-04-08,Laundry,23198.38
E05438,H014,2025-04-13,Other Operating Expenses,4255.88
E05439,H014,2025-04-04,Supplies,51027.45
E05440,H014,2025-05-05,Employee & Staff,183705.77
E05441,H014,2025-05-23,Utilities,82858.77
E05442,H014,2025-05-19,Maintenance,50069.77
E05443,H014,2025-05-15,Housekeeping,40050.81
E05444,H014,2025-05-25,Food & Beverage,63852.75
E05445,H014,2025-05-26,Marketing,25062.28
E05446,H014,2025-05-06,Technology,15805.61
E05447,H014,2025-05-16,Security,20943.53
E05448,H014,2025-05-14,Transportation,17870.52
E05449,H014,2025-05-15,Supplies,21534.07
E05450,H014,2025-05-08,Laundry,26805.86
E05451,H014,2025-05-14,Other Operating Expenses,6030.78
E05452,H014,2025-05-25,Supplies,38494.64
E05453,H014,2025-06-28,Employee & Staff,162797.39
E05454,H014,2025-06-21,Utilities,85846.64
E05455,H014,2025-06-25,Maintenance,42104.94
E05456,H014,2025-06-25,Housekeeping,43273.76
E05457,H014,2025-06-07,Food & Beverage,66435.53
E05458,H014,2025-06-01,Marketing,41038.51
E05459,H014,2025-06-28,Technology,15240.9
E05460,H014,2025-06-22,Security,21497.26
E05461,H014,2025-06-15,Transportation,13470.36
E05462,H014,2025-06-30,Supplies,21985.65
E05463,H014,2025-06-19,Laundry,23676.76
E05464,H014,2025-06-18,Other Operating Expenses,4920.19
E05465,H014,2025-06-08,Marketing,36190.37
E05466,H014,2025-07-14,Employee & Staff,150646.67
E05467,H014,2025-07-27,Utilities,76780.52
E05468,H014,2025-07-08,Maintenance,50329.5
E05469,H014,2025-07-23,Housekeeping,34199.04
E05470,H014,2025-07-31,Food & Beverage,48672.97
E05471,H014,2025-07-01,Marketing,19355.27
E05472,H014,2025-07-09,Technology,14260.03
E05473,H014,2025-07-09,Security,20317.34
E05474,H014,2025-07-05,Transportation,14364.31
E05475,H014,2025-07-08,Supplies,15926.76
E05476,H014,2025-07-31,Laundry,24956.03
E05477,H014,2025-07-01,Other Operating Expenses,4891.75
E05478,H014,2025-08-12,Employee & Staff,186534.32
E05479,H014,2025-08-09,Utilities,80270.91
E05480,H014,2025-08-27,Maintenance,42457.63
E05481,H014,2025-08-05,Housekeeping,41480.62
E05482,H014,2025-08-12,Food & Beverage,70416.38
E05483,H014,2025-08-11,Marketing,24390.32
E05484,H014,2025-08-06,Technology,16844.53
E05485,H014,2025-08-16,Security,21610.62
E05486,H014,2025-08-16,Transportation,17538.71
E05487,H014,2025-08-08,Supplies,22330.83
E05488,H014,2025-08-23,Laundry,25635.25
E05489,H014,2025-08-09,Other Operating Expenses,5905.91
E05490,H014,2025-08-28,Supplies,31914.09
E05491,H014,2025-09-15,Employee & Staff,146971.91
E05492,H014,2025-09-17,Utilities,81694.61
E05493,H014,2025-09-05,Maintenance,51349.18
E05494,H014,2025-09-25,Housekeeping,48792.41
E05495,H014,2025-09-13,Food & Beverage,71500.37
E05496,H014,2025-09-14,Marketing,29749.36
E05497,H014,2025-09-04,Technology,14634.84
E05498,H014,2025-09-10,Security,19902.25
E05499,H014,2025-09-04,Transportation,15642.1
E05500,H014,2025-09-23,Supplies,19714.86
E05501,H014,2025-09-30,Laundry,25726.65
E05502,H014,2025-09-08,Other Operating Expenses,5224.12
E05503,H014,2025-09-15,Supplies,39836.97
E05504,H014,2025-10-06,Employee & Staff,144213.1
E05505,H014,2025-10-22,Utilities,74596.16
E05506,H014,2025-10-08,Maintenance,64661.77
E05507,H014,2025-10-10,Housekeeping,42035.04
E05508,H014,2025-10-21,Food & Beverage,70363.54
E05509,H014,2025-10-15,Marketing,28212.02
E05510,H014,2025-10-18,Technology,14867.28
E05511,H014,2025-10-05,Security,19200.5
E05512,H014,2025-10-07,Transportation,15077.46
E05513,H014,2025-10-15,Supplies,19534.54
E05514,H014,2025-10-08,Laundry,30580.12
E05515,H014,2025-10-22,Other Operating Expenses,5381.55
E05516,H014,2025-11-03,Employee & Staff,161304.21
E05517,H014,2025-11-10,Utilities,75718.47
E05518,H014,2025-11-19,Maintenance,69315.48
E05519,H014,2025-11-28,Housekeeping,40233.03
E05520,H014,2025-11-15,Food & Beverage,76365.24
E05521,H014,2025-11-12,Marketing,33538.64
E05522,H014,2025-11-18,Technology,18714.98
E05523,H014,2025-11-29,Security,23051.53
E05524,H014,2025-11-16,Transportation,17300.66
E05525,H014,2025-11-18,Supplies,24277.5
E05526,H014,2025-11-24,Laundry,30084.46
E05527,H014,2025-11-28,Other Operating Expenses,5098.74
E05528,H014,2025-12-08,Employee & Staff,185175.73
E05529,H014,2025-12-26,Utilities,87991.32
E05530,H014,2025-12-08,Maintenance,59498.83
E05531,H014,2025-12-05,Housekeeping,52403.56
E05532,H014,2025-12-08,Food & Beverage,77838.63
E05533,H014,2025-12-08,Marketing,31057.63
E05534,H014,2025-12-19,Technology,18783.13
E05535,H014,2025-12-28,Security,26094.73
E05536,H014,2025-12-08,Transportation,19639.27
E05537,H014,2025-12-22,Supplies,22673.26
E05538,H014,2025-12-14,Laundry,28977.73
E05539,H014,2025-12-24,Other Operating Expenses,5126.94
E05540,H014,2026-01-17,Employee & Staff,158820.05
E05541,H014,2026-01-26,Utilities,78756.2
E05542,H014,2026-01-05,Maintenance,51741.0
E05543,H014,2026-01-31,Housekeeping,43623.26
E05544,H014,2026-01-23,Food & Beverage,63515.84
E05545,H014,2026-01-30,Marketing,29617.16
E05546,H014,2026-01-27,Technology,14528.09
E05547,H014,2026-01-09,Security,23953.67
E05548,H014,2026-01-28,Transportation,14080.04
E05549,H014,2026-01-28,Supplies,23918.36
E05550,H014,2026-01-08,Laundry,25011.79
E05551,H014,2026-01-03,Other Operating Expenses,5352.86
E05552,H014,2026-02-03,Employee & Staff,176472.97
E05553,H014,2026-02-21,Utilities,82012.17
E05554,H014,2026-02-03,Maintenance,45971.79
E05555,H014,2026-02-23,Housekeeping,41054.39
E05556,H014,2026-02-09,Food & Beverage,67295.84
E05557,H014,2026-02-23,Marketing,21456.65
E05558,H014,2026-02-16,Technology,14369.28
E05559,H014,2026-02-23,Security,19267.84
E05560,H014,2026-02-24,Transportation,17043.49
E05561,H014,2026-02-06,Supplies,22503.34
E05562,H014,2026-02-22,Laundry,26551.8
E05563,H014,2026-02-18,Other Operating Expenses,5460.94
E05564,H014,2026-02-10,Marketing,60986.51
E05565,H014,2026-03-02,Employee & Staff,185567.02
E05566,H014,2026-03-02,Utilities,97175.05
E05567,H014,2026-03-19,Maintenance,66352.8
E05568,H014,2026-03-17,Housekeeping,47145.02
E05569,H014,2026-03-12,Food & Beverage,71397.81
E05570,H014,2026-03-07,Marketing,23351.83
E05571,H014,2026-03-29,Technology,16791.16
E05572,H014,2026-03-08,Security,24682.94
E05573,H014,2026-03-21,Transportation,16752.65
E05574,H014,2026-03-27,Supplies,26212.31
E05575,H014,2026-03-06,Laundry,25776.22
E05576,H014,2026-03-23,Other Operating Expenses,6487.35
E05577,H014,2026-04-29,Employee & Staff,176342.72
E05578,H014,2026-04-16,Utilities,93095.64
E05579,H014,2026-04-26,Maintenance,47807.54
E05580,H014,2026-04-24,Housekeeping,43637.73
E05581,H014,2026-04-11,Food & Beverage,71049.57
E05582,H014,2026-04-08,Marketing,30311.87
E05583,H014,2026-04-12,Technology,16132.65
E05584,H014,2026-04-14,Security,24683.71
E05585,H014,2026-04-13,Transportation,16121.27
E05586,H014,2026-04-24,Supplies,26903.9
E05587,H014,2026-04-04,Laundry,30202.3
E05588,H014,2026-04-26,Other Operating Expenses,5520.98
E05589,H014,2026-04-20,Maintenance,33956.33
E05590,H014,2026-05-31,Employee & Staff,143684.23
E05591,H014,2026-05-08,Utilities,87164.8
E05592,H014,2026-05-30,Maintenance,61742.89
E05593,H014,2026-05-28,Housekeeping,40560.07
E05594,H014,2026-05-29,Food & Beverage,67766.39
E05595,H014,2026-05-26,Marketing,25861.33
E05596,H014,2026-05-22,Technology,16930.57
E05597,H014,2026-05-07,Security,18964.09
E05598,H014,2026-05-10,Transportation,14859.94
E05599,H014,2026-05-31,Supplies,19476.85
E05600,H014,2026-05-30,Laundry,29140.41
E05601,H014,2026-05-20,Other Operating Expenses,5252.07
E05602,H014,2026-05-26,Maintenance,59840.06
E05603,H014,2026-06-11,Employee & Staff,191144.81
E05604,H014,2026-06-23,Utilities,79311.28
E05605,H014,2026-06-03,Maintenance,54938.53
E05606,H014,2026-06-21,Housekeeping,46026.82
E05607,H014,2026-06-17,Food & Beverage,74084.69
E05608,H014,2026-06-24,Marketing,27613.2
E05609,H014,2026-06-25,Technology,15878.85
E05610,H014,2026-06-05,Security,25684.93
E05611,H014,2026-06-20,Transportation,19008.93
E05612,H014,2026-06-17,Supplies,25963.29
E05613,H014,2026-06-15,Laundry,32225.75
E05614,H014,2026-06-23,Other Operating Expenses,5460.16
E05615,H014,2026-06-22,Supplies,30045.55
E05616,H014,2026-07-28,Employee & Staff,204119.47
E05617,H014,2026-07-31,Utilities,112334.71
E05618,H014,2026-07-19,Maintenance,74246.21
E05619,H014,2026-07-10,Housekeeping,53795.01
E05620,H014,2026-07-14,Food & Beverage,72757.99
E05621,H014,2026-07-17,Marketing,29231.95
E05622,H014,2026-07-15,Technology,19738.25
E05623,H014,2026-07-18,Security,24255.6
E05624,H014,2026-07-09,Transportation,21952.32
E05625,H014,2026-07-12,Supplies,24729.15
E05626,H014,2026-07-11,Laundry,31672.58
E05627,H014,2026-07-27,Other Operating Expenses,6674.53
E05628,H014,2026-08-27,Employee & Staff,177968.78
E05629,H014,2026-08-31,Utilities,91228.16
E05630,H014,2026-08-10,Maintenance,54171.02
E05631,H014,2026-08-11,Housekeeping,48755.85
E05632,H014,2026-08-14,Food & Beverage,66695.04
E05633,H014,2026-08-20,Marketing,24768.86
E05634,H014,2026-08-05,Technology,15945.86
E05635,H014,2026-08-27,Security,21850.01
E05636,H014,2026-08-26,Transportation,16110.22
E05637,H014,2026-08-07,Supplies,24217.32
E05638,H014,2026-08-31,Laundry,32771.15
E05639,H014,2026-08-07,Other Operating Expenses,6237.75
E05640,H015,2024-01-12,Employee & Staff,154622.54
E05641,H015,2024-01-24,Utilities,76506.76
E05642,H015,2024-01-01,Maintenance,52645.58
E05643,H015,2024-01-05,Housekeeping,40031.01
E05644,H015,2024-01-29,Food & Beverage,62366.46
E05645,H015,2024-01-30,Marketing,30354.69
E05646,H015,2024-01-13,Technology,12913.39
E05647,H015,2024-01-25,Security,19449.12
E05648,H015,2024-01-15,Transportation,14841.47
E05649,H015,2024-01-24,Supplies,18033.52
E05650,H015,2024-01-21,Laundry,22637.84
E05651,H015,2024-01-22,Other Operating Expenses,5005.69
E05652,H015,2024-01-29,Marketing,65258.09
E05653,H015,2024-02-08,Employee & Staff,143110.88
E05654,H015,2024-02-09,Utilities,74892.25
E05655,H015,2024-02-05,Maintenance,43647.99
E05656,H015,2024-02-14,Housekeeping,38994.05
E05657,H015,2024-02-18,Food & Beverage,70886.53
E05658,H015,2024-02-10,Marketing,25538.41
E05659,H015,2024-02-15,Technology,13981.3
E05660,H015,2024-02-20,Security,21984.52
E05661,H015,2024-02-21,Transportation,16155.43
E05662,H015,2024-02-25,Supplies,19991.78
E05663,H015,2024-02-04,Laundry,24512.82
E05664,H015,2024-02-12,Other Operating Expenses,4789.26
E05665,H015,2024-02-12,Transportation,29565.59
E05666,H015,2024-03-12,Employee & Staff,140586.59
E05667,H015,2024-03-23,Utilities,77540.29
E05668,H015,2024-03-28,Maintenance,40839.55
E05669,H015,2024-03-17,Housekeeping,38992.65
E05670,H015,2024-03-18,Food & Beverage,59882.4
E05671,H015,2024-03-14,Marketing,23179.99
E05672,H015,2024-03-01,Technology,13759.89
E05673,H015,2024-03-05,Security,20105.83
E05674,H015,2024-03-13,Transportation,15289.43
E05675,H015,2024-03-29,Supplies,20581.75
E05676,H015,2024-03-03,Laundry,24717.61
E05677,H015,2024-03-23,Other Operating Expenses,5032.2
E05678,H015,2024-04-15,Employee & Staff,130072.84
E05679,H015,2024-04-29,Utilities,72333.4
E05680,H015,2024-04-04,Maintenance,43811.01
E05681,H015,2024-04-21,Housekeeping,43476.65
E05682,H015,2024-04-29,Food & Beverage,54222.09
E05683,H015,2024-04-13,Marketing,19578.56
E05684,H015,2024-04-15,Technology,14529.92
E05685,H015,2024-04-07,Security,19402.21
E05686,H015,2024-04-11,Transportation,12959.9
E05687,H015,2024-04-12,Supplies,18111.67
E05688,H015,2024-04-10,Laundry,25261.38
E05689,H015,2024-04-10,Other Operating Expenses,4416.01
E05690,H015,2024-05-23,Employee & Staff,138329.73
E05691,H015,2024-05-03,Utilities,60921.97
E05692,H015,2024-05-13,Maintenance,48506.63
E05693,H015,2024-05-11,Housekeeping,31887.69
E05694,H015,2024-05-05,Food & Beverage,46460.4
E05695,H015,2024-05-04,Marketing,18665.34
E05696,H015,2024-05-14,Technology,13062.91
E05697,H015,2024-05-09,Security,17099.91
E05698,H015,2024-05-06,Transportation,14199.03
E05699,H015,2024-05-11,Supplies,17926.13
E05700,H015,2024-05-12,Laundry,24165.15
E05701,H015,2024-05-28,Other Operating Expenses,3864.42
E05702,H015,2024-05-02,Transportation,24853.86
E05703,H015,2024-06-03,Employee & Staff,146838.1
E05704,H015,2024-06-17,Utilities,64900.72
E05705,H015,2024-06-07,Maintenance,44766.35
E05706,H015,2024-06-29,Housekeeping,38079.95
E05707,H015,2024-06-26,Food & Beverage,50801.91
E05708,H015,2024-06-01,Marketing,21254.74
E05709,H015,2024-06-23,Technology,14570.1
E05710,H015,2024-06-25,Security,17694.69
E05711,H015,2024-06-11,Transportation,14886.9
E05712,H015,2024-06-29,Supplies,18058.66
E05713,H015,2024-06-29,Laundry,24717.72
E05714,H015,2024-06-08,Other Operating Expenses,4388.36
E05715,H015,2024-07-10,Employee & Staff,130852.79
E05716,H015,2024-07-05,Utilities,63977.16
E05717,H015,2024-07-19,Maintenance,45190.83
E05718,H015,2024-07-27,Housekeeping,40111.28
E05719,H015,2024-07-15,Food & Beverage,53443.11
E05720,H015,2024-07-07,Marketing,29495.29
E05721,H015,2024-07-12,Technology,14837.9
E05722,H015,2024-07-23,Security,20357.21
E05723,H015,2024-07-12,Transportation,13782.82
E05724,H015,2024-07-28,Supplies,18564.82
E05725,H015,2024-07-25,Laundry,22522.72
E05726,H015,2024-07-11,Other Operating Expenses,4059.95
E05727,H015,2024-08-13,Employee & Staff,138257.1
E05728,H015,2024-08-26,Utilities,83767.34
E05729,H015,2024-08-26,Maintenance,58588.26
E05730,H015,2024-08-14,Housekeeping,42526.78
E05731,H015,2024-08-02,Food & Beverage,55484.8
E05732,H015,2024-08-06,Marketing,23326.09
E05733,H015,2024-08-08,Technology,15884.03
E05734,H015,2024-08-07,Security,19589.69
E05735,H015,2024-08-12,Transportation,16463.6
E05736,H015,2024-08-14,Supplies,17769.28
E05737,H015,2024-08-29,Laundry,26013.19
E05738,H015,2024-08-18,Other Operating Expenses,4806.95
E05739,H015,2024-09-05,Employee & Staff,175168.08
E05740,H015,2024-09-28,Utilities,77153.57
E05741,H015,2024-09-09,Maintenance,53461.28
E05742,H015,2024-09-12,Housekeeping,44331.38
E05743,H015,2024-09-17,Food & Beverage,67500.3
E05744,H015,2024-09-09,Marketing,29594.57
E05745,H015,2024-09-20,Technology,14500.68
E05746,H015,2024-09-28,Security,21763.69
E05747,H015,2024-09-22,Transportation,15741.94
E05748,H015,2024-09-11,Supplies,22619.01
E05749,H015,2024-09-30,Laundry,26095.4
E05750,H015,2024-09-25,Other Operating Expenses,4906.23
E05751,H015,2024-09-26,Supplies,28226.41
E05752,H015,2024-10-05,Employee & Staff,149323.23
E05753,H015,2024-10-27,Utilities,79293.04
E05754,H015,2024-10-04,Maintenance,46132.45
E05755,H015,2024-10-26,Housekeeping,37416.76
E05756,H015,2024-10-04,Food & Beverage,55341.72
E05757,H015,2024-10-23,Marketing,29095.79
E05758,H015,2024-10-05,Technology,13017.09
E05759,H015,2024-10-08,Security,20408.7
E05760,H015,2024-10-16,Transportation,13342.56
E05761,H015,2024-10-08,Supplies,20997.66
E05762,H015,2024-10-01,Laundry,25095.48
E05763,H015,2024-10-22,Other Operating Expenses,4433.21
E05764,H015,2024-10-08,Supplies,53129.22
E05765,H015,2024-11-12,Employee & Staff,146968.53
E05766,H015,2024-11-13,Utilities,93708.1
E05767,H015,2024-11-27,Maintenance,69392.37
E05768,H015,2024-11-21,Housekeeping,44414.36
E05769,H015,2024-11-02,Food & Beverage,73303.32
E05770,H015,2024-11-24,Marketing,34271.64
E05771,H015,2024-11-26,Technology,15355.71
E05772,H015,2024-11-06,Security,20699.06
E05773,H015,2024-11-11,Transportation,16417.95
E05774,H015,2024-11-25,Supplies,21263.32
E05775,H015,2024-11-20,Laundry,26045.5
E05776,H015,2024-11-24,Other Operating Expenses,6043.42
E05777,H015,2024-11-03,Supplies,44549.24
E05778,H015,2024-12-03,Employee & Staff,163980.88
E05779,H015,2024-12-25,Utilities,85957.59
E05780,H015,2024-12-23,Maintenance,40400.1
E05781,H015,2024-12-06,Housekeeping,42227.33
E05782,H015,2024-12-31,Food & Beverage,63146.05
E05783,H015,2024-12-06,Marketing,31751.62
E05784,H015,2024-12-29,Technology,16906.9
E05785,H015,2024-12-20,Security,20042.94
E05786,H015,2024-12-31,Transportation,17067.79
E05787,H015,2024-12-31,Supplies,21802.72
E05788,H015,2024-12-08,Laundry,26704.6
E05789,H015,2024-12-09,Other Operating Expenses,4837.23
E05790,H015,2024-12-31,Maintenance,57940.67
E05791,H015,2025-01-07,Employee & Staff,131109.21
E05792,H015,2025-01-28,Utilities,81778.0
E05793,H015,2025-01-13,Maintenance,86484.65
E05794,H015,2025-01-16,Housekeeping,41209.83
E05795,H015,2025-01-16,Food & Beverage,57641.65
E05796,H015,2025-01-12,Marketing,30256.3
E05797,H015,2025-01-04,Technology,16305.32
E05798,H015,2025-01-30,Security,18633.54
E05799,H015,2025-01-15,Transportation,12829.61
E05800,H015,2025-01-22,Supplies,20284.73
E05801,H015,2025-01-03,Laundry,25587.68
E05802,H015,2025-01-22,Other Operating Expenses,4297.29
E05803,H015,2025-02-02,Employee & Staff,187747.94
E05804,H015,2025-02-25,Utilities,84753.15
E05805,H015,2025-02-12,Maintenance,50967.09
E05806,H015,2025-02-23,Housekeeping,44624.58
E05807,H015,2025-02-18,Food & Beverage,68632.01
E05808,H015,2025-02-23,Marketing,27882.09
E05809,H015,2025-02-25,Technology,15418.54
E05810,H015,2025-02-15,Security,21353.99
E05811,H015,2025-02-24,Transportation,15513.08
E05812,H015,2025-02-18,Supplies,24465.98
E05813,H015,2025-02-15,Laundry,25413.95
E05814,H015,2025-02-22,Other Operating Expenses,5560.75
E05815,H015,2025-02-07,Supplies,41149.37
E05816,H015,2025-03-27,Employee & Staff,140211.18
E05817,H015,2025-03-02,Utilities,73760.17
E05818,H015,2025-03-27,Maintenance,47820.9
E05819,H015,2025-03-22,Housekeeping,35468.87
E05820,H015,2025-03-18,Food & Beverage,65497.63
E05821,H015,2025-03-22,Marketing,19855.67
E05822,H015,2025-03-19,Technology,14666.69
E05823,H015,2025-03-13,Security,18358.68
E05824,H015,2025-03-02,Transportation,14547.29
E05825,H015,2025-03-16,Supplies,20846.26
E05826,H015,2025-03-01,Laundry,24734.06
E05827,H015,2025-03-19,Other Operating Expenses,4615.34
E05828,H015,2025-03-30,Maintenance,55672.34
E05829,H015,2025-04-13,Employee & Staff,153377.61
E05830,H015,2025-04-29,Utilities,63694.04
E05831,H015,2025-04-07,Maintenance,45527.81
E05832,H015,2025-04-08,Housekeeping,37152.61
E05833,H015,2025-04-12,Food & Beverage,51434.72
E05834,H015,2025-04-04,Marketing,19839.32
E05835,H015,2025-04-13,Technology,13355.96
E05836,H015,2025-04-24,Security,18440.28
E05837,H015,2025-04-29,Transportation,16172.71
E05838,H015,2025-04-14,Supplies,19209.98
E05839,H015,2025-04-15,Laundry,21842.4
E05840,H015,2025-04-22,Other Operating Expenses,4631.37
E05841,H015,2025-05-30,Employee & Staff,164543.37
E05842,H015,2025-05-21,Utilities,82133.02
E05843,H015,2025-05-16,Maintenance,63276.67
E05844,H015,2025-05-20,Housekeeping,45623.67
E05845,H015,2025-05-12,Food & Beverage,55958.04
E05846,H015,2025-05-03,Marketing,23483.28
E05847,H015,2025-05-02,Technology,15340.33
E05848,H015,2025-05-29,Security,20316.78
E05849,H015,2025-05-06,Transportation,15298.81
E05850,H015,2025-05-29,Supplies,21672.8
E05851,H015,2025-05-26,Laundry,27758.97
E05852,H015,2025-05-11,Other Operating Expenses,5404.32
E05853,H015,2025-06-24,Employee & Staff,132654.6
E05854,H015,2025-06-03,Utilities,81039.91
E05855,H015,2025-06-15,Maintenance,60125.28
E05856,H015,2025-06-24,Housekeeping,37720.15
E05857,H015,2025-06-15,Food & Beverage,57344.09
E05858,H015,2025-06-11,Marketing,20343.89
E05859,H015,2025-06-21,Technology,13543.4
E05860,H015,2025-06-29,Security,19165.97
E05861,H015,2025-06-09,Transportation,14444.92
E05862,H015,2025-06-07,Supplies,19475.03
E05863,H015,2025-06-26,Laundry,25102.61
E05864,H015,2025-06-17,Other Operating Expenses,4720.52
E05865,H015,2025-06-15,Maintenance,30714.13
E05866,H015,2025-07-21,Employee & Staff,149529.67
E05867,H015,2025-07-12,Utilities,85976.79
E05868,H015,2025-07-26,Maintenance,57438.44
E05869,H015,2025-07-29,Housekeeping,38388.51
E05870,H015,2025-07-18,Food & Beverage,71321.22
E05871,H015,2025-07-13,Marketing,26014.95
E05872,H015,2025-07-31,Technology,17695.57
E05873,H015,2025-07-15,Security,18928.09
E05874,H015,2025-07-05,Transportation,14764.43
E05875,H015,2025-07-31,Supplies,19212.83
E05876,H015,2025-07-10,Laundry,28324.42
E05877,H015,2025-07-08,Other Operating Expenses,4704.97
E05878,H015,2025-07-16,Supplies,35523.36
E05879,H015,2025-08-11,Employee & Staff,158732.37
E05880,H015,2025-08-16,Utilities,73982.13
E05881,H015,2025-08-21,Maintenance,55049.02
E05882,H015,2025-08-30,Housekeeping,38602.02
E05883,H015,2025-08-07,Food & Beverage,57538.49
E05884,H015,2025-08-06,Marketing,21855.85
E05885,H015,2025-08-08,Technology,16702.91
E05886,H015,2025-08-12,Security,22140.73
E05887,H015,2025-08-19,Transportation,13970.29
E05888,H015,2025-08-05,Supplies,18682.96
E05889,H015,2025-08-10,Laundry,27071.99
E05890,H015,2025-08-07,Other Operating Expenses,4924.38
E05891,H015,2025-09-01,Employee & Staff,167674.16
E05892,H015,2025-09-04,Utilities,67589.58
E05893,H015,2025-09-02,Maintenance,53270.42
E05894,H015,2025-09-09,Housekeeping,44915.23
E05895,H015,2025-09-20,Food & Beverage,67316.71
E05896,H015,2025-09-22,Marketing,31424.77
E05897,H015,2025-09-28,Technology,15477.21
E05898,H015,2025-09-12,Security,20273.14
E05899,H015,2025-09-10,Transportation,13571.9
E05900,H015,2025-09-26,Supplies,19713.37
E05901,H015,2025-09-16,Laundry,25293.93
E05902,H015,2025-09-17,Other Operating Expenses,5136.29
E05903,H015,2025-09-05,Marketing,41685.08
E05904,H015,2025-10-22,Employee & Staff,142725.05
E05905,H015,2025-10-05,Utilities,72818.52
E05906,H015,2025-10-10,Maintenance,71163.98
E05907,H015,2025-10-04,Housekeeping,36536.32
E05908,H015,2025-10-01,Food & Beverage,58686.93
E05909,H015,2025-10-01,Marketing,28772.51
E05910,H015,2025-10-07,Technology,14906.1
E05911,H015,2025-10-01,Security,20131.84
E05912,H015,2025-10-29,Transportation,16865.46
E05913,H015,2025-10-31,Supplies,22170.74
E05914,H015,2025-10-30,Laundry,26570.42
E05915,H015,2025-10-05,Other Operating Expenses,5576.78
E05916,H015,2025-11-13,Employee & Staff,180316.2
E05917,H015,2025-11-21,Utilities,89912.08
E05918,H015,2025-11-09,Maintenance,69577.1
E05919,H015,2025-11-03,Housekeeping,49291.53
E05920,H015,2025-11-23,Food & Beverage,60772.8
E05921,H015,2025-11-09,Marketing,30694.23
E05922,H015,2025-11-06,Technology,16789.78
E05923,H015,2025-11-20,Security,22698.8
E05924,H015,2025-11-19,Transportation,18524.26
E05925,H015,2025-11-13,Supplies,23136.56
E05926,H015,2025-11-28,Laundry,25938.96
E05927,H015,2025-11-08,Other Operating Expenses,5885.63
E05928,H015,2025-12-23,Employee & Staff,169327.64
E05929,H015,2025-12-05,Utilities,88208.2
E05930,H015,2025-12-26,Maintenance,50642.02
E05931,H015,2025-12-20,Housekeeping,48249.07
E05932,H015,2025-12-19,Food & Beverage,69125.09
E05933,H015,2025-12-01,Marketing,29161.71
E05934,H015,2025-12-26,Technology,19214.36
E05935,H015,2025-12-26,Security,25247.57
E05936,H015,2025-12-15,Transportation,17665.27
E05937,H015,2025-12-27,Supplies,20017.91
E05938,H015,2025-12-02,Laundry,25380.39
E05939,H015,2025-12-02,Other Operating Expenses,5660.43
E05940,H015,2025-12-27,Marketing,73841.48
E05941,H015,2026-01-16,Employee & Staff,166490.68
E05942,H015,2026-01-08,Utilities,73433.51
E05943,H015,2026-01-22,Maintenance,52132.74
E05944,H015,2026-01-26,Housekeeping,39250.1
E05945,H015,2026-01-31,Food & Beverage,56249.28
E05946,H015,2026-01-25,Marketing,26540.51
E05947,H015,2026-01-28,Technology,14973.99
E05948,H015,2026-01-03,Security,20529.26
E05949,H015,2026-01-13,Transportation,14115.66
E05950,H015,2026-01-26,Supplies,18185.11
E05951,H015,2026-01-18,Laundry,27772.23
E05952,H015,2026-01-21,Other Operating Expenses,5387.69
E05953,H015,2026-01-06,Supplies,40724.23
E05954,H015,2026-02-08,Employee & Staff,181936.83
E05955,H015,2026-02-22,Utilities,83347.58
E05956,H015,2026-02-22,Maintenance,72935.67
E05957,H015,2026-02-09,Housekeeping,47086.36
E05958,H015,2026-02-18,Food & Beverage,63967.83
E05959,H015,2026-02-05,Marketing,24539.93
E05960,H015,2026-02-19,Technology,16249.09
E05961,H015,2026-02-23,Security,20211.35
E05962,H015,2026-02-16,Transportation,16284.69
E05963,H015,2026-02-16,Supplies,21789.43
E05964,H015,2026-02-11,Laundry,28412.94
E05965,H015,2026-02-14,Other Operating Expenses,5213.0
E05966,H015,2026-02-03,Maintenance,59246.32
E05967,H015,2026-03-26,Employee & Staff,197207.35
E05968,H015,2026-03-05,Utilities,90690.28
E05969,H015,2026-03-14,Maintenance,76725.48
E05970,H015,2026-03-24,Housekeeping,53995.52
E05971,H015,2026-03-13,Food & Beverage,76530.1
E05972,H015,2026-03-24,Marketing,29889.71
E05973,H015,2026-03-14,Technology,21744.84
E05974,H015,2026-03-11,Security,23219.89
E05975,H015,2026-03-16,Transportation,20670.82
E05976,H015,2026-03-09,Supplies,24167.79
E05977,H015,2026-03-08,Laundry,34598.83
E05978,H015,2026-03-20,Other Operating Expenses,6518.9
E05979,H015,2026-03-04,Transportation,22256.75
E05980,H015,2026-04-21,Employee & Staff,152250.42
E05981,H015,2026-04-26,Utilities,79708.51
E05982,H015,2026-04-01,Maintenance,44865.56
E05983,H015,2026-04-06,Housekeeping,41114.75
E05984,H015,2026-04-01,Food & Beverage,54983.06
E05985,H015,2026-04-17,Marketing,21904.71
E05986,H015,2026-04-07,Technology,14129.27
E05987,H015,2026-04-20,Security,19697.88
E05988,H015,2026-04-16,Transportation,14071.65
E05989,H015,2026-04-02,Supplies,18230.05
E05990,H015,2026-04-27,Laundry,23056.77
E05991,H015,2026-04-22,Other Operating Expenses,4733.43
E05992,H015,2026-04-23,Supplies,27525.8
E05993,H015,2026-05-13,Employee & Staff,210720.99
E05994,H015,2026-05-04,Utilities,106779.65
E05995,H015,2026-05-15,Maintenance,75622.95
E05996,H015,2026-05-21,Housekeeping,52482.94
E05997,H015,2026-05-23,Food & Beverage,71192.09
E05998,H015,2026-05-28,Marketing,30721.9
E05999,H015,2026-05-16,Technology,17385.61
E06000,H015,2026-05-03,Security,26189.66
E06001,H015,2026-05-01,Transportation,19026.73
E06002,H015,2026-05-05,Supplies,25948.93
E06003,H015,2026-05-30,Laundry,27884.4
E06004,H015,2026-05-17,Other Operating Expenses,5711.44
E06005,H015,2026-05-09,Supplies,50093.91
E06006,H015,2026-06-21,Employee & Staff,162323.06
E06007,H015,2026-06-29,Utilities,85697.94
E06008,H015,2026-06-12,Maintenance,53203.11
E06009,H015,2026-06-11,Housekeeping,53099.76
E06010,H015,2026-06-17,Food & Beverage,77022.34
E06011,H015,2026-06-19,Marketing,30718.55
E06012,H015,2026-06-08,Technology,20092.97
E06013,H015,2026-06-04,Security,22569.56
E06014,H015,2026-06-03,Transportation,19755.57
E06015,H015,2026-06-14,Supplies,21874.81
E06016,H015,2026-06-28,Laundry,35045.1
E06017,H015,2026-06-01,Other Operating Expenses,6380.59
E06018,H015,2026-07-27,Employee & Staff,205568.01
E06019,H015,2026-07-26,Utilities,95955.52
E06020,H015,2026-07-30,Maintenance,53802.22
E06021,H015,2026-07-21,Housekeeping,51186.24
E06022,H015,2026-07-23,Food & Beverage,86379.49
E06023,H015,2026-07-22,Marketing,32362.86
E06024,H015,2026-07-19,Technology,18495.93
E06025,H015,2026-07-17,Security,28100.47
E06026,H015,2026-07-23,Transportation,22260.69
E06027,H015,2026-07-04,Supplies,27012.21
E06028,H015,2026-07-20,Laundry,29577.8
E06029,H015,2026-07-25,Other Operating Expenses,7065.96
E06030,H015,2026-08-27,Employee & Staff,232129.52
E06031,H015,2026-08-14,Utilities,99340.13
E06032,H015,2026-08-24,Maintenance,57349.19
E06033,H015,2026-08-27,Housekeeping,64946.0
E06034,H015,2026-08-07,Food & Beverage,94350.58
E06035,H015,2026-08-14,Marketing,35835.24
E06036,H015,2026-08-15,Technology,19495.96
E06037,H015,2026-08-05,Security,27360.54
E06038,H015,2026-08-22,Transportation,19963.63
E06039,H015,2026-08-27,Supplies,25943.04
E06040,H015,2026-08-08,Laundry,39109.61
E06041,H015,2026-08-10,Other Operating Expenses,6318.19
E06042,H015,2026-08-09,Supplies,41104.68
E06043,H016,2024-01-20,Employee & Staff,165004.86
E06044,H016,2024-01-28,Utilities,72756.39
E06045,H016,2024-01-13,Maintenance,42545.67
E06046,H016,2024-01-03,Housekeeping,41417.41
E06047,H016,2024-01-01,Food & Beverage,62622.15
E06048,H016,2024-01-08,Marketing,31788.12
E06049,H016,2024-01-24,Technology,15619.99
E06050,H016,2024-01-06,Security,17374.02
E06051,H016,2024-01-24,Transportation,16618.42
E06052,H016,2024-01-06,Supplies,20679.92
E06053,H016,2024-01-04,Laundry,23052.97
E06054,H016,2024-01-29,Other Operating Expenses,5590.15
E06055,H016,2024-01-12,Transportation,23157.65
E06056,H016,2024-02-04,Employee & Staff,123971.93
E06057,H016,2024-02-19,Utilities,62556.09
E06058,H016,2024-02-15,Maintenance,45503.92
E06059,H016,2024-02-05,Housekeeping,40902.46
E06060,H016,2024-02-03,Food & Beverage,54516.01
E06061,H016,2024-02-18,Marketing,19094.87
E06062,H016,2024-02-18,Technology,14491.36
E06063,H016,2024-02-13,Security,19294.02
E06064,H016,2024-02-05,Transportation,13218.8
E06065,H016,2024-02-18,Supplies,18373.93
E06066,H016,2024-02-10,Laundry,24881.11
E06067,H016,2024-02-03,Other Operating Expenses,4445.69
E06068,H016,2024-02-03,Marketing,31033.19
E06069,H016,2024-03-18,Employee & Staff,135761.92
E06070,H016,2024-03-31,Utilities,66009.59
E06071,H016,2024-03-02,Maintenance,48568.71
E06072,H016,2024-03-09,Housekeeping,32022.7
E06073,H016,2024-03-09,Food & Beverage,58312.78
E06074,H016,2024-03-17,Marketing,19904.04
E06075,H016,2024-03-03,Technology,14318.33
E06076,H016,2024-03-08,Security,18654.81
E06077,H016,2024-03-16,Transportation,13707.24
E06078,H016,2024-03-10,Supplies,18785.99
E06079,H016,2024-03-27,Laundry,24611.22
E06080,H016,2024-03-13,Other Operating Expenses,4909.42
E06081,H016,2024-03-31,Supplies,50274.97
E06082,H016,2024-04-12,Employee & Staff,148386.54
E06083,H016,2024-04-03,Utilities,66357.69
E06084,H016,2024-04-10,Maintenance,55743.29
E06085,H016,2024-04-16,Housekeeping,39412.61
E06086,H016,2024-04-23,Food & Beverage,64871.16
E06087,H016,2024-04-14,Marketing,22626.82
E06088,H016,2024-04-08,Technology,15485.63
E06089,H016,2024-04-01,Security,18849.76
E06090,H016,2024-04-15,Transportation,15083.85
E06091,H016,2024-04-10,Supplies,21127.67
E06092,H016,2024-04-09,Laundry,24605.55
E06093,H016,2024-04-10,Other Operating Expenses,5356.4
E06094,H016,2024-04-03,Transportation,21904.46
E06095,H016,2024-05-10,Employee & Staff,161093.01
E06096,H016,2024-05-17,Utilities,80181.78
E06097,H016,2024-05-20,Maintenance,50584.48
E06098,H016,2024-05-22,Housekeeping,38278.63
E06099,H016,2024-05-15,Food & Beverage,61219.54
E06100,H016,2024-05-22,Marketing,22931.93
E06101,H016,2024-05-16,Technology,13579.77
E06102,H016,2024-05-22,Security,20017.12
E06103,H016,2024-05-06,Transportation,13343.84
E06104,H016,2024-05-19,Supplies,20291.84
E06105,H016,2024-05-20,Laundry,24878.18
E06106,H016,2024-05-10,Other Operating Expenses,4736.6
E06107,H016,2024-05-04,Transportation,33360.32
E06108,H016,2024-06-07,Employee & Staff,137321.65
E06109,H016,2024-06-26,Utilities,83150.2
E06110,H016,2024-06-02,Maintenance,38731.44
E06111,H016,2024-06-22,Housekeeping,42341.71
E06112,H016,2024-06-25,Food & Beverage,52943.93
E06113,H016,2024-06-20,Marketing,22499.11
E06114,H016,2024-06-26,Technology,16323.44
E06115,H016,2024-06-13,Security,18529.59
E06116,H016,2024-06-03,Transportation,15385.68
E06117,H016,2024-06-09,Supplies,22001.84
E06118,H016,2024-06-25,Laundry,21993.37
E06119,H016,2024-06-15,Other Operating Expenses,5458.14
E06120,H016,2024-06-23,Maintenance,56286.48
E06121,H016,2024-07-19,Employee & Staff,156611.79
E06122,H016,2024-07-25,Utilities,75618.56
E06123,H016,2024-07-06,Maintenance,56633.07
E06124,H016,2024-07-30,Housekeeping,37110.57
E06125,H016,2024-07-03,Food & Beverage,60920.63
E06126,H016,2024-07-25,Marketing,22070.13
E06127,H016,2024-07-08,Technology,17119.18
E06128,H016,2024-07-04,Security,23469.35
E06129,H016,2024-07-07,Transportation,17390.05
E06130,H016,2024-07-14,Supplies,19605.52
E06131,H016,2024-07-26,Laundry,25251.95
E06132,H016,2024-07-11,Other Operating Expenses,4828.5
E06133,H016,2024-07-15,Marketing,46050.5
E06134,H016,2024-08-01,Employee & Staff,158893.87
E06135,H016,2024-08-02,Utilities,67059.44
E06136,H016,2024-08-03,Maintenance,53765.3
E06137,H016,2024-08-04,Housekeeping,44229.7
E06138,H016,2024-08-04,Food & Beverage,64857.54
E06139,H016,2024-08-17,Marketing,22791.68
E06140,H016,2024-08-28,Technology,16613.72
E06141,H016,2024-08-13,Security,17792.46
E06142,H016,2024-08-07,Transportation,14077.47
E06143,H016,2024-08-12,Supplies,18491.51
E06144,H016,2024-08-17,Laundry,24462.51
E06145,H016,2024-08-05,Other Operating Expenses,5192.55
E06146,H016,2024-08-29,Marketing,57864.29
E06147,H016,2024-09-21,Employee & Staff,146959.86
E06148,H016,2024-09-19,Utilities,63424.28
E06149,H016,2024-09-02,Maintenance,42411.47
E06150,H016,2024-09-18,Housekeeping,33983.81
E06151,H016,2024-09-15,Food & Beverage,54330.93
E06152,H016,2024-09-28,Marketing,28412.32
E06153,H016,2024-09-08,Technology,14625.1
E06154,H016,2024-09-08,Security,21513.11
E06155,H016,2024-09-20,Transportation,15155.96
E06156,H016,2024-09-18,Supplies,19074.35
E06157,H016,2024-09-09,Laundry,21593.36
E06158,H016,2024-09-12,Other Operating Expenses,4520.68
E06159,H016,2024-09-13,Supplies,23496.66
E06160,H016,2024-10-08,Employee & Staff,147233.62
E06161,H016,2024-10-24,Utilities,80815.95
E06162,H016,2024-10-27,Maintenance,60579.9
E06163,H016,2024-10-06,Housekeeping,40688.8
E06164,H016,2024-10-16,Food & Beverage,61939.47
E06165,H016,2024-10-02,Marketing,31477.34
E06166,H016,2024-10-28,Technology,14402.93
E06167,H016,2024-10-29,Security,22548.5
E06168,H016,2024-10-21,Transportation,14901.56
E06169,H016,2024-10-17,Supplies,20775.98
E06170,H016,2024-10-30,Laundry,25492.86
E06171,H016,2024-10-27,Other Operating Expenses,5537.25
E06172,H016,2024-10-31,Marketing,31602.31
E06173,H016,2024-11-08,Employee & Staff,168325.24
E06174,H016,2024-11-15,Utilities,88784.73
E06175,H016,2024-11-19,Maintenance,101850.62
E06176,H016,2024-11-14,Housekeeping,46380.48
E06177,H016,2024-11-12,Food & Beverage,60716.32
E06178,H016,2024-11-28,Marketing,33204.94
E06179,H016,2024-11-29,Technology,16668.05
E06180,H016,2024-11-11,Security,21541.86
E06181,H016,2024-11-26,Transportation,18600.71
E06182,H016,2024-11-04,Supplies,24418.82
E06183,H016,2024-11-04,Laundry,27509.11
E06184,H016,2024-11-19,Other Operating Expenses,5183.21
E06185,H016,2024-11-10,Supplies,34368.47
E06186,H016,2024-12-10,Employee & Staff,145717.51
E06187,H016,2024-12-17,Utilities,74018.96
E06188,H016,2024-12-29,Maintenance,41568.25
E06189,H016,2024-12-22,Housekeeping,41667.87
E06190,H016,2024-12-06,Food & Beverage,56688.8
E06191,H016,2024-12-14,Marketing,29772.81
E06192,H016,2024-12-07,Technology,13801.1
E06193,H016,2024-12-29,Security,19352.56
E06194,H016,2024-12-10,Transportation,15435.01
E06195,H016,2024-12-09,Supplies,21867.31
E06196,H016,2024-12-15,Laundry,24990.16
E06197,H016,2024-12-20,Other Operating Expenses,5599.62
E06198,H016,2025-01-21,Employee & Staff,150161.74
E06199,H016,2025-01-24,Utilities,87045.17
E06200,H016,2025-01-29,Maintenance,39814.93
E06201,H016,2025-01-25,Housekeeping,47610.75
E06202,H016,2025-01-29,Food & Beverage,56506.69
E06203,H016,2025-01-21,Marketing,28279.93
E06204,H016,2025-01-29,Technology,17407.59
E06205,H016,2025-01-14,Security,22835.19
E06206,H016,2025-01-07,Transportation,17571.18
E06207,H016,2025-01-31,Supplies,20442.2
E06208,H016,2025-01-05,Laundry,28215.05
E06209,H016,2025-01-26,Other Operating Expenses,5570.1
E06210,H016,2025-01-31,Supplies,23774.03
E06211,H016,2025-02-13,Employee & Staff,130430.25
E06212,H016,2025-02-19,Utilities,71182.76
E06213,H016,2025-02-20,Maintenance,54670.79
E06214,H016,2025-02-04,Housekeeping,33203.14
E06215,H016,2025-02-24,Food & Beverage,51042.91
E06216,H016,2025-02-20,Marketing,23528.37
E06217,H016,2025-02-10,Technology,15787.77
E06218,H016,2025-02-22,Security,20881.07
E06219,H016,2025-02-02,Transportation,12540.08
E06220,H016,2025-02-15,Supplies,17540.74
E06221,H016,2025-02-02,Laundry,26190.91
E06222,H016,2025-02-13,Other Operating Expenses,4964.64
E06223,H016,2025-02-17,Supplies,36847.0
E06224,H016,2025-03-10,Employee & Staff,148924.09
E06225,H016,2025-03-21,Utilities,84471.49
E06226,H016,2025-03-09,Maintenance,43173.83
E06227,H016,2025-03-02,Housekeeping,38381.56
E06228,H016,2025-03-02,Food & Beverage,58131.52
E06229,H016,2025-03-09,Marketing,21402.53
E06230,H016,2025-03-18,Technology,17121.44
E06231,H016,2025-03-29,Security,21678.03
E06232,H016,2025-03-08,Transportation,15755.26
E06233,H016,2025-03-21,Supplies,22924.05
E06234,H016,2025-03-20,Laundry,29183.46
E06235,H016,2025-03-07,Other Operating Expenses,5106.43
E06236,H016,2025-04-06,Employee & Staff,158598.46
E06237,H016,2025-04-07,Utilities,91124.47
E06238,H016,2025-04-14,Maintenance,55338.42
E06239,H016,2025-04-19,Housekeeping,42952.54
E06240,H016,2025-04-25,Food & Beverage,66024.18
E06241,H016,2025-04-11,Marketing,25046.67
E06242,H016,2025-04-30,Technology,15785.51
E06243,H016,2025-04-11,Security,22874.64
E06244,H016,2025-04-27,Transportation,16040.08
E06245,H016,2025-04-04,Supplies,22444.92
E06246,H016,2025-04-15,Laundry,30298.76
E06247,H016,2025-04-12,Other Operating Expenses,5189.05
E06248,H016,2025-05-14,Employee & Staff,159399.72
E06249,H016,2025-05-23,Utilities,65602.81
E06250,H016,2025-05-24,Maintenance,55438.13
E06251,H016,2025-05-25,Housekeeping,39118.11
E06252,H016,2025-05-17,Food & Beverage,49607.2
E06253,H016,2025-05-02,Marketing,18814.92
E06254,H016,2025-05-12,Technology,14138.81
E06255,H016,2025-05-09,Security,17218.04
E06256,H016,2025-05-20,Transportation,12551.79
E06257,H016,2025-05-14,Supplies,17469.51
E06258,H016,2025-05-16,Laundry,23934.08
E06259,H016,2025-05-12,Other Operating Expenses,5305.99
E06260,H016,2025-06-03,Employee & Staff,140224.84
E06261,H016,2025-06-30,Utilities,62892.69
E06262,H016,2025-06-30,Maintenance,55004.96
E06263,H016,2025-06-22,Housekeeping,38564.61
E06264,H016,2025-06-06,Food & Beverage,60794.81
E06265,H016,2025-06-03,Marketing,21944.23
E06266,H016,2025-06-22,Technology,14986.58
E06267,H016,2025-06-13,Security,20799.02
E06268,H016,2025-06-15,Transportation,12389.64
E06269,H016,2025-06-25,Supplies,18386.02
E06270,H016,2025-06-06,Laundry,21844.92
E06271,H016,2025-06-29,Other Operating Expenses,4673.78
E06272,H016,2025-06-08,Transportation,26933.26
E06273,H016,2025-07-25,Employee & Staff,146845.68
E06274,H016,2025-07-19,Utilities,84777.6
E06275,H016,2025-07-18,Maintenance,55311.7
E06276,H016,2025-07-27,Housekeeping,42527.73
E06277,H016,2025-07-15,Food & Beverage,66211.67
E06278,H016,2025-07-10,Marketing,20987.69
E06279,H016,2025-07-06,Technology,13897.2
E06280,H016,2025-07-06,Security,22095.94
E06281,H016,2025-07-14,Transportation,16142.69
E06282,H016,2025-07-18,Supplies,18893.17
E06283,H016,2025-07-23,Laundry,27817.82
E06284,H016,2025-07-04,Other Operating Expenses,5083.09
E06285,H016,2025-08-02,Employee & Staff,159056.6
E06286,H016,2025-08-22,Utilities,91036.44
E06287,H016,2025-08-28,Maintenance,59332.76
E06288,H016,2025-08-15,Housekeeping,46664.0
E06289,H016,2025-08-10,Food & Beverage,61479.91
E06290,H016,2025-08-24,Marketing,25372.8
E06291,H016,2025-08-28,Technology,15606.95
E06292,H016,2025-08-16,Security,22334.38
E06293,H016,2025-08-24,Transportation,18475.74
E06294,H016,2025-08-12,Supplies,21933.84
E06295,H016,2025-08-17,Laundry,29043.84
E06296,H016,2025-08-08,Other Operating Expenses,6378.37
E06297,H016,2025-08-14,Supplies,48767.45
E06298,H016,2025-09-18,Employee & Staff,138151.55
E06299,H016,2025-09-16,Utilities,78936.84
E06300,H016,2025-09-06,Maintenance,40478.16
E06301,H016,2025-09-06,Housekeeping,46979.26
E06302,H016,2025-09-26,Food & Beverage,56857.75
E06303,H016,2025-09-27,Marketing,32259.05
E06304,H016,2025-09-12,Technology,15069.04
E06305,H016,2025-09-07,Security,23284.09
E06306,H016,2025-09-26,Transportation,14228.53
E06307,H016,2025-09-30,Supplies,22179.64
E06308,H016,2025-09-06,Laundry,23271.13
E06309,H016,2025-09-29,Other Operating Expenses,5519.66
E06310,H016,2025-09-29,Supplies,35488.6
E06311,H016,2025-10-29,Employee & Staff,164344.82
E06312,H016,2025-10-08,Utilities,82203.7
E06313,H016,2025-10-09,Maintenance,52877.39
E06314,H016,2025-10-02,Housekeeping,44491.3
E06315,H016,2025-10-24,Food & Beverage,55656.29
E06316,H016,2025-10-21,Marketing,29823.09
E06317,H016,2025-10-08,Technology,16651.19
E06318,H016,2025-10-17,Security,23045.4
E06319,H016,2025-10-15,Transportation,16465.62
E06320,H016,2025-10-01,Supplies,20848.45
E06321,H016,2025-10-23,Laundry,28296.51
E06322,H016,2025-10-13,Other Operating Expenses,4889.21
E06323,H016,2025-10-14,Supplies,45660.11
E06324,H016,2025-11-20,Employee & Staff,148572.06
E06325,H016,2025-11-10,Utilities,77551.45
E06326,H016,2025-11-23,Maintenance,55251.19
E06327,H016,2025-11-15,Housekeeping,41681.93
E06328,H016,2025-11-03,Food & Beverage,59128.95
E06329,H016,2025-11-29,Marketing,27610.44
E06330,H016,2025-11-20,Technology,16071.86
E06331,H016,2025-11-13,Security,19801.32
E06332,H016,2025-11-20,Transportation,13850.57
E06333,H016,2025-11-15,Supplies,18962.61
E06334,H016,2025-11-11,Laundry,24016.02
E06335,H016,2025-11-12,Other Operating Expenses,4778.52
E06336,H016,2025-12-16,Employee & Staff,146659.05
E06337,H016,2025-12-06,Utilities,73854.47
E06338,H016,2025-12-08,Maintenance,45505.32
E06339,H016,2025-12-19,Housekeeping,38270.65
E06340,H016,2025-12-06,Food & Beverage,55682.77
E06341,H016,2025-12-19,Marketing,31284.15
E06342,H016,2025-12-07,Technology,13151.42
E06343,H016,2025-12-15,Security,16905.12
E06344,H016,2025-12-19,Transportation,13024.44
E06345,H016,2025-12-21,Supplies,21722.69
E06346,H016,2025-12-30,Laundry,21329.4
E06347,H016,2025-12-06,Other Operating Expenses,4612.31
E06348,H016,2025-12-30,Supplies,44866.42
E06349,H016,2026-01-26,Employee & Staff,146974.53
E06350,H016,2026-01-29,Utilities,84169.58
E06351,H016,2026-01-17,Maintenance,40656.81
E06352,H016,2026-01-24,Housekeeping,50459.48
E06353,H016,2026-01-29,Food & Beverage,64494.22
E06354,H016,2026-01-14,Marketing,35860.85
E06355,H016,2026-01-16,Technology,15563.51
E06356,H016,2026-01-10,Security,25286.21
E06357,H016,2026-01-05,Transportation,16904.07
E06358,H016,2026-01-30,Supplies,24569.42
E06359,H016,2026-01-03,Laundry,26758.28
E06360,H016,2026-01-24,Other Operating Expenses,6303.83
E06361,H016,2026-01-20,Maintenance,43921.38
E06362,H016,2026-02-07,Employee & Staff,196861.0
E06363,H016,2026-02-22,Utilities,86317.03
E06364,H016,2026-02-16,Maintenance,136736.01
E06365,H016,2026-02-05,Housekeeping,52707.05
E06366,H016,2026-02-14,Food & Beverage,75116.55
E06367,H016,2026-02-02,Marketing,24703.08
E06368,H016,2026-02-28,Technology,19814.65
E06369,H016,2026-02-02,Security,24855.99
E06370,H016,2026-02-05,Transportation,18877.86
E06371,H016,2026-02-02,Supplies,23105.66
E06372,H016,2026-02-01,Laundry,28119.63
E06373,H016,2026-02-19,Other Operating Expenses,6097.3
E06374,H016,2026-02-23,Transportation,18642.52
E06375,H016,2026-03-01,Employee & Staff,201468.87
E06376,H016,2026-03-19,Utilities,86589.52
E06377,H016,2026-03-24,Maintenance,66506.53
E06378,H016,2026-03-24,Housekeeping,44671.94
E06379,H016,2026-03-05,Food & Beverage,67290.98
E06380,H016,2026-03-13,Marketing,30587.19
E06381,H016,2026-03-05,Technology,19196.87
E06382,H016,2026-03-18,Security,27504.31
E06383,H016,2026-03-21,Transportation,18896.29
E06384,H016,2026-03-08,Supplies,27333.92
E06385,H016,2026-03-01,Laundry,27544.16
E06386,H016,2026-03-30,Other Operating Expenses,6715.92
E06387,H016,2026-04-04,Employee & Staff,213680.96
E06388,H016,2026-04-20,Utilities,107332.9
E06389,H016,2026-04-02,Maintenance,54173.94
E06390,H016,2026-04-20,Housekeeping,49415.84
E06391,H016,2026-04-24,Food & Beverage,79571.08
E06392,H016,2026-04-20,Marketing,30529.39
E06393,H016,2026-04-20,Technology,16578.68
E06394,H016,2026-04-20,Security,23442.62
E06395,H016,2026-04-08,Transportation,20581.0
E06396,H016,2026-04-26,Supplies,26859.95
E06397,H016,2026-04-27,Laundry,32378.26
E06398,H016,2026-04-13,Other Operating Expenses,6807.95
E06399,H016,2026-04-20,Transportation,29901.17
E06400,H016,2026-05-18,Employee & Staff,143806.31
E06401,H016,2026-05-21,Utilities,71515.8
E06402,H016,2026-05-01,Maintenance,42882.96
E06403,H016,2026-05-09,Housekeeping,36112.57
E06404,H016,2026-05-04,Food & Beverage,67539.7
E06405,H016,2026-05-04,Marketing,19662.83
E06406,H016,2026-05-27,Technology,16090.01
E06407,H016,2026-05-08,Security,19684.48
E06408,H016,2026-05-16,Transportation,16527.35
E06409,H016,2026-05-11,Supplies,21799.33
E06410,H016,2026-05-26,Laundry,21877.38
E06411,H016,2026-05-06,Other Operating Expenses,5304.68
E06412,H016,2026-05-24,Supplies,40269.96
E06413,H016,2026-06-23,Employee & Staff,154781.03
E06414,H016,2026-06-21,Utilities,90510.98
E06415,H016,2026-06-30,Maintenance,49962.84
E06416,H016,2026-06-15,Housekeeping,42946.3
E06417,H016,2026-06-23,Food & Beverage,77498.02
E06418,H016,2026-06-16,Marketing,28369.52
E06419,H016,2026-06-26,Technology,18139.95
E06420,H016,2026-06-25,Security,20675.29
E06421,H016,2026-06-19,Transportation,18321.88
E06422,H016,2026-06-07,Supplies,21517.09
E06423,H016,2026-06-05,Laundry,27459.12
E06424,H016,2026-06-06,Other Operating Expenses,5977.27
E06425,H016,2026-06-27,Supplies,39590.51
E06426,H016,2026-07-12,Employee & Staff,178926.12
E06427,H016,2026-07-05,Utilities,92339.19
E06428,H016,2026-07-10,Maintenance,59386.14
E06429,H016,2026-07-26,Housekeeping,53784.94
E06430,H016,2026-07-19,Food & Beverage,78217.84
E06431,H016,2026-07-27,Marketing,25460.46
E06432,H016,2026-07-12,Technology,21670.57
E06433,H016,2026-07-12,Security,24990.66
E06434,H016,2026-07-03,Transportation,20237.72
E06435,H016,2026-07-10,Supplies,23084.98
E06436,H016,2026-07-16,Laundry,32335.52
E06437,H016,2026-07-05,Other Operating Expenses,6493.51
E06438,H016,2026-07-04,Transportation,18683.34
E06439,H016,2026-08-10,Employee & Staff,204538.12
E06440,H016,2026-08-08,Utilities,109857.12
E06441,H016,2026-08-15,Maintenance,78121.27
E06442,H016,2026-08-20,Housekeeping,64728.65
E06443,H016,2026-08-29,Food & Beverage,80619.64
E06444,H016,2026-08-04,Marketing,34603.58
E06445,H016,2026-08-23,Technology,18827.2
E06446,H016,2026-08-20,Security,26499.37
E06447,H016,2026-08-19,Transportation,19537.49
E06448,H016,2026-08-09,Supplies,26020.83
E06449,H016,2026-08-24,Laundry,37974.05
E06450,H016,2026-08-26,Other Operating Expenses,7842.74
E06451,H017,2024-01-17,Employee & Staff,66332.85
E06452,H017,2024-01-17,Utilities,34952.17
E06453,H017,2024-01-16,Maintenance,21698.69
E06454,H017,2024-01-20,Housekeeping,22278.88
E06455,H017,2024-01-31,Food & Beverage,27601.71
E06456,H017,2024-01-24,Marketing,14061.51
E06457,H017,2024-01-07,Technology,6725.97
E06458,H017,2024-01-21,Security,9973.97
E06459,H017,2024-01-06,Transportation,6877.03
E06460,H017,2024-01-13,Supplies,11349.41
E06461,H017,2024-01-28,Laundry,14235.33
E06462,H017,2024-01-22,Other Operating Expenses,2494.94
E06463,H017,2024-01-10,Marketing,48000.03
E06464,H017,2024-02-07,Employee & Staff,73196.3
E06465,H017,2024-02-21,Utilities,38553.08
E06466,H017,2024-02-28,Maintenance,27104.49
E06467,H017,2024-02-26,Housekeeping,19903.86
E06468,H017,2024-02-01,Food & Beverage,31744.51
E06469,H017,2024-02-04,Marketing,9821.35
E06470,H017,2024-02-03,Technology,8023.7
E06471,H017,2024-02-27,Security,9414.67
E06472,H017,2024-02-14,Transportation,7654.31
E06473,H017,2024-02-27,Supplies,10122.6
E06474,H017,2024-02-24,Laundry,11368.64
E06475,H017,2024-02-14,Other Operating Expenses,2760.51
E06476,H017,2024-03-27,Employee & Staff,60729.6
E06477,H017,2024-03-19,Utilities,35031.24
E06478,H017,2024-03-06,Maintenance,17421.0
E06479,H017,2024-03-18,Housekeeping,17842.71
E06480,H017,2024-03-30,Food & Beverage,28234.9
E06481,H017,2024-03-13,Marketing,10758.46
E06482,H017,2024-03-15,Technology,6119.98
E06483,H017,2024-03-20,Security,8450.14
E06484,H017,2024-03-15,Transportation,6051.02
E06485,H017,2024-03-04,Supplies,8117.87
E06486,H017,2024-03-09,Laundry,10022.41
E06487,H017,2024-03-30,Other Operating Expenses,1986.97
E06488,H017,2024-04-15,Employee & Staff,83203.88
E06489,H017,2024-04-26,Utilities,33371.4
E06490,H017,2024-04-18,Maintenance,22416.53
E06491,H017,2024-04-15,Housekeeping,17817.65
E06492,H017,2024-04-13,Food & Beverage,32404.93
E06493,H017,2024-04-07,Marketing,12250.52
E06494,H017,2024-04-27,Technology,7922.37
E06495,H017,2024-04-23,Security,9967.67
E06496,H017,2024-04-18,Transportation,6970.92
E06497,H017,2024-04-17,Supplies,9109.94
E06498,H017,2024-04-09,Laundry,11937.75
E06499,H017,2024-04-28,Other Operating Expenses,2628.42
E06500,H017,2024-05-09,Employee & Staff,71280.56
E06501,H017,2024-05-18,Utilities,32915.93
E06502,H017,2024-05-05,Maintenance,25327.39
E06503,H017,2024-05-06,Housekeeping,17549.12
E06504,H017,2024-05-21,Food & Beverage,23939.22
E06505,H017,2024-05-16,Marketing,9245.42
E06506,H017,2024-05-28,Technology,6323.44
E06507,H017,2024-05-28,Security,8460.83
E06508,H017,2024-05-30,Transportation,5587.76
E06509,H017,2024-05-16,Supplies,8112.48
E06510,H017,2024-05-05,Laundry,11249.87
E06511,H017,2024-05-06,Other Operating Expenses,1870.9
E06512,H017,2024-06-11,Employee & Staff,70804.69
E06513,H017,2024-06-09,Utilities,37854.3
E06514,H017,2024-06-21,Maintenance,29268.72
E06515,H017,2024-06-11,Housekeeping,19449.49
E06516,H017,2024-06-23,Food & Beverage,33036.44
E06517,H017,2024-06-20,Marketing,10358.9
E06518,H017,2024-06-02,Technology,6827.13
E06519,H017,2024-06-21,Security,10277.83
E06520,H017,2024-06-17,Transportation,7557.19
E06521,H017,2024-06-18,Supplies,10292.79
E06522,H017,2024-06-03,Laundry,12383.72
E06523,H017,2024-06-21,Other Operating Expenses,2813.41
E06524,H017,2024-06-14,Transportation,16339.63
E06525,H017,2024-07-22,Employee & Staff,68158.71
E06526,H017,2024-07-08,Utilities,36919.17
E06527,H017,2024-07-23,Maintenance,28797.42
E06528,H017,2024-07-29,Housekeeping,18350.62
E06529,H017,2024-07-22,Food & Beverage,29442.17
E06530,H017,2024-07-25,Marketing,11258.98
E06531,H017,2024-07-30,Technology,6417.45
E06532,H017,2024-07-20,Security,9670.4
E06533,H017,2024-07-23,Transportation,7320.41
E06534,H017,2024-07-22,Supplies,8677.96
E06535,H017,2024-07-25,Laundry,12884.53
E06536,H017,2024-07-26,Other Operating Expenses,2553.38
E06537,H017,2024-07-23,Supplies,27656.07
E06538,H017,2024-08-09,Employee & Staff,63364.87
E06539,H017,2024-08-16,Utilities,33042.07
E06540,H017,2024-08-22,Maintenance,20776.9
E06541,H017,2024-08-23,Housekeeping,21149.91
E06542,H017,2024-08-22,Food & Beverage,25903.08
E06543,H017,2024-08-15,Marketing,11472.98
E06544,H017,2024-08-26,Technology,6476.19
E06545,H017,2024-08-26,Security,8811.86
E06546,H017,2024-08-19,Transportation,7496.7
E06547,H017,2024-08-10,Supplies,9206.8
E06548,H017,2024-08-18,Laundry,10593.22
E06549,H017,2024-08-07,Other Operating Expenses,2262.29
E06550,H017,2024-09-24,Employee & Staff,79859.55
E06551,H017,2024-09-12,Utilities,36021.39
E06552,H017,2024-09-01,Maintenance,63040.53
E06553,H017,2024-09-28,Housekeeping,21332.22
E06554,H017,2024-09-12,Food & Beverage,28550.47
E06555,H017,2024-09-12,Marketing,15290.55
E06556,H017,2024-09-04,Technology,7947.81
E06557,H017,2024-09-07,Security,9862.14
E06558,H017,2024-09-15,Transportation,7032.31
E06559,H017,2024-09-14,Supplies,8938.06
E06560,H017,2024-09-30,Laundry,13392.84
E06561,H017,2024-09-14,Other Operating Expenses,2673.69
E06562,H017,2024-09-12,Maintenance,43925.07
E06563,H017,2024-10-06,Employee & Staff,71260.43
E06564,H017,2024-10-31,Utilities,34752.1
E06565,H017,2024-10-13,Maintenance,54015.18
E06566,H017,2024-10-26,Housekeeping,21606.84
E06567,H017,2024-10-10,Food & Beverage,29051.65
E06568,H017,2024-10-03,Marketing,14797.15
E06569,H017,2024-10-26,Technology,7562.85
E06570,H017,2024-10-25,Security,11422.54
E06571,H017,2024-10-11,Transportation,8256.31
E06572,H017,2024-10-28,Supplies,10735.29
E06573,H017,2024-10-05,Laundry,12859.39
E06574,H017,2024-10-13,Other Operating Expenses,2836.36
E06575,H017,2024-10-26,Supplies,30575.48
E06576,H017,2024-11-01,Employee & Staff,69163.13
E06577,H017,2024-11-08,Utilities,38920.46
E06578,H017,2024-11-09,Maintenance,22035.15
E06579,H017,2024-11-07,Housekeeping,18146.5
E06580,H017,2024-11-14,Food & Beverage,24985.91
E06581,H017,2024-11-08,Marketing,12049.61
E06582,H017,2024-11-14,Technology,6910.0
E06583,H017,2024-11-12,Security,9918.33
E06584,H017,2024-11-27,Transportation,7731.82
E06585,H017,2024-11-09,Supplies,8453.27
E06586,H017,2024-11-23,Laundry,10925.22
E06587,H017,2024-11-27,Other Operating Expenses,2125.54
E06588,H017,2024-11-07,Transportation,27542.2
E06589,H017,2024-12-10,Employee & Staff,82144.49
E06590,H017,2024-12-12,Utilities,40577.02
E06591,H017,2024-12-18,Maintenance,22248.29
E06592,H017,2024-12-10,Housekeeping,20232.96
E06593,H017,2024-12-27,Food & Beverage,30125.17
E06594,H017,2024-12-05,Marketing,15802.77
E06595,H017,2024-12-01,Technology,7691.47
E06596,H017,2024-12-15,Security,10589.05
E06597,H017,2024-12-30,Transportation,6941.35
E06598,H017,2024-12-24,Supplies,10827.85
E06599,H017,2024-12-03,Laundry,12670.82
E06600,H017,2024-12-09,Other Operating Expenses,2468.9
E06601,H017,2025-01-12,Employee & Staff,74091.49
E06602,H017,2025-01-04,Utilities,34507.32
E06603,H017,2025-01-05,Maintenance,30773.28
E06604,H017,2025-01-20,Housekeeping,17783.81
E06605,H017,2025-01-09,Food & Beverage,30224.66
E06606,H017,2025-01-19,Marketing,21422.39
E06607,H017,2025-01-24,Technology,6650.76
E06608,H017,2025-01-11,Security,8545.85
E06609,H017,2025-01-21,Transportation,6457.4
E06610,H017,2025-01-21,Supplies,8585.12
E06611,H017,2025-01-06,Laundry,10165.84
E06612,H017,2025-01-06,Other Operating Expenses,2021.12
E06613,H017,2025-02-27,Employee & Staff,70401.24
E06614,H017,2025-02-23,Utilities,38246.26
E06615,H017,2025-02-06,Maintenance,24254.82
E06616,H017,2025-02-19,Housekeeping,20519.63
E06617,H017,2025-02-27,Food & Beverage,34911.36
E06618,H017,2025-02-12,Marketing,12536.01
E06619,H017,2025-02-07,Technology,8484.77
E06620,H017,2025-02-07,Security,9690.6
E06621,H017,2025-02-26,Transportation,7135.37
E06622,H017,2025-02-13,Supplies,11503.26
E06623,H017,2025-02-28,Laundry,13477.71
E06624,H017,2025-02-15,Other Operating Expenses,2617.83
E06625,H017,2025-03-25,Employee & Staff,66459.6
E06626,H017,2025-03-19,Utilities,31837.52
E06627,H017,2025-03-25,Maintenance,27875.9
E06628,H017,2025-03-24,Housekeeping,17727.96
E06629,H017,2025-03-31,Food & Beverage,25869.84
E06630,H017,2025-03-31,Marketing,10168.67
E06631,H017,2025-03-04,Technology,7826.38
E06632,H017,2025-03-16,Security,10679.91
E06633,H017,2025-03-04,Transportation,6490.81
E06634,H017,2025-03-30,Supplies,10860.0
E06635,H017,2025-03-28,Laundry,12056.22
E06636,H017,2025-03-28,Other Operating Expenses,2429.74
E06637,H017,2025-03-18,Maintenance,36550.62
E06638,H017,2025-04-22,Employee & Staff,73394.95
E06639,H017,2025-04-11,Utilities,40435.83
E06640,H017,2025-04-29,Maintenance,20188.43
E06641,H017,2025-04-17,Housekeeping,17338.88
E06642,H017,2025-04-25,Food & Beverage,31625.07
E06643,H017,2025-04-28,Marketing,9733.01
E06644,H017,2025-04-23,Technology,8133.13
E06645,H017,2025-04-07,Security,9367.99
E06646,H017,2025-04-24,Transportation,8222.32
E06647,H017,2025-04-14,Supplies,9138.14
E06648,H017,2025-04-24,Laundry,13438.31
E06649,H017,2025-04-23,Other Operating Expenses,2760.54
E06650,H017,2025-05-22,Employee & Staff,70994.19
E06651,H017,2025-05-29,Utilities,30631.31
E06652,H017,2025-05-01,Maintenance,31071.31
E06653,H017,2025-05-25,Housekeeping,18491.58
E06654,H017,2025-05-11,Food & Beverage,23569.51
E06655,H017,2025-05-29,Marketing,10232.7
E06656,H017,2025-05-14,Technology,6077.27
E06657,H017,2025-05-29,Security,9035.61
E06658,H017,2025-05-09,Transportation,7144.43
E06659,H017,2025-05-06,Supplies,8193.03
E06660,H017,2025-05-07,Laundry,11392.7
E06661,H017,2025-05-11,Other Operating Expenses,1992.84
E06662,H017,2025-06-10,Employee & Staff,68690.58
E06663,H017,2025-06-16,Utilities,37999.73
E06664,H017,2025-06-03,Maintenance,25735.81
E06665,H017,2025-06-11,Housekeeping,17475.88
E06666,H017,2025-06-03,Food & Beverage,28566.15
E06667,H017,2025-06-19,Marketing,12180.89
E06668,H017,2025-06-14,Technology,6492.72
E06669,H017,2025-06-30,Security,10744.07
E06670,H017,2025-06-25,Transportation,7748.7
E06671,H017,2025-06-07,Supplies,10003.23
E06672,H017,2025-06-15,Laundry,13390.65
E06673,H017,2025-06-24,Other Operating Expenses,2654.03
E06674,H017,2025-06-12,Transportation,28474.92
E06675,H017,2025-07-11,Employee & Staff,82757.6
E06676,H017,2025-07-04,Utilities,38304.97
E06677,H017,2025-07-14,Maintenance,20971.69
E06678,H017,2025-07-26,Housekeeping,19398.56
E06679,H017,2025-07-13,Food & Beverage,29605.9
E06680,H017,2025-07-15,Marketing,11965.5
E06681,H017,2025-07-07,Technology,7206.81
E06682,H017,2025-07-18,Security,11747.77
E06683,H017,2025-07-19,Transportation,7681.13
E06684,H017,2025-07-31,Supplies,10261.05
E06685,H017,2025-07-19,Laundry,11945.8
E06686,H017,2025-07-28,Other Operating Expenses,2895.67
E06687,H017,2025-08-16,Employee & Staff,66143.49
E06688,H017,2025-08-09,Utilities,35629.68
E06689,H017,2025-08-30,Maintenance,21907.68
E06690,H017,2025-08-24,Housekeeping,17471.95
E06691,H017,2025-08-26,Food & Beverage,29825.88
E06692,H017,2025-08-17,Marketing,11002.49
E06693,H017,2025-08-04,Technology,6423.17
E06694,H017,2025-08-01,Security,9494.13
E06695,H017,2025-08-31,Transportation,6057.48
E06696,H017,2025-08-06,Supplies,8378.97
E06697,H017,2025-08-07,Laundry,12427.4
E06698,H017,2025-08-25,Other Operating Expenses,2024.27
E06699,H017,2025-08-04,Transportation,31219.65
E06700,H017,2025-09-18,Employee & Staff,76495.71
E06701,H017,2025-09-25,Utilities,40053.41
E06702,H017,2025-09-02,Maintenance,28347.77
E06703,H017,2025-09-15,Housekeeping,23076.34
E06704,H017,2025-09-14,Food & Beverage,33104.65
E06705,H017,2025-09-26,Marketing,16650.97
E06706,H017,2025-09-03,Technology,8020.19
E06707,H017,2025-09-23,Security,10554.72
E06708,H017,2025-09-05,Transportation,8176.22
E06709,H017,2025-09-11,Supplies,10468.94
E06710,H017,2025-09-06,Laundry,12880.97
E06711,H017,2025-09-12,Other Operating Expenses,2411.08
E06712,H017,2025-10-26,Employee & Staff,79209.32
E06713,H017,2025-10-07,Utilities,34440.83
E06714,H017,2025-10-23,Maintenance,22328.33
E06715,H017,2025-10-05,Housekeeping,19276.28
E06716,H017,2025-10-25,Food & Beverage,28904.12
E06717,H017,2025-10-11,Marketing,12931.2
E06718,H017,2025-10-27,Technology,7140.51
E06719,H017,2025-10-12,Security,10109.09
E06720,H017,2025-10-16,Transportation,8021.16
E06721,H017,2025-10-20,Supplies,9104.12
E06722,H017,2025-10-28,Laundry,12836.51
E06723,H017,2025-10-17,Other Operating Expenses,2377.18
E06724,H017,2025-11-21,Employee & Staff,65218.65
E06725,H017,2025-11-27,Utilities,32787.89
E06726,H017,2025-11-15,Maintenance,17741.04
E06727,H017,2025-11-17,Housekeeping,16860.99
E06728,H017,2025-11-13,Food & Beverage,30355.49
E06729,H017,2025-11-03,Marketing,13045.23
E06730,H017,2025-11-12,Technology,6979.01
E06731,H017,2025-11-11,Security,8828.21
E06732,H017,2025-11-14,Transportation,6641.38
E06733,H017,2025-11-18,Supplies,9361.21
E06734,H017,2025-11-19,Laundry,11208.2
E06735,H017,2025-11-30,Other Operating Expenses,2484.39
E06736,H017,2025-11-08,Supplies,36936.44
E06737,H017,2025-12-08,Employee & Staff,76136.77
E06738,H017,2025-12-06,Utilities,36961.19
E06739,H017,2025-12-22,Maintenance,25118.76
E06740,H017,2025-12-31,Housekeeping,19873.25
E06741,H017,2025-12-30,Food & Beverage,25160.87
E06742,H017,2025-12-14,Marketing,13950.57
E06743,H017,2025-12-21,Technology,7288.43
E06744,H017,2025-12-12,Security,8454.41
E06745,H017,2025-12-10,Transportation,7679.57
E06746,H017,2025-12-07,Supplies,8202.57
E06747,H017,2025-12-27,Laundry,11350.73
E06748,H017,2025-12-06,Other Operating Expenses,2353.91
E06749,H017,2025-12-19,Transportation,17215.96
E06750,H017,2026-01-22,Employee & Staff,69883.28
E06751,H017,2026-01-05,Utilities,36073.09
E06752,H017,2026-01-03,Maintenance,31235.51
E06753,H017,2026-01-07,Housekeeping,19236.54
E06754,H017,2026-01-13,Food & Beverage,33485.39
E06755,H017,2026-01-19,Marketing,14829.71
E06756,H017,2026-01-27,Technology,7586.86
E06757,H017,2026-01-31,Security,9895.94
E06758,H017,2026-01-23,Transportation,7142.27
E06759,H017,2026-01-08,Supplies,10378.52
E06760,H017,2026-01-04,Laundry,14227.21
E06761,H017,2026-01-27,Other Operating Expenses,2255.66
E06762,H017,2026-02-05,Employee & Staff,106586.78
E06763,H017,2026-02-20,Utilities,45166.25
E06764,H017,2026-02-27,Maintenance,25375.79
E06765,H017,2026-02-22,Housekeeping,25324.16
E06766,H017,2026-02-20,Food & Beverage,33836.78
E06767,H017,2026-02-11,Marketing,18867.19
E06768,H017,2026-02-02,Technology,8844.95
E06769,H017,2026-02-03,Security,12221.89
E06770,H017,2026-02-10,Transportation,10648.15
E06771,H017,2026-02-23,Supplies,13790.94
E06772,H017,2026-02-13,Laundry,14346.26
E06773,H017,2026-02-19,Other Operating Expenses,2818.58
E06774,H017,2026-02-12,Marketing,40827.63
E06775,H017,2026-03-26,Employee & Staff,66128.22
E06776,H017,2026-03-16,Utilities,36214.09
E06777,H017,2026-03-31,Maintenance,21819.52
E06778,H017,2026-03-13,Housekeeping,18443.69
E06779,H017,2026-03-05,Food & Beverage,33631.71
E06780,H017,2026-03-29,Marketing,9943.82
E06781,H017,2026-03-19,Technology,8517.29
E06782,H017,2026-03-31,Security,10708.35
E06783,H017,2026-03-10,Transportation,6909.86
E06784,H017,2026-03-04,Supplies,10039.1
E06785,H017,2026-03-03,Laundry,12737.78
E06786,H017,2026-03-01,Other Operating Expenses,2256.58
E06787,H017,2026-03-21,Supplies,22693.95
E06788,H017,2026-04-30,Employee & Staff,73898.02
E06789,H017,2026-04-03,Utilities,44213.83
E06790,H017,2026-04-11,Maintenance,27914.28
E06791,H017,2026-04-01,Housekeeping,24027.44
E06792,H017,2026-04-13,Food & Beverage,30719.03
E06793,H017,2026-04-13,Marketing,25799.26
E06794,H017,2026-04-07,Technology,8707.34
E06795,H017,2026-04-03,Security,11354.47
E06796,H017,2026-04-11,Transportation,8734.62
E06797,H017,2026-04-03,Supplies,10968.89
E06798,H017,2026-04-26,Laundry,13426.57
E06799,H017,2026-04-23,Other Operating Expenses,2901.48
E06800,H017,2026-04-04,Transportation,16520.44
E06801,H017,2026-05-04,Employee & Staff,102721.78
E06802,H017,2026-05-11,Utilities,53906.34
E06803,H017,2026-05-22,Maintenance,32157.9
E06804,H017,2026-05-05,Housekeeping,28662.77
E06805,H017,2026-05-12,Food & Beverage,35241.68
E06806,H017,2026-05-27,Marketing,14014.82
E06807,H017,2026-05-25,Technology,9899.82
E06808,H017,2026-05-08,Security,14153.47
E06809,H017,2026-05-20,Transportation,10092.88
E06810,H017,2026-05-30,Supplies,12931.92
E06811,H017,2026-05-20,Laundry,17981.37
E06812,H017,2026-05-11,Other Operating Expenses,2832.74
E06813,H017,2026-05-09,Maintenance,25682.41
E06814,H017,2026-06-27,Employee & Staff,73405.1
E06815,H017,2026-06-04,Utilities,41000.37
E06816,H017,2026-06-29,Maintenance,22452.85
E06817,H017,2026-06-28,Housekeeping,19032.11
E06818,H017,2026-06-03,Food & Beverage,32286.69
E06819,H017,2026-06-03,Marketing,10410.9
E06820,H017,2026-06-20,Technology,7501.24
E06821,H017,2026-06-14,Security,9224.42
E06822,H017,2026-06-26,Transportation,7764.35
E06823,H017,2026-06-25,Supplies,9982.78
E06824,H017,2026-06-20,Laundry,12056.58
E06825,H017,2026-06-15,Other Operating Expenses,2145.05
E06826,H017,2026-06-11,Transportation,20059.85
E06827,H017,2026-07-11,Employee & Staff,76229.26
E06828,H017,2026-07-24,Utilities,44264.08
E06829,H017,2026-07-24,Maintenance,27209.39
E06830,H017,2026-07-01,Housekeeping,19994.55
E06831,H017,2026-07-24,Food & Beverage,36234.46
E06832,H017,2026-07-18,Marketing,11411.47
E06833,H017,2026-07-17,Technology,7754.53
E06834,H017,2026-07-18,Security,9935.19
E06835,H017,2026-07-05,Transportation,7705.25
E06836,H017,2026-07-17,Supplies,11403.06
E06837,H017,2026-07-28,Laundry,14990.74
E06838,H017,2026-07-14,Other Operating Expenses,2786.84
E06839,H017,2026-07-20,Marketing,24244.42
E06840,H017,2026-08-19,Employee & Staff,78775.0
E06841,H017,2026-08-26,Utilities,47220.69
E06842,H017,2026-08-27,Maintenance,28600.52
E06843,H017,2026-08-27,Housekeeping,23428.01
E06844,H017,2026-08-24,Food & Beverage,35754.85
E06845,H017,2026-08-16,Marketing,22191.43
E06846,H017,2026-08-24,Technology,9357.09
E06847,H017,2026-08-28,Security,11434.25
E06848,H017,2026-08-24,Transportation,8049.46
E06849,H017,2026-08-01,Supplies,10357.27
E06850,H017,2026-08-27,Laundry,14935.82
E06851,H017,2026-08-10,Other Operating Expenses,2905.58
E06852,H017,2026-08-30,Marketing,41349.78
E06853,H018,2024-01-08,Employee & Staff,80877.44
E06854,H018,2024-01-17,Utilities,33567.19
E06855,H018,2024-01-18,Maintenance,23190.4
E06856,H018,2024-01-31,Housekeeping,18768.62
E06857,H018,2024-01-31,Food & Beverage,27264.58
E06858,H018,2024-01-08,Marketing,15573.46
E06859,H018,2024-01-20,Technology,7684.08
E06860,H018,2024-01-06,Security,9513.0
E06861,H018,2024-01-02,Transportation,7305.46
E06862,H018,2024-01-12,Supplies,10792.14
E06863,H018,2024-01-28,Laundry,13650.33
E06864,H018,2024-01-24,Other Operating Expenses,2198.96
E06865,H018,2024-02-11,Employee & Staff,70973.45
E06866,H018,2024-02-14,Utilities,37773.47
E06867,H018,2024-02-06,Maintenance,27797.93
E06868,H018,2024-02-09,Housekeeping,18769.3
E06869,H018,2024-02-10,Food & Beverage,26916.04
E06870,H018,2024-02-22,Marketing,9194.89
E06871,H018,2024-02-25,Technology,6230.37
E06872,H018,2024-02-17,Security,9261.75
E06873,H018,2024-02-19,Transportation,6698.92
E06874,H018,2024-02-16,Supplies,8413.73
E06875,H018,2024-02-04,Laundry,10041.35
E06876,H018,2024-02-25,Other Operating Expenses,2125.91
E06877,H018,2024-03-27,Employee & Staff,63476.32
E06878,H018,2024-03-18,Utilities,28364.99
E06879,H018,2024-03-05,Maintenance,16604.99
E06880,H018,2024-03-22,Housekeeping,16809.36
E06881,H018,2024-03-28,Food & Beverage,22566.51
E06882,H018,2024-03-18,Marketing,10056.36
E06883,H018,2024-03-27,Technology,5806.47
E06884,H018,2024-03-13,Security,8477.29
E06885,H018,2024-03-21,Transportation,5674.4
E06886,H018,2024-03-26,Supplies,8407.93
E06887,H018,2024-03-02,Laundry,11794.69
E06888,H018,2024-03-29,Other Operating Expenses,2245.07
E06889,H018,2024-03-21,Maintenance,38910.93
E06890,H018,2024-04-14,Employee & Staff,71457.05
E06891,H018,2024-04-26,Utilities,37359.16
E06892,H018,2024-04-29,Maintenance,42513.85
E06893,H018,2024-04-25,Housekeeping,20431.64
E06894,H018,2024-04-13,Food & Beverage,26320.3
E06895,H018,2024-04-13,Marketing,9743.2
E06896,H018,2024-04-13,Technology,6797.96
E06897,H018,2024-04-01,Security,9143.93
E06898,H018,2024-04-29,Transportation,6650.24
E06899,H018,2024-04-23,Supplies,9755.05
E06900,H018,2024-04-19,Laundry,11170.18
E06901,H018,2024-04-29,Other Operating Expenses,2437.78
E06902,H018,2024-05-08,Employee & Staff,72552.81
E06903,H018,2024-05-24,Utilities,37001.56
E06904,H018,2024-05-28,Maintenance,19378.51
E06905,H018,2024-05-26,Housekeeping,20121.31
E06906,H018,2024-05-30,Food & Beverage,29453.88
E06907,H018,2024-05-11,Marketing,10673.32
E06908,H018,2024-05-11,Technology,6172.11
E06909,H018,2024-05-10,Security,8533.4
E06910,H018,2024-05-23,Transportation,6383.18
E06911,H018,2024-05-21,Supplies,8395.81
E06912,H018,2024-05-30,Laundry,12063.84
E06913,H018,2024-05-24,Other Operating Expenses,2320.89
E06914,H018,2024-05-26,Supplies,20938.68
E06915,H018,2024-06-09,Employee & Staff,80810.74
E06916,H018,2024-06-30,Utilities,35359.85
E06917,H018,2024-06-18,Maintenance,29147.09
E06918,H018,2024-06-29,Housekeeping,19107.06
E06919,H018,2024-06-18,Food & Beverage,30109.51
E06920,H018,2024-06-09,Marketing,13415.35
E06921,H018,2024-06-20,Technology,7949.75
E06922,H018,2024-06-05,Security,10395.26
E06923,H018,2024-06-10,Transportation,7935.74
E06924,H018,2024-06-27,Supplies,9734.75
E06925,H018,2024-06-26,Laundry,12498.01
E06926,H018,2024-06-18,Other Operating Expenses,2367.18
E06927,H018,2024-07-27,Employee & Staff,77638.64
E06928,H018,2024-07-30,Utilities,34141.7
E06929,H018,2024-07-04,Maintenance,22506.64
E06930,H018,2024-07-01,Housekeeping,17845.56
E06931,H018,2024-07-15,Food & Beverage,26619.32
E06932,H018,2024-07-24,Marketing,11223.74
E06933,H018,2024-07-02,Technology,6830.22
E06934,H018,2024-07-14,Security,8407.24
E06935,H018,2024-07-25,Transportation,6627.22
E06936,H018,2024-07-20,Supplies,9083.28
E06937,H018,2024-07-12,Laundry,10871.54
E06938,H018,2024-07-30,Other Operating Expenses,2580.93
E06939,H018,2024-07-20,Maintenance,23287.03
E06940,H018,2024-08-08,Employee & Staff,66124.74
E06941,H018,2024-08-08,Utilities,35750.95
E06942,H018,2024-08-08,Maintenance,23940.01
E06943,H018,2024-08-03,Housekeeping,19549.78
E06944,H018,2024-08-07,Food & Beverage,30204.0
E06945,H018,2024-08-07,Marketing,10292.78
E06946,H018,2024-08-09,Technology,7985.45
E06947,H018,2024-08-02,Security,10381.44
E06948,H018,2024-08-30,Transportation,7909.13
E06949,H018,2024-08-06,Supplies,8741.76
E06950,H018,2024-08-24,Laundry,12180.88
E06951,H018,2024-08-25,Other Operating Expenses,2415.27
E06952,H018,2024-08-16,Supplies,32606.41
E06953,H018,2024-09-16,Employee & Staff,69517.8
E06954,H018,2024-09-23,Utilities,35656.64
E06955,H018,2024-09-11,Maintenance,28369.34
E06956,H018,2024-09-15,Housekeeping,21274.26
E06957,H018,2024-09-27,Food & Beverage,34037.62
E06958,H018,2024-09-11,Marketing,14335.58
E06959,H018,2024-09-14,Technology,6828.4
E06960,H018,2024-09-08,Security,9847.75
E06961,H018,2024-09-14,Transportation,7166.4
E06962,H018,2024-09-03,Supplies,9126.2
E06963,H018,2024-09-11,Laundry,11720.67
E06964,H018,2024-09-20,Other Operating Expenses,2486.38
E06965,H018,2024-09-20,Supplies,26120.53
E06966,H018,2024-10-12,Employee & Staff,84333.28
E06967,H018,2024-10-18,Utilities,37639.72
E06968,H018,2024-10-17,Maintenance,22053.25
E06969,H018,2024-10-08,Housekeeping,23196.09
E06970,H018,2024-10-08,Food & Beverage,28093.37
E06971,H018,2024-10-03,Marketing,14171.86
E06972,H018,2024-10-31,Technology,7129.15
E06973,H018,2024-10-03,Security,11146.67
E06974,H018,2024-10-25,Transportation,7418.13
E06975,H018,2024-10-05,Supplies,9291.8
E06976,H018,2024-10-05,Laundry,14575.38
E06977,H018,2024-10-31,Other Operating Expenses,2728.2
E06978,H018,2024-11-04,Employee & Staff,70280.24
E06979,H018,2024-11-04,Utilities,38894.64
E06980,H018,2024-11-12,Maintenance,22754.62
E06981,H018,2024-11-11,Housekeeping,20659.21
E06982,H018,2024-11-16,Food & Beverage,27873.37
E06983,H018,2024-11-13,Marketing,16222.03
E06984,H018,2024-11-20,Technology,7824.63
E06985,H018,2024-11-07,Security,10024.13
E06986,H018,2024-11-09,Transportation,7243.52
E06987,H018,2024-11-03,Supplies,9932.47
E06988,H018,2024-11-16,Laundry,13652.98
E06989,H018,2024-11-03,Other Operating Expenses,2684.21
E06990,H018,2024-11-14,Supplies,21391.03
E06991,H018,2024-12-20,Employee & Staff,82474.42
E06992,H018,2024-12-12,Utilities,34720.93
E06993,H018,2024-12-11,Maintenance,23211.2
E06994,H018,2024-12-11,Housekeeping,21597.5
E06995,H018,2024-12-30,Food & Beverage,27696.82
E06996,H018,2024-12-20,Marketing,15825.52
E06997,H018,2024-12-29,Technology,7422.26
E06998,H018,2024-12-19,Security,9107.13
E06999,H018,2024-12-27,Transportation,8284.07
E07000,H018,2024-12-23,Supplies,10688.38
E07001,H018,2024-12-20,Laundry,12227.97
E07002,H018,2024-12-10,Other Operating Expenses,2717.36
E07003,H018,2024-12-18,Transportation,22135.24
E07004,H018,2025-01-18,Employee & Staff,60559.69
E07005,H018,2025-01-23,Utilities,37528.51
E07006,H018,2025-01-17,Maintenance,26265.65
E07007,H018,2025-01-03,Housekeeping,16496.67
E07008,H018,2025-01-27,Food & Beverage,24170.38
E07009,H018,2025-01-13,Marketing,13135.37
E07010,H018,2025-01-31,Technology,7174.04
E07011,H018,2025-01-26,Security,9389.11
E07012,H018,2025-01-14,Transportation,6540.22
E07013,H018,2025-01-17,Supplies,8186.57
E07014,H018,2025-01-26,Laundry,12261.97
E07015,H018,2025-01-25,Other Operating Expenses,2387.68
E07016,H018,2025-01-08,Marketing,35175.8
E07017,H018,2025-02-05,Employee & Staff,86813.66
E07018,H018,2025-02-18,Utilities,43462.44
E07019,H018,2025-02-06,Maintenance,21485.17
E07020,H018,2025-02-17,Housekeeping,20727.09
E07021,H018,2025-02-15,Food & Beverage,28797.4
E07022,H018,2025-02-23,Marketing,16232.98
E07023,H018,2025-02-16,Technology,8464.05
E07024,H018,2025-02-27,Security,11091.69
E07025,H018,2025-02-10,Transportation,8662.06
E07026,H018,2025-02-23,Supplies,10110.12
E07027,H018,2025-02-26,Laundry,12809.55
E07028,H018,2025-02-02,Other Operating Expenses,2516.58
E07029,H018,2025-02-15,Supplies,37372.37
E07030,H018,2025-03-06,Employee & Staff,74790.26
E07031,H018,2025-03-30,Utilities,38383.34
E07032,H018,2025-03-17,Maintenance,26186.25
E07033,H018,2025-03-08,Housekeeping,19284.67
E07034,H018,2025-03-15,Food & Beverage,28904.81
E07035,H018,2025-03-16,Marketing,11849.51
E07036,H018,2025-03-27,Technology,7681.32
E07037,H018,2025-03-02,Security,9003.46
E07038,H018,2025-03-13,Transportation,7831.55
E07039,H018,2025-03-14,Supplies,8919.23
E07040,H018,2025-03-02,Laundry,11432.64
E07041,H018,2025-03-13,Other Operating Expenses,2669.45
E07042,H018,2025-03-22,Transportation,17863.9
E07043,H018,2025-04-17,Employee & Staff,73995.01
E07044,H018,2025-04-13,Utilities,42853.07
E07045,H018,2025-04-09,Maintenance,27520.59
E07046,H018,2025-04-23,Housekeeping,23488.76
E07047,H018,2025-04-29,Food & Beverage,33690.95
E07048,H018,2025-04-30,Marketing,19853.94
E07049,H018,2025-04-07,Technology,7275.23
E07050,H018,2025-04-12,Security,10174.15
E07051,H018,2025-04-15,Transportation,8577.25
E07052,H018,2025-04-20,Supplies,11485.47
E07053,H018,2025-04-28,Laundry,12681.47
E07054,H018,2025-04-18,Other Operating Expenses,2484.84
E07055,H018,2025-05-28,Employee & Staff,75274.04
E07056,H018,2025-05-10,Utilities,35737.2
E07057,H018,2025-05-05,Maintenance,22275.0
E07058,H018,2025-05-04,Housekeeping,19358.68
E07059,H018,2025-05-23,Food & Beverage,28447.04
E07060,H018,2025-05-12,Marketing,10462.29
E07061,H018,2025-05-21,Technology,7391.55
E07062,H018,2025-05-10,Security,10339.37
E07063,H018,2025-05-07,Transportation,6427.75
E07064,H018,2025-05-19,Supplies,9201.86
E07065,H018,2025-05-12,Laundry,11622.74
E07066,H018,2025-05-07,Other Operating Expenses,2386.79
E07067,H018,2025-05-27,Maintenance,28306.89
E07068,H018,2025-06-30,Employee & Staff,77629.36
E07069,H018,2025-06-05,Utilities,38960.41
E07070,H018,2025-06-26,Maintenance,33943.37
E07071,H018,2025-06-30,Housekeeping,21017.23
E07072,H018,2025-06-05,Food & Beverage,37528.82
E07073,H018,2025-06-11,Marketing,20617.07
E07074,H018,2025-06-06,Technology,9516.68
E07075,H018,2025-06-29,Security,12460.37
E07076,H018,2025-06-21,Transportation,9510.35
E07077,H018,2025-06-19,Supplies,11499.64
E07078,H018,2025-06-06,Laundry,14503.85
E07079,H018,2025-06-20,Other Operating Expenses,2622.98
E07080,H018,2025-07-13,Employee & Staff,89357.51
E07081,H018,2025-07-29,Utilities,43249.17
E07082,H018,2025-07-15,Maintenance,30504.48
E07083,H018,2025-07-09,Housekeeping,19408.09
E07084,H018,2025-07-02,Food & Beverage,30246.4
E07085,H018,2025-07-26,Marketing,10746.66
E07086,H018,2025-07-18,Technology,9009.69
E07087,H018,2025-07-15,Security,9982.0
E07088,H018,2025-07-11,Transportation,7095.54
E07089,H018,2025-07-13,Supplies,9816.49
E07090,H018,2025-07-08,Laundry,12638.17
E07091,H018,2025-07-21,Other Operating Expenses,2422.39
E07092,H018,2025-07-07,Maintenance,30748.47
E07093,H018,2025-08-27,Employee & Staff,75815.26
E07094,H018,2025-08-23,Utilities,38428.08
E07095,H018,2025-08-18,Maintenance,23213.9
E07096,H018,2025-08-31,Housekeeping,19187.32
E07097,H018,2025-08-09,Food & Beverage,32993.15
E07098,H018,2025-08-21,Marketing,11538.7
E07099,H018,2025-08-02,Technology,8295.62
E07100,H018,2025-08-13,Security,11267.9
E07101,H018,2025-08-06,Transportation,8537.32
E07102,H018,2025-08-28,Supplies,10110.96
E07103,H018,2025-08-05,Laundry,14300.7
E07104,H018,2025-08-01,Other Operating Expenses,2589.43
E07105,H018,2025-08-26,Maintenance,34600.84
E07106,H018,2025-09-30,Employee & Staff,74598.07
E07107,H018,2025-09-07,Utilities,37500.41
E07108,H018,2025-09-01,Maintenance,20299.23
E07109,H018,2025-09-21,Housekeeping,19083.84
E07110,H018,2025-09-03,Food & Beverage,30332.19
E07111,H018,2025-09-03,Marketing,12755.72
E07112,H018,2025-09-25,Technology,7625.64
E07113,H018,2025-09-20,Security,9969.57
E07114,H018,2025-09-01,Transportation,6807.51
E07115,H018,2025-09-26,Supplies,9591.14
E07116,H018,2025-09-25,Laundry,14013.82
E07117,H018,2025-09-19,Other Operating Expenses,2500.49
E07118,H018,2025-09-22,Maintenance,41594.77
E07119,H018,2025-10-28,Employee & Staff,78909.83
E07120,H018,2025-10-07,Utilities,40411.72
E07121,H018,2025-10-18,Maintenance,23486.36
E07122,H018,2025-10-05,Housekeeping,20987.13
E07123,H018,2025-10-29,Food & Beverage,29644.8
E07124,H018,2025-10-13,Marketing,14226.08
E07125,H018,2025-10-26,Technology,6809.37
E07126,H018,2025-10-27,Security,9202.07
E07127,H018,2025-10-17,Transportation,7497.15
E07128,H018,2025-10-26,Supplies,9308.65
E07129,H018,2025-10-17,Laundry,12990.18
E07130,H018,2025-10-27,Other Operating Expenses,2186.03
E07131,H018,2025-10-21,Maintenance,27113.44
E07132,H018,2025-11-13,Employee & Staff,62707.75
E07133,H018,2025-11-14,Utilities,37385.87
E07134,H018,2025-11-22,Maintenance,22621.77
E07135,H018,2025-11-01,Housekeeping,18975.85
E07136,H018,2025-11-24,Food & Beverage,28092.15
E07137,H018,2025-11-13,Marketing,14232.83
E07138,H018,2025-11-27,Technology,6864.3
E07139,H018,2025-11-24,Security,9228.43
E07140,H018,2025-11-27,Transportation,7175.49
E07141,H018,2025-11-17,Supplies,8847.34
E07142,H018,2025-11-19,Laundry,11651.07
E07143,H018,2025-11-16,Other Operating Expenses,2365.03
E07144,H018,2025-11-21,Transportation,16536.36
E07145,H018,2025-12-21,Employee & Staff,75997.29
E07146,H018,2025-12-23,Utilities,38627.83
E07147,H018,2025-12-20,Maintenance,30990.96
E07148,H018,2025-12-23,Housekeeping,21678.44
E07149,H018,2025-12-25,Food & Beverage,35673.85
E07150,H018,2025-12-04,Marketing,16060.79
E07151,H018,2025-12-31,Technology,7602.06
E07152,H018,2025-12-09,Security,11007.49
E07153,H018,2025-12-01,Transportation,7639.91
E07154,H018,2025-12-25,Supplies,9463.72
E07155,H018,2025-12-25,Laundry,13227.12
E07156,H018,2025-12-04,Other Operating Expenses,2931.11
E07157,H018,2025-12-03,Maintenance,42195.95
E07158,H018,2026-01-01,Employee & Staff,83958.7
E07159,H018,2026-01-20,Utilities,39782.08
E07160,H018,2026-01-02,Maintenance,30177.63
E07161,H018,2026-01-01,Housekeeping,22672.6
E07162,H018,2026-01-03,Food & Beverage,34433.87
E07163,H018,2026-01-26,Marketing,15528.05
E07164,H018,2026-01-27,Technology,8262.33
E07165,H018,2026-01-04,Security,10018.92
E07166,H018,2026-01-17,Transportation,9270.6
E07167,H018,2026-01-03,Supplies,10337.52
E07168,H018,2026-01-11,Laundry,14704.03
E07169,H018,2026-01-21,Other Operating Expenses,2922.46
E07170,H018,2026-01-12,Transportation,16292.27
E07171,H018,2026-02-10,Employee & Staff,74549.84
E07172,H018,2026-02-12,Utilities,41237.49
E07173,H018,2026-02-05,Maintenance,22109.55
E07174,H018,2026-02-04,Housekeeping,23537.56
E07175,H018,2026-02-13,Food & Beverage,33144.07
E07176,H018,2026-02-25,Marketing,11607.82
E07177,H018,2026-02-05,Technology,7270.53
E07178,H018,2026-02-06,Security,11302.21
E07179,H018,2026-02-06,Transportation,8196.34
E07180,H018,2026-02-28,Supplies,9587.99
E07181,H018,2026-02-03,Laundry,14527.44
E07182,H018,2026-02-03,Other Operating Expenses,2388.84
E07183,H018,2026-03-03,Employee & Staff,89829.55
E07184,H018,2026-03-07,Utilities,45122.39
E07185,H018,2026-03-04,Maintenance,28295.11
E07186,H018,2026-03-15,Housekeeping,19596.76
E07187,H018,2026-03-11,Food & Beverage,32872.13
E07188,H018,2026-03-13,Marketing,11609.04
E07189,H018,2026-03-25,Technology,8145.13
E07190,H018,2026-03-14,Security,10837.85
E07191,H018,2026-03-14,Transportation,7282.99
E07192,H018,2026-03-16,Supplies,11805.79
E07193,H018,2026-03-19,Laundry,13547.21
E07194,H018,2026-03-14,Other Operating Expenses,2819.96
E07195,H018,2026-03-31,Supplies,31804.44
E07196,H018,2026-04-27,Employee & Staff,70367.66
E07197,H018,2026-04-18,Utilities,35603.84
E07198,H018,2026-04-21,Maintenance,21083.7
E07199,H018,2026-04-17,Housekeeping,18306.15
E07200,H018,2026-04-28,Food & Beverage,31720.82
E07201,H018,2026-04-07,Marketing,11303.42
E07202,H018,2026-04-10,Technology,7079.6
E07203,H018,2026-04-20,Security,9005.01
E07204,H018,2026-04-11,Transportation,6764.94
E07205,H018,2026-04-01,Supplies,9443.45
E07206,H018,2026-04-11,Laundry,12075.44
E07207,H018,2026-04-01,Other Operating Expenses,2272.89
E07208,H018,2026-04-25,Maintenance,41019.08
E07209,H018,2026-05-21,Employee & Staff,78267.12
E07210,H018,2026-05-17,Utilities,44278.18
E07211,H018,2026-05-28,Maintenance,32381.29
E07212,H018,2026-05-26,Housekeeping,22418.77
E07213,H018,2026-05-28,Food & Beverage,32399.65
E07214,H018,2026-05-01,Marketing,18382.99
E07215,H018,2026-05-03,Technology,8992.89
E07216,H018,2026-05-13,Security,10541.57
E07217,H018,2026-05-31,Transportation,9096.66
E07218,H018,2026-05-17,Supplies,11329.03
E07219,H018,2026-05-30,Laundry,13753.75
E07220,H018,2026-05-21,Other Operating Expenses,2748.34
E07221,H018,2026-05-01,Marketing,43737.36
E07222,H018,2026-06-26,Employee & Staff,91420.17
E07223,H018,2026-06-22,Utilities,40849.86
E07224,H018,2026-06-27,Maintenance,27032.37
E07225,H018,2026-06-02,Housekeeping,24685.56
E07226,H018,2026-06-05,Food & Beverage,32734.85
E07227,H018,2026-06-07,Marketing,11600.71
E07228,H018,2026-06-29,Technology,7176.72
E07229,H018,2026-06-30,Security,10910.34
E07230,H018,2026-06-27,Transportation,8489.64
E07231,H018,2026-06-11,Supplies,10864.22
E07232,H018,2026-06-14,Laundry,14984.41
E07233,H018,2026-06-21,Other Operating Expenses,2736.56
E07234,H018,2026-06-07,Transportation,15601.86
E07235,H018,2026-07-22,Employee & Staff,93328.04
E07236,H018,2026-07-14,Utilities,47854.14
E07237,H018,2026-07-15,Maintenance,35345.44
E07238,H018,2026-07-14,Housekeeping,25735.93
E07239,H018,2026-07-05,Food & Beverage,38731.38
E07240,H018,2026-07-01,Marketing,13833.09
E07241,H018,2026-07-24,Technology,8154.02
E07242,H018,2026-07-14,Security,10794.9
E07243,H018,2026-07-05,Transportation,7529.79
E07244,H018,2026-07-16,Supplies,12090.58
E07245,H018,2026-07-25,Laundry,13165.99
E07246,H018,2026-07-23,Other Operating Expenses,3160.1
E07247,H018,2026-07-19,Maintenance,39700.82
E07248,H018,2026-08-13,Employee & Staff,112172.97
E07249,H018,2026-08-10,Utilities,48734.19
E07250,H018,2026-08-15,Maintenance,45660.64
E07251,H018,2026-08-21,Housekeeping,25885.34
E07252,H018,2026-08-17,Food & Beverage,44271.24
E07253,H018,2026-08-06,Marketing,24044.65
E07254,H018,2026-08-12,Technology,11464.73
E07255,H018,2026-08-08,Security,14318.92
E07256,H018,2026-08-18,Transportation,10042.13
E07257,H018,2026-08-29,Supplies,14397.67
E07258,H018,2026-08-24,Laundry,19368.55
E07259,H018,2026-08-22,Other Operating Expenses,3448.9
E07260,H019,2024-01-05,Employee & Staff,95438.39
E07261,H019,2024-01-26,Utilities,49725.36
E07262,H019,2024-01-02,Maintenance,35534.59
E07263,H019,2024-01-29,Housekeeping,28744.45
E07264,H019,2024-01-02,Food & Beverage,41304.61
E07265,H019,2024-01-16,Marketing,19399.95
E07266,H019,2024-01-11,Technology,11749.84
E07267,H019,2024-01-02,Security,13105.1
E07268,H019,2024-01-18,Transportation,9733.5
E07269,H019,2024-01-22,Supplies,12433.5
E07270,H019,2024-01-24,Laundry,17493.23
E07271,H019,2024-01-16,Other Operating Expenses,3715.73
E07272,H019,2024-02-27,Employee & Staff,111815.9
E07273,H019,2024-02-10,Utilities,59718.54
E07274,H019,2024-02-22,Maintenance,42920.34
E07275,H019,2024-02-12,Housekeeping,32099.68
E07276,H019,2024-02-12,Food & Beverage,42433.44
E07277,H019,2024-02-18,Marketing,14762.63
E07278,H019,2024-02-27,Technology,11927.62
E07279,H019,2024-02-05,Security,13725.55
E07280,H019,2024-02-06,Transportation,11398.76
E07281,H019,2024-02-25,Supplies,16229.49
E07282,H019,2024-02-29,Laundry,20208.46
E07283,H019,2024-02-01,Other Operating Expenses,4076.93
E07284,H019,2024-02-12,Maintenance,45483.86
E07285,H019,2024-03-01,Employee & Staff,95988.43
E07286,H019,2024-03-11,Utilities,57485.84
E07287,H019,2024-03-15,Maintenance,36945.59
E07288,H019,2024-03-21,Housekeeping,29334.62
E07289,H019,2024-03-17,Food & Beverage,38315.03
E07290,H019,2024-03-03,Marketing,15877.14
E07291,H019,2024-03-07,Technology,9241.95
E07292,H019,2024-03-14,Security,12805.68
E07293,H019,2024-03-28,Transportation,10711.13
E07294,H019,2024-03-05,Supplies,14770.39
E07295,H019,2024-03-04,Laundry,16409.82
E07296,H019,2024-03-07,Other Operating Expenses,3099.47
E07297,H019,2024-03-06,Maintenance,21582.75
E07298,H019,2024-04-04,Employee & Staff,111223.73
E07299,H019,2024-04-24,Utilities,54517.18
E07300,H019,2024-04-09,Maintenance,32715.84
E07301,H019,2024-04-22,Housekeeping,26021.47
E07302,H019,2024-04-01,Food & Beverage,41226.66
E07303,H019,2024-04-25,Marketing,16628.74
E07304,H019,2024-04-20,Technology,9554.18
E07305,H019,2024-04-09,Security,15255.2
E07306,H019,2024-04-29,Transportation,11132.34
E07307,H019,2024-04-11,Supplies,15473.51
E07308,H019,2024-04-29,Laundry,19327.35
E07309,H019,2024-04-08,Other Operating Expenses,3699.52
E07310,H019,2024-04-28,Transportation,18311.93
E07311,H019,2024-05-30,Employee & Staff,103519.06
E07312,H019,2024-05-18,Utilities,59716.48
E07313,H019,2024-05-17,Maintenance,33968.97
E07314,H019,2024-05-19,Housekeeping,27711.85
E07315,H019,2024-05-02,Food & Beverage,43906.89
E07316,H019,2024-05-28,Marketing,18211.37
E07317,H019,2024-05-20,Technology,10094.01
E07318,H019,2024-05-22,Security,13055.34
E07319,H019,2024-05-02,Transportation,9704.82
E07320,H019,2024-05-14,Supplies,15272.77
E07321,H019,2024-05-16,Laundry,16267.05
E07322,H019,2024-05-29,Other Operating Expenses,4102.1
E07323,H019,2024-06-29,Employee & Staff,107861.84
E07324,H019,2024-06-08,Utilities,43789.03
E07325,H019,2024-06-23,Maintenance,36338.27
E07326,H019,2024-06-21,Housekeeping,24946.31
E07327,H019,2024-06-15,Food & Beverage,37046.86
E07328,H019,2024-06-02,Marketing,22404.75
E07329,H019,2024-06-18,Technology,9637.08
E07330,H019,2024-06-28,Security,14004.31
E07331,H019,2024-06-21,Transportation,10017.01
E07332,H019,2024-06-08,Supplies,13148.13
E07333,H019,2024-06-29,Laundry,16169.29
E07334,H019,2024-06-05,Other Operating Expenses,3460.65
E07335,H019,2024-06-05,Supplies,20873.35
E07336,H019,2024-07-14,Employee & Staff,101518.92
E07337,H019,2024-07-22,Utilities,47446.05
E07338,H019,2024-07-21,Maintenance,44001.83
E07339,H019,2024-07-07,Housekeeping,25868.04
E07340,H019,2024-07-26,Food & Beverage,47251.81
E07341,H019,2024-07-29,Marketing,16199.74
E07342,H019,2024-07-29,Technology,12056.37
E07343,H019,2024-07-28,Security,12941.74
E07344,H019,2024-07-20,Transportation,9955.51
E07345,H019,2024-07-24,Supplies,13000.99
E07346,H019,2024-07-04,Laundry,18592.77
E07347,H019,2024-07-24,Other Operating Expenses,3442.74
E07348,H019,2024-08-20,Employee & Staff,117032.68
E07349,H019,2024-08-19,Utilities,61189.61
E07350,H019,2024-08-31,Maintenance,37435.09
E07351,H019,2024-08-25,Housekeeping,27728.92
E07352,H019,2024-08-31,Food & Beverage,45721.08
E07353,H019,2024-08-23,Marketing,17797.28
E07354,H019,2024-08-23,Technology,9996.19
E07355,H019,2024-08-04,Security,14064.22
E07356,H019,2024-08-29,Transportation,10391.51
E07357,H019,2024-08-31,Supplies,16939.51
E07358,H019,2024-08-20,Laundry,17032.77
E07359,H019,2024-08-14,Other Operating Expenses,4166.57
E07360,H019,2024-08-03,Maintenance,32854.85
E07361,H019,2024-09-12,Employee & Staff,104629.55
E07362,H019,2024-09-22,Utilities,48702.68
E07363,H019,2024-09-30,Maintenance,34303.5
E07364,H019,2024-09-12,Housekeeping,28015.96
E07365,H019,2024-09-22,Food & Beverage,38853.91
E07366,H019,2024-09-16,Marketing,20482.18
E07367,H019,2024-09-19,Technology,10966.64
E07368,H019,2024-09-13,Security,14164.53
E07369,H019,2024-09-09,Transportation,11101.02
E07370,H019,2024-09-11,Supplies,12455.97
E07371,H019,2024-09-29,Laundry,18560.54
E07372,H019,2024-09-01,Other Operating Expenses,3700.84
E07373,H019,2024-09-18,Transportation,26976.62
E07374,H019,2024-10-27,Employee & Staff,109727.05
E07375,H019,2024-10-14,Utilities,51755.4
E07376,H019,2024-10-13,Maintenance,31356.25
E07377,H019,2024-10-10,Housekeeping,24147.75
E07378,H019,2024-10-31,Food & Beverage,41575.75
E07379,H019,2024-10-12,Marketing,18092.17
E07380,H019,2024-10-08,Technology,8988.76
E07381,H019,2024-10-17,Security,14399.02
E07382,H019,2024-10-06,Transportation,10549.74
E07383,H019,2024-10-19,Supplies,12075.0
E07384,H019,2024-10-19,Laundry,17118.82
E07385,H019,2024-10-02,Other Operating Expenses,3096.27
E07386,H019,2024-11-17,Employee & Staff,110684.14
E07387,H019,2024-11-15,Utilities,50111.53
E07388,H019,2024-11-20,Maintenance,88893.0
E07389,H019,2024-11-14,Housekeeping,26756.03
E07390,H019,2024-11-11,Food & Beverage,39053.48
E07391,H019,2024-11-04,Marketing,20719.76
E07392,H019,2024-11-27,Technology,9978.46
E07393,H019,2024-11-21,Security,15034.04
E07394,H019,2024-11-28,Transportation,9056.99
E07395,H019,2024-11-23,Supplies,12921.4
E07396,H019,2024-11-21,Laundry,18824.09
E07397,H019,2024-11-10,Other Operating Expenses,3608.94
E07398,H019,2024-12-16,Employee & Staff,125210.86
E07399,H019,2024-12-24,Utilities,54311.5
E07400,H019,2024-12-30,Maintenance,36826.23
E07401,H019,2024-12-13,Housekeeping,28462.65
E07402,H019,2024-12-11,Food & Beverage,51858.21
E07403,H019,2024-12-12,Marketing,21275.9
E07404,H019,2024-12-24,Technology,10592.9
E07405,H019,2024-12-04,Security,16555.51
E07406,H019,2024-12-24,Transportation,11875.72
E07407,H019,2024-12-31,Supplies,16289.58
E07408,H019,2024-12-28,Laundry,21086.09
E07409,H019,2024-12-14,Other Operating Expenses,4070.74
E07410,H019,2024-12-08,Transportation,25401.07
E07411,H019,2025-01-16,Employee & Staff,111776.92
E07412,H019,2025-01-30,Utilities,53647.96
E07413,H019,2025-01-23,Maintenance,28609.47
E07414,H019,2025-01-12,Housekeeping,26607.25
E07415,H019,2025-01-15,Food & Beverage,39442.35
E07416,H019,2025-01-28,Marketing,22077.43
E07417,H019,2025-01-01,Technology,10192.58
E07418,H019,2025-01-26,Security,15648.23
E07419,H019,2025-01-10,Transportation,10784.74
E07420,H019,2025-01-20,Supplies,15140.74
E07421,H019,2025-01-18,Laundry,16099.7
E07422,H019,2025-01-06,Other Operating Expenses,3272.06
E07423,H019,2025-01-09,Maintenance,36934.18
E07424,H019,2025-02-02,Employee & Staff,97457.25
E07425,H019,2025-02-16,Utilities,43736.58
E07426,H019,2025-02-25,Maintenance,37101.49
E07427,H019,2025-02-17,Housekeeping,27915.46
E07428,H019,2025-02-20,Food & Beverage,38134.48
E07429,H019,2025-02-04,Marketing,28728.88
E07430,H019,2025-02-17,Technology,10768.89
E07431,H019,2025-02-09,Security,14169.66
E07432,H019,2025-02-18,Transportation,8653.24
E07433,H019,2025-02-14,Supplies,11312.8
E07434,H019,2025-02-09,Laundry,17644.46
E07435,H019,2025-02-15,Other Operating Expenses,3233.86
E07436,H019,2025-03-17,Employee & Staff,106642.61
E07437,H019,2025-03-02,Utilities,50167.13
E07438,H019,2025-03-02,Maintenance,27761.33
E07439,H019,2025-03-23,Housekeeping,27811.47
E07440,H019,2025-03-22,Food & Beverage,40736.03
E07441,H019,2025-03-02,Marketing,24414.35
E07442,H019,2025-03-10,Technology,10643.77
E07443,H019,2025-03-01,Security,13269.23
E07444,H019,2025-03-13,Transportation,9118.49
E07445,H019,2025-03-28,Supplies,13586.65
E07446,H019,2025-03-11,Laundry,16880.2
E07447,H019,2025-03-25,Other Operating Expenses,3020.25
E07448,H019,2025-03-23,Marketing,39578.79
E07449,H019,2025-04-09,Employee & Staff,87588.29
E07450,H019,2025-04-23,Utilities,51553.0
E07451,H019,2025-04-02,Maintenance,43034.12
E07452,H019,2025-04-08,Housekeeping,27557.18
E07453,H019,2025-04-30,Food & Beverage,38787.18
E07454,H019,2025-04-23,Marketing,12389.24
E07455,H019,2025-04-02,Technology,10345.88
E07456,H019,2025-04-06,Security,13508.0
E07457,H019,2025-04-07,Transportation,10148.19
E07458,H019,2025-04-30,Supplies,12761.75
E07459,H019,2025-04-15,Laundry,14735.47
E07460,H019,2025-04-23,Other Operating Expenses,2716.3
E07461,H019,2025-05-24,Employee & Staff,103555.18
E07462,H019,2025-05-15,Utilities,49950.48
E07463,H019,2025-05-25,Maintenance,40802.76
E07464,H019,2025-05-06,Housekeeping,30539.97
E07465,H019,2025-05-19,Food & Beverage,43924.68
E07466,H019,2025-05-04,Marketing,14314.69
E07467,H019,2025-05-31,Technology,8909.39
E07468,H019,2025-05-22,Security,13961.41
E07469,H019,2025-05-27,Transportation,10918.94
E07470,H019,2025-05-07,Supplies,13584.82
E07471,H019,2025-05-26,Laundry,17097.5
E07472,H019,2025-05-29,Other Operating Expenses,3495.51
E07473,H019,2025-05-16,Marketing,25796.08
E07474,H019,2025-06-19,Employee & Staff,98799.75
E07475,H019,2025-06-02,Utilities,52067.46
E07476,H019,2025-06-21,Maintenance,41396.65
E07477,H019,2025-06-15,Housekeeping,27783.44
E07478,H019,2025-06-11,Food & Beverage,44691.14
E07479,H019,2025-06-04,Marketing,15005.98
E07480,H019,2025-06-14,Technology,10764.66
E07481,H019,2025-06-14,Security,14923.8
E07482,H019,2025-06-03,Transportation,11769.1
E07483,H019,2025-06-02,Supplies,13196.48
E07484,H019,2025-06-17,Laundry,17483.27
E07485,H019,2025-06-27,Other Operating Expenses,4085.46
E07486,H019,2025-07-26,Employee & Staff,105275.64
E07487,H019,2025-07-12,Utilities,63109.8
E07488,H019,2025-07-10,Maintenance,43104.77
E07489,H019,2025-07-30,Housekeeping,28718.39
E07490,H019,2025-07-09,Food & Beverage,47648.31
E07491,H019,2025-07-20,Marketing,16239.37
E07492,H019,2025-07-26,Technology,12013.58
E07493,H019,2025-07-24,Security,14765.84
E07494,H019,2025-07-08,Transportation,10714.95
E07495,H019,2025-07-06,Supplies,16352.94
E07496,H019,2025-07-27,Laundry,16819.55
E07497,H019,2025-07-06,Other Operating Expenses,3936.86
E07498,H019,2025-07-05,Maintenance,32433.76
E07499,H019,2025-08-24,Employee & Staff,127556.63
E07500,H019,2025-08-03,Utilities,62759.99
E07501,H019,2025-08-08,Maintenance,32852.06
E07502,H019,2025-08-16,Housekeeping,30633.27
E07503,H019,2025-08-01,Food & Beverage,44049.28
E07504,H019,2025-08-03,Marketing,18034.52
E07505,H019,2025-08-08,Technology,11719.34
E07506,H019,2025-08-25,Security,15909.53
E07507,H019,2025-08-04,Transportation,10895.6
E07508,H019,2025-08-14,Supplies,14160.99
E07509,H019,2025-08-27,Laundry,21143.04
E07510,H019,2025-08-26,Other Operating Expenses,3828.85
E07511,H019,2025-08-05,Maintenance,43649.19
E07512,H019,2025-09-26,Employee & Staff,110084.13
E07513,H019,2025-09-22,Utilities,56466.23
E07514,H019,2025-09-15,Maintenance,31441.11
E07515,H019,2025-09-07,Housekeeping,24351.31
E07516,H019,2025-09-02,Food & Beverage,42000.95
E07517,H019,2025-09-25,Marketing,22068.8
E07518,H019,2025-09-04,Technology,9928.45
E07519,H019,2025-09-15,Security,12619.61
E07520,H019,2025-09-26,Transportation,8952.63
E07521,H019,2025-09-09,Supplies,14502.62
E07522,H019,2025-09-02,Laundry,17380.65
E07523,H019,2025-09-25,Other Operating Expenses,3531.84
E07524,H019,2025-09-10,Marketing,37113.67
E07525,H019,2025-10-27,Employee & Staff,100422.31
E07526,H019,2025-10-05,Utilities,52946.74
E07527,H019,2025-10-28,Maintenance,34994.16
E07528,H019,2025-10-08,Housekeeping,30426.82
E07529,H019,2025-10-18,Food & Beverage,48512.42
E07530,H019,2025-10-28,Marketing,21445.51
E07531,H019,2025-10-28,Technology,9960.76
E07532,H019,2025-10-22,Security,15858.28
E07533,H019,2025-10-02,Transportation,9623.69
E07534,H019,2025-10-12,Supplies,12504.24
E07535,H019,2025-10-03,Laundry,19211.39
E07536,H019,2025-10-20,Other Operating Expenses,3309.04
E07537,H019,2025-11-21,Employee & Staff,133826.09
E07538,H019,2025-11-05,Utilities,69724.3
E07539,H019,2025-11-24,Maintenance,39721.76
E07540,H019,2025-11-02,Housekeeping,36975.35
E07541,H019,2025-11-08,Food & Beverage,54729.88
E07542,H019,2025-11-23,Marketing,24619.39
E07543,H019,2025-11-21,Technology,12739.73
E07544,H019,2025-11-04,Security,14673.13
E07545,H019,2025-11-20,Transportation,13786.92
E07546,H019,2025-11-21,Supplies,18290.27
E07547,H019,2025-11-12,Laundry,23376.9
E07548,H019,2025-11-05,Other Operating Expenses,3970.43
E07549,H019,2025-11-05,Marketing,54480.47
E07550,H019,2025-12-23,Employee & Staff,124125.0
E07551,H019,2025-12-03,Utilities,56508.33
E07552,H019,2025-12-16,Maintenance,33359.77
E07553,H019,2025-12-02,Housekeeping,27088.37
E07554,H019,2025-12-25,Food & Beverage,47746.18
E07555,H019,2025-12-08,Marketing,20986.94
E07556,H019,2025-12-19,Technology,10940.05
E07557,H019,2025-12-18,Security,15446.77
E07558,H019,2025-12-12,Transportation,11985.92
E07559,H019,2025-12-23,Supplies,16520.2
E07560,H019,2025-12-25,Laundry,19051.41
E07561,H019,2025-12-13,Other Operating Expenses,3607.45
E07562,H019,2026-01-01,Employee & Staff,142732.73
E07563,H019,2026-01-02,Utilities,78783.37
E07564,H019,2026-01-04,Maintenance,48766.09
E07565,H019,2026-01-03,Housekeeping,41232.18
E07566,H019,2026-01-26,Food & Beverage,59895.57
E07567,H019,2026-01-18,Marketing,38200.98
E07568,H019,2026-01-08,Technology,13450.84
E07569,H019,2026-01-19,Security,20065.25
E07570,H019,2026-01-02,Transportation,14313.97
E07571,H019,2026-01-17,Supplies,17576.69
E07572,H019,2026-01-14,Laundry,22402.34
E07573,H019,2026-01-22,Other Operating Expenses,4886.44
E07574,H019,2026-02-03,Employee & Staff,114252.46
E07575,H019,2026-02-23,Utilities,54488.44
E07576,H019,2026-02-18,Maintenance,34334.03
E07577,H019,2026-02-17,Housekeeping,31131.04
E07578,H019,2026-02-12,Food & Beverage,38396.22
E07579,H019,2026-02-27,Marketing,14951.39
E07580,H019,2026-02-19,Technology,9799.14
E07581,H019,2026-02-14,Security,12412.85
E07582,H019,2026-02-06,Transportation,9629.22
E07583,H019,2026-02-11,Supplies,15020.21
E07584,H019,2026-02-04,Laundry,15094.06
E07585,H019,2026-02-11,Other Operating Expenses,3364.89
E07586,H019,2026-02-08,Maintenance,27723.92
E07587,H019,2026-03-20,Employee & Staff,127063.83
E07588,H019,2026-03-30,Utilities,59186.19
E07589,H019,2026-03-09,Maintenance,44124.36
E07590,H019,2026-03-22,Housekeeping,30549.46
E07591,H019,2026-03-28,Food & Beverage,42388.03
E07592,H019,2026-03-30,Marketing,19053.3
E07593,H019,2026-03-29,Technology,11244.85
E07594,H019,2026-03-07,Security,16542.05
E07595,H019,2026-03-02,Transportation,10596.11
E07596,H019,2026-03-12,Supplies,15337.93
E07597,H019,2026-03-31,Laundry,20477.99
E07598,H019,2026-03-26,Other Operating Expenses,4278.44
E07599,H019,2026-03-31,Transportation,30554.45
E07600,H019,2026-04-26,Employee & Staff,104788.88
E07601,H019,2026-04-29,Utilities,65354.31
E07602,H019,2026-04-21,Maintenance,48018.19
E07603,H019,2026-04-28,Housekeeping,32141.64
E07604,H019,2026-04-13,Food & Beverage,44953.21
E07605,H019,2026-04-28,Marketing,19734.38
E07606,H019,2026-04-18,Technology,12367.61
E07607,H019,2026-04-22,Security,13860.75
E07608,H019,2026-04-24,Transportation,10449.55
E07609,H019,2026-04-06,Supplies,15860.9
E07610,H019,2026-04-24,Laundry,20003.71
E07611,H019,2026-04-27,Other Operating Expenses,3638.64
E07612,H019,2026-05-27,Employee & Staff,112091.72
E07613,H019,2026-05-18,Utilities,60711.31
E07614,H019,2026-05-03,Maintenance,42030.31
E07615,H019,2026-05-26,Housekeeping,28191.0
E07616,H019,2026-05-12,Food & Beverage,49170.11
E07617,H019,2026-05-28,Marketing,14946.71
E07618,H019,2026-05-11,Technology,12702.62
E07619,H019,2026-05-31,Security,16044.67
E07620,H019,2026-05-31,Transportation,11491.12
E07621,H019,2026-05-04,Supplies,16796.9
E07622,H019,2026-05-09,Laundry,16844.72
E07623,H019,2026-05-27,Other Operating Expenses,3288.59
E07624,H019,2026-06-13,Employee & Staff,107428.45
E07625,H019,2026-06-30,Utilities,61782.88
E07626,H019,2026-06-27,Maintenance,40719.16
E07627,H019,2026-06-01,Housekeeping,31552.09
E07628,H019,2026-06-29,Food & Beverage,46226.67
E07629,H019,2026-06-19,Marketing,19207.14
E07630,H019,2026-06-30,Technology,9982.03
E07631,H019,2026-06-13,Security,16756.22
E07632,H019,2026-06-12,Transportation,9980.22
E07633,H019,2026-06-06,Supplies,13922.18
E07634,H019,2026-06-09,Laundry,18120.06
E07635,H019,2026-06-17,Other Operating Expenses,3822.04
E07636,H019,2026-06-03,Maintenance,30519.69
E07637,H019,2026-07-23,Employee & Staff,113213.58
E07638,H019,2026-07-11,Utilities,58518.42
E07639,H019,2026-07-05,Maintenance,44013.19
E07640,H019,2026-07-07,Housekeeping,26338.54
E07641,H019,2026-07-27,Food & Beverage,49185.74
E07642,H019,2026-07-26,Marketing,16483.89
E07643,H019,2026-07-21,Technology,11961.73
E07644,H019,2026-07-18,Security,16074.83
E07645,H019,2026-07-30,Transportation,10041.76
E07646,H019,2026-07-17,Supplies,13673.84
E07647,H019,2026-07-31,Laundry,18434.26
E07648,H019,2026-07-14,Other Operating Expenses,3383.42
E07649,H019,2026-07-23,Maintenance,33984.09
E07650,H019,2026-08-15,Employee & Staff,120771.31
E07651,H019,2026-08-20,Utilities,59741.34
E07652,H019,2026-08-22,Maintenance,52628.64
E07653,H019,2026-08-09,Housekeeping,35988.99
E07654,H019,2026-08-15,Food & Beverage,56366.19
E07655,H019,2026-08-15,Marketing,19079.11
E07656,H019,2026-08-25,Technology,13928.1
E07657,H019,2026-08-28,Security,16694.55
E07658,H019,2026-08-01,Transportation,12312.81
E07659,H019,2026-08-29,Supplies,16332.66
E07660,H019,2026-08-16,Laundry,21513.09
E07661,H019,2026-08-24,Other Operating Expenses,4196.93
E07662,H020,2024-01-26,Employee & Staff,111013.21
E07663,H020,2024-01-25,Utilities,58828.33
E07664,H020,2024-01-05,Maintenance,29652.93
E07665,H020,2024-01-01,Housekeeping,25021.33
E07666,H020,2024-01-24,Food & Beverage,40316.22
E07667,H020,2024-01-24,Marketing,22200.81
E07668,H020,2024-01-17,Technology,9627.36
E07669,H020,2024-01-26,Security,14309.32
E07670,H020,2024-01-26,Transportation,11588.03
E07671,H020,2024-01-12,Supplies,14394.03
E07672,H020,2024-01-24,Laundry,17685.33
E07673,H020,2024-01-05,Other Operating Expenses,3401.02
E07674,H020,2024-02-08,Employee & Staff,98118.77
E07675,H020,2024-02-15,Utilities,55187.1
E07676,H020,2024-02-09,Maintenance,79589.6
E07677,H020,2024-02-21,Housekeeping,27036.47
E07678,H020,2024-02-06,Food & Beverage,37327.74
E07679,H020,2024-02-07,Marketing,13973.56
E07680,H020,2024-02-10,Technology,10192.92
E07681,H020,2024-02-06,Security,14982.33
E07682,H020,2024-02-25,Transportation,9532.91
E07683,H020,2024-02-03,Supplies,14430.48
E07684,H020,2024-02-02,Laundry,16548.8
E07685,H020,2024-02-25,Other Operating Expenses,3771.83
E07686,H020,2024-02-12,Marketing,35851.58
E07687,H020,2024-03-02,Employee & Staff,121396.09
E07688,H020,2024-03-02,Utilities,59576.32
E07689,H020,2024-03-04,Maintenance,36875.87
E07690,H020,2024-03-23,Housekeeping,34000.25
E07691,H020,2024-03-07,Food & Beverage,46762.57
E07692,H020,2024-03-25,Marketing,17339.21
E07693,H020,2024-03-08,Technology,12893.56
E07694,H020,2024-03-17,Security,14775.62
E07695,H020,2024-03-25,Transportation,11316.27
E07696,H020,2024-03-01,Supplies,13645.43
E07697,H020,2024-03-05,Laundry,21544.28
E07698,H020,2024-03-23,Other Operating Expenses,3866.87
E07699,H020,2024-03-26,Marketing,36832.44
E07700,H020,2024-04-25,Employee & Staff,111816.42
E07701,H020,2024-04-13,Utilities,49224.91
E07702,H020,2024-04-22,Maintenance,44047.11
E07703,H020,2024-04-01,Housekeeping,28204.68
E07704,H020,2024-04-26,Food & Beverage,48058.06
E07705,H020,2024-04-01,Marketing,15073.11
E07706,H020,2024-04-24,Technology,9619.3
E07707,H020,2024-04-16,Security,12572.84
E07708,H020,2024-04-18,Transportation,9988.7
E07709,H020,2024-04-23,Supplies,15726.78
E07710,H020,2024-04-11,Laundry,18279.92
E07711,H020,2024-04-10,Other Operating Expenses,3442.07
E07712,H020,2024-05-21,Employee & Staff,89638.36
E07713,H020,2024-05-16,Utilities,49217.95
E07714,H020,2024-05-18,Maintenance,35419.19
E07715,H020,2024-05-20,Housekeeping,26241.05
E07716,H020,2024-05-21,Food & Beverage,43060.68
E07717,H020,2024-05-06,Marketing,20005.47
E07718,H020,2024-05-22,Technology,9743.07
E07719,H020,2024-05-09,Security,13622.58
E07720,H020,2024-05-02,Transportation,9948.18
E07721,H020,2024-05-06,Supplies,14274.81
E07722,H020,2024-05-08,Laundry,15802.41
E07723,H020,2024-05-07,Other Operating Expenses,3774.46
E07724,H020,2024-05-27,Supplies,39661.3
E07725,H020,2024-06-26,Employee & Staff,126801.01
E07726,H020,2024-06-13,Utilities,62653.63
E07727,H020,2024-06-04,Maintenance,45275.68
E07728,H020,2024-06-25,Housekeeping,32909.29
E07729,H020,2024-06-16,Food & Beverage,52690.84
E07730,H020,2024-06-25,Marketing,19187.13
E07731,H020,2024-06-05,Technology,11981.48
E07732,H020,2024-06-30,Security,15548.01
E07733,H020,2024-06-17,Transportation,13450.2
E07734,H020,2024-06-11,Supplies,17266.88
E07735,H020,2024-06-29,Laundry,18398.15
E07736,H020,2024-06-26,Other Operating Expenses,4227.77
E07737,H020,2024-06-23,Transportation,25693.76
E07738,H020,2024-07-01,Employee & Staff,106864.36
E07739,H020,2024-07-19,Utilities,52498.55
E07740,H020,2024-07-20,Maintenance,36085.94
E07741,H020,2024-07-02,Housekeeping,28864.21
E07742,H020,2024-07-01,Food & Beverage,45434.94
E07743,H020,2024-07-25,Marketing,34174.72
E07744,H020,2024-07-04,Technology,10684.47
E07745,H020,2024-07-26,Security,13481.82
E07746,H020,2024-07-20,Transportation,9902.32
E07747,H020,2024-07-07,Supplies,14854.58
E07748,H020,2024-07-20,Laundry,16658.38
E07749,H020,2024-07-05,Other Operating Expenses,3481.01
E07750,H020,2024-08-06,Employee & Staff,108153.72
E07751,H020,2024-08-16,Utilities,49928.86
E07752,H020,2024-08-01,Maintenance,29985.68
E07753,H020,2024-08-02,Housekeeping,30732.23
E07754,H020,2024-08-30,Food & Beverage,45620.55
E07755,H020,2024-08-04,Marketing,14729.83
E07756,H020,2024-08-08,Technology,9763.13
E07757,H020,2024-08-06,Security,14451.21
E07758,H020,2024-08-26,Transportation,10311.47
E07759,H020,2024-08-09,Supplies,14078.85
E07760,H020,2024-08-04,Laundry,15471.38
E07761,H020,2024-08-15,Other Operating Expenses,3130.83
E07762,H020,2024-08-19,Marketing,40932.73
E07763,H020,2024-09-19,Employee & Staff,124230.01
E07764,H020,2024-09-25,Utilities,54629.34
E07765,H020,2024-09-05,Maintenance,28064.98
E07766,H020,2024-09-04,Housekeeping,32155.92
E07767,H020,2024-09-02,Food & Beverage,46413.22
E07768,H020,2024-09-23,Marketing,21138.96
E07769,H020,2024-09-22,Technology,9696.46
E07770,H020,2024-09-05,Security,13261.08
E07771,H020,2024-09-11,Transportation,12032.45
E07772,H020,2024-09-15,Supplies,12979.73
E07773,H020,2024-09-20,Laundry,19238.42
E07774,H020,2024-09-11,Other Operating Expenses,3935.54
E07775,H020,2024-09-04,Marketing,31369.29
E07776,H020,2024-10-11,Employee & Staff,118361.98
E07777,H020,2024-10-07,Utilities,54070.19
E07778,H020,2024-10-15,Maintenance,29623.77
E07779,H020,2024-10-07,Housekeeping,30958.07
E07780,H020,2024-10-04,Food & Beverage,42699.22
E07781,H020,2024-10-07,Marketing,21992.96
E07782,H020,2024-10-09,Technology,10726.75
E07783,H020,2024-10-30,Security,13380.85
E07784,H020,2024-10-16,Transportation,12106.65
E07785,H020,2024-10-29,Supplies,13818.22
E07786,H020,2024-10-11,Laundry,19976.02
E07787,H020,2024-10-21,Other Operating Expenses,3301.73
E07788,H020,2024-10-07,Supplies,28452.31
E07789,H020,2024-11-08,Employee & Staff,110018.77
E07790,H020,2024-11-07,Utilities,54023.66
E07791,H020,2024-11-28,Maintenance,33358.98
E07792,H020,2024-11-10,Housekeeping,29082.91
E07793,H020,2024-11-22,Food & Beverage,45015.62
E07794,H020,2024-11-05,Marketing,20360.26
E07795,H020,2024-11-29,Technology,11878.76
E07796,H020,2024-11-15,Security,13206.04
E07797,H020,2024-11-05,Transportation,11074.04
E07798,H020,2024-11-23,Supplies,15574.47
E07799,H020,2024-11-03,Laundry,19148.32
E07800,H020,2024-11-19,Other Operating Expenses,3370.49
E07801,H020,2024-11-11,Supplies,31626.1
E07802,H020,2024-12-05,Employee & Staff,91019.61
E07803,H020,2024-12-28,Utilities,57917.22
E07804,H020,2024-12-09,Maintenance,39229.78
E07805,H020,2024-12-31,Housekeeping,28332.53
E07806,H020,2024-12-13,Food & Beverage,45095.25
E07807,H020,2024-12-23,Marketing,22093.28
E07808,H020,2024-12-14,Technology,10695.69
E07809,H020,2024-12-01,Security,14226.84
E07810,H020,2024-12-03,Transportation,10877.25
E07811,H020,2024-12-25,Supplies,15040.14
E07812,H020,2024-12-07,Laundry,17093.13
E07813,H020,2024-12-29,Other Operating Expenses,3774.82
E07814,H020,2025-01-09,Employee & Staff,124343.9
E07815,H020,2025-01-17,Utilities,50387.15
E07816,H020,2025-01-02,Maintenance,42344.97
E07817,H020,2025-01-05,Housekeeping,26586.37
E07818,H020,2025-01-22,Food & Beverage,42507.47
E07819,H020,2025-01-30,Marketing,22255.45
E07820,H020,2025-01-12,Technology,11998.32
E07821,H020,2025-01-02,Security,15215.86
E07822,H020,2025-01-18,Transportation,10664.79
E07823,H020,2025-01-07,Supplies,15766.84
E07824,H020,2025-01-27,Laundry,16885.57
E07825,H020,2025-01-19,Other Operating Expenses,4015.33
E07826,H020,2025-01-15,Maintenance,24157.73
E07827,H020,2025-02-13,Employee & Staff,117271.87
E07828,H020,2025-02-22,Utilities,57406.15
E07829,H020,2025-02-06,Maintenance,47588.47
E07830,H020,2025-02-07,Housekeeping,29426.31
E07831,H020,2025-02-22,Food & Beverage,47785.3
E07832,H020,2025-02-09,Marketing,18112.92
E07833,H020,2025-02-17,Technology,13156.24
E07834,H020,2025-02-12,Security,15261.82
E07835,H020,2025-02-03,Transportation,11150.78
E07836,H020,2025-02-04,Supplies,16287.55
E07837,H020,2025-02-14,Laundry,20465.56
E07838,H020,2025-02-02,Other Operating Expenses,4264.5
E07839,H020,2025-02-28,Maintenance,28331.25
E07840,H020,2025-03-06,Employee & Staff,109129.24
E07841,H020,2025-03-20,Utilities,57216.41
E07842,H020,2025-03-15,Maintenance,32525.35
E07843,H020,2025-03-24,Housekeeping,30049.86
E07844,H020,2025-03-19,Food & Beverage,42583.49
E07845,H020,2025-03-08,Marketing,17729.48
E07846,H020,2025-03-16,Technology,10447.33
E07847,H020,2025-03-29,Security,16137.0
E07848,H020,2025-03-20,Transportation,9821.72
E07849,H020,2025-03-23,Supplies,14030.3
E07850,H020,2025-03-30,Laundry,19715.79
E07851,H020,2025-03-02,Other Operating Expenses,3848.37
E07852,H020,2025-04-08,Employee & Staff,124707.25
E07853,H020,2025-04-13,Utilities,57188.08
E07854,H020,2025-04-29,Maintenance,33316.17
E07855,H020,2025-04-10,Housekeeping,29638.21
E07856,H020,2025-04-19,Food & Beverage,51597.83
E07857,H020,2025-04-27,Marketing,19574.82
E07858,H020,2025-04-26,Technology,10650.44
E07859,H020,2025-04-06,Security,15746.32
E07860,H020,2025-04-27,Transportation,12412.28
E07861,H020,2025-04-19,Supplies,17004.74
E07862,H020,2025-04-27,Laundry,19901.08
E07863,H020,2025-04-08,Other Operating Expenses,4045.01
E07864,H020,2025-04-11,Transportation,22685.42
E07865,H020,2025-05-16,Employee & Staff,117892.88
E07866,H020,2025-05-30,Utilities,50016.07
E07867,H020,2025-05-15,Maintenance,44804.58
E07868,H020,2025-05-29,Housekeeping,30928.78
E07869,H020,2025-05-02,Food & Beverage,48982.92
E07870,H020,2025-05-24,Marketing,15835.65
E07871,H020,2025-05-29,Technology,12012.09
E07872,H020,2025-05-24,Security,13652.05
E07873,H020,2025-05-25,Transportation,10264.36
E07874,H020,2025-05-19,Supplies,14965.81
E07875,H020,2025-05-12,Laundry,16220.48
E07876,H020,2025-05-14,Other Operating Expenses,3614.5
E07877,H020,2025-05-25,Maintenance,23449.01
E07878,H020,2025-06-10,Employee & Staff,92636.72
E07879,H020,2025-06-21,Utilities,45911.69
E07880,H020,2025-06-19,Maintenance,33928.35
E07881,H020,2025-06-27,Housekeeping,27114.06
E07882,H020,2025-06-27,Food & Beverage,40626.46
E07883,H020,2025-06-02,Marketing,13505.94
E07884,H020,2025-06-03,Technology,10861.36
E07885,H020,2025-06-18,Security,13401.26
E07886,H020,2025-06-10,Transportation,10959.2
E07887,H020,2025-06-21,Supplies,13904.16
E07888,H020,2025-06-30,Laundry,18719.6
E07889,H020,2025-06-08,Other Operating Expenses,3360.66
E07890,H020,2025-07-26,Employee & Staff,99615.65
E07891,H020,2025-07-31,Utilities,57607.65
E07892,H020,2025-07-23,Maintenance,24781.92
E07893,H020,2025-07-07,Housekeeping,27978.25
E07894,H020,2025-07-02,Food & Beverage,37383.59
E07895,H020,2025-07-12,Marketing,16092.8
E07896,H020,2025-07-26,Technology,11453.04
E07897,H020,2025-07-14,Security,12679.57
E07898,H020,2025-07-31,Transportation,10024.21
E07899,H020,2025-07-05,Supplies,14063.24
E07900,H020,2025-07-17,Laundry,16346.36
E07901,H020,2025-07-30,Other Operating Expenses,3090.84
E07902,H020,2025-07-28,Supplies,34953.91
E07903,H020,2025-08-14,Employee & Staff,115203.2
E07904,H020,2025-08-01,Utilities,50895.62
E07905,H020,2025-08-06,Maintenance,34082.03
E07906,H020,2025-08-21,Housekeeping,27224.07
E07907,H020,2025-08-17,Food & Beverage,40632.32
E07908,H020,2025-08-11,Marketing,17895.09
E07909,H020,2025-08-20,Technology,12270.83
E07910,H020,2025-08-04,Security,13210.16
E07911,H020,2025-08-15,Transportation,11986.92
E07912,H020,2025-08-06,Supplies,15713.45
E07913,H020,2025-08-28,Laundry,17188.11
E07914,H020,2025-08-14,Other Operating Expenses,3436.36
E07915,H020,2025-09-09,Employee & Staff,108037.01
E07916,H020,2025-09-17,Utilities,50267.46
E07917,H020,2025-09-22,Maintenance,41839.36
E07918,H020,2025-09-26,Housekeeping,30379.21
E07919,H020,2025-09-12,Food & Beverage,45342.91
E07920,H020,2025-09-26,Marketing,31788.09
E07921,H020,2025-09-21,Technology,12379.65
E07922,H020,2025-09-20,Security,14598.49
E07923,H020,2025-09-15,Transportation,12323.8
E07924,H020,2025-09-01,Supplies,13842.2
E07925,H020,2025-09-07,Laundry,20211.57
E07926,H020,2025-09-18,Other Operating Expenses,3544.17
E07927,H020,2025-09-13,Marketing,50824.57
E07928,H020,2025-10-12,Employee & Staff,130998.52
E07929,H020,2025-10-18,Utilities,55190.29
E07930,H020,2025-10-23,Maintenance,39160.93
E07931,H020,2025-10-23,Housekeeping,29572.36
E07932,H020,2025-10-15,Food & Beverage,43228.81
E07933,H020,2025-10-01,Marketing,24204.27
E07934,H020,2025-10-03,Technology,13305.9
E07935,H020,2025-10-02,Security,15791.03
E07936,H020,2025-10-14,Transportation,13062.21
E07937,H020,2025-10-31,Supplies,15945.24
E07938,H020,2025-10-16,Laundry,19631.91
E07939,H020,2025-10-15,Other Operating Expenses,3827.56
E07940,H020,2025-11-08,Employee & Staff,135368.21
E07941,H020,2025-11-05,Utilities,64972.2
E07942,H020,2025-11-11,Maintenance,36111.27
E07943,H020,2025-11-03,Housekeeping,33629.46
E07944,H020,2025-11-27,Food & Beverage,47135.24
E07945,H020,2025-11-14,Marketing,25894.15
E07946,H020,2025-11-11,Technology,12664.31
E07947,H020,2025-11-15,Security,17455.24
E07948,H020,2025-11-07,Transportation,11390.27
E07949,H020,2025-11-30,Supplies,14723.56
E07950,H020,2025-11-17,Laundry,21199.29
E07951,H020,2025-11-13,Other Operating Expenses,3528.56
E07952,H020,2025-11-16,Transportation,20959.16
E07953,H020,2025-12-05,Employee & Staff,119474.48
E07954,H020,2025-12-24,Utilities,53030.87
E07955,H020,2025-12-01,Maintenance,35953.47
E07956,H020,2025-12-09,Housekeeping,31230.73
E07957,H020,2025-12-20,Food & Beverage,48130.91
E07958,H020,2025-12-12,Marketing,22026.3
E07959,H020,2025-12-10,Technology,10857.18
E07960,H020,2025-12-11,Security,13797.96
E07961,H020,2025-12-25,Transportation,10654.65
E07962,H020,2025-12-06,Supplies,16191.59
E07963,H020,2025-12-21,Laundry,20901.61
E07964,H020,2025-12-22,Other Operating Expenses,3900.68
E07965,H020,2026-01-15,Employee & Staff,117336.88
E07966,H020,2026-01-18,Utilities,53343.04
E07967,H020,2026-01-16,Maintenance,30885.24
E07968,H020,2026-01-11,Housekeeping,29918.08
E07969,H020,2026-01-16,Food & Beverage,45491.31
E07970,H020,2026-01-25,Marketing,22623.73
E07971,H020,2026-01-23,Technology,12827.5
E07972,H020,2026-01-13,Security,17511.0
E07973,H020,2026-01-24,Transportation,13000.16
E07974,H020,2026-01-23,Supplies,15919.82
E07975,H020,2026-01-10,Laundry,17769.89
E07976,H020,2026-01-26,Other Operating Expenses,4400.93
E07977,H020,2026-01-21,Marketing,38059.01
E07978,H020,2026-02-13,Employee & Staff,104144.58
E07979,H020,2026-02-07,Utilities,65800.81
E07980,H020,2026-02-28,Maintenance,42412.07
E07981,H020,2026-02-01,Housekeeping,29396.52
E07982,H020,2026-02-25,Food & Beverage,49344.25
E07983,H020,2026-02-17,Marketing,16162.38
E07984,H020,2026-02-12,Technology,11040.95
E07985,H020,2026-02-22,Security,15833.32
E07986,H020,2026-02-19,Transportation,12250.84
E07987,H020,2026-02-02,Supplies,15516.21
E07988,H020,2026-02-20,Laundry,17575.7
E07989,H020,2026-02-20,Other Operating Expenses,3719.64
E07990,H020,2026-03-29,Employee & Staff,137608.83
E07991,H020,2026-03-07,Utilities,69051.41
E07992,H020,2026-03-30,Maintenance,34964.22
E07993,H020,2026-03-30,Housekeeping,34779.08
E07994,H020,2026-03-13,Food & Beverage,55252.12
E07995,H020,2026-03-25,Marketing,18751.31
E07996,H020,2026-03-23,Technology,13438.0
E07997,H020,2026-03-11,Security,18265.51
E07998,H020,2026-03-15,Transportation,11384.75
E07999,H020,2026-03-20,Supplies,15370.19
E08000,H020,2026-03-17,Laundry,22871.17
E08001,H020,2026-03-14,Other Operating Expenses,4575.92
E08002,H020,2026-03-09,Transportation,28792.09
E08003,H020,2026-04-11,Employee & Staff,131795.54
E08004,H020,2026-04-06,Utilities,64051.25
E08005,H020,2026-04-03,Maintenance,45434.83
E08006,H020,2026-04-26,Housekeeping,35751.2
E08007,H020,2026-04-10,Food & Beverage,59162.29
E08008,H020,2026-04-12,Marketing,19677.67
E08009,H020,2026-04-15,Technology,11524.38
E08010,H020,2026-04-27,Security,17942.08
E08011,H020,2026-04-20,Transportation,12006.27
E08012,H020,2026-04-20,Supplies,16281.95
E08013,H020,2026-04-30,Laundry,24543.69
E08014,H020,2026-04-15,Other Operating Expenses,3910.0
E08015,H020,2026-05-20,Employee & Staff,131834.69
E08016,H020,2026-05-27,Utilities,68074.92
E08017,H020,2026-05-17,Maintenance,49026.11
E08018,H020,2026-05-03,Housekeeping,31656.65
E08019,H020,2026-05-02,Food & Beverage,47845.4
E08020,H020,2026-05-15,Marketing,20204.46
E08021,H020,2026-05-10,Technology,12825.17
E08022,H020,2026-05-13,Security,17348.23
E08023,H020,2026-05-17,Transportation,11289.08
E08024,H020,2026-05-17,Supplies,18497.41
E08025,H020,2026-05-06,Laundry,22194.61
E08026,H020,2026-05-18,Other Operating Expenses,4166.96
E08027,H020,2026-05-24,Maintenance,24061.91
E08028,H020,2026-06-30,Employee & Staff,139308.37
E08029,H020,2026-06-14,Utilities,62223.98
E08030,H020,2026-06-22,Maintenance,51049.29
E08031,H020,2026-06-10,Housekeeping,32833.22
E08032,H020,2026-06-20,Food & Beverage,54284.62
E08033,H020,2026-06-14,Marketing,17738.45
E08034,H020,2026-06-19,Technology,11963.63
E08035,H020,2026-06-03,Security,16076.72
E08036,H020,2026-06-12,Transportation,12801.53
E08037,H020,2026-06-06,Supplies,19859.51
E08038,H020,2026-06-30,Laundry,25164.19
E08039,H020,2026-06-22,Other Operating Expenses,4038.54
E08040,H020,2026-07-25,Employee & Staff,129141.31
E08041,H020,2026-07-01,Utilities,62428.67
E08042,H020,2026-07-21,Maintenance,31201.52
E08043,H020,2026-07-15,Housekeeping,35581.8
E08044,H020,2026-07-15,Food & Beverage,52912.04
E08045,H020,2026-07-06,Marketing,16762.7
E08046,H020,2026-07-07,Technology,12412.42
E08047,H020,2026-07-03,Security,17683.17
E08048,H020,2026-07-20,Transportation,11868.16
E08049,H020,2026-07-01,Supplies,14926.25
E08050,H020,2026-07-31,Laundry,21229.24
E08051,H020,2026-07-08,Other Operating Expenses,4002.03
E08052,H020,2026-08-07,Employee & Staff,150746.1
E08053,H020,2026-08-16,Utilities,78460.69
E08054,H020,2026-08-11,Maintenance,53364.85
E08055,H020,2026-08-14,Housekeeping,35093.69
E08056,H020,2026-08-09,Food & Beverage,61547.16
E08057,H020,2026-08-02,Marketing,23055.3
E08058,H020,2026-08-13,Technology,13011.97
E08059,H020,2026-08-11,Security,17220.98
E08060,H020,2026-08-10,Transportation,13792.37
E08061,H020,2026-08-18,Supplies,19912.03
E08062,H020,2026-08-23,Laundry,26124.44
E08063,H020,2026-08-26,Other Operating Expenses,4969.41
E08064,H020,2026-08-11,Marketing,25562.77
