guest_id,guest_name,gender,age,location,email,contact,registration_date
G00001,Myra Bansal,Female,54,"Bhubaneswar, Odisha",myra.bansal00001@example.com,9000000001,2018-08-07
G00002,Sneha Arora,Female,38,"Jaipur, Rajasthan",sneha.arora00002@example.com,9000000002,2021-04-25
G00003,Kabir Kapoor,Male,34,"Hyderabad, Telangana",kabir.kapoor00003@example.com,9000000003,2021-10-25
G00004,Swati Mathur,Female,42,"Bengaluru, Karnataka",swati.mathur00004@example.com,9000000004,2017-06-28
G00005,Ananya Agarwal,Female,33,"Surat, Gujarat",ananya.agarwal00005@example.com,9000000005,2017-08-06
G00006,Kunal Yadav,Male,32,"Coimbatore, Tamil Nadu",kunal.yadav00006@example.com,9000000006,2016-03-09
G00007,Rahul Mittal,Male,41,"Indore, Madhya Pradesh",rahul.mittal00007@example.com,9000000007,2019-11-17
G00008,Muskan Bose,Female,46,"Gurugram, Haryana",muskan.bose00008@example.com,9000000008,2019-02-04
G00009,Nisha Kulkarni,Female,53,"Noida, Uttar Pradesh",nisha.kulkarni00009@example.com,9000000009,2024-10-20
G00010,Tanya Sodhi,Female,19,"Ahmedabad, Gujarat",tanya.sodhi00010@example.com,9000000010,2019-04-24
G00011,Tarun Mathur,Male,49,"Pune, Maharashtra",tarun.mathur00011@example.com,9000000011,2024-06-22
G00012,Ayush Yadav,Male,58,"Chandigarh, Chandigarh",ayush.yadav00012@example.com,9000000012,2021-04-19
G00013,Parth Mukherjee,Male,29,"Jaipur, Rajasthan",parth.mukherjee00013@example.com,9000000013,2022-09-18
G00014,Ritika Nair,Female,50,"Hyderabad, Telangana",ritika.nair00014@example.com,9000000014,2023-08-04
G00015,Deepak Naidu,Male,26,"Gurugram, Haryana",deepak.naidu00015@example.com,9000000015,2016-06-10
G00016,Myra Gill,Female,50,"Pune, Maharashtra",myra.gill00016@example.com,9000000016,2022-11-15
G00017,Avni Rawat,Female,34,"Patna, Bihar",avni.rawat00017@example.com,9000000017,2023-02-07
G00018,Naveen Vohra,Male,41,"Lucknow, Uttar Pradesh",naveen.vohra00018@example.com,9000000018,2018-10-13
G00019,Raghav Kapoor,Other,27,"Chandigarh, Chandigarh",raghav.kapoor00019@example.com,9000000019,2020-07-01
G00020,Payal Saxena,Female,44,"Ahmedabad, Gujarat",payal.saxena00020@example.com,9000000020,2023-11-04
G00021,Kriti Dhingra,Female,34,"Hyderabad, Telangana",kriti.dhingra00021@example.com,9000000021,2021-11-11
G00022,Kriti Shah,Female,35,"Hyderabad, Telangana",kriti.shah00022@example.com,9000000022,2018-07-15
G00023,Saurabh Gupta,Male,29,"Ahmedabad, Gujarat",saurabh.gupta00023@example.com,9000000023,2022-05-06
G00024,Tarun Vohra,Male,46,"Bengaluru, Karnataka",tarun.vohra00024@example.com,9000000024,2022-07-02
G00025,Divya Joshi,Female,21,"Pune, Maharashtra",divya.joshi00025@example.com,9000000025,2018-05-21
G00026,Nikhil Malhotra,Male,41,"Ahmedabad, Gujarat",nikhil.malhotra00026@example.com,9000000026,2023-02-26
G00027,Naveen Joshi,Male,36,"Bengaluru, Karnataka",naveen.joshi00027@example.com,9000000027,2018-06-18
G00028,Priya Oberoi,Female,52,"Udaipur, Rajasthan",priya.oberoi00028@example.com,9000000028,2018-02-02
G00029,Tanmay Banerjee,Male,37,"Noida, Uttar Pradesh",tanmay.banerjee00029@example.com,9000000029,2021-02-13
G00030,Simran Ghosh,Female,47,"Ahmedabad, Gujarat",simran.ghosh00030@example.com,9000000030,2019-06-12
G00031,Nikita Bhattacharya,Female,38,"Ahmedabad, Gujarat",nikita.bhattacharya00031@example.com,9000000031,2020-03-08
G00032,Swati Patel,Female,22,"Udaipur, Rajasthan",swati.patel00032@example.com,9000000032,2024-03-09
G00033,Divya Ahuja,Female,37,"New Delhi, Delhi",divya.ahuja00033@example.com,9000000033,2024-12-13
G00034,Ayush Menon,Male,40,"Gurugram, Haryana",ayush.menon00034@example.com,9000000034,2019-09-21
G00035,Sameer Sodhi,Male,18,"Chennai, Tamil Nadu",sameer.sodhi00035@example.com,9000000035,2017-11-28
G00036,Abhinav Sengupta,Male,32,"Hyderabad, Telangana",abhinav.sengupta00036@example.com,9000000036,2019-03-11
G00037,Avni Mehta,Female,48,"Udaipur, Rajasthan",avni.mehta00037@example.com,9000000037,2020-01-20
G00038,Radhika Bhatia,Female,45,"Noida, Uttar Pradesh",radhika.bhatia00038@example.com,9000000038,2021-01-29
G00039,Ishaan Dhingra,Male,51,"New Delhi, Delhi",ishaan.dhingra00039@example.com,9000000039,2016-04-19
G00040,Dhruv Nair,Male,44,"Goa, Goa",dhruv.nair00040@example.com,9000000040,2016-01-19
G00041,Ritika Dhingra,Female,54,"Gurugram, Haryana",ritika.dhingra00041@example.com,9000000041,2016-08-20
G00042,Neha Sengupta,Female,50,"Ahmedabad, Gujarat",neha.sengupta00042@example.com,9000000042,2021-12-28
G00043,Payal Trivedi,Female,50,"Chennai, Tamil Nadu",payal.trivedi00043@example.com,9000000043,2024-08-23
G00044,Neeraj Joshi,Male,48,"Bengaluru, Karnataka",neeraj.joshi00044@example.com,9000000044,2021-12-19
G00045,Ujjwal Iyer,Male,22,"Surat, Gujarat",ujjwal.iyer00045@example.com,9000000045,2017-02-17
G00046,Varun Sethi,Male,50,"Lucknow, Uttar Pradesh",varun.sethi00046@example.com,9000000046,2016-05-27
G00047,Ritika Yadav,Female,53,"Bhubaneswar, Odisha",ritika.yadav00047@example.com,9000000047,2023-03-28
G00048,Komal Bhatia,Female,50,"Mysuru, Karnataka",komal.bhatia00048@example.com,9000000048,2017-11-07
G00049,Aditya Kaur,Male,50,"Hyderabad, Telangana",aditya.kaur00049@example.com,9000000049,2023-03-04
G00050,Mayank Naidu,Male,53,"Patna, Bihar",mayank.naidu00050@example.com,9000000050,2021-02-19
G00051,Shrey Vohra,Male,30,"Mysuru, Karnataka",shrey.vohra00051@example.com,9000000051,2021-03-01
G00052,Naveen Bhattacharya,Male,46,"New Delhi, Delhi",naveen.bhattacharya00052@example.com,9000000052,2024-09-18
G00053,Isha Ahuja,Female,36,"Bengaluru, Karnataka",isha.ahuja00053@example.com,9000000053,2016-09-15
G00054,Dhruv Banerjee,Male,47,"Jaipur, Rajasthan",dhruv.banerjee00054@example.com,9000000054,2018-04-14
G00055,Ujjwal Sethi,Male,31,"Dehradun, Uttarakhand",ujjwal.sethi00055@example.com,9000000055,2023-12-03
G00056,Manav Arora,Male,64,"Indore, Madhya Pradesh",manav.arora00056@example.com,9000000056,2019-03-23
G00057,Karan Puri,Male,34,"Bengaluru, Karnataka",karan.puri00057@example.com,9000000057,2016-07-22
G00058,Pallavi Das,Female,44,"Mumbai, Maharashtra",pallavi.das00058@example.com,9000000058,2024-10-07
G00059,Anika Nair,Female,38,"Kolkata, West Bengal",anika.nair00059@example.com,9000000059,2019-01-17
G00060,Riya Pillai,Other,48,"Hyderabad, Telangana",riya.pillai00060@example.com,9000000060,2023-12-27
G00061,Divya Mehta,Female,41,"Chennai, Tamil Nadu",divya.mehta00061@example.com,9000000061,2023-03-13
G00062,Sanya Thakur,Female,20,"Faridabad, Haryana",sanya.thakur00062@example.com,9000000062,2022-10-19
G00063,Ananya Sodhi,Female,46,"Ahmedabad, Gujarat",ananya.sodhi00063@example.com,9000000063,2024-12-07
G00064,Rishi Pillai,Male,46,"Noida, Uttar Pradesh",rishi.pillai00064@example.com,9000000064,2022-09-09
G00065,Myra Pillai,Female,49,"Bhopal, Madhya Pradesh",myra.pillai00065@example.com,9000000065,2022-08-08
G00066,Simran Singh,Female,55,"Shimla, Himachal Pradesh",simran.singh00066@example.com,9000000066,2021-01-30
G00067,Avni Chopra,Female,44,"Lucknow, Uttar Pradesh",avni.chopra00067@example.com,9000000067,2018-04-05
G00068,Payal Chauhan,Female,34,"Lucknow, Uttar Pradesh",payal.chauhan00068@example.com,9000000068,2020-04-09
G00069,Tarun Sharma,Male,54,"Chandigarh, Chandigarh",tarun.sharma00069@example.com,9000000069,2020-02-14
G00070,Swati Shah,Female,49,"Hyderabad, Telangana",swati.shah00070@example.com,9000000070,2016-01-10
G00071,Isha Joshi,Female,42,"Hyderabad, Telangana",isha.joshi00071@example.com,9000000071,2018-05-06
G00072,Rahul Singh,Male,61,"Indore, Madhya Pradesh",rahul.singh00072@example.com,9000000072,2022-02-13
G00073,Raghav Mittal,Male,35,"Mumbai, Maharashtra",raghav.mittal00073@example.com,9000000073,2016-12-09
G00074,Saurabh Sengupta,Male,33,"Ranchi, Jharkhand",saurabh.sengupta00074@example.com,9000000074,2016-05-09
G00075,Ankit Oberoi,Male,35,"Kolkata, West Bengal",ankit.oberoi00075@example.com,9000000075,2020-06-13
G00076,Ritika Saxena,Female,19,"Ranchi, Jharkhand",ritika.saxena00076@example.com,9000000076,2020-08-31
G00077,Aman Oberoi,Male,41,"Kolkata, West Bengal",aman.oberoi00077@example.com,9000000077,2024-01-28
G00078,Riya Joshi,Female,38,"Mumbai, Maharashtra",riya.joshi00078@example.com,9000000078,2020-05-19
G00079,Arjun Mukherjee,Male,42,"Chennai, Tamil Nadu",arjun.mukherjee00079@example.com,9000000079,2019-07-18
G00080,Preeti Bansal,Female,47,"Indore, Madhya Pradesh",preeti.bansal00080@example.com,9000000080,2022-11-09
G00081,Yash Reddy,Male,37,"Gurugram, Haryana",yash.reddy00081@example.com,9000000081,2025-03-21
G00082,Payal Rawat,Female,39,"Gurugram, Haryana",payal.rawat00082@example.com,9000000082,2024-12-08
G00083,Adit Khanna,Male,28,"Bhopal, Madhya Pradesh",adit.khanna00083@example.com,9000000083,2022-11-14
G00084,Komal Kohli,Female,36,"Chennai, Tamil Nadu",komal.kohli00084@example.com,9000000084,2019-11-30
G00085,Isha Patel,Female,39,"Faridabad, Haryana",isha.patel00085@example.com,9000000085,2023-02-19
G00086,Karan Khanna,Male,39,"New Delhi, Delhi",karan.khanna00086@example.com,9000000086,2023-06-29
G00087,Adit Puri,Male,32,"New Delhi, Delhi",adit.puri00087@example.com,9000000087,2024-12-07
G00088,Karan Das,Male,42,"Bengaluru, Karnataka",karan.das00088@example.com,9000000088,2018-05-29
G00089,Apoorva Das,Female,55,"Noida, Uttar Pradesh",apoorva.das00089@example.com,9000000089,2017-02-05
G00090,Naveen Das,Male,32,"Ahmedabad, Gujarat",naveen.das00090@example.com,9000000090,2019-04-03
G00091,Parth Bose,Male,30,"Pune, Maharashtra",parth.bose00091@example.com,9000000091,2023-04-21
G00092,Avni Gupta,Female,31,"Kolkata, West Bengal",avni.gupta00092@example.com,9000000092,2016-05-15
G00093,Vivek Gill,Male,48,"Mumbai, Maharashtra",vivek.gill00093@example.com,9000000093,2023-05-22
G00094,Parth Oberoi,Male,18,"Jaipur, Rajasthan",parth.oberoi00094@example.com,9000000094,2021-08-25
G00095,Sakshi Kaur,Female,32,"Mumbai, Maharashtra",sakshi.kaur00095@example.com,9000000095,2017-09-04
G00096,Nikhil Srivastava,Male,32,"Surat, Gujarat",nikhil.srivastava00096@example.com,9000000096,2017-01-31
G00097,Vivek Oberoi,Male,36,"New Delhi, Delhi",vivek.oberoi00097@example.com,9000000097,2017-10-09
G00098,Ujjwal Bhattacharya,Male,41,"Jaipur, Rajasthan",ujjwal.bhattacharya00098@example.com,9000000098,2020-12-15
G00099,Navya Sharma,Female,38,"Kochi, Kerala",navya.sharma00099@example.com,9000000099,2024-05-21
G00100,Gaurav Tiwari,Male,35,"Kochi, Kerala",gaurav.tiwari00100@example.com,9000000100,2018-11-26
G00101,Avni Khatri,Female,27,"Jaipur, Rajasthan",avni.khatri00101@example.com,9000000101,2025-02-28
G00102,Vivek Menon,Male,42,"Kochi, Kerala",vivek.menon00102@example.com,9000000102,2021-04-24
G00103,Pranav Desai,Male,58,"Chennai, Tamil Nadu",pranav.desai00103@example.com,9000000103,2020-10-07
G00104,Ayush Kapoor,Male,46,"Kochi, Kerala",ayush.kapoor00104@example.com,9000000104,2020-08-10
G00105,Kabir Gupta,Male,37,"Ranchi, Jharkhand",kabir.gupta00105@example.com,9000000105,2017-08-16
G00106,Radhika Gupta,Female,53,"Noida, Uttar Pradesh",radhika.gupta00106@example.com,9000000106,2021-01-09
G00107,Shubham Malhotra,Male,45,"Kolkata, West Bengal",shubham.malhotra00107@example.com,9000000107,2017-10-17
G00108,Anurag Bhattacharya,Male,45,"Bhubaneswar, Odisha",anurag.bhattacharya00108@example.com,9000000108,2023-01-18
G00109,Apoorva Mittal,Female,44,"Pune, Maharashtra",apoorva.mittal00109@example.com,9000000109,2025-05-22
G00110,Swati Agarwal,Other,41,"Bhubaneswar, Odisha",swati.agarwal00110@example.com,9000000110,2016-05-15
G00111,Shubham Verma,Male,30,"Mumbai, Maharashtra",shubham.verma00111@example.com,9000000111,2017-11-12
G00112,Trisha Iyer,Female,54,"Kolkata, West Bengal",trisha.iyer00112@example.com,9000000112,2023-10-22
G00113,Shubham Rao,Male,40,"Pune, Maharashtra",shubham.rao00113@example.com,9000000113,2024-09-21
G00114,Avni Verma,Female,38,"Mumbai, Maharashtra",avni.verma00114@example.com,9000000114,2023-05-01
G00115,Dhruv Kapoor,Male,59,"Bhopal, Madhya Pradesh",dhruv.kapoor00115@example.com,9000000115,2016-02-08
G00116,Saurabh Oberoi,Male,52,"New Delhi, Delhi",saurabh.oberoi00116@example.com,9000000116,2023-05-22
G00117,Diya Trivedi,Female,42,"Chennai, Tamil Nadu",diya.trivedi00117@example.com,9000000117,2023-08-11
G00118,Mahi Singh,Female,32,"Gurugram, Haryana",mahi.singh00118@example.com,9000000118,2019-08-17
G00119,Abhinav Reddy,Male,35,"Pune, Maharashtra",abhinav.reddy00119@example.com,9000000119,2017-08-28
G00120,Vivaan Dutta,Male,53,"Kolkata, West Bengal",vivaan.dutta00120@example.com,9000000120,2018-06-22
G00121,Diya Bose,Female,52,"Chandigarh, Chandigarh",diya.bose00121@example.com,9000000121,2018-02-09
G00122,Trisha Dutta,Female,28,"Dehradun, Uttarakhand",trisha.dutta00122@example.com,9000000122,2021-01-22
G00123,Tanvi Desai,Female,36,"New Delhi, Delhi",tanvi.desai00123@example.com,9000000123,2024-03-29
G00124,Nisha Patel,Female,47,"Nashik, Maharashtra",nisha.patel00124@example.com,9000000124,2016-12-05
G00125,Shalini Mishra,Female,44,"Faridabad, Haryana",shalini.mishra00125@example.com,9000000125,2019-03-10
G00126,Rahul Jain,Male,56,"Mysuru, Karnataka",rahul.jain00126@example.com,9000000126,2020-10-04
G00127,Aanya Malhotra,Female,18,"Chandigarh, Chandigarh",aanya.malhotra00127@example.com,9000000127,2017-06-30
G00128,Sanya Bansal,Female,36,"New Delhi, Delhi",sanya.bansal00128@example.com,9000000128,2025-06-29
G00129,Rahul Yadav,Male,38,"Dehradun, Uttarakhand",rahul.yadav00129@example.com,9000000129,2020-08-17
G00130,Raghav Oberoi,Male,43,"Hyderabad, Telangana",raghav.oberoi00130@example.com,9000000130,2019-06-20
G00131,Trisha Dhingra,Female,32,"Udaipur, Rajasthan",trisha.dhingra00131@example.com,9000000131,2023-07-18
G00132,Karan Kulkarni,Male,46,"Indore, Madhya Pradesh",karan.kulkarni00132@example.com,9000000132,2019-03-04
G00133,Swati Srivastava,Other,39,"Dehradun, Uttarakhand",swati.srivastava00133@example.com,9000000133,2024-09-23
G00134,Dev Chauhan,Male,26,"Udaipur, Rajasthan",dev.chauhan00134@example.com,9000000134,2022-02-10
G00135,Aditya Trivedi,Male,51,"Mumbai, Maharashtra",aditya.trivedi00135@example.com,9000000135,2023-11-11
G00136,Vasudha Bose,Female,43,"Thiruvananthapuram, Kerala",vasudha.bose00136@example.com,9000000136,2018-03-26
G00137,Aarohi Rawat,Female,23,"Chennai, Tamil Nadu",aarohi.rawat00137@example.com,9000000137,2022-08-24
G00138,Ishita Dutta,Female,33,"Mumbai, Maharashtra",ishita.dutta00138@example.com,9000000138,2018-01-25
G00139,Ananya Ahuja,Female,26,"Goa, Goa",ananya.ahuja00139@example.com,9000000139,2020-06-17
G00140,Karan Luthra,Male,36,"Ahmedabad, Gujarat",karan.luthra00140@example.com,9000000140,2022-07-11
G00141,Mohit Mathur,Male,51,"Bhopal, Madhya Pradesh",mohit.mathur00141@example.com,9000000141,2021-06-23
G00142,Ritvik Bansal,Male,43,"Lucknow, Uttar Pradesh",ritvik.bansal00142@example.com,9000000142,2018-04-27
G00143,Aman Naidu,Male,47,"Kochi, Kerala",aman.naidu00143@example.com,9000000143,2017-08-12
G00144,Nikita Bose,Female,34,"Ahmedabad, Gujarat",nikita.bose00144@example.com,9000000144,2020-10-10
G00145,Vasudha Menon,Female,25,"Indore, Madhya Pradesh",vasudha.menon00145@example.com,9000000145,2018-05-02
G00146,Mohit Das,Male,23,"Chennai, Tamil Nadu",mohit.das00146@example.com,9000000146,2022-06-09
G00147,Payal Mishra,Female,39,"Mumbai, Maharashtra",payal.mishra00147@example.com,9000000147,2023-02-27
G00148,Kunal Pillai,Male,50,"Bengaluru, Karnataka",kunal.pillai00148@example.com,9000000148,2020-07-16
G00149,Vasudha Das,Female,52,"New Delhi, Delhi",vasudha.das00149@example.com,9000000149,2022-12-28
G00150,Rahul Shah,Male,39,"Indore, Madhya Pradesh",rahul.shah00150@example.com,9000000150,2019-06-06
G00151,Karan Sinha,Male,45,"Chandigarh, Chandigarh",karan.sinha00151@example.com,9000000151,2022-07-19
G00152,Vivaan Naidu,Male,25,"Bengaluru, Karnataka",vivaan.naidu00152@example.com,9000000152,2016-05-05
G00153,Isha Luthra,Female,38,"Chennai, Tamil Nadu",isha.luthra00153@example.com,9000000153,2023-05-27
G00154,Navya Agarwal,Female,34,"Pune, Maharashtra",navya.agarwal00154@example.com,9000000154,2018-07-17
G00155,Tushar Kapoor,Male,20,"Indore, Madhya Pradesh",tushar.kapoor00155@example.com,9000000155,2024-04-18
G00156,Kriti Rao,Female,28,"Bengaluru, Karnataka",kriti.rao00156@example.com,9000000156,2019-06-21
G00157,Shreya Bansal,Female,18,"Nashik, Maharashtra",shreya.bansal00157@example.com,9000000157,2016-01-25
G00158,Ujjwal Singh,Male,36,"Surat, Gujarat",ujjwal.singh00158@example.com,9000000158,2020-01-16
G00159,Ritu Verma,Female,32,"Chennai, Tamil Nadu",ritu.verma00159@example.com,9000000159,2020-08-17
G00160,Tanya Desai,Female,75,"Noida, Uttar Pradesh",tanya.desai00160@example.com,9000000160,2018-08-05
G00161,Radhika Mishra,Female,19,"Gurugram, Haryana",radhika.mishra00161@example.com,9000000161,2024-10-03
G00162,Isha Bose,Female,44,"Chandigarh, Chandigarh",isha.bose00162@example.com,9000000162,2019-09-18
G00163,Sahil Agarwal,Male,31,"Mumbai, Maharashtra",sahil.agarwal00163@example.com,9000000163,2020-12-31
G00164,Ishita Ahuja,Female,46,"Indore, Madhya Pradesh",ishita.ahuja00164@example.com,9000000164,2017-11-19
G00165,Priya Verma,Female,37,"Kolkata, West Bengal",priya.verma00165@example.com,9000000165,2022-06-27
G00166,Bhavna Shah,Female,44,"Noida, Uttar Pradesh",bhavna.shah00166@example.com,9000000166,2018-02-19
G00167,Adit Malhotra,Male,33,"Surat, Gujarat",adit.malhotra00167@example.com,9000000167,2024-08-28
G00168,Vivek Sharma,Male,30,"Bengaluru, Karnataka",vivek.sharma00168@example.com,9000000168,2017-05-12
G00169,Rohan Yadav,Male,61,"New Delhi, Delhi",rohan.yadav00169@example.com,9000000169,2023-01-08
G00170,Shrey Nair,Male,38,"Gurugram, Haryana",shrey.nair00170@example.com,9000000170,2016-11-27
G00171,Ishaan Iyer,Male,57,"Goa, Goa",ishaan.iyer00171@example.com,9000000171,2016-10-01
G00172,Akash Ahuja,Male,40,"Faridabad, Haryana",akash.ahuja00172@example.com,9000000172,2022-06-30
G00173,Sanya Khanna,Female,27,"Nagpur, Maharashtra",sanya.khanna00173@example.com,9000000173,2018-04-08
G00174,Meera Mathur,Female,21,"Chandigarh, Chandigarh",meera.mathur00174@example.com,9000000174,2022-05-01
G00175,Avni Gill,Female,53,"Jaipur, Rajasthan",avni.gill00175@example.com,9000000175,2016-01-09
G00176,Kavya Naidu,Female,38,"Lucknow, Uttar Pradesh",kavya.naidu00176@example.com,9000000176,2024-01-06
G00177,Shivani Puri,Female,35,"Nagpur, Maharashtra",shivani.puri00177@example.com,9000000177,2018-02-07
G00178,Sameer Ghosh,Other,44,"Shimla, Himachal Pradesh",sameer.ghosh00178@example.com,9000000178,2023-03-04
G00179,Deepak Luthra,Male,39,"Bengaluru, Karnataka",deepak.luthra00179@example.com,9000000179,2023-08-15
G00180,Sanya Oberoi,Female,28,"Chennai, Tamil Nadu",sanya.oberoi00180@example.com,9000000180,2016-12-20
G00181,Sakshi Luthra,Female,41,"Chennai, Tamil Nadu",sakshi.luthra00181@example.com,9000000181,2018-04-05
G00182,Shreya Khatri,Female,48,"Faridabad, Haryana",shreya.khatri00182@example.com,9000000182,2020-12-26
G00183,Rahul Iyer,Male,45,"Coimbatore, Tamil Nadu",rahul.iyer00183@example.com,9000000183,2022-01-19
G00184,Ritu Kulkarni,Female,29,"Chennai, Tamil Nadu",ritu.kulkarni00184@example.com,9000000184,2016-09-03
G00185,Mahi Das,Female,43,"Goa, Goa",mahi.das00185@example.com,9000000185,2023-06-29
G00186,Yash Srivastava,Male,51,"Surat, Gujarat",yash.srivastava00186@example.com,9000000186,2017-10-26
G00187,Ayush Sodhi,Male,58,"Bhopal, Madhya Pradesh",ayush.sodhi00187@example.com,9000000187,2021-02-08
G00188,Trisha Patel,Female,39,"Mumbai, Maharashtra",trisha.patel00188@example.com,9000000188,2017-11-21
G00189,Sakshi Tiwari,Female,47,"Surat, Gujarat",sakshi.tiwari00189@example.com,9000000189,2020-03-02
G00190,Apoorva Khatri,Female,25,"Lucknow, Uttar Pradesh",apoorva.khatri00190@example.com,9000000190,2018-02-13
G00191,Diya Sinha,Female,41,"Kolkata, West Bengal",diya.sinha00191@example.com,9000000191,2019-06-19
G00192,Kriti Iyer,Female,38,"Pune, Maharashtra",kriti.iyer00192@example.com,9000000192,2020-04-10
G00193,Ishita Patel,Female,44,"Surat, Gujarat",ishita.patel00193@example.com,9000000193,2020-06-12
G00194,Aarav Naidu,Male,29,"Goa, Goa",aarav.naidu00194@example.com,9000000194,2016-03-03
G00195,Apoorva Menon,Female,20,"Lucknow, Uttar Pradesh",apoorva.menon00195@example.com,9000000195,2023-05-19
G00196,Nisha Kapoor,Female,34,"Mumbai, Maharashtra",nisha.kapoor00196@example.com,9000000196,2023-08-06
G00197,Shalini Thakur,Female,41,"Pune, Maharashtra",shalini.thakur00197@example.com,9000000197,2023-05-23
G00198,Shreya Malhotra,Female,26,"Gurugram, Haryana",shreya.malhotra00198@example.com,9000000198,2023-04-18
G00199,Varun Khatri,Male,29,"Noida, Uttar Pradesh",varun.khatri00199@example.com,9000000199,2021-10-10
G00200,Aarohi Verma,Female,35,"Nagpur, Maharashtra",aarohi.verma00200@example.com,9000000200,2020-12-07
G00201,Sakshi Rao,Female,25,"Chennai, Tamil Nadu",sakshi.rao00201@example.com,9000000201,2016-06-25
G00202,Akash Jain,Male,40,"Nagpur, Maharashtra",akash.jain00202@example.com,9000000202,2024-11-01
G00203,Kiara Desai,Female,55,"Jaipur, Rajasthan",kiara.desai00203@example.com,9000000203,2021-08-07
G00204,Kiara Bhatia,Female,18,"Noida, Uttar Pradesh",kiara.bhatia00204@example.com,9000000204,2021-04-05
G00205,Ritvik Pillai,Male,30,"Goa, Goa",ritvik.pillai00205@example.com,9000000205,2019-07-14
G00206,Rishi Mittal,Male,35,"Bhubaneswar, Odisha",rishi.mittal00206@example.com,9000000206,2022-09-22
G00207,Shreya Iyer,Female,49,"New Delhi, Delhi",shreya.iyer00207@example.com,9000000207,2019-11-17
G00208,Sanya Mishra,Female,37,"Hyderabad, Telangana",sanya.mishra00208@example.com,9000000208,2018-09-20
G00209,Mahi Shah,Female,47,"Bhopal, Madhya Pradesh",mahi.shah00209@example.com,9000000209,2019-06-10
G00210,Mohit Sengupta,Male,34,"Bengaluru, Karnataka",mohit.sengupta00210@example.com,9000000210,2017-05-24
G00211,Isha Arora,Female,40,"Ahmedabad, Gujarat",isha.arora00211@example.com,9000000211,2020-02-18
G00212,Adit Mishra,Male,34,"Ahmedabad, Gujarat",adit.mishra00212@example.com,9000000212,2022-12-09
G00213,Shrey Kaur,Male,66,"Faridabad, Haryana",shrey.kaur00213@example.com,9000000213,2017-11-03
G00214,Vikram Jain,Male,30,"Ranchi, Jharkhand",vikram.jain00214@example.com,9000000214,2022-01-27
G00215,Nandini Kaur,Female,25,"Mysuru, Karnataka",nandini.kaur00215@example.com,9000000215,2022-12-19
G00216,Ishaan Sengupta,Male,30,"Chandigarh, Chandigarh",ishaan.sengupta00216@example.com,9000000216,2023-08-29
G00217,Kavya Khatri,Female,49,"Chennai, Tamil Nadu",kavya.khatri00217@example.com,9000000217,2018-12-12
G00218,Raj Pillai,Other,45,"Kolkata, West Bengal",raj.pillai00218@example.com,9000000218,2019-12-07
G00219,Vivek Rawat,Male,64,"Udaipur, Rajasthan",vivek.rawat00219@example.com,9000000219,2021-07-29
G00220,Gaurav Trivedi,Male,48,"Ranchi, Jharkhand",gaurav.trivedi00220@example.com,9000000220,2023-06-17
G00221,Yash Bhattacharya,Male,48,"New Delhi, Delhi",yash.bhattacharya00221@example.com,9000000221,2020-08-05
G00222,Dhruv Gupta,Male,30,"Shimla, Himachal Pradesh",dhruv.gupta00222@example.com,9000000222,2022-11-07
G00223,Rishi Joshi,Male,52,"Udaipur, Rajasthan",rishi.joshi00223@example.com,9000000223,2016-06-06
G00224,Abhinav Patel,Male,49,"Mysuru, Karnataka",abhinav.patel00224@example.com,9000000224,2020-01-06
G00225,Shubham Kohli,Male,58,"Pune, Maharashtra",shubham.kohli00225@example.com,9000000225,2017-07-05
G00226,Arjun Verma,Male,26,"Gurugram, Haryana",arjun.verma00226@example.com,9000000226,2017-10-13
G00227,Pallavi Kulkarni,Female,65,"Bhopal, Madhya Pradesh",pallavi.kulkarni00227@example.com,9000000227,2017-03-05
G00228,Shreya Ahuja,Female,20,"Chennai, Tamil Nadu",shreya.ahuja00228@example.com,9000000228,2018-04-17
G00229,Aarohi Desai,Female,47,"Udaipur, Rajasthan",aarohi.desai00229@example.com,9000000229,2020-01-30
G00230,Mahi Luthra,Female,36,"Udaipur, Rajasthan",mahi.luthra00230@example.com,9000000230,2021-10-06
G00231,Aditya Chauhan,Male,42,"Bengaluru, Karnataka",aditya.chauhan00231@example.com,9000000231,2020-03-30
G00232,Raghav Saxena,Male,37,"Nagpur, Maharashtra",raghav.saxena00232@example.com,9000000232,2024-05-02
G00233,Mayank Bansal,Male,43,"Kochi, Kerala",mayank.bansal00233@example.com,9000000233,2018-01-16
G00234,Nandini Gupta,Female,64,"Mumbai, Maharashtra",nandini.gupta00234@example.com,9000000234,2024-04-22
G00235,Saurabh Khatri,Male,50,"Bengaluru, Karnataka",saurabh.khatri00235@example.com,9000000235,2018-03-16
G00236,Vasudha Jain,Female,48,"Lucknow, Uttar Pradesh",vasudha.jain00236@example.com,9000000236,2022-06-02
G00237,Riya Ahuja,Female,36,"Kochi, Kerala",riya.ahuja00237@example.com,9000000237,2020-10-07
G00238,Tanya Gill,Female,42,"Bengaluru, Karnataka",tanya.gill00238@example.com,9000000238,2018-06-09
G00239,Kunal Bose,Male,43,"Thiruvananthapuram, Kerala",kunal.bose00239@example.com,9000000239,2017-12-26
G00240,Parth Naidu,Male,51,"Lucknow, Uttar Pradesh",parth.naidu00240@example.com,9000000240,2024-01-05
G00241,Sameer Verma,Male,25,"Chennai, Tamil Nadu",sameer.verma00241@example.com,9000000241,2020-12-06
G00242,Sameer Kulkarni,Male,38,"Shimla, Himachal Pradesh",sameer.kulkarni00242@example.com,9000000242,2022-07-19
G00243,Kabir Sengupta,Male,28,"Noida, Uttar Pradesh",kabir.sengupta00243@example.com,9000000243,2023-04-13
G00244,Raghav Sharma,Male,46,"Coimbatore, Tamil Nadu",raghav.sharma00244@example.com,9000000244,2025-01-21
G00245,Apoorva Srivastava,Female,37,"Chennai, Tamil Nadu",apoorva.srivastava00245@example.com,9000000245,2023-02-23
G00246,Karan Mittal,Male,18,"Jaipur, Rajasthan",karan.mittal00246@example.com,9000000246,2019-08-12
G00247,Harsh Kulkarni,Male,32,"Nashik, Maharashtra",harsh.kulkarni00247@example.com,9000000247,2023-03-22
G00248,Pallavi Pillai,Female,29,"Indore, Madhya Pradesh",pallavi.pillai00248@example.com,9000000248,2016-08-28
G00249,Sameer Singh,Other,34,"Kolkata, West Bengal",sameer.singh00249@example.com,9000000249,2023-08-26
G00250,Kavya Mishra,Female,62,"Mysuru, Karnataka",kavya.mishra00250@example.com,9000000250,2021-01-24
G00251,Ananya Dhingra,Female,38,"Mumbai, Maharashtra",ananya.dhingra00251@example.com,9000000251,2019-12-22
G00252,Abhinav Luthra,Male,31,"Bengaluru, Karnataka",abhinav.luthra00252@example.com,9000000252,2020-09-28
G00253,Vivaan Sinha,Male,37,"Nashik, Maharashtra",vivaan.sinha00253@example.com,9000000253,2025-07-23
G00254,Ritu Ghosh,Female,21,"New Delhi, Delhi",ritu.ghosh00254@example.com,9000000254,2016-01-23
G00255,Raghav Nair,Male,18,"Jaipur, Rajasthan",raghav.nair00255@example.com,9000000255,2020-08-04
G00256,Sameer Bansal,Male,19,"Bhopal, Madhya Pradesh",sameer.bansal00256@example.com,9000000256,2021-08-30
G00257,Adit Menon,Male,45,"Faridabad, Haryana",adit.menon00257@example.com,9000000257,2021-09-07
G00258,Tanmay Arora,Male,62,"Bengaluru, Karnataka",tanmay.arora00258@example.com,9000000258,2019-03-12
G00259,Isha Sethi,Female,35,"Jaipur, Rajasthan",isha.sethi00259@example.com,9000000259,2017-07-09
G00260,Bhavna Shetty,Female,54,"Bhopal, Madhya Pradesh",bhavna.shetty00260@example.com,9000000260,2023-12-05
G00261,Ritu Puri,Female,43,"Noida, Uttar Pradesh",ritu.puri00261@example.com,9000000261,2018-09-24
G00262,Kabir Kohli,Male,66,"Lucknow, Uttar Pradesh",kabir.kohli00262@example.com,9000000262,2021-01-15
G00263,Varun Puri,Male,32,"Coimbatore, Tamil Nadu",varun.puri00263@example.com,9000000263,2024-06-12
G00264,Juhi Trivedi,Female,33,"Bengaluru, Karnataka",juhi.trivedi00264@example.com,9000000264,2023-03-13
G00265,Varun Jain,Male,43,"Chennai, Tamil Nadu",varun.jain00265@example.com,9000000265,2019-10-14
G00266,Manisha Mehta,Female,25,"Mumbai, Maharashtra",manisha.mehta00266@example.com,9000000266,2025-06-25
G00267,Payal Luthra,Female,33,"New Delhi, Delhi",payal.luthra00267@example.com,9000000267,2023-03-03
G00268,Aarav Nair,Male,46,"Ahmedabad, Gujarat",aarav.nair00268@example.com,9000000268,2019-01-28
G00269,Dhruv Rawat,Male,33,"Noida, Uttar Pradesh",dhruv.rawat00269@example.com,9000000269,2021-05-18
G00270,Dev Thakur,Male,52,"Nagpur, Maharashtra",dev.thakur00270@example.com,9000000270,2023-10-27
G00271,Mahi Tiwari,Female,56,"Mumbai, Maharashtra",mahi.tiwari00271@example.com,9000000271,2016-10-18
G00272,Arnav Sethi,Male,20,"Goa, Goa",arnav.sethi00272@example.com,9000000272,2018-04-09
G00273,Simran Bhattacharya,Female,31,"Kochi, Kerala",simran.bhattacharya00273@example.com,9000000273,2018-06-13
G00274,Arnav Chauhan,Male,18,"Bengaluru, Karnataka",arnav.chauhan00274@example.com,9000000274,2018-10-11
G00275,Komal Banerjee,Female,18,"Nashik, Maharashtra",komal.banerjee00275@example.com,9000000275,2023-04-08
G00276,Nikhil Mittal,Male,45,"Kolkata, West Bengal",nikhil.mittal00276@example.com,9000000276,2017-01-01
G00277,Neha Arora,Female,31,"Gurugram, Haryana",neha.arora00277@example.com,9000000277,2021-06-13
G00278,Vasudha Chopra,Other,49,"Ahmedabad, Gujarat",vasudha.chopra00278@example.com,9000000278,2016-03-06
G00279,Manav Patel,Male,33,"Mumbai, Maharashtra",manav.patel00279@example.com,9000000279,2022-09-29
G00280,Tanya Mukherjee,Female,68,"Surat, Gujarat",tanya.mukherjee00280@example.com,9000000280,2017-07-21
G00281,Arnav Sinha,Male,42,"Bhubaneswar, Odisha",arnav.sinha00281@example.com,9000000281,2019-07-09
G00282,Shubham Arora,Male,40,"Chandigarh, Chandigarh",shubham.arora00282@example.com,9000000282,2023-10-04
G00283,Isha Dhingra,Female,56,"Hyderabad, Telangana",isha.dhingra00283@example.com,9000000283,2019-05-10
G00284,Adit Dhingra,Male,26,"Bhopal, Madhya Pradesh",adit.dhingra00284@example.com,9000000284,2018-06-18
G00285,Raj Sethi,Male,50,"Ranchi, Jharkhand",raj.sethi00285@example.com,9000000285,2016-07-11
G00286,Priya Kaur,Female,50,"Faridabad, Haryana",priya.kaur00286@example.com,9000000286,2022-09-25
G00287,Shivani Singh,Female,49,"Indore, Madhya Pradesh",shivani.singh00287@example.com,9000000287,2018-04-18
G00288,Rishi Shah,Male,54,"New Delhi, Delhi",rishi.shah00288@example.com,9000000288,2019-12-26
G00289,Vasudha Joshi,Female,27,"Indore, Madhya Pradesh",vasudha.joshi00289@example.com,9000000289,2025-09-09
G00290,Sanya Chauhan,Other,21,"Kolkata, West Bengal",sanya.chauhan00290@example.com,9000000290,2024-05-29
G00291,Isha Das,Female,60,"Chennai, Tamil Nadu",isha.das00291@example.com,9000000291,2016-10-13
G00292,Diya Luthra,Female,56,"Ahmedabad, Gujarat",diya.luthra00292@example.com,9000000292,2019-07-05
G00293,Deepak Reddy,Male,45,"Thiruvananthapuram, Kerala",deepak.reddy00293@example.com,9000000293,2023-11-30
G00294,Yash Bansal,Male,25,"Dehradun, Uttarakhand",yash.bansal00294@example.com,9000000294,2018-12-14
G00295,Pranav Choudhary,Male,39,"Gurugram, Haryana",pranav.choudhary00295@example.com,9000000295,2017-06-19
G00296,Kiara Choudhary,Female,44,"New Delhi, Delhi",kiara.choudhary00296@example.com,9000000296,2017-04-02
G00297,Aarav Ahuja,Male,48,"Lucknow, Uttar Pradesh",aarav.ahuja00297@example.com,9000000297,2016-12-18
G00298,Tanmay Agarwal,Male,57,"Bengaluru, Karnataka",tanmay.agarwal00298@example.com,9000000298,2021-04-27
G00299,Diya Mathur,Female,36,"Hyderabad, Telangana",diya.mathur00299@example.com,9000000299,2016-08-19
G00300,Sameer Kohli,Male,34,"Kolkata, West Bengal",sameer.kohli00300@example.com,9000000300,2021-12-29
G00301,Arnav Singh,Male,31,"Chandigarh, Chandigarh",arnav.singh00301@example.com,9000000301,2022-09-16
G00302,Arjun Sethi,Male,59,"Lucknow, Uttar Pradesh",arjun.sethi00302@example.com,9000000302,2021-09-13
G00303,Arnav Bhattacharya,Male,18,"Hyderabad, Telangana",arnav.bhattacharya00303@example.com,9000000303,2019-09-02
G00304,Adit Desai,Male,24,"Bhubaneswar, Odisha",adit.desai00304@example.com,9000000304,2022-11-27
G00305,Aanya Oberoi,Female,53,"Nashik, Maharashtra",aanya.oberoi00305@example.com,9000000305,2019-01-03
G00306,Tanvi Patel,Female,50,"Jaipur, Rajasthan",tanvi.patel00306@example.com,9000000306,2025-03-20
G00307,Apoorva Oberoi,Female,35,"Gurugram, Haryana",apoorva.oberoi00307@example.com,9000000307,2025-06-07
G00308,Radhika Khanna,Female,28,"Bengaluru, Karnataka",radhika.khanna00308@example.com,9000000308,2021-09-18
G00309,Ananya Bhattacharya,Female,33,"Surat, Gujarat",ananya.bhattacharya00309@example.com,9000000309,2024-01-04
G00310,Neeraj Sinha,Male,18,"Mumbai, Maharashtra",neeraj.sinha00310@example.com,9000000310,2022-02-17
G00311,Aanya Rawat,Female,27,"Lucknow, Uttar Pradesh",aanya.rawat00311@example.com,9000000311,2020-12-30
G00312,Muskan Kulkarni,Female,43,"Chennai, Tamil Nadu",muskan.kulkarni00312@example.com,9000000312,2020-11-11
G00313,Muskan Luthra,Female,36,"Patna, Bihar",muskan.luthra00313@example.com,9000000313,2017-01-04
G00314,Riya Thakur,Female,57,"Pune, Maharashtra",riya.thakur00314@example.com,9000000314,2023-03-12
G00315,Ayush Choudhary,Male,48,"Kolkata, West Bengal",ayush.choudhary00315@example.com,9000000315,2017-12-10
G00316,Shubham Banerjee,Male,44,"Surat, Gujarat",shubham.banerjee00316@example.com,9000000316,2019-01-14
G00317,Anurag Nair,Male,34,"Gurugram, Haryana",anurag.nair00317@example.com,9000000317,2016-06-30
G00318,Ritu Gupta,Female,56,"Noida, Uttar Pradesh",ritu.gupta00318@example.com,9000000318,2016-10-30
G00319,Anika Chopra,Female,36,"Shimla, Himachal Pradesh",anika.chopra00319@example.com,9000000319,2025-11-11
G00320,Akash Reddy,Male,39,"Kochi, Kerala",akash.reddy00320@example.com,9000000320,2016-04-27
G00321,Rohan Luthra,Male,27,"Nagpur, Maharashtra",rohan.luthra00321@example.com,9000000321,2022-07-20
G00322,Manisha Bansal,Female,47,"Kolkata, West Bengal",manisha.bansal00322@example.com,9000000322,2021-01-28
G00323,Radhika Arora,Female,33,"Gurugram, Haryana",radhika.arora00323@example.com,9000000323,2022-10-17
G00324,Shivani Sharma,Female,20,"Mumbai, Maharashtra",shivani.sharma00324@example.com,9000000324,2023-02-03
G00325,Dhruv Jain,Male,23,"Chennai, Tamil Nadu",dhruv.jain00325@example.com,9000000325,2021-06-29
G00326,Ritu Saxena,Other,38,"Noida, Uttar Pradesh",ritu.saxena00326@example.com,9000000326,2016-07-30
G00327,Radhika Dhingra,Female,54,"Mumbai, Maharashtra",radhika.dhingra00327@example.com,9000000327,2021-10-22
G00328,Raghav Luthra,Male,22,"Bhopal, Madhya Pradesh",raghav.luthra00328@example.com,9000000328,2021-03-23
G00329,Muskan Reddy,Female,23,"Gurugram, Haryana",muskan.reddy00329@example.com,9000000329,2016-03-29
G00330,Mahi Chopra,Female,36,"Chandigarh, Chandigarh",mahi.chopra00330@example.com,9000000330,2018-12-31
G00331,Tanvi Tiwari,Female,44,"Ahmedabad, Gujarat",tanvi.tiwari00331@example.com,9000000331,2019-06-21
G00332,Vivek Banerjee,Male,48,"Jaipur, Rajasthan",vivek.banerjee00332@example.com,9000000332,2017-06-09
G00333,Priya Das,Female,30,"Bengaluru, Karnataka",priya.das00333@example.com,9000000333,2023-01-09
G00334,Diya Puri,Female,32,"Mysuru, Karnataka",diya.puri00334@example.com,9000000334,2022-06-18
G00335,Arnav Bhatia,Male,40,"Bengaluru, Karnataka",arnav.bhatia00335@example.com,9000000335,2018-12-12
G00336,Meera Oberoi,Female,51,"Goa, Goa",meera.oberoi00336@example.com,9000000336,2021-06-11
G00337,Bhavna Yadav,Female,44,"Mumbai, Maharashtra",bhavna.yadav00337@example.com,9000000337,2022-01-01
G00338,Mohit Mittal,Male,52,"Pune, Maharashtra",mohit.mittal00338@example.com,9000000338,2022-04-23
G00339,Aarav Srivastava,Male,62,"Chandigarh, Chandigarh",aarav.srivastava00339@example.com,9000000339,2022-12-07
G00340,Aarohi Khanna,Female,33,"Bengaluru, Karnataka",aarohi.khanna00340@example.com,9000000340,2019-07-20
G00341,Shrey Tiwari,Male,38,"Lucknow, Uttar Pradesh",shrey.tiwari00341@example.com,9000000341,2017-04-14
G00342,Saurabh Bhatia,Male,59,"Kolkata, West Bengal",saurabh.bhatia00342@example.com,9000000342,2017-09-12
G00343,Kavya Bhatia,Female,21,"Ahmedabad, Gujarat",kavya.bhatia00343@example.com,9000000343,2017-10-16
G00344,Deepak Mathur,Male,21,"Bengaluru, Karnataka",deepak.mathur00344@example.com,9000000344,2018-07-31
G00345,Ananya Oberoi,Female,38,"Faridabad, Haryana",ananya.oberoi00345@example.com,9000000345,2023-05-06
G00346,Akash Luthra,Male,18,"Pune, Maharashtra",akash.luthra00346@example.com,9000000346,2018-10-08
G00347,Deepak Thakur,Male,43,"Mysuru, Karnataka",deepak.thakur00347@example.com,9000000347,2021-07-09
G00348,Myra Das,Female,38,"Udaipur, Rajasthan",myra.das00348@example.com,9000000348,2016-02-05
G00349,Naveen Luthra,Male,34,"Ahmedabad, Gujarat",naveen.luthra00349@example.com,9000000349,2018-11-26
G00350,Juhi Patel,Female,44,"Kochi, Kerala",juhi.patel00350@example.com,9000000350,2020-05-15
G00351,Tushar Oberoi,Male,57,"Bengaluru, Karnataka",tushar.oberoi00351@example.com,9000000351,2024-03-27
G00352,Raj Mehta,Male,63,"Goa, Goa",raj.mehta00352@example.com,9000000352,2021-10-30
G00353,Dhruv Vohra,Male,46,"Nashik, Maharashtra",dhruv.vohra00353@example.com,9000000353,2024-02-23
G00354,Priya Nair,Female,29,"Bhubaneswar, Odisha",priya.nair00354@example.com,9000000354,2024-03-19
G00355,Sahil Vohra,Male,51,"Udaipur, Rajasthan",sahil.vohra00355@example.com,9000000355,2024-03-17
G00356,Rahul Arora,Male,32,"Kolkata, West Bengal",rahul.arora00356@example.com,9000000356,2018-09-14
G00357,Kriti Shetty,Female,41,"Jaipur, Rajasthan",kriti.shetty00357@example.com,9000000357,2024-04-08
G00358,Nikhil Trivedi,Male,47,"Nagpur, Maharashtra",nikhil.trivedi00358@example.com,9000000358,2022-03-24
G00359,Meera Dutta,Female,29,"Hyderabad, Telangana",meera.dutta00359@example.com,9000000359,2019-04-18
G00360,Deepak Khanna,Male,20,"Dehradun, Uttarakhand",deepak.khanna00360@example.com,9000000360,2021-11-18
G00361,Shubham Puri,Male,41,"Lucknow, Uttar Pradesh",shubham.puri00361@example.com,9000000361,2020-02-05
G00362,Manisha Iyer,Female,30,"Ahmedabad, Gujarat",manisha.iyer00362@example.com,9000000362,2018-08-28
G00363,Gaurav Mukherjee,Male,52,"Bengaluru, Karnataka",gaurav.mukherjee00363@example.com,9000000363,2020-10-27
G00364,Siddharth Menon,Male,50,"Pune, Maharashtra",siddharth.menon00364@example.com,9000000364,2016-05-29
G00365,Meera Sodhi,Female,37,"Noida, Uttar Pradesh",meera.sodhi00365@example.com,9000000365,2021-06-01
G00366,Mahi Ghosh,Female,46,"Ahmedabad, Gujarat",mahi.ghosh00366@example.com,9000000366,2024-03-23
G00367,Neeraj Ahuja,Male,48,"Mumbai, Maharashtra",neeraj.ahuja00367@example.com,9000000367,2022-05-17
G00368,Abhinav Yadav,Male,30,"Bengaluru, Karnataka",abhinav.yadav00368@example.com,9000000368,2018-07-27
G00369,Ritika Naidu,Female,51,"Mumbai, Maharashtra",ritika.naidu00369@example.com,9000000369,2021-10-15
G00370,Preeti Pillai,Female,37,"Nashik, Maharashtra",preeti.pillai00370@example.com,9000000370,2022-11-23
G00371,Sahil Menon,Male,31,"Goa, Goa",sahil.menon00371@example.com,9000000371,2020-12-12
G00372,Shrey Banerjee,Male,38,"Thiruvananthapuram, Kerala",shrey.banerjee00372@example.com,9000000372,2023-09-08
G00373,Bhavna Luthra,Female,22,"New Delhi, Delhi",bhavna.luthra00373@example.com,9000000373,2016-10-18
G00374,Tarun Desai,Male,37,"New Delhi, Delhi",tarun.desai00374@example.com,9000000374,2016-09-10
G00375,Shreya Bose,Female,46,"New Delhi, Delhi",shreya.bose00375@example.com,9000000375,2017-05-13
G00376,Sahil Kohli,Male,31,"Jaipur, Rajasthan",sahil.kohli00376@example.com,9000000376,2019-05-05
G00377,Kriti Ahuja,Female,29,"Jaipur, Rajasthan",kriti.ahuja00377@example.com,9000000377,2017-09-29
G00378,Ritvik Ghosh,Male,18,"Hyderabad, Telangana",ritvik.ghosh00378@example.com,9000000378,2017-05-26
G00379,Akash Srivastava,Male,30,"Bhopal, Madhya Pradesh",akash.srivastava00379@example.com,9000000379,2019-05-12
G00380,Dev Sengupta,Male,18,"Kochi, Kerala",dev.sengupta00380@example.com,9000000380,2022-04-12
G00381,Rahul Verma,Male,34,"Faridabad, Haryana",rahul.verma00381@example.com,9000000381,2020-02-21
G00382,Sahil Thakur,Male,21,"Gurugram, Haryana",sahil.thakur00382@example.com,9000000382,2021-06-11
G00383,Neeraj Rawat,Male,23,"Hyderabad, Telangana",neeraj.rawat00383@example.com,9000000383,2021-12-13
G00384,Aditya Rawat,Male,51,"New Delhi, Delhi",aditya.rawat00384@example.com,9000000384,2021-04-15
G00385,Preeti Puri,Other,53,"Kochi, Kerala",preeti.puri00385@example.com,9000000385,2018-02-24
G00386,Shubham Dhingra,Male,62,"Indore, Madhya Pradesh",shubham.dhingra00386@example.com,9000000386,2016-12-26
G00387,Arjun Nair,Male,38,"Mysuru, Karnataka",arjun.nair00387@example.com,9000000387,2023-05-10
G00388,Navya Rawat,Female,47,"Mumbai, Maharashtra",navya.rawat00388@example.com,9000000388,2019-08-03
G00389,Sahil Mathur,Male,50,"New Delhi, Delhi",sahil.mathur00389@example.com,9000000389,2019-09-17
G00390,Juhi Bansal,Female,43,"Ranchi, Jharkhand",juhi.bansal00390@example.com,9000000390,2025-05-04
G00391,Aarohi Pillai,Female,30,"Coimbatore, Tamil Nadu",aarohi.pillai00391@example.com,9000000391,2022-03-29
G00392,Raj Bhatia,Male,43,"Indore, Madhya Pradesh",raj.bhatia00392@example.com,9000000392,2016-04-13
G00393,Manav Ghosh,Male,51,"Ranchi, Jharkhand",manav.ghosh00393@example.com,9000000393,2025-04-03
G00394,Neha Kohli,Female,40,"Noida, Uttar Pradesh",neha.kohli00394@example.com,9000000394,2016-09-22
G00395,Divya Menon,Female,40,"Kochi, Kerala",divya.menon00395@example.com,9000000395,2023-03-24
G00396,Nandini Reddy,Female,51,"Pune, Maharashtra",nandini.reddy00396@example.com,9000000396,2024-03-18
G00397,Yash Kaur,Male,54,"Chennai, Tamil Nadu",yash.kaur00397@example.com,9000000397,2019-10-11
G00398,Aditi Sinha,Female,34,"Bengaluru, Karnataka",aditi.sinha00398@example.com,9000000398,2019-07-29
G00399,Raghav Sengupta,Male,55,"Ahmedabad, Gujarat",raghav.sengupta00399@example.com,9000000399,2017-09-03
G00400,Akash Oberoi,Male,26,"Indore, Madhya Pradesh",akash.oberoi00400@example.com,9000000400,2021-12-21
G00401,Avni Mathur,Female,25,"Bengaluru, Karnataka",avni.mathur00401@example.com,9000000401,2018-08-23
G00402,Divya Iyer,Female,29,"Hyderabad, Telangana",divya.iyer00402@example.com,9000000402,2018-02-22
G00403,Apoorva Trivedi,Female,51,"Bengaluru, Karnataka",apoorva.trivedi00403@example.com,9000000403,2023-12-13
G00404,Sonali Kulkarni,Female,42,"Noida, Uttar Pradesh",sonali.kulkarni00404@example.com,9000000404,2020-03-19
G00405,Ritvik Naidu,Male,33,"New Delhi, Delhi",ritvik.naidu00405@example.com,9000000405,2022-06-09
G00406,Aman Kulkarni,Male,42,"Chennai, Tamil Nadu",aman.kulkarni00406@example.com,9000000406,2016-04-24
G00407,Divya Choudhary,Female,46,"Noida, Uttar Pradesh",divya.choudhary00407@example.com,9000000407,2022-08-11
G00408,Raj Trivedi,Male,36,"Mumbai, Maharashtra",raj.trivedi00408@example.com,9000000408,2020-01-16
G00409,Anurag Ghosh,Male,36,"Dehradun, Uttarakhand",anurag.ghosh00409@example.com,9000000409,2022-01-12
G00410,Isha Vohra,Female,60,"Chennai, Tamil Nadu",isha.vohra00410@example.com,9000000410,2017-05-31
G00411,Ayush Banerjee,Male,36,"Chennai, Tamil Nadu",ayush.banerjee00411@example.com,9000000411,2024-08-30
G00412,Isha Oberoi,Female,47,"Pune, Maharashtra",isha.oberoi00412@example.com,9000000412,2022-01-13
G00413,Karan Iyer,Male,41,"Gurugram, Haryana",karan.iyer00413@example.com,9000000413,2023-09-15
G00414,Rohan Gupta,Male,38,"Lucknow, Uttar Pradesh",rohan.gupta00414@example.com,9000000414,2017-08-19
G00415,Payal Tiwari,Female,57,"Goa, Goa",payal.tiwari00415@example.com,9000000415,2021-01-23
G00416,Tarun Menon,Male,44,"Lucknow, Uttar Pradesh",tarun.menon00416@example.com,9000000416,2021-04-08
G00417,Apoorva Ahuja,Female,51,"Chennai, Tamil Nadu",apoorva.ahuja00417@example.com,9000000417,2019-09-29
G00418,Shubham Ahuja,Male,22,"Bengaluru, Karnataka",shubham.ahuja00418@example.com,9000000418,2017-05-23
G00419,Sneha Dutta,Female,36,"Patna, Bihar",sneha.dutta00419@example.com,9000000419,2019-02-22
G00420,Sonali Sodhi,Female,30,"Hyderabad, Telangana",sonali.sodhi00420@example.com,9000000420,2017-12-04
G00421,Mrunal Kulkarni,Female,36,"Bengaluru, Karnataka",mrunal.kulkarni00421@example.com,9000000421,2017-09-01
G00422,Aarohi Gill,Female,45,"Thiruvananthapuram, Kerala",aarohi.gill00422@example.com,9000000422,2023-03-04
G00423,Manisha Pillai,Female,29,"Gurugram, Haryana",manisha.pillai00423@example.com,9000000423,2019-05-11
G00424,Ritvik Malhotra,Male,38,"Mumbai, Maharashtra",ritvik.malhotra00424@example.com,9000000424,2017-12-20
G00425,Ankit Puri,Male,36,"Hyderabad, Telangana",ankit.puri00425@example.com,9000000425,2025-03-24
G00426,Neha Banerjee,Female,44,"Goa, Goa",neha.banerjee00426@example.com,9000000426,2020-03-08
G00427,Ujjwal Arora,Other,44,"Nashik, Maharashtra",ujjwal.arora00427@example.com,9000000427,2017-03-06
G00428,Navya Choudhary,Female,46,"New Delhi, Delhi",navya.choudhary00428@example.com,9000000428,2017-11-22
G00429,Isha Khanna,Female,23,"Surat, Gujarat",isha.khanna00429@example.com,9000000429,2023-01-24
G00430,Shalini Chauhan,Female,52,"Faridabad, Haryana",shalini.chauhan00430@example.com,9000000430,2019-12-13
G00431,Parth Nair,Male,34,"Chennai, Tamil Nadu",parth.nair00431@example.com,9000000431,2023-04-08
G00432,Deepak Jain,Male,63,"Indore, Madhya Pradesh",deepak.jain00432@example.com,9000000432,2019-03-27
G00433,Sakshi Mittal,Female,51,"Pune, Maharashtra",sakshi.mittal00433@example.com,9000000433,2023-08-29
G00434,Tanmay Singh,Male,31,"New Delhi, Delhi",tanmay.singh00434@example.com,9000000434,2023-02-11
G00435,Aarohi Puri,Other,52,"Shimla, Himachal Pradesh",aarohi.puri00435@example.com,9000000435,2023-06-20
G00436,Sonali Jain,Female,44,"New Delhi, Delhi",sonali.jain00436@example.com,9000000436,2024-04-13
G00437,Yash Joshi,Male,49,"Mumbai, Maharashtra",yash.joshi00437@example.com,9000000437,2018-01-23
G00438,Diya Agarwal,Female,44,"New Delhi, Delhi",diya.agarwal00438@example.com,9000000438,2017-06-10
G00439,Ritika Desai,Female,26,"Patna, Bihar",ritika.desai00439@example.com,9000000439,2022-05-20
G00440,Tanmay Sodhi,Male,26,"Pune, Maharashtra",tanmay.sodhi00440@example.com,9000000440,2024-09-15
G00441,Naveen Sengupta,Male,31,"Thiruvananthapuram, Kerala",naveen.sengupta00441@example.com,9000000441,2018-05-04
G00442,Vasudha Tiwari,Female,63,"Gurugram, Haryana",vasudha.tiwari00442@example.com,9000000442,2017-07-11
G00443,Shubham Mathur,Male,27,"Faridabad, Haryana",shubham.mathur00443@example.com,9000000443,2023-11-23
G00444,Ishaan Sinha,Male,47,"Noida, Uttar Pradesh",ishaan.sinha00444@example.com,9000000444,2017-03-12
G00445,Varun Kulkarni,Male,34,"Lucknow, Uttar Pradesh",varun.kulkarni00445@example.com,9000000445,2024-09-15
G00446,Tanvi Trivedi,Female,49,"Bhopal, Madhya Pradesh",tanvi.trivedi00446@example.com,9000000446,2020-05-24
G00447,Anika Kulkarni,Female,19,"Mysuru, Karnataka",anika.kulkarni00447@example.com,9000000447,2022-05-26
G00448,Vivek Mishra,Male,43,"Chennai, Tamil Nadu",vivek.mishra00448@example.com,9000000448,2017-03-03
G00449,Shreya Ghosh,Female,45,"New Delhi, Delhi",shreya.ghosh00449@example.com,9000000449,2017-03-11
G00450,Vikram Sethi,Male,36,"Mumbai, Maharashtra",vikram.sethi00450@example.com,9000000450,2020-04-17
G00451,Anurag Rao,Male,27,"Mumbai, Maharashtra",anurag.rao00451@example.com,9000000451,2021-06-19
G00452,Raghav Dutta,Male,45,"Mysuru, Karnataka",raghav.dutta00452@example.com,9000000452,2016-02-16
G00453,Ujjwal Gupta,Male,31,"Kolkata, West Bengal",ujjwal.gupta00453@example.com,9000000453,2021-09-12
G00454,Ritvik Shetty,Male,19,"Bhubaneswar, Odisha",ritvik.shetty00454@example.com,9000000454,2023-03-31
G00455,Yash Ahuja,Male,50,"Hyderabad, Telangana",yash.ahuja00455@example.com,9000000455,2023-10-05
G00456,Yash Thakur,Male,32,"Mumbai, Maharashtra",yash.thakur00456@example.com,9000000456,2020-02-23
G00457,Varun Dhingra,Male,32,"Mumbai, Maharashtra",varun.dhingra00457@example.com,9000000457,2019-03-09
G00458,Swati Gill,Female,42,"Indore, Madhya Pradesh",swati.gill00458@example.com,9000000458,2024-02-20
G00459,Nikhil Sethi,Male,57,"Udaipur, Rajasthan",nikhil.sethi00459@example.com,9000000459,2019-04-26
G00460,Shivani Khanna,Female,46,"Chandigarh, Chandigarh",shivani.khanna00460@example.com,9000000460,2022-11-05
G00461,Muskan Gupta,Female,34,"Mysuru, Karnataka",muskan.gupta00461@example.com,9000000461,2022-05-20
G00462,Tushar Puri,Male,44,"Bengaluru, Karnataka",tushar.puri00462@example.com,9000000462,2018-09-03
G00463,Pranav Dhingra,Male,27,"Indore, Madhya Pradesh",pranav.dhingra00463@example.com,9000000463,2016-03-20
G00464,Myra Tiwari,Female,29,"Bhubaneswar, Odisha",myra.tiwari00464@example.com,9000000464,2017-09-22
G00465,Aman Sethi,Male,55,"Mumbai, Maharashtra",aman.sethi00465@example.com,9000000465,2022-05-22
G00466,Vivaan Menon,Male,71,"Bengaluru, Karnataka",vivaan.menon00466@example.com,9000000466,2022-03-03
G00467,Diya Dhingra,Female,24,"Lucknow, Uttar Pradesh",diya.dhingra00467@example.com,9000000467,2022-10-01
G00468,Shivani Desai,Female,63,"Faridabad, Haryana",shivani.desai00468@example.com,9000000468,2019-06-20
G00469,Nandini Jain,Female,31,"Bengaluru, Karnataka",nandini.jain00469@example.com,9000000469,2024-04-19
G00470,Diya Choudhary,Female,55,"Kolkata, West Bengal",diya.choudhary00470@example.com,9000000470,2021-01-24
G00471,Ishita Rawat,Female,55,"Chennai, Tamil Nadu",ishita.rawat00471@example.com,9000000471,2023-06-18
G00472,Sonali Shah,Female,47,"Hyderabad, Telangana",sonali.shah00472@example.com,9000000472,2016-11-13
G00473,Ujjwal Desai,Male,23,"Dehradun, Uttarakhand",ujjwal.desai00473@example.com,9000000473,2018-08-07
G00474,Shrey Rao,Male,38,"New Delhi, Delhi",shrey.rao00474@example.com,9000000474,2017-06-02
G00475,Ananya Sethi,Female,28,"Kolkata, West Bengal",ananya.sethi00475@example.com,9000000475,2023-12-14
G00476,Manisha Yadav,Female,38,"Patna, Bihar",manisha.yadav00476@example.com,9000000476,2016-04-03
G00477,Ayush Mathur,Male,33,"Lucknow, Uttar Pradesh",ayush.mathur00477@example.com,9000000477,2022-11-13
G00478,Dev Tiwari,Male,26,"Faridabad, Haryana",dev.tiwari00478@example.com,9000000478,2017-05-03
G00479,Sahil Mittal,Male,47,"Faridabad, Haryana",sahil.mittal00479@example.com,9000000479,2020-10-10
G00480,Avni Sethi,Female,48,"Kochi, Kerala",avni.sethi00480@example.com,9000000480,2019-09-18
G00481,Abhinav Chopra,Male,27,"Hyderabad, Telangana",abhinav.chopra00481@example.com,9000000481,2024-06-02
G00482,Pallavi Rawat,Female,60,"Gurugram, Haryana",pallavi.rawat00482@example.com,9000000482,2023-02-19
G00483,Anika Pillai,Female,47,"Chandigarh, Chandigarh",anika.pillai00483@example.com,9000000483,2020-07-02
G00484,Kriti Sharma,Female,19,"Jaipur, Rajasthan",kriti.sharma00484@example.com,9000000484,2018-04-24
G00485,Priya Reddy,Female,57,"Faridabad, Haryana",priya.reddy00485@example.com,9000000485,2022-06-05
G00486,Yash Verma,Male,32,"Bengaluru, Karnataka",yash.verma00486@example.com,9000000486,2024-12-26
G00487,Myra Banerjee,Female,42,"Ahmedabad, Gujarat",myra.banerjee00487@example.com,9000000487,2022-12-09
G00488,Tanmay Dhingra,Male,52,"Ahmedabad, Gujarat",tanmay.dhingra00488@example.com,9000000488,2017-08-30
G00489,Isha Menon,Female,45,"Chandigarh, Chandigarh",isha.menon00489@example.com,9000000489,2023-02-15
G00490,Simran Mathur,Female,18,"Bengaluru, Karnataka",simran.mathur00490@example.com,9000000490,2020-11-29
G00491,Ritvik Menon,Male,32,"Mumbai, Maharashtra",ritvik.menon00491@example.com,9000000491,2017-11-21
G00492,Pranav Shah,Male,29,"Udaipur, Rajasthan",pranav.shah00492@example.com,9000000492,2023-03-17
G00493,Kunal Singh,Male,26,"Faridabad, Haryana",kunal.singh00493@example.com,9000000493,2018-02-06
G00494,Dhruv Desai,Male,20,"Ahmedabad, Gujarat",dhruv.desai00494@example.com,9000000494,2018-01-19
G00495,Mrunal Mishra,Female,34,"Dehradun, Uttarakhand",mrunal.mishra00495@example.com,9000000495,2020-09-03
G00496,Rahul Gill,Male,33,"Faridabad, Haryana",rahul.gill00496@example.com,9000000496,2019-03-18
G00497,Gaurav Khanna,Male,30,"Chennai, Tamil Nadu",gaurav.khanna00497@example.com,9000000497,2022-06-20
G00498,Mohit Chauhan,Male,28,"Bengaluru, Karnataka",mohit.chauhan00498@example.com,9000000498,2016-12-05
G00499,Riya Bhatia,Female,43,"Noida, Uttar Pradesh",riya.bhatia00499@example.com,9000000499,2024-05-05
G00500,Arnav Verma,Male,18,"Hyderabad, Telangana",arnav.verma00500@example.com,9000000500,2021-05-26
G00501,Shrey Singh,Male,27,"Lucknow, Uttar Pradesh",shrey.singh00501@example.com,9000000501,2022-05-04
G00502,Meera Sethi,Female,22,"Hyderabad, Telangana",meera.sethi00502@example.com,9000000502,2024-03-12
G00503,Sahil Yadav,Male,43,"Hyderabad, Telangana",sahil.yadav00503@example.com,9000000503,2018-01-24
G00504,Neha Saxena,Female,64,"Bhubaneswar, Odisha",neha.saxena00504@example.com,9000000504,2018-06-28
G00505,Kiara Vohra,Female,52,"Chennai, Tamil Nadu",kiara.vohra00505@example.com,9000000505,2021-08-28
G00506,Abhinav Banerjee,Male,57,"Gurugram, Haryana",abhinav.banerjee00506@example.com,9000000506,2017-12-26
G00507,Muskan Shetty,Female,32,"Ahmedabad, Gujarat",muskan.shetty00507@example.com,9000000507,2020-03-30
G00508,Meera Banerjee,Female,39,"Hyderabad, Telangana",meera.banerjee00508@example.com,9000000508,2025-01-07
G00509,Aarav Bansal,Male,45,"Dehradun, Uttarakhand",aarav.bansal00509@example.com,9000000509,2023-10-03
G00510,Siddharth Mehta,Male,60,"Ranchi, Jharkhand",siddharth.mehta00510@example.com,9000000510,2019-09-06
G00511,Dhruv Oberoi,Male,35,"Goa, Goa",dhruv.oberoi00511@example.com,9000000511,2025-02-08
G00512,Ankit Shetty,Male,25,"Kolkata, West Bengal",ankit.shetty00512@example.com,9000000512,2017-10-28
G00513,Pranav Bhattacharya,Male,36,"Chennai, Tamil Nadu",pranav.bhattacharya00513@example.com,9000000513,2022-06-02
G00514,Vikram Naidu,Male,44,"Gurugram, Haryana",vikram.naidu00514@example.com,9000000514,2019-06-04
G00515,Radhika Gill,Female,41,"Surat, Gujarat",radhika.gill00515@example.com,9000000515,2016-06-29
G00516,Trisha Oberoi,Female,47,"Kochi, Kerala",trisha.oberoi00516@example.com,9000000516,2016-06-24
G00517,Swati Mukherjee,Female,44,"Gurugram, Haryana",swati.mukherjee00517@example.com,9000000517,2019-06-16
G00518,Vivek Ghosh,Male,36,"Udaipur, Rajasthan",vivek.ghosh00518@example.com,9000000518,2017-11-01
G00519,Arjun Banerjee,Male,43,"Kochi, Kerala",arjun.banerjee00519@example.com,9000000519,2021-09-01
G00520,Vivek Bhattacharya,Male,44,"Chennai, Tamil Nadu",vivek.bhattacharya00520@example.com,9000000520,2020-04-29
G00521,Naveen Ahuja,Male,63,"Bengaluru, Karnataka",naveen.ahuja00521@example.com,9000000521,2021-05-28
G00522,Juhi Verma,Female,37,"Mysuru, Karnataka",juhi.verma00522@example.com,9000000522,2017-03-15
G00523,Neeraj Thakur,Male,39,"Chennai, Tamil Nadu",neeraj.thakur00523@example.com,9000000523,2016-09-17
G00524,Muskan Patel,Female,52,"Chandigarh, Chandigarh",muskan.patel00524@example.com,9000000524,2018-10-07
G00525,Anurag Pillai,Male,28,"Hyderabad, Telangana",anurag.pillai00525@example.com,9000000525,2022-04-22
G00526,Aman Dhingra,Male,31,"Ranchi, Jharkhand",aman.dhingra00526@example.com,9000000526,2017-04-19
G00527,Myra Luthra,Female,36,"Nashik, Maharashtra",myra.luthra00527@example.com,9000000527,2016-03-13
G00528,Vasudha Puri,Female,58,"Chennai, Tamil Nadu",vasudha.puri00528@example.com,9000000528,2016-03-09
G00529,Karan Mehta,Male,35,"Kolkata, West Bengal",karan.mehta00529@example.com,9000000529,2020-01-29
G00530,Preeti Arora,Female,39,"Pune, Maharashtra",preeti.arora00530@example.com,9000000530,2017-10-04
G00531,Manav Gupta,Male,39,"Coimbatore, Tamil Nadu",manav.gupta00531@example.com,9000000531,2021-12-23
G00532,Harsh Yadav,Male,42,"Chandigarh, Chandigarh",harsh.yadav00532@example.com,9000000532,2021-02-10
G00533,Ankit Iyer,Male,41,"Noida, Uttar Pradesh",ankit.iyer00533@example.com,9000000533,2018-02-25
G00534,Swati Singh,Female,60,"Udaipur, Rajasthan",swati.singh00534@example.com,9000000534,2017-11-07
G00535,Apoorva Choudhary,Female,40,"Chandigarh, Chandigarh",apoorva.choudhary00535@example.com,9000000535,2016-08-02
G00536,Divya Sengupta,Female,50,"Bengaluru, Karnataka",divya.sengupta00536@example.com,9000000536,2017-01-10
G00537,Amit Dhingra,Male,28,"Pune, Maharashtra",amit.dhingra00537@example.com,9000000537,2022-05-18
G00538,Vikram Choudhary,Male,60,"Indore, Madhya Pradesh",vikram.choudhary00538@example.com,9000000538,2017-08-23
G00539,Ayush Kaur,Male,46,"Indore, Madhya Pradesh",ayush.kaur00539@example.com,9000000539,2018-07-12
G00540,Tanvi Mukherjee,Female,48,"Nagpur, Maharashtra",tanvi.mukherjee00540@example.com,9000000540,2021-07-15
G00541,Amit Shah,Male,25,"Surat, Gujarat",amit.shah00541@example.com,9000000541,2020-07-24
G00542,Mayank Ahuja,Male,45,"Indore, Madhya Pradesh",mayank.ahuja00542@example.com,9000000542,2020-05-28
G00543,Tanvi Iyer,Female,18,"Hyderabad, Telangana",tanvi.iyer00543@example.com,9000000543,2018-02-01
G00544,Abhinav Srivastava,Male,46,"Chennai, Tamil Nadu",abhinav.srivastava00544@example.com,9000000544,2022-10-24
G00545,Muskan Khanna,Female,33,"Udaipur, Rajasthan",muskan.khanna00545@example.com,9000000545,2024-07-12
G00546,Diya Vohra,Female,42,"Bhubaneswar, Odisha",diya.vohra00546@example.com,9000000546,2021-06-04
G00547,Ayush Mishra,Male,20,"Lucknow, Uttar Pradesh",ayush.mishra00547@example.com,9000000547,2023-09-15
G00548,Arjun Agarwal,Male,49,"Indore, Madhya Pradesh",arjun.agarwal00548@example.com,9000000548,2022-05-18
G00549,Ritu Thakur,Female,33,"Mumbai, Maharashtra",ritu.thakur00549@example.com,9000000549,2017-02-17
G00550,Sameer Das,Male,42,"Lucknow, Uttar Pradesh",sameer.das00550@example.com,9000000550,2025-05-25
G00551,Ananya Chauhan,Female,33,"Bhopal, Madhya Pradesh",ananya.chauhan00551@example.com,9000000551,2019-08-31
G00552,Nandini Desai,Female,54,"Lucknow, Uttar Pradesh",nandini.desai00552@example.com,9000000552,2016-07-14
G00553,Amit Agarwal,Male,35,"Gurugram, Haryana",amit.agarwal00553@example.com,9000000553,2023-05-01
G00554,Dhruv Agarwal,Male,33,"Chandigarh, Chandigarh",dhruv.agarwal00554@example.com,9000000554,2023-05-06
G00555,Payal Mathur,Female,30,"Thiruvananthapuram, Kerala",payal.mathur00555@example.com,9000000555,2022-08-18
G00556,Tarun Puri,Male,50,"Gurugram, Haryana",tarun.puri00556@example.com,9000000556,2021-08-14
G00557,Isha Pillai,Female,43,"Gurugram, Haryana",isha.pillai00557@example.com,9000000557,2024-07-04
G00558,Adit Mathur,Male,47,"New Delhi, Delhi",adit.mathur00558@example.com,9000000558,2024-08-16
G00559,Ritu Iyer,Female,38,"Jaipur, Rajasthan",ritu.iyer00559@example.com,9000000559,2021-11-28
G00560,Mahi Gupta,Female,58,"Bengaluru, Karnataka",mahi.gupta00560@example.com,9000000560,2021-11-22
G00561,Manav Sinha,Male,63,"Gurugram, Haryana",manav.sinha00561@example.com,9000000561,2018-12-09
G00562,Karan Reddy,Male,25,"Bengaluru, Karnataka",karan.reddy00562@example.com,9000000562,2021-08-29
G00563,Tushar Sinha,Male,35,"Surat, Gujarat",tushar.sinha00563@example.com,9000000563,2016-07-11
G00564,Rohan Oberoi,Male,39,"Lucknow, Uttar Pradesh",rohan.oberoi00564@example.com,9000000564,2024-03-29
G00565,Yash Mehta,Male,50,"Ahmedabad, Gujarat",yash.mehta00565@example.com,9000000565,2019-05-01
G00566,Kunal Khanna,Male,63,"Chandigarh, Chandigarh",kunal.khanna00566@example.com,9000000566,2020-01-18
G00567,Anurag Reddy,Other,36,"Surat, Gujarat",anurag.reddy00567@example.com,9000000567,2019-05-03
G00568,Mayank Jain,Male,42,"Bengaluru, Karnataka",mayank.jain00568@example.com,9000000568,2022-11-16
G00569,Akash Trivedi,Male,48,"Shimla, Himachal Pradesh",akash.trivedi00569@example.com,9000000569,2022-02-22
G00570,Ritvik Iyer,Male,28,"Dehradun, Uttarakhand",ritvik.iyer00570@example.com,9000000570,2017-08-18
G00571,Nikita Oberoi,Female,50,"Thiruvananthapuram, Kerala",nikita.oberoi00571@example.com,9000000571,2016-06-12
G00572,Aarav Puri,Male,55,"Mumbai, Maharashtra",aarav.puri00572@example.com,9000000572,2023-09-01
G00573,Manav Das,Male,37,"Mumbai, Maharashtra",manav.das00573@example.com,9000000573,2018-06-10
G00574,Akash Mukherjee,Male,32,"Gurugram, Haryana",akash.mukherjee00574@example.com,9000000574,2022-12-31
G00575,Manisha Dhingra,Female,29,"Pune, Maharashtra",manisha.dhingra00575@example.com,9000000575,2018-01-07
G00576,Sneha Puri,Female,38,"Nashik, Maharashtra",sneha.puri00576@example.com,9000000576,2022-03-28
G00577,Manisha Bose,Female,38,"Bengaluru, Karnataka",manisha.bose00577@example.com,9000000577,2016-05-18
G00578,Anika Gupta,Female,30,"Chennai, Tamil Nadu",anika.gupta00578@example.com,9000000578,2023-09-20
G00579,Adit Banerjee,Male,32,"Gurugram, Haryana",adit.banerjee00579@example.com,9000000579,2023-03-11
G00580,Nandini Mishra,Female,26,"Mumbai, Maharashtra",nandini.mishra00580@example.com,9000000580,2018-11-17
G00581,Parth Trivedi,Male,42,"Mysuru, Karnataka",parth.trivedi00581@example.com,9000000581,2019-08-24
G00582,Radhika Bansal,Female,24,"New Delhi, Delhi",radhika.bansal00582@example.com,9000000582,2017-01-12
G00583,Sanya Naidu,Female,32,"Hyderabad, Telangana",sanya.naidu00583@example.com,9000000583,2019-01-13
G00584,Harsh Nair,Male,28,"Faridabad, Haryana",harsh.nair00584@example.com,9000000584,2018-01-07
G00585,Juhi Kulkarni,Female,38,"Mysuru, Karnataka",juhi.kulkarni00585@example.com,9000000585,2021-09-16
G00586,Karan Malhotra,Male,37,"Nashik, Maharashtra",karan.malhotra00586@example.com,9000000586,2019-08-09
G00587,Pooja Khanna,Female,40,"New Delhi, Delhi",pooja.khanna00587@example.com,9000000587,2020-05-08
G00588,Shreya Nair,Female,44,"Bengaluru, Karnataka",shreya.nair00588@example.com,9000000588,2018-05-16
G00589,Trisha Bose,Female,38,"Pune, Maharashtra",trisha.bose00589@example.com,9000000589,2021-11-27
G00590,Simran Bhatia,Female,38,"Faridabad, Haryana",simran.bhatia00590@example.com,9000000590,2018-09-30
G00591,Adit Patel,Male,46,"Goa, Goa",adit.patel00591@example.com,9000000591,2020-11-10
G00592,Deepak Ghosh,Male,31,"Chennai, Tamil Nadu",deepak.ghosh00592@example.com,9000000592,2018-12-29
G00593,Kunal Naidu,Male,19,"Lucknow, Uttar Pradesh",kunal.naidu00593@example.com,9000000593,2016-10-09
G00594,Ritvik Mishra,Male,30,"Udaipur, Rajasthan",ritvik.mishra00594@example.com,9000000594,2021-10-27
G00595,Anurag Agarwal,Male,56,"Thiruvananthapuram, Kerala",anurag.agarwal00595@example.com,9000000595,2018-07-31
G00596,Sneha Kaur,Female,50,"Udaipur, Rajasthan",sneha.kaur00596@example.com,9000000596,2016-11-21
G00597,Varun Rao,Male,52,"Lucknow, Uttar Pradesh",varun.rao00597@example.com,9000000597,2022-12-25
G00598,Manisha Ghosh,Female,42,"Ranchi, Jharkhand",manisha.ghosh00598@example.com,9000000598,2020-09-29
G00599,Rohan Kapoor,Male,32,"Nagpur, Maharashtra",rohan.kapoor00599@example.com,9000000599,2018-03-26
G00600,Kabir Mittal,Male,65,"Kolkata, West Bengal",kabir.mittal00600@example.com,9000000600,2024-05-30
G00601,Muskan Khatri,Female,31,"Gurugram, Haryana",muskan.khatri00601@example.com,9000000601,2021-11-24
G00602,Ritvik Joshi,Male,39,"Surat, Gujarat",ritvik.joshi00602@example.com,9000000602,2023-04-23
G00603,Priya Sinha,Female,43,"Bengaluru, Karnataka",priya.sinha00603@example.com,9000000603,2021-04-12
G00604,Riya Sengupta,Female,38,"Chennai, Tamil Nadu",riya.sengupta00604@example.com,9000000604,2021-03-18
G00605,Tanvi Joshi,Female,37,"Pune, Maharashtra",tanvi.joshi00605@example.com,9000000605,2022-04-18
G00606,Gaurav Ghosh,Male,43,"Gurugram, Haryana",gaurav.ghosh00606@example.com,9000000606,2020-12-12
G00607,Vasudha Dhingra,Female,65,"Coimbatore, Tamil Nadu",vasudha.dhingra00607@example.com,9000000607,2019-12-31
G00608,Aditi Ahuja,Female,42,"Pune, Maharashtra",aditi.ahuja00608@example.com,9000000608,2025-06-15
G00609,Aditi Chopra,Female,43,"Indore, Madhya Pradesh",aditi.chopra00609@example.com,9000000609,2019-04-22
G00610,Diya Thakur,Female,56,"Noida, Uttar Pradesh",diya.thakur00610@example.com,9000000610,2020-07-08
G00611,Shreya Joshi,Female,46,"Goa, Goa",shreya.joshi00611@example.com,9000000611,2017-03-18
G00612,Kunal Rao,Male,40,"Pune, Maharashtra",kunal.rao00612@example.com,9000000612,2020-01-17
G00613,Pallavi Chauhan,Female,28,"Hyderabad, Telangana",pallavi.chauhan00613@example.com,9000000613,2019-07-11
G00614,Pooja Sodhi,Female,27,"Bhubaneswar, Odisha",pooja.sodhi00614@example.com,9000000614,2021-08-29
G00615,Sameer Menon,Male,43,"Chennai, Tamil Nadu",sameer.menon00615@example.com,9000000615,2017-05-12
G00616,Mahi Ahuja,Female,47,"Noida, Uttar Pradesh",mahi.ahuja00616@example.com,9000000616,2020-02-19
G00617,Ananya Malhotra,Female,39,"Gurugram, Haryana",ananya.malhotra00617@example.com,9000000617,2017-06-14
G00618,Ayush Mukherjee,Male,45,"Mumbai, Maharashtra",ayush.mukherjee00618@example.com,9000000618,2019-06-24
G00619,Shalini Singh,Female,28,"Kochi, Kerala",shalini.singh00619@example.com,9000000619,2018-02-19
G00620,Sonali Patel,Female,41,"New Delhi, Delhi",sonali.patel00620@example.com,9000000620,2020-01-18
G00621,Mohit Khanna,Other,40,"Mumbai, Maharashtra",mohit.khanna00621@example.com,9000000621,2020-03-20
G00622,Radhika Mehta,Female,44,"Nagpur, Maharashtra",radhika.mehta00622@example.com,9000000622,2025-04-10
G00623,Vikram Dutta,Male,32,"Bengaluru, Karnataka",vikram.dutta00623@example.com,9000000623,2024-06-13
G00624,Vivek Desai,Male,42,"Jaipur, Rajasthan",vivek.desai00624@example.com,9000000624,2020-01-20
G00625,Shubham Bose,Male,43,"Chennai, Tamil Nadu",shubham.bose00625@example.com,9000000625,2023-02-19
G00626,Aman Thakur,Male,41,"Bengaluru, Karnataka",aman.thakur00626@example.com,9000000626,2024-04-01
G00627,Komal Gupta,Female,28,"New Delhi, Delhi",komal.gupta00627@example.com,9000000627,2021-09-28
G00628,Priya Chauhan,Female,33,"Mumbai, Maharashtra",priya.chauhan00628@example.com,9000000628,2019-05-22
G00629,Kiara Arora,Female,42,"Thiruvananthapuram, Kerala",kiara.arora00629@example.com,9000000629,2022-09-23
G00630,Nikhil Chauhan,Male,28,"Hyderabad, Telangana",nikhil.chauhan00630@example.com,9000000630,2020-10-05
G00631,Rishi Gill,Male,40,"Ranchi, Jharkhand",rishi.gill00631@example.com,9000000631,2018-01-03
G00632,Aditya Sharma,Male,41,"Thiruvananthapuram, Kerala",aditya.sharma00632@example.com,9000000632,2022-06-30
G00633,Sonali Menon,Female,38,"Noida, Uttar Pradesh",sonali.menon00633@example.com,9000000633,2016-07-18
G00634,Tarun Trivedi,Male,38,"Dehradun, Uttarakhand",tarun.trivedi00634@example.com,9000000634,2024-05-04
G00635,Sameer Dutta,Male,43,"Mumbai, Maharashtra",sameer.dutta00635@example.com,9000000635,2016-10-22
G00636,Akash Pillai,Male,18,"Pune, Maharashtra",akash.pillai00636@example.com,9000000636,2018-04-03
G00637,Vikram Kulkarni,Male,31,"Bengaluru, Karnataka",vikram.kulkarni00637@example.com,9000000637,2016-02-19
G00638,Manav Chauhan,Male,20,"Udaipur, Rajasthan",manav.chauhan00638@example.com,9000000638,2024-08-16
G00639,Raghav Sethi,Male,46,"Indore, Madhya Pradesh",raghav.sethi00639@example.com,9000000639,2024-02-24
G00640,Tarun Sinha,Male,50,"Lucknow, Uttar Pradesh",tarun.sinha00640@example.com,9000000640,2017-07-21
G00641,Parth Bhattacharya,Male,42,"Bengaluru, Karnataka",parth.bhattacharya00641@example.com,9000000641,2019-08-15
G00642,Gaurav Menon,Male,43,"Faridabad, Haryana",gaurav.menon00642@example.com,9000000642,2021-04-24
G00643,Parth Gill,Male,48,"Mumbai, Maharashtra",parth.gill00643@example.com,9000000643,2018-08-13
G00644,Kriti Mathur,Female,18,"Jaipur, Rajasthan",kriti.mathur00644@example.com,9000000644,2018-05-16
G00645,Amit Luthra,Male,34,"Hyderabad, Telangana",amit.luthra00645@example.com,9000000645,2021-10-31
G00646,Aditi Dutta,Female,48,"Udaipur, Rajasthan",aditi.dutta00646@example.com,9000000646,2022-04-10
G00647,Ujjwal Bhatia,Male,28,"Kolkata, West Bengal",ujjwal.bhatia00647@example.com,9000000647,2016-12-02
G00648,Raj Iyer,Male,26,"Gurugram, Haryana",raj.iyer00648@example.com,9000000648,2016-01-14
G00649,Amit Dutta,Other,58,"Chennai, Tamil Nadu",amit.dutta00649@example.com,9000000649,2021-06-25
G00650,Mayank Arora,Male,47,"Udaipur, Rajasthan",mayank.arora00650@example.com,9000000650,2020-06-15
G00651,Ritika Jain,Female,36,"Mysuru, Karnataka",ritika.jain00651@example.com,9000000651,2022-11-30
G00652,Tushar Mehta,Male,32,"Chandigarh, Chandigarh",tushar.mehta00652@example.com,9000000652,2016-11-18
G00653,Abhinav Menon,Male,27,"New Delhi, Delhi",abhinav.menon00653@example.com,9000000653,2024-03-26
G00654,Sameer Trivedi,Male,47,"Mumbai, Maharashtra",sameer.trivedi00654@example.com,9000000654,2019-03-17
G00655,Vivek Mehta,Male,28,"Surat, Gujarat",vivek.mehta00655@example.com,9000000655,2017-07-17
G00656,Arnav Kulkarni,Male,59,"Kolkata, West Bengal",arnav.kulkarni00656@example.com,9000000656,2021-03-26
G00657,Vikram Ahuja,Male,61,"Jaipur, Rajasthan",vikram.ahuja00657@example.com,9000000657,2016-02-19
G00658,Arnav Saxena,Male,44,"Surat, Gujarat",arnav.saxena00658@example.com,9000000658,2025-04-26
G00659,Manav Iyer,Male,47,"Mysuru, Karnataka",manav.iyer00659@example.com,9000000659,2017-12-30
G00660,Rahul Chauhan,Male,30,"Surat, Gujarat",rahul.chauhan00660@example.com,9000000660,2016-02-28
G00661,Arjun Bose,Male,18,"Lucknow, Uttar Pradesh",arjun.bose00661@example.com,9000000661,2020-09-03
G00662,Arjun Kapoor,Male,69,"Kolkata, West Bengal",arjun.kapoor00662@example.com,9000000662,2018-03-24
G00663,Tushar Banerjee,Male,37,"Chennai, Tamil Nadu",tushar.banerjee00663@example.com,9000000663,2018-10-10
G00664,Radhika Joshi,Female,30,"New Delhi, Delhi",radhika.joshi00664@example.com,9000000664,2017-02-02
G00665,Bhavna Iyer,Female,52,"Bhubaneswar, Odisha",bhavna.iyer00665@example.com,9000000665,2022-02-19
G00666,Deepak Bansal,Male,31,"Chandigarh, Chandigarh",deepak.bansal00666@example.com,9000000666,2019-11-05
G00667,Akash Bhattacharya,Male,56,"Patna, Bihar",akash.bhattacharya00667@example.com,9000000667,2021-01-17
G00668,Myra Malhotra,Female,18,"Lucknow, Uttar Pradesh",myra.malhotra00668@example.com,9000000668,2016-05-16
G00669,Amit Patel,Male,44,"Pune, Maharashtra",amit.patel00669@example.com,9000000669,2023-12-22
G00670,Avni Vohra,Female,36,"Udaipur, Rajasthan",avni.vohra00670@example.com,9000000670,2016-01-24
G00671,Aanya Kulkarni,Female,48,"Hyderabad, Telangana",aanya.kulkarni00671@example.com,9000000671,2018-11-18
G00672,Nisha Bhatia,Female,18,"Indore, Madhya Pradesh",nisha.bhatia00672@example.com,9000000672,2024-04-10
G00673,Raj Arora,Male,45,"Bengaluru, Karnataka",raj.arora00673@example.com,9000000673,2024-06-13
G00674,Dhruv Khatri,Male,41,"Bengaluru, Karnataka",dhruv.khatri00674@example.com,9000000674,2020-01-28
G00675,Akash Bose,Male,23,"Ranchi, Jharkhand",akash.bose00675@example.com,9000000675,2017-01-28
G00676,Pooja Sethi,Female,41,"Faridabad, Haryana",pooja.sethi00676@example.com,9000000676,2022-05-22
G00677,Ujjwal Chopra,Male,32,"Dehradun, Uttarakhand",ujjwal.chopra00677@example.com,9000000677,2017-06-01
G00678,Komal Bansal,Female,54,"Kochi, Kerala",komal.bansal00678@example.com,9000000678,2016-06-04
G00679,Vasudha Saxena,Female,24,"Kochi, Kerala",vasudha.saxena00679@example.com,9000000679,2016-08-21
G00680,Anika Mishra,Female,23,"Kolkata, West Bengal",anika.mishra00680@example.com,9000000680,2025-01-07
G00681,Abhinav Kaur,Male,46,"Udaipur, Rajasthan",abhinav.kaur00681@example.com,9000000681,2019-03-01
G00682,Raj Thakur,Male,53,"Thiruvananthapuram, Kerala",raj.thakur00682@example.com,9000000682,2021-10-23
G00683,Aarohi Iyer,Female,26,"Bengaluru, Karnataka",aarohi.iyer00683@example.com,9000000683,2019-11-13
G00684,Avni Dhingra,Female,36,"Noida, Uttar Pradesh",avni.dhingra00684@example.com,9000000684,2022-06-21
G00685,Rahul Nair,Male,38,"Chennai, Tamil Nadu",rahul.nair00685@example.com,9000000685,2021-11-15
G00686,Ishaan Desai,Male,33,"Bengaluru, Karnataka",ishaan.desai00686@example.com,9000000686,2021-12-31
G00687,Swati Tiwari,Female,33,"Bengaluru, Karnataka",swati.tiwari00687@example.com,9000000687,2017-11-26
G00688,Avni Bhatia,Female,47,"Coimbatore, Tamil Nadu",avni.bhatia00688@example.com,9000000688,2022-07-06
G00689,Mayank Vohra,Male,35,"Chennai, Tamil Nadu",mayank.vohra00689@example.com,9000000689,2022-02-12
G00690,Tanya Saxena,Female,50,"Chennai, Tamil Nadu",tanya.saxena00690@example.com,9000000690,2017-05-08
G00691,Vikram Mathur,Male,38,"Thiruvananthapuram, Kerala",vikram.mathur00691@example.com,9000000691,2025-06-02
G00692,Manisha Chauhan,Female,31,"Chennai, Tamil Nadu",manisha.chauhan00692@example.com,9000000692,2020-10-27
G00693,Tarun Mukherjee,Male,22,"Shimla, Himachal Pradesh",tarun.mukherjee00693@example.com,9000000693,2021-02-15
G00694,Juhi Chauhan,Female,30,"Jaipur, Rajasthan",juhi.chauhan00694@example.com,9000000694,2020-01-27
G00695,Adit Bose,Male,40,"Bengaluru, Karnataka",adit.bose00695@example.com,9000000695,2016-09-22
G00696,Preeti Mishra,Female,34,"Mumbai, Maharashtra",preeti.mishra00696@example.com,9000000696,2023-08-26
G00697,Varun Menon,Male,44,"Bengaluru, Karnataka",varun.menon00697@example.com,9000000697,2021-01-17
G00698,Simran Rao,Female,62,"Chennai, Tamil Nadu",simran.rao00698@example.com,9000000698,2020-08-11
G00699,Nandini Chopra,Female,49,"Jaipur, Rajasthan",nandini.chopra00699@example.com,9000000699,2017-09-29
G00700,Tanya Kaur,Female,49,"Gurugram, Haryana",tanya.kaur00700@example.com,9000000700,2025-03-18
G00701,Amit Gupta,Male,29,"Mumbai, Maharashtra",amit.gupta00701@example.com,9000000701,2016-06-20
G00702,Ishaan Choudhary,Male,50,"Lucknow, Uttar Pradesh",ishaan.choudhary00702@example.com,9000000702,2019-01-07
G00703,Neeraj Mishra,Male,44,"Kolkata, West Bengal",neeraj.mishra00703@example.com,9000000703,2023-12-09
G00704,Dhruv Kulkarni,Male,32,"New Delhi, Delhi",dhruv.kulkarni00704@example.com,9000000704,2021-09-20
G00705,Harsh Gupta,Male,41,"Nashik, Maharashtra",harsh.gupta00705@example.com,9000000705,2024-01-14
G00706,Preeti Gill,Female,46,"Hyderabad, Telangana",preeti.gill00706@example.com,9000000706,2019-02-13
G00707,Shalini Sengupta,Female,40,"Mumbai, Maharashtra",shalini.sengupta00707@example.com,9000000707,2018-03-07
G00708,Ritika Vohra,Female,42,"Chennai, Tamil Nadu",ritika.vohra00708@example.com,9000000708,2018-07-21
G00709,Shivani Bose,Female,48,"Nashik, Maharashtra",shivani.bose00709@example.com,9000000709,2025-02-23
G00710,Aanya Bose,Female,33,"Bengaluru, Karnataka",aanya.bose00710@example.com,9000000710,2018-03-15
G00711,Siddharth Mishra,Male,32,"Ahmedabad, Gujarat",siddharth.mishra00711@example.com,9000000711,2023-12-09
G00712,Aman Yadav,Male,61,"Gurugram, Haryana",aman.yadav00712@example.com,9000000712,2020-04-02
G00713,Simran Ahuja,Female,47,"Pune, Maharashtra",simran.ahuja00713@example.com,9000000713,2024-07-22
G00714,Tanya Srivastava,Female,53,"Chandigarh, Chandigarh",tanya.srivastava00714@example.com,9000000714,2019-12-20
G00715,Diya Jain,Female,38,"Hyderabad, Telangana",diya.jain00715@example.com,9000000715,2018-10-22
G00716,Riya Verma,Female,20,"Gurugram, Haryana",riya.verma00716@example.com,9000000716,2022-01-19
G00717,Vivek Shetty,Male,38,"New Delhi, Delhi",vivek.shetty00717@example.com,9000000717,2016-10-28
G00718,Aditya Pillai,Male,24,"New Delhi, Delhi",aditya.pillai00718@example.com,9000000718,2016-09-23
G00719,Dhruv Sinha,Male,41,"Mumbai, Maharashtra",dhruv.sinha00719@example.com,9000000719,2017-04-22
G00720,Aarav Mukherjee,Male,34,"Bhopal, Madhya Pradesh",aarav.mukherjee00720@example.com,9000000720,2021-05-16
G00721,Kavya Joshi,Female,36,"Bengaluru, Karnataka",kavya.joshi00721@example.com,9000000721,2020-03-03
G00722,Apoorva Mukherjee,Female,45,"Shimla, Himachal Pradesh",apoorva.mukherjee00722@example.com,9000000722,2016-06-19
G00723,Divya Pillai,Female,46,"Thiruvananthapuram, Kerala",divya.pillai00723@example.com,9000000723,2022-09-14
G00724,Parth Arora,Male,28,"Faridabad, Haryana",parth.arora00724@example.com,9000000724,2019-07-07
G00725,Tanmay Khanna,Male,25,"Gurugram, Haryana",tanmay.khanna00725@example.com,9000000725,2022-04-16
G00726,Radhika Sethi,Female,36,"Coimbatore, Tamil Nadu",radhika.sethi00726@example.com,9000000726,2016-07-11
G00727,Muskan Singh,Female,41,"Hyderabad, Telangana",muskan.singh00727@example.com,9000000727,2024-02-24
G00728,Nisha Kaur,Female,45,"Noida, Uttar Pradesh",nisha.kaur00728@example.com,9000000728,2024-08-17
G00729,Dev Kohli,Male,27,"Chennai, Tamil Nadu",dev.kohli00729@example.com,9000000729,2020-07-30
G00730,Aditya Singh,Male,42,"Bengaluru, Karnataka",aditya.singh00730@example.com,9000000730,2022-09-24
G00731,Navya Kapoor,Female,43,"Lucknow, Uttar Pradesh",navya.kapoor00731@example.com,9000000731,2018-07-13
G00732,Deepak Banerjee,Male,26,"New Delhi, Delhi",deepak.banerjee00732@example.com,9000000732,2019-09-24
G00733,Neha Mittal,Female,47,"Mumbai, Maharashtra",neha.mittal00733@example.com,9000000733,2017-02-21
G00734,Bhavna Sinha,Female,61,"Kolkata, West Bengal",bhavna.sinha00734@example.com,9000000734,2020-06-08
G00735,Neeraj Banerjee,Male,53,"Mumbai, Maharashtra",neeraj.banerjee00735@example.com,9000000735,2022-09-05
G00736,Sneha Menon,Female,19,"Chennai, Tamil Nadu",sneha.menon00736@example.com,9000000736,2019-03-17
G00737,Amit Ahuja,Other,35,"Surat, Gujarat",amit.ahuja00737@example.com,9000000737,2019-02-09
G00738,Priya Jain,Female,27,"New Delhi, Delhi",priya.jain00738@example.com,9000000738,2024-05-09
G00739,Manav Trivedi,Male,42,"Kochi, Kerala",manav.trivedi00739@example.com,9000000739,2023-04-15
G00740,Tanmay Naidu,Male,59,"Dehradun, Uttarakhand",tanmay.naidu00740@example.com,9000000740,2024-02-24
G00741,Apoorva Banerjee,Female,34,"New Delhi, Delhi",apoorva.banerjee00741@example.com,9000000741,2023-05-11
G00742,Ritika Kaur,Female,47,"New Delhi, Delhi",ritika.kaur00742@example.com,9000000742,2021-08-08
G00743,Ishaan Sharma,Male,44,"Chennai, Tamil Nadu",ishaan.sharma00743@example.com,9000000743,2019-09-27
G00744,Bhavna Patel,Female,52,"Chandigarh, Chandigarh",bhavna.patel00744@example.com,9000000744,2023-09-01
G00745,Bhavna Srivastava,Female,36,"Dehradun, Uttarakhand",bhavna.srivastava00745@example.com,9000000745,2020-03-17
G00746,Kavya Singh,Female,25,"Ahmedabad, Gujarat",kavya.singh00746@example.com,9000000746,2022-04-22
G00747,Pooja Mittal,Female,24,"Ranchi, Jharkhand",pooja.mittal00747@example.com,9000000747,2020-02-09
G00748,Deepak Mishra,Male,52,"Noida, Uttar Pradesh",deepak.mishra00748@example.com,9000000748,2021-08-17
G00749,Sneha Naidu,Female,34,"Chandigarh, Chandigarh",sneha.naidu00749@example.com,9000000749,2022-12-30
G00750,Neeraj Mehta,Male,30,"Coimbatore, Tamil Nadu",neeraj.mehta00750@example.com,9000000750,2016-09-05
G00751,Shalini Shetty,Female,46,"Hyderabad, Telangana",shalini.shetty00751@example.com,9000000751,2022-09-21
G00752,Ayush Kulkarni,Male,65,"Udaipur, Rajasthan",ayush.kulkarni00752@example.com,9000000752,2019-09-22
G00753,Aanya Singh,Female,36,"Gurugram, Haryana",aanya.singh00753@example.com,9000000753,2023-07-06
G00754,Shreya Vohra,Female,28,"Jaipur, Rajasthan",shreya.vohra00754@example.com,9000000754,2023-05-23
G00755,Varun Das,Male,33,"Hyderabad, Telangana",varun.das00755@example.com,9000000755,2019-06-17
G00756,Vivaan Chauhan,Male,40,"Bengaluru, Karnataka",vivaan.chauhan00756@example.com,9000000756,2017-09-26
G00757,Sahil Oberoi,Male,21,"Chandigarh, Chandigarh",sahil.oberoi00757@example.com,9000000757,2017-07-17
G00758,Manav Malhotra,Male,27,"Nashik, Maharashtra",manav.malhotra00758@example.com,9000000758,2019-03-28
G00759,Isha Nair,Female,28,"Thiruvananthapuram, Kerala",isha.nair00759@example.com,9000000759,2017-04-19
G00760,Sakshi Khatri,Other,47,"Mumbai, Maharashtra",sakshi.khatri00760@example.com,9000000760,2016-07-26
G00761,Pooja Bansal,Female,37,"Noida, Uttar Pradesh",pooja.bansal00761@example.com,9000000761,2024-03-03
G00762,Sanya Saxena,Female,36,"Hyderabad, Telangana",sanya.saxena00762@example.com,9000000762,2017-12-08
G00763,Harsh Rawat,Male,46,"Bengaluru, Karnataka",harsh.rawat00763@example.com,9000000763,2018-02-23
G00764,Aarohi Sethi,Female,26,"Gurugram, Haryana",aarohi.sethi00764@example.com,9000000764,2017-01-12
G00765,Dhruv Sharma,Male,54,"Indore, Madhya Pradesh",dhruv.sharma00765@example.com,9000000765,2020-05-10
G00766,Ritika Mehta,Female,23,"Udaipur, Rajasthan",ritika.mehta00766@example.com,9000000766,2024-09-12
G00767,Saurabh Tiwari,Male,24,"Chennai, Tamil Nadu",saurabh.tiwari00767@example.com,9000000767,2018-03-22
G00768,Nikita Sharma,Female,26,"Ahmedabad, Gujarat",nikita.sharma00768@example.com,9000000768,2022-03-20
G00769,Radhika Malhotra,Female,60,"Hyderabad, Telangana",radhika.malhotra00769@example.com,9000000769,2021-02-01
G00770,Anika Menon,Female,39,"Lucknow, Uttar Pradesh",anika.menon00770@example.com,9000000770,2025-08-30
G00771,Arjun Srivastava,Male,24,"Mumbai, Maharashtra",arjun.srivastava00771@example.com,9000000771,2020-01-06
G00772,Akash Kohli,Male,18,"Mumbai, Maharashtra",akash.kohli00772@example.com,9000000772,2023-04-02
G00773,Shivani Patel,Female,33,"Coimbatore, Tamil Nadu",shivani.patel00773@example.com,9000000773,2019-06-25
G00774,Arjun Sinha,Male,24,"Coimbatore, Tamil Nadu",arjun.sinha00774@example.com,9000000774,2020-11-17
G00775,Ishaan Trivedi,Male,26,"Shimla, Himachal Pradesh",ishaan.trivedi00775@example.com,9000000775,2018-12-22
G00776,Sonali Choudhary,Female,54,"Hyderabad, Telangana",sonali.choudhary00776@example.com,9000000776,2021-07-21
G00777,Neeraj Pillai,Male,22,"New Delhi, Delhi",neeraj.pillai00777@example.com,9000000777,2019-07-25
G00778,Simran Srivastava,Female,33,"Udaipur, Rajasthan",simran.srivastava00778@example.com,9000000778,2020-01-09
G00779,Tanvi Mittal,Female,54,"Patna, Bihar",tanvi.mittal00779@example.com,9000000779,2022-02-09
G00780,Meera Sharma,Female,47,"Bengaluru, Karnataka",meera.sharma00780@example.com,9000000780,2023-03-05
G00781,Abhinav Gill,Male,47,"New Delhi, Delhi",abhinav.gill00781@example.com,9000000781,2019-01-20
G00782,Payal Kulkarni,Female,42,"Bengaluru, Karnataka",payal.kulkarni00782@example.com,9000000782,2020-05-05
G00783,Vivaan Khatri,Male,29,"Bengaluru, Karnataka",vivaan.khatri00783@example.com,9000000783,2024-02-05
G00784,Apoorva Ghosh,Female,31,"Mumbai, Maharashtra",apoorva.ghosh00784@example.com,9000000784,2023-02-12
G00785,Kabir Bhattacharya,Male,49,"Ranchi, Jharkhand",kabir.bhattacharya00785@example.com,9000000785,2017-01-08
G00786,Shreya Kohli,Female,43,"Thiruvananthapuram, Kerala",shreya.kohli00786@example.com,9000000786,2017-01-17
G00787,Trisha Mehta,Female,23,"Dehradun, Uttarakhand",trisha.mehta00787@example.com,9000000787,2017-03-17
G00788,Varun Joshi,Male,58,"Hyderabad, Telangana",varun.joshi00788@example.com,9000000788,2019-07-01
G00789,Kavya Yadav,Female,40,"Ahmedabad, Gujarat",kavya.yadav00789@example.com,9000000789,2020-02-05
G00790,Komal Kapoor,Female,57,"Bengaluru, Karnataka",komal.kapoor00790@example.com,9000000790,2016-07-13
G00791,Sanya Verma,Female,51,"Kolkata, West Bengal",sanya.verma00791@example.com,9000000791,2017-03-13
G00792,Sameer Tiwari,Male,52,"Mumbai, Maharashtra",sameer.tiwari00792@example.com,9000000792,2019-07-07
G00793,Neeraj Jain,Male,40,"Lucknow, Uttar Pradesh",neeraj.jain00793@example.com,9000000793,2016-11-27
G00794,Manav Oberoi,Male,42,"New Delhi, Delhi",manav.oberoi00794@example.com,9000000794,2022-05-07
G00795,Rahul Desai,Male,18,"Hyderabad, Telangana",rahul.desai00795@example.com,9000000795,2020-05-27
G00796,Trisha Sinha,Female,33,"Lucknow, Uttar Pradesh",trisha.sinha00796@example.com,9000000796,2018-06-05
G00797,Anurag Khatri,Male,46,"New Delhi, Delhi",anurag.khatri00797@example.com,9000000797,2021-10-15
G00798,Nisha Arora,Female,21,"Chennai, Tamil Nadu",nisha.arora00798@example.com,9000000798,2017-12-19
G00799,Sameer Sengupta,Male,57,"Hyderabad, Telangana",sameer.sengupta00799@example.com,9000000799,2025-11-19
G00800,Ishita Chauhan,Female,18,"Lucknow, Uttar Pradesh",ishita.chauhan00800@example.com,9000000800,2023-06-04
G00801,Ankit Singh,Male,36,"Chandigarh, Chandigarh",ankit.singh00801@example.com,9000000801,2019-11-23
G00802,Tarun Chauhan,Male,37,"Surat, Gujarat",tarun.chauhan00802@example.com,9000000802,2024-09-04
G00803,Gaurav Desai,Male,40,"Chennai, Tamil Nadu",gaurav.desai00803@example.com,9000000803,2019-06-26
G00804,Tushar Dhingra,Male,21,"Faridabad, Haryana",tushar.dhingra00804@example.com,9000000804,2021-06-05
G00805,Tanvi Rawat,Female,75,"Kochi, Kerala",tanvi.rawat00805@example.com,9000000805,2020-02-05
G00806,Bhavna Chauhan,Female,46,"Gurugram, Haryana",bhavna.chauhan00806@example.com,9000000806,2018-03-04
G00807,Kiara Gupta,Female,33,"Noida, Uttar Pradesh",kiara.gupta00807@example.com,9000000807,2018-01-01
G00808,Saurabh Banerjee,Male,37,"Bengaluru, Karnataka",saurabh.banerjee00808@example.com,9000000808,2017-02-21
G00809,Ritu Arora,Female,29,"Bhubaneswar, Odisha",ritu.arora00809@example.com,9000000809,2020-07-21
G00810,Mrunal Verma,Female,27,"Jaipur, Rajasthan",mrunal.verma00810@example.com,9000000810,2017-04-25
G00811,Ishita Sodhi,Female,33,"Noida, Uttar Pradesh",ishita.sodhi00811@example.com,9000000811,2020-06-05
G00812,Ritvik Shah,Male,35,"Lucknow, Uttar Pradesh",ritvik.shah00812@example.com,9000000812,2019-04-17
G00813,Karan Ahuja,Male,35,"Faridabad, Haryana",karan.ahuja00813@example.com,9000000813,2018-03-16
G00814,Karan Bose,Male,30,"Indore, Madhya Pradesh",karan.bose00814@example.com,9000000814,2020-04-04
G00815,Neeraj Desai,Male,41,"Mumbai, Maharashtra",neeraj.desai00815@example.com,9000000815,2022-01-24
G00816,Karan Dhingra,Male,45,"Kochi, Kerala",karan.dhingra00816@example.com,9000000816,2018-12-24
G00817,Sahil Shetty,Male,45,"Hyderabad, Telangana",sahil.shetty00817@example.com,9000000817,2022-08-14
G00818,Komal Pillai,Female,21,"Surat, Gujarat",komal.pillai00818@example.com,9000000818,2021-03-13
G00819,Akash Kulkarni,Male,66,"Thiruvananthapuram, Kerala",akash.kulkarni00819@example.com,9000000819,2021-01-25
G00820,Karan Pillai,Male,56,"Pune, Maharashtra",karan.pillai00820@example.com,9000000820,2020-07-13
G00821,Yash Mittal,Male,28,"Bengaluru, Karnataka",yash.mittal00821@example.com,9000000821,2017-07-16
G00822,Ritu Kapoor,Female,40,"Ranchi, Jharkhand",ritu.kapoor00822@example.com,9000000822,2020-01-25
G00823,Pallavi Agarwal,Female,57,"Hyderabad, Telangana",pallavi.agarwal00823@example.com,9000000823,2021-11-19
G00824,Kriti Rawat,Female,38,"Mumbai, Maharashtra",kriti.rawat00824@example.com,9000000824,2021-08-08
G00825,Aditi Malhotra,Female,30,"Jaipur, Rajasthan",aditi.malhotra00825@example.com,9000000825,2022-09-11
G00826,Aditya Mishra,Male,30,"Lucknow, Uttar Pradesh",aditya.mishra00826@example.com,9000000826,2016-10-31
G00827,Sonali Joshi,Female,73,"Chandigarh, Chandigarh",sonali.joshi00827@example.com,9000000827,2024-03-24
G00828,Deepak Bose,Male,21,"Kochi, Kerala",deepak.bose00828@example.com,9000000828,2022-05-28
G00829,Sakshi Dhingra,Female,43,"New Delhi, Delhi",sakshi.dhingra00829@example.com,9000000829,2024-04-29
G00830,Ritika Rao,Female,36,"Kolkata, West Bengal",ritika.rao00830@example.com,9000000830,2020-03-07
G00831,Shivani Gupta,Female,40,"Ahmedabad, Gujarat",shivani.gupta00831@example.com,9000000831,2019-08-22
G00832,Ritvik Das,Male,39,"Bengaluru, Karnataka",ritvik.das00832@example.com,9000000832,2024-01-07
G00833,Amit Oberoi,Male,36,"Chandigarh, Chandigarh",amit.oberoi00833@example.com,9000000833,2021-06-20
G00834,Ritvik Kulkarni,Male,27,"Ranchi, Jharkhand",ritvik.kulkarni00834@example.com,9000000834,2018-07-21
G00835,Payal Kapoor,Female,51,"Noida, Uttar Pradesh",payal.kapoor00835@example.com,9000000835,2016-10-24
G00836,Ayush Oberoi,Male,35,"Dehradun, Uttarakhand",ayush.oberoi00836@example.com,9000000836,2019-06-16
G00837,Deepak Sodhi,Male,20,"Ahmedabad, Gujarat",deepak.sodhi00837@example.com,9000000837,2017-08-11
G00838,Nisha Gupta,Female,21,"Goa, Goa",nisha.gupta00838@example.com,9000000838,2018-11-24
G00839,Deepak Das,Male,22,"Chennai, Tamil Nadu",deepak.das00839@example.com,9000000839,2018-05-04
G00840,Shubham Agarwal,Male,44,"Surat, Gujarat",shubham.agarwal00840@example.com,9000000840,2021-12-25
G00841,Anurag Shetty,Male,44,"Indore, Madhya Pradesh",anurag.shetty00841@example.com,9000000841,2025-06-02
G00842,Tanya Sharma,Female,18,"New Delhi, Delhi",tanya.sharma00842@example.com,9000000842,2022-06-10
G00843,Isha Chauhan,Female,49,"Gurugram, Haryana",isha.chauhan00843@example.com,9000000843,2022-02-16
G00844,Anurag Bose,Male,38,"Kolkata, West Bengal",anurag.bose00844@example.com,9000000844,2017-12-21
G00845,Nikhil Kulkarni,Male,27,"Indore, Madhya Pradesh",nikhil.kulkarni00845@example.com,9000000845,2018-08-06
G00846,Bhavna Reddy,Female,43,"Gurugram, Haryana",bhavna.reddy00846@example.com,9000000846,2025-03-28
G00847,Ishaan Thakur,Male,57,"Lucknow, Uttar Pradesh",ishaan.thakur00847@example.com,9000000847,2018-10-11
G00848,Arnav Sodhi,Male,35,"Chennai, Tamil Nadu",arnav.sodhi00848@example.com,9000000848,2018-02-09
G00849,Manisha Mukherjee,Female,41,"Pune, Maharashtra",manisha.mukherjee00849@example.com,9000000849,2017-12-24
G00850,Arjun Iyer,Male,33,"Patna, Bihar",arjun.iyer00850@example.com,9000000850,2018-09-28
G00851,Rahul Sengupta,Male,56,"Surat, Gujarat",rahul.sengupta00851@example.com,9000000851,2018-09-20
G00852,Tanya Mishra,Female,43,"Dehradun, Uttarakhand",tanya.mishra00852@example.com,9000000852,2017-07-25
G00853,Mrunal Saxena,Female,26,"Surat, Gujarat",mrunal.saxena00853@example.com,9000000853,2018-01-06
G00854,Isha Saxena,Female,57,"Surat, Gujarat",isha.saxena00854@example.com,9000000854,2018-05-21
G00855,Aarav Malhotra,Male,28,"Mumbai, Maharashtra",aarav.malhotra00855@example.com,9000000855,2024-04-29
G00856,Deepak Sengupta,Male,57,"New Delhi, Delhi",deepak.sengupta00856@example.com,9000000856,2017-06-03
G00857,Ankit Gupta,Male,34,"Ranchi, Jharkhand",ankit.gupta00857@example.com,9000000857,2021-09-08
G00858,Kabir Bansal,Male,45,"Udaipur, Rajasthan",kabir.bansal00858@example.com,9000000858,2019-01-17
G00859,Shubham Kulkarni,Male,61,"Jaipur, Rajasthan",shubham.kulkarni00859@example.com,9000000859,2018-10-10
G00860,Kunal Reddy,Male,44,"New Delhi, Delhi",kunal.reddy00860@example.com,9000000860,2021-11-07
G00861,Payal Khanna,Female,29,"Udaipur, Rajasthan",payal.khanna00861@example.com,9000000861,2021-07-21
G00862,Kavya Bansal,Female,27,"Bhubaneswar, Odisha",kavya.bansal00862@example.com,9000000862,2019-07-14
G00863,Avni Mishra,Female,30,"Faridabad, Haryana",avni.mishra00863@example.com,9000000863,2021-10-28
G00864,Neeraj Nair,Male,37,"Chennai, Tamil Nadu",neeraj.nair00864@example.com,9000000864,2022-05-27
G00865,Nandini Naidu,Female,42,"Gurugram, Haryana",nandini.naidu00865@example.com,9000000865,2018-05-20
G00866,Ritvik Luthra,Male,40,"Patna, Bihar",ritvik.luthra00866@example.com,9000000866,2020-11-06
G00867,Tanya Chopra,Female,23,"Kochi, Kerala",tanya.chopra00867@example.com,9000000867,2018-02-10
G00868,Vasudha Mittal,Female,57,"Faridabad, Haryana",vasudha.mittal00868@example.com,9000000868,2025-09-19
G00869,Mayank Kulkarni,Male,67,"Lucknow, Uttar Pradesh",mayank.kulkarni00869@example.com,9000000869,2017-04-21
G00870,Meera Pillai,Female,31,"Bhopal, Madhya Pradesh",meera.pillai00870@example.com,9000000870,2020-02-11
G00871,Rohan Nair,Male,37,"Jaipur, Rajasthan",rohan.nair00871@example.com,9000000871,2021-07-11
G00872,Diya Joshi,Female,28,"Noida, Uttar Pradesh",diya.joshi00872@example.com,9000000872,2017-01-03
G00873,Nikhil Naidu,Male,55,"Pune, Maharashtra",nikhil.naidu00873@example.com,9000000873,2019-05-29
G00874,Kriti Chopra,Female,68,"Bengaluru, Karnataka",kriti.chopra00874@example.com,9000000874,2025-07-14
G00875,Siddharth Patel,Male,32,"New Delhi, Delhi",siddharth.patel00875@example.com,9000000875,2020-12-26
G00876,Rahul Gupta,Male,22,"Faridabad, Haryana",rahul.gupta00876@example.com,9000000876,2016-11-07
G00877,Pranav Yadav,Male,26,"Mumbai, Maharashtra",pranav.yadav00877@example.com,9000000877,2019-10-04
G00878,Diya Bansal,Female,40,"Kolkata, West Bengal",diya.bansal00878@example.com,9000000878,2022-12-24
G00879,Shalini Bose,Female,38,"Mumbai, Maharashtra",shalini.bose00879@example.com,9000000879,2017-06-05
G00880,Mayank Das,Male,42,"Pune, Maharashtra",mayank.das00880@example.com,9000000880,2020-04-27
G00881,Manisha Chopra,Female,18,"Coimbatore, Tamil Nadu",manisha.chopra00881@example.com,9000000881,2023-09-08
G00882,Raghav Bhatia,Male,41,"Pune, Maharashtra",raghav.bhatia00882@example.com,9000000882,2021-03-06
G00883,Aditi Arora,Female,18,"Chandigarh, Chandigarh",aditi.arora00883@example.com,9000000883,2018-04-14
G00884,Aditi Mishra,Female,40,"Kochi, Kerala",aditi.mishra00884@example.com,9000000884,2023-06-25
G00885,Aditya Joshi,Male,48,"Noida, Uttar Pradesh",aditya.joshi00885@example.com,9000000885,2025-09-30
G00886,Kiara Iyer,Female,41,"Patna, Bihar",kiara.iyer00886@example.com,9000000886,2017-10-23
G00887,Aarav Agarwal,Male,34,"Thiruvananthapuram, Kerala",aarav.agarwal00887@example.com,9000000887,2024-09-26
G00888,Mohit Gupta,Male,51,"Goa, Goa",mohit.gupta00888@example.com,9000000888,2022-10-20
G00889,Sanya Choudhary,Female,60,"Surat, Gujarat",sanya.choudhary00889@example.com,9000000889,2018-04-15
G00890,Aarav Sengupta,Male,20,"Coimbatore, Tamil Nadu",aarav.sengupta00890@example.com,9000000890,2022-07-15
G00891,Ujjwal Yadav,Male,27,"Hyderabad, Telangana",ujjwal.yadav00891@example.com,9000000891,2019-03-22
G00892,Myra Mathur,Female,29,"New Delhi, Delhi",myra.mathur00892@example.com,9000000892,2023-11-07
G00893,Sneha Bose,Other,51,"Faridabad, Haryana",sneha.bose00893@example.com,9000000893,2017-01-22
G00894,Kavya Oberoi,Female,48,"Kolkata, West Bengal",kavya.oberoi00894@example.com,9000000894,2016-01-28
G00895,Swati Sharma,Female,25,"Nashik, Maharashtra",swati.sharma00895@example.com,9000000895,2021-11-17
G00896,Kiara Shah,Female,18,"Hyderabad, Telangana",kiara.shah00896@example.com,9000000896,2018-05-15
G00897,Shivani Chauhan,Female,41,"Mysuru, Karnataka",shivani.chauhan00897@example.com,9000000897,2016-04-21
G00898,Tanvi Singh,Female,46,"Gurugram, Haryana",tanvi.singh00898@example.com,9000000898,2022-01-28
G00899,Abhinav Mishra,Male,53,"Mumbai, Maharashtra",abhinav.mishra00899@example.com,9000000899,2016-04-24
G00900,Naveen Oberoi,Male,53,"Bengaluru, Karnataka",naveen.oberoi00900@example.com,9000000900,2016-04-04
G00901,Anika Singh,Female,39,"Kolkata, West Bengal",anika.singh00901@example.com,9000000901,2025-11-24
G00902,Gaurav Mittal,Male,33,"Ahmedabad, Gujarat",gaurav.mittal00902@example.com,9000000902,2022-11-01
G00903,Siddharth Joshi,Male,31,"Nagpur, Maharashtra",siddharth.joshi00903@example.com,9000000903,2017-11-19
G00904,Kiara Sethi,Female,47,"Chandigarh, Chandigarh",kiara.sethi00904@example.com,9000000904,2019-08-05
G00905,Abhinav Tiwari,Male,37,"Hyderabad, Telangana",abhinav.tiwari00905@example.com,9000000905,2022-08-18
G00906,Kabir Luthra,Male,39,"Bhubaneswar, Odisha",kabir.luthra00906@example.com,9000000906,2020-11-29
G00907,Simran Jain,Female,42,"Dehradun, Uttarakhand",simran.jain00907@example.com,9000000907,2020-10-10
G00908,Anurag Mathur,Male,48,"Mumbai, Maharashtra",anurag.mathur00908@example.com,9000000908,2021-08-10
G00909,Gaurav Choudhary,Male,53,"Bhopal, Madhya Pradesh",gaurav.choudhary00909@example.com,9000000909,2022-02-03
G00910,Varun Shetty,Male,21,"Surat, Gujarat",varun.shetty00910@example.com,9000000910,2021-03-06
G00911,Komal Iyer,Female,23,"Indore, Madhya Pradesh",komal.iyer00911@example.com,9000000911,2024-07-13
G00912,Riya Shetty,Female,21,"New Delhi, Delhi",riya.shetty00912@example.com,9000000912,2021-01-03
G00913,Pranav Thakur,Male,31,"Hyderabad, Telangana",pranav.thakur00913@example.com,9000000913,2017-12-22
G00914,Rishi Bhattacharya,Male,46,"Mumbai, Maharashtra",rishi.bhattacharya00914@example.com,9000000914,2020-09-14
G00915,Sakshi Mukherjee,Female,32,"Gurugram, Haryana",sakshi.mukherjee00915@example.com,9000000915,2016-06-23
G00916,Tanmay Bansal,Male,48,"Kolkata, West Bengal",tanmay.bansal00916@example.com,9000000916,2021-07-30
G00917,Tanmay Saxena,Male,33,"Jaipur, Rajasthan",tanmay.saxena00917@example.com,9000000917,2020-07-04
G00918,Parth Sethi,Male,33,"Bengaluru, Karnataka",parth.sethi00918@example.com,9000000918,2022-07-23
G00919,Anurag Mishra,Male,31,"Nagpur, Maharashtra",anurag.mishra00919@example.com,9000000919,2024-08-26
G00920,Tanya Sengupta,Female,46,"Indore, Madhya Pradesh",tanya.sengupta00920@example.com,9000000920,2016-08-24
G00921,Bhavna Saxena,Female,49,"Chennai, Tamil Nadu",bhavna.saxena00921@example.com,9000000921,2018-03-05
G00922,Sahil Gill,Male,24,"Hyderabad, Telangana",sahil.gill00922@example.com,9000000922,2022-02-11
G00923,Raghav Sinha,Male,40,"Lucknow, Uttar Pradesh",raghav.sinha00923@example.com,9000000923,2025-03-09
G00924,Trisha Kapoor,Female,43,"Bengaluru, Karnataka",trisha.kapoor00924@example.com,9000000924,2019-12-09
G00925,Aditya Banerjee,Male,35,"Chennai, Tamil Nadu",aditya.banerjee00925@example.com,9000000925,2021-10-22
G00926,Nikita Srivastava,Female,20,"Hyderabad, Telangana",nikita.srivastava00926@example.com,9000000926,2022-07-05
G00927,Bhavna Banerjee,Female,48,"Bhubaneswar, Odisha",bhavna.banerjee00927@example.com,9000000927,2018-02-04
G00928,Nikhil Oberoi,Male,25,"Shimla, Himachal Pradesh",nikhil.oberoi00928@example.com,9000000928,2022-05-26
G00929,Aanya Khanna,Female,18,"Gurugram, Haryana",aanya.khanna00929@example.com,9000000929,2023-02-24
G00930,Deepak Shetty,Male,27,"Surat, Gujarat",deepak.shetty00930@example.com,9000000930,2022-07-30
G00931,Tanya Kapoor,Female,35,"Hyderabad, Telangana",tanya.kapoor00931@example.com,9000000931,2020-02-07
G00932,Raj Khatri,Male,21,"Patna, Bihar",raj.khatri00932@example.com,9000000932,2016-12-11
G00933,Juhi Srivastava,Female,41,"Gurugram, Haryana",juhi.srivastava00933@example.com,9000000933,2019-02-01
G00934,Trisha Thakur,Female,32,"Bhopal, Madhya Pradesh",trisha.thakur00934@example.com,9000000934,2023-05-27
G00935,Sakshi Kapoor,Female,18,"Patna, Bihar",sakshi.kapoor00935@example.com,9000000935,2018-12-18
G00936,Amit Kohli,Other,40,"New Delhi, Delhi",amit.kohli00936@example.com,9000000936,2021-12-24
G00937,Komal Thakur,Female,53,"Faridabad, Haryana",komal.thakur00937@example.com,9000000937,2024-01-10
G00938,Ritu Khanna,Female,18,"Ranchi, Jharkhand",ritu.khanna00938@example.com,9000000938,2021-12-01
G00939,Shivani Bansal,Female,43,"Chennai, Tamil Nadu",shivani.bansal00939@example.com,9000000939,2019-06-01
G00940,Avni Menon,Female,29,"Bengaluru, Karnataka",avni.menon00940@example.com,9000000940,2020-03-01
G00941,Manisha Naidu,Female,28,"Noida, Uttar Pradesh",manisha.naidu00941@example.com,9000000941,2024-03-05
G00942,Varun Patel,Male,42,"Chandigarh, Chandigarh",varun.patel00942@example.com,9000000942,2020-10-12
G00943,Vivaan Rawat,Male,30,"Indore, Madhya Pradesh",vivaan.rawat00943@example.com,9000000943,2021-04-27
G00944,Sakshi Gupta,Female,47,"Chennai, Tamil Nadu",sakshi.gupta00944@example.com,9000000944,2016-06-24
G00945,Radhika Bose,Female,18,"Goa, Goa",radhika.bose00945@example.com,9000000945,2021-04-16
G00946,Navya Sengupta,Female,19,"Lucknow, Uttar Pradesh",navya.sengupta00946@example.com,9000000946,2025-07-08
G00947,Payal Nair,Female,38,"Bengaluru, Karnataka",payal.nair00947@example.com,9000000947,2019-06-22
G00948,Ritika Trivedi,Female,40,"Kochi, Kerala",ritika.trivedi00948@example.com,9000000948,2016-11-02
G00949,Mahi Joshi,Female,32,"Patna, Bihar",mahi.joshi00949@example.com,9000000949,2023-02-19
G00950,Raj Sengupta,Male,33,"Chennai, Tamil Nadu",raj.sengupta00950@example.com,9000000950,2017-02-19
G00951,Rishi Puri,Other,35,"New Delhi, Delhi",rishi.puri00951@example.com,9000000951,2022-09-21
G00952,Raghav Gupta,Male,39,"Kochi, Kerala",raghav.gupta00952@example.com,9000000952,2024-06-24
G00953,Nandini Ghosh,Female,29,"Gurugram, Haryana",nandini.ghosh00953@example.com,9000000953,2023-09-05
G00954,Komal Das,Female,57,"Mumbai, Maharashtra",komal.das00954@example.com,9000000954,2021-07-20
G00955,Ritvik Srivastava,Male,27,"Lucknow, Uttar Pradesh",ritvik.srivastava00955@example.com,9000000955,2022-08-02
G00956,Harsh Srivastava,Male,43,"Faridabad, Haryana",harsh.srivastava00956@example.com,9000000956,2024-11-21
G00957,Aditi Sodhi,Other,36,"Chennai, Tamil Nadu",aditi.sodhi00957@example.com,9000000957,2022-04-05
G00958,Tarun Bansal,Male,52,"Kolkata, West Bengal",tarun.bansal00958@example.com,9000000958,2020-11-02
G00959,Bhavna Joshi,Female,38,"Mumbai, Maharashtra",bhavna.joshi00959@example.com,9000000959,2021-11-07
G00960,Sameer Khatri,Male,39,"Bengaluru, Karnataka",sameer.khatri00960@example.com,9000000960,2016-06-14
G00961,Gaurav Saxena,Male,51,"Ahmedabad, Gujarat",gaurav.saxena00961@example.com,9000000961,2022-10-02
G00962,Raj Sinha,Male,35,"Bhubaneswar, Odisha",raj.sinha00962@example.com,9000000962,2020-09-28
G00963,Dev Menon,Male,34,"Surat, Gujarat",dev.menon00963@example.com,9000000963,2021-10-01
G00964,Komal Luthra,Female,37,"Hyderabad, Telangana",komal.luthra00964@example.com,9000000964,2018-02-24
G00965,Meera Luthra,Female,33,"Lucknow, Uttar Pradesh",meera.luthra00965@example.com,9000000965,2016-10-19
G00966,Kunal Bhatia,Male,58,"Faridabad, Haryana",kunal.bhatia00966@example.com,9000000966,2018-07-02
G00967,Neha Reddy,Female,30,"Mumbai, Maharashtra",neha.reddy00967@example.com,9000000967,2018-08-13
G00968,Naveen Verma,Male,59,"Udaipur, Rajasthan",naveen.verma00968@example.com,9000000968,2016-11-29
G00969,Neeraj Singh,Male,52,"Mysuru, Karnataka",neeraj.singh00969@example.com,9000000969,2021-11-01
G00970,Ritvik Thakur,Male,52,"Bengaluru, Karnataka",ritvik.thakur00970@example.com,9000000970,2020-05-31
G00971,Karan Banerjee,Male,48,"New Delhi, Delhi",karan.banerjee00971@example.com,9000000971,2024-06-15
G00972,Neha Ghosh,Female,55,"Pune, Maharashtra",neha.ghosh00972@example.com,9000000972,2017-03-27
G00973,Sahil Verma,Male,28,"Bengaluru, Karnataka",sahil.verma00973@example.com,9000000973,2020-10-10
G00974,Siddharth Banerjee,Male,31,"Kolkata, West Bengal",siddharth.banerjee00974@example.com,9000000974,2017-07-02
G00975,Rahul Mukherjee,Male,43,"Hyderabad, Telangana",rahul.mukherjee00975@example.com,9000000975,2016-12-28
G00976,Tanmay Srivastava,Male,42,"Chennai, Tamil Nadu",tanmay.srivastava00976@example.com,9000000976,2020-05-27
G00977,Ritika Verma,Female,37,"Bhopal, Madhya Pradesh",ritika.verma00977@example.com,9000000977,2023-04-22
G00978,Sonali Mehta,Female,37,"Bengaluru, Karnataka",sonali.mehta00978@example.com,9000000978,2024-07-06
G00979,Pallavi Joshi,Female,33,"Indore, Madhya Pradesh",pallavi.joshi00979@example.com,9000000979,2022-08-03
G00980,Sanya Shah,Female,61,"Ahmedabad, Gujarat",sanya.shah00980@example.com,9000000980,2018-03-18
G00981,Meera Sengupta,Female,36,"Lucknow, Uttar Pradesh",meera.sengupta00981@example.com,9000000981,2020-03-14
G00982,Avni Chauhan,Female,22,"Chennai, Tamil Nadu",avni.chauhan00982@example.com,9000000982,2020-07-15
G00983,Sanya Sharma,Female,38,"Kolkata, West Bengal",sanya.sharma00983@example.com,9000000983,2019-01-08
G00984,Akash Puri,Male,52,"Ahmedabad, Gujarat",akash.puri00984@example.com,9000000984,2022-05-31
G00985,Shreya Srivastava,Female,50,"Mysuru, Karnataka",shreya.srivastava00985@example.com,9000000985,2019-02-15
G00986,Vasudha Gupta,Female,51,"Pune, Maharashtra",vasudha.gupta00986@example.com,9000000986,2020-05-18
G00987,Karan Sethi,Male,31,"Noida, Uttar Pradesh",karan.sethi00987@example.com,9000000987,2024-08-23
G00988,Muskan Menon,Female,41,"Bengaluru, Karnataka",muskan.menon00988@example.com,9000000988,2020-05-26
G00989,Nisha Saxena,Female,40,"Lucknow, Uttar Pradesh",nisha.saxena00989@example.com,9000000989,2019-03-06
G00990,Vasudha Ahuja,Female,63,"Jaipur, Rajasthan",vasudha.ahuja00990@example.com,9000000990,2018-09-28
G00991,Rishi Vohra,Male,49,"Indore, Madhya Pradesh",rishi.vohra00991@example.com,9000000991,2016-01-12
G00992,Komal Mathur,Female,40,"Jaipur, Rajasthan",komal.mathur00992@example.com,9000000992,2021-05-25
G00993,Aditya Sinha,Male,34,"Coimbatore, Tamil Nadu",aditya.sinha00993@example.com,9000000993,2022-11-23
G00994,Neha Pillai,Female,36,"Kochi, Kerala",neha.pillai00994@example.com,9000000994,2020-06-19
G00995,Avni Singh,Female,40,"Chennai, Tamil Nadu",avni.singh00995@example.com,9000000995,2018-01-26
G00996,Pooja Srivastava,Female,38,"Indore, Madhya Pradesh",pooja.srivastava00996@example.com,9000000996,2023-05-22
G00997,Ritika Khatri,Female,28,"Kolkata, West Bengal",ritika.khatri00997@example.com,9000000997,2023-07-26
G00998,Nisha Mehta,Female,47,"Hyderabad, Telangana",nisha.mehta00998@example.com,9000000998,2018-02-22
G00999,Vivaan Banerjee,Male,38,"New Delhi, Delhi",vivaan.banerjee00999@example.com,9000000999,2021-01-31
G01000,Nikita Nair,Female,35,"Jaipur, Rajasthan",nikita.nair01000@example.com,9000001000,2023-04-28
G01001,Ishaan Naidu,Male,27,"Gurugram, Haryana",ishaan.naidu01001@example.com,9000001001,2023-05-10
G01002,Myra Choudhary,Female,59,"Chennai, Tamil Nadu",myra.choudhary01002@example.com,9000001002,2017-06-07
G01003,Tanvi Dutta,Female,36,"Kochi, Kerala",tanvi.dutta01003@example.com,9000001003,2025-08-25
G01004,Akash Gill,Male,36,"Hyderabad, Telangana",akash.gill01004@example.com,9000001004,2017-11-24
G01005,Mohit Mehta,Male,49,"Lucknow, Uttar Pradesh",mohit.mehta01005@example.com,9000001005,2017-11-13
G01006,Aditi Gill,Female,49,"Indore, Madhya Pradesh",aditi.gill01006@example.com,9000001006,2016-03-20
G01007,Swati Oberoi,Female,32,"Goa, Goa",swati.oberoi01007@example.com,9000001007,2020-01-17
G01008,Dev Ahuja,Male,38,"Noida, Uttar Pradesh",dev.ahuja01008@example.com,9000001008,2018-10-07
G01009,Rishi Kulkarni,Male,30,"New Delhi, Delhi",rishi.kulkarni01009@example.com,9000001009,2018-09-20
G01010,Aman Gupta,Male,33,"Kolkata, West Bengal",aman.gupta01010@example.com,9000001010,2017-05-16
G01011,Sanya Sodhi,Female,31,"Mumbai, Maharashtra",sanya.sodhi01011@example.com,9000001011,2024-10-24
G01012,Bhavna Khanna,Female,46,"Mumbai, Maharashtra",bhavna.khanna01012@example.com,9000001012,2022-10-17
G01013,Tushar Saxena,Male,31,"New Delhi, Delhi",tushar.saxena01013@example.com,9000001013,2016-10-03
G01014,Apoorva Sharma,Female,28,"Pune, Maharashtra",apoorva.sharma01014@example.com,9000001014,2016-06-28
G01015,Harsh Joshi,Male,31,"Jaipur, Rajasthan",harsh.joshi01015@example.com,9000001015,2017-06-05
G01016,Raj Sharma,Male,30,"Chandigarh, Chandigarh",raj.sharma01016@example.com,9000001016,2016-02-11
G01017,Payal Bhattacharya,Female,38,"New Delhi, Delhi",payal.bhattacharya01017@example.com,9000001017,2022-11-07
G01018,Ritvik Mehta,Male,44,"New Delhi, Delhi",ritvik.mehta01018@example.com,9000001018,2020-06-19
G01019,Kriti Arora,Female,43,"Chandigarh, Chandigarh",kriti.arora01019@example.com,9000001019,2019-03-24
G01020,Aarohi Agarwal,Female,63,"Mumbai, Maharashtra",aarohi.agarwal01020@example.com,9000001020,2023-09-27
G01021,Kunal Sinha,Male,50,"Kolkata, West Bengal",kunal.sinha01021@example.com,9000001021,2020-09-23
G01022,Kabir Naidu,Male,51,"Ahmedabad, Gujarat",kabir.naidu01022@example.com,9000001022,2023-05-28
G01023,Adit Gill,Male,18,"Chandigarh, Chandigarh",adit.gill01023@example.com,9000001023,2020-10-03
G01024,Manisha Saxena,Female,45,"Jaipur, Rajasthan",manisha.saxena01024@example.com,9000001024,2018-01-01
G01025,Mayank Sinha,Male,44,"Bhubaneswar, Odisha",mayank.sinha01025@example.com,9000001025,2021-08-18
G01026,Vivaan Bhattacharya,Male,43,"Chennai, Tamil Nadu",vivaan.bhattacharya01026@example.com,9000001026,2018-05-29
G01027,Trisha Saxena,Female,38,"Surat, Gujarat",trisha.saxena01027@example.com,9000001027,2019-08-18
G01028,Raj Banerjee,Male,71,"Nagpur, Maharashtra",raj.banerjee01028@example.com,9000001028,2020-09-21
G01029,Vivek Malhotra,Male,45,"New Delhi, Delhi",vivek.malhotra01029@example.com,9000001029,2022-03-31
G01030,Akash Menon,Male,41,"Bengaluru, Karnataka",akash.menon01030@example.com,9000001030,2017-06-08
G01031,Gaurav Kulkarni,Male,42,"Gurugram, Haryana",gaurav.kulkarni01031@example.com,9000001031,2017-10-17
G01032,Arnav Puri,Male,29,"Mumbai, Maharashtra",arnav.puri01032@example.com,9000001032,2022-05-22
G01033,Aditya Mukherjee,Male,29,"Goa, Goa",aditya.mukherjee01033@example.com,9000001033,2022-04-28
G01034,Sneha Joshi,Female,46,"Mumbai, Maharashtra",sneha.joshi01034@example.com,9000001034,2018-03-10
G01035,Harsh Patel,Male,60,"Jaipur, Rajasthan",harsh.patel01035@example.com,9000001035,2018-03-22
G01036,Ishaan Dutta,Male,30,"Bhubaneswar, Odisha",ishaan.dutta01036@example.com,9000001036,2016-02-17
G01037,Vikram Chauhan,Male,20,"Patna, Bihar",vikram.chauhan01037@example.com,9000001037,2020-07-30
G01038,Sneha Bhatia,Female,21,"Bengaluru, Karnataka",sneha.bhatia01038@example.com,9000001038,2017-09-17
G01039,Riya Mukherjee,Female,26,"Surat, Gujarat",riya.mukherjee01039@example.com,9000001039,2022-08-06
G01040,Saurabh Shetty,Male,39,"Patna, Bihar",saurabh.shetty01040@example.com,9000001040,2017-01-10
G01041,Navya Joshi,Female,37,"Faridabad, Haryana",navya.joshi01041@example.com,9000001041,2018-11-12
G01042,Ritika Bhatia,Female,56,"Bhopal, Madhya Pradesh",ritika.bhatia01042@example.com,9000001042,2020-01-04
G01043,Parth Chopra,Male,25,"Goa, Goa",parth.chopra01043@example.com,9000001043,2023-03-19
G01044,Varun Trivedi,Male,49,"Chandigarh, Chandigarh",varun.trivedi01044@example.com,9000001044,2016-12-25
G01045,Shubham Chauhan,Male,49,"Jaipur, Rajasthan",shubham.chauhan01045@example.com,9000001045,2016-04-21
G01046,Gaurav Rao,Male,55,"Mumbai, Maharashtra",gaurav.rao01046@example.com,9000001046,2022-03-03
G01047,Ishaan Sethi,Male,46,"Nashik, Maharashtra",ishaan.sethi01047@example.com,9000001047,2019-12-04
G01048,Trisha Malhotra,Female,21,"Ranchi, Jharkhand",trisha.malhotra01048@example.com,9000001048,2020-03-31
G01049,Preeti Mittal,Female,36,"Shimla, Himachal Pradesh",preeti.mittal01049@example.com,9000001049,2018-04-02
G01050,Divya Rao,Female,52,"Coimbatore, Tamil Nadu",divya.rao01050@example.com,9000001050,2022-06-07
G01051,Neha Dhingra,Female,27,"Mumbai, Maharashtra",neha.dhingra01051@example.com,9000001051,2017-07-17
G01052,Vikram Vohra,Male,35,"Nagpur, Maharashtra",vikram.vohra01052@example.com,9000001052,2024-03-04
G01053,Ishita Sethi,Female,23,"Chennai, Tamil Nadu",ishita.sethi01053@example.com,9000001053,2018-06-23
G01054,Shivani Mathur,Female,30,"Thiruvananthapuram, Kerala",shivani.mathur01054@example.com,9000001054,2019-03-05
G01055,Ritvik Gupta,Male,30,"Faridabad, Haryana",ritvik.gupta01055@example.com,9000001055,2018-08-04
G01056,Tanvi Mehta,Female,53,"Thiruvananthapuram, Kerala",tanvi.mehta01056@example.com,9000001056,2021-09-18
G01057,Deepak Choudhary,Male,42,"Goa, Goa",deepak.choudhary01057@example.com,9000001057,2023-03-28
G01058,Yash Dhingra,Male,46,"Dehradun, Uttarakhand",yash.dhingra01058@example.com,9000001058,2019-09-27
G01059,Myra Jain,Female,52,"Noida, Uttar Pradesh",myra.jain01059@example.com,9000001059,2016-03-25
G01060,Neha Chopra,Female,36,"Kochi, Kerala",neha.chopra01060@example.com,9000001060,2018-07-27
G01061,Aditya Vohra,Male,31,"Surat, Gujarat",aditya.vohra01061@example.com,9000001061,2023-08-25
G01062,Tanya Shah,Female,33,"Nagpur, Maharashtra",tanya.shah01062@example.com,9000001062,2023-04-20
G01063,Tanmay Sethi,Male,39,"Pune, Maharashtra",tanmay.sethi01063@example.com,9000001063,2018-04-01
G01064,Mohit Vohra,Male,57,"Thiruvananthapuram, Kerala",mohit.vohra01064@example.com,9000001064,2016-03-01
G01065,Tanmay Luthra,Male,27,"Mysuru, Karnataka",tanmay.luthra01065@example.com,9000001065,2018-05-31
G01066,Nikita Arora,Female,44,"Ranchi, Jharkhand",nikita.arora01066@example.com,9000001066,2021-09-03
G01067,Aditya Sengupta,Male,19,"Gurugram, Haryana",aditya.sengupta01067@example.com,9000001067,2022-05-30
G01068,Komal Tiwari,Female,54,"Lucknow, Uttar Pradesh",komal.tiwari01068@example.com,9000001068,2019-08-20
G01069,Raj Agarwal,Male,42,"Ahmedabad, Gujarat",raj.agarwal01069@example.com,9000001069,2019-09-13
G01070,Pooja Menon,Female,24,"Mumbai, Maharashtra",pooja.menon01070@example.com,9000001070,2022-07-22
G01071,Priya Naidu,Female,26,"Mumbai, Maharashtra",priya.naidu01071@example.com,9000001071,2016-10-07
G01072,Pranav Luthra,Male,38,"Bengaluru, Karnataka",pranav.luthra01072@example.com,9000001072,2017-11-18
G01073,Muskan Chopra,Female,63,"Ranchi, Jharkhand",muskan.chopra01073@example.com,9000001073,2023-09-20
G01074,Pooja Luthra,Female,50,"Chandigarh, Chandigarh",pooja.luthra01074@example.com,9000001074,2021-05-22
G01075,Komal Mukherjee,Female,36,"Gurugram, Haryana",komal.mukherjee01075@example.com,9000001075,2023-08-06
G01076,Aditya Ahuja,Male,55,"Jaipur, Rajasthan",aditya.ahuja01076@example.com,9000001076,2021-05-22
G01077,Shubham Luthra,Male,43,"Kolkata, West Bengal",shubham.luthra01077@example.com,9000001077,2021-03-05
G01078,Adit Yadav,Male,23,"Ahmedabad, Gujarat",adit.yadav01078@example.com,9000001078,2020-04-09
G01079,Aarohi Menon,Female,32,"Ahmedabad, Gujarat",aarohi.menon01079@example.com,9000001079,2019-10-11
G01080,Mayank Mehta,Male,57,"Surat, Gujarat",mayank.mehta01080@example.com,9000001080,2017-10-22
G01081,Isha Mishra,Female,18,"Pune, Maharashtra",isha.mishra01081@example.com,9000001081,2024-11-19
G01082,Kavya Mukherjee,Female,18,"Surat, Gujarat",kavya.mukherjee01082@example.com,9000001082,2021-09-08
G01083,Neeraj Reddy,Male,60,"Bengaluru, Karnataka",neeraj.reddy01083@example.com,9000001083,2021-10-06
G01084,Apoorva Bansal,Female,18,"New Delhi, Delhi",apoorva.bansal01084@example.com,9000001084,2020-09-14
G01085,Divya Sethi,Female,33,"Mumbai, Maharashtra",divya.sethi01085@example.com,9000001085,2020-03-29
G01086,Raghav Patel,Male,32,"New Delhi, Delhi",raghav.patel01086@example.com,9000001086,2023-12-25
G01087,Rohan Patel,Male,52,"Jaipur, Rajasthan",rohan.patel01087@example.com,9000001087,2020-07-18
G01088,Parth Banerjee,Male,23,"Pune, Maharashtra",parth.banerjee01088@example.com,9000001088,2021-10-02
G01089,Siddharth Nair,Male,52,"Kolkata, West Bengal",siddharth.nair01089@example.com,9000001089,2020-09-03
G01090,Manav Luthra,Male,58,"Kolkata, West Bengal",manav.luthra01090@example.com,9000001090,2022-03-06
G01091,Aarav Singh,Male,26,"Jaipur, Rajasthan",aarav.singh01091@example.com,9000001091,2022-10-04
G01092,Ritika Malhotra,Female,52,"Bhopal, Madhya Pradesh",ritika.malhotra01092@example.com,9000001092,2023-12-11
G01093,Manisha Agarwal,Female,24,"Bengaluru, Karnataka",manisha.agarwal01093@example.com,9000001093,2020-04-14
G01094,Vivek Kohli,Male,47,"Kolkata, West Bengal",vivek.kohli01094@example.com,9000001094,2022-03-17
G01095,Karan Vohra,Male,41,"Goa, Goa",karan.vohra01095@example.com,9000001095,2018-07-08
G01096,Yash Das,Male,45,"Hyderabad, Telangana",yash.das01096@example.com,9000001096,2020-12-23
G01097,Harsh Mishra,Male,44,"New Delhi, Delhi",harsh.mishra01097@example.com,9000001097,2019-08-31
G01098,Sanya Shetty,Female,52,"Ahmedabad, Gujarat",sanya.shetty01098@example.com,9000001098,2025-01-21
G01099,Saurabh Agarwal,Male,21,"Bengaluru, Karnataka",saurabh.agarwal01099@example.com,9000001099,2016-08-11
G01100,Ankit Luthra,Male,25,"Ranchi, Jharkhand",ankit.luthra01100@example.com,9000001100,2021-10-01
G01101,Karan Ghosh,Male,28,"Mysuru, Karnataka",karan.ghosh01101@example.com,9000001101,2023-04-15
G01102,Arjun Tiwari,Male,40,"Indore, Madhya Pradesh",arjun.tiwari01102@example.com,9000001102,2024-07-25
G01103,Harsh Kohli,Male,42,"Noida, Uttar Pradesh",harsh.kohli01103@example.com,9000001103,2022-02-08
G01104,Nisha Dhingra,Female,42,"Mumbai, Maharashtra",nisha.dhingra01104@example.com,9000001104,2016-03-04
G01105,Ayush Puri,Male,36,"New Delhi, Delhi",ayush.puri01105@example.com,9000001105,2016-03-04
G01106,Arjun Shah,Male,39,"Kochi, Kerala",arjun.shah01106@example.com,9000001106,2020-12-14
G01107,Aarav Thakur,Male,53,"New Delhi, Delhi",aarav.thakur01107@example.com,9000001107,2019-10-07
G01108,Shrey Gill,Other,37,"Bengaluru, Karnataka",shrey.gill01108@example.com,9000001108,2022-11-11
G01109,Sakshi Puri,Female,47,"Thiruvananthapuram, Kerala",sakshi.puri01109@example.com,9000001109,2021-07-14
G01110,Nisha Sengupta,Female,30,"Mumbai, Maharashtra",nisha.sengupta01110@example.com,9000001110,2017-07-10
G01111,Mohit Mukherjee,Male,29,"Bengaluru, Karnataka",mohit.mukherjee01111@example.com,9000001111,2016-01-25
G01112,Ujjwal Kohli,Male,44,"New Delhi, Delhi",ujjwal.kohli01112@example.com,9000001112,2020-05-16
G01113,Aarav Kapoor,Male,30,"Faridabad, Haryana",aarav.kapoor01113@example.com,9000001113,2020-10-02
G01114,Ritika Sodhi,Female,50,"New Delhi, Delhi",ritika.sodhi01114@example.com,9000001114,2016-06-02
G01115,Naveen Saxena,Male,19,"New Delhi, Delhi",naveen.saxena01115@example.com,9000001115,2019-03-02
G01116,Nikhil Shetty,Male,30,"Gurugram, Haryana",nikhil.shetty01116@example.com,9000001116,2020-11-14
G01117,Kavya Pillai,Female,56,"Mumbai, Maharashtra",kavya.pillai01117@example.com,9000001117,2021-04-21
G01118,Pooja Vohra,Female,54,"Dehradun, Uttarakhand",pooja.vohra01118@example.com,9000001118,2019-11-16
G01119,Mrunal Choudhary,Female,23,"Surat, Gujarat",mrunal.choudhary01119@example.com,9000001119,2018-10-28
G01120,Arjun Desai,Male,36,"Hyderabad, Telangana",arjun.desai01120@example.com,9000001120,2024-07-03
G01121,Karan Kohli,Male,60,"Chennai, Tamil Nadu",karan.kohli01121@example.com,9000001121,2016-08-03
G01122,Sonali Bhattacharya,Female,38,"Jaipur, Rajasthan",sonali.bhattacharya01122@example.com,9000001122,2020-03-24
G01123,Manav Yadav,Male,22,"Gurugram, Haryana",manav.yadav01123@example.com,9000001123,2021-04-18
G01124,Tanvi Das,Female,38,"Kochi, Kerala",tanvi.das01124@example.com,9000001124,2018-03-25
G01125,Pooja Shah,Female,33,"New Delhi, Delhi",pooja.shah01125@example.com,9000001125,2021-08-22
G01126,Isha Bhatia,Female,43,"Surat, Gujarat",isha.bhatia01126@example.com,9000001126,2019-06-12
G01127,Sonali Das,Female,38,"Bhubaneswar, Odisha",sonali.das01127@example.com,9000001127,2024-08-17
G01128,Trisha Ahuja,Female,39,"Chandigarh, Chandigarh",trisha.ahuja01128@example.com,9000001128,2018-12-21
G01129,Siddharth Sengupta,Male,32,"Noida, Uttar Pradesh",siddharth.sengupta01129@example.com,9000001129,2016-01-07
G01130,Trisha Rawat,Female,36,"New Delhi, Delhi",trisha.rawat01130@example.com,9000001130,2017-05-18
G01131,Shivani Verma,Female,73,"Shimla, Himachal Pradesh",shivani.verma01131@example.com,9000001131,2017-04-05
G01132,Ishita Malhotra,Female,18,"Mumbai, Maharashtra",ishita.malhotra01132@example.com,9000001132,2018-09-29
G01133,Dev Mehta,Male,65,"Chandigarh, Chandigarh",dev.mehta01133@example.com,9000001133,2019-06-30
G01134,Ayush Naidu,Male,32,"Nashik, Maharashtra",ayush.naidu01134@example.com,9000001134,2016-09-01
G01135,Nandini Kohli,Female,33,"Pune, Maharashtra",nandini.kohli01135@example.com,9000001135,2017-10-09
G01136,Shivani Srivastava,Female,26,"Patna, Bihar",shivani.srivastava01136@example.com,9000001136,2021-07-30
G01137,Nikhil Mishra,Male,29,"Bengaluru, Karnataka",nikhil.mishra01137@example.com,9000001137,2025-05-07
G01138,Dev Yadav,Male,38,"New Delhi, Delhi",dev.yadav01138@example.com,9000001138,2021-04-11
G01139,Tanmay Rawat,Male,55,"New Delhi, Delhi",tanmay.rawat01139@example.com,9000001139,2017-05-08
G01140,Mrunal Sengupta,Female,45,"Coimbatore, Tamil Nadu",mrunal.sengupta01140@example.com,9000001140,2017-02-11
G01141,Ankit Yadav,Male,19,"Hyderabad, Telangana",ankit.yadav01141@example.com,9000001141,2018-09-26
G01142,Amit Bansal,Male,44,"Jaipur, Rajasthan",amit.bansal01142@example.com,9000001142,2021-02-21
G01143,Saurabh Joshi,Male,58,"Ahmedabad, Gujarat",saurabh.joshi01143@example.com,9000001143,2020-12-10
G01144,Dhruv Sodhi,Male,29,"Bengaluru, Karnataka",dhruv.sodhi01144@example.com,9000001144,2017-04-27
G01145,Kriti Trivedi,Female,33,"New Delhi, Delhi",kriti.trivedi01145@example.com,9000001145,2024-04-06
G01146,Preeti Singh,Female,40,"Indore, Madhya Pradesh",preeti.singh01146@example.com,9000001146,2017-06-25
G01147,Neha Bansal,Female,51,"Kolkata, West Bengal",neha.bansal01147@example.com,9000001147,2017-12-23
G01148,Simran Mishra,Female,18,"Thiruvananthapuram, Kerala",simran.mishra01148@example.com,9000001148,2019-08-05
G01149,Aanya Agarwal,Female,40,"Mumbai, Maharashtra",aanya.agarwal01149@example.com,9000001149,2016-03-09
G01150,Saurabh Rao,Male,33,"Shimla, Himachal Pradesh",saurabh.rao01150@example.com,9000001150,2018-03-23
G01151,Shrey Mishra,Male,35,"Bhopal, Madhya Pradesh",shrey.mishra01151@example.com,9000001151,2016-05-30
G01152,Preeti Mathur,Female,43,"Shimla, Himachal Pradesh",preeti.mathur01152@example.com,9000001152,2021-12-20
G01153,Pooja Mishra,Female,68,"Chennai, Tamil Nadu",pooja.mishra01153@example.com,9000001153,2023-10-14
G01154,Sahil Das,Male,18,"Kolkata, West Bengal",sahil.das01154@example.com,9000001154,2018-10-06
G01155,Parth Rao,Male,38,"Jaipur, Rajasthan",parth.rao01155@example.com,9000001155,2018-04-21
G01156,Aarav Sethi,Male,40,"Bengaluru, Karnataka",aarav.sethi01156@example.com,9000001156,2023-08-09
G01157,Rahul Ghosh,Male,59,"Bengaluru, Karnataka",rahul.ghosh01157@example.com,9000001157,2024-11-15
G01158,Riya Chopra,Female,47,"Nagpur, Maharashtra",riya.chopra01158@example.com,9000001158,2016-12-18
G01159,Aditi Oberoi,Female,33,"Bengaluru, Karnataka",aditi.oberoi01159@example.com,9000001159,2019-10-24
G01160,Aman Banerjee,Male,27,"Mumbai, Maharashtra",aman.banerjee01160@example.com,9000001160,2023-08-30
G01161,Myra Kulkarni,Female,49,"Shimla, Himachal Pradesh",myra.kulkarni01161@example.com,9000001161,2025-01-02
G01162,Nikhil Kaur,Male,59,"Ahmedabad, Gujarat",nikhil.kaur01162@example.com,9000001162,2024-05-02
G01163,Nisha Trivedi,Female,47,"Chennai, Tamil Nadu",nisha.trivedi01163@example.com,9000001163,2019-03-04
G01164,Rohan Shetty,Male,19,"Bengaluru, Karnataka",rohan.shetty01164@example.com,9000001164,2022-01-01
G01165,Ritvik Arora,Male,50,"Ahmedabad, Gujarat",ritvik.arora01165@example.com,9000001165,2019-04-01
G01166,Dhruv Bhattacharya,Male,55,"Kolkata, West Bengal",dhruv.bhattacharya01166@example.com,9000001166,2022-10-26
G01167,Navya Bose,Female,25,"Shimla, Himachal Pradesh",navya.bose01167@example.com,9000001167,2021-01-26
G01168,Shalini Tiwari,Female,30,"Coimbatore, Tamil Nadu",shalini.tiwari01168@example.com,9000001168,2017-06-17
G01169,Aman Chopra,Male,58,"Pune, Maharashtra",aman.chopra01169@example.com,9000001169,2016-01-07
G01170,Harsh Das,Male,37,"Faridabad, Haryana",harsh.das01170@example.com,9000001170,2016-08-05
G01171,Kiara Malhotra,Female,21,"Mumbai, Maharashtra",kiara.malhotra01171@example.com,9000001171,2019-07-03
G01172,Manisha Oberoi,Female,43,"New Delhi, Delhi",manisha.oberoi01172@example.com,9000001172,2024-02-18
G01173,Tanya Ahuja,Female,52,"Coimbatore, Tamil Nadu",tanya.ahuja01173@example.com,9000001173,2020-07-21
G01174,Ananya Vohra,Female,57,"Nashik, Maharashtra",ananya.vohra01174@example.com,9000001174,2018-05-26
G01175,Shrey Dhingra,Male,52,"Kochi, Kerala",shrey.dhingra01175@example.com,9000001175,2021-02-01
G01176,Dhruv Mittal,Male,32,"Noida, Uttar Pradesh",dhruv.mittal01176@example.com,9000001176,2019-01-19
G01177,Siddharth Mittal,Male,39,"Bengaluru, Karnataka",siddharth.mittal01177@example.com,9000001177,2017-11-07
G01178,Juhi Rao,Female,32,"Noida, Uttar Pradesh",juhi.rao01178@example.com,9000001178,2016-01-13
G01179,Navya Ghosh,Female,45,"Gurugram, Haryana",navya.ghosh01179@example.com,9000001179,2020-02-28
G01180,Sakshi Jain,Female,22,"Bhopal, Madhya Pradesh",sakshi.jain01180@example.com,9000001180,2024-11-17
G01181,Nandini Trivedi,Female,31,"Hyderabad, Telangana",nandini.trivedi01181@example.com,9000001181,2016-07-25
G01182,Vivaan Mehta,Male,66,"Coimbatore, Tamil Nadu",vivaan.mehta01182@example.com,9000001182,2017-07-10
G01183,Nisha Chopra,Female,29,"Chennai, Tamil Nadu",nisha.chopra01183@example.com,9000001183,2020-05-07
G01184,Raghav Puri,Male,33,"Kochi, Kerala",raghav.puri01184@example.com,9000001184,2017-04-12
G01185,Naveen Gupta,Male,18,"Goa, Goa",naveen.gupta01185@example.com,9000001185,2018-03-19
G01186,Sakshi Agarwal,Female,35,"Kolkata, West Bengal",sakshi.agarwal01186@example.com,9000001186,2016-04-08
G01187,Riya Mehta,Female,35,"Bengaluru, Karnataka",riya.mehta01187@example.com,9000001187,2017-05-03
G01188,Aarav Chopra,Male,29,"Goa, Goa",aarav.chopra01188@example.com,9000001188,2016-06-22
G01189,Meera Arora,Female,42,"Gurugram, Haryana",meera.arora01189@example.com,9000001189,2017-03-16
G01190,Rishi Yadav,Male,30,"Lucknow, Uttar Pradesh",rishi.yadav01190@example.com,9000001190,2020-09-27
G01191,Raj Sodhi,Male,31,"Hyderabad, Telangana",raj.sodhi01191@example.com,9000001191,2022-09-16
G01192,Kavya Kaur,Female,38,"Thiruvananthapuram, Kerala",kavya.kaur01192@example.com,9000001192,2024-01-20
G01193,Bhavna Mehta,Female,48,"Indore, Madhya Pradesh",bhavna.mehta01193@example.com,9000001193,2021-12-13
G01194,Aanya Khatri,Female,21,"Hyderabad, Telangana",aanya.khatri01194@example.com,9000001194,2019-11-04
G01195,Dev Ghosh,Male,42,"Lucknow, Uttar Pradesh",dev.ghosh01195@example.com,9000001195,2018-01-30
G01196,Tanmay Sharma,Male,47,"Kochi, Kerala",tanmay.sharma01196@example.com,9000001196,2019-11-03
G01197,Meera Rawat,Female,46,"Chandigarh, Chandigarh",meera.rawat01197@example.com,9000001197,2021-11-09
G01198,Abhinav Rao,Male,50,"Bengaluru, Karnataka",abhinav.rao01198@example.com,9000001198,2020-09-18
G01199,Naveen Mathur,Male,57,"Jaipur, Rajasthan",naveen.mathur01199@example.com,9000001199,2016-01-23
G01200,Pooja Singh,Female,50,"Lucknow, Uttar Pradesh",pooja.singh01200@example.com,9000001200,2018-10-08
G01201,Mahi Naidu,Female,30,"Nashik, Maharashtra",mahi.naidu01201@example.com,9000001201,2017-05-31
G01202,Ritu Srivastava,Female,63,"Gurugram, Haryana",ritu.srivastava01202@example.com,9000001202,2016-06-06
G01203,Manav Pillai,Male,31,"Hyderabad, Telangana",manav.pillai01203@example.com,9000001203,2025-01-19
G01204,Shrey Bose,Male,38,"Mysuru, Karnataka",shrey.bose01204@example.com,9000001204,2022-03-30
G01205,Gaurav Gill,Male,49,"Dehradun, Uttarakhand",gaurav.gill01205@example.com,9000001205,2025-01-03
G01206,Swati Luthra,Female,37,"Kochi, Kerala",swati.luthra01206@example.com,9000001206,2019-05-14
G01207,Neha Tiwari,Female,44,"Udaipur, Rajasthan",neha.tiwari01207@example.com,9000001207,2021-10-06
G01208,Isha Thakur,Female,26,"Mysuru, Karnataka",isha.thakur01208@example.com,9000001208,2021-10-22
G01209,Saurabh Thakur,Male,39,"Surat, Gujarat",saurabh.thakur01209@example.com,9000001209,2018-06-01
G01210,Tanmay Malhotra,Male,20,"Kochi, Kerala",tanmay.malhotra01210@example.com,9000001210,2016-06-03
G01211,Ananya Arora,Female,52,"Chennai, Tamil Nadu",ananya.arora01211@example.com,9000001211,2020-03-20
G01212,Varun Iyer,Male,52,"Indore, Madhya Pradesh",varun.iyer01212@example.com,9000001212,2022-01-16
G01213,Saurabh Nair,Male,51,"Lucknow, Uttar Pradesh",saurabh.nair01213@example.com,9000001213,2020-09-02
G01214,Aarohi Das,Female,27,"Jaipur, Rajasthan",aarohi.das01214@example.com,9000001214,2016-10-20
G01215,Radhika Tiwari,Female,35,"Thiruvananthapuram, Kerala",radhika.tiwari01215@example.com,9000001215,2022-04-29
G01216,Mohit Kaur,Male,32,"Goa, Goa",mohit.kaur01216@example.com,9000001216,2020-02-25
G01217,Dev Chopra,Male,48,"Mumbai, Maharashtra",dev.chopra01217@example.com,9000001217,2017-01-17
G01218,Neeraj Kapoor,Male,37,"New Delhi, Delhi",neeraj.kapoor01218@example.com,9000001218,2020-05-16
G01219,Rohan Gill,Male,32,"Mumbai, Maharashtra",rohan.gill01219@example.com,9000001219,2022-06-11
G01220,Shalini Srivastava,Female,18,"Gurugram, Haryana",shalini.srivastava01220@example.com,9000001220,2021-01-21
G01221,Anika Sethi,Female,40,"Mumbai, Maharashtra",anika.sethi01221@example.com,9000001221,2025-07-24
G01222,Kunal Mittal,Male,47,"Coimbatore, Tamil Nadu",kunal.mittal01222@example.com,9000001222,2025-09-12
G01223,Ankit Chauhan,Male,40,"Bengaluru, Karnataka",ankit.chauhan01223@example.com,9000001223,2018-11-06
G01224,Ishita Sharma,Female,42,"Bhopal, Madhya Pradesh",ishita.sharma01224@example.com,9000001224,2020-10-25
G01225,Anika Arora,Female,34,"Bengaluru, Karnataka",anika.arora01225@example.com,9000001225,2025-06-27
G01226,Ishaan Ahuja,Male,18,"New Delhi, Delhi",ishaan.ahuja01226@example.com,9000001226,2022-05-11
G01227,Sanya Mehta,Female,28,"Shimla, Himachal Pradesh",sanya.mehta01227@example.com,9000001227,2020-11-06
G01228,Shalini Gill,Female,27,"Chandigarh, Chandigarh",shalini.gill01228@example.com,9000001228,2019-06-28
G01229,Ujjwal Mishra,Male,55,"Udaipur, Rajasthan",ujjwal.mishra01229@example.com,9000001229,2020-04-30
G01230,Amit Singh,Male,53,"Mumbai, Maharashtra",amit.singh01230@example.com,9000001230,2017-06-24
G01231,Arnav Srivastava,Male,46,"Chandigarh, Chandigarh",arnav.srivastava01231@example.com,9000001231,2019-08-17
G01232,Simran Khanna,Female,43,"Indore, Madhya Pradesh",simran.khanna01232@example.com,9000001232,2022-09-22
G01233,Swati Chopra,Female,46,"New Delhi, Delhi",swati.chopra01233@example.com,9000001233,2019-07-22
G01234,Naveen Bose,Male,38,"Kochi, Kerala",naveen.bose01234@example.com,9000001234,2022-03-13
G01235,Tarun Rawat,Male,45,"Ahmedabad, Gujarat",tarun.rawat01235@example.com,9000001235,2019-04-17
G01236,Ujjwal Tiwari,Male,37,"Noida, Uttar Pradesh",ujjwal.tiwari01236@example.com,9000001236,2025-05-31
G01237,Adit Shah,Male,28,"Dehradun, Uttarakhand",adit.shah01237@example.com,9000001237,2017-01-19
G01238,Kunal Thakur,Male,32,"Kolkata, West Bengal",kunal.thakur01238@example.com,9000001238,2022-03-15
G01239,Shreya Mehta,Female,45,"Mumbai, Maharashtra",shreya.mehta01239@example.com,9000001239,2019-01-06
G01240,Tarun Malhotra,Male,60,"Shimla, Himachal Pradesh",tarun.malhotra01240@example.com,9000001240,2022-07-26
G01241,Ujjwal Thakur,Male,34,"Nagpur, Maharashtra",ujjwal.thakur01241@example.com,9000001241,2022-03-16
G01242,Nisha Bose,Female,33,"Kolkata, West Bengal",nisha.bose01242@example.com,9000001242,2025-01-10
G01243,Aarav Menon,Male,50,"Dehradun, Uttarakhand",aarav.menon01243@example.com,9000001243,2023-03-30
G01244,Mrunal Joshi,Female,59,"Nagpur, Maharashtra",mrunal.joshi01244@example.com,9000001244,2021-02-16
G01245,Sakshi Sharma,Female,54,"Mumbai, Maharashtra",sakshi.sharma01245@example.com,9000001245,2018-08-28
G01246,Nikhil Khatri,Male,49,"Ranchi, Jharkhand",nikhil.khatri01246@example.com,9000001246,2023-09-22
G01247,Neeraj Naidu,Male,37,"Chennai, Tamil Nadu",neeraj.naidu01247@example.com,9000001247,2017-12-26
G01248,Muskan Ghosh,Female,18,"Shimla, Himachal Pradesh",muskan.ghosh01248@example.com,9000001248,2022-06-13
G01249,Kiara Dutta,Female,46,"Goa, Goa",kiara.dutta01249@example.com,9000001249,2021-01-12
G01250,Pranav Sodhi,Male,28,"Thiruvananthapuram, Kerala",pranav.sodhi01250@example.com,9000001250,2018-04-22
G01251,Komal Menon,Female,18,"Pune, Maharashtra",komal.menon01251@example.com,9000001251,2016-03-06
G01252,Aditi Bose,Female,31,"Kolkata, West Bengal",aditi.bose01252@example.com,9000001252,2021-03-10
G01253,Preeti Nair,Female,48,"Mysuru, Karnataka",preeti.nair01253@example.com,9000001253,2018-12-14
G01254,Kriti Mehta,Female,18,"Mumbai, Maharashtra",kriti.mehta01254@example.com,9000001254,2024-04-23
G01255,Karan Bansal,Male,53,"New Delhi, Delhi",karan.bansal01255@example.com,9000001255,2017-06-11
G01256,Neha Mishra,Female,50,"Gurugram, Haryana",neha.mishra01256@example.com,9000001256,2018-07-19
G01257,Yash Pillai,Male,40,"Hyderabad, Telangana",yash.pillai01257@example.com,9000001257,2019-04-24
G01258,Avni Das,Female,65,"Chennai, Tamil Nadu",avni.das01258@example.com,9000001258,2024-08-25
G01259,Tanya Khanna,Female,35,"Chennai, Tamil Nadu",tanya.khanna01259@example.com,9000001259,2020-11-01
G01260,Kiara Sinha,Female,51,"Nashik, Maharashtra",kiara.sinha01260@example.com,9000001260,2016-07-08
G01261,Meera Khatri,Female,29,"Faridabad, Haryana",meera.khatri01261@example.com,9000001261,2019-06-08
G01262,Nisha Rawat,Female,63,"Bengaluru, Karnataka",nisha.rawat01262@example.com,9000001262,2016-02-14
G01263,Kabir Joshi,Male,54,"Udaipur, Rajasthan",kabir.joshi01263@example.com,9000001263,2025-03-27
G01264,Sakshi Reddy,Female,31,"Lucknow, Uttar Pradesh",sakshi.reddy01264@example.com,9000001264,2023-02-27
G01265,Karan Rawat,Male,54,"Chennai, Tamil Nadu",karan.rawat01265@example.com,9000001265,2017-02-28
G01266,Tushar Singh,Male,42,"Noida, Uttar Pradesh",tushar.singh01266@example.com,9000001266,2021-05-04
G01267,Aarav Ghosh,Male,51,"Hyderabad, Telangana",aarav.ghosh01267@example.com,9000001267,2023-04-20
G01268,Dev Nair,Male,46,"Noida, Uttar Pradesh",dev.nair01268@example.com,9000001268,2021-06-09
G01269,Aman Patel,Male,18,"Gurugram, Haryana",aman.patel01269@example.com,9000001269,2019-12-25
G01270,Aarav Bose,Male,43,"Faridabad, Haryana",aarav.bose01270@example.com,9000001270,2019-05-03
G01271,Aarav Rawat,Male,64,"Mumbai, Maharashtra",aarav.rawat01271@example.com,9000001271,2023-12-04
G01272,Rohan Bhattacharya,Male,42,"Mumbai, Maharashtra",rohan.bhattacharya01272@example.com,9000001272,2018-09-30
G01273,Ritika Patel,Female,33,"Mumbai, Maharashtra",ritika.patel01273@example.com,9000001273,2021-01-02
G01274,Gaurav Banerjee,Male,50,"Jaipur, Rajasthan",gaurav.banerjee01274@example.com,9000001274,2024-09-05
G01275,Siddharth Bansal,Male,71,"Udaipur, Rajasthan",siddharth.bansal01275@example.com,9000001275,2023-10-03
G01276,Vivek Agarwal,Male,18,"Patna, Bihar",vivek.agarwal01276@example.com,9000001276,2018-03-16
G01277,Muskan Mukherjee,Female,51,"Coimbatore, Tamil Nadu",muskan.mukherjee01277@example.com,9000001277,2023-06-23
G01278,Tushar Sharma,Male,61,"Hyderabad, Telangana",tushar.sharma01278@example.com,9000001278,2017-02-09
G01279,Nikhil Mathur,Male,30,"Mysuru, Karnataka",nikhil.mathur01279@example.com,9000001279,2023-08-19
G01280,Sameer Sethi,Male,54,"Hyderabad, Telangana",sameer.sethi01280@example.com,9000001280,2021-06-28
G01281,Sanya Mittal,Female,18,"Nashik, Maharashtra",sanya.mittal01281@example.com,9000001281,2016-07-18
G01282,Tarun Ghosh,Male,44,"Bengaluru, Karnataka",tarun.ghosh01282@example.com,9000001282,2022-06-23
G01283,Isha Tiwari,Female,45,"Coimbatore, Tamil Nadu",isha.tiwari01283@example.com,9000001283,2018-05-14
G01284,Shreya Kaur,Female,42,"Dehradun, Uttarakhand",shreya.kaur01284@example.com,9000001284,2016-03-26
G01285,Ritvik Chopra,Male,44,"Noida, Uttar Pradesh",ritvik.chopra01285@example.com,9000001285,2016-08-24
G01286,Sameer Khanna,Male,45,"Nashik, Maharashtra",sameer.khanna01286@example.com,9000001286,2016-01-14
G01287,Myra Thakur,Female,25,"New Delhi, Delhi",myra.thakur01287@example.com,9000001287,2017-04-19
G01288,Adit Reddy,Male,44,"Patna, Bihar",adit.reddy01288@example.com,9000001288,2021-03-31
G01289,Vikram Bansal,Male,39,"Chandigarh, Chandigarh",vikram.bansal01289@example.com,9000001289,2018-07-16
G01290,Myra Ahuja,Female,51,"Bengaluru, Karnataka",myra.ahuja01290@example.com,9000001290,2025-02-09
G01291,Yash Chopra,Male,64,"Goa, Goa",yash.chopra01291@example.com,9000001291,2017-03-24
G01292,Ritika Kapoor,Female,32,"Jaipur, Rajasthan",ritika.kapoor01292@example.com,9000001292,2023-06-06
G01293,Raghav Rao,Male,42,"Goa, Goa",raghav.rao01293@example.com,9000001293,2024-01-02
G01294,Vikram Mehta,Male,33,"Mumbai, Maharashtra",vikram.mehta01294@example.com,9000001294,2016-07-02
G01295,Tarun Kaur,Male,30,"Ranchi, Jharkhand",tarun.kaur01295@example.com,9000001295,2020-12-17
G01296,Aarohi Choudhary,Female,48,"Chennai, Tamil Nadu",aarohi.choudhary01296@example.com,9000001296,2023-02-25
G01297,Neha Malhotra,Female,41,"Nashik, Maharashtra",neha.malhotra01297@example.com,9000001297,2018-03-08
G01298,Siddharth Srivastava,Male,40,"Indore, Madhya Pradesh",siddharth.srivastava01298@example.com,9000001298,2021-08-18
G01299,Ananya Pillai,Female,21,"Nagpur, Maharashtra",ananya.pillai01299@example.com,9000001299,2024-12-18
G01300,Amit Desai,Male,40,"Noida, Uttar Pradesh",amit.desai01300@example.com,9000001300,2019-05-13
G01301,Muskan Sethi,Female,39,"Kochi, Kerala",muskan.sethi01301@example.com,9000001301,2024-07-22
G01302,Raj Kaur,Male,57,"Surat, Gujarat",raj.kaur01302@example.com,9000001302,2020-06-22
G01303,Kiara Mittal,Female,60,"Mumbai, Maharashtra",kiara.mittal01303@example.com,9000001303,2017-07-09
G01304,Muskan Rawat,Female,42,"Bhubaneswar, Odisha",muskan.rawat01304@example.com,9000001304,2019-02-22
G01305,Vivek Trivedi,Male,30,"Mysuru, Karnataka",vivek.trivedi01305@example.com,9000001305,2018-05-14
G01306,Tarun Tiwari,Male,33,"Bhopal, Madhya Pradesh",tarun.tiwari01306@example.com,9000001306,2018-05-30
G01307,Kavya Thakur,Female,52,"Gurugram, Haryana",kavya.thakur01307@example.com,9000001307,2020-08-18
G01308,Apoorva Kohli,Female,63,"Ahmedabad, Gujarat",apoorva.kohli01308@example.com,9000001308,2017-09-14
G01309,Akash Dutta,Male,57,"Patna, Bihar",akash.dutta01309@example.com,9000001309,2017-08-04
G01310,Mayank Bhattacharya,Male,46,"Indore, Madhya Pradesh",mayank.bhattacharya01310@example.com,9000001310,2018-10-06
G01311,Rohan Sengupta,Male,43,"Faridabad, Haryana",rohan.sengupta01311@example.com,9000001311,2016-03-03
G01312,Ishaan Luthra,Male,38,"Bengaluru, Karnataka",ishaan.luthra01312@example.com,9000001312,2021-05-04
G01313,Kriti Menon,Female,38,"Noida, Uttar Pradesh",kriti.menon01313@example.com,9000001313,2017-10-26
G01314,Parth Shah,Male,36,"Gurugram, Haryana",parth.shah01314@example.com,9000001314,2020-02-20
G01315,Sonali Kapoor,Female,22,"Chandigarh, Chandigarh",sonali.kapoor01315@example.com,9000001315,2019-05-16
G01316,Nisha Ahuja,Other,47,"New Delhi, Delhi",nisha.ahuja01316@example.com,9000001316,2022-08-08
G01317,Mohit Reddy,Male,41,"Goa, Goa",mohit.reddy01317@example.com,9000001317,2025-02-05
G01318,Swati Puri,Female,49,"Pune, Maharashtra",swati.puri01318@example.com,9000001318,2023-08-26
G01319,Shreya Mittal,Female,45,"Ahmedabad, Gujarat",shreya.mittal01319@example.com,9000001319,2023-10-07
G01320,Saurabh Bose,Male,45,"Kolkata, West Bengal",saurabh.bose01320@example.com,9000001320,2020-01-23
G01321,Aditi Dhingra,Female,31,"Pune, Maharashtra",aditi.dhingra01321@example.com,9000001321,2016-02-08
G01322,Nikita Ghosh,Female,40,"Mysuru, Karnataka",nikita.ghosh01322@example.com,9000001322,2017-05-07
G01323,Sneha Reddy,Female,40,"Bengaluru, Karnataka",sneha.reddy01323@example.com,9000001323,2019-07-10
G01324,Adit Bhattacharya,Male,24,"Pune, Maharashtra",adit.bhattacharya01324@example.com,9000001324,2016-06-12
G01325,Varun Luthra,Male,19,"Thiruvananthapuram, Kerala",varun.luthra01325@example.com,9000001325,2018-05-27
G01326,Ritika Oberoi,Female,36,"Mumbai, Maharashtra",ritika.oberoi01326@example.com,9000001326,2018-06-28
G01327,Simran Gill,Female,27,"Patna, Bihar",simran.gill01327@example.com,9000001327,2021-02-22
G01328,Raj Singh,Male,37,"Mysuru, Karnataka",raj.singh01328@example.com,9000001328,2016-02-27
G01329,Manisha Thakur,Female,41,"Mysuru, Karnataka",manisha.thakur01329@example.com,9000001329,2024-11-19
G01330,Nikhil Ahuja,Male,34,"Lucknow, Uttar Pradesh",nikhil.ahuja01330@example.com,9000001330,2019-01-19
G01331,Siddharth Khatri,Other,45,"Lucknow, Uttar Pradesh",siddharth.khatri01331@example.com,9000001331,2022-07-17
G01332,Kriti Malhotra,Female,26,"Lucknow, Uttar Pradesh",kriti.malhotra01332@example.com,9000001332,2017-09-08
G01333,Manav Nair,Male,25,"Bengaluru, Karnataka",manav.nair01333@example.com,9000001333,2021-03-29
G01334,Ayush Gill,Male,61,"Lucknow, Uttar Pradesh",ayush.gill01334@example.com,9000001334,2016-05-21
G01335,Dhruv Sethi,Male,68,"Surat, Gujarat",dhruv.sethi01335@example.com,9000001335,2023-02-05
G01336,Naveen Puri,Male,36,"Bengaluru, Karnataka",naveen.puri01336@example.com,9000001336,2020-01-12
G01337,Kiara Chauhan,Female,30,"Goa, Goa",kiara.chauhan01337@example.com,9000001337,2022-06-17
G01338,Apoorva Tiwari,Female,51,"Bengaluru, Karnataka",apoorva.tiwari01338@example.com,9000001338,2017-12-03
G01339,Rishi Ghosh,Male,32,"Surat, Gujarat",rishi.ghosh01339@example.com,9000001339,2022-08-14
G01340,Abhinav Sethi,Male,44,"New Delhi, Delhi",abhinav.sethi01340@example.com,9000001340,2024-06-14
G01341,Rishi Thakur,Male,39,"Jaipur, Rajasthan",rishi.thakur01341@example.com,9000001341,2024-09-08
G01342,Rahul Joshi,Male,18,"Bengaluru, Karnataka",rahul.joshi01342@example.com,9000001342,2022-01-07
G01343,Vivaan Ghosh,Male,73,"Pune, Maharashtra",vivaan.ghosh01343@example.com,9000001343,2022-07-09
G01344,Ayush Joshi,Male,22,"Mumbai, Maharashtra",ayush.joshi01344@example.com,9000001344,2017-03-03
G01345,Gaurav Sharma,Male,43,"New Delhi, Delhi",gaurav.sharma01345@example.com,9000001345,2016-12-06
G01346,Muskan Malhotra,Female,29,"Chennai, Tamil Nadu",muskan.malhotra01346@example.com,9000001346,2021-05-25
G01347,Dev Bansal,Male,45,"Gurugram, Haryana",dev.bansal01347@example.com,9000001347,2021-09-06
G01348,Aditya Reddy,Male,47,"Surat, Gujarat",aditya.reddy01348@example.com,9000001348,2019-05-15
G01349,Divya Puri,Female,20,"Noida, Uttar Pradesh",divya.puri01349@example.com,9000001349,2020-01-22
G01350,Parth Malhotra,Male,18,"Hyderabad, Telangana",parth.malhotra01350@example.com,9000001350,2020-05-09
G01351,Anika Bhatia,Female,33,"New Delhi, Delhi",anika.bhatia01351@example.com,9000001351,2021-01-27
G01352,Ishaan Rawat,Male,38,"Nagpur, Maharashtra",ishaan.rawat01352@example.com,9000001352,2021-07-08
G01353,Ishaan Jain,Male,30,"Bhopal, Madhya Pradesh",ishaan.jain01353@example.com,9000001353,2018-04-11
G01354,Diya Shetty,Female,46,"Surat, Gujarat",diya.shetty01354@example.com,9000001354,2020-08-03
G01355,Shubham Oberoi,Male,49,"Thiruvananthapuram, Kerala",shubham.oberoi01355@example.com,9000001355,2020-01-10
G01356,Sonali Singh,Female,37,"Ahmedabad, Gujarat",sonali.singh01356@example.com,9000001356,2024-03-04
G01357,Kiara Menon,Female,39,"Goa, Goa",kiara.menon01357@example.com,9000001357,2022-01-09
G01358,Aanya Puri,Female,27,"Jaipur, Rajasthan",aanya.puri01358@example.com,9000001358,2024-05-24
G01359,Shalini Bhattacharya,Female,23,"Bhubaneswar, Odisha",shalini.bhattacharya01359@example.com,9000001359,2024-03-18
G01360,Myra Arora,Female,33,"Bengaluru, Karnataka",myra.arora01360@example.com,9000001360,2021-12-16
G01361,Preeti Sharma,Female,33,"Jaipur, Rajasthan",preeti.sharma01361@example.com,9000001361,2023-07-08
G01362,Vasudha Kulkarni,Female,43,"Mumbai, Maharashtra",vasudha.kulkarni01362@example.com,9000001362,2020-10-08
G01363,Rishi Tiwari,Male,29,"Ranchi, Jharkhand",rishi.tiwari01363@example.com,9000001363,2022-01-05
G01364,Rohan Puri,Male,35,"Noida, Uttar Pradesh",rohan.puri01364@example.com,9000001364,2025-06-09
G01365,Aditi Joshi,Female,49,"Gurugram, Haryana",aditi.joshi01365@example.com,9000001365,2017-12-23
G01366,Sameer Sinha,Male,25,"Noida, Uttar Pradesh",sameer.sinha01366@example.com,9000001366,2017-01-13
G01367,Neeraj Malhotra,Male,39,"Gurugram, Haryana",neeraj.malhotra01367@example.com,9000001367,2022-05-12
G01368,Shubham Mukherjee,Male,53,"Hyderabad, Telangana",shubham.mukherjee01368@example.com,9000001368,2018-10-13
G01369,Anika Kaur,Female,39,"Nashik, Maharashtra",anika.kaur01369@example.com,9000001369,2023-06-06
G01370,Nandini Shah,Female,50,"New Delhi, Delhi",nandini.shah01370@example.com,9000001370,2019-06-21
G01371,Arjun Puri,Male,30,"Chennai, Tamil Nadu",arjun.puri01371@example.com,9000001371,2020-01-07
G01372,Kiara Mehta,Female,35,"Mumbai, Maharashtra",kiara.mehta01372@example.com,9000001372,2024-04-11
G01373,Mahi Nair,Female,41,"Chandigarh, Chandigarh",mahi.nair01373@example.com,9000001373,2022-01-24
G01374,Anika Puri,Female,38,"Shimla, Himachal Pradesh",anika.puri01374@example.com,9000001374,2020-06-07
G01375,Rahul Bhatia,Male,41,"Chennai, Tamil Nadu",rahul.bhatia01375@example.com,9000001375,2023-05-24
G01376,Preeti Jain,Female,24,"Faridabad, Haryana",preeti.jain01376@example.com,9000001376,2019-05-30
G01377,Neha Luthra,Female,26,"Indore, Madhya Pradesh",neha.luthra01377@example.com,9000001377,2021-11-02
G01378,Naveen Chauhan,Male,37,"Hyderabad, Telangana",naveen.chauhan01378@example.com,9000001378,2024-09-12
G01379,Mayank Chauhan,Male,45,"Lucknow, Uttar Pradesh",mayank.chauhan01379@example.com,9000001379,2020-01-19
G01380,Ritvik Agarwal,Male,53,"Lucknow, Uttar Pradesh",ritvik.agarwal01380@example.com,9000001380,2021-12-09
G01381,Saurabh Ahuja,Male,18,"Dehradun, Uttarakhand",saurabh.ahuja01381@example.com,9000001381,2025-03-12
G01382,Nikita Pillai,Female,53,"Kolkata, West Bengal",nikita.pillai01382@example.com,9000001382,2022-03-21
G01383,Dev Banerjee,Male,32,"Kolkata, West Bengal",dev.banerjee01383@example.com,9000001383,2023-07-20
G01384,Juhi Rawat,Female,37,"Jaipur, Rajasthan",juhi.rawat01384@example.com,9000001384,2023-12-24
G01385,Karan Kapoor,Male,53,"Lucknow, Uttar Pradesh",karan.kapoor01385@example.com,9000001385,2018-02-21
G01386,Aditi Mittal,Female,33,"Gurugram, Haryana",aditi.mittal01386@example.com,9000001386,2016-07-16
G01387,Juhi Nair,Female,32,"Bengaluru, Karnataka",juhi.nair01387@example.com,9000001387,2025-01-20
G01388,Tanmay Thakur,Male,29,"Noida, Uttar Pradesh",tanmay.thakur01388@example.com,9000001388,2023-03-28
G01389,Diya Nair,Female,45,"Chandigarh, Chandigarh",diya.nair01389@example.com,9000001389,2018-09-30
G01390,Mayank Khatri,Male,52,"Gurugram, Haryana",mayank.khatri01390@example.com,9000001390,2016-06-06
G01391,Myra Saxena,Female,36,"Chennai, Tamil Nadu",myra.saxena01391@example.com,9000001391,2021-11-23
G01392,Manisha Patel,Female,35,"Hyderabad, Telangana",manisha.patel01392@example.com,9000001392,2021-05-01
G01393,Rishi Sodhi,Male,33,"Mumbai, Maharashtra",rishi.sodhi01393@example.com,9000001393,2024-02-21
G01394,Meera Bansal,Female,43,"Hyderabad, Telangana",meera.bansal01394@example.com,9000001394,2024-10-28
G01395,Priya Mittal,Female,45,"Bhubaneswar, Odisha",priya.mittal01395@example.com,9000001395,2018-03-05
G01396,Abhinav Naidu,Male,24,"Coimbatore, Tamil Nadu",abhinav.naidu01396@example.com,9000001396,2020-01-22
G01397,Deepak Bhattacharya,Male,18,"Bhubaneswar, Odisha",deepak.bhattacharya01397@example.com,9000001397,2019-11-07
G01398,Tanvi Kulkarni,Female,54,"Ahmedabad, Gujarat",tanvi.kulkarni01398@example.com,9000001398,2024-10-07
G01399,Siddharth Gill,Male,28,"Gurugram, Haryana",siddharth.gill01399@example.com,9000001399,2021-10-04
G01400,Rahul Naidu,Male,29,"Udaipur, Rajasthan",rahul.naidu01400@example.com,9000001400,2022-10-13
G01401,Mahi Banerjee,Female,43,"New Delhi, Delhi",mahi.banerjee01401@example.com,9000001401,2019-12-16
G01402,Ritika Sinha,Female,58,"Dehradun, Uttarakhand",ritika.sinha01402@example.com,9000001402,2022-07-26
G01403,Aarohi Thakur,Female,38,"Patna, Bihar",aarohi.thakur01403@example.com,9000001403,2021-04-15
G01404,Meera Naidu,Female,26,"Gurugram, Haryana",meera.naidu01404@example.com,9000001404,2017-05-03
G01405,Meera Kohli,Female,28,"Pune, Maharashtra",meera.kohli01405@example.com,9000001405,2019-08-31
G01406,Shubham Reddy,Male,46,"Goa, Goa",shubham.reddy01406@example.com,9000001406,2018-11-13
G01407,Vikram Singh,Male,22,"Pune, Maharashtra",vikram.singh01407@example.com,9000001407,2023-07-15
G01408,Ishita Dhingra,Female,34,"Indore, Madhya Pradesh",ishita.dhingra01408@example.com,9000001408,2019-03-21
G01409,Aanya Pillai,Female,28,"Kolkata, West Bengal",aanya.pillai01409@example.com,9000001409,2018-04-19
G01410,Naveen Khatri,Male,38,"Hyderabad, Telangana",naveen.khatri01410@example.com,9000001410,2018-09-26
G01411,Swati Sinha,Female,53,"Kolkata, West Bengal",swati.sinha01411@example.com,9000001411,2021-12-08
G01412,Arjun Sengupta,Male,19,"Coimbatore, Tamil Nadu",arjun.sengupta01412@example.com,9000001412,2018-10-20
G01413,Trisha Choudhary,Female,44,"Chennai, Tamil Nadu",trisha.choudhary01413@example.com,9000001413,2019-07-14
G01414,Sahil Kulkarni,Male,25,"Ranchi, Jharkhand",sahil.kulkarni01414@example.com,9000001414,2020-07-29
G01415,Bhavna Rao,Female,30,"Chennai, Tamil Nadu",bhavna.rao01415@example.com,9000001415,2021-11-13
G01416,Kunal Sengupta,Male,52,"Bhubaneswar, Odisha",kunal.sengupta01416@example.com,9000001416,2021-06-26
G01417,Meera Shetty,Female,43,"Chennai, Tamil Nadu",meera.shetty01417@example.com,9000001417,2017-05-25
G01418,Vasudha Trivedi,Female,68,"Gurugram, Haryana",vasudha.trivedi01418@example.com,9000001418,2016-11-29
G01419,Pooja Ahuja,Female,32,"Chandigarh, Chandigarh",pooja.ahuja01419@example.com,9000001419,2020-04-19
G01420,Mrunal Srivastava,Female,20,"Chennai, Tamil Nadu",mrunal.srivastava01420@example.com,9000001420,2018-05-09
G01421,Raghav Iyer,Male,39,"Shimla, Himachal Pradesh",raghav.iyer01421@example.com,9000001421,2016-03-20
G01422,Nikita Mathur,Female,44,"Indore, Madhya Pradesh",nikita.mathur01422@example.com,9000001422,2016-10-04
G01423,Pallavi Kaur,Female,18,"Mumbai, Maharashtra",pallavi.kaur01423@example.com,9000001423,2016-01-25
G01424,Sonali Bose,Female,57,"Ahmedabad, Gujarat",sonali.bose01424@example.com,9000001424,2016-08-12
G01425,Sanya Das,Female,37,"Goa, Goa",sanya.das01425@example.com,9000001425,2021-10-08
G01426,Myra Joshi,Female,43,"Nashik, Maharashtra",myra.joshi01426@example.com,9000001426,2018-06-09
G01427,Rohan Desai,Male,38,"Bhopal, Madhya Pradesh",rohan.desai01427@example.com,9000001427,2021-11-28
G01428,Sahil Desai,Male,18,"Thiruvananthapuram, Kerala",sahil.desai01428@example.com,9000001428,2018-12-27
G01429,Vikram Dhingra,Male,25,"Ahmedabad, Gujarat",vikram.dhingra01429@example.com,9000001429,2021-01-02
G01430,Rahul Kapoor,Male,28,"Surat, Gujarat",rahul.kapoor01430@example.com,9000001430,2021-10-04
G01431,Mayank Dhingra,Male,40,"Jaipur, Rajasthan",mayank.dhingra01431@example.com,9000001431,2023-10-17
G01432,Riya Kulkarni,Female,35,"Noida, Uttar Pradesh",riya.kulkarni01432@example.com,9000001432,2021-05-04
G01433,Akash Arora,Male,24,"Noida, Uttar Pradesh",akash.arora01433@example.com,9000001433,2024-08-11
G01434,Nikita Verma,Female,31,"Lucknow, Uttar Pradesh",nikita.verma01434@example.com,9000001434,2024-01-11
G01435,Kavya Sengupta,Female,47,"Bengaluru, Karnataka",kavya.sengupta01435@example.com,9000001435,2018-05-21
G01436,Sneha Mittal,Female,50,"Thiruvananthapuram, Kerala",sneha.mittal01436@example.com,9000001436,2022-08-25
G01437,Aarav Bhatia,Male,48,"Kochi, Kerala",aarav.bhatia01437@example.com,9000001437,2023-01-15
G01438,Mrunal Das,Female,52,"Nagpur, Maharashtra",mrunal.das01438@example.com,9000001438,2024-06-02
G01439,Mayank Verma,Male,30,"Bengaluru, Karnataka",mayank.verma01439@example.com,9000001439,2024-05-02
G01440,Aman Iyer,Male,32,"Bhubaneswar, Odisha",aman.iyer01440@example.com,9000001440,2023-01-12
G01441,Ishaan Ghosh,Male,23,"Bengaluru, Karnataka",ishaan.ghosh01441@example.com,9000001441,2017-06-22
G01442,Dev Jain,Male,37,"Bengaluru, Karnataka",dev.jain01442@example.com,9000001442,2021-06-04
G01443,Tanvi Sethi,Female,48,"Noida, Uttar Pradesh",tanvi.sethi01443@example.com,9000001443,2021-12-06
G01444,Ayush Nair,Male,43,"Bhopal, Madhya Pradesh",ayush.nair01444@example.com,9000001444,2017-08-07
G01445,Juhi Jain,Female,26,"Chennai, Tamil Nadu",juhi.jain01445@example.com,9000001445,2018-01-02
G01446,Shubham Khatri,Male,39,"Chennai, Tamil Nadu",shubham.khatri01446@example.com,9000001446,2025-10-21
G01447,Tushar Vohra,Male,18,"Gurugram, Haryana",tushar.vohra01447@example.com,9000001447,2023-08-05
G01448,Mrunal Khanna,Female,41,"Shimla, Himachal Pradesh",mrunal.khanna01448@example.com,9000001448,2018-03-24
G01449,Rishi Rawat,Male,56,"Bhubaneswar, Odisha",rishi.rawat01449@example.com,9000001449,2019-12-02
G01450,Kunal Sharma,Male,31,"Dehradun, Uttarakhand",kunal.sharma01450@example.com,9000001450,2020-08-01
G01451,Diya Mehta,Female,46,"Kolkata, West Bengal",diya.mehta01451@example.com,9000001451,2017-05-25
G01452,Ayush Bose,Male,38,"Shimla, Himachal Pradesh",ayush.bose01452@example.com,9000001452,2022-05-28
G01453,Ishita Rao,Female,37,"Bengaluru, Karnataka",ishita.rao01453@example.com,9000001453,2018-06-15
G01454,Anurag Shah,Male,44,"Bengaluru, Karnataka",anurag.shah01454@example.com,9000001454,2019-01-25
G01455,Ishita Gill,Female,18,"Mumbai, Maharashtra",ishita.gill01455@example.com,9000001455,2016-12-14
G01456,Preeti Gupta,Female,19,"Mumbai, Maharashtra",preeti.gupta01456@example.com,9000001456,2024-11-30
G01457,Mayank Gupta,Male,40,"New Delhi, Delhi",mayank.gupta01457@example.com,9000001457,2025-04-18
G01458,Karan Mukherjee,Male,44,"Chandigarh, Chandigarh",karan.mukherjee01458@example.com,9000001458,2025-04-17
G01459,Ankit Kaur,Male,37,"Faridabad, Haryana",ankit.kaur01459@example.com,9000001459,2022-10-17
G01460,Navya Bhatia,Female,39,"Ranchi, Jharkhand",navya.bhatia01460@example.com,9000001460,2022-05-18
G01461,Tanya Dutta,Female,37,"Chennai, Tamil Nadu",tanya.dutta01461@example.com,9000001461,2024-07-06
G01462,Raj Desai,Male,27,"Surat, Gujarat",raj.desai01462@example.com,9000001462,2017-06-14
G01463,Yash Gill,Male,50,"Dehradun, Uttarakhand",yash.gill01463@example.com,9000001463,2020-02-19
G01464,Raj Puri,Male,39,"Noida, Uttar Pradesh",raj.puri01464@example.com,9000001464,2018-08-26
G01465,Muskan Puri,Female,31,"Lucknow, Uttar Pradesh",muskan.puri01465@example.com,9000001465,2021-08-09
G01466,Ritika Mathur,Female,41,"Noida, Uttar Pradesh",ritika.mathur01466@example.com,9000001466,2018-10-11
G01467,Tarun Banerjee,Male,65,"Nagpur, Maharashtra",tarun.banerjee01467@example.com,9000001467,2016-04-23
G01468,Sneha Iyer,Female,30,"Noida, Uttar Pradesh",sneha.iyer01468@example.com,9000001468,2020-04-21
G01469,Ananya Kulkarni,Female,45,"Mumbai, Maharashtra",ananya.kulkarni01469@example.com,9000001469,2017-01-28
G01470,Nandini Puri,Female,21,"Lucknow, Uttar Pradesh",nandini.puri01470@example.com,9000001470,2017-11-20
G01471,Kunal Oberoi,Male,39,"Mysuru, Karnataka",kunal.oberoi01471@example.com,9000001471,2018-04-22
G01472,Varun Tiwari,Male,32,"Chandigarh, Chandigarh",varun.tiwari01472@example.com,9000001472,2024-12-05
G01473,Rohan Mishra,Male,36,"Bengaluru, Karnataka",rohan.mishra01473@example.com,9000001473,2024-02-05
G01474,Abhinav Ahuja,Male,52,"Lucknow, Uttar Pradesh",abhinav.ahuja01474@example.com,9000001474,2018-02-10
G01475,Naveen Arora,Male,44,"Gurugram, Haryana",naveen.arora01475@example.com,9000001475,2023-07-21
G01476,Nikhil Chopra,Male,51,"Shimla, Himachal Pradesh",nikhil.chopra01476@example.com,9000001476,2019-03-05
G01477,Sanya Gupta,Female,29,"Mumbai, Maharashtra",sanya.gupta01477@example.com,9000001477,2017-01-09
G01478,Juhi Oberoi,Other,21,"Pune, Maharashtra",juhi.oberoi01478@example.com,9000001478,2016-11-28
G01479,Nikhil Menon,Male,35,"Bhopal, Madhya Pradesh",nikhil.menon01479@example.com,9000001479,2019-11-22
G01480,Sakshi Rawat,Female,28,"Coimbatore, Tamil Nadu",sakshi.rawat01480@example.com,9000001480,2023-05-07
G01481,Myra Trivedi,Female,46,"Indore, Madhya Pradesh",myra.trivedi01481@example.com,9000001481,2025-01-28
G01482,Sahil Joshi,Male,55,"Chennai, Tamil Nadu",sahil.joshi01482@example.com,9000001482,2019-12-20
G01483,Kabir Bose,Male,41,"Mysuru, Karnataka",kabir.bose01483@example.com,9000001483,2021-01-26
G01484,Raghav Joshi,Male,57,"New Delhi, Delhi",raghav.joshi01484@example.com,9000001484,2024-03-26
G01485,Neha Mukherjee,Female,43,"Surat, Gujarat",neha.mukherjee01485@example.com,9000001485,2020-01-25
G01486,Shubham Rawat,Male,36,"Pune, Maharashtra",shubham.rawat01486@example.com,9000001486,2023-05-03
G01487,Tushar Malhotra,Male,44,"Mumbai, Maharashtra",tushar.malhotra01487@example.com,9000001487,2019-05-20
G01488,Rohan Singh,Male,37,"Shimla, Himachal Pradesh",rohan.singh01488@example.com,9000001488,2022-01-08
G01489,Parth Saxena,Male,49,"Mumbai, Maharashtra",parth.saxena01489@example.com,9000001489,2023-03-09
G01490,Kiara Banerjee,Female,18,"Ranchi, Jharkhand",kiara.banerjee01490@example.com,9000001490,2025-01-04
G01491,Rishi Das,Male,42,"Gurugram, Haryana",rishi.das01491@example.com,9000001491,2020-08-07
G01492,Dev Gill,Male,18,"Bhopal, Madhya Pradesh",dev.gill01492@example.com,9000001492,2021-03-21
G01493,Riya Rawat,Female,56,"Kochi, Kerala",riya.rawat01493@example.com,9000001493,2018-02-19
G01494,Ayush Khatri,Male,37,"Patna, Bihar",ayush.khatri01494@example.com,9000001494,2019-06-09
G01495,Gaurav Bhattacharya,Male,29,"Bengaluru, Karnataka",gaurav.bhattacharya01495@example.com,9000001495,2016-10-07
G01496,Vasudha Sengupta,Female,41,"Goa, Goa",vasudha.sengupta01496@example.com,9000001496,2017-05-25
G01497,Priya Puri,Female,27,"Surat, Gujarat",priya.puri01497@example.com,9000001497,2019-03-26
G01498,Manisha Bhatia,Female,43,"Udaipur, Rajasthan",manisha.bhatia01498@example.com,9000001498,2017-11-12
G01499,Mayank Bose,Male,35,"Gurugram, Haryana",mayank.bose01499@example.com,9000001499,2017-02-15
G01500,Manav Kaur,Male,32,"Coimbatore, Tamil Nadu",manav.kaur01500@example.com,9000001500,2016-02-10
G01501,Aarohi Sharma,Female,41,"Lucknow, Uttar Pradesh",aarohi.sharma01501@example.com,9000001501,2021-11-30
G01502,Shivani Kohli,Female,38,"Hyderabad, Telangana",shivani.kohli01502@example.com,9000001502,2020-08-26
G01503,Raghav Mathur,Male,47,"Nagpur, Maharashtra",raghav.mathur01503@example.com,9000001503,2018-12-07
G01504,Sameer Puri,Male,63,"Pune, Maharashtra",sameer.puri01504@example.com,9000001504,2021-12-30
G01505,Abhinav Ghosh,Male,38,"Chennai, Tamil Nadu",abhinav.ghosh01505@example.com,9000001505,2021-09-14
G01506,Siddharth Bose,Male,39,"New Delhi, Delhi",siddharth.bose01506@example.com,9000001506,2020-03-16
G01507,Rahul Mathur,Male,22,"Hyderabad, Telangana",rahul.mathur01507@example.com,9000001507,2016-10-16
G01508,Ankit Sengupta,Male,66,"Jaipur, Rajasthan",ankit.sengupta01508@example.com,9000001508,2018-01-06
G01509,Nikhil Patel,Male,46,"Bhubaneswar, Odisha",nikhil.patel01509@example.com,9000001509,2017-06-24
G01510,Aditi Verma,Female,29,"Bengaluru, Karnataka",aditi.verma01510@example.com,9000001510,2020-02-28
G01511,Vivaan Trivedi,Male,48,"Noida, Uttar Pradesh",vivaan.trivedi01511@example.com,9000001511,2020-04-24
G01512,Kavya Kulkarni,Female,38,"Patna, Bihar",kavya.kulkarni01512@example.com,9000001512,2021-02-05
G01513,Kabir Khatri,Male,39,"Hyderabad, Telangana",kabir.khatri01513@example.com,9000001513,2021-07-16
G01514,Ritika Srivastava,Female,18,"Chandigarh, Chandigarh",ritika.srivastava01514@example.com,9000001514,2019-04-28
G01515,Isha Khatri,Female,47,"Surat, Gujarat",isha.khatri01515@example.com,9000001515,2019-01-31
G01516,Aanya Choudhary,Female,35,"Lucknow, Uttar Pradesh",aanya.choudhary01516@example.com,9000001516,2022-12-10
G01517,Vasudha Ghosh,Female,38,"Bengaluru, Karnataka",vasudha.ghosh01517@example.com,9000001517,2017-11-12
G01518,Gaurav Luthra,Male,20,"Dehradun, Uttarakhand",gaurav.luthra01518@example.com,9000001518,2023-06-03
G01519,Ishaan Bose,Male,40,"Surat, Gujarat",ishaan.bose01519@example.com,9000001519,2018-10-15
G01520,Kiara Gill,Female,34,"Bhopal, Madhya Pradesh",kiara.gill01520@example.com,9000001520,2020-03-06
G01521,Pallavi Malhotra,Female,43,"Pune, Maharashtra",pallavi.malhotra01521@example.com,9000001521,2022-07-05
G01522,Raghav Vohra,Male,40,"Bengaluru, Karnataka",raghav.vohra01522@example.com,9000001522,2022-03-29
G01523,Shubham Desai,Male,26,"Ahmedabad, Gujarat",shubham.desai01523@example.com,9000001523,2016-04-20
G01524,Aditya Luthra,Male,39,"Hyderabad, Telangana",aditya.luthra01524@example.com,9000001524,2019-10-27
G01525,Sonali Vohra,Female,39,"Mumbai, Maharashtra",sonali.vohra01525@example.com,9000001525,2021-11-06
G01526,Karan Chopra,Male,37,"Hyderabad, Telangana",karan.chopra01526@example.com,9000001526,2016-05-09
G01527,Riya Jain,Female,59,"Dehradun, Uttarakhand",riya.jain01527@example.com,9000001527,2016-03-14
G01528,Rohan Chauhan,Male,32,"Chennai, Tamil Nadu",rohan.chauhan01528@example.com,9000001528,2022-01-06
G01529,Rahul Patel,Male,18,"Gurugram, Haryana",rahul.patel01529@example.com,9000001529,2018-04-29
G01530,Meera Yadav,Female,19,"Ahmedabad, Gujarat",meera.yadav01530@example.com,9000001530,2020-05-17
G01531,Pranav Pillai,Male,37,"Kolkata, West Bengal",pranav.pillai01531@example.com,9000001531,2022-04-22
G01532,Isha Srivastava,Female,55,"Chandigarh, Chandigarh",isha.srivastava01532@example.com,9000001532,2025-03-29
G01533,Nisha Bhattacharya,Female,54,"Chennai, Tamil Nadu",nisha.bhattacharya01533@example.com,9000001533,2021-01-04
G01534,Manav Sengupta,Male,37,"New Delhi, Delhi",manav.sengupta01534@example.com,9000001534,2018-02-05
G01535,Ritika Sengupta,Female,40,"Bengaluru, Karnataka",ritika.sengupta01535@example.com,9000001535,2023-06-04
G01536,Myra Chauhan,Female,40,"Udaipur, Rajasthan",myra.chauhan01536@example.com,9000001536,2025-01-11
G01537,Neha Sinha,Female,47,"Lucknow, Uttar Pradesh",neha.sinha01537@example.com,9000001537,2019-01-15
G01538,Sahil Saxena,Male,22,"Lucknow, Uttar Pradesh",sahil.saxena01538@example.com,9000001538,2017-12-18
G01539,Yash Sengupta,Male,52,"Bengaluru, Karnataka",yash.sengupta01539@example.com,9000001539,2024-03-14
G01540,Isha Mathur,Female,52,"Kolkata, West Bengal",isha.mathur01540@example.com,9000001540,2018-08-10
G01541,Raj Das,Male,53,"Ranchi, Jharkhand",raj.das01541@example.com,9000001541,2018-07-04
G01542,Swati Thakur,Female,50,"Jaipur, Rajasthan",swati.thakur01542@example.com,9000001542,2022-10-01
G01543,Ishita Bhatia,Female,50,"Bhopal, Madhya Pradesh",ishita.bhatia01543@example.com,9000001543,2018-01-15
G01544,Ayush Malhotra,Male,48,"Mysuru, Karnataka",ayush.malhotra01544@example.com,9000001544,2025-04-02
G01545,Varun Pillai,Male,24,"Ahmedabad, Gujarat",varun.pillai01545@example.com,9000001545,2018-05-11
G01546,Tarun Patel,Male,34,"Lucknow, Uttar Pradesh",tarun.patel01546@example.com,9000001546,2017-11-14
G01547,Kiara Singh,Female,18,"Lucknow, Uttar Pradesh",kiara.singh01547@example.com,9000001547,2020-07-15
G01548,Gaurav Mehta,Male,30,"Bhubaneswar, Odisha",gaurav.mehta01548@example.com,9000001548,2019-12-13
G01549,Ishita Trivedi,Other,18,"Chandigarh, Chandigarh",ishita.trivedi01549@example.com,9000001549,2022-10-12
G01550,Shreya Menon,Female,33,"Hyderabad, Telangana",shreya.menon01550@example.com,9000001550,2022-11-24
G01551,Saurabh Trivedi,Male,52,"Nashik, Maharashtra",saurabh.trivedi01551@example.com,9000001551,2016-04-09
G01552,Mohit Choudhary,Male,75,"Ahmedabad, Gujarat",mohit.choudhary01552@example.com,9000001552,2019-12-08
G01553,Vivek Arora,Male,47,"New Delhi, Delhi",vivek.arora01553@example.com,9000001553,2023-11-18
G01554,Riya Menon,Female,63,"Bengaluru, Karnataka",riya.menon01554@example.com,9000001554,2016-08-25
G01555,Dhruv Arora,Male,55,"New Delhi, Delhi",dhruv.arora01555@example.com,9000001555,2016-06-19
G01556,Shivani Arora,Female,54,"Jaipur, Rajasthan",shivani.arora01556@example.com,9000001556,2022-02-11
G01557,Parth Bansal,Male,38,"Bengaluru, Karnataka",parth.bansal01557@example.com,9000001557,2025-03-10
G01558,Myra Bose,Female,28,"Pune, Maharashtra",myra.bose01558@example.com,9000001558,2016-07-09
G01559,Deepak Dhingra,Male,39,"Mysuru, Karnataka",deepak.dhingra01559@example.com,9000001559,2020-06-20
G01560,Sahil Patel,Male,32,"Bengaluru, Karnataka",sahil.patel01560@example.com,9000001560,2019-05-26
G01561,Rahul Kohli,Male,41,"Goa, Goa",rahul.kohli01561@example.com,9000001561,2016-09-05
G01562,Ayush Rawat,Male,34,"Bengaluru, Karnataka",ayush.rawat01562@example.com,9000001562,2020-04-07
G01563,Tanya Singh,Female,64,"Surat, Gujarat",tanya.singh01563@example.com,9000001563,2019-08-23
G01564,Myra Mehta,Female,18,"Mumbai, Maharashtra",myra.mehta01564@example.com,9000001564,2018-09-05
G01565,Mayank Mukherjee,Male,44,"Surat, Gujarat",mayank.mukherjee01565@example.com,9000001565,2016-05-13
G01566,Harsh Chopra,Male,35,"Goa, Goa",harsh.chopra01566@example.com,9000001566,2017-11-02
G01567,Pranav Shetty,Male,51,"Lucknow, Uttar Pradesh",pranav.shetty01567@example.com,9000001567,2024-06-16
G01568,Juhi Gupta,Female,54,"Thiruvananthapuram, Kerala",juhi.gupta01568@example.com,9000001568,2025-11-05
G01569,Anika Vohra,Female,43,"New Delhi, Delhi",anika.vohra01569@example.com,9000001569,2016-11-03
G01570,Ananya Srivastava,Female,43,"Jaipur, Rajasthan",ananya.srivastava01570@example.com,9000001570,2016-11-18
G01571,Arjun Kohli,Male,30,"Faridabad, Haryana",arjun.kohli01571@example.com,9000001571,2023-04-05
G01572,Avni Nair,Female,32,"Patna, Bihar",avni.nair01572@example.com,9000001572,2017-12-12
G01573,Ananya Khatri,Female,44,"Ranchi, Jharkhand",ananya.khatri01573@example.com,9000001573,2021-09-14
G01574,Diya Pillai,Female,42,"Chennai, Tamil Nadu",diya.pillai01574@example.com,9000001574,2022-07-30
G01575,Trisha Nair,Female,46,"New Delhi, Delhi",trisha.nair01575@example.com,9000001575,2021-06-16
G01576,Kriti Kulkarni,Female,67,"Nagpur, Maharashtra",kriti.kulkarni01576@example.com,9000001576,2018-07-23
G01577,Akash Yadav,Male,18,"Bhopal, Madhya Pradesh",akash.yadav01577@example.com,9000001577,2019-03-24
G01578,Varun Chopra,Male,33,"Jaipur, Rajasthan",varun.chopra01578@example.com,9000001578,2022-05-13
G01579,Parth Srivastava,Male,36,"Nashik, Maharashtra",parth.srivastava01579@example.com,9000001579,2018-12-09
G01580,Nisha Sinha,Female,65,"Mumbai, Maharashtra",nisha.sinha01580@example.com,9000001580,2024-06-03
G01581,Apoorva Chopra,Female,20,"Goa, Goa",apoorva.chopra01581@example.com,9000001581,2019-06-15
G01582,Raghav Tiwari,Other,56,"Ahmedabad, Gujarat",raghav.tiwari01582@example.com,9000001582,2016-08-16
G01583,Abhinav Khanna,Male,62,"Kolkata, West Bengal",abhinav.khanna01583@example.com,9000001583,2021-11-21
G01584,Tushar Naidu,Male,45,"Patna, Bihar",tushar.naidu01584@example.com,9000001584,2022-02-24
G01585,Deepak Tiwari,Male,31,"Chennai, Tamil Nadu",deepak.tiwari01585@example.com,9000001585,2022-11-16
G01586,Pooja Kulkarni,Female,25,"Mumbai, Maharashtra",pooja.kulkarni01586@example.com,9000001586,2023-05-06
G01587,Shrey Luthra,Male,37,"Mumbai, Maharashtra",shrey.luthra01587@example.com,9000001587,2022-01-11
G01588,Saurabh Malhotra,Male,41,"Dehradun, Uttarakhand",saurabh.malhotra01588@example.com,9000001588,2022-09-15
G01589,Muskan Joshi,Female,38,"Jaipur, Rajasthan",muskan.joshi01589@example.com,9000001589,2022-02-26
G01590,Diya Bhattacharya,Female,30,"Hyderabad, Telangana",diya.bhattacharya01590@example.com,9000001590,2023-12-04
G01591,Ayush Desai,Male,42,"Indore, Madhya Pradesh",ayush.desai01591@example.com,9000001591,2020-06-15
G01592,Nikita Luthra,Female,32,"Chennai, Tamil Nadu",nikita.luthra01592@example.com,9000001592,2021-01-29
G01593,Tanya Jain,Female,40,"Hyderabad, Telangana",tanya.jain01593@example.com,9000001593,2018-08-02
G01594,Komal Reddy,Female,45,"Kochi, Kerala",komal.reddy01594@example.com,9000001594,2019-01-02
G01595,Sanya Srivastava,Female,49,"Kolkata, West Bengal",sanya.srivastava01595@example.com,9000001595,2019-03-21
G01596,Simran Choudhary,Female,18,"Udaipur, Rajasthan",simran.choudhary01596@example.com,9000001596,2019-10-20
G01597,Naveen Trivedi,Male,42,"Bhubaneswar, Odisha",naveen.trivedi01597@example.com,9000001597,2018-04-23
G01598,Shivani Saxena,Female,47,"Noida, Uttar Pradesh",shivani.saxena01598@example.com,9000001598,2022-04-27
G01599,Manisha Tiwari,Female,31,"Jaipur, Rajasthan",manisha.tiwari01599@example.com,9000001599,2016-12-01
G01600,Ishaan Singh,Male,41,"Gurugram, Haryana",ishaan.singh01600@example.com,9000001600,2020-01-17
G01601,Sahil Nair,Male,31,"Bengaluru, Karnataka",sahil.nair01601@example.com,9000001601,2016-11-20
G01602,Payal Desai,Female,18,"Chennai, Tamil Nadu",payal.desai01602@example.com,9000001602,2019-03-28
G01603,Ayush Mittal,Male,47,"Nagpur, Maharashtra",ayush.mittal01603@example.com,9000001603,2023-11-02
G01604,Meera Joshi,Female,36,"Jaipur, Rajasthan",meera.joshi01604@example.com,9000001604,2025-07-04
G01605,Neeraj Mittal,Male,26,"Mumbai, Maharashtra",neeraj.mittal01605@example.com,9000001605,2023-07-22
G01606,Vikram Oberoi,Male,27,"Gurugram, Haryana",vikram.oberoi01606@example.com,9000001606,2019-08-14
G01607,Naveen Yadav,Male,51,"Mumbai, Maharashtra",naveen.yadav01607@example.com,9000001607,2020-08-26
G01608,Amit Ghosh,Male,40,"Bhubaneswar, Odisha",amit.ghosh01608@example.com,9000001608,2020-04-20
G01609,Riya Sodhi,Female,31,"Chennai, Tamil Nadu",riya.sodhi01609@example.com,9000001609,2018-09-17
G01610,Anurag Ahuja,Male,40,"Bengaluru, Karnataka",anurag.ahuja01610@example.com,9000001610,2019-06-07
G01611,Shubham Ghosh,Male,55,"New Delhi, Delhi",shubham.ghosh01611@example.com,9000001611,2021-08-23
G01612,Bhavna Oberoi,Female,36,"Coimbatore, Tamil Nadu",bhavna.oberoi01612@example.com,9000001612,2018-11-08
G01613,Mohit Kapoor,Male,44,"Thiruvananthapuram, Kerala",mohit.kapoor01613@example.com,9000001613,2022-03-04
G01614,Payal Sinha,Female,41,"Indore, Madhya Pradesh",payal.sinha01614@example.com,9000001614,2018-11-21
G01615,Aman Bhattacharya,Male,48,"Kochi, Kerala",aman.bhattacharya01615@example.com,9000001615,2017-01-01
G01616,Raghav Bansal,Male,29,"Pune, Maharashtra",raghav.bansal01616@example.com,9000001616,2017-03-31
G01617,Ishita Bansal,Other,47,"Bengaluru, Karnataka",ishita.bansal01617@example.com,9000001617,2023-05-28
G01618,Preeti Ghosh,Female,40,"Bhopal, Madhya Pradesh",preeti.ghosh01618@example.com,9000001618,2021-02-06
G01619,Ritvik Reddy,Male,22,"Kolkata, West Bengal",ritvik.reddy01619@example.com,9000001619,2019-06-23
G01620,Sakshi Naidu,Female,53,"Hyderabad, Telangana",sakshi.naidu01620@example.com,9000001620,2016-09-11
G01621,Tushar Choudhary,Male,47,"Chandigarh, Chandigarh",tushar.choudhary01621@example.com,9000001621,2022-06-06
G01622,Ujjwal Luthra,Male,34,"Surat, Gujarat",ujjwal.luthra01622@example.com,9000001622,2020-06-16
G01623,Bhavna Bhatia,Female,62,"Goa, Goa",bhavna.bhatia01623@example.com,9000001623,2018-10-28
G01624,Juhi Khatri,Female,46,"Pune, Maharashtra",juhi.khatri01624@example.com,9000001624,2022-10-30
G01625,Sonali Thakur,Female,40,"Noida, Uttar Pradesh",sonali.thakur01625@example.com,9000001625,2021-05-05
G01626,Kabir Verma,Male,37,"New Delhi, Delhi",kabir.verma01626@example.com,9000001626,2023-07-06
G01627,Sameer Jain,Male,36,"Bengaluru, Karnataka",sameer.jain01627@example.com,9000001627,2016-08-06
G01628,Myra Sharma,Female,40,"Bengaluru, Karnataka",myra.sharma01628@example.com,9000001628,2019-06-30
G01629,Deepak Agarwal,Male,30,"Pune, Maharashtra",deepak.agarwal01629@example.com,9000001629,2020-08-08
G01630,Tanya Arora,Female,38,"Patna, Bihar",tanya.arora01630@example.com,9000001630,2019-05-11
G01631,Ritvik Kohli,Male,28,"Bhopal, Madhya Pradesh",ritvik.kohli01631@example.com,9000001631,2017-01-31
G01632,Nisha Banerjee,Other,28,"Hyderabad, Telangana",nisha.banerjee01632@example.com,9000001632,2022-04-25
G01633,Avni Joshi,Female,36,"Bhopal, Madhya Pradesh",avni.joshi01633@example.com,9000001633,2024-02-28
G01634,Kunal Dhingra,Other,27,"Ahmedabad, Gujarat",kunal.dhingra01634@example.com,9000001634,2017-02-14
G01635,Vivaan Srivastava,Male,22,"Kolkata, West Bengal",vivaan.srivastava01635@example.com,9000001635,2025-06-26
G01636,Pooja Rao,Female,46,"Nagpur, Maharashtra",pooja.rao01636@example.com,9000001636,2022-04-15
G01637,Nikhil Desai,Male,46,"Bengaluru, Karnataka",nikhil.desai01637@example.com,9000001637,2025-10-06
G01638,Harsh Khanna,Male,58,"Chennai, Tamil Nadu",harsh.khanna01638@example.com,9000001638,2024-11-20
G01639,Ritika Singh,Female,43,"Mumbai, Maharashtra",ritika.singh01639@example.com,9000001639,2023-08-31
G01640,Sahil Mukherjee,Male,28,"Faridabad, Haryana",sahil.mukherjee01640@example.com,9000001640,2023-02-27
G01641,Saurabh Patel,Male,40,"Indore, Madhya Pradesh",saurabh.patel01641@example.com,9000001641,2018-01-29
G01642,Pranav Ghosh,Male,38,"Coimbatore, Tamil Nadu",pranav.ghosh01642@example.com,9000001642,2019-06-23
G01643,Pallavi Vohra,Female,40,"Mysuru, Karnataka",pallavi.vohra01643@example.com,9000001643,2018-08-24
G01644,Pranav Puri,Male,27,"Faridabad, Haryana",pranav.puri01644@example.com,9000001644,2019-08-17
G01645,Priya Dhingra,Female,18,"Ahmedabad, Gujarat",priya.dhingra01645@example.com,9000001645,2017-08-03
G01646,Navya Rao,Female,54,"Mumbai, Maharashtra",navya.rao01646@example.com,9000001646,2021-06-27
G01647,Simran Kapoor,Female,18,"Kochi, Kerala",simran.kapoor01647@example.com,9000001647,2023-11-09
G01648,Arjun Kaur,Male,33,"Chennai, Tamil Nadu",arjun.kaur01648@example.com,9000001648,2020-01-29
G01649,Manav Kohli,Male,40,"Gurugram, Haryana",manav.kohli01649@example.com,9000001649,2019-05-28
G01650,Akash Rawat,Male,42,"Mysuru, Karnataka",akash.rawat01650@example.com,9000001650,2019-04-17
G01651,Vivaan Mathur,Male,32,"Lucknow, Uttar Pradesh",vivaan.mathur01651@example.com,9000001651,2019-09-30
G01652,Tanmay Rao,Male,56,"Indore, Madhya Pradesh",tanmay.rao01652@example.com,9000001652,2024-08-16
G01653,Kiara Yadav,Female,46,"Chandigarh, Chandigarh",kiara.yadav01653@example.com,9000001653,2023-04-19
G01654,Sanya Menon,Female,37,"Mumbai, Maharashtra",sanya.menon01654@example.com,9000001654,2018-01-26
G01655,Sonali Desai,Female,21,"Bengaluru, Karnataka",sonali.desai01655@example.com,9000001655,2018-09-29
G01656,Tushar Gupta,Male,47,"Bengaluru, Karnataka",tushar.gupta01656@example.com,9000001656,2024-07-14
G01657,Sneha Sodhi,Female,40,"Hyderabad, Telangana",sneha.sodhi01657@example.com,9000001657,2020-02-04
G01658,Vivaan Yadav,Other,34,"Ahmedabad, Gujarat",vivaan.yadav01658@example.com,9000001658,2025-11-27
G01659,Kavya Kohli,Female,30,"Nashik, Maharashtra",kavya.kohli01659@example.com,9000001659,2021-02-06
G01660,Pooja Oberoi,Female,51,"Mumbai, Maharashtra",pooja.oberoi01660@example.com,9000001660,2022-08-08
G01661,Aarohi Dhingra,Female,55,"Surat, Gujarat",aarohi.dhingra01661@example.com,9000001661,2024-01-10
G01662,Rishi Menon,Male,32,"Mumbai, Maharashtra",rishi.menon01662@example.com,9000001662,2024-10-29
G01663,Vivek Sinha,Male,34,"Lucknow, Uttar Pradesh",vivek.sinha01663@example.com,9000001663,2021-02-24
G01664,Kabir Jain,Male,30,"Lucknow, Uttar Pradesh",kabir.jain01664@example.com,9000001664,2017-09-18
G01665,Kavya Kapoor,Female,36,"Coimbatore, Tamil Nadu",kavya.kapoor01665@example.com,9000001665,2020-12-02
G01666,Sameer Luthra,Male,22,"Kolkata, West Bengal",sameer.luthra01666@example.com,9000001666,2023-03-25
G01667,Dev Oberoi,Male,50,"Chandigarh, Chandigarh",dev.oberoi01667@example.com,9000001667,2019-06-10
G01668,Manav Joshi,Male,20,"Bhubaneswar, Odisha",manav.joshi01668@example.com,9000001668,2021-06-09
G01669,Varun Verma,Male,34,"Pune, Maharashtra",varun.verma01669@example.com,9000001669,2025-09-25
G01670,Anurag Iyer,Male,22,"Ranchi, Jharkhand",anurag.iyer01670@example.com,9000001670,2019-11-04
G01671,Aarohi Shetty,Female,31,"Jaipur, Rajasthan",aarohi.shetty01671@example.com,9000001671,2018-06-14
G01672,Shalini Mathur,Female,25,"Goa, Goa",shalini.mathur01672@example.com,9000001672,2016-06-11
G01673,Sahil Singh,Male,44,"Nagpur, Maharashtra",sahil.singh01673@example.com,9000001673,2024-05-08
G01674,Kavya Srivastava,Female,39,"Nashik, Maharashtra",kavya.srivastava01674@example.com,9000001674,2017-08-09
G01675,Sahil Mishra,Male,47,"Bhubaneswar, Odisha",sahil.mishra01675@example.com,9000001675,2023-02-12
G01676,Aarohi Dutta,Female,37,"Hyderabad, Telangana",aarohi.dutta01676@example.com,9000001676,2016-10-30
G01677,Aanya Chauhan,Female,35,"Noida, Uttar Pradesh",aanya.chauhan01677@example.com,9000001677,2023-11-27
G01678,Kavya Saxena,Female,37,"Hyderabad, Telangana",kavya.saxena01678@example.com,9000001678,2019-11-29
G01679,Ankit Mishra,Male,43,"Noida, Uttar Pradesh",ankit.mishra01679@example.com,9000001679,2021-07-11
G01680,Nandini Luthra,Female,28,"Bhopal, Madhya Pradesh",nandini.luthra01680@example.com,9000001680,2018-06-27
G01681,Avni Banerjee,Female,30,"Kochi, Kerala",avni.banerjee01681@example.com,9000001681,2020-04-29
G01682,Navya Shah,Female,18,"Faridabad, Haryana",navya.shah01682@example.com,9000001682,2016-08-30
G01683,Divya Chopra,Female,67,"Bengaluru, Karnataka",divya.chopra01683@example.com,9000001683,2019-06-13
G01684,Arnav Rawat,Male,36,"Mysuru, Karnataka",arnav.rawat01684@example.com,9000001684,2018-09-17
G01685,Myra Reddy,Female,29,"Lucknow, Uttar Pradesh",myra.reddy01685@example.com,9000001685,2018-01-22
G01686,Sneha Bhattacharya,Female,30,"Udaipur, Rajasthan",sneha.bhattacharya01686@example.com,9000001686,2018-09-08
G01687,Priya Arora,Female,52,"Ranchi, Jharkhand",priya.arora01687@example.com,9000001687,2017-05-22
G01688,Neha Rao,Female,44,"Gurugram, Haryana",neha.rao01688@example.com,9000001688,2022-08-07
G01689,Anika Das,Female,43,"Kolkata, West Bengal",anika.das01689@example.com,9000001689,2018-08-14
G01690,Manav Puri,Male,40,"Bhopal, Madhya Pradesh",manav.puri01690@example.com,9000001690,2018-06-16
G01691,Shrey Sharma,Male,23,"Bhubaneswar, Odisha",shrey.sharma01691@example.com,9000001691,2023-07-08
G01692,Dev Verma,Male,35,"Pune, Maharashtra",dev.verma01692@example.com,9000001692,2022-10-31
G01693,Ishaan Oberoi,Male,42,"Pune, Maharashtra",ishaan.oberoi01693@example.com,9000001693,2019-06-17
G01694,Kunal Shah,Male,45,"Patna, Bihar",kunal.shah01694@example.com,9000001694,2021-01-26
G01695,Anurag Malhotra,Male,28,"Coimbatore, Tamil Nadu",anurag.malhotra01695@example.com,9000001695,2021-03-20
G01696,Kiara Joshi,Female,28,"Mumbai, Maharashtra",kiara.joshi01696@example.com,9000001696,2017-08-23
G01697,Ritvik Desai,Male,45,"Mumbai, Maharashtra",ritvik.desai01697@example.com,9000001697,2021-06-17
G01698,Vasudha Arora,Female,18,"Goa, Goa",vasudha.arora01698@example.com,9000001698,2021-05-29
G01699,Tarun Joshi,Male,39,"Ahmedabad, Gujarat",tarun.joshi01699@example.com,9000001699,2017-11-16
G01700,Kunal Mehta,Male,27,"Bengaluru, Karnataka",kunal.mehta01700@example.com,9000001700,2016-05-23
G01701,Mohit Oberoi,Male,29,"New Delhi, Delhi",mohit.oberoi01701@example.com,9000001701,2019-09-08
G01702,Manav Sharma,Male,36,"Gurugram, Haryana",manav.sharma01702@example.com,9000001702,2022-10-03
G01703,Mahi Yadav,Female,36,"Gurugram, Haryana",mahi.yadav01703@example.com,9000001703,2023-08-21
G01704,Payal Sharma,Female,59,"Indore, Madhya Pradesh",payal.sharma01704@example.com,9000001704,2024-04-05
G01705,Tanmay Chopra,Male,34,"Hyderabad, Telangana",tanmay.chopra01705@example.com,9000001705,2017-10-01
G01706,Sneha Shetty,Female,45,"Bengaluru, Karnataka",sneha.shetty01706@example.com,9000001706,2021-04-11
G01707,Karan Thakur,Male,43,"Kochi, Kerala",karan.thakur01707@example.com,9000001707,2022-04-14
G01708,Kiara Sengupta,Female,23,"Surat, Gujarat",kiara.sengupta01708@example.com,9000001708,2023-08-15
G01709,Ishita Bose,Female,45,"Kolkata, West Bengal",ishita.bose01709@example.com,9000001709,2023-10-26
G01710,Shrey Joshi,Male,30,"Bengaluru, Karnataka",shrey.joshi01710@example.com,9000001710,2019-06-11
G01711,Shrey Bhatia,Male,47,"Bhopal, Madhya Pradesh",shrey.bhatia01711@example.com,9000001711,2022-07-14
G01712,Shreya Das,Female,34,"Jaipur, Rajasthan",shreya.das01712@example.com,9000001712,2016-07-05
G01713,Neeraj Yadav,Male,47,"Mumbai, Maharashtra",neeraj.yadav01713@example.com,9000001713,2023-10-10
G01714,Anurag Singh,Male,48,"New Delhi, Delhi",anurag.singh01714@example.com,9000001714,2021-11-14
G01715,Payal Kaur,Female,46,"Pune, Maharashtra",payal.kaur01715@example.com,9000001715,2025-10-10
G01716,Isha Jain,Female,56,"Surat, Gujarat",isha.jain01716@example.com,9000001716,2021-03-27
G01717,Ujjwal Vohra,Male,53,"Shimla, Himachal Pradesh",ujjwal.vohra01717@example.com,9000001717,2018-07-16
G01718,Rohan Pillai,Male,42,"Kochi, Kerala",rohan.pillai01718@example.com,9000001718,2018-10-27
G01719,Tanmay Mehta,Male,35,"Bengaluru, Karnataka",tanmay.mehta01719@example.com,9000001719,2018-03-31
G01720,Dhruv Thakur,Male,29,"Kolkata, West Bengal",dhruv.thakur01720@example.com,9000001720,2021-10-14
G01721,Ritika Menon,Female,29,"Udaipur, Rajasthan",ritika.menon01721@example.com,9000001721,2024-07-07
G01722,Rishi Dhingra,Male,48,"Gurugram, Haryana",rishi.dhingra01722@example.com,9000001722,2025-01-20
G01723,Dev Khanna,Male,27,"Mumbai, Maharashtra",dev.khanna01723@example.com,9000001723,2025-02-03
G01724,Neeraj Khatri,Male,36,"Mumbai, Maharashtra",neeraj.khatri01724@example.com,9000001724,2025-06-12
G01725,Rohan Thakur,Male,65,"New Delhi, Delhi",rohan.thakur01725@example.com,9000001725,2016-05-20
G01726,Riya Reddy,Female,46,"Patna, Bihar",riya.reddy01726@example.com,9000001726,2021-02-22
G01727,Pallavi Kohli,Female,51,"Coimbatore, Tamil Nadu",pallavi.kohli01727@example.com,9000001727,2016-02-20
G01728,Payal Das,Female,39,"Bhubaneswar, Odisha",payal.das01728@example.com,9000001728,2024-02-27
G01729,Sanya Ahuja,Female,34,"Shimla, Himachal Pradesh",sanya.ahuja01729@example.com,9000001729,2022-03-12
G01730,Tarun Sodhi,Male,42,"Indore, Madhya Pradesh",tarun.sodhi01730@example.com,9000001730,2024-04-22
G01731,Nikhil Pillai,Male,36,"Bengaluru, Karnataka",nikhil.pillai01731@example.com,9000001731,2025-01-06
G01732,Ritu Desai,Female,25,"Bhopal, Madhya Pradesh",ritu.desai01732@example.com,9000001732,2021-10-22
G01733,Adit Nair,Male,46,"Kolkata, West Bengal",adit.nair01733@example.com,9000001733,2021-01-09
G01734,Avni Ahuja,Female,35,"New Delhi, Delhi",avni.ahuja01734@example.com,9000001734,2022-01-27
G01735,Mrunal Arora,Female,44,"Shimla, Himachal Pradesh",mrunal.arora01735@example.com,9000001735,2019-03-28
G01736,Priya Singh,Female,40,"New Delhi, Delhi",priya.singh01736@example.com,9000001736,2016-10-11
G01737,Vivek Kaur,Male,33,"Lucknow, Uttar Pradesh",vivek.kaur01737@example.com,9000001737,2018-07-02
G01738,Neha Kapoor,Female,47,"Faridabad, Haryana",neha.kapoor01738@example.com,9000001738,2022-08-02
G01739,Pranav Bansal,Male,32,"Bengaluru, Karnataka",pranav.bansal01739@example.com,9000001739,2021-08-03
G01740,Ishita Khanna,Female,28,"Pune, Maharashtra",ishita.khanna01740@example.com,9000001740,2020-07-27
G01741,Nikhil Saxena,Male,32,"Patna, Bihar",nikhil.saxena01741@example.com,9000001741,2025-02-23
G01742,Rishi Ahuja,Male,35,"Kolkata, West Bengal",rishi.ahuja01742@example.com,9000001742,2018-11-25
G01743,Tanmay Shah,Male,27,"Lucknow, Uttar Pradesh",tanmay.shah01743@example.com,9000001743,2023-01-19
G01744,Pooja Jain,Other,25,"Chennai, Tamil Nadu",pooja.jain01744@example.com,9000001744,2020-04-14
G01745,Deepak Saxena,Male,46,"Kolkata, West Bengal",deepak.saxena01745@example.com,9000001745,2016-02-12
G01746,Priya Bansal,Female,58,"Mumbai, Maharashtra",priya.bansal01746@example.com,9000001746,2023-04-02
G01747,Shubham Trivedi,Male,43,"Thiruvananthapuram, Kerala",shubham.trivedi01747@example.com,9000001747,2023-11-05
G01748,Radhika Srivastava,Female,33,"Ahmedabad, Gujarat",radhika.srivastava01748@example.com,9000001748,2017-12-19
G01749,Swati Yadav,Female,58,"Jaipur, Rajasthan",swati.yadav01749@example.com,9000001749,2017-09-29
G01750,Raj Mittal,Other,35,"Jaipur, Rajasthan",raj.mittal01750@example.com,9000001750,2020-06-29
G01751,Neeraj Gill,Male,39,"Ranchi, Jharkhand",neeraj.gill01751@example.com,9000001751,2021-12-22
G01752,Avni Kulkarni,Female,38,"Surat, Gujarat",avni.kulkarni01752@example.com,9000001752,2023-10-12
G01753,Mrunal Bhatia,Female,46,"Pune, Maharashtra",mrunal.bhatia01753@example.com,9000001753,2018-11-17
G01754,Saurabh Rawat,Male,42,"Pune, Maharashtra",saurabh.rawat01754@example.com,9000001754,2020-01-13
G01755,Siddharth Dhingra,Male,36,"Bhubaneswar, Odisha",siddharth.dhingra01755@example.com,9000001755,2016-09-21
G01756,Ujjwal Chauhan,Male,48,"Nashik, Maharashtra",ujjwal.chauhan01756@example.com,9000001756,2025-05-23
G01757,Nandini Banerjee,Female,21,"Bengaluru, Karnataka",nandini.banerjee01757@example.com,9000001757,2017-09-27
G01758,Deepak Menon,Male,22,"Chennai, Tamil Nadu",deepak.menon01758@example.com,9000001758,2024-06-02
G01759,Tushar Kaur,Male,58,"Bhopal, Madhya Pradesh",tushar.kaur01759@example.com,9000001759,2017-04-19
G01760,Adit Sharma,Male,53,"Ahmedabad, Gujarat",adit.sharma01760@example.com,9000001760,2018-04-09
G01761,Vikram Bose,Male,33,"Shimla, Himachal Pradesh",vikram.bose01761@example.com,9000001761,2022-02-20
G01762,Rishi Arora,Male,45,"Gurugram, Haryana",rishi.arora01762@example.com,9000001762,2017-02-18
G01763,Karan Kaur,Male,18,"Mumbai, Maharashtra",karan.kaur01763@example.com,9000001763,2023-05-14
G01764,Siddharth Tiwari,Male,62,"New Delhi, Delhi",siddharth.tiwari01764@example.com,9000001764,2023-11-20
G01765,Neha Bose,Female,32,"Surat, Gujarat",neha.bose01765@example.com,9000001765,2018-06-05
G01766,Shalini Naidu,Female,50,"Kochi, Kerala",shalini.naidu01766@example.com,9000001766,2018-08-14
G01767,Abhinav Choudhary,Male,51,"Lucknow, Uttar Pradesh",abhinav.choudhary01767@example.com,9000001767,2023-08-24
G01768,Sanya Arora,Female,42,"Kochi, Kerala",sanya.arora01768@example.com,9000001768,2016-12-21
G01769,Payal Sethi,Female,32,"Faridabad, Haryana",payal.sethi01769@example.com,9000001769,2020-08-19
G01770,Sameer Malhotra,Male,54,"Pune, Maharashtra",sameer.malhotra01770@example.com,9000001770,2019-04-17
G01771,Yash Luthra,Male,39,"Indore, Madhya Pradesh",yash.luthra01771@example.com,9000001771,2018-11-11
G01772,Vivaan Sethi,Male,40,"Gurugram, Haryana",vivaan.sethi01772@example.com,9000001772,2022-10-14
G01773,Akash Mehta,Male,40,"Faridabad, Haryana",akash.mehta01773@example.com,9000001773,2018-09-01
G01774,Muskan Verma,Female,49,"Udaipur, Rajasthan",muskan.verma01774@example.com,9000001774,2022-04-15
G01775,Divya Mukherjee,Female,19,"Nagpur, Maharashtra",divya.mukherjee01775@example.com,9000001775,2017-11-03
G01776,Radhika Singh,Female,44,"Chandigarh, Chandigarh",radhika.singh01776@example.com,9000001776,2023-03-26
G01777,Mayank Sengupta,Male,26,"Mysuru, Karnataka",mayank.sengupta01777@example.com,9000001777,2022-03-26
G01778,Sanya Luthra,Female,35,"Chennai, Tamil Nadu",sanya.luthra01778@example.com,9000001778,2017-08-21
G01779,Amit Bhattacharya,Male,28,"Ranchi, Jharkhand",amit.bhattacharya01779@example.com,9000001779,2017-12-27
G01780,Tushar Mathur,Male,38,"Chennai, Tamil Nadu",tushar.mathur01780@example.com,9000001780,2020-04-06
G01781,Rishi Patel,Male,50,"Surat, Gujarat",rishi.patel01781@example.com,9000001781,2017-03-27
G01782,Priya Vohra,Female,51,"Patna, Bihar",priya.vohra01782@example.com,9000001782,2023-01-31
G01783,Nisha Joshi,Female,20,"Gurugram, Haryana",nisha.joshi01783@example.com,9000001783,2021-05-04
G01784,Ananya Ghosh,Female,47,"Indore, Madhya Pradesh",ananya.ghosh01784@example.com,9000001784,2024-01-22
G01785,Sameer Desai,Male,36,"Bengaluru, Karnataka",sameer.desai01785@example.com,9000001785,2018-11-29
G01786,Neeraj Gupta,Male,31,"Chennai, Tamil Nadu",neeraj.gupta01786@example.com,9000001786,2018-02-13
G01787,Sanya Iyer,Female,25,"Mumbai, Maharashtra",sanya.iyer01787@example.com,9000001787,2020-04-23
G01788,Komal Bhattacharya,Female,33,"Jaipur, Rajasthan",komal.bhattacharya01788@example.com,9000001788,2017-08-19
G01789,Ananya Reddy,Female,42,"Coimbatore, Tamil Nadu",ananya.reddy01789@example.com,9000001789,2019-03-21
G01790,Aanya Saxena,Female,30,"Faridabad, Haryana",aanya.saxena01790@example.com,9000001790,2017-11-26
G01791,Swati Bansal,Female,33,"Patna, Bihar",swati.bansal01791@example.com,9000001791,2021-04-28
G01792,Shubham Khanna,Male,49,"Mumbai, Maharashtra",shubham.khanna01792@example.com,9000001792,2017-07-11
G01793,Juhi Kaur,Female,56,"Shimla, Himachal Pradesh",juhi.kaur01793@example.com,9000001793,2019-12-12
G01794,Vikram Mukherjee,Male,42,"Mumbai, Maharashtra",vikram.mukherjee01794@example.com,9000001794,2019-12-30
G01795,Tanvi Agarwal,Female,56,"New Delhi, Delhi",tanvi.agarwal01795@example.com,9000001795,2020-06-04
G01796,Siddharth Mathur,Male,25,"Shimla, Himachal Pradesh",siddharth.mathur01796@example.com,9000001796,2021-09-16
G01797,Pranav Arora,Male,31,"Ahmedabad, Gujarat",pranav.arora01797@example.com,9000001797,2022-10-27
G01798,Sanya Patel,Female,61,"Bhubaneswar, Odisha",sanya.patel01798@example.com,9000001798,2018-05-03
G01799,Mayank Chopra,Male,27,"Gurugram, Haryana",mayank.chopra01799@example.com,9000001799,2020-10-20
G01800,Tushar Patel,Male,43,"Dehradun, Uttarakhand",tushar.patel01800@example.com,9000001800,2017-02-05
G01801,Yash Mathur,Male,39,"Ranchi, Jharkhand",yash.mathur01801@example.com,9000001801,2024-03-18
G01802,Yash Naidu,Male,44,"Thiruvananthapuram, Kerala",yash.naidu01802@example.com,9000001802,2025-03-25
G01803,Manisha Rao,Female,40,"Pune, Maharashtra",manisha.rao01803@example.com,9000001803,2025-12-26
G01804,Vikram Gill,Male,36,"Thiruvananthapuram, Kerala",vikram.gill01804@example.com,9000001804,2022-05-08
G01805,Trisha Bansal,Female,20,"Chennai, Tamil Nadu",trisha.bansal01805@example.com,9000001805,2023-05-27
G01806,Sahil Arora,Male,23,"Jaipur, Rajasthan",sahil.arora01806@example.com,9000001806,2018-04-08
G01807,Priya Bhatia,Female,70,"Gurugram, Haryana",priya.bhatia01807@example.com,9000001807,2017-12-17
G01808,Nisha Ghosh,Female,39,"Ranchi, Jharkhand",nisha.ghosh01808@example.com,9000001808,2018-12-11
G01809,Aarav Tiwari,Male,45,"Faridabad, Haryana",aarav.tiwari01809@example.com,9000001809,2022-11-02
G01810,Yash Kulkarni,Male,29,"Mumbai, Maharashtra",yash.kulkarni01810@example.com,9000001810,2019-04-29
G01811,Aditi Jain,Female,27,"Mumbai, Maharashtra",aditi.jain01811@example.com,9000001811,2017-04-24
G01812,Raj Joshi,Other,30,"Mumbai, Maharashtra",raj.joshi01812@example.com,9000001812,2017-09-07
G01813,Radhika Mittal,Female,50,"Noida, Uttar Pradesh",radhika.mittal01813@example.com,9000001813,2021-07-02
G01814,Nandini Singh,Female,23,"Jaipur, Rajasthan",nandini.singh01814@example.com,9000001814,2016-05-09
G01815,Nandini Khatri,Female,57,"Mumbai, Maharashtra",nandini.khatri01815@example.com,9000001815,2018-01-17
G01816,Swati Khatri,Female,39,"Kolkata, West Bengal",swati.khatri01816@example.com,9000001816,2020-09-18
G01817,Kiara Mathur,Female,31,"Surat, Gujarat",kiara.mathur01817@example.com,9000001817,2018-12-10
G01818,Ayush Bhattacharya,Male,38,"Pune, Maharashtra",ayush.bhattacharya01818@example.com,9000001818,2021-05-06
G01819,Sakshi Oberoi,Female,19,"New Delhi, Delhi",sakshi.oberoi01819@example.com,9000001819,2019-03-15
G01820,Ritu Menon,Female,25,"Hyderabad, Telangana",ritu.menon01820@example.com,9000001820,2017-06-22
G01821,Kunal Bhattacharya,Male,43,"Goa, Goa",kunal.bhattacharya01821@example.com,9000001821,2022-09-01
G01822,Nikita Ahuja,Female,54,"Kolkata, West Bengal",nikita.ahuja01822@example.com,9000001822,2018-04-30
G01823,Diya Rawat,Female,25,"Pune, Maharashtra",diya.rawat01823@example.com,9000001823,2016-06-05
G01824,Komal Shetty,Female,35,"Hyderabad, Telangana",komal.shetty01824@example.com,9000001824,2019-07-03
G01825,Mohit Rao,Male,38,"Noida, Uttar Pradesh",mohit.rao01825@example.com,9000001825,2018-04-11
G01826,Mayank Shah,Male,37,"Coimbatore, Tamil Nadu",mayank.shah01826@example.com,9000001826,2021-07-06
G01827,Sakshi Mehta,Female,30,"Bhubaneswar, Odisha",sakshi.mehta01827@example.com,9000001827,2019-05-01
G01828,Sakshi Trivedi,Female,22,"Chandigarh, Chandigarh",sakshi.trivedi01828@example.com,9000001828,2017-03-26
G01829,Abhinav Malhotra,Male,30,"Nagpur, Maharashtra",abhinav.malhotra01829@example.com,9000001829,2024-03-09
G01830,Arjun Bansal,Male,38,"Noida, Uttar Pradesh",arjun.bansal01830@example.com,9000001830,2016-02-28
G01831,Sameer Thakur,Male,35,"Bhubaneswar, Odisha",sameer.thakur01831@example.com,9000001831,2019-01-12
G01832,Kriti Das,Female,28,"Ahmedabad, Gujarat",kriti.das01832@example.com,9000001832,2016-10-25
G01833,Raghav Agarwal,Male,34,"New Delhi, Delhi",raghav.agarwal01833@example.com,9000001833,2018-12-29
G01834,Kavya Bose,Female,52,"New Delhi, Delhi",kavya.bose01834@example.com,9000001834,2019-04-17
G01835,Manav Desai,Male,47,"Chandigarh, Chandigarh",manav.desai01835@example.com,9000001835,2017-08-14
G01836,Arjun Joshi,Male,50,"Hyderabad, Telangana",arjun.joshi01836@example.com,9000001836,2020-07-11
G01837,Manav Khatri,Male,49,"New Delhi, Delhi",manav.khatri01837@example.com,9000001837,2018-03-25
G01838,Aanya Joshi,Female,33,"Mumbai, Maharashtra",aanya.joshi01838@example.com,9000001838,2023-04-17
G01839,Kiara Kapoor,Female,55,"Ahmedabad, Gujarat",kiara.kapoor01839@example.com,9000001839,2023-06-14
G01840,Radhika Kohli,Female,34,"New Delhi, Delhi",radhika.kohli01840@example.com,9000001840,2023-03-29
G01841,Kabir Ghosh,Male,58,"Chandigarh, Chandigarh",kabir.ghosh01841@example.com,9000001841,2022-03-16
G01842,Ujjwal Malhotra,Male,32,"Bengaluru, Karnataka",ujjwal.malhotra01842@example.com,9000001842,2018-08-24
G01843,Meera Reddy,Female,44,"Ahmedabad, Gujarat",meera.reddy01843@example.com,9000001843,2016-06-05
G01844,Aditi Yadav,Female,49,"Mysuru, Karnataka",aditi.yadav01844@example.com,9000001844,2018-08-25
G01845,Navya Bansal,Female,58,"Bengaluru, Karnataka",navya.bansal01845@example.com,9000001845,2019-12-25
G01846,Myra Khanna,Female,58,"Bengaluru, Karnataka",myra.khanna01846@example.com,9000001846,2022-08-16
G01847,Juhi Vohra,Female,18,"Faridabad, Haryana",juhi.vohra01847@example.com,9000001847,2019-02-15
G01848,Shivani Mittal,Female,32,"New Delhi, Delhi",shivani.mittal01848@example.com,9000001848,2017-03-28
G01849,Ritvik Ahuja,Male,57,"Hyderabad, Telangana",ritvik.ahuja01849@example.com,9000001849,2025-03-01
G01850,Myra Agarwal,Female,37,"Mumbai, Maharashtra",myra.agarwal01850@example.com,9000001850,2022-11-04
G01851,Saurabh Mathur,Male,47,"Coimbatore, Tamil Nadu",saurabh.mathur01851@example.com,9000001851,2016-09-10
G01852,Dev Desai,Male,46,"Lucknow, Uttar Pradesh",dev.desai01852@example.com,9000001852,2021-09-27
G01853,Ritvik Sengupta,Male,26,"Shimla, Himachal Pradesh",ritvik.sengupta01853@example.com,9000001853,2021-11-11
G01854,Tanvi Verma,Female,33,"Mumbai, Maharashtra",tanvi.verma01854@example.com,9000001854,2022-05-29
G01855,Mohit Ahuja,Male,52,"Surat, Gujarat",mohit.ahuja01855@example.com,9000001855,2020-05-03
G01856,Aanya Bhatia,Female,36,"Bengaluru, Karnataka",aanya.bhatia01856@example.com,9000001856,2019-09-26
G01857,Anika Oberoi,Female,30,"Noida, Uttar Pradesh",anika.oberoi01857@example.com,9000001857,2016-03-25
G01858,Harsh Tiwari,Male,31,"Nagpur, Maharashtra",harsh.tiwari01858@example.com,9000001858,2016-04-23
G01859,Juhi Singh,Female,55,"Jaipur, Rajasthan",juhi.singh01859@example.com,9000001859,2023-08-08
G01860,Tanvi Srivastava,Female,53,"Jaipur, Rajasthan",tanvi.srivastava01860@example.com,9000001860,2016-09-28
G01861,Juhi Pillai,Female,26,"Kochi, Kerala",juhi.pillai01861@example.com,9000001861,2016-05-01
G01862,Pallavi Shah,Female,25,"Dehradun, Uttarakhand",pallavi.shah01862@example.com,9000001862,2020-08-07
G01863,Navya Sinha,Female,50,"Chandigarh, Chandigarh",navya.sinha01863@example.com,9000001863,2024-10-24
G01864,Kunal Mishra,Male,43,"Hyderabad, Telangana",kunal.mishra01864@example.com,9000001864,2017-07-21
G01865,Tushar Ahuja,Male,32,"Surat, Gujarat",tushar.ahuja01865@example.com,9000001865,2021-01-17
G01866,Aditya Malhotra,Male,44,"Mumbai, Maharashtra",aditya.malhotra01866@example.com,9000001866,2021-06-17
G01867,Kabir Rao,Male,18,"Bhopal, Madhya Pradesh",kabir.rao01867@example.com,9000001867,2020-06-08
G01868,Nikita Iyer,Other,24,"Udaipur, Rajasthan",nikita.iyer01868@example.com,9000001868,2023-09-17
G01869,Juhi Joshi,Female,36,"Bhubaneswar, Odisha",juhi.joshi01869@example.com,9000001869,2023-06-21
G01870,Komal Malhotra,Female,50,"Udaipur, Rajasthan",komal.malhotra01870@example.com,9000001870,2022-01-02
G01871,Sneha Bansal,Female,38,"Hyderabad, Telangana",sneha.bansal01871@example.com,9000001871,2025-03-12
G01872,Mayank Oberoi,Male,39,"Mumbai, Maharashtra",mayank.oberoi01872@example.com,9000001872,2018-06-12
G01873,Mohit Banerjee,Male,21,"Bengaluru, Karnataka",mohit.banerjee01873@example.com,9000001873,2021-07-01
G01874,Navya Verma,Female,31,"Mumbai, Maharashtra",navya.verma01874@example.com,9000001874,2024-10-28
G01875,Ritu Pillai,Female,43,"Hyderabad, Telangana",ritu.pillai01875@example.com,9000001875,2019-11-19
G01876,Ishita Chopra,Female,25,"Noida, Uttar Pradesh",ishita.chopra01876@example.com,9000001876,2021-06-15
G01877,Preeti Iyer,Female,18,"Mumbai, Maharashtra",preeti.iyer01877@example.com,9000001877,2017-07-26
G01878,Sahil Rao,Male,45,"Chandigarh, Chandigarh",sahil.rao01878@example.com,9000001878,2020-04-24
G01879,Aanya Mishra,Female,36,"Surat, Gujarat",aanya.mishra01879@example.com,9000001879,2023-10-06
G01880,Shivani Rao,Female,55,"Indore, Madhya Pradesh",shivani.rao01880@example.com,9000001880,2018-12-23
G01881,Naveen Tiwari,Male,21,"Jaipur, Rajasthan",naveen.tiwari01881@example.com,9000001881,2016-05-19
G01882,Siddharth Reddy,Male,30,"Bengaluru, Karnataka",siddharth.reddy01882@example.com,9000001882,2017-07-30
G01883,Kabir Desai,Male,40,"Chandigarh, Chandigarh",kabir.desai01883@example.com,9000001883,2020-05-29
G01884,Karan Mathur,Male,28,"Gurugram, Haryana",karan.mathur01884@example.com,9000001884,2016-09-02
G01885,Pooja Verma,Female,52,"Patna, Bihar",pooja.verma01885@example.com,9000001885,2020-02-14
G01886,Dhruv Das,Male,34,"Bengaluru, Karnataka",dhruv.das01886@example.com,9000001886,2022-11-22
G01887,Meera Chopra,Female,31,"Surat, Gujarat",meera.chopra01887@example.com,9000001887,2024-01-03
G01888,Preeti Yadav,Female,31,"Hyderabad, Telangana",preeti.yadav01888@example.com,9000001888,2016-03-19
G01889,Anika Choudhary,Female,35,"Bengaluru, Karnataka",anika.choudhary01889@example.com,9000001889,2017-05-24
G01890,Bhavna Kapoor,Female,30,"Patna, Bihar",bhavna.kapoor01890@example.com,9000001890,2021-04-26
G01891,Ayush Singh,Male,57,"Bengaluru, Karnataka",ayush.singh01891@example.com,9000001891,2024-04-23
G01892,Mrunal Puri,Female,41,"New Delhi, Delhi",mrunal.puri01892@example.com,9000001892,2020-07-28
G01893,Neha Sodhi,Female,29,"Lucknow, Uttar Pradesh",neha.sodhi01893@example.com,9000001893,2020-04-09
G01894,Sneha Sengupta,Female,35,"Lucknow, Uttar Pradesh",sneha.sengupta01894@example.com,9000001894,2018-02-24
G01895,Ankit Naidu,Male,36,"Hyderabad, Telangana",ankit.naidu01895@example.com,9000001895,2016-05-27
G01896,Rohan Menon,Male,36,"Bhubaneswar, Odisha",rohan.menon01896@example.com,9000001896,2024-10-02
G01897,Ritu Mukherjee,Female,28,"Nagpur, Maharashtra",ritu.mukherjee01897@example.com,9000001897,2017-12-26
G01898,Priya Patel,Female,27,"Mumbai, Maharashtra",priya.patel01898@example.com,9000001898,2021-11-10
G01899,Abhinav Shetty,Male,48,"Kolkata, West Bengal",abhinav.shetty01899@example.com,9000001899,2021-03-16
G01900,Sanya Mukherjee,Female,38,"Mumbai, Maharashtra",sanya.mukherjee01900@example.com,9000001900,2021-09-19
G01901,Rohan Sodhi,Other,58,"Thiruvananthapuram, Kerala",rohan.sodhi01901@example.com,9000001901,2017-06-27
G01902,Preeti Shah,Female,50,"Chennai, Tamil Nadu",preeti.shah01902@example.com,9000001902,2025-04-10
G01903,Arjun Kulkarni,Male,40,"Lucknow, Uttar Pradesh",arjun.kulkarni01903@example.com,9000001903,2024-08-02
G01904,Navya Mittal,Female,40,"Chennai, Tamil Nadu",navya.mittal01904@example.com,9000001904,2018-06-10
G01905,Tushar Bansal,Male,22,"Lucknow, Uttar Pradesh",tushar.bansal01905@example.com,9000001905,2024-04-07
G01906,Pranav Reddy,Male,48,"Thiruvananthapuram, Kerala",pranav.reddy01906@example.com,9000001906,2019-05-14
G01907,Apoorva Patel,Female,52,"Bengaluru, Karnataka",apoorva.patel01907@example.com,9000001907,2023-02-11
G01908,Neha Yadav,Female,45,"Nashik, Maharashtra",neha.yadav01908@example.com,9000001908,2018-03-06
G01909,Varun Mishra,Male,36,"Mumbai, Maharashtra",varun.mishra01909@example.com,9000001909,2017-02-16
G01910,Mohit Puri,Male,35,"New Delhi, Delhi",mohit.puri01910@example.com,9000001910,2020-09-05
G01911,Ritvik Sinha,Male,18,"Jaipur, Rajasthan",ritvik.sinha01911@example.com,9000001911,2018-12-03
G01912,Gaurav Gupta,Male,35,"Bengaluru, Karnataka",gaurav.gupta01912@example.com,9000001912,2017-07-15
G01913,Avni Bhattacharya,Female,29,"Chennai, Tamil Nadu",avni.bhattacharya01913@example.com,9000001913,2023-08-22
G01914,Adit Khatri,Male,68,"Ahmedabad, Gujarat",adit.khatri01914@example.com,9000001914,2020-09-21
G01915,Sakshi Pillai,Female,45,"Kolkata, West Bengal",sakshi.pillai01915@example.com,9000001915,2018-03-29
G01916,Riya Gupta,Female,28,"Mumbai, Maharashtra",riya.gupta01916@example.com,9000001916,2024-06-15
G01917,Neeraj Dhingra,Male,32,"Gurugram, Haryana",neeraj.dhingra01917@example.com,9000001917,2020-06-01
G01918,Amit Malhotra,Male,62,"Chennai, Tamil Nadu",amit.malhotra01918@example.com,9000001918,2024-08-20
G01919,Pranav Sharma,Male,42,"Faridabad, Haryana",pranav.sharma01919@example.com,9000001919,2016-12-16
G01920,Abhinav Kohli,Other,37,"Nagpur, Maharashtra",abhinav.kohli01920@example.com,9000001920,2021-09-09
G01921,Payal Rao,Female,48,"Surat, Gujarat",payal.rao01921@example.com,9000001921,2020-05-31
G01922,Muskan Sodhi,Female,46,"Jaipur, Rajasthan",muskan.sodhi01922@example.com,9000001922,2024-02-23
G01923,Vikram Nair,Male,41,"Hyderabad, Telangana",vikram.nair01923@example.com,9000001923,2021-03-11
G01924,Yash Nair,Male,18,"Gurugram, Haryana",yash.nair01924@example.com,9000001924,2016-07-23
G01925,Mayank Khanna,Male,37,"Mumbai, Maharashtra",mayank.khanna01925@example.com,9000001925,2016-01-02
G01926,Nikita Choudhary,Female,44,"Bengaluru, Karnataka",nikita.choudhary01926@example.com,9000001926,2020-05-25
G01927,Ritika Gupta,Female,22,"Bengaluru, Karnataka",ritika.gupta01927@example.com,9000001927,2023-02-15
G01928,Mayank Patel,Male,41,"Faridabad, Haryana",mayank.patel01928@example.com,9000001928,2016-04-16
G01929,Karan Yadav,Male,45,"Kochi, Kerala",karan.yadav01929@example.com,9000001929,2019-08-24
G01930,Ritvik Singh,Male,33,"Nagpur, Maharashtra",ritvik.singh01930@example.com,9000001930,2017-04-28
G01931,Trisha Rao,Female,36,"Patna, Bihar",trisha.rao01931@example.com,9000001931,2024-01-31
G01932,Mahi Kohli,Female,30,"Chandigarh, Chandigarh",mahi.kohli01932@example.com,9000001932,2024-01-04
G01933,Payal Menon,Female,43,"Lucknow, Uttar Pradesh",payal.menon01933@example.com,9000001933,2017-12-09
G01934,Preeti Kulkarni,Female,38,"Kochi, Kerala",preeti.kulkarni01934@example.com,9000001934,2020-10-14
G01935,Pooja Mehta,Female,50,"Kochi, Kerala",pooja.mehta01935@example.com,9000001935,2019-02-02
G01936,Tushar Shah,Male,32,"Mysuru, Karnataka",tushar.shah01936@example.com,9000001936,2017-09-27
G01937,Akash Ghosh,Male,50,"Mysuru, Karnataka",akash.ghosh01937@example.com,9000001937,2022-08-29
G01938,Dev Bhatia,Male,46,"Chandigarh, Chandigarh",dev.bhatia01938@example.com,9000001938,2021-10-16
G01939,Aditi Rawat,Female,27,"Pune, Maharashtra",aditi.rawat01939@example.com,9000001939,2020-10-31
G01940,Pallavi Khatri,Female,39,"Hyderabad, Telangana",pallavi.khatri01940@example.com,9000001940,2022-11-08
G01941,Pallavi Puri,Female,23,"Bengaluru, Karnataka",pallavi.puri01941@example.com,9000001941,2024-07-15
G01942,Pallavi Bhattacharya,Female,38,"Jaipur, Rajasthan",pallavi.bhattacharya01942@example.com,9000001942,2022-12-01
G01943,Raghav Khatri,Male,67,"Bengaluru, Karnataka",raghav.khatri01943@example.com,9000001943,2022-04-16
G01944,Arjun Malhotra,Male,45,"Jaipur, Rajasthan",arjun.malhotra01944@example.com,9000001944,2022-02-09
G01945,Pranav Bose,Male,28,"Dehradun, Uttarakhand",pranav.bose01945@example.com,9000001945,2023-04-16
G01946,Aarav Gupta,Male,40,"Bhubaneswar, Odisha",aarav.gupta01946@example.com,9000001946,2023-05-01
G01947,Ujjwal Ghosh,Male,46,"Mysuru, Karnataka",ujjwal.ghosh01947@example.com,9000001947,2017-11-30
G01948,Siddharth Sinha,Male,41,"Gurugram, Haryana",siddharth.sinha01948@example.com,9000001948,2021-06-16
G01949,Harsh Malhotra,Male,18,"Bhopal, Madhya Pradesh",harsh.malhotra01949@example.com,9000001949,2024-08-16
G01950,Swati Joshi,Female,37,"Ahmedabad, Gujarat",swati.joshi01950@example.com,9000001950,2021-02-13
G01951,Mahi Dhingra,Female,43,"Shimla, Himachal Pradesh",mahi.dhingra01951@example.com,9000001951,2021-11-07
G01952,Shivani Kapoor,Female,31,"Ahmedabad, Gujarat",shivani.kapoor01952@example.com,9000001952,2018-02-08
G01953,Aditya Naidu,Male,37,"Mumbai, Maharashtra",aditya.naidu01953@example.com,9000001953,2018-02-12
G01954,Aman Reddy,Male,45,"Ranchi, Jharkhand",aman.reddy01954@example.com,9000001954,2017-06-05
G01955,Priya Sharma,Female,29,"Pune, Maharashtra",priya.sharma01955@example.com,9000001955,2024-12-23
G01956,Komal Dutta,Female,38,"New Delhi, Delhi",komal.dutta01956@example.com,9000001956,2019-02-14
G01957,Trisha Mittal,Female,56,"Kolkata, West Bengal",trisha.mittal01957@example.com,9000001957,2019-01-21
G01958,Pallavi Mishra,Female,33,"Gurugram, Haryana",pallavi.mishra01958@example.com,9000001958,2019-03-21
G01959,Sameer Banerjee,Male,39,"Surat, Gujarat",sameer.banerjee01959@example.com,9000001959,2018-12-20
G01960,Amit Sethi,Male,48,"Goa, Goa",amit.sethi01960@example.com,9000001960,2022-12-22
G01961,Anika Naidu,Female,43,"Pune, Maharashtra",anika.naidu01961@example.com,9000001961,2023-12-30
G01962,Nisha Oberoi,Female,27,"Mumbai, Maharashtra",nisha.oberoi01962@example.com,9000001962,2020-06-28
G01963,Kabir Agarwal,Male,34,"Lucknow, Uttar Pradesh",kabir.agarwal01963@example.com,9000001963,2020-08-25
G01964,Juhi Choudhary,Female,52,"Mysuru, Karnataka",juhi.choudhary01964@example.com,9000001964,2023-02-13
G01965,Aanya Gupta,Female,48,"Thiruvananthapuram, Kerala",aanya.gupta01965@example.com,9000001965,2016-10-30
G01966,Simran Chopra,Female,60,"New Delhi, Delhi",simran.chopra01966@example.com,9000001966,2021-11-14
G01967,Shalini Sharma,Female,68,"Bengaluru, Karnataka",shalini.sharma01967@example.com,9000001967,2021-06-19
G01968,Vivaan Rao,Male,18,"Chandigarh, Chandigarh",vivaan.rao01968@example.com,9000001968,2023-02-03
G01969,Vivaan Singh,Male,38,"Gurugram, Haryana",vivaan.singh01969@example.com,9000001969,2022-08-13
G01970,Aarohi Rao,Female,42,"Bhopal, Madhya Pradesh",aarohi.rao01970@example.com,9000001970,2023-09-12
G01971,Mrunal Kohli,Female,18,"Ranchi, Jharkhand",mrunal.kohli01971@example.com,9000001971,2022-10-18
G01972,Trisha Sethi,Female,41,"Indore, Madhya Pradesh",trisha.sethi01972@example.com,9000001972,2019-08-11
G01973,Abhinav Vohra,Male,58,"Kochi, Kerala",abhinav.vohra01973@example.com,9000001973,2019-06-07
G01974,Ujjwal Reddy,Male,35,"Gurugram, Haryana",ujjwal.reddy01974@example.com,9000001974,2023-07-09
G01975,Tanmay Desai,Male,23,"Pune, Maharashtra",tanmay.desai01975@example.com,9000001975,2021-04-10
G01976,Vivek Thakur,Male,73,"Lucknow, Uttar Pradesh",vivek.thakur01976@example.com,9000001976,2021-01-27
G01977,Dhruv Trivedi,Other,44,"Ahmedabad, Gujarat",dhruv.trivedi01977@example.com,9000001977,2024-08-29
G01978,Radhika Sodhi,Female,48,"Bengaluru, Karnataka",radhika.sodhi01978@example.com,9000001978,2018-01-13
G01979,Ritika Shetty,Female,56,"Ahmedabad, Gujarat",ritika.shetty01979@example.com,9000001979,2020-02-14
G01980,Raj Menon,Male,45,"Mumbai, Maharashtra",raj.menon01980@example.com,9000001980,2020-02-16
G01981,Aditya Ghosh,Male,48,"Thiruvananthapuram, Kerala",aditya.ghosh01981@example.com,9000001981,2018-09-10
G01982,Tushar Chauhan,Male,50,"Patna, Bihar",tushar.chauhan01982@example.com,9000001982,2024-01-24
G01983,Deepak Srivastava,Male,35,"Bengaluru, Karnataka",deepak.srivastava01983@example.com,9000001983,2016-06-23
G01984,Dhruv Puri,Male,42,"Ahmedabad, Gujarat",dhruv.puri01984@example.com,9000001984,2022-07-10
G01985,Kriti Kapoor,Female,27,"Faridabad, Haryana",kriti.kapoor01985@example.com,9000001985,2019-05-29
G01986,Anurag Patel,Male,46,"Bhopal, Madhya Pradesh",anurag.patel01986@example.com,9000001986,2023-01-18
G01987,Ayush Das,Male,22,"Chennai, Tamil Nadu",ayush.das01987@example.com,9000001987,2016-02-23
G01988,Tarun Srivastava,Male,56,"Chennai, Tamil Nadu",tarun.srivastava01988@example.com,9000001988,2021-08-13
G01989,Radhika Desai,Female,48,"Noida, Uttar Pradesh",radhika.desai01989@example.com,9000001989,2021-12-30
G01990,Karan Mishra,Male,31,"Mysuru, Karnataka",karan.mishra01990@example.com,9000001990,2016-06-29
G01991,Sneha Ghosh,Female,25,"Ranchi, Jharkhand",sneha.ghosh01991@example.com,9000001991,2016-02-12
G01992,Juhi Khanna,Female,45,"Surat, Gujarat",juhi.khanna01992@example.com,9000001992,2017-07-28
G01993,Bhavna Khatri,Female,36,"Lucknow, Uttar Pradesh",bhavna.khatri01993@example.com,9000001993,2017-09-02
G01994,Simran Trivedi,Female,26,"Coimbatore, Tamil Nadu",simran.trivedi01994@example.com,9000001994,2023-05-18
G01995,Meera Trivedi,Female,30,"Chandigarh, Chandigarh",meera.trivedi01995@example.com,9000001995,2020-10-02
G01996,Raghav Khanna,Male,39,"Nashik, Maharashtra",raghav.khanna01996@example.com,9000001996,2019-06-15
G01997,Arnav Agarwal,Male,53,"Thiruvananthapuram, Kerala",arnav.agarwal01997@example.com,9000001997,2022-06-25
G01998,Adit Kulkarni,Male,23,"Chandigarh, Chandigarh",adit.kulkarni01998@example.com,9000001998,2017-06-29
G01999,Swati Jain,Female,43,"Faridabad, Haryana",swati.jain01999@example.com,9000001999,2019-04-20
G02000,Nandini Bhattacharya,Female,31,"Chennai, Tamil Nadu",nandini.bhattacharya02000@example.com,9000002000,2024-06-04
G02001,Gaurav Kohli,Male,38,"New Delhi, Delhi",gaurav.kohli02001@example.com,9000002001,2019-02-25
G02002,Radhika Rawat,Female,46,"Hyderabad, Telangana",radhika.rawat02002@example.com,9000002002,2016-05-20
G02003,Ritvik Dhingra,Male,20,"Jaipur, Rajasthan",ritvik.dhingra02003@example.com,9000002003,2020-01-23
G02004,Arjun Gupta,Male,54,"Lucknow, Uttar Pradesh",arjun.gupta02004@example.com,9000002004,2016-09-01
G02005,Nikhil Verma,Male,42,"Noida, Uttar Pradesh",nikhil.verma02005@example.com,9000002005,2024-10-18
G02006,Ujjwal Gill,Male,41,"Faridabad, Haryana",ujjwal.gill02006@example.com,9000002006,2022-05-04
G02007,Gaurav Puri,Male,46,"Pune, Maharashtra",gaurav.puri02007@example.com,9000002007,2016-04-03
G02008,Kabir Banerjee,Male,46,"Kolkata, West Bengal",kabir.banerjee02008@example.com,9000002008,2016-02-05
G02009,Raghav Banerjee,Male,65,"New Delhi, Delhi",raghav.banerjee02009@example.com,9000002009,2023-12-04
G02010,Sahil Malhotra,Male,45,"Noida, Uttar Pradesh",sahil.malhotra02010@example.com,9000002010,2017-11-10
G02011,Aditya Rao,Male,38,"Jaipur, Rajasthan",aditya.rao02011@example.com,9000002011,2017-08-30
G02012,Ishita Ghosh,Female,43,"Lucknow, Uttar Pradesh",ishita.ghosh02012@example.com,9000002012,2016-05-08
G02013,Akash Shah,Male,49,"Chandigarh, Chandigarh",akash.shah02013@example.com,9000002013,2021-10-22
G02014,Parth Patel,Male,37,"Nashik, Maharashtra",parth.patel02014@example.com,9000002014,2020-09-13
G02015,Apoorva Rawat,Female,18,"Gurugram, Haryana",apoorva.rawat02015@example.com,9000002015,2022-02-07
G02016,Isha Kohli,Female,31,"Bengaluru, Karnataka",isha.kohli02016@example.com,9000002016,2020-08-07
G02017,Ritu Banerjee,Female,50,"Jaipur, Rajasthan",ritu.banerjee02017@example.com,9000002017,2020-07-30
G02018,Aarohi Chauhan,Female,33,"Bengaluru, Karnataka",aarohi.chauhan02018@example.com,9000002018,2016-12-15
G02019,Ujjwal Das,Male,42,"Ranchi, Jharkhand",ujjwal.das02019@example.com,9000002019,2017-07-14
G02020,Nisha Dutta,Female,35,"Chennai, Tamil Nadu",nisha.dutta02020@example.com,9000002020,2022-01-30
G02021,Aditya Oberoi,Male,40,"Surat, Gujarat",aditya.oberoi02021@example.com,9000002021,2024-01-16
G02022,Pallavi Kapoor,Female,34,"New Delhi, Delhi",pallavi.kapoor02022@example.com,9000002022,2022-02-23
G02023,Pranav Chopra,Male,36,"Hyderabad, Telangana",pranav.chopra02023@example.com,9000002023,2016-09-19
G02024,Ankit Bansal,Male,22,"Ahmedabad, Gujarat",ankit.bansal02024@example.com,9000002024,2021-06-15
G02025,Preeti Khatri,Female,61,"Jaipur, Rajasthan",preeti.khatri02025@example.com,9000002025,2021-05-28
G02026,Raghav Chauhan,Male,29,"Bengaluru, Karnataka",raghav.chauhan02026@example.com,9000002026,2023-09-19
G02027,Myra Srivastava,Female,40,"Pune, Maharashtra",myra.srivastava02027@example.com,9000002027,2018-05-09
G02028,Ujjwal Naidu,Male,35,"Ahmedabad, Gujarat",ujjwal.naidu02028@example.com,9000002028,2018-02-02
G02029,Mahi Saxena,Female,46,"Indore, Madhya Pradesh",mahi.saxena02029@example.com,9000002029,2018-01-31
G02030,Neha Vohra,Other,39,"Mumbai, Maharashtra",neha.vohra02030@example.com,9000002030,2021-02-03
G02031,Ritu Mittal,Female,47,"New Delhi, Delhi",ritu.mittal02031@example.com,9000002031,2019-05-23
G02032,Ritvik Sharma,Male,47,"Lucknow, Uttar Pradesh",ritvik.sharma02032@example.com,9000002032,2016-06-04
G02033,Sneha Rao,Other,59,"Goa, Goa",sneha.rao02033@example.com,9000002033,2023-10-24
G02034,Sonali Reddy,Female,22,"Hyderabad, Telangana",sonali.reddy02034@example.com,9000002034,2022-01-07
G02035,Bhavna Mishra,Female,63,"Kochi, Kerala",bhavna.mishra02035@example.com,9000002035,2019-01-27
G02036,Mrunal Shah,Female,57,"Ranchi, Jharkhand",mrunal.shah02036@example.com,9000002036,2017-06-23
G02037,Adit Agarwal,Male,34,"Pune, Maharashtra",adit.agarwal02037@example.com,9000002037,2024-02-02
G02038,Manisha Shetty,Female,45,"Jaipur, Rajasthan",manisha.shetty02038@example.com,9000002038,2021-12-15
G02039,Mrunal Kaur,Female,44,"Bengaluru, Karnataka",mrunal.kaur02039@example.com,9000002039,2017-09-23
G02040,Amit Kaur,Male,26,"Mumbai, Maharashtra",amit.kaur02040@example.com,9000002040,2019-03-06
G02041,Mrunal Gill,Female,38,"Chennai, Tamil Nadu",mrunal.gill02041@example.com,9000002041,2020-04-24
G02042,Saurabh Bhattacharya,Male,36,"Gurugram, Haryana",saurabh.bhattacharya02042@example.com,9000002042,2019-11-26
G02043,Siddharth Rawat,Male,42,"Lucknow, Uttar Pradesh",siddharth.rawat02043@example.com,9000002043,2019-06-16
G02044,Mayank Desai,Male,34,"Mumbai, Maharashtra",mayank.desai02044@example.com,9000002044,2021-02-08
G02045,Apoorva Puri,Female,37,"Faridabad, Haryana",apoorva.puri02045@example.com,9000002045,2018-07-20
G02046,Ritu Bansal,Female,42,"Indore, Madhya Pradesh",ritu.bansal02046@example.com,9000002046,2019-03-02
G02047,Manisha Reddy,Female,36,"Thiruvananthapuram, Kerala",manisha.reddy02047@example.com,9000002047,2017-11-29
G02048,Neeraj Mathur,Male,31,"Udaipur, Rajasthan",neeraj.mathur02048@example.com,9000002048,2024-02-21
G02049,Ujjwal Rawat,Male,42,"Chandigarh, Chandigarh",ujjwal.rawat02049@example.com,9000002049,2018-03-08
G02050,Kiara Tiwari,Female,27,"Faridabad, Haryana",kiara.tiwari02050@example.com,9000002050,2021-07-17
G02051,Sameer Bose,Male,18,"Bengaluru, Karnataka",sameer.bose02051@example.com,9000002051,2021-10-10
G02052,Ritika Banerjee,Female,36,"Ranchi, Jharkhand",ritika.banerjee02052@example.com,9000002052,2017-11-08
G02053,Ritika Luthra,Female,22,"Dehradun, Uttarakhand",ritika.luthra02053@example.com,9000002053,2020-08-15
G02054,Vivek Saxena,Male,31,"Gurugram, Haryana",vivek.saxena02054@example.com,9000002054,2017-10-13
G02055,Trisha Gill,Female,41,"Bhubaneswar, Odisha",trisha.gill02055@example.com,9000002055,2016-01-20
G02056,Meera Malhotra,Female,58,"New Delhi, Delhi",meera.malhotra02056@example.com,9000002056,2016-01-26
G02057,Mohit Ghosh,Male,46,"Chandigarh, Chandigarh",mohit.ghosh02057@example.com,9000002057,2018-01-07
G02058,Rishi Banerjee,Male,55,"Chennai, Tamil Nadu",rishi.banerjee02058@example.com,9000002058,2016-03-16
G02059,Yash Puri,Male,48,"Gurugram, Haryana",yash.puri02059@example.com,9000002059,2019-08-30
G02060,Vasudha Kaur,Female,41,"Chennai, Tamil Nadu",vasudha.kaur02060@example.com,9000002060,2018-07-28
G02061,Tarun Kapoor,Male,62,"Kolkata, West Bengal",tarun.kapoor02061@example.com,9000002061,2017-09-19
G02062,Kriti Gupta,Female,42,"Lucknow, Uttar Pradesh",kriti.gupta02062@example.com,9000002062,2018-12-19
G02063,Yash Shah,Male,55,"Chennai, Tamil Nadu",yash.shah02063@example.com,9000002063,2018-01-07
G02064,Dev Kulkarni,Male,45,"Kochi, Kerala",dev.kulkarni02064@example.com,9000002064,2022-09-01
G02065,Adit Rao,Male,48,"Shimla, Himachal Pradesh",adit.rao02065@example.com,9000002065,2018-03-15
G02066,Sonali Sharma,Female,31,"New Delhi, Delhi",sonali.sharma02066@example.com,9000002066,2023-04-29
G02067,Aman Menon,Male,42,"Pune, Maharashtra",aman.menon02067@example.com,9000002067,2017-12-29
G02068,Ritika Tiwari,Female,44,"Pune, Maharashtra",ritika.tiwari02068@example.com,9000002068,2024-06-03
G02069,Aarohi Kaur,Female,32,"Mumbai, Maharashtra",aarohi.kaur02069@example.com,9000002069,2021-01-04
G02070,Dhruv Verma,Male,18,"Jaipur, Rajasthan",dhruv.verma02070@example.com,9000002070,2017-12-20
G02071,Diya Kaur,Female,29,"Lucknow, Uttar Pradesh",diya.kaur02071@example.com,9000002071,2017-12-07
G02072,Sanya Singh,Female,42,"Bhubaneswar, Odisha",sanya.singh02072@example.com,9000002072,2019-03-06
G02073,Ankit Banerjee,Male,32,"Ranchi, Jharkhand",ankit.banerjee02073@example.com,9000002073,2017-07-05
G02074,Parth Bhatia,Male,48,"Shimla, Himachal Pradesh",parth.bhatia02074@example.com,9000002074,2021-11-27
G02075,Kavya Iyer,Female,52,"Coimbatore, Tamil Nadu",kavya.iyer02075@example.com,9000002075,2025-08-23
G02076,Deepak Sethi,Male,28,"Mumbai, Maharashtra",deepak.sethi02076@example.com,9000002076,2019-08-01
G02077,Aarav Bhattacharya,Male,36,"Ahmedabad, Gujarat",aarav.bhattacharya02077@example.com,9000002077,2023-01-08
G02078,Abhinav Arora,Male,39,"Pune, Maharashtra",abhinav.arora02078@example.com,9000002078,2019-03-19
G02079,Yash Yadav,Male,48,"Coimbatore, Tamil Nadu",yash.yadav02079@example.com,9000002079,2022-01-14
G02080,Parth Kapoor,Male,49,"Ranchi, Jharkhand",parth.kapoor02080@example.com,9000002080,2021-10-23
G02081,Mahi Malhotra,Female,39,"Chandigarh, Chandigarh",mahi.malhotra02081@example.com,9000002081,2019-11-14
G02082,Komal Khatri,Female,38,"Thiruvananthapuram, Kerala",komal.khatri02082@example.com,9000002082,2017-05-27
G02083,Ananya Das,Female,24,"Chennai, Tamil Nadu",ananya.das02083@example.com,9000002083,2019-06-07
G02084,Saurabh Srivastava,Male,40,"Faridabad, Haryana",saurabh.srivastava02084@example.com,9000002084,2019-05-03
G02085,Nikhil Jain,Male,32,"Mysuru, Karnataka",nikhil.jain02085@example.com,9000002085,2018-03-08
G02086,Sakshi Malhotra,Female,31,"Lucknow, Uttar Pradesh",sakshi.malhotra02086@example.com,9000002086,2021-08-24
G02087,Tarun Sengupta,Male,45,"Lucknow, Uttar Pradesh",tarun.sengupta02087@example.com,9000002087,2024-09-18
G02088,Raghav Yadav,Male,46,"Shimla, Himachal Pradesh",raghav.yadav02088@example.com,9000002088,2021-07-06
G02089,Rishi Saxena,Male,32,"Patna, Bihar",rishi.saxena02089@example.com,9000002089,2025-03-07
G02090,Avni Agarwal,Female,64,"Pune, Maharashtra",avni.agarwal02090@example.com,9000002090,2022-09-23
G02091,Ayush Ghosh,Male,33,"Thiruvananthapuram, Kerala",ayush.ghosh02091@example.com,9000002091,2022-11-10
G02092,Radhika Agarwal,Female,37,"Pune, Maharashtra",radhika.agarwal02092@example.com,9000002092,2016-12-05
G02093,Swati Bhatia,Female,37,"Hyderabad, Telangana",swati.bhatia02093@example.com,9000002093,2023-12-06
G02094,Ritu Joshi,Female,39,"Surat, Gujarat",ritu.joshi02094@example.com,9000002094,2022-10-11
G02095,Dhruv Dhingra,Male,18,"Chennai, Tamil Nadu",dhruv.dhingra02095@example.com,9000002095,2019-10-22
G02096,Sonali Rawat,Female,41,"Patna, Bihar",sonali.rawat02096@example.com,9000002096,2024-02-24
G02097,Apoorva Khanna,Female,39,"Nagpur, Maharashtra",apoorva.khanna02097@example.com,9000002097,2017-04-22
G02098,Avni Khanna,Female,39,"Ahmedabad, Gujarat",avni.khanna02098@example.com,9000002098,2019-08-30
G02099,Isha Bansal,Female,46,"New Delhi, Delhi",isha.bansal02099@example.com,9000002099,2021-04-01
G02100,Aanya Yadav,Female,26,"Mumbai, Maharashtra",aanya.yadav02100@example.com,9000002100,2024-04-02
G02101,Pranav Saxena,Male,18,"Noida, Uttar Pradesh",pranav.saxena02101@example.com,9000002101,2022-07-24
G02102,Avni Dutta,Female,36,"Mumbai, Maharashtra",avni.dutta02102@example.com,9000002102,2018-09-21
G02103,Arjun Trivedi,Male,35,"Mumbai, Maharashtra",arjun.trivedi02103@example.com,9000002103,2022-05-17
G02104,Bhavna Verma,Female,45,"Bhopal, Madhya Pradesh",bhavna.verma02104@example.com,9000002104,2021-07-19
G02105,Preeti Tiwari,Female,29,"Pune, Maharashtra",preeti.tiwari02105@example.com,9000002105,2019-11-29
G02106,Raj Mukherjee,Male,64,"Mumbai, Maharashtra",raj.mukherjee02106@example.com,9000002106,2023-08-25
G02107,Adit Dutta,Male,18,"Bengaluru, Karnataka",adit.dutta02107@example.com,9000002107,2020-12-26
G02108,Rahul Shetty,Male,43,"Thiruvananthapuram, Kerala",rahul.shetty02108@example.com,9000002108,2016-09-30
G02109,Anurag Verma,Male,33,"Kochi, Kerala",anurag.verma02109@example.com,9000002109,2018-12-20
G02110,Ujjwal Banerjee,Male,42,"Hyderabad, Telangana",ujjwal.banerjee02110@example.com,9000002110,2020-09-19
G02111,Meera Chauhan,Female,40,"Mysuru, Karnataka",meera.chauhan02111@example.com,9000002111,2021-01-02
G02112,Rishi Luthra,Male,34,"Bhopal, Madhya Pradesh",rishi.luthra02112@example.com,9000002112,2023-01-03
G02113,Navya Mehta,Female,29,"Gurugram, Haryana",navya.mehta02113@example.com,9000002113,2020-07-27
G02114,Ananya Naidu,Female,48,"Bengaluru, Karnataka",ananya.naidu02114@example.com,9000002114,2025-01-31
G02115,Arjun Dhingra,Male,41,"Chennai, Tamil Nadu",arjun.dhingra02115@example.com,9000002115,2018-09-12
G02116,Abhinav Saxena,Male,35,"Noida, Uttar Pradesh",abhinav.saxena02116@example.com,9000002116,2021-10-02
G02117,Nikita Khanna,Female,48,"Surat, Gujarat",nikita.khanna02117@example.com,9000002117,2023-07-01
G02118,Vasudha Oberoi,Female,46,"Kolkata, West Bengal",vasudha.oberoi02118@example.com,9000002118,2019-10-16
G02119,Kavya Chopra,Female,52,"New Delhi, Delhi",kavya.chopra02119@example.com,9000002119,2018-04-08
G02120,Tarun Iyer,Male,53,"Hyderabad, Telangana",tarun.iyer02120@example.com,9000002120,2021-05-27
G02121,Pranav Khanna,Male,19,"Ahmedabad, Gujarat",pranav.khanna02121@example.com,9000002121,2022-05-07
G02122,Vivaan Nair,Male,39,"Shimla, Himachal Pradesh",vivaan.nair02122@example.com,9000002122,2018-06-05
G02123,Preeti Sengupta,Female,30,"New Delhi, Delhi",preeti.sengupta02123@example.com,9000002123,2024-11-26
G02124,Vikram Yadav,Male,27,"Thiruvananthapuram, Kerala",vikram.yadav02124@example.com,9000002124,2021-12-27
G02125,Anika Luthra,Female,26,"Chennai, Tamil Nadu",anika.luthra02125@example.com,9000002125,2024-02-07
G02126,Shivani Yadav,Female,51,"Patna, Bihar",shivani.yadav02126@example.com,9000002126,2021-07-06
G02127,Aditi Saxena,Female,50,"Jaipur, Rajasthan",aditi.saxena02127@example.com,9000002127,2019-10-26
G02128,Raghav Singh,Male,30,"Hyderabad, Telangana",raghav.singh02128@example.com,9000002128,2017-08-07
G02129,Sameer Sharma,Male,37,"Surat, Gujarat",sameer.sharma02129@example.com,9000002129,2020-01-10
G02130,Yash Mukherjee,Male,49,"Nashik, Maharashtra",yash.mukherjee02130@example.com,9000002130,2020-04-22
G02131,Shrey Rawat,Other,38,"Pune, Maharashtra",shrey.rawat02131@example.com,9000002131,2020-03-31
G02132,Divya Gupta,Female,46,"Noida, Uttar Pradesh",divya.gupta02132@example.com,9000002132,2024-05-08
G02133,Trisha Reddy,Female,30,"Pune, Maharashtra",trisha.reddy02133@example.com,9000002133,2023-01-21
G02134,Ananya Joshi,Female,32,"Kolkata, West Bengal",ananya.joshi02134@example.com,9000002134,2020-10-05
G02135,Akash Thakur,Male,48,"Nashik, Maharashtra",akash.thakur02135@example.com,9000002135,2024-09-07
G02136,Payal Bose,Female,34,"Jaipur, Rajasthan",payal.bose02136@example.com,9000002136,2016-09-22
G02137,Abhinav Puri,Male,28,"New Delhi, Delhi",abhinav.puri02137@example.com,9000002137,2016-10-24
G02138,Kabir Khanna,Male,64,"Chennai, Tamil Nadu",kabir.khanna02138@example.com,9000002138,2016-11-03
G02139,Komal Ghosh,Female,63,"Chennai, Tamil Nadu",komal.ghosh02139@example.com,9000002139,2021-03-21
G02140,Swati Mittal,Other,63,"Gurugram, Haryana",swati.mittal02140@example.com,9000002140,2018-08-08
G02141,Aman Mishra,Male,18,"Goa, Goa",aman.mishra02141@example.com,9000002141,2023-07-03
G02142,Avni Sodhi,Female,32,"Bengaluru, Karnataka",avni.sodhi02142@example.com,9000002142,2020-01-25
G02143,Shubham Chopra,Male,46,"Gurugram, Haryana",shubham.chopra02143@example.com,9000002143,2016-01-07
G02144,Divya Dutta,Female,58,"Nashik, Maharashtra",divya.dutta02144@example.com,9000002144,2022-11-15
G02145,Myra Iyer,Female,26,"Nagpur, Maharashtra",myra.iyer02145@example.com,9000002145,2023-01-29
G02146,Radhika Pillai,Female,45,"Kolkata, West Bengal",radhika.pillai02146@example.com,9000002146,2017-02-11
G02147,Ananya Menon,Female,46,"Jaipur, Rajasthan",ananya.menon02147@example.com,9000002147,2019-06-22
G02148,Sanya Bhattacharya,Female,23,"Kolkata, West Bengal",sanya.bhattacharya02148@example.com,9000002148,2023-04-07
G02149,Nandini Mukherjee,Female,43,"New Delhi, Delhi",nandini.mukherjee02149@example.com,9000002149,2017-10-22
G02150,Arjun Yadav,Male,64,"Chandigarh, Chandigarh",arjun.yadav02150@example.com,9000002150,2023-12-31
G02151,Manav Naidu,Male,41,"Bengaluru, Karnataka",manav.naidu02151@example.com,9000002151,2019-10-04
G02152,Shalini Khatri,Female,42,"Chennai, Tamil Nadu",shalini.khatri02152@example.com,9000002152,2016-09-25
G02153,Kunal Chauhan,Male,31,"Jaipur, Rajasthan",kunal.chauhan02153@example.com,9000002153,2021-09-21
G02154,Meera Verma,Female,62,"Indore, Madhya Pradesh",meera.verma02154@example.com,9000002154,2020-02-06
G02155,Simran Joshi,Female,41,"Hyderabad, Telangana",simran.joshi02155@example.com,9000002155,2018-08-27
G02156,Anurag Tiwari,Male,50,"Nagpur, Maharashtra",anurag.tiwari02156@example.com,9000002156,2018-06-15
G02157,Ishita Verma,Female,39,"Mysuru, Karnataka",ishita.verma02157@example.com,9000002157,2023-10-10
G02158,Vasudha Kapoor,Female,75,"Bengaluru, Karnataka",vasudha.kapoor02158@example.com,9000002158,2020-09-29
G02159,Ishita Kapoor,Female,31,"Pune, Maharashtra",ishita.kapoor02159@example.com,9000002159,2021-12-04
G02160,Saurabh Khanna,Male,38,"Mumbai, Maharashtra",saurabh.khanna02160@example.com,9000002160,2018-08-13
G02161,Nikita Sinha,Female,36,"Mumbai, Maharashtra",nikita.sinha02161@example.com,9000002161,2024-11-15
G02162,Pooja Mukherjee,Female,37,"Nashik, Maharashtra",pooja.mukherjee02162@example.com,9000002162,2019-10-23
G02163,Pooja Saxena,Female,36,"Gurugram, Haryana",pooja.saxena02163@example.com,9000002163,2023-07-03
G02164,Avni Thakur,Female,34,"Gurugram, Haryana",avni.thakur02164@example.com,9000002164,2022-02-25
G02165,Kriti Vohra,Female,60,"Pune, Maharashtra",kriti.vohra02165@example.com,9000002165,2021-05-13
G02166,Pallavi Mehta,Female,43,"Noida, Uttar Pradesh",pallavi.mehta02166@example.com,9000002166,2019-07-18
G02167,Sneha Srivastava,Female,47,"Gurugram, Haryana",sneha.srivastava02167@example.com,9000002167,2018-02-13
G02168,Ananya Sharma,Female,35,"Bengaluru, Karnataka",ananya.sharma02168@example.com,9000002168,2020-09-11
G02169,Varun Gupta,Male,72,"Hyderabad, Telangana",varun.gupta02169@example.com,9000002169,2016-10-05
G02170,Shalini Arora,Female,56,"Hyderabad, Telangana",shalini.arora02170@example.com,9000002170,2019-04-19
G02171,Nikita Mehta,Female,20,"Ahmedabad, Gujarat",nikita.mehta02171@example.com,9000002171,2024-07-30
G02172,Anurag Mehta,Male,37,"Bhopal, Madhya Pradesh",anurag.mehta02172@example.com,9000002172,2018-12-31
G02173,Arjun Vohra,Male,58,"Mumbai, Maharashtra",arjun.vohra02173@example.com,9000002173,2019-07-10
G02174,Tushar Iyer,Male,68,"Chennai, Tamil Nadu",tushar.iyer02174@example.com,9000002174,2016-12-12
G02175,Rohan Srivastava,Male,38,"Mumbai, Maharashtra",rohan.srivastava02175@example.com,9000002175,2016-04-05
G02176,Ishaan Verma,Male,18,"Chandigarh, Chandigarh",ishaan.verma02176@example.com,9000002176,2017-07-08
G02177,Vasudha Vohra,Female,41,"Noida, Uttar Pradesh",vasudha.vohra02177@example.com,9000002177,2024-07-17
G02178,Adit Kohli,Male,33,"Indore, Madhya Pradesh",adit.kohli02178@example.com,9000002178,2018-10-28
G02179,Tanvi Banerjee,Female,38,"Bengaluru, Karnataka",tanvi.banerjee02179@example.com,9000002179,2023-07-10
G02180,Shalini Shah,Female,24,"New Delhi, Delhi",shalini.shah02180@example.com,9000002180,2019-08-28
G02181,Mohit Malhotra,Male,28,"Coimbatore, Tamil Nadu",mohit.malhotra02181@example.com,9000002181,2023-01-28
G02182,Yash Ghosh,Male,23,"Dehradun, Uttarakhand",yash.ghosh02182@example.com,9000002182,2020-07-18
G02183,Shrey Sinha,Male,48,"Mumbai, Maharashtra",shrey.sinha02183@example.com,9000002183,2021-05-19
G02184,Pallavi Naidu,Female,41,"Goa, Goa",pallavi.naidu02184@example.com,9000002184,2019-08-04
G02185,Radhika Mathur,Female,36,"Bengaluru, Karnataka",radhika.mathur02185@example.com,9000002185,2020-03-13
G02186,Apoorva Shah,Female,49,"Coimbatore, Tamil Nadu",apoorva.shah02186@example.com,9000002186,2016-06-13
G02187,Aman Arora,Male,31,"Kolkata, West Bengal",aman.arora02187@example.com,9000002187,2018-08-05
G02188,Vikram Sodhi,Male,40,"Pune, Maharashtra",vikram.sodhi02188@example.com,9000002188,2019-09-17
G02189,Vivaan Kaur,Male,25,"Nashik, Maharashtra",vivaan.kaur02189@example.com,9000002189,2019-08-16
G02190,Tanya Bhattacharya,Female,33,"Bengaluru, Karnataka",tanya.bhattacharya02190@example.com,9000002190,2023-02-07
G02191,Anurag Thakur,Male,42,"Mumbai, Maharashtra",anurag.thakur02191@example.com,9000002191,2016-09-30
G02192,Gaurav Ahuja,Male,51,"Kolkata, West Bengal",gaurav.ahuja02192@example.com,9000002192,2020-11-16
G02193,Preeti Agarwal,Female,62,"Kochi, Kerala",preeti.agarwal02193@example.com,9000002193,2020-10-12
G02194,Sahil Choudhary,Male,28,"Thiruvananthapuram, Kerala",sahil.choudhary02194@example.com,9000002194,2018-10-22
G02195,Avni Oberoi,Female,31,"New Delhi, Delhi",avni.oberoi02195@example.com,9000002195,2016-03-23
G02196,Trisha Gupta,Female,47,"Mysuru, Karnataka",trisha.gupta02196@example.com,9000002196,2022-10-17
G02197,Adit Thakur,Male,29,"Pune, Maharashtra",adit.thakur02197@example.com,9000002197,2017-05-30
G02198,Dhruv Shah,Male,52,"Bengaluru, Karnataka",dhruv.shah02198@example.com,9000002198,2023-12-12
G02199,Sneha Khanna,Female,41,"Ahmedabad, Gujarat",sneha.khanna02199@example.com,9000002199,2017-05-31
G02200,Aditya Khanna,Male,49,"Hyderabad, Telangana",aditya.khanna02200@example.com,9000002200,2025-09-12
G02201,Yash Khatri,Male,18,"Bengaluru, Karnataka",yash.khatri02201@example.com,9000002201,2021-06-21
G02202,Vivek Patel,Male,36,"Jaipur, Rajasthan",vivek.patel02202@example.com,9000002202,2021-08-16
G02203,Simran Kohli,Female,38,"Pune, Maharashtra",simran.kohli02203@example.com,9000002203,2016-03-07
G02204,Tushar Nair,Male,22,"Jaipur, Rajasthan",tushar.nair02204@example.com,9000002204,2022-11-12
G02205,Manisha Desai,Female,36,"Chandigarh, Chandigarh",manisha.desai02205@example.com,9000002205,2022-12-19
G02206,Shrey Khatri,Male,39,"New Delhi, Delhi",shrey.khatri02206@example.com,9000002206,2018-04-27
G02207,Priya Khatri,Female,47,"Hyderabad, Telangana",priya.khatri02207@example.com,9000002207,2020-06-20
G02208,Radhika Nair,Female,41,"Jaipur, Rajasthan",radhika.nair02208@example.com,9000002208,2020-07-11
G02209,Myra Menon,Female,26,"Ahmedabad, Gujarat",myra.menon02209@example.com,9000002209,2021-07-09
G02210,Preeti Das,Female,26,"Bengaluru, Karnataka",preeti.das02210@example.com,9000002210,2023-06-13
G02211,Naveen Rao,Male,57,"Chandigarh, Chandigarh",naveen.rao02211@example.com,9000002211,2022-08-23
G02212,Raj Luthra,Male,43,"Chandigarh, Chandigarh",raj.luthra02212@example.com,9000002212,2019-01-25
G02213,Aanya Srivastava,Female,32,"Gurugram, Haryana",aanya.srivastava02213@example.com,9000002213,2018-08-24
G02214,Anurag Desai,Male,43,"Chandigarh, Chandigarh",anurag.desai02214@example.com,9000002214,2016-07-02
G02215,Adit Sinha,Male,47,"Gurugram, Haryana",adit.sinha02215@example.com,9000002215,2024-01-05
G02216,Simran Patel,Female,22,"Thiruvananthapuram, Kerala",simran.patel02216@example.com,9000002216,2024-01-31
G02217,Vivaan Puri,Male,42,"Pune, Maharashtra",vivaan.puri02217@example.com,9000002217,2022-10-11
G02218,Arnav Thakur,Male,35,"Kochi, Kerala",arnav.thakur02218@example.com,9000002218,2016-11-29
G02219,Ritvik Gill,Male,19,"Pune, Maharashtra",ritvik.gill02219@example.com,9000002219,2019-08-23
G02220,Saurabh Verma,Male,42,"Noida, Uttar Pradesh",saurabh.verma02220@example.com,9000002220,2018-05-23
G02221,Vikram Sinha,Male,37,"Nashik, Maharashtra",vikram.sinha02221@example.com,9000002221,2018-04-20
G02222,Kiara Das,Female,48,"Mumbai, Maharashtra",kiara.das02222@example.com,9000002222,2021-12-30
G02223,Diya Naidu,Female,47,"Jaipur, Rajasthan",diya.naidu02223@example.com,9000002223,2019-04-14
G02224,Kiara Srivastava,Female,62,"Noida, Uttar Pradesh",kiara.srivastava02224@example.com,9000002224,2021-01-13
G02225,Navya Srivastava,Female,42,"Shimla, Himachal Pradesh",navya.srivastava02225@example.com,9000002225,2023-01-06
G02226,Avni Puri,Female,46,"Mumbai, Maharashtra",avni.puri02226@example.com,9000002226,2022-03-21
G02227,Aanya Arora,Female,45,"Dehradun, Uttarakhand",aanya.arora02227@example.com,9000002227,2019-02-24
G02228,Rishi Nair,Male,55,"Bhubaneswar, Odisha",rishi.nair02228@example.com,9000002228,2016-07-31
G02229,Tanmay Puri,Male,31,"Ahmedabad, Gujarat",tanmay.puri02229@example.com,9000002229,2016-05-31
G02230,Gaurav Dutta,Male,37,"New Delhi, Delhi",gaurav.dutta02230@example.com,9000002230,2021-09-10
G02231,Mohit Desai,Male,38,"Nagpur, Maharashtra",mohit.desai02231@example.com,9000002231,2020-10-22
G02232,Ujjwal Puri,Male,58,"Pune, Maharashtra",ujjwal.puri02232@example.com,9000002232,2018-02-05
G02233,Pooja Gill,Female,38,"Kolkata, West Bengal",pooja.gill02233@example.com,9000002233,2022-12-01
G02234,Nikita Thakur,Female,34,"Gurugram, Haryana",nikita.thakur02234@example.com,9000002234,2017-04-28
G02235,Payal Mehta,Female,23,"Lucknow, Uttar Pradesh",payal.mehta02235@example.com,9000002235,2022-06-16
G02236,Adit Ghosh,Male,49,"Chennai, Tamil Nadu",adit.ghosh02236@example.com,9000002236,2018-09-05
G02237,Sahil Bhatia,Male,29,"Pune, Maharashtra",sahil.bhatia02237@example.com,9000002237,2016-05-29
G02238,Tanvi Malhotra,Female,33,"Mysuru, Karnataka",tanvi.malhotra02238@example.com,9000002238,2016-07-04
G02239,Sakshi Das,Female,31,"Mumbai, Maharashtra",sakshi.das02239@example.com,9000002239,2016-07-11
G02240,Neeraj Saxena,Male,44,"New Delhi, Delhi",neeraj.saxena02240@example.com,9000002240,2020-05-05
G02241,Varun Kohli,Male,59,"Mumbai, Maharashtra",varun.kohli02241@example.com,9000002241,2021-11-01
G02242,Saurabh Desai,Male,38,"Lucknow, Uttar Pradesh",saurabh.desai02242@example.com,9000002242,2017-06-05
G02243,Sneha Agarwal,Female,42,"Ranchi, Jharkhand",sneha.agarwal02243@example.com,9000002243,2017-03-17
G02244,Mayank Kaur,Male,44,"Kolkata, West Bengal",mayank.kaur02244@example.com,9000002244,2022-09-26
G02245,Dev Naidu,Male,22,"Chandigarh, Chandigarh",dev.naidu02245@example.com,9000002245,2017-11-23
G02246,Trisha Luthra,Female,34,"Ahmedabad, Gujarat",trisha.luthra02246@example.com,9000002246,2025-08-19
G02247,Avni Shetty,Other,40,"Bhubaneswar, Odisha",avni.shetty02247@example.com,9000002247,2016-06-16
G02248,Vasudha Verma,Female,32,"Gurugram, Haryana",vasudha.verma02248@example.com,9000002248,2025-08-19
G02249,Aditi Naidu,Female,33,"Mumbai, Maharashtra",aditi.naidu02249@example.com,9000002249,2016-03-07
G02250,Kunal Dutta,Male,61,"Gurugram, Haryana",kunal.dutta02250@example.com,9000002250,2016-04-07
G02251,Kriti Khatri,Female,19,"Hyderabad, Telangana",kriti.khatri02251@example.com,9000002251,2017-10-10
G02252,Aanya Bhattacharya,Female,41,"Hyderabad, Telangana",aanya.bhattacharya02252@example.com,9000002252,2022-06-03
G02253,Vivek Mittal,Male,49,"New Delhi, Delhi",vivek.mittal02253@example.com,9000002253,2018-10-23
G02254,Diya Sengupta,Female,49,"Udaipur, Rajasthan",diya.sengupta02254@example.com,9000002254,2022-11-04
G02255,Arjun Dutta,Male,56,"New Delhi, Delhi",arjun.dutta02255@example.com,9000002255,2022-06-25
G02256,Mahi Vohra,Female,39,"Coimbatore, Tamil Nadu",mahi.vohra02256@example.com,9000002256,2021-11-16
G02257,Mayank Saxena,Male,52,"Nashik, Maharashtra",mayank.saxena02257@example.com,9000002257,2024-05-08
G02258,Mayank Reddy,Male,46,"Chennai, Tamil Nadu",mayank.reddy02258@example.com,9000002258,2016-02-06
G02259,Payal Oberoi,Female,45,"Chennai, Tamil Nadu",payal.oberoi02259@example.com,9000002259,2025-06-03
G02260,Nikhil Shah,Male,74,"Jaipur, Rajasthan",nikhil.shah02260@example.com,9000002260,2023-11-02
G02261,Naveen Mishra,Male,38,"Noida, Uttar Pradesh",naveen.mishra02261@example.com,9000002261,2016-06-27
G02262,Shivani Naidu,Female,51,"Gurugram, Haryana",shivani.naidu02262@example.com,9000002262,2016-02-01
G02263,Neeraj Bansal,Male,37,"Indore, Madhya Pradesh",neeraj.bansal02263@example.com,9000002263,2023-05-29
G02264,Mahi Bhatia,Female,58,"Gurugram, Haryana",mahi.bhatia02264@example.com,9000002264,2017-06-13
G02265,Myra Ghosh,Female,44,"Ranchi, Jharkhand",myra.ghosh02265@example.com,9000002265,2021-04-07
G02266,Bhavna Desai,Female,35,"Surat, Gujarat",bhavna.desai02266@example.com,9000002266,2018-04-27
G02267,Sameer Srivastava,Male,33,"Lucknow, Uttar Pradesh",sameer.srivastava02267@example.com,9000002267,2023-09-12
G02268,Tarun Saxena,Male,41,"Mumbai, Maharashtra",tarun.saxena02268@example.com,9000002268,2022-07-25
G02269,Kriti Singh,Female,34,"Hyderabad, Telangana",kriti.singh02269@example.com,9000002269,2016-07-16
G02270,Sahil Ghosh,Male,56,"New Delhi, Delhi",sahil.ghosh02270@example.com,9000002270,2024-05-10
G02271,Rishi Dutta,Male,40,"Hyderabad, Telangana",rishi.dutta02271@example.com,9000002271,2018-09-19
G02272,Sahil Trivedi,Male,49,"Indore, Madhya Pradesh",sahil.trivedi02272@example.com,9000002272,2016-01-28
G02273,Aarav Pillai,Male,38,"Gurugram, Haryana",aarav.pillai02273@example.com,9000002273,2021-02-19
G02274,Adit Bansal,Male,39,"Bengaluru, Karnataka",adit.bansal02274@example.com,9000002274,2025-04-09
G02275,Adit Bhatia,Male,36,"Indore, Madhya Pradesh",adit.bhatia02275@example.com,9000002275,2020-11-02
G02276,Aanya Shah,Female,47,"Bhubaneswar, Odisha",aanya.shah02276@example.com,9000002276,2019-10-03
G02277,Nisha Gill,Female,41,"Shimla, Himachal Pradesh",nisha.gill02277@example.com,9000002277,2021-07-24
G02278,Isha Kapoor,Female,19,"Bengaluru, Karnataka",isha.kapoor02278@example.com,9000002278,2017-06-26
G02279,Dev Sharma,Male,33,"Jaipur, Rajasthan",dev.sharma02279@example.com,9000002279,2020-09-02
G02280,Arjun Mathur,Male,56,"Lucknow, Uttar Pradesh",arjun.mathur02280@example.com,9000002280,2016-06-10
G02281,Vikram Agarwal,Male,30,"Kolkata, West Bengal",vikram.agarwal02281@example.com,9000002281,2018-11-22
G02282,Nisha Thakur,Female,47,"Mumbai, Maharashtra",nisha.thakur02282@example.com,9000002282,2024-05-04
G02283,Vivaan Dhingra,Male,37,"Bengaluru, Karnataka",vivaan.dhingra02283@example.com,9000002283,2016-02-09
G02284,Adit Chopra,Male,56,"Bengaluru, Karnataka",adit.chopra02284@example.com,9000002284,2018-05-03
G02285,Ritu Agarwal,Female,46,"Gurugram, Haryana",ritu.agarwal02285@example.com,9000002285,2020-02-19
G02286,Manisha Kohli,Female,54,"Noida, Uttar Pradesh",manisha.kohli02286@example.com,9000002286,2021-08-24
G02287,Simran Pillai,Female,32,"Chennai, Tamil Nadu",simran.pillai02287@example.com,9000002287,2019-03-03
G02288,Aarohi Reddy,Female,56,"Chandigarh, Chandigarh",aarohi.reddy02288@example.com,9000002288,2021-10-15
G02289,Sahil Rawat,Male,40,"Ranchi, Jharkhand",sahil.rawat02289@example.com,9000002289,2018-12-21
G02290,Sonali Agarwal,Female,50,"Bengaluru, Karnataka",sonali.agarwal02290@example.com,9000002290,2018-05-24
G02291,Pooja Das,Female,51,"Gurugram, Haryana",pooja.das02291@example.com,9000002291,2018-02-10
G02292,Ankit Mehta,Male,60,"Coimbatore, Tamil Nadu",ankit.mehta02292@example.com,9000002292,2019-04-14
G02293,Neeraj Srivastava,Male,43,"Nashik, Maharashtra",neeraj.srivastava02293@example.com,9000002293,2019-09-30
G02294,Vivaan Das,Male,31,"Chandigarh, Chandigarh",vivaan.das02294@example.com,9000002294,2024-08-02
G02295,Aman Chauhan,Male,45,"Mumbai, Maharashtra",aman.chauhan02295@example.com,9000002295,2019-05-30
G02296,Dev Rao,Male,30,"Udaipur, Rajasthan",dev.rao02296@example.com,9000002296,2025-09-27
G02297,Aarohi Yadav,Female,46,"Bhubaneswar, Odisha",aarohi.yadav02297@example.com,9000002297,2023-01-17
G02298,Nikhil Mukherjee,Male,53,"Coimbatore, Tamil Nadu",nikhil.mukherjee02298@example.com,9000002298,2023-03-29
G02299,Tanmay Kapoor,Male,37,"Chandigarh, Chandigarh",tanmay.kapoor02299@example.com,9000002299,2019-10-10
G02300,Naveen Jain,Male,39,"Kolkata, West Bengal",naveen.jain02300@example.com,9000002300,2016-07-24
G02301,Nikita Sengupta,Female,35,"Bengaluru, Karnataka",nikita.sengupta02301@example.com,9000002301,2023-04-01
G02302,Divya Gill,Female,39,"Kochi, Kerala",divya.gill02302@example.com,9000002302,2024-01-24
G02303,Nikita Sethi,Female,32,"Surat, Gujarat",nikita.sethi02303@example.com,9000002303,2021-12-14
G02304,Ayush Sharma,Male,22,"Bhopal, Madhya Pradesh",ayush.sharma02304@example.com,9000002304,2019-02-20
G02305,Yash Bose,Male,52,"Hyderabad, Telangana",yash.bose02305@example.com,9000002305,2019-05-23
G02306,Aarohi Singh,Female,46,"Dehradun, Uttarakhand",aarohi.singh02306@example.com,9000002306,2020-08-27
G02307,Mohit Kulkarni,Male,26,"Faridabad, Haryana",mohit.kulkarni02307@example.com,9000002307,2022-06-19
G02308,Manav Kapoor,Male,43,"Ranchi, Jharkhand",manav.kapoor02308@example.com,9000002308,2019-11-15
G02309,Sameer Choudhary,Male,43,"Dehradun, Uttarakhand",sameer.choudhary02309@example.com,9000002309,2020-11-14
G02310,Aditi Menon,Female,30,"Ahmedabad, Gujarat",aditi.menon02310@example.com,9000002310,2017-03-28
G02311,Ishaan Khanna,Male,49,"Ahmedabad, Gujarat",ishaan.khanna02311@example.com,9000002311,2016-12-15
G02312,Vivek Bhatia,Male,34,"Hyderabad, Telangana",vivek.bhatia02312@example.com,9000002312,2020-08-27
G02313,Priya Bhattacharya,Female,32,"Dehradun, Uttarakhand",priya.bhattacharya02313@example.com,9000002313,2025-04-22
G02314,Mahi Khatri,Female,41,"Chennai, Tamil Nadu",mahi.khatri02314@example.com,9000002314,2024-03-12
G02315,Aditya Yadav,Male,57,"Thiruvananthapuram, Kerala",aditya.yadav02315@example.com,9000002315,2025-01-25
G02316,Trisha Kaur,Female,45,"Mysuru, Karnataka",trisha.kaur02316@example.com,9000002316,2019-06-06
G02317,Ayush Tiwari,Male,42,"Mumbai, Maharashtra",ayush.tiwari02317@example.com,9000002317,2024-04-14
G02318,Ujjwal Kaur,Male,53,"Hyderabad, Telangana",ujjwal.kaur02318@example.com,9000002318,2024-11-01
G02319,Mrunal Ghosh,Female,43,"Chandigarh, Chandigarh",mrunal.ghosh02319@example.com,9000002319,2023-12-28
G02320,Myra Patel,Female,41,"Jaipur, Rajasthan",myra.patel02320@example.com,9000002320,2019-05-10
G02321,Aanya Kohli,Female,44,"Chennai, Tamil Nadu",aanya.kohli02321@example.com,9000002321,2019-09-28
G02322,Rishi Iyer,Male,32,"Mumbai, Maharashtra",rishi.iyer02322@example.com,9000002322,2018-02-25
G02323,Pallavi Mukherjee,Female,35,"Chennai, Tamil Nadu",pallavi.mukherjee02323@example.com,9000002323,2020-12-22
G02324,Ujjwal Sengupta,Other,33,"Jaipur, Rajasthan",ujjwal.sengupta02324@example.com,9000002324,2019-07-27
G02325,Nikita Singh,Female,45,"Gurugram, Haryana",nikita.singh02325@example.com,9000002325,2021-10-17
G02326,Pooja Kapoor,Female,23,"Coimbatore, Tamil Nadu",pooja.kapoor02326@example.com,9000002326,2019-07-26
G02327,Arnav Kaur,Male,36,"Hyderabad, Telangana",arnav.kaur02327@example.com,9000002327,2016-01-09
G02328,Avni Saxena,Female,56,"Ahmedabad, Gujarat",avni.saxena02328@example.com,9000002328,2022-09-30
G02329,Arjun Bhatia,Male,21,"New Delhi, Delhi",arjun.bhatia02329@example.com,9000002329,2020-08-20
G02330,Karan Trivedi,Male,44,"Pune, Maharashtra",karan.trivedi02330@example.com,9000002330,2016-06-14
G02331,Mohit Singh,Male,47,"Bengaluru, Karnataka",mohit.singh02331@example.com,9000002331,2023-06-20
G02332,Anurag Bansal,Male,53,"Kolkata, West Bengal",anurag.bansal02332@example.com,9000002332,2018-10-22
G02333,Kabir Shetty,Male,42,"Mysuru, Karnataka",kabir.shetty02333@example.com,9000002333,2022-10-08
G02334,Naveen Banerjee,Male,50,"Surat, Gujarat",naveen.banerjee02334@example.com,9000002334,2022-12-04
G02335,Naveen Dutta,Male,53,"Mumbai, Maharashtra",naveen.dutta02335@example.com,9000002335,2023-08-15
G02336,Navya Sodhi,Female,18,"Noida, Uttar Pradesh",navya.sodhi02336@example.com,9000002336,2016-03-13
G02337,Abhinav Sharma,Male,49,"Ahmedabad, Gujarat",abhinav.sharma02337@example.com,9000002337,2023-02-04
G02338,Yash Shetty,Male,37,"Thiruvananthapuram, Kerala",yash.shetty02338@example.com,9000002338,2022-06-18
G02339,Divya Sodhi,Female,52,"Ahmedabad, Gujarat",divya.sodhi02339@example.com,9000002339,2019-07-12
G02340,Preeti Khanna,Female,36,"New Delhi, Delhi",preeti.khanna02340@example.com,9000002340,2021-10-05
G02341,Shivani Rawat,Female,35,"Chandigarh, Chandigarh",shivani.rawat02341@example.com,9000002341,2025-03-22
G02342,Nikita Chopra,Female,33,"Bhopal, Madhya Pradesh",nikita.chopra02342@example.com,9000002342,2019-10-02
G02343,Rahul Chopra,Male,30,"Faridabad, Haryana",rahul.chopra02343@example.com,9000002343,2016-04-09
G02344,Nisha Agarwal,Female,36,"Mumbai, Maharashtra",nisha.agarwal02344@example.com,9000002344,2019-10-25
G02345,Dhruv Iyer,Male,46,"Kolkata, West Bengal",dhruv.iyer02345@example.com,9000002345,2020-07-30
G02346,Dhruv Ghosh,Male,38,"Goa, Goa",dhruv.ghosh02346@example.com,9000002346,2021-08-12
G02347,Trisha Khatri,Female,36,"Udaipur, Rajasthan",trisha.khatri02347@example.com,9000002347,2016-08-07
G02348,Mayank Luthra,Male,39,"Gurugram, Haryana",mayank.luthra02348@example.com,9000002348,2022-09-21
G02349,Navya Saxena,Female,58,"Indore, Madhya Pradesh",navya.saxena02349@example.com,9000002349,2022-06-27
G02350,Radhika Sinha,Female,23,"Coimbatore, Tamil Nadu",radhika.sinha02350@example.com,9000002350,2021-12-25
G02351,Payal Agarwal,Female,26,"Jaipur, Rajasthan",payal.agarwal02351@example.com,9000002351,2025-03-24
G02352,Riya Vohra,Female,31,"Mumbai, Maharashtra",riya.vohra02352@example.com,9000002352,2021-06-04
G02353,Aarav Rao,Male,46,"Nashik, Maharashtra",aarav.rao02353@example.com,9000002353,2019-10-27
G02354,Avni Desai,Female,31,"Pune, Maharashtra",avni.desai02354@example.com,9000002354,2020-07-08
G02355,Kiara Mukherjee,Female,43,"Kochi, Kerala",kiara.mukherjee02355@example.com,9000002355,2017-09-24
G02356,Myra Sinha,Female,53,"Chennai, Tamil Nadu",myra.sinha02356@example.com,9000002356,2021-04-25
G02357,Amit Arora,Male,59,"Gurugram, Haryana",amit.arora02357@example.com,9000002357,2020-02-21
G02358,Shivani Ahuja,Female,50,"Pune, Maharashtra",shivani.ahuja02358@example.com,9000002358,2023-07-09
G02359,Kiara Sodhi,Female,21,"Jaipur, Rajasthan",kiara.sodhi02359@example.com,9000002359,2024-08-22
G02360,Ritu Choudhary,Female,66,"Indore, Madhya Pradesh",ritu.choudhary02360@example.com,9000002360,2022-07-15
G02361,Tanya Naidu,Female,47,"Chandigarh, Chandigarh",tanya.naidu02361@example.com,9000002361,2025-04-26
G02362,Mayank Rao,Male,30,"Lucknow, Uttar Pradesh",mayank.rao02362@example.com,9000002362,2018-11-17
G02363,Navya Tiwari,Female,40,"New Delhi, Delhi",navya.tiwari02363@example.com,9000002363,2023-03-21
G02364,Mohit Khatri,Male,31,"Gurugram, Haryana",mohit.khatri02364@example.com,9000002364,2024-04-08
G02365,Karan Sodhi,Male,22,"Mumbai, Maharashtra",karan.sodhi02365@example.com,9000002365,2022-06-04
G02366,Aarohi Saxena,Female,44,"Faridabad, Haryana",aarohi.saxena02366@example.com,9000002366,2025-07-07
G02367,Rishi Gupta,Male,48,"Coimbatore, Tamil Nadu",rishi.gupta02367@example.com,9000002367,2024-10-12
G02368,Adit Vohra,Male,43,"Mumbai, Maharashtra",adit.vohra02368@example.com,9000002368,2022-03-04
G02369,Ishita Mittal,Female,50,"Mysuru, Karnataka",ishita.mittal02369@example.com,9000002369,2018-06-30
G02370,Karan Sengupta,Male,43,"Hyderabad, Telangana",karan.sengupta02370@example.com,9000002370,2016-06-04
G02371,Ritu Chauhan,Female,55,"Hyderabad, Telangana",ritu.chauhan02371@example.com,9000002371,2019-06-15
G02372,Ananya Chopra,Female,50,"Gurugram, Haryana",ananya.chopra02372@example.com,9000002372,2022-12-05
G02373,Ritu Vohra,Female,51,"Mumbai, Maharashtra",ritu.vohra02373@example.com,9000002373,2020-06-24
G02374,Tushar Sethi,Male,18,"Noida, Uttar Pradesh",tushar.sethi02374@example.com,9000002374,2023-07-23
G02375,Kriti Thakur,Female,38,"Noida, Uttar Pradesh",kriti.thakur02375@example.com,9000002375,2022-03-27
G02376,Radhika Mukherjee,Female,27,"Ahmedabad, Gujarat",radhika.mukherjee02376@example.com,9000002376,2022-01-25
G02377,Pooja Choudhary,Female,28,"Hyderabad, Telangana",pooja.choudhary02377@example.com,9000002377,2018-09-28
G02378,Kriti Banerjee,Female,39,"Pune, Maharashtra",kriti.banerjee02378@example.com,9000002378,2017-08-22
G02379,Isha Sharma,Female,38,"Faridabad, Haryana",isha.sharma02379@example.com,9000002379,2020-02-09
G02380,Sakshi Verma,Female,43,"Ranchi, Jharkhand",sakshi.verma02380@example.com,9000002380,2022-10-28
G02381,Raghav Kulkarni,Male,52,"Mumbai, Maharashtra",raghav.kulkarni02381@example.com,9000002381,2017-06-14
G02382,Tanmay Jain,Male,37,"Gurugram, Haryana",tanmay.jain02382@example.com,9000002382,2024-11-18
G02383,Akash Sinha,Male,29,"Gurugram, Haryana",akash.sinha02383@example.com,9000002383,2016-03-25
G02384,Swati Kapoor,Other,18,"Ahmedabad, Gujarat",swati.kapoor02384@example.com,9000002384,2016-09-17
G02385,Arjun Mishra,Male,34,"Bengaluru, Karnataka",arjun.mishra02385@example.com,9000002385,2017-08-07
G02386,Sakshi Banerjee,Female,19,"Nashik, Maharashtra",sakshi.banerjee02386@example.com,9000002386,2022-10-15
G02387,Kavya Rawat,Other,21,"Mumbai, Maharashtra",kavya.rawat02387@example.com,9000002387,2017-11-13
G02388,Kunal Srivastava,Male,39,"Patna, Bihar",kunal.srivastava02388@example.com,9000002388,2018-11-08
G02389,Tushar Agarwal,Male,42,"Ranchi, Jharkhand",tushar.agarwal02389@example.com,9000002389,2019-03-30
G02390,Aarav Arora,Male,37,"Lucknow, Uttar Pradesh",aarav.arora02390@example.com,9000002390,2020-02-28
G02391,Ujjwal Pillai,Male,48,"Ahmedabad, Gujarat",ujjwal.pillai02391@example.com,9000002391,2021-03-21
G02392,Ananya Mathur,Female,57,"Lucknow, Uttar Pradesh",ananya.mathur02392@example.com,9000002392,2021-07-26
G02393,Sonali Khatri,Female,34,"Lucknow, Uttar Pradesh",sonali.khatri02393@example.com,9000002393,2018-01-02
G02394,Arjun Arora,Male,55,"Surat, Gujarat",arjun.arora02394@example.com,9000002394,2017-03-23
G02395,Sakshi Thakur,Female,40,"Udaipur, Rajasthan",sakshi.thakur02395@example.com,9000002395,2020-03-07
G02396,Trisha Agarwal,Female,49,"Kolkata, West Bengal",trisha.agarwal02396@example.com,9000002396,2017-11-07
G02397,Shreya Singh,Female,46,"Gurugram, Haryana",shreya.singh02397@example.com,9000002397,2016-11-17
G02398,Pallavi Gill,Female,50,"Udaipur, Rajasthan",pallavi.gill02398@example.com,9000002398,2022-02-10
G02399,Apoorva Sodhi,Female,33,"New Delhi, Delhi",apoorva.sodhi02399@example.com,9000002399,2022-07-31
G02400,Pooja Tiwari,Female,40,"Kochi, Kerala",pooja.tiwari02400@example.com,9000002400,2022-11-05
G02401,Rohan Banerjee,Male,18,"Chennai, Tamil Nadu",rohan.banerjee02401@example.com,9000002401,2022-01-21
G02402,Gaurav Sinha,Male,35,"Bengaluru, Karnataka",gaurav.sinha02402@example.com,9000002402,2018-08-26
G02403,Harsh Kapoor,Male,31,"Ahmedabad, Gujarat",harsh.kapoor02403@example.com,9000002403,2024-07-22
G02404,Tanvi Kapoor,Female,55,"Pune, Maharashtra",tanvi.kapoor02404@example.com,9000002404,2022-03-28
G02405,Ritu Mehta,Female,39,"Ahmedabad, Gujarat",ritu.mehta02405@example.com,9000002405,2021-09-22
G02406,Ananya Thakur,Female,38,"Hyderabad, Telangana",ananya.thakur02406@example.com,9000002406,2022-03-18
G02407,Rahul Bhattacharya,Male,32,"Chennai, Tamil Nadu",rahul.bhattacharya02407@example.com,9000002407,2021-12-14
G02408,Ananya Mukherjee,Female,59,"Coimbatore, Tamil Nadu",ananya.mukherjee02408@example.com,9000002408,2022-01-13
G02409,Diya Rao,Female,27,"Hyderabad, Telangana",diya.rao02409@example.com,9000002409,2022-08-20
G02410,Priya Luthra,Female,46,"Ahmedabad, Gujarat",priya.luthra02410@example.com,9000002410,2018-09-27
G02411,Rohan Dutta,Male,37,"Bengaluru, Karnataka",rohan.dutta02411@example.com,9000002411,2022-05-05
G02412,Tushar Mittal,Male,18,"Faridabad, Haryana",tushar.mittal02412@example.com,9000002412,2023-08-22
G02413,Navya Trivedi,Female,32,"Mumbai, Maharashtra",navya.trivedi02413@example.com,9000002413,2024-11-21
G02414,Ritvik Puri,Male,52,"Thiruvananthapuram, Kerala",ritvik.puri02414@example.com,9000002414,2023-01-13
G02415,Shreya Kulkarni,Female,42,"Kolkata, West Bengal",shreya.kulkarni02415@example.com,9000002415,2024-03-16
G02416,Aditi Singh,Female,53,"Faridabad, Haryana",aditi.singh02416@example.com,9000002416,2024-03-14
G02417,Priya Pillai,Female,26,"Udaipur, Rajasthan",priya.pillai02417@example.com,9000002417,2022-05-30
G02418,Aanya Gill,Female,66,"Jaipur, Rajasthan",aanya.gill02418@example.com,9000002418,2017-12-18
G02419,Kabir Dutta,Male,41,"Chennai, Tamil Nadu",kabir.dutta02419@example.com,9000002419,2021-08-16
G02420,Nikhil Gupta,Male,51,"Bhubaneswar, Odisha",nikhil.gupta02420@example.com,9000002420,2019-09-26
G02421,Aditya Desai,Other,38,"Gurugram, Haryana",aditya.desai02421@example.com,9000002421,2016-09-03
G02422,Sakshi Gill,Female,20,"Chandigarh, Chandigarh",sakshi.gill02422@example.com,9000002422,2017-02-22
G02423,Kavya Rao,Female,54,"Chandigarh, Chandigarh",kavya.rao02423@example.com,9000002423,2018-01-23
G02424,Kabir Thakur,Male,46,"Bengaluru, Karnataka",kabir.thakur02424@example.com,9000002424,2022-09-20
G02425,Ishita Sinha,Female,42,"Lucknow, Uttar Pradesh",ishita.sinha02425@example.com,9000002425,2023-01-05
G02426,Kabir Trivedi,Male,23,"Noida, Uttar Pradesh",kabir.trivedi02426@example.com,9000002426,2024-04-25
G02427,Naveen Rawat,Male,36,"Bengaluru, Karnataka",naveen.rawat02427@example.com,9000002427,2023-04-20
G02428,Karan Joshi,Male,27,"Nagpur, Maharashtra",karan.joshi02428@example.com,9000002428,2021-05-11
G02429,Ankit Pillai,Male,44,"Kolkata, West Bengal",ankit.pillai02429@example.com,9000002429,2021-07-27
G02430,Mrunal Sodhi,Female,35,"Mysuru, Karnataka",mrunal.sodhi02430@example.com,9000002430,2021-01-19
G02431,Muskan Jain,Female,30,"Bhubaneswar, Odisha",muskan.jain02431@example.com,9000002431,2019-05-06
G02432,Avni Tiwari,Female,44,"Udaipur, Rajasthan",avni.tiwari02432@example.com,9000002432,2025-04-07
G02433,Isha Iyer,Female,35,"Pune, Maharashtra",isha.iyer02433@example.com,9000002433,2017-08-30
G02434,Navya Dutta,Female,61,"Bengaluru, Karnataka",navya.dutta02434@example.com,9000002434,2022-10-05
G02435,Yash Agarwal,Male,48,"Indore, Madhya Pradesh",yash.agarwal02435@example.com,9000002435,2023-07-19
G02436,Nandini Sodhi,Female,20,"Chennai, Tamil Nadu",nandini.sodhi02436@example.com,9000002436,2023-10-17
G02437,Dhruv Khanna,Male,28,"Dehradun, Uttarakhand",dhruv.khanna02437@example.com,9000002437,2016-05-26
G02438,Karan Verma,Male,45,"Ahmedabad, Gujarat",karan.verma02438@example.com,9000002438,2017-07-28
G02439,Shivani Shetty,Female,57,"Ahmedabad, Gujarat",shivani.shetty02439@example.com,9000002439,2017-10-22
G02440,Shivani Pillai,Female,26,"Pune, Maharashtra",shivani.pillai02440@example.com,9000002440,2016-10-30
G02441,Abhinav Mukherjee,Male,23,"Ahmedabad, Gujarat",abhinav.mukherjee02441@example.com,9000002441,2019-05-16
G02442,Meera Saxena,Female,22,"Surat, Gujarat",meera.saxena02442@example.com,9000002442,2025-05-08
G02443,Ritu Bose,Female,34,"Gurugram, Haryana",ritu.bose02443@example.com,9000002443,2017-01-09
G02444,Trisha Banerjee,Female,53,"Indore, Madhya Pradesh",trisha.banerjee02444@example.com,9000002444,2018-10-20
G02445,Sonali Naidu,Female,28,"Lucknow, Uttar Pradesh",sonali.naidu02445@example.com,9000002445,2021-06-09
G02446,Abhinav Das,Male,35,"Bengaluru, Karnataka",abhinav.das02446@example.com,9000002446,2024-07-22
G02447,Siddharth Singh,Male,46,"Shimla, Himachal Pradesh",siddharth.singh02447@example.com,9000002447,2018-02-02
G02448,Muskan Bhattacharya,Female,36,"Mumbai, Maharashtra",muskan.bhattacharya02448@example.com,9000002448,2016-02-06
G02449,Sakshi Iyer,Female,33,"Jaipur, Rajasthan",sakshi.iyer02449@example.com,9000002449,2017-07-14
G02450,Pallavi Ahuja,Female,39,"New Delhi, Delhi",pallavi.ahuja02450@example.com,9000002450,2018-08-09
G02451,Mahi Dutta,Female,32,"Jaipur, Rajasthan",mahi.dutta02451@example.com,9000002451,2016-02-18
G02452,Vivek Bose,Male,53,"Indore, Madhya Pradesh",vivek.bose02452@example.com,9000002452,2022-05-22
G02453,Parth Choudhary,Male,32,"Ahmedabad, Gujarat",parth.choudhary02453@example.com,9000002453,2022-02-13
G02454,Radhika Bhattacharya,Female,24,"Chennai, Tamil Nadu",radhika.bhattacharya02454@example.com,9000002454,2019-12-14
G02455,Sneha Mukherjee,Female,32,"Mumbai, Maharashtra",sneha.mukherjee02455@example.com,9000002455,2019-08-13
G02456,Aarav Desai,Male,45,"Surat, Gujarat",aarav.desai02456@example.com,9000002456,2024-09-19
G02457,Adit Naidu,Male,35,"Chandigarh, Chandigarh",adit.naidu02457@example.com,9000002457,2025-08-11
G02458,Sneha Banerjee,Female,35,"Mysuru, Karnataka",sneha.banerjee02458@example.com,9000002458,2017-01-17
G02459,Manisha Mittal,Female,46,"Mumbai, Maharashtra",manisha.mittal02459@example.com,9000002459,2023-02-06
G02460,Tanya Choudhary,Female,60,"Gurugram, Haryana",tanya.choudhary02460@example.com,9000002460,2019-04-06
G02461,Mrunal Oberoi,Female,29,"Bhopal, Madhya Pradesh",mrunal.oberoi02461@example.com,9000002461,2017-01-01
G02462,Raghav Kohli,Male,41,"Mysuru, Karnataka",raghav.kohli02462@example.com,9000002462,2018-08-14
G02463,Ankit Shah,Male,37,"Indore, Madhya Pradesh",ankit.shah02463@example.com,9000002463,2023-09-04
G02464,Tanya Vohra,Female,41,"Kolkata, West Bengal",tanya.vohra02464@example.com,9000002464,2022-03-10
G02465,Pallavi Bhatia,Female,45,"Faridabad, Haryana",pallavi.bhatia02465@example.com,9000002465,2016-01-06
G02466,Manav Rao,Male,51,"Mysuru, Karnataka",manav.rao02466@example.com,9000002466,2019-10-25
G02467,Mahi Rawat,Female,40,"Pune, Maharashtra",mahi.rawat02467@example.com,9000002467,2017-12-09
G02468,Parth Luthra,Other,33,"Kochi, Kerala",parth.luthra02468@example.com,9000002468,2018-02-13
G02469,Adit Tiwari,Male,24,"Kochi, Kerala",adit.tiwari02469@example.com,9000002469,2022-11-05
G02470,Shalini Ahuja,Female,37,"Jaipur, Rajasthan",shalini.ahuja02470@example.com,9000002470,2017-04-17
G02471,Arnav Shah,Male,29,"Dehradun, Uttarakhand",arnav.shah02471@example.com,9000002471,2022-08-26
G02472,Vasudha Dutta,Female,52,"Ahmedabad, Gujarat",vasudha.dutta02472@example.com,9000002472,2024-07-19
G02473,Diya Oberoi,Female,29,"Nashik, Maharashtra",diya.oberoi02473@example.com,9000002473,2017-02-26
G02474,Shalini Sinha,Female,41,"Dehradun, Uttarakhand",shalini.sinha02474@example.com,9000002474,2023-11-08
G02475,Tanvi Dhingra,Female,26,"Faridabad, Haryana",tanvi.dhingra02475@example.com,9000002475,2017-02-06
G02476,Vivek Dutta,Male,62,"Kolkata, West Bengal",vivek.dutta02476@example.com,9000002476,2021-03-06
G02477,Manav Tiwari,Male,44,"Hyderabad, Telangana",manav.tiwari02477@example.com,9000002477,2024-06-12
G02478,Isha Ghosh,Female,45,"Goa, Goa",isha.ghosh02478@example.com,9000002478,2019-11-20
G02479,Anurag Menon,Male,43,"Kochi, Kerala",anurag.menon02479@example.com,9000002479,2023-07-26
G02480,Muskan Nair,Female,33,"Nagpur, Maharashtra",muskan.nair02480@example.com,9000002480,2023-01-01
G02481,Apoorva Malhotra,Female,51,"Surat, Gujarat",apoorva.malhotra02481@example.com,9000002481,2017-09-24
G02482,Neha Shetty,Female,38,"Faridabad, Haryana",neha.shetty02482@example.com,9000002482,2023-08-19
G02483,Tarun Bhatia,Male,55,"Mumbai, Maharashtra",tarun.bhatia02483@example.com,9000002483,2019-04-23
G02484,Sakshi Patel,Female,37,"Bengaluru, Karnataka",sakshi.patel02484@example.com,9000002484,2017-01-31
G02485,Nikita Desai,Female,37,"Kolkata, West Bengal",nikita.desai02485@example.com,9000002485,2022-08-24
G02486,Priya Mathur,Female,52,"Mumbai, Maharashtra",priya.mathur02486@example.com,9000002486,2018-01-17
G02487,Ananya Dutta,Female,25,"Hyderabad, Telangana",ananya.dutta02487@example.com,9000002487,2023-09-10
G02488,Neeraj Agarwal,Male,27,"Hyderabad, Telangana",neeraj.agarwal02488@example.com,9000002488,2018-06-19
G02489,Ritika Ghosh,Female,63,"Hyderabad, Telangana",ritika.ghosh02489@example.com,9000002489,2017-11-11
G02490,Apoorva Gupta,Female,32,"Kochi, Kerala",apoorva.gupta02490@example.com,9000002490,2022-03-10
G02491,Diya Tiwari,Other,45,"Bengaluru, Karnataka",diya.tiwari02491@example.com,9000002491,2019-09-05
G02492,Manav Chopra,Male,24,"Lucknow, Uttar Pradesh",manav.chopra02492@example.com,9000002492,2020-11-05
G02493,Mohit Tiwari,Male,65,"New Delhi, Delhi",mohit.tiwari02493@example.com,9000002493,2018-07-07
G02494,Adit Chauhan,Male,37,"Mumbai, Maharashtra",adit.chauhan02494@example.com,9000002494,2016-01-17
G02495,Nikhil Dutta,Male,34,"Indore, Madhya Pradesh",nikhil.dutta02495@example.com,9000002495,2022-06-02
G02496,Ankit Saxena,Male,46,"Jaipur, Rajasthan",ankit.saxena02496@example.com,9000002496,2018-10-19
G02497,Mohit Agarwal,Male,32,"Hyderabad, Telangana",mohit.agarwal02497@example.com,9000002497,2016-03-13
G02498,Deepak Chopra,Male,38,"Nagpur, Maharashtra",deepak.chopra02498@example.com,9000002498,2016-12-19
G02499,Arnav Vohra,Other,30,"Chandigarh, Chandigarh",arnav.vohra02499@example.com,9000002499,2020-12-03
G02500,Sneha Tiwari,Female,18,"Mumbai, Maharashtra",sneha.tiwari02500@example.com,9000002500,2017-11-11
G02501,Ritu Patel,Female,58,"Udaipur, Rajasthan",ritu.patel02501@example.com,9000002501,2019-09-28
G02502,Ritu Sodhi,Female,47,"Chennai, Tamil Nadu",ritu.sodhi02502@example.com,9000002502,2017-08-07
G02503,Shubham Bhatia,Male,44,"Ahmedabad, Gujarat",shubham.bhatia02503@example.com,9000002503,2017-01-17
G02504,Mohit Kohli,Male,27,"Mumbai, Maharashtra",mohit.kohli02504@example.com,9000002504,2020-11-07
G02505,Dev Gupta,Male,43,"Faridabad, Haryana",dev.gupta02505@example.com,9000002505,2019-03-19
G02506,Mohit Arora,Male,40,"Patna, Bihar",mohit.arora02506@example.com,9000002506,2020-11-27
G02507,Divya Reddy,Female,37,"Indore, Madhya Pradesh",divya.reddy02507@example.com,9000002507,2020-07-22
G02508,Ananya Gupta,Female,55,"Chandigarh, Chandigarh",ananya.gupta02508@example.com,9000002508,2023-04-22
G02509,Sameer Agarwal,Male,33,"Hyderabad, Telangana",sameer.agarwal02509@example.com,9000002509,2016-12-01
G02510,Muskan Srivastava,Female,42,"Ahmedabad, Gujarat",muskan.srivastava02510@example.com,9000002510,2016-04-24
G02511,Dev Dutta,Male,21,"Lucknow, Uttar Pradesh",dev.dutta02511@example.com,9000002511,2016-02-19
G02512,Nandini Vohra,Female,38,"Shimla, Himachal Pradesh",nandini.vohra02512@example.com,9000002512,2016-08-22
G02513,Neha Verma,Female,32,"Dehradun, Uttarakhand",neha.verma02513@example.com,9000002513,2016-06-11
G02514,Myra Kaur,Female,50,"Indore, Madhya Pradesh",myra.kaur02514@example.com,9000002514,2022-05-09
G02515,Siddharth Ahuja,Male,33,"Udaipur, Rajasthan",siddharth.ahuja02515@example.com,9000002515,2022-08-27
G02516,Harsh Trivedi,Male,48,"Nagpur, Maharashtra",harsh.trivedi02516@example.com,9000002516,2016-02-22
G02517,Shreya Mishra,Female,23,"Shimla, Himachal Pradesh",shreya.mishra02517@example.com,9000002517,2019-03-25
G02518,Aanya Mathur,Female,47,"Bengaluru, Karnataka",aanya.mathur02518@example.com,9000002518,2024-11-13
G02519,Avni Trivedi,Female,18,"Bhubaneswar, Odisha",avni.trivedi02519@example.com,9000002519,2023-10-05
G02520,Kriti Gill,Female,52,"New Delhi, Delhi",kriti.gill02520@example.com,9000002520,2016-09-06
G02521,Shreya Agarwal,Female,32,"Bengaluru, Karnataka",shreya.agarwal02521@example.com,9000002521,2021-08-04
G02522,Akash Bansal,Male,44,"Indore, Madhya Pradesh",akash.bansal02522@example.com,9000002522,2017-06-08
G02523,Sonali Pillai,Female,30,"Hyderabad, Telangana",sonali.pillai02523@example.com,9000002523,2025-01-14
G02524,Nikhil Agarwal,Male,34,"Hyderabad, Telangana",nikhil.agarwal02524@example.com,9000002524,2023-04-29
G02525,Sameer Joshi,Male,39,"Hyderabad, Telangana",sameer.joshi02525@example.com,9000002525,2020-06-05
G02526,Kabir Menon,Male,64,"Mumbai, Maharashtra",kabir.menon02526@example.com,9000002526,2019-02-27
G02527,Dev Patel,Male,56,"Mumbai, Maharashtra",dev.patel02527@example.com,9000002527,2023-01-15
G02528,Nikhil Kapoor,Male,38,"Bengaluru, Karnataka",nikhil.kapoor02528@example.com,9000002528,2020-10-09
G02529,Apoorva Mehta,Female,27,"Shimla, Himachal Pradesh",apoorva.mehta02529@example.com,9000002529,2021-06-11
G02530,Preeti Bhattacharya,Female,25,"Shimla, Himachal Pradesh",preeti.bhattacharya02530@example.com,9000002530,2018-10-25
G02531,Nisha Naidu,Female,47,"Gurugram, Haryana",nisha.naidu02531@example.com,9000002531,2022-08-02
G02532,Kiara Patel,Female,18,"Thiruvananthapuram, Kerala",kiara.patel02532@example.com,9000002532,2022-05-02
G02533,Ritvik Chauhan,Male,33,"Ranchi, Jharkhand",ritvik.chauhan02533@example.com,9000002533,2018-05-12
G02534,Nikita Naidu,Female,34,"Coimbatore, Tamil Nadu",nikita.naidu02534@example.com,9000002534,2018-09-09
G02535,Dev Luthra,Male,57,"Surat, Gujarat",dev.luthra02535@example.com,9000002535,2022-02-27
G02536,Myra Mukherjee,Female,59,"Gurugram, Haryana",myra.mukherjee02536@example.com,9000002536,2023-07-14
G02537,Aarohi Mathur,Female,24,"Bhubaneswar, Odisha",aarohi.mathur02537@example.com,9000002537,2021-08-09
G02538,Raghav Arora,Male,29,"Hyderabad, Telangana",raghav.arora02538@example.com,9000002538,2022-07-11
G02539,Rishi Khanna,Male,26,"Goa, Goa",rishi.khanna02539@example.com,9000002539,2020-10-26
G02540,Juhi Mathur,Female,45,"Pune, Maharashtra",juhi.mathur02540@example.com,9000002540,2022-09-11
G02541,Komal Joshi,Female,42,"Chennai, Tamil Nadu",komal.joshi02541@example.com,9000002541,2018-02-09
G02542,Divya Kapoor,Female,38,"Hyderabad, Telangana",divya.kapoor02542@example.com,9000002542,2018-09-16
G02543,Shreya Sharma,Female,62,"Kolkata, West Bengal",shreya.sharma02543@example.com,9000002543,2018-12-23
G02544,Varun Saxena,Male,35,"Indore, Madhya Pradesh",varun.saxena02544@example.com,9000002544,2018-05-21
G02545,Ayush Shetty,Male,34,"Chennai, Tamil Nadu",ayush.shetty02545@example.com,9000002545,2024-02-20
G02546,Ritika Chauhan,Female,35,"Noida, Uttar Pradesh",ritika.chauhan02546@example.com,9000002546,2016-05-05
G02547,Tanmay Ghosh,Male,38,"Bengaluru, Karnataka",tanmay.ghosh02547@example.com,9000002547,2020-03-08
G02548,Divya Sharma,Female,18,"Mumbai, Maharashtra",divya.sharma02548@example.com,9000002548,2017-08-09
G02549,Arjun Rawat,Male,49,"Lucknow, Uttar Pradesh",arjun.rawat02549@example.com,9000002549,2023-06-26
G02550,Kavya Ghosh,Female,41,"Ahmedabad, Gujarat",kavya.ghosh02550@example.com,9000002550,2017-12-10
G02551,Shivani Menon,Female,28,"Mumbai, Maharashtra",shivani.menon02551@example.com,9000002551,2016-10-23
G02552,Vasudha Malhotra,Female,32,"Hyderabad, Telangana",vasudha.malhotra02552@example.com,9000002552,2016-08-17
G02553,Ishita Agarwal,Female,44,"New Delhi, Delhi",ishita.agarwal02553@example.com,9000002553,2019-03-31
G02554,Ritu Dhingra,Female,56,"Ahmedabad, Gujarat",ritu.dhingra02554@example.com,9000002554,2022-11-07
G02555,Aarav Dhingra,Male,18,"Jaipur, Rajasthan",aarav.dhingra02555@example.com,9000002555,2016-09-18
G02556,Riya Mittal,Female,26,"Mumbai, Maharashtra",riya.mittal02556@example.com,9000002556,2021-04-10
G02557,Siddharth Kapoor,Male,20,"New Delhi, Delhi",siddharth.kapoor02557@example.com,9000002557,2023-04-28
G02558,Anika Rawat,Female,20,"Thiruvananthapuram, Kerala",anika.rawat02558@example.com,9000002558,2022-01-24
G02559,Mahi Srivastava,Female,37,"Bhopal, Madhya Pradesh",mahi.srivastava02559@example.com,9000002559,2020-05-09
G02560,Arjun Khatri,Male,50,"New Delhi, Delhi",arjun.khatri02560@example.com,9000002560,2020-05-05
G02561,Aarav Yadav,Male,58,"Indore, Madhya Pradesh",aarav.yadav02561@example.com,9000002561,2016-01-15
G02562,Nandini Pillai,Female,37,"Chennai, Tamil Nadu",nandini.pillai02562@example.com,9000002562,2018-09-14
G02563,Kavya Reddy,Female,47,"Ahmedabad, Gujarat",kavya.reddy02563@example.com,9000002563,2022-02-06
G02564,Shubham Sinha,Male,18,"Kochi, Kerala",shubham.sinha02564@example.com,9000002564,2022-11-20
G02565,Ritika Sharma,Female,36,"New Delhi, Delhi",ritika.sharma02565@example.com,9000002565,2020-01-04
G02566,Vivaan Iyer,Male,50,"New Delhi, Delhi",vivaan.iyer02566@example.com,9000002566,2019-10-04
G02567,Kabir Mathur,Male,18,"Ahmedabad, Gujarat",kabir.mathur02567@example.com,9000002567,2017-12-22
G02568,Meera Mukherjee,Female,44,"Lucknow, Uttar Pradesh",meera.mukherjee02568@example.com,9000002568,2025-03-12
G02569,Tanya Nair,Female,44,"Jaipur, Rajasthan",tanya.nair02569@example.com,9000002569,2020-01-02
G02570,Gaurav Reddy,Male,30,"Bengaluru, Karnataka",gaurav.reddy02570@example.com,9000002570,2017-06-03
G02571,Rahul Tiwari,Male,33,"Udaipur, Rajasthan",rahul.tiwari02571@example.com,9000002571,2025-09-28
G02572,Kiara Nair,Female,49,"Hyderabad, Telangana",kiara.nair02572@example.com,9000002572,2019-07-23
G02573,Tarun Gill,Male,49,"Dehradun, Uttarakhand",tarun.gill02573@example.com,9000002573,2017-04-15
G02574,Sanya Desai,Female,26,"Mumbai, Maharashtra",sanya.desai02574@example.com,9000002574,2023-10-05
G02575,Siddharth Kohli,Male,30,"Bengaluru, Karnataka",siddharth.kohli02575@example.com,9000002575,2020-12-11
G02576,Swati Dutta,Female,30,"Kochi, Kerala",swati.dutta02576@example.com,9000002576,2022-09-19
G02577,Trisha Puri,Female,28,"Chandigarh, Chandigarh",trisha.puri02577@example.com,9000002577,2022-02-26
G02578,Mrunal Malhotra,Female,19,"Nashik, Maharashtra",mrunal.malhotra02578@example.com,9000002578,2024-12-13
G02579,Naveen Dhingra,Male,33,"Chandigarh, Chandigarh",naveen.dhingra02579@example.com,9000002579,2022-08-09
G02580,Mohit Srivastava,Male,39,"Ahmedabad, Gujarat",mohit.srivastava02580@example.com,9000002580,2022-08-14
G02581,Parth Sodhi,Male,34,"Jaipur, Rajasthan",parth.sodhi02581@example.com,9000002581,2024-12-21
G02582,Saurabh Sinha,Male,50,"Kolkata, West Bengal",saurabh.sinha02582@example.com,9000002582,2018-06-15
G02583,Kavya Khanna,Female,30,"Chennai, Tamil Nadu",kavya.khanna02583@example.com,9000002583,2022-07-10
G02584,Anika Jain,Female,44,"Gurugram, Haryana",anika.jain02584@example.com,9000002584,2022-06-15
G02585,Ishaan Nair,Male,30,"Hyderabad, Telangana",ishaan.nair02585@example.com,9000002585,2021-10-17
G02586,Parth Agarwal,Male,21,"Goa, Goa",parth.agarwal02586@example.com,9000002586,2020-04-14
G02587,Harsh Bhattacharya,Male,18,"Nagpur, Maharashtra",harsh.bhattacharya02587@example.com,9000002587,2017-01-29
G02588,Kiara Kaur,Female,42,"Ranchi, Jharkhand",kiara.kaur02588@example.com,9000002588,2022-09-07
G02589,Vikram Chopra,Male,30,"Hyderabad, Telangana",vikram.chopra02589@example.com,9000002589,2022-11-30
G02590,Pranav Mathur,Male,47,"Pune, Maharashtra",pranav.mathur02590@example.com,9000002590,2018-04-21
G02591,Ishita Joshi,Female,60,"Dehradun, Uttarakhand",ishita.joshi02591@example.com,9000002591,2016-12-28
G02592,Shrey Yadav,Male,36,"Chennai, Tamil Nadu",shrey.yadav02592@example.com,9000002592,2022-06-27
G02593,Bhavna Sethi,Female,57,"Shimla, Himachal Pradesh",bhavna.sethi02593@example.com,9000002593,2019-02-20
G02594,Pooja Gupta,Female,33,"Indore, Madhya Pradesh",pooja.gupta02594@example.com,9000002594,2017-07-27
G02595,Gaurav Bansal,Male,54,"Bengaluru, Karnataka",gaurav.bansal02595@example.com,9000002595,2024-06-21
G02596,Isha Malhotra,Female,40,"Kolkata, West Bengal",isha.malhotra02596@example.com,9000002596,2020-05-12
G02597,Ritu Nair,Female,19,"Shimla, Himachal Pradesh",ritu.nair02597@example.com,9000002597,2024-02-13
G02598,Priya Shah,Female,41,"Nagpur, Maharashtra",priya.shah02598@example.com,9000002598,2022-01-26
G02599,Rishi Naidu,Male,32,"Hyderabad, Telangana",rishi.naidu02599@example.com,9000002599,2016-11-15
G02600,Shivani Sengupta,Female,37,"Lucknow, Uttar Pradesh",shivani.sengupta02600@example.com,9000002600,2025-09-13
G02601,Aditya Thakur,Male,34,"Mumbai, Maharashtra",aditya.thakur02601@example.com,9000002601,2019-08-06
G02602,Sakshi Nair,Female,28,"Shimla, Himachal Pradesh",sakshi.nair02602@example.com,9000002602,2019-05-08
G02603,Kiara Trivedi,Female,18,"Chandigarh, Chandigarh",kiara.trivedi02603@example.com,9000002603,2023-08-30
G02604,Komal Sodhi,Female,57,"Ahmedabad, Gujarat",komal.sodhi02604@example.com,9000002604,2023-03-24
G02605,Nandini Malhotra,Female,36,"Udaipur, Rajasthan",nandini.malhotra02605@example.com,9000002605,2020-08-07
G02606,Sonali Ahuja,Female,21,"Patna, Bihar",sonali.ahuja02606@example.com,9000002606,2018-09-14
G02607,Aditya Khatri,Male,55,"Chennai, Tamil Nadu",aditya.khatri02607@example.com,9000002607,2019-01-09
G02608,Tanvi Sharma,Female,33,"Ranchi, Jharkhand",tanvi.sharma02608@example.com,9000002608,2021-02-17
G02609,Nikhil Das,Male,48,"Jaipur, Rajasthan",nikhil.das02609@example.com,9000002609,2018-03-24
G02610,Nisha Sethi,Female,34,"Bhubaneswar, Odisha",nisha.sethi02610@example.com,9000002610,2016-11-02
G02611,Preeti Chopra,Female,27,"Hyderabad, Telangana",preeti.chopra02611@example.com,9000002611,2019-12-05
G02612,Ananya Patel,Female,27,"Surat, Gujarat",ananya.patel02612@example.com,9000002612,2019-12-18
G02613,Dev Vohra,Male,33,"New Delhi, Delhi",dev.vohra02613@example.com,9000002613,2024-04-20
G02614,Deepak Puri,Male,31,"Noida, Uttar Pradesh",deepak.puri02614@example.com,9000002614,2019-02-12
G02615,Vivek Naidu,Male,55,"Faridabad, Haryana",vivek.naidu02615@example.com,9000002615,2024-10-21
G02616,Nisha Rao,Female,42,"Hyderabad, Telangana",nisha.rao02616@example.com,9000002616,2024-10-12
G02617,Varun Arora,Male,37,"Chennai, Tamil Nadu",varun.arora02617@example.com,9000002617,2019-06-10
G02618,Sanya Bose,Female,41,"Coimbatore, Tamil Nadu",sanya.bose02618@example.com,9000002618,2022-02-16
G02619,Adit Singh,Male,33,"Udaipur, Rajasthan",adit.singh02619@example.com,9000002619,2018-07-13
G02620,Mrunal Dhingra,Female,55,"Kolkata, West Bengal",mrunal.dhingra02620@example.com,9000002620,2021-03-27
G02621,Kavya Verma,Female,28,"Shimla, Himachal Pradesh",kavya.verma02621@example.com,9000002621,2025-03-24
G02622,Ritvik Mukherjee,Male,45,"Pune, Maharashtra",ritvik.mukherjee02622@example.com,9000002622,2020-11-07
G02623,Raj Dutta,Male,43,"Noida, Uttar Pradesh",raj.dutta02623@example.com,9000002623,2021-02-21
G02624,Gaurav Mathur,Male,39,"Thiruvananthapuram, Kerala",gaurav.mathur02624@example.com,9000002624,2020-05-10
G02625,Navya Oberoi,Female,33,"Chennai, Tamil Nadu",navya.oberoi02625@example.com,9000002625,2021-03-13
G02626,Rishi Singh,Male,36,"Hyderabad, Telangana",rishi.singh02626@example.com,9000002626,2019-12-17
G02627,Ankit Arora,Male,39,"Ranchi, Jharkhand",ankit.arora02627@example.com,9000002627,2021-09-23
G02628,Nikita Menon,Female,51,"Hyderabad, Telangana",nikita.menon02628@example.com,9000002628,2019-07-23
G02629,Nikhil Bhattacharya,Male,47,"Kolkata, West Bengal",nikhil.bhattacharya02629@example.com,9000002629,2017-07-25
G02630,Naveen Choudhary,Male,23,"Bengaluru, Karnataka",naveen.choudhary02630@example.com,9000002630,2019-05-25
G02631,Tushar Desai,Male,53,"Bengaluru, Karnataka",tushar.desai02631@example.com,9000002631,2019-08-23
G02632,Varun Yadav,Male,56,"Gurugram, Haryana",varun.yadav02632@example.com,9000002632,2016-07-22
G02633,Myra Singh,Female,24,"Bengaluru, Karnataka",myra.singh02633@example.com,9000002633,2019-07-15
G02634,Sneha Thakur,Other,23,"New Delhi, Delhi",sneha.thakur02634@example.com,9000002634,2020-04-17
G02635,Rohan Khanna,Male,18,"New Delhi, Delhi",rohan.khanna02635@example.com,9000002635,2021-06-01
G02636,Gaurav Khatri,Male,48,"Chandigarh, Chandigarh",gaurav.khatri02636@example.com,9000002636,2019-11-14
G02637,Mohit Dutta,Male,38,"Goa, Goa",mohit.dutta02637@example.com,9000002637,2019-08-26
G02638,Pranav Agarwal,Male,42,"Ahmedabad, Gujarat",pranav.agarwal02638@example.com,9000002638,2020-10-21
G02639,Dhruv Kaur,Male,19,"Bengaluru, Karnataka",dhruv.kaur02639@example.com,9000002639,2023-02-06
G02640,Rahul Rawat,Male,39,"Dehradun, Uttarakhand",rahul.rawat02640@example.com,9000002640,2017-06-30
G02641,Bhavna Ghosh,Female,35,"Gurugram, Haryana",bhavna.ghosh02641@example.com,9000002641,2025-07-27
G02642,Kunal Sethi,Male,19,"Bengaluru, Karnataka",kunal.sethi02642@example.com,9000002642,2022-03-15
G02643,Yash Tiwari,Male,20,"Ranchi, Jharkhand",yash.tiwari02643@example.com,9000002643,2018-05-12
G02644,Tanya Oberoi,Female,31,"Mumbai, Maharashtra",tanya.oberoi02644@example.com,9000002644,2024-03-17
G02645,Aarohi Kohli,Female,18,"Jaipur, Rajasthan",aarohi.kohli02645@example.com,9000002645,2017-01-18
G02646,Nikhil Khanna,Male,24,"Noida, Uttar Pradesh",nikhil.khanna02646@example.com,9000002646,2024-12-12
G02647,Dev Trivedi,Male,43,"Coimbatore, Tamil Nadu",dev.trivedi02647@example.com,9000002647,2020-05-19
G02648,Ankit Ghosh,Male,30,"Mumbai, Maharashtra",ankit.ghosh02648@example.com,9000002648,2024-08-27
G02649,Riya Shah,Female,37,"Shimla, Himachal Pradesh",riya.shah02649@example.com,9000002649,2016-11-05
G02650,Anika Desai,Female,50,"Hyderabad, Telangana",anika.desai02650@example.com,9000002650,2025-07-09
G02651,Yash Khanna,Male,37,"Bengaluru, Karnataka",yash.khanna02651@example.com,9000002651,2025-03-21
G02652,Saurabh Iyer,Male,60,"Gurugram, Haryana",saurabh.iyer02652@example.com,9000002652,2021-03-22
G02653,Vasudha Sinha,Female,27,"Bengaluru, Karnataka",vasudha.sinha02653@example.com,9000002653,2018-03-01
G02654,Karan Dutta,Male,39,"Pune, Maharashtra",karan.dutta02654@example.com,9000002654,2024-04-25
G02655,Deepak Arora,Male,21,"Ranchi, Jharkhand",deepak.arora02655@example.com,9000002655,2023-04-14
G02656,Anika Sinha,Female,40,"Indore, Madhya Pradesh",anika.sinha02656@example.com,9000002656,2023-06-04
G02657,Shivani Sinha,Female,18,"Nashik, Maharashtra",shivani.sinha02657@example.com,9000002657,2019-07-22
G02658,Priya Desai,Female,46,"Indore, Madhya Pradesh",priya.desai02658@example.com,9000002658,2020-07-28
G02659,Navya Khanna,Female,34,"Mumbai, Maharashtra",navya.khanna02659@example.com,9000002659,2016-08-05
G02660,Sneha Luthra,Female,48,"Nashik, Maharashtra",sneha.luthra02660@example.com,9000002660,2023-06-17
G02661,Juhi Mishra,Female,29,"Coimbatore, Tamil Nadu",juhi.mishra02661@example.com,9000002661,2017-08-07
G02662,Komal Singh,Female,47,"Goa, Goa",komal.singh02662@example.com,9000002662,2016-06-30
G02663,Myra Rao,Female,25,"Kochi, Kerala",myra.rao02663@example.com,9000002663,2021-07-05
G02664,Divya Rawat,Female,33,"Chandigarh, Chandigarh",divya.rawat02664@example.com,9000002664,2024-11-21
G02665,Swati Banerjee,Female,46,"Ahmedabad, Gujarat",swati.banerjee02665@example.com,9000002665,2016-06-06
G02666,Adit Trivedi,Male,51,"Chandigarh, Chandigarh",adit.trivedi02666@example.com,9000002666,2018-04-01
G02667,Parth Singh,Male,38,"Pune, Maharashtra",parth.singh02667@example.com,9000002667,2019-09-08
G02668,Manav Bhattacharya,Male,29,"Mumbai, Maharashtra",manav.bhattacharya02668@example.com,9000002668,2019-09-18
G02669,Kabir Das,Male,45,"Chandigarh, Chandigarh",kabir.das02669@example.com,9000002669,2018-07-17
G02670,Ayush Iyer,Male,24,"Bengaluru, Karnataka",ayush.iyer02670@example.com,9000002670,2016-07-08
G02671,Aarav Luthra,Male,55,"Nagpur, Maharashtra",aarav.luthra02671@example.com,9000002671,2021-09-03
G02672,Riya Mathur,Female,21,"Chennai, Tamil Nadu",riya.mathur02672@example.com,9000002672,2017-09-25
G02673,Nikhil Gill,Male,20,"Pune, Maharashtra",nikhil.gill02673@example.com,9000002673,2019-07-10
G02674,Aman Kapoor,Male,24,"Gurugram, Haryana",aman.kapoor02674@example.com,9000002674,2025-02-15
G02675,Naveen Kapoor,Male,38,"Indore, Madhya Pradesh",naveen.kapoor02675@example.com,9000002675,2020-07-03
G02676,Mayank Sethi,Male,43,"Udaipur, Rajasthan",mayank.sethi02676@example.com,9000002676,2021-07-20
G02677,Anurag Oberoi,Male,31,"Nashik, Maharashtra",anurag.oberoi02677@example.com,9000002677,2021-03-06
G02678,Rohan Mehta,Male,31,"Lucknow, Uttar Pradesh",rohan.mehta02678@example.com,9000002678,2024-09-11
G02679,Arjun Singh,Male,19,"Coimbatore, Tamil Nadu",arjun.singh02679@example.com,9000002679,2022-08-25
G02680,Siddharth Mukherjee,Male,31,"Chennai, Tamil Nadu",siddharth.mukherjee02680@example.com,9000002680,2021-01-21
G02681,Anika Khanna,Female,45,"Gurugram, Haryana",anika.khanna02681@example.com,9000002681,2024-03-28
G02682,Apoorva Arora,Female,21,"Indore, Madhya Pradesh",apoorva.arora02682@example.com,9000002682,2019-11-14
G02683,Raj Shetty,Male,51,"Mysuru, Karnataka",raj.shetty02683@example.com,9000002683,2019-11-10
G02684,Raj Kulkarni,Male,54,"Shimla, Himachal Pradesh",raj.kulkarni02684@example.com,9000002684,2022-09-04
G02685,Ritu Rawat,Female,38,"Bengaluru, Karnataka",ritu.rawat02685@example.com,9000002685,2022-11-09
G02686,Pranav Jain,Male,40,"Coimbatore, Tamil Nadu",pranav.jain02686@example.com,9000002686,2024-03-16
G02687,Neha Desai,Female,36,"Bengaluru, Karnataka",neha.desai02687@example.com,9000002687,2024-07-07
G02688,Riya Sinha,Female,42,"Hyderabad, Telangana",riya.sinha02688@example.com,9000002688,2023-04-29
G02689,Ankit Kohli,Male,57,"Gurugram, Haryana",ankit.kohli02689@example.com,9000002689,2021-08-30
G02690,Sanya Malhotra,Female,39,"Chennai, Tamil Nadu",sanya.malhotra02690@example.com,9000002690,2022-01-16
G02691,Divya Naidu,Female,46,"Dehradun, Uttarakhand",divya.naidu02691@example.com,9000002691,2024-11-02
G02692,Vivek Luthra,Male,35,"Ranchi, Jharkhand",vivek.luthra02692@example.com,9000002692,2020-10-29
G02693,Manisha Singh,Female,25,"Hyderabad, Telangana",manisha.singh02693@example.com,9000002693,2020-12-12
G02694,Naveen Sodhi,Male,30,"Kochi, Kerala",naveen.sodhi02694@example.com,9000002694,2017-07-22
G02695,Tushar Rao,Male,30,"Nagpur, Maharashtra",tushar.rao02695@example.com,9000002695,2020-04-09
G02696,Aditya Dhingra,Male,45,"Chennai, Tamil Nadu",aditya.dhingra02696@example.com,9000002696,2017-10-01
G02697,Varun Khanna,Male,37,"Dehradun, Uttarakhand",varun.khanna02697@example.com,9000002697,2017-12-02
G02698,Nikhil Thakur,Male,22,"Ranchi, Jharkhand",nikhil.thakur02698@example.com,9000002698,2022-03-31
G02699,Aditya Gupta,Male,43,"Nashik, Maharashtra",aditya.gupta02699@example.com,9000002699,2018-01-24
G02700,Karan Shah,Male,23,"Hyderabad, Telangana",karan.shah02700@example.com,9000002700,2019-07-27
G02701,Sonali Yadav,Female,20,"Gurugram, Haryana",sonali.yadav02701@example.com,9000002701,2022-08-08
G02702,Mahi Oberoi,Female,50,"Kolkata, West Bengal",mahi.oberoi02702@example.com,9000002702,2019-05-17
G02703,Rohan Jain,Male,18,"Kolkata, West Bengal",rohan.jain02703@example.com,9000002703,2025-02-26
G02704,Akash Chopra,Male,38,"Gurugram, Haryana",akash.chopra02704@example.com,9000002704,2019-01-23
G02705,Shrey Kulkarni,Male,61,"Chennai, Tamil Nadu",shrey.kulkarni02705@example.com,9000002705,2016-05-07
G02706,Karan Khatri,Male,48,"Ahmedabad, Gujarat",karan.khatri02706@example.com,9000002706,2018-10-17
G02707,Sameer Oberoi,Male,29,"Coimbatore, Tamil Nadu",sameer.oberoi02707@example.com,9000002707,2021-04-15
G02708,Sameer Shetty,Male,23,"Udaipur, Rajasthan",sameer.shetty02708@example.com,9000002708,2023-10-03
G02709,Anika Yadav,Female,26,"Lucknow, Uttar Pradesh",anika.yadav02709@example.com,9000002709,2016-10-21
G02710,Arnav Kapoor,Male,46,"Ranchi, Jharkhand",arnav.kapoor02710@example.com,9000002710,2020-12-14
G02711,Apoorva Naidu,Female,32,"Noida, Uttar Pradesh",apoorva.naidu02711@example.com,9000002711,2016-02-21
G02712,Neeraj Sodhi,Male,31,"Bengaluru, Karnataka",neeraj.sodhi02712@example.com,9000002712,2022-07-04
G02713,Anurag Srivastava,Male,22,"Faridabad, Haryana",anurag.srivastava02713@example.com,9000002713,2019-03-06
G02714,Deepak Gupta,Male,30,"Shimla, Himachal Pradesh",deepak.gupta02714@example.com,9000002714,2022-03-19
G02715,Mayank Srivastava,Male,33,"Faridabad, Haryana",mayank.srivastava02715@example.com,9000002715,2020-06-25
G02716,Arjun Shetty,Male,47,"Mumbai, Maharashtra",arjun.shetty02716@example.com,9000002716,2025-11-11
G02717,Aditya Mehta,Male,41,"New Delhi, Delhi",aditya.mehta02717@example.com,9000002717,2021-10-06
G02718,Neeraj Verma,Male,56,"Kochi, Kerala",neeraj.verma02718@example.com,9000002718,2022-10-24
G02719,Vasudha Bhatia,Female,35,"Chennai, Tamil Nadu",vasudha.bhatia02719@example.com,9000002719,2018-09-26
G02720,Sneha Choudhary,Female,28,"Jaipur, Rajasthan",sneha.choudhary02720@example.com,9000002720,2021-09-21
G02721,Vivaan Khanna,Other,46,"Coimbatore, Tamil Nadu",vivaan.khanna02721@example.com,9000002721,2020-06-25
G02722,Kunal Ghosh,Male,45,"Ahmedabad, Gujarat",kunal.ghosh02722@example.com,9000002722,2024-04-15
G02723,Radhika Reddy,Female,22,"Bengaluru, Karnataka",radhika.reddy02723@example.com,9000002723,2022-10-11
G02724,Sameer Dhingra,Male,40,"Kolkata, West Bengal",sameer.dhingra02724@example.com,9000002724,2023-12-13
G02725,Diya Kohli,Female,36,"Bengaluru, Karnataka",diya.kohli02725@example.com,9000002725,2016-04-03
G02726,Aarohi Bhatia,Female,41,"Indore, Madhya Pradesh",aarohi.bhatia02726@example.com,9000002726,2018-11-20
G02727,Sakshi Desai,Female,33,"Lucknow, Uttar Pradesh",sakshi.desai02727@example.com,9000002727,2023-12-08
G02728,Meera Puri,Female,36,"Bengaluru, Karnataka",meera.puri02728@example.com,9000002728,2018-11-10
G02729,Pallavi Menon,Female,45,"Jaipur, Rajasthan",pallavi.menon02729@example.com,9000002729,2025-08-04
G02730,Sanya Yadav,Female,34,"Nashik, Maharashtra",sanya.yadav02730@example.com,9000002730,2021-11-10
G02731,Anurag Jain,Male,61,"Nagpur, Maharashtra",anurag.jain02731@example.com,9000002731,2017-05-28
G02732,Parth Sinha,Male,32,"Gurugram, Haryana",parth.sinha02732@example.com,9000002732,2020-08-13
G02733,Nikita Kulkarni,Female,37,"Lucknow, Uttar Pradesh",nikita.kulkarni02733@example.com,9000002733,2020-05-06
G02734,Aarohi Jain,Female,50,"Surat, Gujarat",aarohi.jain02734@example.com,9000002734,2021-12-03
G02735,Amit Rao,Male,27,"Faridabad, Haryana",amit.rao02735@example.com,9000002735,2016-09-22
G02736,Rohan Ghosh,Other,63,"Patna, Bihar",rohan.ghosh02736@example.com,9000002736,2022-03-07
G02737,Aditya Menon,Male,34,"Surat, Gujarat",aditya.menon02737@example.com,9000002737,2019-03-03
G02738,Mahi Kulkarni,Female,39,"Bengaluru, Karnataka",mahi.kulkarni02738@example.com,9000002738,2017-03-13
G02739,Sonali Tiwari,Female,23,"Mysuru, Karnataka",sonali.tiwari02739@example.com,9000002739,2025-02-09
G02740,Aarav Kohli,Male,42,"Bengaluru, Karnataka",aarav.kohli02740@example.com,9000002740,2025-12-03
G02741,Harsh Mittal,Male,20,"Patna, Bihar",harsh.mittal02741@example.com,9000002741,2021-07-01
G02742,Pooja Sinha,Female,42,"Indore, Madhya Pradesh",pooja.sinha02742@example.com,9000002742,2017-06-09
G02743,Manisha Sengupta,Female,18,"Udaipur, Rajasthan",manisha.sengupta02743@example.com,9000002743,2021-04-28
G02744,Pallavi Oberoi,Female,25,"Nashik, Maharashtra",pallavi.oberoi02744@example.com,9000002744,2021-02-12
G02745,Kavya Patel,Female,35,"Bengaluru, Karnataka",kavya.patel02745@example.com,9000002745,2021-12-29
G02746,Preeti Sodhi,Female,50,"Hyderabad, Telangana",preeti.sodhi02746@example.com,9000002746,2017-01-26
G02747,Rohan Rawat,Male,41,"Ahmedabad, Gujarat",rohan.rawat02747@example.com,9000002747,2021-12-24
G02748,Vivaan Kohli,Male,28,"Indore, Madhya Pradesh",vivaan.kohli02748@example.com,9000002748,2021-09-27
G02749,Aarav Kaur,Male,19,"New Delhi, Delhi",aarav.kaur02749@example.com,9000002749,2021-06-20
G02750,Kunal Choudhary,Male,28,"Mumbai, Maharashtra",kunal.choudhary02750@example.com,9000002750,2020-06-13
G02751,Shivani Malhotra,Female,42,"Chandigarh, Chandigarh",shivani.malhotra02751@example.com,9000002751,2021-08-17
G02752,Sneha Shah,Female,27,"Udaipur, Rajasthan",sneha.shah02752@example.com,9000002752,2016-10-13
G02753,Ujjwal Mathur,Male,35,"Shimla, Himachal Pradesh",ujjwal.mathur02753@example.com,9000002753,2019-05-07
G02754,Dev Mukherjee,Male,30,"Mysuru, Karnataka",dev.mukherjee02754@example.com,9000002754,2024-02-08
G02755,Bhavna Tiwari,Female,50,"Nagpur, Maharashtra",bhavna.tiwari02755@example.com,9000002755,2022-04-29
G02756,Akash Patel,Male,43,"New Delhi, Delhi",akash.patel02756@example.com,9000002756,2023-01-25
G02757,Naveen Naidu,Male,36,"Ahmedabad, Gujarat",naveen.naidu02757@example.com,9000002757,2023-05-07
G02758,Avni Naidu,Female,53,"New Delhi, Delhi",avni.naidu02758@example.com,9000002758,2018-04-05
G02759,Simran Naidu,Female,63,"New Delhi, Delhi",simran.naidu02759@example.com,9000002759,2019-02-20
G02760,Deepak Kapoor,Male,41,"Bengaluru, Karnataka",deepak.kapoor02760@example.com,9000002760,2021-08-05
G02761,Tanvi Sinha,Female,21,"Pune, Maharashtra",tanvi.sinha02761@example.com,9000002761,2023-02-07
G02762,Tanmay Oberoi,Male,62,"Surat, Gujarat",tanmay.oberoi02762@example.com,9000002762,2023-03-28
G02763,Tanvi Yadav,Female,22,"Patna, Bihar",tanvi.yadav02763@example.com,9000002763,2016-12-04
G02764,Priya Sengupta,Female,29,"Hyderabad, Telangana",priya.sengupta02764@example.com,9000002764,2021-11-26
G02765,Pooja Patel,Female,41,"Pune, Maharashtra",pooja.patel02765@example.com,9000002765,2022-10-04
G02766,Raghav Trivedi,Male,43,"Nagpur, Maharashtra",raghav.trivedi02766@example.com,9000002766,2018-06-10
G02767,Gaurav Naidu,Male,46,"New Delhi, Delhi",gaurav.naidu02767@example.com,9000002767,2020-10-13
G02768,Aanya Kaur,Female,46,"Gurugram, Haryana",aanya.kaur02768@example.com,9000002768,2018-03-04
G02769,Myra Shetty,Female,47,"Bhopal, Madhya Pradesh",myra.shetty02769@example.com,9000002769,2018-10-05
G02770,Sanya Ghosh,Female,50,"Bhubaneswar, Odisha",sanya.ghosh02770@example.com,9000002770,2023-09-02
G02771,Akash Tiwari,Male,47,"Ahmedabad, Gujarat",akash.tiwari02771@example.com,9000002771,2021-10-05
G02772,Saurabh Das,Male,32,"Pune, Maharashtra",saurabh.das02772@example.com,9000002772,2016-05-12
G02773,Rohan Ahuja,Male,34,"Bengaluru, Karnataka",rohan.ahuja02773@example.com,9000002773,2016-01-18
G02774,Nikita Bansal,Female,19,"Bengaluru, Karnataka",nikita.bansal02774@example.com,9000002774,2023-07-10
G02775,Riya Singh,Female,50,"Goa, Goa",riya.singh02775@example.com,9000002775,2019-04-07
G02776,Avni Bansal,Female,37,"Lucknow, Uttar Pradesh",avni.bansal02776@example.com,9000002776,2021-01-10
G02777,Aman Rao,Male,38,"Mysuru, Karnataka",aman.rao02777@example.com,9000002777,2021-09-11
G02778,Bhavna Mittal,Female,26,"Mumbai, Maharashtra",bhavna.mittal02778@example.com,9000002778,2024-06-10
G02779,Vivaan Gill,Male,43,"Udaipur, Rajasthan",vivaan.gill02779@example.com,9000002779,2024-05-04
G02780,Preeti Sinha,Female,32,"Bhubaneswar, Odisha",preeti.sinha02780@example.com,9000002780,2016-09-24
G02781,Arnav Sharma,Male,39,"Goa, Goa",arnav.sharma02781@example.com,9000002781,2018-12-18
G02782,Varun Thakur,Male,54,"Patna, Bihar",varun.thakur02782@example.com,9000002782,2017-12-08
G02783,Amit Mehta,Male,24,"Pune, Maharashtra",amit.mehta02783@example.com,9000002783,2023-04-29
G02784,Rahul Menon,Male,39,"Kochi, Kerala",rahul.menon02784@example.com,9000002784,2018-08-25
G02785,Aditya Saxena,Male,40,"Faridabad, Haryana",aditya.saxena02785@example.com,9000002785,2021-06-25
G02786,Karan Singh,Male,49,"Gurugram, Haryana",karan.singh02786@example.com,9000002786,2019-08-11
G02787,Deepak Singh,Male,20,"Coimbatore, Tamil Nadu",deepak.singh02787@example.com,9000002787,2020-01-21
G02788,Naveen Malhotra,Male,39,"Hyderabad, Telangana",naveen.malhotra02788@example.com,9000002788,2019-02-06
G02789,Shreya Shah,Female,42,"Surat, Gujarat",shreya.shah02789@example.com,9000002789,2025-08-21
G02790,Arjun Das,Male,50,"Jaipur, Rajasthan",arjun.das02790@example.com,9000002790,2021-05-22
G02791,Manav Kulkarni,Male,63,"Bengaluru, Karnataka",manav.kulkarni02791@example.com,9000002791,2018-03-18
G02792,Navya Mukherjee,Female,38,"Patna, Bihar",navya.mukherjee02792@example.com,9000002792,2019-01-21
G02793,Pallavi Sharma,Female,47,"Bengaluru, Karnataka",pallavi.sharma02793@example.com,9000002793,2021-03-10
G02794,Tanmay Khatri,Male,18,"Chennai, Tamil Nadu",tanmay.khatri02794@example.com,9000002794,2023-08-30
G02795,Parth Dhingra,Male,42,"Bhopal, Madhya Pradesh",parth.dhingra02795@example.com,9000002795,2023-12-25
G02796,Naveen Desai,Male,26,"Ahmedabad, Gujarat",naveen.desai02796@example.com,9000002796,2021-03-11
G02797,Harsh Mukherjee,Male,57,"Chandigarh, Chandigarh",harsh.mukherjee02797@example.com,9000002797,2018-05-26
G02798,Shubham Nair,Male,25,"New Delhi, Delhi",shubham.nair02798@example.com,9000002798,2018-12-19
G02799,Kavya Arora,Female,36,"Lucknow, Uttar Pradesh",kavya.arora02799@example.com,9000002799,2023-11-18
G02800,Mrunal Kapoor,Female,25,"Chennai, Tamil Nadu",mrunal.kapoor02800@example.com,9000002800,2017-08-06
G02801,Tushar Khanna,Male,45,"New Delhi, Delhi",tushar.khanna02801@example.com,9000002801,2018-11-01
G02802,Juhi Iyer,Female,43,"New Delhi, Delhi",juhi.iyer02802@example.com,9000002802,2024-06-16
G02803,Rohan Kulkarni,Male,23,"Hyderabad, Telangana",rohan.kulkarni02803@example.com,9000002803,2016-06-07
G02804,Tanmay Kaur,Male,42,"Faridabad, Haryana",tanmay.kaur02804@example.com,9000002804,2021-01-19
G02805,Manav Choudhary,Male,41,"Goa, Goa",manav.choudhary02805@example.com,9000002805,2022-09-17
G02806,Arnav Oberoi,Male,48,"Bengaluru, Karnataka",arnav.oberoi02806@example.com,9000002806,2019-06-07
G02807,Swati Rawat,Female,47,"Dehradun, Uttarakhand",swati.rawat02807@example.com,9000002807,2017-10-10
G02808,Tarun Naidu,Male,33,"Nagpur, Maharashtra",tarun.naidu02808@example.com,9000002808,2016-05-27
G02809,Navya Naidu,Female,39,"Indore, Madhya Pradesh",navya.naidu02809@example.com,9000002809,2016-08-16
G02810,Ishaan Bhattacharya,Other,35,"Faridabad, Haryana",ishaan.bhattacharya02810@example.com,9000002810,2021-01-19
G02811,Ujjwal Shetty,Male,38,"Thiruvananthapuram, Kerala",ujjwal.shetty02811@example.com,9000002811,2022-05-04
G02812,Aditi Tiwari,Female,50,"Bengaluru, Karnataka",aditi.tiwari02812@example.com,9000002812,2023-04-14
G02813,Manisha Das,Female,48,"Bengaluru, Karnataka",manisha.das02813@example.com,9000002813,2016-12-23
G02814,Sonali Gill,Female,19,"New Delhi, Delhi",sonali.gill02814@example.com,9000002814,2017-07-21
G02815,Pallavi Ghosh,Female,35,"Chennai, Tamil Nadu",pallavi.ghosh02815@example.com,9000002815,2022-12-15
G02816,Anika Iyer,Female,56,"Ahmedabad, Gujarat",anika.iyer02816@example.com,9000002816,2024-01-05
G02817,Ishaan Mukherjee,Male,44,"Pune, Maharashtra",ishaan.mukherjee02817@example.com,9000002817,2018-01-20
G02818,Anurag Trivedi,Male,29,"Bengaluru, Karnataka",anurag.trivedi02818@example.com,9000002818,2023-08-03
G02819,Aman Sharma,Male,35,"Lucknow, Uttar Pradesh",aman.sharma02819@example.com,9000002819,2020-10-03
G02820,Amit Joshi,Male,18,"Surat, Gujarat",amit.joshi02820@example.com,9000002820,2019-10-07
G02821,Dhruv Mathur,Male,39,"Mysuru, Karnataka",dhruv.mathur02821@example.com,9000002821,2017-03-18
G02822,Simran Bose,Female,28,"Mumbai, Maharashtra",simran.bose02822@example.com,9000002822,2025-11-23
G02823,Ishita Mehta,Female,44,"Hyderabad, Telangana",ishita.mehta02823@example.com,9000002823,2024-09-07
G02824,Gaurav Chopra,Male,35,"Ahmedabad, Gujarat",gaurav.chopra02824@example.com,9000002824,2021-07-28
G02825,Nisha Iyer,Female,30,"Surat, Gujarat",nisha.iyer02825@example.com,9000002825,2017-11-18
G02826,Vivaan Choudhary,Male,43,"Lucknow, Uttar Pradesh",vivaan.choudhary02826@example.com,9000002826,2022-02-01
G02827,Kiara Jain,Female,52,"Jaipur, Rajasthan",kiara.jain02827@example.com,9000002827,2023-09-04
G02828,Riya Bansal,Female,40,"Mumbai, Maharashtra",riya.bansal02828@example.com,9000002828,2025-04-16
G02829,Sanya Pillai,Female,35,"New Delhi, Delhi",sanya.pillai02829@example.com,9000002829,2021-04-20
G02830,Aanya Reddy,Female,36,"Lucknow, Uttar Pradesh",aanya.reddy02830@example.com,9000002830,2016-08-23
G02831,Mayank Ghosh,Male,37,"Kolkata, West Bengal",mayank.ghosh02831@example.com,9000002831,2020-09-22
G02832,Nikhil Ghosh,Male,55,"Mumbai, Maharashtra",nikhil.ghosh02832@example.com,9000002832,2016-10-17
G02833,Pallavi Bose,Female,39,"Bengaluru, Karnataka",pallavi.bose02833@example.com,9000002833,2022-09-25
G02834,Kunal Mathur,Male,22,"Bhubaneswar, Odisha",kunal.mathur02834@example.com,9000002834,2021-01-19
G02835,Ritika Gill,Female,53,"Goa, Goa",ritika.gill02835@example.com,9000002835,2018-04-03
G02836,Saurabh Sodhi,Male,39,"Noida, Uttar Pradesh",saurabh.sodhi02836@example.com,9000002836,2018-06-10
G02837,Shalini Verma,Female,49,"Bengaluru, Karnataka",shalini.verma02837@example.com,9000002837,2019-11-27
G02838,Rishi Mukherjee,Male,45,"Dehradun, Uttarakhand",rishi.mukherjee02838@example.com,9000002838,2020-02-26
G02839,Sameer Ahuja,Male,38,"Goa, Goa",sameer.ahuja02839@example.com,9000002839,2017-02-14
G02840,Vivaan Tiwari,Male,29,"New Delhi, Delhi",vivaan.tiwari02840@example.com,9000002840,2024-03-19
G02841,Saurabh Puri,Male,42,"Pune, Maharashtra",saurabh.puri02841@example.com,9000002841,2021-03-05
G02842,Muskan Arora,Female,22,"New Delhi, Delhi",muskan.arora02842@example.com,9000002842,2016-11-08
G02843,Nandini Sengupta,Female,60,"Kolkata, West Bengal",nandini.sengupta02843@example.com,9000002843,2022-11-30
G02844,Aditi Chauhan,Female,45,"Gurugram, Haryana",aditi.chauhan02844@example.com,9000002844,2021-02-01
G02845,Aditi Bansal,Female,32,"Faridabad, Haryana",aditi.bansal02845@example.com,9000002845,2024-09-02
G02846,Komal Mehta,Female,33,"Mysuru, Karnataka",komal.mehta02846@example.com,9000002846,2025-03-31
G02847,Preeti Luthra,Female,37,"Mumbai, Maharashtra",preeti.luthra02847@example.com,9000002847,2021-08-07
G02848,Siddharth Sharma,Male,51,"Chandigarh, Chandigarh",siddharth.sharma02848@example.com,9000002848,2019-10-10
G02849,Anurag Kapoor,Male,27,"Bhubaneswar, Odisha",anurag.kapoor02849@example.com,9000002849,2018-11-19
G02850,Priya Trivedi,Female,58,"Noida, Uttar Pradesh",priya.trivedi02850@example.com,9000002850,2019-10-30
G02851,Shreya Shetty,Female,18,"Thiruvananthapuram, Kerala",shreya.shetty02851@example.com,9000002851,2019-06-16
G02852,Karan Shetty,Male,18,"Goa, Goa",karan.shetty02852@example.com,9000002852,2023-07-21
G02853,Anurag Luthra,Male,30,"Chennai, Tamil Nadu",anurag.luthra02853@example.com,9000002853,2020-02-23
G02854,Neeraj Bhatia,Male,32,"Bengaluru, Karnataka",neeraj.bhatia02854@example.com,9000002854,2023-03-23
G02855,Naveen Pillai,Male,45,"Hyderabad, Telangana",naveen.pillai02855@example.com,9000002855,2016-02-23
G02856,Dev Shah,Male,35,"Kolkata, West Bengal",dev.shah02856@example.com,9000002856,2017-11-15
G02857,Muskan Bhatia,Female,56,"Bhubaneswar, Odisha",muskan.bhatia02857@example.com,9000002857,2018-04-24
G02858,Dhruv Chopra,Male,36,"Chennai, Tamil Nadu",dhruv.chopra02858@example.com,9000002858,2022-09-27
G02859,Meera Iyer,Other,42,"Ranchi, Jharkhand",meera.iyer02859@example.com,9000002859,2021-08-08
G02860,Raj Mathur,Male,39,"Hyderabad, Telangana",raj.mathur02860@example.com,9000002860,2019-10-28
G02861,Gaurav Kapoor,Male,18,"Pune, Maharashtra",gaurav.kapoor02861@example.com,9000002861,2020-03-25
G02862,Nandini Rao,Female,40,"Pune, Maharashtra",nandini.rao02862@example.com,9000002862,2022-08-01
G02863,Shreya Sengupta,Female,37,"Thiruvananthapuram, Kerala",shreya.sengupta02863@example.com,9000002863,2023-05-30
G02864,Komal Srivastava,Female,33,"Mumbai, Maharashtra",komal.srivastava02864@example.com,9000002864,2020-02-07
G02865,Komal Puri,Female,43,"Shimla, Himachal Pradesh",komal.puri02865@example.com,9000002865,2021-02-13
G02866,Varun Mittal,Male,28,"Shimla, Himachal Pradesh",varun.mittal02866@example.com,9000002866,2023-10-04
G02867,Vivaan Joshi,Male,45,"Noida, Uttar Pradesh",vivaan.joshi02867@example.com,9000002867,2016-05-18
G02868,Kriti Oberoi,Female,39,"Ahmedabad, Gujarat",kriti.oberoi02868@example.com,9000002868,2020-10-21
G02869,Deepak Desai,Male,45,"Surat, Gujarat",deepak.desai02869@example.com,9000002869,2018-09-30
G02870,Arjun Mehta,Male,43,"Bhubaneswar, Odisha",arjun.mehta02870@example.com,9000002870,2024-08-06
G02871,Nikita Jain,Female,28,"Bengaluru, Karnataka",nikita.jain02871@example.com,9000002871,2016-05-29
G02872,Kabir Gill,Male,31,"Nashik, Maharashtra",kabir.gill02872@example.com,9000002872,2018-01-16
G02873,Shrey Desai,Male,18,"Pune, Maharashtra",shrey.desai02873@example.com,9000002873,2017-07-14
G02874,Neha Srivastava,Female,33,"Chandigarh, Chandigarh",neha.srivastava02874@example.com,9000002874,2023-10-10
G02875,Saurabh Reddy,Male,37,"Kolkata, West Bengal",saurabh.reddy02875@example.com,9000002875,2018-03-30
G02876,Simran Verma,Female,32,"Pune, Maharashtra",simran.verma02876@example.com,9000002876,2019-01-30
G02877,Ritika Shah,Female,24,"Jaipur, Rajasthan",ritika.shah02877@example.com,9000002877,2021-07-12
G02878,Swati Khanna,Female,41,"Gurugram, Haryana",swati.khanna02878@example.com,9000002878,2016-09-16
G02879,Isha Verma,Female,36,"Pune, Maharashtra",isha.verma02879@example.com,9000002879,2025-02-19
G02880,Ankit Agarwal,Male,38,"Udaipur, Rajasthan",ankit.agarwal02880@example.com,9000002880,2022-12-16
G02881,Aarohi Mishra,Female,24,"New Delhi, Delhi",aarohi.mishra02881@example.com,9000002881,2017-07-30
G02882,Arnav Nair,Male,51,"Bengaluru, Karnataka",arnav.nair02882@example.com,9000002882,2021-05-19
G02883,Nikita Kohli,Female,40,"Kochi, Kerala",nikita.kohli02883@example.com,9000002883,2017-10-24
G02884,Aarohi Shah,Female,35,"Faridabad, Haryana",aarohi.shah02884@example.com,9000002884,2024-10-23
G02885,Vivek Das,Male,29,"Indore, Madhya Pradesh",vivek.das02885@example.com,9000002885,2022-05-27
G02886,Karan Jain,Male,44,"Jaipur, Rajasthan",karan.jain02886@example.com,9000002886,2019-05-16
G02887,Diya Patel,Female,50,"Udaipur, Rajasthan",diya.patel02887@example.com,9000002887,2018-12-19
G02888,Manisha Puri,Female,24,"Mumbai, Maharashtra",manisha.puri02888@example.com,9000002888,2020-12-11
G02889,Isha Desai,Female,26,"Pune, Maharashtra",isha.desai02889@example.com,9000002889,2018-12-27
G02890,Arnav Rao,Male,37,"Chandigarh, Chandigarh",arnav.rao02890@example.com,9000002890,2021-01-25
G02891,Sakshi Mishra,Female,41,"Noida, Uttar Pradesh",sakshi.mishra02891@example.com,9000002891,2023-07-15
G02892,Muskan Ahuja,Female,34,"Bhubaneswar, Odisha",muskan.ahuja02892@example.com,9000002892,2022-12-03
G02893,Apoorva Chauhan,Female,54,"Noida, Uttar Pradesh",apoorva.chauhan02893@example.com,9000002893,2017-07-21
G02894,Juhi Saxena,Female,60,"Nashik, Maharashtra",juhi.saxena02894@example.com,9000002894,2025-09-01
G02895,Deepak Nair,Male,27,"New Delhi, Delhi",deepak.nair02895@example.com,9000002895,2023-09-29
G02896,Pooja Yadav,Female,49,"Bengaluru, Karnataka",pooja.yadav02896@example.com,9000002896,2023-10-24
G02897,Diya Singh,Female,63,"New Delhi, Delhi",diya.singh02897@example.com,9000002897,2024-11-18
G02898,Kabir Shah,Male,32,"Thiruvananthapuram, Kerala",kabir.shah02898@example.com,9000002898,2021-09-03
G02899,Anika Mittal,Female,64,"Nashik, Maharashtra",anika.mittal02899@example.com,9000002899,2023-12-10
G02900,Mahi Sengupta,Female,59,"Chandigarh, Chandigarh",mahi.sengupta02900@example.com,9000002900,2018-03-22
G02901,Ananya Nair,Female,35,"New Delhi, Delhi",ananya.nair02901@example.com,9000002901,2016-03-05
G02902,Aarohi Khatri,Female,28,"Mysuru, Karnataka",aarohi.khatri02902@example.com,9000002902,2023-10-28
G02903,Mahi Gill,Female,28,"Surat, Gujarat",mahi.gill02903@example.com,9000002903,2017-11-09
G02904,Mrunal Gupta,Other,34,"Pune, Maharashtra",mrunal.gupta02904@example.com,9000002904,2020-09-08
G02905,Arnav Pillai,Male,62,"Shimla, Himachal Pradesh",arnav.pillai02905@example.com,9000002905,2020-11-03
G02906,Anika Ghosh,Female,30,"Chandigarh, Chandigarh",anika.ghosh02906@example.com,9000002906,2018-11-07
G02907,Abhinav Mathur,Male,36,"Lucknow, Uttar Pradesh",abhinav.mathur02907@example.com,9000002907,2020-08-02
G02908,Ayush Trivedi,Male,37,"Bhopal, Madhya Pradesh",ayush.trivedi02908@example.com,9000002908,2020-02-01
G02909,Mayank Shetty,Male,43,"Ranchi, Jharkhand",mayank.shetty02909@example.com,9000002909,2023-02-09
G02910,Swati Bose,Female,29,"Ahmedabad, Gujarat",swati.bose02910@example.com,9000002910,2022-12-20
G02911,Diya Gill,Female,22,"Nashik, Maharashtra",diya.gill02911@example.com,9000002911,2017-01-27
G02912,Raghav Jain,Male,52,"Kochi, Kerala",raghav.jain02912@example.com,9000002912,2016-05-27
G02913,Muskan Banerjee,Female,49,"Mumbai, Maharashtra",muskan.banerjee02913@example.com,9000002913,2019-11-18
G02914,Komal Yadav,Female,18,"Chennai, Tamil Nadu",komal.yadav02914@example.com,9000002914,2018-03-06
G02915,Kavya Luthra,Female,54,"Goa, Goa",kavya.luthra02915@example.com,9000002915,2016-02-09
G02916,Pooja Sengupta,Female,27,"Jaipur, Rajasthan",pooja.sengupta02916@example.com,9000002916,2017-07-23
G02917,Kriti Desai,Female,45,"Bhubaneswar, Odisha",kriti.desai02917@example.com,9000002917,2017-03-03
G02918,Kavya Dutta,Female,30,"Bhubaneswar, Odisha",kavya.dutta02918@example.com,9000002918,2018-09-29
G02919,Tushar Gill,Male,39,"Patna, Bihar",tushar.gill02919@example.com,9000002919,2023-06-26
G02920,Anurag Arora,Male,34,"Mysuru, Karnataka",anurag.arora02920@example.com,9000002920,2024-03-23
G02921,Ritu Singh,Female,36,"Lucknow, Uttar Pradesh",ritu.singh02921@example.com,9000002921,2017-05-02
G02922,Shrey Srivastava,Male,32,"Ranchi, Jharkhand",shrey.srivastava02922@example.com,9000002922,2023-01-01
G02923,Ankit Thakur,Male,55,"Bhopal, Madhya Pradesh",ankit.thakur02923@example.com,9000002923,2022-05-15
G02924,Rahul Mishra,Other,34,"Chennai, Tamil Nadu",rahul.mishra02924@example.com,9000002924,2023-04-11
G02925,Shalini Joshi,Female,29,"Jaipur, Rajasthan",shalini.joshi02925@example.com,9000002925,2021-08-31
G02926,Muskan Choudhary,Female,53,"Indore, Madhya Pradesh",muskan.choudhary02926@example.com,9000002926,2022-11-12
G02927,Priya Tiwari,Female,50,"Gurugram, Haryana",priya.tiwari02927@example.com,9000002927,2021-07-25
G02928,Vikram Patel,Male,46,"Gurugram, Haryana",vikram.patel02928@example.com,9000002928,2023-01-24
G02929,Myra Desai,Female,62,"Chennai, Tamil Nadu",myra.desai02929@example.com,9000002929,2023-07-23
G02930,Shivani Luthra,Female,55,"Gurugram, Haryana",shivani.luthra02930@example.com,9000002930,2025-02-09
G02931,Sneha Malhotra,Female,32,"New Delhi, Delhi",sneha.malhotra02931@example.com,9000002931,2017-09-29
G02932,Varun Desai,Male,42,"Surat, Gujarat",varun.desai02932@example.com,9000002932,2020-05-28
G02933,Tanmay Iyer,Male,36,"Mumbai, Maharashtra",tanmay.iyer02933@example.com,9000002933,2019-07-04
G02934,Siddharth Bhatia,Male,42,"Bhubaneswar, Odisha",siddharth.bhatia02934@example.com,9000002934,2017-09-16
G02935,Nandini Tiwari,Female,18,"Pune, Maharashtra",nandini.tiwari02935@example.com,9000002935,2020-01-17
G02936,Isha Yadav,Female,41,"New Delhi, Delhi",isha.yadav02936@example.com,9000002936,2022-04-10
G02937,Tanvi Puri,Female,39,"Chandigarh, Chandigarh",tanvi.puri02937@example.com,9000002937,2018-09-21
G02938,Siddharth Agarwal,Male,23,"Hyderabad, Telangana",siddharth.agarwal02938@example.com,9000002938,2020-09-17
G02939,Ujjwal Kulkarni,Other,26,"Chennai, Tamil Nadu",ujjwal.kulkarni02939@example.com,9000002939,2017-10-08
G02940,Arnav Choudhary,Male,43,"Gurugram, Haryana",arnav.choudhary02940@example.com,9000002940,2021-09-29
G02941,Nandini Iyer,Female,45,"Dehradun, Uttarakhand",nandini.iyer02941@example.com,9000002941,2018-08-28
G02942,Aanya Ahuja,Female,62,"Bhopal, Madhya Pradesh",aanya.ahuja02942@example.com,9000002942,2019-03-24
G02943,Muskan Mishra,Female,41,"New Delhi, Delhi",muskan.mishra02943@example.com,9000002943,2020-04-10
G02944,Mayank Choudhary,Male,28,"Kolkata, West Bengal",mayank.choudhary02944@example.com,9000002944,2025-04-30
G02945,Sahil Khatri,Male,20,"New Delhi, Delhi",sahil.khatri02945@example.com,9000002945,2023-12-27
G02946,Radhika Yadav,Female,36,"Lucknow, Uttar Pradesh",radhika.yadav02946@example.com,9000002946,2019-11-16
G02947,Manisha Sethi,Female,56,"Gurugram, Haryana",manisha.sethi02947@example.com,9000002947,2020-10-20
G02948,Payal Malhotra,Female,55,"Hyderabad, Telangana",payal.malhotra02948@example.com,9000002948,2023-03-24
G02949,Divya Khatri,Female,42,"Chandigarh, Chandigarh",divya.khatri02949@example.com,9000002949,2023-02-18
G02950,Isha Sodhi,Female,35,"Jaipur, Rajasthan",isha.sodhi02950@example.com,9000002950,2019-02-11
G02951,Aditya Sodhi,Male,36,"Bengaluru, Karnataka",aditya.sodhi02951@example.com,9000002951,2016-12-15
G02952,Kiara Kulkarni,Female,45,"Lucknow, Uttar Pradesh",kiara.kulkarni02952@example.com,9000002952,2017-04-27
G02953,Sanya Gill,Female,42,"Mumbai, Maharashtra",sanya.gill02953@example.com,9000002953,2024-07-04
G02954,Payal Sengupta,Female,51,"Udaipur, Rajasthan",payal.sengupta02954@example.com,9000002954,2018-07-02
G02955,Ritika Bansal,Female,47,"Gurugram, Haryana",ritika.bansal02955@example.com,9000002955,2017-05-11
G02956,Ankit Gill,Male,55,"Chandigarh, Chandigarh",ankit.gill02956@example.com,9000002956,2023-02-09
G02957,Vivek Tiwari,Male,44,"Goa, Goa",vivek.tiwari02957@example.com,9000002957,2021-09-27
G02958,Ritika Thakur,Female,44,"Faridabad, Haryana",ritika.thakur02958@example.com,9000002958,2022-10-15
G02959,Komal Sengupta,Female,32,"Dehradun, Uttarakhand",komal.sengupta02959@example.com,9000002959,2017-06-30
G02960,Mohit Iyer,Male,55,"Pune, Maharashtra",mohit.iyer02960@example.com,9000002960,2016-01-27
G02961,Pallavi Dhingra,Other,56,"New Delhi, Delhi",pallavi.dhingra02961@example.com,9000002961,2022-10-04
G02962,Simran Malhotra,Female,53,"Jaipur, Rajasthan",simran.malhotra02962@example.com,9000002962,2017-10-02
G02963,Rohan Verma,Male,26,"Thiruvananthapuram, Kerala",rohan.verma02963@example.com,9000002963,2021-03-11
G02964,Aarohi Sinha,Female,43,"Hyderabad, Telangana",aarohi.sinha02964@example.com,9000002964,2016-12-23
G02965,Simran Kaur,Female,46,"Noida, Uttar Pradesh",simran.kaur02965@example.com,9000002965,2016-03-10
G02966,Sahil Dhingra,Male,41,"Kolkata, West Bengal",sahil.dhingra02966@example.com,9000002966,2016-10-04
G02967,Tanmay Bose,Male,31,"Kolkata, West Bengal",tanmay.bose02967@example.com,9000002967,2019-05-04
G02968,Ritvik Bhattacharya,Male,20,"Jaipur, Rajasthan",ritvik.bhattacharya02968@example.com,9000002968,2023-01-24
G02969,Komal Shah,Female,33,"Ahmedabad, Gujarat",komal.shah02969@example.com,9000002969,2020-07-14
G02970,Radhika Kaur,Female,55,"Faridabad, Haryana",radhika.kaur02970@example.com,9000002970,2022-11-19
G02971,Tanya Ghosh,Female,24,"Shimla, Himachal Pradesh",tanya.ghosh02971@example.com,9000002971,2016-09-11
G02972,Mrunal Mittal,Female,43,"Mumbai, Maharashtra",mrunal.mittal02972@example.com,9000002972,2023-11-08
G02973,Rohan Mittal,Male,42,"Mumbai, Maharashtra",rohan.mittal02973@example.com,9000002973,2023-01-22
G02974,Meera Gill,Female,27,"Mysuru, Karnataka",meera.gill02974@example.com,9000002974,2016-06-06
G02975,Isha Dutta,Female,46,"Gurugram, Haryana",isha.dutta02975@example.com,9000002975,2023-09-23
G02976,Anika Khatri,Female,57,"Goa, Goa",anika.khatri02976@example.com,9000002976,2023-08-20
G02977,Mayank Menon,Male,39,"Gurugram, Haryana",mayank.menon02977@example.com,9000002977,2016-09-21
G02978,Juhi Bhatia,Female,39,"Bhubaneswar, Odisha",juhi.bhatia02978@example.com,9000002978,2024-08-14
G02979,Preeti Rao,Other,46,"Chennai, Tamil Nadu",preeti.rao02979@example.com,9000002979,2016-10-18
G02980,Mahi Rao,Female,26,"Noida, Uttar Pradesh",mahi.rao02980@example.com,9000002980,2021-05-22
G02981,Nikita Shetty,Female,49,"Chennai, Tamil Nadu",nikita.shetty02981@example.com,9000002981,2024-07-19
G02982,Shrey Puri,Male,46,"Shimla, Himachal Pradesh",shrey.puri02982@example.com,9000002982,2020-11-17
G02983,Aanya Mittal,Female,25,"Coimbatore, Tamil Nadu",aanya.mittal02983@example.com,9000002983,2018-05-11
G02984,Parth Joshi,Male,21,"Mumbai, Maharashtra",parth.joshi02984@example.com,9000002984,2016-09-18
G02985,Arnav Mehta,Male,32,"Jaipur, Rajasthan",arnav.mehta02985@example.com,9000002985,2019-12-02
G02986,Aman Bansal,Male,47,"Chennai, Tamil Nadu",aman.bansal02986@example.com,9000002986,2021-09-28
G02987,Tarun Choudhary,Male,57,"Shimla, Himachal Pradesh",tarun.choudhary02987@example.com,9000002987,2020-10-14
G02988,Bhavna Pillai,Female,41,"Lucknow, Uttar Pradesh",bhavna.pillai02988@example.com,9000002988,2018-07-12
G02989,Simran Tiwari,Female,32,"Mumbai, Maharashtra",simran.tiwari02989@example.com,9000002989,2025-02-22
G02990,Sameer Bhatia,Male,30,"Nagpur, Maharashtra",sameer.bhatia02990@example.com,9000002990,2019-11-02
G02991,Nisha Tiwari,Female,23,"Nashik, Maharashtra",nisha.tiwari02991@example.com,9000002991,2019-06-02
G02992,Tushar Kulkarni,Male,23,"Faridabad, Haryana",tushar.kulkarni02992@example.com,9000002992,2025-03-30
G02993,Kiara Ahuja,Female,18,"Shimla, Himachal Pradesh",kiara.ahuja02993@example.com,9000002993,2022-03-07
G02994,Adit Pillai,Male,41,"Lucknow, Uttar Pradesh",adit.pillai02994@example.com,9000002994,2023-12-04
G02995,Akash Bhatia,Male,52,"Kochi, Kerala",akash.bhatia02995@example.com,9000002995,2020-06-26
G02996,Kriti Nair,Female,34,"Jaipur, Rajasthan",kriti.nair02996@example.com,9000002996,2017-12-17
G02997,Harsh Chauhan,Male,49,"Patna, Bihar",harsh.chauhan02997@example.com,9000002997,2024-09-14
G02998,Shivani Khatri,Female,42,"Ahmedabad, Gujarat",shivani.khatri02998@example.com,9000002998,2021-03-09
G02999,Aanya Shetty,Female,22,"Lucknow, Uttar Pradesh",aanya.shetty02999@example.com,9000002999,2017-10-13
G03000,Simran Dhingra,Female,40,"Hyderabad, Telangana",simran.dhingra03000@example.com,9000003000,2025-07-23
G03001,Swati Dhingra,Female,39,"Hyderabad, Telangana",swati.dhingra03001@example.com,9000003001,2025-06-18
G03002,Ishaan Kapoor,Male,48,"Bengaluru, Karnataka",ishaan.kapoor03002@example.com,9000003002,2016-11-15
G03003,Kunal Ahuja,Male,52,"Jaipur, Rajasthan",kunal.ahuja03003@example.com,9000003003,2016-08-08
G03004,Raghav Malhotra,Male,37,"Mumbai, Maharashtra",raghav.malhotra03004@example.com,9000003004,2023-01-15
G03005,Arnav Khatri,Male,38,"Goa, Goa",arnav.khatri03005@example.com,9000003005,2018-12-12
G03006,Ritu Mishra,Female,18,"Bengaluru, Karnataka",ritu.mishra03006@example.com,9000003006,2016-02-17
G03007,Karan Oberoi,Male,51,"Chennai, Tamil Nadu",karan.oberoi03007@example.com,9000003007,2016-03-04
G03008,Manisha Mathur,Female,47,"Shimla, Himachal Pradesh",manisha.mathur03008@example.com,9000003008,2025-02-10
G03009,Ishaan Mishra,Male,46,"Coimbatore, Tamil Nadu",ishaan.mishra03009@example.com,9000003009,2016-09-07
G03010,Arjun Sharma,Male,51,"Lucknow, Uttar Pradesh",arjun.sharma03010@example.com,9000003010,2020-05-24
G03011,Shalini Chopra,Female,43,"Goa, Goa",shalini.chopra03011@example.com,9000003011,2024-07-07
G03012,Isha Banerjee,Female,46,"Nagpur, Maharashtra",isha.banerjee03012@example.com,9000003012,2018-10-13
G03013,Kunal Arora,Male,45,"Shimla, Himachal Pradesh",kunal.arora03013@example.com,9000003013,2017-12-06
G03014,Raghav Pillai,Male,36,"Mumbai, Maharashtra",raghav.pillai03014@example.com,9000003014,2023-05-09
G03015,Myra Mittal,Female,21,"New Delhi, Delhi",myra.mittal03015@example.com,9000003015,2024-03-06
G03016,Simran Nair,Female,51,"Goa, Goa",simran.nair03016@example.com,9000003016,2021-01-30
G03017,Naveen Agarwal,Male,33,"Thiruvananthapuram, Kerala",naveen.agarwal03017@example.com,9000003017,2020-11-04
G03018,Komal Oberoi,Female,31,"Hyderabad, Telangana",komal.oberoi03018@example.com,9000003018,2017-05-16
G03019,Manav Reddy,Male,39,"Bhubaneswar, Odisha",manav.reddy03019@example.com,9000003019,2020-12-30
G03020,Raj Khanna,Male,71,"Jaipur, Rajasthan",raj.khanna03020@example.com,9000003020,2023-02-16
G03021,Pooja Pillai,Female,53,"Hyderabad, Telangana",pooja.pillai03021@example.com,9000003021,2023-01-08
G03022,Adit Luthra,Male,29,"Patna, Bihar",adit.luthra03022@example.com,9000003022,2017-03-24
G03023,Yash Banerjee,Male,29,"New Delhi, Delhi",yash.banerjee03023@example.com,9000003023,2016-11-05
G03024,Apoorva Sinha,Female,31,"Coimbatore, Tamil Nadu",apoorva.sinha03024@example.com,9000003024,2016-11-24
G03025,Kiara Puri,Female,39,"Udaipur, Rajasthan",kiara.puri03025@example.com,9000003025,2021-11-04
G03026,Shreya Yadav,Female,28,"Kochi, Kerala",shreya.yadav03026@example.com,9000003026,2022-10-01
G03027,Aman Rawat,Male,50,"Mysuru, Karnataka",aman.rawat03027@example.com,9000003027,2024-10-30
G03028,Swati Mehta,Female,58,"Bengaluru, Karnataka",swati.mehta03028@example.com,9000003028,2020-06-24
G03029,Ishita Oberoi,Female,38,"Faridabad, Haryana",ishita.oberoi03029@example.com,9000003029,2021-05-22
G03030,Meera Ahuja,Female,26,"Ranchi, Jharkhand",meera.ahuja03030@example.com,9000003030,2024-09-05
G03031,Muskan Iyer,Female,35,"New Delhi, Delhi",muskan.iyer03031@example.com,9000003031,2022-03-24
G03032,Amit Das,Male,44,"Indore, Madhya Pradesh",amit.das03032@example.com,9000003032,2023-01-16
G03033,Akash Gupta,Male,51,"Coimbatore, Tamil Nadu",akash.gupta03033@example.com,9000003033,2016-04-22
G03034,Ritu Chopra,Female,28,"Chennai, Tamil Nadu",ritu.chopra03034@example.com,9000003034,2017-09-01
G03035,Tushar Joshi,Male,54,"Mumbai, Maharashtra",tushar.joshi03035@example.com,9000003035,2019-11-22
G03036,Parth Pillai,Male,18,"Kochi, Kerala",parth.pillai03036@example.com,9000003036,2016-07-07
G03037,Muskan Rao,Female,43,"Gurugram, Haryana",muskan.rao03037@example.com,9000003037,2021-09-13
G03038,Sakshi Saxena,Female,44,"Shimla, Himachal Pradesh",sakshi.saxena03038@example.com,9000003038,2020-08-12
G03039,Avni Srivastava,Female,24,"Surat, Gujarat",avni.srivastava03039@example.com,9000003039,2017-05-09
G03040,Ankit Sethi,Male,49,"Mumbai, Maharashtra",ankit.sethi03040@example.com,9000003040,2018-11-17
G03041,Sahil Tiwari,Male,25,"Goa, Goa",sahil.tiwari03041@example.com,9000003041,2021-07-09
G03042,Nisha Puri,Female,19,"Ahmedabad, Gujarat",nisha.puri03042@example.com,9000003042,2024-05-15
G03043,Divya Agarwal,Female,34,"Patna, Bihar",divya.agarwal03043@example.com,9000003043,2024-09-11
G03044,Shrey Ahuja,Male,23,"Gurugram, Haryana",shrey.ahuja03044@example.com,9000003044,2016-05-29
G03045,Preeti Menon,Female,52,"Gurugram, Haryana",preeti.menon03045@example.com,9000003045,2025-01-14
G03046,Harsh Sethi,Male,45,"Udaipur, Rajasthan",harsh.sethi03046@example.com,9000003046,2018-05-08
G03047,Priya Ghosh,Female,49,"Gurugram, Haryana",priya.ghosh03047@example.com,9000003047,2019-03-12
G03048,Sonali Dutta,Female,43,"Hyderabad, Telangana",sonali.dutta03048@example.com,9000003048,2021-05-26
G03049,Divya Luthra,Female,59,"Shimla, Himachal Pradesh",divya.luthra03049@example.com,9000003049,2019-01-24
G03050,Anika Srivastava,Female,47,"Chandigarh, Chandigarh",anika.srivastava03050@example.com,9000003050,2019-10-21
G03051,Deepak Bhatia,Male,45,"Indore, Madhya Pradesh",deepak.bhatia03051@example.com,9000003051,2019-02-04
G03052,Kabir Mehta,Male,39,"Kolkata, West Bengal",kabir.mehta03052@example.com,9000003052,2018-05-17
G03053,Pranav Verma,Male,49,"Ranchi, Jharkhand",pranav.verma03053@example.com,9000003053,2023-08-03
G03054,Mayank Thakur,Male,18,"Chennai, Tamil Nadu",mayank.thakur03054@example.com,9000003054,2025-02-27
G03055,Tanvi Vohra,Female,47,"Hyderabad, Telangana",tanvi.vohra03055@example.com,9000003055,2024-05-14
G03056,Ishita Bhattacharya,Female,33,"New Delhi, Delhi",ishita.bhattacharya03056@example.com,9000003056,2023-06-05
G03057,Dev Khatri,Male,45,"Goa, Goa",dev.khatri03057@example.com,9000003057,2018-05-17
G03058,Rishi Choudhary,Male,23,"Noida, Uttar Pradesh",rishi.choudhary03058@example.com,9000003058,2019-01-03
G03059,Manav Jain,Male,42,"Bengaluru, Karnataka",manav.jain03059@example.com,9000003059,2016-06-16
G03060,Sonali Iyer,Female,30,"Patna, Bihar",sonali.iyer03060@example.com,9000003060,2022-01-31
G03061,Parth Ghosh,Male,52,"Hyderabad, Telangana",parth.ghosh03061@example.com,9000003061,2018-12-16
G03062,Neha Choudhary,Female,37,"Goa, Goa",neha.choudhary03062@example.com,9000003062,2017-05-15
G03063,Ankit Nair,Male,46,"Thiruvananthapuram, Kerala",ankit.nair03063@example.com,9000003063,2022-08-17
G03064,Ishaan Chopra,Male,71,"Thiruvananthapuram, Kerala",ishaan.chopra03064@example.com,9000003064,2023-11-19
G03065,Aditya Tiwari,Male,21,"Gurugram, Haryana",aditya.tiwari03065@example.com,9000003065,2022-04-07
G03066,Nikita Kapoor,Female,36,"Ahmedabad, Gujarat",nikita.kapoor03066@example.com,9000003066,2025-07-06
G03067,Diya Srivastava,Female,49,"Faridabad, Haryana",diya.srivastava03067@example.com,9000003067,2019-12-28
G03068,Akash Sengupta,Male,20,"Lucknow, Uttar Pradesh",akash.sengupta03068@example.com,9000003068,2020-02-19
G03069,Vikram Trivedi,Male,33,"Pune, Maharashtra",vikram.trivedi03069@example.com,9000003069,2019-05-05
G03070,Shubham Das,Male,23,"Pune, Maharashtra",shubham.das03070@example.com,9000003070,2020-11-20
G03071,Myra Puri,Other,33,"New Delhi, Delhi",myra.puri03071@example.com,9000003071,2018-03-22
G03072,Juhi Sinha,Female,36,"Faridabad, Haryana",juhi.sinha03072@example.com,9000003072,2024-08-04
G03073,Aman Bhatia,Male,49,"Hyderabad, Telangana",aman.bhatia03073@example.com,9000003073,2023-03-01
G03074,Arjun Khanna,Male,32,"Hyderabad, Telangana",arjun.khanna03074@example.com,9000003074,2022-02-22
G03075,Mahi Mittal,Female,36,"Pune, Maharashtra",mahi.mittal03075@example.com,9000003075,2024-07-06
G03076,Kabir Tiwari,Male,39,"Bengaluru, Karnataka",kabir.tiwari03076@example.com,9000003076,2017-09-30
G03077,Pallavi Luthra,Female,42,"Indore, Madhya Pradesh",pallavi.luthra03077@example.com,9000003077,2022-01-11
G03078,Juhi Banerjee,Female,39,"Mumbai, Maharashtra",juhi.banerjee03078@example.com,9000003078,2019-09-07
G03079,Aman Jain,Male,55,"Chennai, Tamil Nadu",aman.jain03079@example.com,9000003079,2018-11-10
G03080,Nikhil Choudhary,Male,38,"Lucknow, Uttar Pradesh",nikhil.choudhary03080@example.com,9000003080,2023-04-09
G03081,Divya Bansal,Female,43,"Bengaluru, Karnataka",divya.bansal03081@example.com,9000003081,2020-01-03
G03082,Shivani Choudhary,Female,44,"Surat, Gujarat",shivani.choudhary03082@example.com,9000003082,2022-05-31
G03083,Radhika Khatri,Female,47,"Jaipur, Rajasthan",radhika.khatri03083@example.com,9000003083,2024-11-15
G03084,Pallavi Sengupta,Female,49,"Mumbai, Maharashtra",pallavi.sengupta03084@example.com,9000003084,2022-04-02
G03085,Anika Gill,Female,18,"Mumbai, Maharashtra",anika.gill03085@example.com,9000003085,2016-04-27
G03086,Sahil Shah,Male,53,"New Delhi, Delhi",sahil.shah03086@example.com,9000003086,2020-10-06
G03087,Sneha Trivedi,Female,46,"Jaipur, Rajasthan",sneha.trivedi03087@example.com,9000003087,2021-01-30
G03088,Mahi Pillai,Female,41,"Coimbatore, Tamil Nadu",mahi.pillai03088@example.com,9000003088,2021-06-23
G03089,Harsh Sharma,Male,31,"Goa, Goa",harsh.sharma03089@example.com,9000003089,2022-10-20
G03090,Vikram Pillai,Male,18,"Dehradun, Uttarakhand",vikram.pillai03090@example.com,9000003090,2016-03-14
G03091,Akash Choudhary,Male,22,"Pune, Maharashtra",akash.choudhary03091@example.com,9000003091,2018-08-09
G03092,Rahul Puri,Male,53,"Faridabad, Haryana",rahul.puri03092@example.com,9000003092,2021-08-22
G03093,Vasudha Nair,Female,51,"Chandigarh, Chandigarh",vasudha.nair03093@example.com,9000003093,2023-04-01
G03094,Neeraj Shetty,Male,39,"Ranchi, Jharkhand",neeraj.shetty03094@example.com,9000003094,2017-12-08
G03095,Tanvi Bansal,Female,39,"Indore, Madhya Pradesh",tanvi.bansal03095@example.com,9000003095,2021-08-20
G03096,Trisha Kulkarni,Female,35,"Goa, Goa",trisha.kulkarni03096@example.com,9000003096,2018-08-19
G03097,Payal Dhingra,Female,50,"Patna, Bihar",payal.dhingra03097@example.com,9000003097,2021-08-11
G03098,Nisha Luthra,Female,39,"Nashik, Maharashtra",nisha.luthra03098@example.com,9000003098,2022-04-22
G03099,Ananya Trivedi,Female,18,"Ahmedabad, Gujarat",ananya.trivedi03099@example.com,9000003099,2021-11-14
G03100,Avni Ghosh,Female,37,"Faridabad, Haryana",avni.ghosh03100@example.com,9000003100,2022-01-14
G03101,Pooja Chauhan,Female,28,"Bengaluru, Karnataka",pooja.chauhan03101@example.com,9000003101,2016-11-24
G03102,Mrunal Nair,Female,39,"Goa, Goa",mrunal.nair03102@example.com,9000003102,2024-09-24
G03103,Gaurav Joshi,Male,24,"Dehradun, Uttarakhand",gaurav.joshi03103@example.com,9000003103,2019-12-23
G03104,Navya Kulkarni,Female,41,"Jaipur, Rajasthan",navya.kulkarni03104@example.com,9000003104,2018-07-05
G03105,Nikhil Nair,Male,18,"Shimla, Himachal Pradesh",nikhil.nair03105@example.com,9000003105,2024-11-14
G03106,Pooja Sharma,Female,59,"Bengaluru, Karnataka",pooja.sharma03106@example.com,9000003106,2021-09-30
G03107,Naveen Reddy,Male,47,"Lucknow, Uttar Pradesh",naveen.reddy03107@example.com,9000003107,2024-06-04
G03108,Dev Sethi,Male,35,"Lucknow, Uttar Pradesh",dev.sethi03108@example.com,9000003108,2018-08-10
G03109,Neha Menon,Female,44,"Gurugram, Haryana",neha.menon03109@example.com,9000003109,2021-12-23
G03110,Nisha Sharma,Female,25,"Thiruvananthapuram, Kerala",nisha.sharma03110@example.com,9000003110,2023-01-11
G03111,Neeraj Patel,Male,45,"Lucknow, Uttar Pradesh",neeraj.patel03111@example.com,9000003111,2022-08-07
G03112,Varun Agarwal,Male,56,"Chandigarh, Chandigarh",varun.agarwal03112@example.com,9000003112,2020-03-29
G03113,Rishi Shetty,Male,33,"Shimla, Himachal Pradesh",rishi.shetty03113@example.com,9000003113,2018-05-18
G03114,Ishita Banerjee,Female,38,"Nagpur, Maharashtra",ishita.banerjee03114@example.com,9000003114,2018-06-22
G03115,Nikita Khatri,Female,41,"Kolkata, West Bengal",nikita.khatri03115@example.com,9000003115,2023-11-07
G03116,Ishaan Tiwari,Male,44,"Hyderabad, Telangana",ishaan.tiwari03116@example.com,9000003116,2022-01-30
G03117,Shivani Mehta,Female,36,"Coimbatore, Tamil Nadu",shivani.mehta03117@example.com,9000003117,2023-10-11
G03118,Sameer Yadav,Male,59,"Kochi, Kerala",sameer.yadav03118@example.com,9000003118,2016-09-25
G03119,Siddharth Kulkarni,Male,43,"Mysuru, Karnataka",siddharth.kulkarni03119@example.com,9000003119,2020-03-11
G03120,Varun Sharma,Male,32,"Lucknow, Uttar Pradesh",varun.sharma03120@example.com,9000003120,2022-05-15
G03121,Shubham Tiwari,Male,35,"Pune, Maharashtra",shubham.tiwari03121@example.com,9000003121,2019-04-13
G03122,Tarun Gupta,Male,35,"Goa, Goa",tarun.gupta03122@example.com,9000003122,2024-02-15
G03123,Nandini Mathur,Female,25,"Patna, Bihar",nandini.mathur03123@example.com,9000003123,2016-03-18
G03124,Shivani Mishra,Female,45,"Pune, Maharashtra",shivani.mishra03124@example.com,9000003124,2017-10-03
G03125,Sneha Sharma,Female,35,"Jaipur, Rajasthan",sneha.sharma03125@example.com,9000003125,2017-07-18
G03126,Gaurav Srivastava,Male,31,"Gurugram, Haryana",gaurav.srivastava03126@example.com,9000003126,2017-05-01
G03127,Isha Chopra,Other,32,"Patna, Bihar",isha.chopra03127@example.com,9000003127,2024-12-13
G03128,Ritu Sinha,Female,49,"Faridabad, Haryana",ritu.sinha03128@example.com,9000003128,2024-05-24
G03129,Navya Thakur,Female,48,"Bengaluru, Karnataka",navya.thakur03129@example.com,9000003129,2024-04-08
G03130,Ishita Puri,Female,59,"Kolkata, West Bengal",ishita.puri03130@example.com,9000003130,2021-07-08
G03131,Ankit Das,Male,57,"Hyderabad, Telangana",ankit.das03131@example.com,9000003131,2017-04-10
G03132,Rahul Das,Male,40,"Faridabad, Haryana",rahul.das03132@example.com,9000003132,2017-01-25
G03133,Abhinav Nair,Male,20,"New Delhi, Delhi",abhinav.nair03133@example.com,9000003133,2021-02-12
G03134,Aanya Mukherjee,Other,51,"New Delhi, Delhi",aanya.mukherjee03134@example.com,9000003134,2021-11-16
G03135,Siddharth Ghosh,Male,48,"Bhopal, Madhya Pradesh",siddharth.ghosh03135@example.com,9000003135,2019-09-12
G03136,Kunal Gupta,Male,39,"Bengaluru, Karnataka",kunal.gupta03136@example.com,9000003136,2018-01-31
G03137,Komal Desai,Female,49,"Bengaluru, Karnataka",komal.desai03137@example.com,9000003137,2019-11-11
G03138,Adit Mukherjee,Male,28,"Gurugram, Haryana",adit.mukherjee03138@example.com,9000003138,2024-02-13
G03139,Aditi Bhatia,Female,49,"Coimbatore, Tamil Nadu",aditi.bhatia03139@example.com,9000003139,2017-08-04
G03140,Ritvik Saxena,Male,48,"Bengaluru, Karnataka",ritvik.saxena03140@example.com,9000003140,2023-12-27
G03141,Ishaan Bansal,Male,44,"Mumbai, Maharashtra",ishaan.bansal03141@example.com,9000003141,2024-11-21
G03142,Ishita Kulkarni,Female,42,"Nagpur, Maharashtra",ishita.kulkarni03142@example.com,9000003142,2017-02-22
G03143,Vasudha Shah,Female,47,"New Delhi, Delhi",vasudha.shah03143@example.com,9000003143,2018-04-13
G03144,Amit Iyer,Male,49,"Gurugram, Haryana",amit.iyer03144@example.com,9000003144,2017-09-18
G03145,Amit Saxena,Male,25,"Hyderabad, Telangana",amit.saxena03145@example.com,9000003145,2016-12-20
G03146,Aditi Puri,Female,31,"Jaipur, Rajasthan",aditi.puri03146@example.com,9000003146,2018-01-07
G03147,Ujjwal Khanna,Male,47,"Lucknow, Uttar Pradesh",ujjwal.khanna03147@example.com,9000003147,2018-03-20
G03148,Muskan Agarwal,Female,56,"Indore, Madhya Pradesh",muskan.agarwal03148@example.com,9000003148,2018-03-16
G03149,Kunal Menon,Male,42,"Chandigarh, Chandigarh",kunal.menon03149@example.com,9000003149,2023-09-08
G03150,Amit Mathur,Male,40,"Indore, Madhya Pradesh",amit.mathur03150@example.com,9000003150,2023-10-15
G03151,Kiara Verma,Female,25,"New Delhi, Delhi",kiara.verma03151@example.com,9000003151,2020-03-01
G03152,Dhruv Srivastava,Male,36,"Chennai, Tamil Nadu",dhruv.srivastava03152@example.com,9000003152,2021-07-11
G03153,Divya Verma,Female,48,"Nashik, Maharashtra",divya.verma03153@example.com,9000003153,2017-06-04
G03154,Mohit Bhattacharya,Male,53,"Udaipur, Rajasthan",mohit.bhattacharya03154@example.com,9000003154,2018-12-24
G03155,Aarav Reddy,Male,39,"New Delhi, Delhi",aarav.reddy03155@example.com,9000003155,2023-01-12
G03156,Vasudha Shetty,Female,59,"Mumbai, Maharashtra",vasudha.shetty03156@example.com,9000003156,2020-06-26
G03157,Parth Mathur,Male,44,"Hyderabad, Telangana",parth.mathur03157@example.com,9000003157,2021-07-23
G03158,Tanya Mittal,Female,42,"Ranchi, Jharkhand",tanya.mittal03158@example.com,9000003158,2016-07-17
G03159,Trisha Joshi,Female,38,"Shimla, Himachal Pradesh",trisha.joshi03159@example.com,9000003159,2018-11-21
G03160,Tanvi Khanna,Female,33,"Gurugram, Haryana",tanvi.khanna03160@example.com,9000003160,2023-06-29
G03161,Nisha Mathur,Female,29,"Pune, Maharashtra",nisha.mathur03161@example.com,9000003161,2024-12-06
G03162,Simran Vohra,Female,54,"Indore, Madhya Pradesh",simran.vohra03162@example.com,9000003162,2018-06-24
G03163,Shreya Mathur,Female,34,"Pune, Maharashtra",shreya.mathur03163@example.com,9000003163,2021-06-21
G03164,Siddharth Dutta,Male,40,"Mumbai, Maharashtra",siddharth.dutta03164@example.com,9000003164,2022-07-10
G03165,Aanya Patel,Female,37,"Ahmedabad, Gujarat",aanya.patel03165@example.com,9000003165,2019-03-11
G03166,Bhavna Vohra,Female,24,"New Delhi, Delhi",bhavna.vohra03166@example.com,9000003166,2020-11-12
G03167,Kunal Kaur,Male,59,"Kochi, Kerala",kunal.kaur03167@example.com,9000003167,2021-03-30
G03168,Preeti Thakur,Female,44,"Bhubaneswar, Odisha",preeti.thakur03168@example.com,9000003168,2017-10-27
G03169,Anika Shetty,Female,18,"Bengaluru, Karnataka",anika.shetty03169@example.com,9000003169,2017-09-02
G03170,Pallavi Chopra,Female,26,"New Delhi, Delhi",pallavi.chopra03170@example.com,9000003170,2023-01-04
G03171,Ananya Puri,Female,49,"Dehradun, Uttarakhand",ananya.puri03171@example.com,9000003171,2021-01-14
G03172,Deepak Chauhan,Male,44,"Noida, Uttar Pradesh",deepak.chauhan03172@example.com,9000003172,2017-07-31
G03173,Parth Dutta,Male,47,"Noida, Uttar Pradesh",parth.dutta03173@example.com,9000003173,2022-10-09
G03174,Kiara Luthra,Female,36,"Gurugram, Haryana",kiara.luthra03174@example.com,9000003174,2018-01-17
G03175,Anurag Bhatia,Male,25,"Bengaluru, Karnataka",anurag.bhatia03175@example.com,9000003175,2021-07-10
G03176,Vikram Banerjee,Male,47,"Hyderabad, Telangana",vikram.banerjee03176@example.com,9000003176,2020-03-06
G03177,Abhinav Iyer,Male,28,"Faridabad, Haryana",abhinav.iyer03177@example.com,9000003177,2021-10-08
G03178,Simran Agarwal,Female,38,"Kochi, Kerala",simran.agarwal03178@example.com,9000003178,2022-09-20
G03179,Nikita Joshi,Other,63,"Pune, Maharashtra",nikita.joshi03179@example.com,9000003179,2021-04-09
G03180,Pooja Dhingra,Female,43,"Bengaluru, Karnataka",pooja.dhingra03180@example.com,9000003180,2020-01-09
G03181,Vasudha Mathur,Female,40,"Chandigarh, Chandigarh",vasudha.mathur03181@example.com,9000003181,2017-09-13
G03182,Kiara Kohli,Female,42,"Kolkata, West Bengal",kiara.kohli03182@example.com,9000003182,2023-06-14
G03183,Siddharth Chopra,Male,49,"Nagpur, Maharashtra",siddharth.chopra03183@example.com,9000003183,2022-05-24
G03184,Amit Shetty,Male,29,"Jaipur, Rajasthan",amit.shetty03184@example.com,9000003184,2019-10-13
G03185,Meera Patel,Female,32,"Bhopal, Madhya Pradesh",meera.patel03185@example.com,9000003185,2019-01-20
G03186,Tarun Luthra,Male,18,"Nashik, Maharashtra",tarun.luthra03186@example.com,9000003186,2022-11-06
G03187,Pranav Kulkarni,Male,44,"Chennai, Tamil Nadu",pranav.kulkarni03187@example.com,9000003187,2016-02-13
G03188,Anurag Dutta,Male,43,"Noida, Uttar Pradesh",anurag.dutta03188@example.com,9000003188,2023-04-13
G03189,Divya Mishra,Female,48,"New Delhi, Delhi",divya.mishra03189@example.com,9000003189,2018-11-17
G03190,Kavya Sinha,Female,37,"Mumbai, Maharashtra",kavya.sinha03190@example.com,9000003190,2023-02-02
G03191,Neeraj Chopra,Male,41,"Pune, Maharashtra",neeraj.chopra03191@example.com,9000003191,2025-09-03
G03192,Mayank Bhatia,Male,26,"Bhopal, Madhya Pradesh",mayank.bhatia03192@example.com,9000003192,2021-09-09
G03193,Juhi Ahuja,Female,42,"Lucknow, Uttar Pradesh",juhi.ahuja03193@example.com,9000003193,2017-10-31
G03194,Gaurav Pillai,Male,40,"Mumbai, Maharashtra",gaurav.pillai03194@example.com,9000003194,2019-05-12
G03195,Ishaan Gupta,Male,38,"Bengaluru, Karnataka",ishaan.gupta03195@example.com,9000003195,2022-07-10
G03196,Preeti Patel,Female,30,"Chandigarh, Chandigarh",preeti.patel03196@example.com,9000003196,2020-10-16
G03197,Harsh Khatri,Male,21,"Shimla, Himachal Pradesh",harsh.khatri03197@example.com,9000003197,2021-09-17
G03198,Mohit Thakur,Male,35,"Kolkata, West Bengal",mohit.thakur03198@example.com,9000003198,2023-10-15
G03199,Preeti Saxena,Female,36,"Hyderabad, Telangana",preeti.saxena03199@example.com,9000003199,2024-05-24
G03200,Shivani Banerjee,Female,42,"Ranchi, Jharkhand",shivani.banerjee03200@example.com,9000003200,2016-07-08
G03201,Karan Patel,Male,45,"Chennai, Tamil Nadu",karan.patel03201@example.com,9000003201,2023-03-16
G03202,Anika Sodhi,Female,18,"Jaipur, Rajasthan",anika.sodhi03202@example.com,9000003202,2025-08-16
G03203,Harsh Shah,Male,38,"Bengaluru, Karnataka",harsh.shah03203@example.com,9000003203,2021-05-04
G03204,Pooja Malhotra,Female,56,"Jaipur, Rajasthan",pooja.malhotra03204@example.com,9000003204,2022-10-25
G03205,Kiara Oberoi,Female,45,"New Delhi, Delhi",kiara.oberoi03205@example.com,9000003205,2019-12-09
G03206,Riya Dutta,Female,21,"Bengaluru, Karnataka",riya.dutta03206@example.com,9000003206,2019-11-25
G03207,Priya Gupta,Female,39,"Patna, Bihar",priya.gupta03207@example.com,9000003207,2025-04-24
G03208,Harsh Puri,Male,40,"Bhopal, Madhya Pradesh",harsh.puri03208@example.com,9000003208,2021-04-15
G03209,Vikram Khanna,Male,55,"Chennai, Tamil Nadu",vikram.khanna03209@example.com,9000003209,2023-12-03
G03210,Ishaan Kohli,Male,38,"Ranchi, Jharkhand",ishaan.kohli03210@example.com,9000003210,2021-11-05
G03211,Ishaan Mehta,Male,24,"Kolkata, West Bengal",ishaan.mehta03211@example.com,9000003211,2024-08-06
G03212,Ananya Verma,Female,49,"Ahmedabad, Gujarat",ananya.verma03212@example.com,9000003212,2021-03-18
G03213,Mohit Saxena,Male,19,"New Delhi, Delhi",mohit.saxena03213@example.com,9000003213,2019-12-14
G03214,Aarohi Gupta,Female,20,"Bengaluru, Karnataka",aarohi.gupta03214@example.com,9000003214,2018-02-06
G03215,Muskan Bansal,Female,59,"Ahmedabad, Gujarat",muskan.bansal03215@example.com,9000003215,2024-11-07
G03216,Neha Sharma,Female,35,"Nagpur, Maharashtra",neha.sharma03216@example.com,9000003216,2022-03-02
G03217,Amit Vohra,Male,51,"Dehradun, Uttarakhand",amit.vohra03217@example.com,9000003217,2022-09-14
G03218,Anurag Vohra,Male,47,"Udaipur, Rajasthan",anurag.vohra03218@example.com,9000003218,2021-10-22
G03219,Kunal Das,Male,36,"Kolkata, West Bengal",kunal.das03219@example.com,9000003219,2021-11-24
G03220,Neeraj Khanna,Male,24,"Gurugram, Haryana",neeraj.khanna03220@example.com,9000003220,2018-02-25
G03221,Shrey Iyer,Male,47,"Lucknow, Uttar Pradesh",shrey.iyer03221@example.com,9000003221,2018-05-10
G03222,Sonali Srivastava,Female,41,"Kolkata, West Bengal",sonali.srivastava03222@example.com,9000003222,2024-01-10
G03223,Pallavi Arora,Female,40,"Chennai, Tamil Nadu",pallavi.arora03223@example.com,9000003223,2020-03-08
G03224,Ananya Sinha,Female,47,"Shimla, Himachal Pradesh",ananya.sinha03224@example.com,9000003224,2024-11-24
G03225,Swati Mishra,Female,56,"Surat, Gujarat",swati.mishra03225@example.com,9000003225,2016-01-24
G03226,Amit Verma,Male,53,"Bengaluru, Karnataka",amit.verma03226@example.com,9000003226,2024-06-28
G03227,Shivani Jain,Female,46,"Bengaluru, Karnataka",shivani.jain03227@example.com,9000003227,2020-01-06
G03228,Shubham Yadav,Male,65,"Jaipur, Rajasthan",shubham.yadav03228@example.com,9000003228,2022-01-23
G03229,Gaurav Dhingra,Male,40,"Mumbai, Maharashtra",gaurav.dhingra03229@example.com,9000003229,2019-03-03
G03230,Rahul Sharma,Male,59,"Mysuru, Karnataka",rahul.sharma03230@example.com,9000003230,2020-09-12
G03231,Ananya Jain,Female,49,"Bengaluru, Karnataka",ananya.jain03231@example.com,9000003231,2020-05-10
G03232,Shalini Das,Female,44,"Ranchi, Jharkhand",shalini.das03232@example.com,9000003232,2018-10-04
G03233,Aanya Sinha,Female,41,"Chennai, Tamil Nadu",aanya.sinha03233@example.com,9000003233,2022-04-19
G03234,Riya Trivedi,Female,42,"Mumbai, Maharashtra",riya.trivedi03234@example.com,9000003234,2023-02-14
G03235,Shreya Luthra,Female,29,"Chennai, Tamil Nadu",shreya.luthra03235@example.com,9000003235,2019-02-08
G03236,Kunal Kapoor,Male,41,"Bengaluru, Karnataka",kunal.kapoor03236@example.com,9000003236,2019-07-14
G03237,Aarav Trivedi,Male,70,"Jaipur, Rajasthan",aarav.trivedi03237@example.com,9000003237,2016-05-04
G03238,Aanya Desai,Female,22,"Chennai, Tamil Nadu",aanya.desai03238@example.com,9000003238,2016-08-23
G03239,Kriti Pillai,Other,18,"Bengaluru, Karnataka",kriti.pillai03239@example.com,9000003239,2023-11-05
G03240,Swati Rao,Female,47,"Bengaluru, Karnataka",swati.rao03240@example.com,9000003240,2016-02-27
G03241,Ayush Ahuja,Male,29,"Mysuru, Karnataka",ayush.ahuja03241@example.com,9000003241,2018-11-05
G03242,Amit Srivastava,Male,47,"Bhopal, Madhya Pradesh",amit.srivastava03242@example.com,9000003242,2022-07-06
G03243,Deepak Pillai,Male,53,"Kochi, Kerala",deepak.pillai03243@example.com,9000003243,2018-02-26
G03244,Naveen Mehta,Male,32,"Mumbai, Maharashtra",naveen.mehta03244@example.com,9000003244,2016-05-20
G03245,Nikhil Vohra,Male,39,"New Delhi, Delhi",nikhil.vohra03245@example.com,9000003245,2018-04-10
G03246,Kabir Bhatia,Male,27,"Kochi, Kerala",kabir.bhatia03246@example.com,9000003246,2017-10-06
G03247,Rishi Malhotra,Male,39,"Gurugram, Haryana",rishi.malhotra03247@example.com,9000003247,2019-10-26
G03248,Aanya Dutta,Female,33,"Jaipur, Rajasthan",aanya.dutta03248@example.com,9000003248,2019-04-16
G03249,Navya Sethi,Female,23,"Ahmedabad, Gujarat",navya.sethi03249@example.com,9000003249,2018-04-03
G03250,Gaurav Arora,Male,38,"Gurugram, Haryana",gaurav.arora03250@example.com,9000003250,2023-08-26
G03251,Siddharth Bhattacharya,Other,27,"Shimla, Himachal Pradesh",siddharth.bhattacharya03251@example.com,9000003251,2024-05-16
G03252,Abhinav Chauhan,Male,33,"Mumbai, Maharashtra",abhinav.chauhan03252@example.com,9000003252,2023-05-10
G03253,Raghav Kaur,Male,30,"Lucknow, Uttar Pradesh",raghav.kaur03253@example.com,9000003253,2021-03-09
G03254,Deepak Trivedi,Male,49,"Mumbai, Maharashtra",deepak.trivedi03254@example.com,9000003254,2016-02-14
G03255,Shubham Gill,Male,61,"New Delhi, Delhi",shubham.gill03255@example.com,9000003255,2019-02-23
G03256,Juhi Sharma,Female,43,"Jaipur, Rajasthan",juhi.sharma03256@example.com,9000003256,2020-04-27
G03257,Tanvi Mishra,Female,49,"Chandigarh, Chandigarh",tanvi.mishra03257@example.com,9000003257,2018-03-25
G03258,Nisha Reddy,Female,44,"Surat, Gujarat",nisha.reddy03258@example.com,9000003258,2021-11-07
G03259,Neha Bhatia,Female,34,"Chennai, Tamil Nadu",neha.bhatia03259@example.com,9000003259,2020-03-17
G03260,Neha Sethi,Female,57,"Mumbai, Maharashtra",neha.sethi03260@example.com,9000003260,2021-03-23
G03261,Ujjwal Bansal,Male,37,"Udaipur, Rajasthan",ujjwal.bansal03261@example.com,9000003261,2020-01-15
G03262,Parth Jain,Male,51,"Lucknow, Uttar Pradesh",parth.jain03262@example.com,9000003262,2019-03-19
G03263,Bhavna Sengupta,Female,34,"Lucknow, Uttar Pradesh",bhavna.sengupta03263@example.com,9000003263,2018-01-16
G03264,Akash Singh,Male,32,"Chennai, Tamil Nadu",akash.singh03264@example.com,9000003264,2024-03-04
G03265,Shalini Nair,Female,43,"Indore, Madhya Pradesh",shalini.nair03265@example.com,9000003265,2024-08-10
G03266,Aanya Menon,Female,25,"Jaipur, Rajasthan",aanya.menon03266@example.com,9000003266,2019-12-02
G03267,Sameer Patel,Male,26,"Chandigarh, Chandigarh",sameer.patel03267@example.com,9000003267,2022-09-21
G03268,Saurabh Singh,Male,31,"Ahmedabad, Gujarat",saurabh.singh03268@example.com,9000003268,2019-05-20
G03269,Shrey Malhotra,Male,37,"Jaipur, Rajasthan",shrey.malhotra03269@example.com,9000003269,2019-12-11
G03270,Diya Arora,Female,37,"Udaipur, Rajasthan",diya.arora03270@example.com,9000003270,2019-08-05
G03271,Simran Thakur,Female,30,"Lucknow, Uttar Pradesh",simran.thakur03271@example.com,9000003271,2020-07-23
G03272,Vasudha Kohli,Female,35,"Patna, Bihar",vasudha.kohli03272@example.com,9000003272,2016-10-05
G03273,Swati Choudhary,Female,50,"Lucknow, Uttar Pradesh",swati.choudhary03273@example.com,9000003273,2016-12-29
G03274,Riya Gill,Female,59,"Mumbai, Maharashtra",riya.gill03274@example.com,9000003274,2022-12-12
G03275,Radhika Ghosh,Female,39,"Coimbatore, Tamil Nadu",radhika.ghosh03275@example.com,9000003275,2016-09-30
G03276,Pranav Srivastava,Male,35,"Bhubaneswar, Odisha",pranav.srivastava03276@example.com,9000003276,2018-08-20
G03277,Sahil Banerjee,Male,37,"Gurugram, Haryana",sahil.banerjee03277@example.com,9000003277,2017-03-10
G03278,Riya Iyer,Female,49,"Ahmedabad, Gujarat",riya.iyer03278@example.com,9000003278,2020-03-20
G03279,Apoorva Nair,Female,37,"Shimla, Himachal Pradesh",apoorva.nair03279@example.com,9000003279,2024-04-26
G03280,Shreya Patel,Female,29,"Ahmedabad, Gujarat",shreya.patel03280@example.com,9000003280,2021-07-20
G03281,Vasudha Mishra,Female,39,"Indore, Madhya Pradesh",vasudha.mishra03281@example.com,9000003281,2022-07-06
G03282,Priya Rao,Female,25,"Ahmedabad, Gujarat",priya.rao03282@example.com,9000003282,2024-12-29
G03283,Saurabh Kapoor,Male,37,"Lucknow, Uttar Pradesh",saurabh.kapoor03283@example.com,9000003283,2025-07-17
G03284,Trisha Srivastava,Female,45,"Lucknow, Uttar Pradesh",trisha.srivastava03284@example.com,9000003284,2016-04-04
G03285,Shreya Tiwari,Female,26,"Pune, Maharashtra",shreya.tiwari03285@example.com,9000003285,2021-03-29
G03286,Ishaan Saxena,Male,52,"Gurugram, Haryana",ishaan.saxena03286@example.com,9000003286,2023-05-05
G03287,Ujjwal Patel,Male,27,"Jaipur, Rajasthan",ujjwal.patel03287@example.com,9000003287,2024-01-21
G03288,Sahil Iyer,Male,33,"Bengaluru, Karnataka",sahil.iyer03288@example.com,9000003288,2019-09-23
G03289,Priya Rawat,Female,36,"Bengaluru, Karnataka",priya.rawat03289@example.com,9000003289,2020-06-03
G03290,Dev Arora,Male,33,"Bengaluru, Karnataka",dev.arora03290@example.com,9000003290,2019-06-14
G03291,Ujjwal Agarwal,Male,22,"Lucknow, Uttar Pradesh",ujjwal.agarwal03291@example.com,9000003291,2019-01-13
G03292,Meera Ghosh,Female,27,"Ahmedabad, Gujarat",meera.ghosh03292@example.com,9000003292,2022-04-10
G03293,Sanya Reddy,Female,47,"Chandigarh, Chandigarh",sanya.reddy03293@example.com,9000003293,2019-11-30
G03294,Anurag Das,Male,45,"Coimbatore, Tamil Nadu",anurag.das03294@example.com,9000003294,2021-03-13
G03295,Shalini Dhingra,Female,48,"Shimla, Himachal Pradesh",shalini.dhingra03295@example.com,9000003295,2024-02-04
G03296,Deepak Dutta,Male,41,"Coimbatore, Tamil Nadu",deepak.dutta03296@example.com,9000003296,2020-07-08
G03297,Ayush Arora,Male,38,"Nashik, Maharashtra",ayush.arora03297@example.com,9000003297,2022-08-26
G03298,Nikhil Arora,Male,31,"Chennai, Tamil Nadu",nikhil.arora03298@example.com,9000003298,2017-11-04
G03299,Priya Bose,Female,64,"Surat, Gujarat",priya.bose03299@example.com,9000003299,2023-01-18
G03300,Dhruv Shetty,Male,36,"New Delhi, Delhi",dhruv.shetty03300@example.com,9000003300,2017-02-28
G03301,Juhi Agarwal,Female,38,"Pune, Maharashtra",juhi.agarwal03301@example.com,9000003301,2016-11-15
G03302,Mohit Pillai,Male,35,"Coimbatore, Tamil Nadu",mohit.pillai03302@example.com,9000003302,2020-06-28
G03303,Pooja Dutta,Female,65,"Mumbai, Maharashtra",pooja.dutta03303@example.com,9000003303,2022-03-01
G03304,Tanya Tiwari,Female,31,"Chandigarh, Chandigarh",tanya.tiwari03304@example.com,9000003304,2020-05-30
G03305,Harsh Reddy,Male,29,"Coimbatore, Tamil Nadu",harsh.reddy03305@example.com,9000003305,2023-02-05
G03306,Naveen Singh,Male,41,"Mumbai, Maharashtra",naveen.singh03306@example.com,9000003306,2017-03-19
G03307,Gaurav Chauhan,Male,49,"Coimbatore, Tamil Nadu",gaurav.chauhan03307@example.com,9000003307,2020-06-16
G03308,Shalini Puri,Female,36,"Pune, Maharashtra",shalini.puri03308@example.com,9000003308,2022-09-02
G03309,Raghav Dhingra,Male,29,"Bengaluru, Karnataka",raghav.dhingra03309@example.com,9000003309,2022-12-04
G03310,Tanmay Verma,Male,33,"Mumbai, Maharashtra",tanmay.verma03310@example.com,9000003310,2020-04-22
G03311,Manisha Verma,Female,42,"Bengaluru, Karnataka",manisha.verma03311@example.com,9000003311,2023-06-14
G03312,Sakshi Choudhary,Female,44,"Chandigarh, Chandigarh",sakshi.choudhary03312@example.com,9000003312,2021-09-03
G03313,Apoorva Iyer,Female,37,"Shimla, Himachal Pradesh",apoorva.iyer03313@example.com,9000003313,2017-05-03
G03314,Sahil Kapoor,Male,30,"New Delhi, Delhi",sahil.kapoor03314@example.com,9000003314,2023-04-13
G03315,Sneha Das,Female,42,"Shimla, Himachal Pradesh",sneha.das03315@example.com,9000003315,2024-09-10
G03316,Aarohi Arora,Female,32,"Mumbai, Maharashtra",aarohi.arora03316@example.com,9000003316,2017-07-09
G03317,Dhruv Saxena,Male,44,"Mumbai, Maharashtra",dhruv.saxena03317@example.com,9000003317,2021-06-23
G03318,Shivani Tiwari,Female,38,"Lucknow, Uttar Pradesh",shivani.tiwari03318@example.com,9000003318,2024-01-27
G03319,Sameer Gupta,Male,37,"Indore, Madhya Pradesh",sameer.gupta03319@example.com,9000003319,2018-12-27
G03320,Mrunal Singh,Other,34,"Kolkata, West Bengal",mrunal.singh03320@example.com,9000003320,2016-03-13
G03321,Radhika Kulkarni,Female,56,"Dehradun, Uttarakhand",radhika.kulkarni03321@example.com,9000003321,2017-06-12
G03322,Ujjwal Menon,Male,50,"Ahmedabad, Gujarat",ujjwal.menon03322@example.com,9000003322,2022-12-29
G03323,Ujjwal Kapoor,Other,36,"Noida, Uttar Pradesh",ujjwal.kapoor03323@example.com,9000003323,2022-09-20
G03324,Ayush Saxena,Male,26,"Nashik, Maharashtra",ayush.saxena03324@example.com,9000003324,2020-12-31
G03325,Parth Chauhan,Male,23,"Ahmedabad, Gujarat",parth.chauhan03325@example.com,9000003325,2024-10-08
G03326,Anurag Mittal,Male,29,"Ahmedabad, Gujarat",anurag.mittal03326@example.com,9000003326,2022-05-06
G03327,Myra Shah,Female,37,"New Delhi, Delhi",myra.shah03327@example.com,9000003327,2023-03-07
G03328,Arjun Oberoi,Male,56,"Chennai, Tamil Nadu",arjun.oberoi03328@example.com,9000003328,2019-05-11
G03329,Nandini Sethi,Female,56,"Jaipur, Rajasthan",nandini.sethi03329@example.com,9000003329,2023-03-01
G03330,Naveen Nair,Male,46,"Indore, Madhya Pradesh",naveen.nair03330@example.com,9000003330,2018-06-17
G03331,Anika Bansal,Female,34,"Thiruvananthapuram, Kerala",anika.bansal03331@example.com,9000003331,2020-10-10
G03332,Rishi Desai,Male,45,"Noida, Uttar Pradesh",rishi.desai03332@example.com,9000003332,2025-05-01
G03333,Trisha Pillai,Female,37,"Mumbai, Maharashtra",trisha.pillai03333@example.com,9000003333,2019-07-26
G03334,Komal Kaur,Female,38,"Jaipur, Rajasthan",komal.kaur03334@example.com,9000003334,2021-07-01
G03335,Rishi Chopra,Male,25,"Chennai, Tamil Nadu",rishi.chopra03335@example.com,9000003335,2022-05-04
G03336,Kiara Khatri,Female,29,"Kolkata, West Bengal",kiara.khatri03336@example.com,9000003336,2022-08-30
G03337,Pranav Kapoor,Other,24,"Nagpur, Maharashtra",pranav.kapoor03337@example.com,9000003337,2019-12-28
G03338,Karan Gupta,Male,19,"Goa, Goa",karan.gupta03338@example.com,9000003338,2022-08-02
G03339,Saurabh Jain,Male,20,"Bengaluru, Karnataka",saurabh.jain03339@example.com,9000003339,2021-02-02
G03340,Aman Luthra,Male,48,"Mumbai, Maharashtra",aman.luthra03340@example.com,9000003340,2019-04-07
G03341,Muskan Mittal,Female,32,"Nashik, Maharashtra",muskan.mittal03341@example.com,9000003341,2023-04-28
G03342,Tanvi Bhatia,Female,28,"Shimla, Himachal Pradesh",tanvi.bhatia03342@example.com,9000003342,2023-12-15
G03343,Bhavna Sharma,Female,31,"Nashik, Maharashtra",bhavna.sharma03343@example.com,9000003343,2024-12-18
G03344,Amit Khatri,Male,38,"New Delhi, Delhi",amit.khatri03344@example.com,9000003344,2016-07-23
G03345,Simran Rawat,Female,48,"Thiruvananthapuram, Kerala",simran.rawat03345@example.com,9000003345,2023-07-22
G03346,Ishita Khatri,Female,22,"Indore, Madhya Pradesh",ishita.khatri03346@example.com,9000003346,2020-03-11
G03347,Mayank Trivedi,Male,44,"Pune, Maharashtra",mayank.trivedi03347@example.com,9000003347,2018-07-23
G03348,Swati Trivedi,Female,24,"Kochi, Kerala",swati.trivedi03348@example.com,9000003348,2024-03-31
G03349,Diya Bhatia,Female,18,"Pune, Maharashtra",diya.bhatia03349@example.com,9000003349,2020-04-16
G03350,Akash Malhotra,Male,48,"Bhubaneswar, Odisha",akash.malhotra03350@example.com,9000003350,2019-10-18
G03351,Naveen Iyer,Male,31,"Nagpur, Maharashtra",naveen.iyer03351@example.com,9000003351,2021-12-14
G03352,Saurabh Naidu,Male,28,"Jaipur, Rajasthan",saurabh.naidu03352@example.com,9000003352,2022-10-09
G03353,Sonali Gupta,Female,32,"Chennai, Tamil Nadu",sonali.gupta03353@example.com,9000003353,2022-04-11
G03354,Sonali Chopra,Female,50,"Bengaluru, Karnataka",sonali.chopra03354@example.com,9000003354,2019-03-19
G03355,Isha Gill,Female,34,"Mumbai, Maharashtra",isha.gill03355@example.com,9000003355,2022-06-27
G03356,Mayank Nair,Male,58,"Faridabad, Haryana",mayank.nair03356@example.com,9000003356,2017-01-01
G03357,Ishaan Sodhi,Male,34,"Hyderabad, Telangana",ishaan.sodhi03357@example.com,9000003357,2016-04-22
G03358,Sonali Sinha,Female,41,"New Delhi, Delhi",sonali.sinha03358@example.com,9000003358,2016-10-09
G03359,Ritvik Choudhary,Male,54,"Mysuru, Karnataka",ritvik.choudhary03359@example.com,9000003359,2024-01-16
G03360,Navya Kohli,Female,46,"Nagpur, Maharashtra",navya.kohli03360@example.com,9000003360,2021-03-11
G03361,Nisha Sodhi,Female,18,"Mumbai, Maharashtra",nisha.sodhi03361@example.com,9000003361,2023-08-09
G03362,Ritika Choudhary,Female,44,"Kolkata, West Bengal",ritika.choudhary03362@example.com,9000003362,2022-06-20
G03363,Varun Choudhary,Male,33,"Hyderabad, Telangana",varun.choudhary03363@example.com,9000003363,2022-08-17
G03364,Sakshi Dutta,Female,31,"Bengaluru, Karnataka",sakshi.dutta03364@example.com,9000003364,2021-09-06
G03365,Anurag Kulkarni,Male,49,"Surat, Gujarat",anurag.kulkarni03365@example.com,9000003365,2020-03-10
G03366,Shubham Kapoor,Male,24,"Kolkata, West Bengal",shubham.kapoor03366@example.com,9000003366,2017-07-25
G03367,Deepak Mehta,Other,23,"Bengaluru, Karnataka",deepak.mehta03367@example.com,9000003367,2016-09-11
G03368,Arnav Chopra,Male,31,"Noida, Uttar Pradesh",arnav.chopra03368@example.com,9000003368,2021-04-14
G03369,Pallavi Gupta,Female,51,"Kochi, Kerala",pallavi.gupta03369@example.com,9000003369,2020-12-14
G03370,Neeraj Dutta,Male,48,"Kolkata, West Bengal",neeraj.dutta03370@example.com,9000003370,2024-01-23
G03371,Dhruv Bose,Male,29,"Hyderabad, Telangana",dhruv.bose03371@example.com,9000003371,2021-08-06
G03372,Payal Naidu,Female,60,"Mumbai, Maharashtra",payal.naidu03372@example.com,9000003372,2020-01-30
G03373,Muskan Gill,Female,22,"Ahmedabad, Gujarat",muskan.gill03373@example.com,9000003373,2023-12-20
G03374,Raj Ghosh,Male,36,"Udaipur, Rajasthan",raj.ghosh03374@example.com,9000003374,2022-03-11
G03375,Aman Mukherjee,Male,33,"Bhubaneswar, Odisha",aman.mukherjee03375@example.com,9000003375,2022-09-29
G03376,Pallavi Iyer,Female,29,"Mumbai, Maharashtra",pallavi.iyer03376@example.com,9000003376,2016-04-05
G03377,Shrey Bansal,Male,46,"New Delhi, Delhi",shrey.bansal03377@example.com,9000003377,2021-10-11
G03378,Payal Shah,Female,40,"Ahmedabad, Gujarat",payal.shah03378@example.com,9000003378,2025-06-09
G03379,Sahil Khanna,Male,34,"Chennai, Tamil Nadu",sahil.khanna03379@example.com,9000003379,2019-05-11
G03380,Deepak Mukherjee,Male,36,"Mumbai, Maharashtra",deepak.mukherjee03380@example.com,9000003380,2022-04-14
G03381,Isha Reddy,Female,18,"Goa, Goa",isha.reddy03381@example.com,9000003381,2025-02-03
G03382,Ritu Malhotra,Female,41,"Mysuru, Karnataka",ritu.malhotra03382@example.com,9000003382,2023-09-25
G03383,Kiara Sharma,Female,52,"Shimla, Himachal Pradesh",kiara.sharma03383@example.com,9000003383,2021-03-25
G03384,Kriti Mukherjee,Female,40,"Noida, Uttar Pradesh",kriti.mukherjee03384@example.com,9000003384,2024-09-12
G03385,Simran Saxena,Female,61,"Nagpur, Maharashtra",simran.saxena03385@example.com,9000003385,2022-03-02
G03386,Vasudha Reddy,Female,33,"Mysuru, Karnataka",vasudha.reddy03386@example.com,9000003386,2022-11-08
G03387,Aarav Mehta,Male,31,"Bengaluru, Karnataka",aarav.mehta03387@example.com,9000003387,2018-05-11
G03388,Sonali Mukherjee,Female,53,"Jaipur, Rajasthan",sonali.mukherjee03388@example.com,9000003388,2019-06-17
G03389,Divya Shah,Female,41,"Kolkata, West Bengal",divya.shah03389@example.com,9000003389,2018-01-30
G03390,Pooja Khatri,Other,63,"New Delhi, Delhi",pooja.khatri03390@example.com,9000003390,2016-07-28
G03391,Aanya Ghosh,Female,41,"Lucknow, Uttar Pradesh",aanya.ghosh03391@example.com,9000003391,2022-05-07
G03392,Shreya Oberoi,Female,43,"Lucknow, Uttar Pradesh",shreya.oberoi03392@example.com,9000003392,2017-06-02
G03393,Shalini Banerjee,Female,51,"Surat, Gujarat",shalini.banerjee03393@example.com,9000003393,2024-03-12
G03394,Amit Mittal,Male,43,"Noida, Uttar Pradesh",amit.mittal03394@example.com,9000003394,2020-07-16
G03395,Priya Dutta,Female,36,"Mumbai, Maharashtra",priya.dutta03395@example.com,9000003395,2020-01-03
G03396,Mrunal Desai,Female,49,"New Delhi, Delhi",mrunal.desai03396@example.com,9000003396,2021-07-20
G03397,Sakshi Bhattacharya,Female,30,"Gurugram, Haryana",sakshi.bhattacharya03397@example.com,9000003397,2022-06-18
G03398,Riya Khatri,Female,40,"Bengaluru, Karnataka",riya.khatri03398@example.com,9000003398,2024-06-24
G03399,Divya Desai,Female,45,"Bengaluru, Karnataka",divya.desai03399@example.com,9000003399,2018-08-11
G03400,Kunal Banerjee,Male,39,"Bhubaneswar, Odisha",kunal.banerjee03400@example.com,9000003400,2018-04-07
G03401,Ishita Mukherjee,Female,27,"Lucknow, Uttar Pradesh",ishita.mukherjee03401@example.com,9000003401,2021-09-16
G03402,Varun Sengupta,Male,36,"Faridabad, Haryana",varun.sengupta03402@example.com,9000003402,2018-03-14
G03403,Yash Sethi,Male,63,"Shimla, Himachal Pradesh",yash.sethi03403@example.com,9000003403,2018-01-18
G03404,Deepak Iyer,Male,46,"Noida, Uttar Pradesh",deepak.iyer03404@example.com,9000003404,2020-12-27
G03405,Kriti Khanna,Female,50,"Pune, Maharashtra",kriti.khanna03405@example.com,9000003405,2016-03-30
G03406,Kriti Puri,Female,40,"Hyderabad, Telangana",kriti.puri03406@example.com,9000003406,2024-02-29
G03407,Akash Nair,Male,36,"Jaipur, Rajasthan",akash.nair03407@example.com,9000003407,2017-05-08
G03408,Sanya Trivedi,Female,52,"Surat, Gujarat",sanya.trivedi03408@example.com,9000003408,2024-07-03
G03409,Pranav Mukherjee,Male,37,"Chandigarh, Chandigarh",pranav.mukherjee03409@example.com,9000003409,2019-02-24
G03410,Aman Verma,Male,38,"Mumbai, Maharashtra",aman.verma03410@example.com,9000003410,2023-03-18
G03411,Swati Kohli,Female,43,"Patna, Bihar",swati.kohli03411@example.com,9000003411,2022-12-07
G03412,Shreya Trivedi,Female,39,"Bengaluru, Karnataka",shreya.trivedi03412@example.com,9000003412,2017-02-20
G03413,Arnav Arora,Male,47,"New Delhi, Delhi",arnav.arora03413@example.com,9000003413,2020-06-25
G03414,Muskan Mathur,Female,30,"Ahmedabad, Gujarat",muskan.mathur03414@example.com,9000003414,2024-02-14
G03415,Radhika Chauhan,Female,27,"Bhubaneswar, Odisha",radhika.chauhan03415@example.com,9000003415,2023-03-01
G03416,Ishita Choudhary,Female,50,"Pune, Maharashtra",ishita.choudhary03416@example.com,9000003416,2024-11-14
G03417,Shalini Rawat,Female,19,"Chennai, Tamil Nadu",shalini.rawat03417@example.com,9000003417,2023-03-03
G03418,Kiara Thakur,Female,54,"Chennai, Tamil Nadu",kiara.thakur03418@example.com,9000003418,2024-07-18
G03419,Shrey Choudhary,Male,21,"Gurugram, Haryana",shrey.choudhary03419@example.com,9000003419,2022-10-08
G03420,Divya Vohra,Female,21,"Mumbai, Maharashtra",divya.vohra03420@example.com,9000003420,2016-06-10
G03421,Anika Chauhan,Female,43,"Bhubaneswar, Odisha",anika.chauhan03421@example.com,9000003421,2024-03-22
G03422,Saurabh Pillai,Male,36,"Bengaluru, Karnataka",saurabh.pillai03422@example.com,9000003422,2020-09-09
G03423,Manisha Trivedi,Female,51,"Chennai, Tamil Nadu",manisha.trivedi03423@example.com,9000003423,2020-01-04
G03424,Yash Arora,Male,32,"Jaipur, Rajasthan",yash.arora03424@example.com,9000003424,2021-11-23
G03425,Neha Jain,Other,43,"Surat, Gujarat",neha.jain03425@example.com,9000003425,2019-04-10
G03426,Priya Saxena,Female,22,"Shimla, Himachal Pradesh",priya.saxena03426@example.com,9000003426,2023-05-08
G03427,Aditya Mathur,Male,28,"Chennai, Tamil Nadu",aditya.mathur03427@example.com,9000003427,2022-02-16
G03428,Sanya Bhatia,Female,41,"Udaipur, Rajasthan",sanya.bhatia03428@example.com,9000003428,2017-10-13
G03429,Akash Saxena,Male,23,"Surat, Gujarat",akash.saxena03429@example.com,9000003429,2018-04-08
G03430,Priya Iyer,Female,39,"Noida, Uttar Pradesh",priya.iyer03430@example.com,9000003430,2019-08-05
G03431,Siddharth Luthra,Male,25,"Chandigarh, Chandigarh",siddharth.luthra03431@example.com,9000003431,2023-11-24
G03432,Tarun Dhingra,Male,28,"Gurugram, Haryana",tarun.dhingra03432@example.com,9000003432,2017-11-10
G03433,Dev Sodhi,Male,33,"Nashik, Maharashtra",dev.sodhi03433@example.com,9000003433,2016-05-20
G03434,Aditya Agarwal,Male,27,"Kochi, Kerala",aditya.agarwal03434@example.com,9000003434,2022-01-06
G03435,Tanmay Bhatia,Male,27,"Jaipur, Rajasthan",tanmay.bhatia03435@example.com,9000003435,2024-04-06
G03436,Saurabh Mehta,Male,53,"Nagpur, Maharashtra",saurabh.mehta03436@example.com,9000003436,2022-10-11
G03437,Pranav Rawat,Male,50,"Coimbatore, Tamil Nadu",pranav.rawat03437@example.com,9000003437,2016-11-11
G03438,Ananya Saxena,Female,37,"Goa, Goa",ananya.saxena03438@example.com,9000003438,2025-12-18
G03439,Nikita Rao,Female,29,"Gurugram, Haryana",nikita.rao03439@example.com,9000003439,2025-12-17
G03440,Tanmay Joshi,Male,29,"Ranchi, Jharkhand",tanmay.joshi03440@example.com,9000003440,2021-06-27
G03441,Mayank Mathur,Male,36,"Lucknow, Uttar Pradesh",mayank.mathur03441@example.com,9000003441,2024-05-23
G03442,Nisha Malhotra,Female,52,"Noida, Uttar Pradesh",nisha.malhotra03442@example.com,9000003442,2017-07-01
G03443,Aarohi Oberoi,Female,44,"Gurugram, Haryana",aarohi.oberoi03443@example.com,9000003443,2025-06-30
G03444,Manav Mathur,Male,55,"Patna, Bihar",manav.mathur03444@example.com,9000003444,2017-11-18
G03445,Sameer Shah,Male,40,"Lucknow, Uttar Pradesh",sameer.shah03445@example.com,9000003445,2017-07-03
G03446,Raj Kapoor,Male,31,"Lucknow, Uttar Pradesh",raj.kapoor03446@example.com,9000003446,2025-05-26
G03447,Gaurav Oberoi,Male,36,"Kochi, Kerala",gaurav.oberoi03447@example.com,9000003447,2019-11-24
G03448,Sneha Ahuja,Female,24,"Goa, Goa",sneha.ahuja03448@example.com,9000003448,2021-12-15
G03449,Arnav Bansal,Male,51,"Nashik, Maharashtra",arnav.bansal03449@example.com,9000003449,2023-09-26
G03450,Aditi Trivedi,Female,25,"Hyderabad, Telangana",aditi.trivedi03450@example.com,9000003450,2021-02-21
G03451,Payal Bhatia,Female,43,"Chennai, Tamil Nadu",payal.bhatia03451@example.com,9000003451,2024-07-27
G03452,Ritu Reddy,Female,44,"Ahmedabad, Gujarat",ritu.reddy03452@example.com,9000003452,2024-12-22
G03453,Harsh Vohra,Male,46,"Hyderabad, Telangana",harsh.vohra03453@example.com,9000003453,2021-10-13
G03454,Dhruv Malhotra,Male,34,"Coimbatore, Tamil Nadu",dhruv.malhotra03454@example.com,9000003454,2017-06-21
G03455,Manisha Vohra,Female,36,"Chandigarh, Chandigarh",manisha.vohra03455@example.com,9000003455,2025-04-18
G03456,Shivani Vohra,Female,34,"Pune, Maharashtra",shivani.vohra03456@example.com,9000003456,2020-09-01
G03457,Muskan Chauhan,Female,23,"Goa, Goa",muskan.chauhan03457@example.com,9000003457,2019-06-10
G03458,Shrey Patel,Male,29,"Ranchi, Jharkhand",shrey.patel03458@example.com,9000003458,2025-12-27
G03459,Kriti Mishra,Female,39,"Chennai, Tamil Nadu",kriti.mishra03459@example.com,9000003459,2022-06-08
G03460,Neeraj Ghosh,Male,62,"Hyderabad, Telangana",neeraj.ghosh03460@example.com,9000003460,2021-07-11
G03461,Anika Agarwal,Female,50,"Bengaluru, Karnataka",anika.agarwal03461@example.com,9000003461,2016-10-02
G03462,Dhruv Choudhary,Male,32,"Ahmedabad, Gujarat",dhruv.choudhary03462@example.com,9000003462,2017-09-06
G03463,Rishi Kohli,Male,36,"Nagpur, Maharashtra",rishi.kohli03463@example.com,9000003463,2021-09-05
G03464,Kriti Verma,Female,31,"Mumbai, Maharashtra",kriti.verma03464@example.com,9000003464,2021-05-26
G03465,Ishaan Mathur,Male,36,"Udaipur, Rajasthan",ishaan.mathur03465@example.com,9000003465,2023-02-16
G03466,Nikita Dutta,Female,35,"New Delhi, Delhi",nikita.dutta03466@example.com,9000003466,2018-08-24
G03467,Yash Choudhary,Male,56,"Faridabad, Haryana",yash.choudhary03467@example.com,9000003467,2021-08-09
G03468,Tushar Yadav,Male,61,"Ahmedabad, Gujarat",tushar.yadav03468@example.com,9000003468,2020-06-17
G03469,Juhi Reddy,Female,37,"Noida, Uttar Pradesh",juhi.reddy03469@example.com,9000003469,2020-04-09
G03470,Rishi Agarwal,Male,28,"Coimbatore, Tamil Nadu",rishi.agarwal03470@example.com,9000003470,2023-10-24
G03471,Dev Bhattacharya,Male,50,"New Delhi, Delhi",dev.bhattacharya03471@example.com,9000003471,2019-12-16
G03472,Rishi Sinha,Male,54,"Dehradun, Uttarakhand",rishi.sinha03472@example.com,9000003472,2020-08-15
G03473,Ishaan Rao,Male,26,"Hyderabad, Telangana",ishaan.rao03473@example.com,9000003473,2019-07-22
G03474,Sneha Oberoi,Female,35,"New Delhi, Delhi",sneha.oberoi03474@example.com,9000003474,2018-03-21
G03475,Pallavi Sinha,Female,61,"Mumbai, Maharashtra",pallavi.sinha03475@example.com,9000003475,2019-08-18
G03476,Akash Mittal,Male,45,"Mumbai, Maharashtra",akash.mittal03476@example.com,9000003476,2023-07-02
G03477,Neha Thakur,Female,28,"New Delhi, Delhi",neha.thakur03477@example.com,9000003477,2019-01-05
G03478,Aditi Iyer,Female,46,"Jaipur, Rajasthan",aditi.iyer03478@example.com,9000003478,2024-05-28
G03479,Arnav Khanna,Other,39,"Pune, Maharashtra",arnav.khanna03479@example.com,9000003479,2020-03-21
G03480,Sameer Mathur,Male,30,"Chandigarh, Chandigarh",sameer.mathur03480@example.com,9000003480,2018-09-08
G03481,Manav Thakur,Male,42,"Surat, Gujarat",manav.thakur03481@example.com,9000003481,2019-06-28
G03482,Nandini Yadav,Female,32,"Kolkata, West Bengal",nandini.yadav03482@example.com,9000003482,2016-11-21
G03483,Ishaan Reddy,Male,35,"Bengaluru, Karnataka",ishaan.reddy03483@example.com,9000003483,2019-09-09
G03484,Mayank Yadav,Male,29,"New Delhi, Delhi",mayank.yadav03484@example.com,9000003484,2021-12-02
G03485,Myra Khatri,Female,36,"Kolkata, West Bengal",myra.khatri03485@example.com,9000003485,2023-10-28
G03486,Kriti Sengupta,Female,35,"Gurugram, Haryana",kriti.sengupta03486@example.com,9000003486,2025-07-12
G03487,Mahi Iyer,Female,34,"Surat, Gujarat",mahi.iyer03487@example.com,9000003487,2016-12-11
G03488,Riya Oberoi,Female,19,"Coimbatore, Tamil Nadu",riya.oberoi03488@example.com,9000003488,2024-11-21
G03489,Sonali Verma,Other,52,"Hyderabad, Telangana",sonali.verma03489@example.com,9000003489,2022-12-27
G03490,Rohan Choudhary,Male,36,"Mysuru, Karnataka",rohan.choudhary03490@example.com,9000003490,2021-02-15
G03491,Naveen Mittal,Male,27,"Indore, Madhya Pradesh",naveen.mittal03491@example.com,9000003491,2017-05-08
G03492,Mayank Iyer,Male,42,"Pune, Maharashtra",mayank.iyer03492@example.com,9000003492,2017-08-04
G03493,Ishaan Shetty,Male,28,"Mysuru, Karnataka",ishaan.shetty03493@example.com,9000003493,2021-06-07
G03494,Vivaan Shah,Male,33,"Kolkata, West Bengal",vivaan.shah03494@example.com,9000003494,2024-07-24
G03495,Ritvik Bhatia,Male,36,"Chennai, Tamil Nadu",ritvik.bhatia03495@example.com,9000003495,2017-08-10
G03496,Ishaan Mittal,Male,35,"Mumbai, Maharashtra",ishaan.mittal03496@example.com,9000003496,2021-11-19
G03497,Ritika Arora,Other,28,"Jaipur, Rajasthan",ritika.arora03497@example.com,9000003497,2021-12-26
G03498,Ritvik Tiwari,Male,28,"Shimla, Himachal Pradesh",ritvik.tiwari03498@example.com,9000003498,2018-09-12
G03499,Preeti Chauhan,Female,44,"Thiruvananthapuram, Kerala",preeti.chauhan03499@example.com,9000003499,2019-12-15
G03500,Aman Bose,Male,67,"Mysuru, Karnataka",aman.bose03500@example.com,9000003500,2019-02-25
G03501,Nandini Shetty,Female,45,"New Delhi, Delhi",nandini.shetty03501@example.com,9000003501,2018-10-02
G03502,Shreya Puri,Other,59,"Mumbai, Maharashtra",shreya.puri03502@example.com,9000003502,2018-08-24
G03503,Nandini Nair,Female,36,"Lucknow, Uttar Pradesh",nandini.nair03503@example.com,9000003503,2017-01-31
G03504,Ritu Sethi,Female,33,"Bhubaneswar, Odisha",ritu.sethi03504@example.com,9000003504,2016-10-11
G03505,Pooja Arora,Female,18,"Hyderabad, Telangana",pooja.arora03505@example.com,9000003505,2018-06-17
G03506,Myra Verma,Female,51,"Bhopal, Madhya Pradesh",myra.verma03506@example.com,9000003506,2023-06-28
G03507,Gaurav Sethi,Male,33,"Lucknow, Uttar Pradesh",gaurav.sethi03507@example.com,9000003507,2020-11-15
G03508,Adit Mehta,Male,51,"Lucknow, Uttar Pradesh",adit.mehta03508@example.com,9000003508,2016-11-12
G03509,Vivaan Verma,Male,44,"Faridabad, Haryana",vivaan.verma03509@example.com,9000003509,2022-01-21
G03510,Kunal Agarwal,Male,33,"Ranchi, Jharkhand",kunal.agarwal03510@example.com,9000003510,2020-11-14
G03511,Yash Saxena,Male,41,"Udaipur, Rajasthan",yash.saxena03511@example.com,9000003511,2020-05-19
G03512,Sameer Rawat,Male,23,"Kochi, Kerala",sameer.rawat03512@example.com,9000003512,2017-05-06
G03513,Pooja Iyer,Female,49,"Pune, Maharashtra",pooja.iyer03513@example.com,9000003513,2017-04-24
G03514,Mohit Dhingra,Male,20,"Lucknow, Uttar Pradesh",mohit.dhingra03514@example.com,9000003514,2017-08-05
G03515,Rishi Jain,Male,41,"Nagpur, Maharashtra",rishi.jain03515@example.com,9000003515,2021-03-08
G03516,Anurag Gill,Male,41,"Chennai, Tamil Nadu",anurag.gill03516@example.com,9000003516,2018-09-23
G03517,Manav Banerjee,Male,40,"Bengaluru, Karnataka",manav.banerjee03517@example.com,9000003517,2018-09-09
G03518,Riya Rao,Female,38,"Surat, Gujarat",riya.rao03518@example.com,9000003518,2017-02-14
G03519,Naveen Sethi,Male,20,"Chandigarh, Chandigarh",naveen.sethi03519@example.com,9000003519,2022-10-09
G03520,Aarohi Bhattacharya,Female,54,"Hyderabad, Telangana",aarohi.bhattacharya03520@example.com,9000003520,2018-09-06
G03521,Tanmay Mishra,Male,33,"Mysuru, Karnataka",tanmay.mishra03521@example.com,9000003521,2017-01-04
G03522,Mohit Gill,Male,36,"Mysuru, Karnataka",mohit.gill03522@example.com,9000003522,2018-03-12
G03523,Amit Mishra,Male,40,"Gurugram, Haryana",amit.mishra03523@example.com,9000003523,2018-09-15
G03524,Pooja Trivedi,Female,49,"Ahmedabad, Gujarat",pooja.trivedi03524@example.com,9000003524,2018-04-30
G03525,Rohan Dhingra,Male,34,"Nashik, Maharashtra",rohan.dhingra03525@example.com,9000003525,2016-01-26
G03526,Preeti Shetty,Female,51,"Patna, Bihar",preeti.shetty03526@example.com,9000003526,2024-10-11
G03527,Sneha Sethi,Female,25,"Bhopal, Madhya Pradesh",sneha.sethi03527@example.com,9000003527,2022-03-07
G03528,Dev Puri,Male,43,"Faridabad, Haryana",dev.puri03528@example.com,9000003528,2023-10-20
G03529,Shivani Joshi,Female,43,"Chandigarh, Chandigarh",shivani.joshi03529@example.com,9000003529,2019-11-24
G03530,Ishita Reddy,Female,49,"Chennai, Tamil Nadu",ishita.reddy03530@example.com,9000003530,2021-06-23
G03531,Aarohi Mukherjee,Female,25,"Chennai, Tamil Nadu",aarohi.mukherjee03531@example.com,9000003531,2023-04-06
G03532,Sameer Chauhan,Male,61,"Mumbai, Maharashtra",sameer.chauhan03532@example.com,9000003532,2023-08-30
G03533,Payal Srivastava,Female,40,"Mumbai, Maharashtra",payal.srivastava03533@example.com,9000003533,2018-08-27
G03534,Parth Vohra,Male,55,"Bengaluru, Karnataka",parth.vohra03534@example.com,9000003534,2019-07-27
G03535,Abhinav Trivedi,Male,31,"Patna, Bihar",abhinav.trivedi03535@example.com,9000003535,2017-07-08
G03536,Divya Chauhan,Female,36,"New Delhi, Delhi",divya.chauhan03536@example.com,9000003536,2019-10-02
G03537,Navya Jain,Female,27,"Chandigarh, Chandigarh",navya.jain03537@example.com,9000003537,2020-02-08
G03538,Payal Yadav,Female,30,"Mumbai, Maharashtra",payal.yadav03538@example.com,9000003538,2021-09-28
G03539,Ankit Mukherjee,Male,69,"Hyderabad, Telangana",ankit.mukherjee03539@example.com,9000003539,2019-08-04
G03540,Vasudha Agarwal,Female,58,"Gurugram, Haryana",vasudha.agarwal03540@example.com,9000003540,2021-03-20
G03541,Ritu Kohli,Female,48,"Jaipur, Rajasthan",ritu.kohli03541@example.com,9000003541,2023-01-16
G03542,Vivaan Bansal,Male,42,"Dehradun, Uttarakhand",vivaan.bansal03542@example.com,9000003542,2022-11-13
G03543,Ankit Mittal,Male,53,"Jaipur, Rajasthan",ankit.mittal03543@example.com,9000003543,2019-01-28
G03544,Harsh Bose,Male,64,"Gurugram, Haryana",harsh.bose03544@example.com,9000003544,2022-03-17
G03545,Raj Srivastava,Male,22,"Bhopal, Madhya Pradesh",raj.srivastava03545@example.com,9000003545,2017-11-22
G03546,Shivani Bhatia,Female,28,"Bengaluru, Karnataka",shivani.bhatia03546@example.com,9000003546,2022-02-07
G03547,Nikhil Bose,Male,33,"Bengaluru, Karnataka",nikhil.bose03547@example.com,9000003547,2016-01-25
G03548,Kabir Puri,Male,53,"Ahmedabad, Gujarat",kabir.puri03548@example.com,9000003548,2018-10-20
G03549,Meera Menon,Female,44,"Kolkata, West Bengal",meera.menon03549@example.com,9000003549,2016-07-09
G03550,Anurag Banerjee,Male,24,"Dehradun, Uttarakhand",anurag.banerjee03550@example.com,9000003550,2016-05-08
G03551,Kabir Dhingra,Male,44,"Bhubaneswar, Odisha",kabir.dhingra03551@example.com,9000003551,2025-12-13
G03552,Abhinav Gupta,Male,43,"Bengaluru, Karnataka",abhinav.gupta03552@example.com,9000003552,2024-08-01
G03553,Mrunal Mathur,Female,61,"Surat, Gujarat",mrunal.mathur03553@example.com,9000003553,2022-09-25
G03554,Shivani Ghosh,Female,47,"Lucknow, Uttar Pradesh",shivani.ghosh03554@example.com,9000003554,2018-01-05
G03555,Muskan Saxena,Female,46,"Udaipur, Rajasthan",muskan.saxena03555@example.com,9000003555,2023-11-26
G03556,Tushar Tiwari,Male,41,"Indore, Madhya Pradesh",tushar.tiwari03556@example.com,9000003556,2016-12-05
G03557,Neha Khanna,Female,48,"Noida, Uttar Pradesh",neha.khanna03557@example.com,9000003557,2023-05-25
G03558,Simran Chauhan,Female,55,"Chandigarh, Chandigarh",simran.chauhan03558@example.com,9000003558,2024-03-04
G03559,Vivaan Mittal,Male,33,"Jaipur, Rajasthan",vivaan.mittal03559@example.com,9000003559,2018-05-23
G03560,Komal Sethi,Female,18,"Udaipur, Rajasthan",komal.sethi03560@example.com,9000003560,2024-10-31
G03561,Shubham Patel,Male,31,"Mysuru, Karnataka",shubham.patel03561@example.com,9000003561,2016-09-12
G03562,Avni Choudhary,Female,43,"Ranchi, Jharkhand",avni.choudhary03562@example.com,9000003562,2024-08-04
G03563,Tarun Thakur,Male,40,"Pune, Maharashtra",tarun.thakur03563@example.com,9000003563,2023-01-19
G03564,Avni Yadav,Female,39,"Chandigarh, Chandigarh",avni.yadav03564@example.com,9000003564,2024-11-19
G03565,Aman Pillai,Male,31,"Hyderabad, Telangana",aman.pillai03565@example.com,9000003565,2017-07-07
G03566,Diya Chopra,Female,18,"Hyderabad, Telangana",diya.chopra03566@example.com,9000003566,2020-09-22
G03567,Shivani Thakur,Female,29,"Hyderabad, Telangana",shivani.thakur03567@example.com,9000003567,2021-09-30
G03568,Myra Yadav,Female,30,"Nagpur, Maharashtra",myra.yadav03568@example.com,9000003568,2018-10-21
G03569,Manisha Gill,Female,18,"Mumbai, Maharashtra",manisha.gill03569@example.com,9000003569,2023-11-24
G03570,Kunal Nair,Male,19,"Mysuru, Karnataka",kunal.nair03570@example.com,9000003570,2018-08-19
G03571,Harsh Choudhary,Male,41,"Chandigarh, Chandigarh",harsh.choudhary03571@example.com,9000003571,2024-05-10
G03572,Isha Mehta,Female,18,"Pune, Maharashtra",isha.mehta03572@example.com,9000003572,2023-02-19
G03573,Tanmay Ahuja,Male,32,"Dehradun, Uttarakhand",tanmay.ahuja03573@example.com,9000003573,2021-02-26
G03574,Navya Khatri,Female,23,"Gurugram, Haryana",navya.khatri03574@example.com,9000003574,2017-10-27
G03575,Ishaan Kulkarni,Male,34,"New Delhi, Delhi",ishaan.kulkarni03575@example.com,9000003575,2017-01-18
G03576,Vikram Kapoor,Male,35,"New Delhi, Delhi",vikram.kapoor03576@example.com,9000003576,2019-03-02
G03577,Kabir Iyer,Male,46,"Hyderabad, Telangana",kabir.iyer03577@example.com,9000003577,2022-12-28
G03578,Shalini Yadav,Female,48,"Ranchi, Jharkhand",shalini.yadav03578@example.com,9000003578,2023-05-08
G03579,Ritvik Sodhi,Male,18,"Mumbai, Maharashtra",ritvik.sodhi03579@example.com,9000003579,2016-01-12
G03580,Meera Bhattacharya,Female,41,"Bengaluru, Karnataka",meera.bhattacharya03580@example.com,9000003580,2022-12-30
G03581,Simran Sethi,Female,41,"Ranchi, Jharkhand",simran.sethi03581@example.com,9000003581,2023-09-05
G03582,Pranav Nair,Male,41,"Hyderabad, Telangana",pranav.nair03582@example.com,9000003582,2018-12-15
G03583,Kunal Chopra,Male,58,"Indore, Madhya Pradesh",kunal.chopra03583@example.com,9000003583,2022-09-20
G03584,Ishita Jain,Female,45,"Pune, Maharashtra",ishita.jain03584@example.com,9000003584,2018-05-27
G03585,Mohit Sharma,Male,47,"Gurugram, Haryana",mohit.sharma03585@example.com,9000003585,2023-01-04
G03586,Preeti Mukherjee,Female,23,"Indore, Madhya Pradesh",preeti.mukherjee03586@example.com,9000003586,2019-12-25
G03587,Amit Puri,Male,52,"Bhopal, Madhya Pradesh",amit.puri03587@example.com,9000003587,2020-10-18
G03588,Bhavna Gill,Female,42,"Lucknow, Uttar Pradesh",bhavna.gill03588@example.com,9000003588,2023-06-09
G03589,Anurag Sengupta,Male,37,"Lucknow, Uttar Pradesh",anurag.sengupta03589@example.com,9000003589,2019-04-06
G03590,Meera Mehta,Female,34,"Patna, Bihar",meera.mehta03590@example.com,9000003590,2023-09-09
G03591,Raj Chopra,Male,47,"Gurugram, Haryana",raj.chopra03591@example.com,9000003591,2020-10-27
G03592,Tanya Chauhan,Female,28,"New Delhi, Delhi",tanya.chauhan03592@example.com,9000003592,2017-08-23
G03593,Ayush Pillai,Male,49,"Bengaluru, Karnataka",ayush.pillai03593@example.com,9000003593,2020-02-29
G03594,Tarun Bhattacharya,Male,32,"Lucknow, Uttar Pradesh",tarun.bhattacharya03594@example.com,9000003594,2021-08-07
G03595,Sonali Trivedi,Female,60,"Mumbai, Maharashtra",sonali.trivedi03595@example.com,9000003595,2017-01-15
G03596,Mohit Rawat,Male,34,"Dehradun, Uttarakhand",mohit.rawat03596@example.com,9000003596,2024-07-27
G03597,Shrey Gupta,Male,35,"Mysuru, Karnataka",shrey.gupta03597@example.com,9000003597,2023-06-23
G03598,Mahi Jain,Female,25,"Udaipur, Rajasthan",mahi.jain03598@example.com,9000003598,2022-08-06
G03599,Tushar Mishra,Male,58,"Hyderabad, Telangana",tushar.mishra03599@example.com,9000003599,2024-10-30
G03600,Trisha Kohli,Female,31,"Ranchi, Jharkhand",trisha.kohli03600@example.com,9000003600,2020-07-07
G03601,Ananya Bansal,Female,32,"Chandigarh, Chandigarh",ananya.bansal03601@example.com,9000003601,2022-06-29
G03602,Raghav Bose,Male,20,"Ranchi, Jharkhand",raghav.bose03602@example.com,9000003602,2023-10-25
G03603,Vivek Kulkarni,Male,63,"Mumbai, Maharashtra",vivek.kulkarni03603@example.com,9000003603,2018-06-22
G03604,Shivani Iyer,Female,44,"Kolkata, West Bengal",shivani.iyer03604@example.com,9000003604,2017-07-05
G03605,Aditya Bhatia,Male,36,"Bengaluru, Karnataka",aditya.bhatia03605@example.com,9000003605,2023-01-30
G03606,Parth Mishra,Male,18,"Ahmedabad, Gujarat",parth.mishra03606@example.com,9000003606,2025-05-18
G03607,Nikhil Banerjee,Male,32,"Surat, Gujarat",nikhil.banerjee03607@example.com,9000003607,2019-07-19
G03608,Arnav Ghosh,Male,39,"New Delhi, Delhi",arnav.ghosh03608@example.com,9000003608,2023-04-24
G03609,Aditya Sethi,Male,27,"Patna, Bihar",aditya.sethi03609@example.com,9000003609,2018-09-29
G03610,Manav Bhatia,Male,38,"Jaipur, Rajasthan",manav.bhatia03610@example.com,9000003610,2024-10-21
G03611,Isha Rao,Female,41,"Shimla, Himachal Pradesh",isha.rao03611@example.com,9000003611,2024-05-28
G03612,Priya Shetty,Female,38,"Bhopal, Madhya Pradesh",priya.shetty03612@example.com,9000003612,2021-10-11
G03613,Sanya Dhingra,Female,49,"Thiruvananthapuram, Kerala",sanya.dhingra03613@example.com,9000003613,2022-01-22
G03614,Saurabh Kohli,Male,22,"Coimbatore, Tamil Nadu",saurabh.kohli03614@example.com,9000003614,2023-11-27
G03615,Ritvik Kapoor,Male,31,"Shimla, Himachal Pradesh",ritvik.kapoor03615@example.com,9000003615,2021-06-24
G03616,Arnav Iyer,Male,48,"Noida, Uttar Pradesh",arnav.iyer03616@example.com,9000003616,2022-10-16
G03617,Raj Kohli,Male,39,"Nashik, Maharashtra",raj.kohli03617@example.com,9000003617,2024-09-25
G03618,Aditi Nair,Female,31,"Indore, Madhya Pradesh",aditi.nair03618@example.com,9000003618,2016-02-17
G03619,Pooja Bhattacharya,Female,29,"Hyderabad, Telangana",pooja.bhattacharya03619@example.com,9000003619,2024-03-12
G03620,Sameer Arora,Male,32,"Kolkata, West Bengal",sameer.arora03620@example.com,9000003620,2023-05-26
G03621,Raghav Ghosh,Male,35,"Kochi, Kerala",raghav.ghosh03621@example.com,9000003621,2024-02-27
G03622,Meera Singh,Female,51,"Surat, Gujarat",meera.singh03622@example.com,9000003622,2020-10-19
G03623,Kavya Menon,Female,45,"Thiruvananthapuram, Kerala",kavya.menon03623@example.com,9000003623,2019-02-21
G03624,Nikita Mishra,Female,29,"Coimbatore, Tamil Nadu",nikita.mishra03624@example.com,9000003624,2020-05-09
G03625,Dhruv Yadav,Male,61,"Bhopal, Madhya Pradesh",dhruv.yadav03625@example.com,9000003625,2022-05-26
G03626,Dhruv Pillai,Male,33,"Hyderabad, Telangana",dhruv.pillai03626@example.com,9000003626,2022-03-03
G03627,Shubham Bansal,Male,25,"Jaipur, Rajasthan",shubham.bansal03627@example.com,9000003627,2016-07-14
G03628,Raj Oberoi,Male,47,"Mumbai, Maharashtra",raj.oberoi03628@example.com,9000003628,2023-01-12
G03629,Yash Kapoor,Male,27,"Mysuru, Karnataka",yash.kapoor03629@example.com,9000003629,2022-10-04
G03630,Ananya Banerjee,Female,52,"Patna, Bihar",ananya.banerjee03630@example.com,9000003630,2025-01-22
G03631,Rishi Trivedi,Male,32,"Gurugram, Haryana",rishi.trivedi03631@example.com,9000003631,2019-12-23
G03632,Komal Patel,Female,48,"Bengaluru, Karnataka",komal.patel03632@example.com,9000003632,2017-12-14
G03633,Preeti Rawat,Female,48,"Chennai, Tamil Nadu",preeti.rawat03633@example.com,9000003633,2017-01-15
G03634,Parth Mittal,Male,18,"Indore, Madhya Pradesh",parth.mittal03634@example.com,9000003634,2017-08-05
G03635,Simran Mukherjee,Female,72,"Mumbai, Maharashtra",simran.mukherjee03635@example.com,9000003635,2017-06-20
G03636,Neha Shah,Female,28,"Mysuru, Karnataka",neha.shah03636@example.com,9000003636,2018-12-08
G03637,Juhi Kapoor,Female,45,"Shimla, Himachal Pradesh",juhi.kapoor03637@example.com,9000003637,2018-07-04
G03638,Kabir Sethi,Male,38,"Kolkata, West Bengal",kabir.sethi03638@example.com,9000003638,2024-07-26
G03639,Amit Naidu,Male,18,"Thiruvananthapuram, Kerala",amit.naidu03639@example.com,9000003639,2017-05-18
G03640,Apoorva Sethi,Female,26,"Bhopal, Madhya Pradesh",apoorva.sethi03640@example.com,9000003640,2022-06-09
G03641,Vikram Shah,Male,27,"Surat, Gujarat",vikram.shah03641@example.com,9000003641,2024-11-14
G03642,Avni Mukherjee,Female,37,"Mumbai, Maharashtra",avni.mukherjee03642@example.com,9000003642,2021-02-15
G03643,Divya Das,Female,34,"Kochi, Kerala",divya.das03643@example.com,9000003643,2016-01-01
G03644,Neeraj Rao,Male,55,"Udaipur, Rajasthan",neeraj.rao03644@example.com,9000003644,2018-05-13
G03645,Shrey Mittal,Male,52,"Ranchi, Jharkhand",shrey.mittal03645@example.com,9000003645,2023-02-04
G03646,Deepak Patel,Male,38,"Faridabad, Haryana",deepak.patel03646@example.com,9000003646,2022-10-16
G03647,Raj Ahuja,Male,47,"Jaipur, Rajasthan",raj.ahuja03647@example.com,9000003647,2025-05-14
G03648,Tushar Bhattacharya,Male,58,"Chennai, Tamil Nadu",tushar.bhattacharya03648@example.com,9000003648,2020-11-14
G03649,Apoorva Bose,Female,24,"Lucknow, Uttar Pradesh",apoorva.bose03649@example.com,9000003649,2023-08-29
G03650,Tanya Sethi,Female,41,"New Delhi, Delhi",tanya.sethi03650@example.com,9000003650,2019-05-31
G03651,Aditi Gupta,Female,57,"Mumbai, Maharashtra",aditi.gupta03651@example.com,9000003651,2022-04-16
G03652,Riya Mishra,Female,51,"Patna, Bihar",riya.mishra03652@example.com,9000003652,2016-11-18
G03653,Vasudha Luthra,Female,29,"Thiruvananthapuram, Kerala",vasudha.luthra03653@example.com,9000003653,2017-08-24
G03654,Shalini Bansal,Female,43,"Coimbatore, Tamil Nadu",shalini.bansal03654@example.com,9000003654,2022-11-30
G03655,Diya Saxena,Female,21,"Surat, Gujarat",diya.saxena03655@example.com,9000003655,2016-06-28
G03656,Shreya Jain,Female,21,"Kolkata, West Bengal",shreya.jain03656@example.com,9000003656,2024-09-28
G03657,Shreya Bhatia,Female,42,"Lucknow, Uttar Pradesh",shreya.bhatia03657@example.com,9000003657,2018-06-07
G03658,Shalini Oberoi,Female,45,"Chandigarh, Chandigarh",shalini.oberoi03658@example.com,9000003658,2023-04-29
G03659,Kunal Luthra,Male,41,"Kochi, Kerala",kunal.luthra03659@example.com,9000003659,2022-11-30
G03660,Harsh Iyer,Male,44,"Mumbai, Maharashtra",harsh.iyer03660@example.com,9000003660,2021-08-27
G03661,Shreya Verma,Female,35,"Jaipur, Rajasthan",shreya.verma03661@example.com,9000003661,2019-01-13
G03662,Aditi Srivastava,Female,50,"Dehradun, Uttarakhand",aditi.srivastava03662@example.com,9000003662,2021-07-26
G03663,Rohan Sharma,Male,35,"Goa, Goa",rohan.sharma03663@example.com,9000003663,2018-02-05
G03664,Ankit Kulkarni,Male,28,"Hyderabad, Telangana",ankit.kulkarni03664@example.com,9000003664,2016-02-12
G03665,Ritu Das,Female,22,"Bengaluru, Karnataka",ritu.das03665@example.com,9000003665,2021-07-18
G03666,Ishaan Agarwal,Male,40,"Chennai, Tamil Nadu",ishaan.agarwal03666@example.com,9000003666,2016-05-05
G03667,Sanya Puri,Female,54,"Thiruvananthapuram, Kerala",sanya.puri03667@example.com,9000003667,2020-06-30
G03668,Manav Gill,Male,64,"Indore, Madhya Pradesh",manav.gill03668@example.com,9000003668,2022-04-18
G03669,Tanmay Gupta,Male,65,"Bengaluru, Karnataka",tanmay.gupta03669@example.com,9000003669,2018-05-05
G03670,Shalini Kohli,Female,22,"Nagpur, Maharashtra",shalini.kohli03670@example.com,9000003670,2020-01-16
G03671,Nandini Mittal,Female,37,"New Delhi, Delhi",nandini.mittal03671@example.com,9000003671,2018-06-10
G03672,Nisha Menon,Female,42,"Pune, Maharashtra",nisha.menon03672@example.com,9000003672,2022-04-12
G03673,Navya Chauhan,Female,36,"Mumbai, Maharashtra",navya.chauhan03673@example.com,9000003673,2018-09-18
G03674,Amit Chauhan,Male,47,"Indore, Madhya Pradesh",amit.chauhan03674@example.com,9000003674,2016-11-19
G03675,Juhi Mehta,Female,42,"Goa, Goa",juhi.mehta03675@example.com,9000003675,2024-06-19
G03676,Karan Tiwari,Male,37,"Chandigarh, Chandigarh",karan.tiwari03676@example.com,9000003676,2018-09-11
G03677,Nisha Srivastava,Female,18,"Kolkata, West Bengal",nisha.srivastava03677@example.com,9000003677,2021-02-11
G03678,Karan Nair,Male,18,"Chennai, Tamil Nadu",karan.nair03678@example.com,9000003678,2024-09-22
G03679,Arjun Chauhan,Male,49,"Hyderabad, Telangana",arjun.chauhan03679@example.com,9000003679,2022-01-15
G03680,Arjun Pillai,Male,45,"Chennai, Tamil Nadu",arjun.pillai03680@example.com,9000003680,2018-12-08
G03681,Kriti Naidu,Female,28,"Bhopal, Madhya Pradesh",kriti.naidu03681@example.com,9000003681,2023-07-28
G03682,Raj Mishra,Male,46,"Bengaluru, Karnataka",raj.mishra03682@example.com,9000003682,2018-07-04
G03683,Shrey Mukherjee,Male,41,"Bengaluru, Karnataka",shrey.mukherjee03683@example.com,9000003683,2023-12-23
G03684,Neha Kaur,Female,55,"Mumbai, Maharashtra",neha.kaur03684@example.com,9000003684,2021-12-08
G03685,Sameer Mukherjee,Male,28,"Chennai, Tamil Nadu",sameer.mukherjee03685@example.com,9000003685,2020-02-21
G03686,Shalini Luthra,Female,41,"Faridabad, Haryana",shalini.luthra03686@example.com,9000003686,2022-11-19
G03687,Riya Naidu,Female,43,"Kochi, Kerala",riya.naidu03687@example.com,9000003687,2023-06-08
G03688,Diya Ghosh,Female,18,"Bhopal, Madhya Pradesh",diya.ghosh03688@example.com,9000003688,2019-06-06
G03689,Trisha Jain,Female,26,"Mumbai, Maharashtra",trisha.jain03689@example.com,9000003689,2025-09-04
G03690,Muskan Naidu,Female,50,"Chandigarh, Chandigarh",muskan.naidu03690@example.com,9000003690,2022-08-07
G03691,Manav Mishra,Male,45,"Ahmedabad, Gujarat",manav.mishra03691@example.com,9000003691,2020-08-29
G03692,Neha Bhattacharya,Female,20,"Mumbai, Maharashtra",neha.bhattacharya03692@example.com,9000003692,2017-07-08
G03693,Raj Reddy,Male,38,"Surat, Gujarat",raj.reddy03693@example.com,9000003693,2016-04-12
G03694,Dev Iyer,Male,47,"Bengaluru, Karnataka",dev.iyer03694@example.com,9000003694,2020-04-29
G03695,Vivaan Kapoor,Male,47,"Mumbai, Maharashtra",vivaan.kapoor03695@example.com,9000003695,2019-05-24
G03696,Aditya Kohli,Male,37,"Goa, Goa",aditya.kohli03696@example.com,9000003696,2024-04-14
G03697,Harsh Bansal,Male,28,"New Delhi, Delhi",harsh.bansal03697@example.com,9000003697,2021-11-03
G03698,Shubham Sodhi,Male,37,"Kochi, Kerala",shubham.sodhi03698@example.com,9000003698,2018-12-25
G03699,Raghav Rawat,Male,47,"Hyderabad, Telangana",raghav.rawat03699@example.com,9000003699,2020-01-17
G03700,Kabir Yadav,Male,31,"Patna, Bihar",kabir.yadav03700@example.com,9000003700,2018-05-09
G03701,Mrunal Luthra,Female,45,"Faridabad, Haryana",mrunal.luthra03701@example.com,9000003701,2019-09-26
G03702,Komal Kulkarni,Female,38,"Udaipur, Rajasthan",komal.kulkarni03702@example.com,9000003702,2018-02-06
G03703,Sahil Sodhi,Male,52,"Kolkata, West Bengal",sahil.sodhi03703@example.com,9000003703,2022-11-10
G03704,Harsh Sodhi,Male,38,"Ranchi, Jharkhand",harsh.sodhi03704@example.com,9000003704,2024-08-29
G03705,Arjun Sodhi,Male,48,"Chandigarh, Chandigarh",arjun.sodhi03705@example.com,9000003705,2019-04-05
G03706,Rishi Rao,Male,62,"Noida, Uttar Pradesh",rishi.rao03706@example.com,9000003706,2019-04-06
G03707,Rahul Sinha,Male,37,"Gurugram, Haryana",rahul.sinha03707@example.com,9000003707,2023-03-25
G03708,Shubham Mehta,Male,38,"Chennai, Tamil Nadu",shubham.mehta03708@example.com,9000003708,2017-01-25
G03709,Dev Bose,Male,35,"Jaipur, Rajasthan",dev.bose03709@example.com,9000003709,2018-09-06
G03710,Riya Nair,Female,38,"Shimla, Himachal Pradesh",riya.nair03710@example.com,9000003710,2022-06-02
G03711,Muskan Dhingra,Female,45,"Bhubaneswar, Odisha",muskan.dhingra03711@example.com,9000003711,2025-01-02
G03712,Arnav Dutta,Male,54,"Thiruvananthapuram, Kerala",arnav.dutta03712@example.com,9000003712,2022-05-20
G03713,Shalini Mittal,Female,58,"Lucknow, Uttar Pradesh",shalini.mittal03713@example.com,9000003713,2021-06-12
G03714,Kunal Shetty,Male,53,"Bhopal, Madhya Pradesh",kunal.shetty03714@example.com,9000003714,2023-12-22
G03715,Navya Desai,Female,27,"Patna, Bihar",navya.desai03715@example.com,9000003715,2021-02-24
G03716,Aanya Tiwari,Female,47,"New Delhi, Delhi",aanya.tiwari03716@example.com,9000003716,2019-05-31
G03717,Radhika Chopra,Female,18,"Bengaluru, Karnataka",radhika.chopra03717@example.com,9000003717,2017-09-22
G03718,Pranav Chauhan,Male,35,"Ahmedabad, Gujarat",pranav.chauhan03718@example.com,9000003718,2022-03-04
G03719,Mrunal Tiwari,Female,22,"Udaipur, Rajasthan",mrunal.tiwari03719@example.com,9000003719,2024-03-18
G03720,Ananya Kaur,Female,27,"Chennai, Tamil Nadu",ananya.kaur03720@example.com,9000003720,2022-11-11
G03721,Meera Bhatia,Female,36,"Ahmedabad, Gujarat",meera.bhatia03721@example.com,9000003721,2023-03-02
G03722,Mahi Thakur,Female,44,"Mumbai, Maharashtra",mahi.thakur03722@example.com,9000003722,2021-01-19
G03723,Varun Kaur,Male,30,"Chandigarh, Chandigarh",varun.kaur03723@example.com,9000003723,2019-08-05
G03724,Riya Srivastava,Female,44,"Shimla, Himachal Pradesh",riya.srivastava03724@example.com,9000003724,2023-11-17
G03725,Naveen Chopra,Male,57,"Surat, Gujarat",naveen.chopra03725@example.com,9000003725,2017-04-06
G03726,Deepak Verma,Male,40,"Noida, Uttar Pradesh",deepak.verma03726@example.com,9000003726,2017-07-23
G03727,Neeraj Arora,Male,43,"Coimbatore, Tamil Nadu",neeraj.arora03727@example.com,9000003727,2021-02-24
G03728,Abhinav Sodhi,Male,34,"Chandigarh, Chandigarh",abhinav.sodhi03728@example.com,9000003728,2016-12-19
G03729,Mohit Nair,Male,33,"Ahmedabad, Gujarat",mohit.nair03729@example.com,9000003729,2019-06-14
G03730,Muskan Kohli,Female,40,"Surat, Gujarat",muskan.kohli03730@example.com,9000003730,2019-04-28
G03731,Mrunal Dutta,Female,55,"Ahmedabad, Gujarat",mrunal.dutta03731@example.com,9000003731,2019-04-13
G03732,Mrunal Shetty,Female,43,"Bhopal, Madhya Pradesh",mrunal.shetty03732@example.com,9000003732,2020-04-22
G03733,Sakshi Srivastava,Female,40,"Bhopal, Madhya Pradesh",sakshi.srivastava03733@example.com,9000003733,2022-10-04
G03734,Raj Verma,Male,36,"Mumbai, Maharashtra",raj.verma03734@example.com,9000003734,2020-06-24
G03735,Muskan Yadav,Other,60,"Patna, Bihar",muskan.yadav03735@example.com,9000003735,2023-06-07
G03736,Komal Chopra,Female,47,"Udaipur, Rajasthan",komal.chopra03736@example.com,9000003736,2025-10-10
G03737,Kriti Sinha,Female,38,"Hyderabad, Telangana",kriti.sinha03737@example.com,9000003737,2017-10-08
G03738,Ritu Jain,Female,33,"Mysuru, Karnataka",ritu.jain03738@example.com,9000003738,2016-12-30
G03739,Amit Yadav,Male,25,"Indore, Madhya Pradesh",amit.yadav03739@example.com,9000003739,2020-10-11
G03740,Divya Banerjee,Female,24,"New Delhi, Delhi",divya.banerjee03740@example.com,9000003740,2017-07-16
G03741,Sahil Bose,Male,21,"Surat, Gujarat",sahil.bose03741@example.com,9000003741,2025-12-11
G03742,Deepak Ahuja,Male,45,"Thiruvananthapuram, Kerala",deepak.ahuja03742@example.com,9000003742,2018-08-18
G03743,Aanya Sengupta,Female,19,"Bengaluru, Karnataka",aanya.sengupta03743@example.com,9000003743,2024-03-12
G03744,Amit Tiwari,Male,21,"New Delhi, Delhi",amit.tiwari03744@example.com,9000003744,2018-08-15
G03745,Mahi Bose,Female,40,"Bengaluru, Karnataka",mahi.bose03745@example.com,9000003745,2022-02-08
G03746,Pallavi Saxena,Female,64,"Mumbai, Maharashtra",pallavi.saxena03746@example.com,9000003746,2017-09-11
G03747,Kiara Dhingra,Female,42,"Ahmedabad, Gujarat",kiara.dhingra03747@example.com,9000003747,2021-01-29
G03748,Ananya Yadav,Female,62,"Noida, Uttar Pradesh",ananya.yadav03748@example.com,9000003748,2020-09-18
G03749,Adit Sethi,Male,21,"Faridabad, Haryana",adit.sethi03749@example.com,9000003749,2025-01-11
G03750,Myra Rawat,Female,47,"Indore, Madhya Pradesh",myra.rawat03750@example.com,9000003750,2018-01-14
G03751,Akash Kapoor,Male,19,"Coimbatore, Tamil Nadu",akash.kapoor03751@example.com,9000003751,2020-05-05
G03752,Nikita Patel,Female,28,"Hyderabad, Telangana",nikita.patel03752@example.com,9000003752,2017-02-21
G03753,Anika Malhotra,Female,42,"Dehradun, Uttarakhand",anika.malhotra03753@example.com,9000003753,2024-03-01
G03754,Ujjwal Nair,Male,41,"Hyderabad, Telangana",ujjwal.nair03754@example.com,9000003754,2022-04-17
G03755,Vivek Singh,Male,69,"Gurugram, Haryana",vivek.singh03755@example.com,9000003755,2017-08-14
G03756,Ishaan Chauhan,Male,18,"Noida, Uttar Pradesh",ishaan.chauhan03756@example.com,9000003756,2016-12-25
G03757,Arjun Luthra,Male,42,"Goa, Goa",arjun.luthra03757@example.com,9000003757,2025-12-30
G03758,Komal Agarwal,Female,45,"Bengaluru, Karnataka",komal.agarwal03758@example.com,9000003758,2020-02-13
G03759,Apoorva Bhatia,Female,25,"Ahmedabad, Gujarat",apoorva.bhatia03759@example.com,9000003759,2025-07-28
G03760,Ritvik Oberoi,Male,19,"Kolkata, West Bengal",ritvik.oberoi03760@example.com,9000003760,2019-05-17
G03761,Parth Shetty,Male,55,"Pune, Maharashtra",parth.shetty03761@example.com,9000003761,2020-09-07
G03762,Aditya Jain,Male,45,"Gurugram, Haryana",aditya.jain03762@example.com,9000003762,2023-11-04
G03763,Isha Mukherjee,Female,36,"Chandigarh, Chandigarh",isha.mukherjee03763@example.com,9000003763,2021-07-27
G03764,Aditya Dutta,Male,31,"Bengaluru, Karnataka",aditya.dutta03764@example.com,9000003764,2018-12-09
G03765,Arnav Joshi,Male,38,"Pune, Maharashtra",arnav.joshi03765@example.com,9000003765,2024-01-25
G03766,Raj Patel,Male,19,"Nashik, Maharashtra",raj.patel03766@example.com,9000003766,2019-05-23
G03767,Anika Tiwari,Female,31,"Surat, Gujarat",anika.tiwari03767@example.com,9000003767,2016-11-09
G03768,Radhika Puri,Female,21,"Bengaluru, Karnataka",radhika.puri03768@example.com,9000003768,2023-07-02
G03769,Saurabh Sharma,Male,51,"Nagpur, Maharashtra",saurabh.sharma03769@example.com,9000003769,2024-12-11
G03770,Sonali Saxena,Female,26,"Thiruvananthapuram, Kerala",sonali.saxena03770@example.com,9000003770,2025-01-29
G03771,Sameer Nair,Male,30,"Jaipur, Rajasthan",sameer.nair03771@example.com,9000003771,2016-06-12
G03772,Aman Khatri,Male,29,"Goa, Goa",aman.khatri03772@example.com,9000003772,2019-08-20
G03773,Payal Pillai,Female,33,"Gurugram, Haryana",payal.pillai03773@example.com,9000003773,2019-12-18
G03774,Vivek Sodhi,Male,28,"Bengaluru, Karnataka",vivek.sodhi03774@example.com,9000003774,2016-05-25
G03775,Komal Mittal,Female,56,"Nagpur, Maharashtra",komal.mittal03775@example.com,9000003775,2016-08-05
G03776,Siddharth Verma,Male,45,"Mysuru, Karnataka",siddharth.verma03776@example.com,9000003776,2021-05-25
G03777,Sameer Pillai,Male,45,"Faridabad, Haryana",sameer.pillai03777@example.com,9000003777,2023-08-22
G03778,Kriti Dutta,Female,46,"Mumbai, Maharashtra",kriti.dutta03778@example.com,9000003778,2021-06-03
G03779,Kabir Sodhi,Male,50,"Hyderabad, Telangana",kabir.sodhi03779@example.com,9000003779,2017-03-29
G03780,Dev Srivastava,Male,18,"Goa, Goa",dev.srivastava03780@example.com,9000003780,2020-08-16
G03781,Ishaan Menon,Male,29,"Jaipur, Rajasthan",ishaan.menon03781@example.com,9000003781,2022-07-24
G03782,Sakshi Khanna,Female,42,"Chennai, Tamil Nadu",sakshi.khanna03782@example.com,9000003782,2017-02-26
G03783,Sameer Mittal,Male,31,"New Delhi, Delhi",sameer.mittal03783@example.com,9000003783,2019-05-19
G03784,Ayush Patel,Male,18,"Goa, Goa",ayush.patel03784@example.com,9000003784,2021-11-10
G03785,Tanvi Ghosh,Female,26,"Hyderabad, Telangana",tanvi.ghosh03785@example.com,9000003785,2021-06-29
G03786,Sanya Agarwal,Female,50,"Noida, Uttar Pradesh",sanya.agarwal03786@example.com,9000003786,2021-08-22
G03787,Divya Dhingra,Other,33,"Nagpur, Maharashtra",divya.dhingra03787@example.com,9000003787,2023-11-01
G03788,Vivek Mukherjee,Male,58,"Lucknow, Uttar Pradesh",vivek.mukherjee03788@example.com,9000003788,2023-03-28
G03789,Kunal Vohra,Male,49,"Chennai, Tamil Nadu",kunal.vohra03789@example.com,9000003789,2018-08-26
G03790,Nandini Sharma,Female,55,"Goa, Goa",nandini.sharma03790@example.com,9000003790,2017-12-01
G03791,Nandini Dhingra,Female,30,"Kolkata, West Bengal",nandini.dhingra03791@example.com,9000003791,2023-05-17
G03792,Mrunal Rawat,Female,28,"Chennai, Tamil Nadu",mrunal.rawat03792@example.com,9000003792,2019-04-18
G03793,Pranav Rao,Other,39,"Jaipur, Rajasthan",pranav.rao03793@example.com,9000003793,2020-02-02
G03794,Riya Arora,Female,62,"Mumbai, Maharashtra",riya.arora03794@example.com,9000003794,2023-10-02
G03795,Gaurav Yadav,Male,30,"Mumbai, Maharashtra",gaurav.yadav03795@example.com,9000003795,2019-06-25
G03796,Komal Nair,Female,39,"Mumbai, Maharashtra",komal.nair03796@example.com,9000003796,2017-12-28
G03797,Meera Sinha,Female,24,"Indore, Madhya Pradesh",meera.sinha03797@example.com,9000003797,2019-02-14
G03798,Dhruv Gill,Male,37,"Mumbai, Maharashtra",dhruv.gill03798@example.com,9000003798,2024-10-15
G03799,Sneha Saxena,Female,43,"Udaipur, Rajasthan",sneha.saxena03799@example.com,9000003799,2023-12-20
G03800,Tanya Iyer,Female,57,"New Delhi, Delhi",tanya.iyer03800@example.com,9000003800,2018-04-21
G03801,Siddharth Rao,Male,34,"Noida, Uttar Pradesh",siddharth.rao03801@example.com,9000003801,2023-04-13
G03802,Kabir Mishra,Male,23,"Chennai, Tamil Nadu",kabir.mishra03802@example.com,9000003802,2023-02-16
G03803,Ankit Srivastava,Male,21,"Bhopal, Madhya Pradesh",ankit.srivastava03803@example.com,9000003803,2016-12-07
G03804,Harsh Singh,Male,41,"Chennai, Tamil Nadu",harsh.singh03804@example.com,9000003804,2017-07-01
G03805,Vikram Thakur,Male,54,"Bengaluru, Karnataka",vikram.thakur03805@example.com,9000003805,2019-10-21
G03806,Harsh Menon,Male,34,"Jaipur, Rajasthan",harsh.menon03806@example.com,9000003806,2022-05-11
G03807,Nikhil Tiwari,Male,26,"Chennai, Tamil Nadu",nikhil.tiwari03807@example.com,9000003807,2017-08-08
G03808,Apoorva Kulkarni,Female,23,"Kochi, Kerala",apoorva.kulkarni03808@example.com,9000003808,2016-12-03
G03809,Rohan Sethi,Male,44,"New Delhi, Delhi",rohan.sethi03809@example.com,9000003809,2020-08-08
G03810,Akash Dhingra,Male,31,"Coimbatore, Tamil Nadu",akash.dhingra03810@example.com,9000003810,2020-08-19
G03811,Parth Rawat,Male,33,"Pune, Maharashtra",parth.rawat03811@example.com,9000003811,2019-02-17
G03812,Navya Nair,Female,55,"Udaipur, Rajasthan",navya.nair03812@example.com,9000003812,2023-02-26
G03813,Aarav Mittal,Male,52,"Indore, Madhya Pradesh",aarav.mittal03813@example.com,9000003813,2016-12-20
G03814,Diya Ahuja,Other,33,"Hyderabad, Telangana",diya.ahuja03814@example.com,9000003814,2020-02-25
G03815,Aanya Nair,Female,58,"Ahmedabad, Gujarat",aanya.nair03815@example.com,9000003815,2017-02-14
G03816,Sneha Vohra,Female,18,"Mysuru, Karnataka",sneha.vohra03816@example.com,9000003816,2020-10-01
G03817,Mayank Pillai,Male,31,"Mysuru, Karnataka",mayank.pillai03817@example.com,9000003817,2020-01-12
G03818,Siddharth Iyer,Male,39,"Chennai, Tamil Nadu",siddharth.iyer03818@example.com,9000003818,2021-07-09
G03819,Kabir Pillai,Male,37,"Bengaluru, Karnataka",kabir.pillai03819@example.com,9000003819,2022-12-14
G03820,Neha Rawat,Female,33,"Bengaluru, Karnataka",neha.rawat03820@example.com,9000003820,2017-10-20
G03821,Sonali Bansal,Female,41,"Chennai, Tamil Nadu",sonali.bansal03821@example.com,9000003821,2020-05-17
G03822,Preeti Kaur,Female,32,"Shimla, Himachal Pradesh",preeti.kaur03822@example.com,9000003822,2024-11-05
G03823,Aditya Bhattacharya,Male,29,"Nagpur, Maharashtra",aditya.bhattacharya03823@example.com,9000003823,2016-09-08
G03824,Swati Saxena,Female,50,"Bengaluru, Karnataka",swati.saxena03824@example.com,9000003824,2018-03-31
G03825,Mahi Sharma,Female,51,"Gurugram, Haryana",mahi.sharma03825@example.com,9000003825,2020-12-26
G03826,Pallavi Banerjee,Female,47,"Thiruvananthapuram, Kerala",pallavi.banerjee03826@example.com,9000003826,2024-10-29
G03827,Shalini Mukherjee,Female,49,"Shimla, Himachal Pradesh",shalini.mukherjee03827@example.com,9000003827,2017-03-29
G03828,Tanmay Pillai,Male,40,"Shimla, Himachal Pradesh",tanmay.pillai03828@example.com,9000003828,2021-12-22
G03829,Apoorva Dutta,Female,27,"Bengaluru, Karnataka",apoorva.dutta03829@example.com,9000003829,2018-01-02
G03830,Bhavna Nair,Female,23,"Patna, Bihar",bhavna.nair03830@example.com,9000003830,2023-02-11
G03831,Neeraj Puri,Male,45,"Gurugram, Haryana",neeraj.puri03831@example.com,9000003831,2020-09-22
G03832,Shivani Nair,Female,38,"Shimla, Himachal Pradesh",shivani.nair03832@example.com,9000003832,2017-09-03
G03833,Ankit Joshi,Male,25,"Chennai, Tamil Nadu",ankit.joshi03833@example.com,9000003833,2025-11-30
G03834,Myra Sengupta,Female,35,"Lucknow, Uttar Pradesh",myra.sengupta03834@example.com,9000003834,2016-08-09
G03835,Neha Puri,Female,37,"Nagpur, Maharashtra",neha.puri03835@example.com,9000003835,2021-05-02
G03836,Arjun Chopra,Male,62,"Nagpur, Maharashtra",arjun.chopra03836@example.com,9000003836,2025-09-10
G03837,Shreya Naidu,Female,67,"Surat, Gujarat",shreya.naidu03837@example.com,9000003837,2017-08-05
G03838,Mahi Mathur,Female,61,"Dehradun, Uttarakhand",mahi.mathur03838@example.com,9000003838,2024-11-11
G03839,Mahi Agarwal,Female,45,"Bengaluru, Karnataka",mahi.agarwal03839@example.com,9000003839,2020-03-20
G03840,Aditi Sethi,Female,38,"Chandigarh, Chandigarh",aditi.sethi03840@example.com,9000003840,2018-07-17
G03841,Vasudha Mehta,Female,41,"Chennai, Tamil Nadu",vasudha.mehta03841@example.com,9000003841,2022-02-16
G03842,Aditi Banerjee,Female,26,"Chandigarh, Chandigarh",aditi.banerjee03842@example.com,9000003842,2024-06-14
G03843,Divya Saxena,Female,34,"Mysuru, Karnataka",divya.saxena03843@example.com,9000003843,2019-06-10
G03844,Komal Rawat,Female,44,"Jaipur, Rajasthan",komal.rawat03844@example.com,9000003844,2024-06-01
G03845,Aditya Puri,Male,52,"Jaipur, Rajasthan",aditya.puri03845@example.com,9000003845,2023-11-23
G03846,Vikram Bhattacharya,Male,30,"Ahmedabad, Gujarat",vikram.bhattacharya03846@example.com,9000003846,2019-12-28
G03847,Parth Reddy,Male,43,"Bengaluru, Karnataka",parth.reddy03847@example.com,9000003847,2017-11-02
G03848,Mrunal Patel,Female,48,"Ahmedabad, Gujarat",mrunal.patel03848@example.com,9000003848,2023-05-07
G03849,Kunal Sodhi,Male,56,"Lucknow, Uttar Pradesh",kunal.sodhi03849@example.com,9000003849,2022-05-29
G03850,Swati Nair,Female,32,"Mumbai, Maharashtra",swati.nair03850@example.com,9000003850,2022-04-23
G03851,Rohan Chopra,Male,21,"Mumbai, Maharashtra",rohan.chopra03851@example.com,9000003851,2021-12-20
G03852,Payal Patel,Female,26,"Mumbai, Maharashtra",payal.patel03852@example.com,9000003852,2025-03-29
G03853,Vivek Shah,Male,53,"Pune, Maharashtra",vivek.shah03853@example.com,9000003853,2021-04-29
G03854,Kabir Singh,Male,38,"Lucknow, Uttar Pradesh",kabir.singh03854@example.com,9000003854,2024-06-07
G03855,Kiara Bhattacharya,Female,30,"Ahmedabad, Gujarat",kiara.bhattacharya03855@example.com,9000003855,2016-12-19
G03856,Sameer Naidu,Male,45,"Hyderabad, Telangana",sameer.naidu03856@example.com,9000003856,2022-05-25
G03857,Saurabh Arora,Male,74,"Lucknow, Uttar Pradesh",saurabh.arora03857@example.com,9000003857,2021-12-11
G03858,Tarun Agarwal,Male,47,"New Delhi, Delhi",tarun.agarwal03858@example.com,9000003858,2019-01-22
G03859,Riya Kohli,Female,38,"Gurugram, Haryana",riya.kohli03859@example.com,9000003859,2017-09-23
G03860,Komal Sharma,Female,54,"Surat, Gujarat",komal.sharma03860@example.com,9000003860,2022-02-19
G03861,Shalini Kapoor,Female,52,"Bhopal, Madhya Pradesh",shalini.kapoor03861@example.com,9000003861,2021-05-26
G03862,Ritika Bhattacharya,Female,42,"Noida, Uttar Pradesh",ritika.bhattacharya03862@example.com,9000003862,2024-06-21
G03863,Vikram Joshi,Male,58,"Pune, Maharashtra",vikram.joshi03863@example.com,9000003863,2019-05-21
G03864,Neeraj Luthra,Male,29,"Mysuru, Karnataka",neeraj.luthra03864@example.com,9000003864,2024-05-09
G03865,Tushar Pillai,Male,43,"Bengaluru, Karnataka",tushar.pillai03865@example.com,9000003865,2024-12-22
G03866,Sonali Dhingra,Female,30,"Nagpur, Maharashtra",sonali.dhingra03866@example.com,9000003866,2018-06-22
G03867,Sahil Srivastava,Male,40,"Chennai, Tamil Nadu",sahil.srivastava03867@example.com,9000003867,2023-02-09
G03868,Payal Sodhi,Female,25,"Patna, Bihar",payal.sodhi03868@example.com,9000003868,2020-10-17
G03869,Payal Banerjee,Female,61,"Chennai, Tamil Nadu",payal.banerjee03869@example.com,9000003869,2019-09-13
G03870,Rishi Chauhan,Male,53,"Jaipur, Rajasthan",rishi.chauhan03870@example.com,9000003870,2023-02-23
G03871,Raj Naidu,Male,18,"Kolkata, West Bengal",raj.naidu03871@example.com,9000003871,2017-06-01
G03872,Vikram Tiwari,Male,18,"Chennai, Tamil Nadu",vikram.tiwari03872@example.com,9000003872,2016-12-20
G03873,Nandini Dutta,Female,43,"Bengaluru, Karnataka",nandini.dutta03873@example.com,9000003873,2019-06-20
G03874,Pranav Sethi,Male,24,"Goa, Goa",pranav.sethi03874@example.com,9000003874,2019-05-08
G03875,Aanya Mehta,Other,64,"Bengaluru, Karnataka",aanya.mehta03875@example.com,9000003875,2023-07-25
G03876,Kavya Tiwari,Female,54,"Ahmedabad, Gujarat",kavya.tiwari03876@example.com,9000003876,2017-11-12
G03877,Sahil Luthra,Male,63,"Jaipur, Rajasthan",sahil.luthra03877@example.com,9000003877,2018-07-06
G03878,Sanya Tiwari,Female,36,"Mumbai, Maharashtra",sanya.tiwari03878@example.com,9000003878,2016-08-23
G03879,Aarav Saxena,Male,52,"Surat, Gujarat",aarav.saxena03879@example.com,9000003879,2018-09-23
G03880,Aarav Jain,Male,41,"Bengaluru, Karnataka",aarav.jain03880@example.com,9000003880,2018-11-11
G03881,Aarohi Chopra,Female,49,"Chennai, Tamil Nadu",aarohi.chopra03881@example.com,9000003881,2018-11-28
G03882,Adit Das,Male,35,"Gurugram, Haryana",adit.das03882@example.com,9000003882,2022-04-23
G03883,Dev Mishra,Male,21,"Goa, Goa",dev.mishra03883@example.com,9000003883,2021-10-15
G03884,Gaurav Malhotra,Male,29,"Noida, Uttar Pradesh",gaurav.malhotra03884@example.com,9000003884,2023-07-05
G03885,Myra Kapoor,Female,37,"Shimla, Himachal Pradesh",myra.kapoor03885@example.com,9000003885,2022-07-23
G03886,Ujjwal Rao,Male,36,"Bengaluru, Karnataka",ujjwal.rao03886@example.com,9000003886,2016-03-28
G03887,Adit Ahuja,Male,36,"Mumbai, Maharashtra",adit.ahuja03887@example.com,9000003887,2022-03-15
G03888,Rohan Das,Male,36,"Bhubaneswar, Odisha",rohan.das03888@example.com,9000003888,2018-03-03
G03889,Ishaan Vohra,Male,41,"Bhubaneswar, Odisha",ishaan.vohra03889@example.com,9000003889,2019-05-12
G03890,Swati Iyer,Female,36,"Bengaluru, Karnataka",swati.iyer03890@example.com,9000003890,2023-03-23
G03891,Nandini Agarwal,Female,47,"Bengaluru, Karnataka",nandini.agarwal03891@example.com,9000003891,2017-09-27
G03892,Raj Bose,Male,57,"Surat, Gujarat",raj.bose03892@example.com,9000003892,2020-04-15
G03893,Ritu Shetty,Female,32,"Chennai, Tamil Nadu",ritu.shetty03893@example.com,9000003893,2017-07-03
G03894,Divya Kaur,Female,34,"Udaipur, Rajasthan",divya.kaur03894@example.com,9000003894,2016-05-27
G03895,Kavya Malhotra,Female,34,"Kochi, Kerala",kavya.malhotra03895@example.com,9000003895,2016-05-04
G03896,Gaurav Bose,Male,54,"Bengaluru, Karnataka",gaurav.bose03896@example.com,9000003896,2019-01-31
G03897,Simran Dutta,Female,27,"Kolkata, West Bengal",simran.dutta03897@example.com,9000003897,2016-08-25
G03898,Shivani Gill,Female,37,"Udaipur, Rajasthan",shivani.gill03898@example.com,9000003898,2024-10-04
G03899,Riya Luthra,Female,24,"New Delhi, Delhi",riya.luthra03899@example.com,9000003899,2025-05-31
G03900,Shrey Ghosh,Male,48,"Mumbai, Maharashtra",shrey.ghosh03900@example.com,9000003900,2019-05-18
G03901,Priya Mukherjee,Female,59,"Pune, Maharashtra",priya.mukherjee03901@example.com,9000003901,2021-05-31
G03902,Apoorva Saxena,Female,27,"Jaipur, Rajasthan",apoorva.saxena03902@example.com,9000003902,2023-12-12
G03903,Kavya Dhingra,Female,37,"Jaipur, Rajasthan",kavya.dhingra03903@example.com,9000003903,2023-05-03
G03904,Swati Sethi,Female,54,"Kochi, Kerala",swati.sethi03904@example.com,9000003904,2020-11-22
G03905,Rishi Bose,Male,31,"Bhubaneswar, Odisha",rishi.bose03905@example.com,9000003905,2019-12-03
G03906,Aman Sinha,Male,39,"Mumbai, Maharashtra",aman.sinha03906@example.com,9000003906,2017-06-30
G03907,Anika Mehta,Female,37,"Mumbai, Maharashtra",anika.mehta03907@example.com,9000003907,2023-08-07
G03908,Ananya Kohli,Female,35,"Faridabad, Haryana",ananya.kohli03908@example.com,9000003908,2024-01-21
G03909,Neeraj Chauhan,Male,47,"Chennai, Tamil Nadu",neeraj.chauhan03909@example.com,9000003909,2017-12-04
G03910,Anika Joshi,Female,54,"Gurugram, Haryana",anika.joshi03910@example.com,9000003910,2017-03-23
G03911,Manisha Sinha,Female,22,"Lucknow, Uttar Pradesh",manisha.sinha03911@example.com,9000003911,2023-10-26
G03912,Karan Srivastava,Male,30,"Hyderabad, Telangana",karan.srivastava03912@example.com,9000003912,2020-11-23
G03913,Ayush Jain,Male,52,"Bhubaneswar, Odisha",ayush.jain03913@example.com,9000003913,2023-05-14
G03914,Adit Mittal,Male,33,"Bengaluru, Karnataka",adit.mittal03914@example.com,9000003914,2019-02-19
G03915,Sameer Kapoor,Male,46,"Faridabad, Haryana",sameer.kapoor03915@example.com,9000003915,2017-01-24
G03916,Bhavna Kohli,Female,38,"Coimbatore, Tamil Nadu",bhavna.kohli03916@example.com,9000003916,2021-11-27
G03917,Juhi Tiwari,Female,38,"Lucknow, Uttar Pradesh",juhi.tiwari03917@example.com,9000003917,2019-11-22
G03918,Aditya Shetty,Male,49,"Nashik, Maharashtra",aditya.shetty03918@example.com,9000003918,2020-03-17
G03919,Shubham Menon,Male,44,"Ahmedabad, Gujarat",shubham.menon03919@example.com,9000003919,2025-11-20
G03920,Pooja Bhatia,Female,19,"Kolkata, West Bengal",pooja.bhatia03920@example.com,9000003920,2018-03-15
G03921,Siddharth Das,Male,19,"Thiruvananthapuram, Kerala",siddharth.das03921@example.com,9000003921,2016-01-10
G03922,Sanya Sengupta,Female,49,"Kolkata, West Bengal",sanya.sengupta03922@example.com,9000003922,2016-03-12
G03923,Akash Shetty,Male,50,"Pune, Maharashtra",akash.shetty03923@example.com,9000003923,2020-07-30
G03924,Nandini Oberoi,Female,42,"Lucknow, Uttar Pradesh",nandini.oberoi03924@example.com,9000003924,2016-09-02
G03925,Abhinav Bhatia,Male,41,"Bhopal, Madhya Pradesh",abhinav.bhatia03925@example.com,9000003925,2017-04-23
G03926,Komal Mishra,Female,47,"Bhopal, Madhya Pradesh",komal.mishra03926@example.com,9000003926,2019-03-01
G03927,Tushar Bhatia,Male,36,"Chandigarh, Chandigarh",tushar.bhatia03927@example.com,9000003927,2024-08-24
G03928,Raghav Chopra,Male,59,"Chandigarh, Chandigarh",raghav.chopra03928@example.com,9000003928,2016-08-23
G03929,Avni Luthra,Other,53,"Thiruvananthapuram, Kerala",avni.luthra03929@example.com,9000003929,2018-08-22
G03930,Aarav Joshi,Male,26,"Chennai, Tamil Nadu",aarav.joshi03930@example.com,9000003930,2018-06-18
G03931,Ishaan Bhatia,Male,39,"Mumbai, Maharashtra",ishaan.bhatia03931@example.com,9000003931,2021-07-04
G03932,Ritvik Mathur,Male,34,"Udaipur, Rajasthan",ritvik.mathur03932@example.com,9000003932,2016-07-11
G03933,Meera Srivastava,Female,26,"Chandigarh, Chandigarh",meera.srivastava03933@example.com,9000003933,2022-06-11
G03934,Shrey Shah,Male,49,"Coimbatore, Tamil Nadu",shrey.shah03934@example.com,9000003934,2023-09-26
G03935,Vivaan Gupta,Male,27,"Goa, Goa",vivaan.gupta03935@example.com,9000003935,2022-01-05
G03936,Shubham Sharma,Male,18,"Bengaluru, Karnataka",shubham.sharma03936@example.com,9000003936,2022-06-15
G03937,Navya Bhattacharya,Female,72,"Kolkata, West Bengal",navya.bhattacharya03937@example.com,9000003937,2019-12-26
G03938,Sanya Kaur,Female,23,"Nashik, Maharashtra",sanya.kaur03938@example.com,9000003938,2022-12-21
G03939,Aanya Sodhi,Female,50,"Hyderabad, Telangana",aanya.sodhi03939@example.com,9000003939,2019-12-09
G03940,Meera Desai,Female,62,"Bengaluru, Karnataka",meera.desai03940@example.com,9000003940,2022-08-20
G03941,Deepak Shah,Male,38,"Lucknow, Uttar Pradesh",deepak.shah03941@example.com,9000003941,2016-11-02
G03942,Priya Kulkarni,Female,21,"Faridabad, Haryana",priya.kulkarni03942@example.com,9000003942,2021-04-21
G03943,Sneha Rawat,Female,41,"Hyderabad, Telangana",sneha.rawat03943@example.com,9000003943,2020-08-09
G03944,Neha Trivedi,Female,38,"New Delhi, Delhi",neha.trivedi03944@example.com,9000003944,2022-03-28
G03945,Varun Srivastava,Male,44,"Faridabad, Haryana",varun.srivastava03945@example.com,9000003945,2016-02-14
G03946,Nandini Ahuja,Female,31,"New Delhi, Delhi",nandini.ahuja03946@example.com,9000003946,2021-07-24
G03947,Arjun Naidu,Male,39,"Chennai, Tamil Nadu",arjun.naidu03947@example.com,9000003947,2017-12-15
G03948,Ritika Dutta,Female,45,"Surat, Gujarat",ritika.dutta03948@example.com,9000003948,2017-09-24
G03949,Siddharth Malhotra,Male,35,"Gurugram, Haryana",siddharth.malhotra03949@example.com,9000003949,2021-10-27
G03950,Abhinav Mittal,Male,65,"Faridabad, Haryana",abhinav.mittal03950@example.com,9000003950,2019-09-23
G03951,Bhavna Dhingra,Female,46,"Gurugram, Haryana",bhavna.dhingra03951@example.com,9000003951,2024-10-12
G03952,Ayush Bhatia,Male,24,"Coimbatore, Tamil Nadu",ayush.bhatia03952@example.com,9000003952,2024-02-05
G03953,Parth Yadav,Male,60,"Gurugram, Haryana",parth.yadav03953@example.com,9000003953,2025-08-02
G03954,Neha Singh,Female,63,"Gurugram, Haryana",neha.singh03954@example.com,9000003954,2023-06-19
G03955,Pooja Bose,Female,40,"Lucknow, Uttar Pradesh",pooja.bose03955@example.com,9000003955,2021-08-22
G03956,Sakshi Joshi,Female,44,"Kolkata, West Bengal",sakshi.joshi03956@example.com,9000003956,2024-03-15
G03957,Kunal Patel,Male,53,"Noida, Uttar Pradesh",kunal.patel03957@example.com,9000003957,2016-12-31
G03958,Shalini Patel,Female,37,"Ahmedabad, Gujarat",shalini.patel03958@example.com,9000003958,2017-09-04
G03959,Navya Iyer,Female,33,"Udaipur, Rajasthan",navya.iyer03959@example.com,9000003959,2017-11-05
G03960,Rishi Khatri,Male,46,"Ahmedabad, Gujarat",rishi.khatri03960@example.com,9000003960,2020-12-10
G03961,Swati Malhotra,Female,50,"Chennai, Tamil Nadu",swati.malhotra03961@example.com,9000003961,2018-01-09
G03962,Avni Reddy,Other,23,"Mumbai, Maharashtra",avni.reddy03962@example.com,9000003962,2020-02-13
G03963,Karan Agarwal,Male,58,"Jaipur, Rajasthan",karan.agarwal03963@example.com,9000003963,2022-12-30
G03964,Swati Das,Other,53,"Noida, Uttar Pradesh",swati.das03964@example.com,9000003964,2022-02-01
G03965,Mahi Mishra,Female,34,"Chennai, Tamil Nadu",mahi.mishra03965@example.com,9000003965,2022-02-07
G03966,Harsh Jain,Male,45,"Kochi, Kerala",harsh.jain03966@example.com,9000003966,2024-08-20
G03967,Sonali Sengupta,Female,44,"Patna, Bihar",sonali.sengupta03967@example.com,9000003967,2019-05-08
G03968,Ayush Dhingra,Male,37,"Nagpur, Maharashtra",ayush.dhingra03968@example.com,9000003968,2022-04-22
G03969,Mrunal Iyer,Female,35,"Bengaluru, Karnataka",mrunal.iyer03969@example.com,9000003969,2019-09-16
G03970,Nandini Das,Female,23,"New Delhi, Delhi",nandini.das03970@example.com,9000003970,2023-11-29
G03971,Raj Nair,Male,18,"Chandigarh, Chandigarh",raj.nair03971@example.com,9000003971,2017-10-27
G03972,Vivek Sengupta,Male,28,"Jaipur, Rajasthan",vivek.sengupta03972@example.com,9000003972,2022-10-25
G03973,Nikhil Puri,Male,37,"Noida, Uttar Pradesh",nikhil.puri03973@example.com,9000003973,2019-08-14
G03974,Priya Malhotra,Female,31,"Faridabad, Haryana",priya.malhotra03974@example.com,9000003974,2019-09-15
G03975,Mrunal Ahuja,Female,40,"New Delhi, Delhi",mrunal.ahuja03975@example.com,9000003975,2016-12-19
G03976,Dhruv Kohli,Male,25,"Mumbai, Maharashtra",dhruv.kohli03976@example.com,9000003976,2017-08-21
G03977,Karan Gill,Male,18,"Bengaluru, Karnataka",karan.gill03977@example.com,9000003977,2022-09-13
G03978,Varun Chauhan,Male,20,"Pune, Maharashtra",varun.chauhan03978@example.com,9000003978,2022-08-21
G03979,Aman Shetty,Male,30,"Kochi, Kerala",aman.shetty03979@example.com,9000003979,2018-09-02
G03980,Aman Saxena,Male,58,"Coimbatore, Tamil Nadu",aman.saxena03980@example.com,9000003980,2018-01-14
G03981,Kriti Bhattacharya,Female,40,"Pune, Maharashtra",kriti.bhattacharya03981@example.com,9000003981,2024-12-28
G03982,Muskan Shah,Female,24,"Bhubaneswar, Odisha",muskan.shah03982@example.com,9000003982,2023-05-29
G03983,Vivek Ahuja,Male,28,"Bhubaneswar, Odisha",vivek.ahuja03983@example.com,9000003983,2024-10-23
G03984,Nikhil Bhatia,Male,44,"Surat, Gujarat",nikhil.bhatia03984@example.com,9000003984,2017-08-09
G03985,Vasudha Banerjee,Female,39,"Indore, Madhya Pradesh",vasudha.banerjee03985@example.com,9000003985,2021-10-21
G03986,Nisha Pillai,Female,52,"Jaipur, Rajasthan",nisha.pillai03986@example.com,9000003986,2018-03-17
G03987,Kavya Shetty,Female,23,"Nashik, Maharashtra",kavya.shetty03987@example.com,9000003987,2016-04-14
G03988,Diya Mishra,Female,36,"Lucknow, Uttar Pradesh",diya.mishra03988@example.com,9000003988,2017-08-16
G03989,Ankit Bhattacharya,Male,30,"Shimla, Himachal Pradesh",ankit.bhattacharya03989@example.com,9000003989,2016-09-01
G03990,Ankit Verma,Male,40,"Gurugram, Haryana",ankit.verma03990@example.com,9000003990,2016-07-23
G03991,Manisha Kaur,Female,33,"Shimla, Himachal Pradesh",manisha.kaur03991@example.com,9000003991,2016-07-14
G03992,Yash Rawat,Male,35,"Bhubaneswar, Odisha",yash.rawat03992@example.com,9000003992,2017-02-22
G03993,Ankit Bhatia,Male,39,"Jaipur, Rajasthan",ankit.bhatia03993@example.com,9000003993,2018-08-20
G03994,Priya Mishra,Female,45,"Mumbai, Maharashtra",priya.mishra03994@example.com,9000003994,2024-09-11
G03995,Trisha Singh,Female,32,"Chandigarh, Chandigarh",trisha.singh03995@example.com,9000003995,2023-05-16
G03996,Shrey Mathur,Male,28,"Bhubaneswar, Odisha",shrey.mathur03996@example.com,9000003996,2022-10-25
G03997,Dev Rawat,Male,49,"Surat, Gujarat",dev.rawat03997@example.com,9000003997,2018-10-05
G03998,Sneha Mathur,Female,54,"Gurugram, Haryana",sneha.mathur03998@example.com,9000003998,2021-09-22
G03999,Sahil Mehta,Male,58,"Chennai, Tamil Nadu",sahil.mehta03999@example.com,9000003999,2022-01-29
G04000,Vivek Reddy,Male,40,"Lucknow, Uttar Pradesh",vivek.reddy04000@example.com,9000004000,2022-05-12
G04001,Rahul Saxena,Male,30,"Jaipur, Rajasthan",rahul.saxena04001@example.com,9000004001,2022-05-05
G04002,Kriti Reddy,Female,18,"Ahmedabad, Gujarat",kriti.reddy04002@example.com,9000004002,2016-06-14
G04003,Radhika Luthra,Female,30,"Surat, Gujarat",radhika.luthra04003@example.com,9000004003,2024-12-17
G04004,Isha Kaur,Female,59,"Chennai, Tamil Nadu",isha.kaur04004@example.com,9000004004,2024-09-14
G04005,Sakshi Menon,Female,49,"Shimla, Himachal Pradesh",sakshi.menon04005@example.com,9000004005,2018-02-09
G04006,Ritu Sengupta,Female,38,"Faridabad, Haryana",ritu.sengupta04006@example.com,9000004006,2022-05-01
G04007,Ritu Gill,Female,47,"Ranchi, Jharkhand",ritu.gill04007@example.com,9000004007,2024-10-10
G04008,Riya Tiwari,Female,26,"Nagpur, Maharashtra",riya.tiwari04008@example.com,9000004008,2019-11-09
G04009,Nisha Shah,Female,37,"Chennai, Tamil Nadu",nisha.shah04009@example.com,9000004009,2019-05-20
G04010,Aditya Srivastava,Male,47,"Nashik, Maharashtra",aditya.srivastava04010@example.com,9000004010,2020-03-08
G04011,Pooja Ghosh,Female,53,"New Delhi, Delhi",pooja.ghosh04011@example.com,9000004011,2017-10-17
G04012,Isha Choudhary,Female,36,"Gurugram, Haryana",isha.choudhary04012@example.com,9000004012,2022-06-21
G04013,Yash Iyer,Male,41,"Jaipur, Rajasthan",yash.iyer04013@example.com,9000004013,2016-07-24
G04014,Kiara Shetty,Female,34,"Bengaluru, Karnataka",kiara.shetty04014@example.com,9000004014,2017-02-17
G04015,Komal Bose,Female,53,"Chandigarh, Chandigarh",komal.bose04015@example.com,9000004015,2020-07-21
G04016,Navya Luthra,Female,45,"Lucknow, Uttar Pradesh",navya.luthra04016@example.com,9000004016,2021-07-31
G04017,Varun Malhotra,Male,28,"Coimbatore, Tamil Nadu",varun.malhotra04017@example.com,9000004017,2019-09-29
G04018,Dev Agarwal,Male,42,"Hyderabad, Telangana",dev.agarwal04018@example.com,9000004018,2023-03-15
G04019,Raj Malhotra,Male,44,"Hyderabad, Telangana",raj.malhotra04019@example.com,9000004019,2023-05-19
G04020,Navya Arora,Female,40,"Dehradun, Uttarakhand",navya.arora04020@example.com,9000004020,2024-01-20
G04021,Ritu Luthra,Female,53,"Goa, Goa",ritu.luthra04021@example.com,9000004021,2017-04-11
G04022,Varun Ahuja,Male,50,"New Delhi, Delhi",varun.ahuja04022@example.com,9000004022,2019-11-25
G04023,Amit Sodhi,Male,34,"Mumbai, Maharashtra",amit.sodhi04023@example.com,9000004023,2021-05-24
G04024,Bhavna Agarwal,Female,57,"Kochi, Kerala",bhavna.agarwal04024@example.com,9000004024,2017-06-09
G04025,Kabir Chopra,Male,38,"New Delhi, Delhi",kabir.chopra04025@example.com,9000004025,2023-08-03
G04026,Neha Nair,Female,25,"Dehradun, Uttarakhand",neha.nair04026@example.com,9000004026,2023-02-27
G04027,Parth Kohli,Male,37,"Dehradun, Uttarakhand",parth.kohli04027@example.com,9000004027,2017-04-24
G04028,Divya Bose,Female,40,"Chennai, Tamil Nadu",divya.bose04028@example.com,9000004028,2022-08-14
G04029,Aanya Rao,Female,55,"Ahmedabad, Gujarat",aanya.rao04029@example.com,9000004029,2024-05-24
G04030,Raj Gill,Male,22,"Noida, Uttar Pradesh",raj.gill04030@example.com,9000004030,2016-02-18
G04031,Naveen Menon,Male,51,"Noida, Uttar Pradesh",naveen.menon04031@example.com,9000004031,2019-09-17
G04032,Anurag Gupta,Male,31,"Mumbai, Maharashtra",anurag.gupta04032@example.com,9000004032,2020-03-05
G04033,Rahul Dutta,Male,42,"Bengaluru, Karnataka",rahul.dutta04033@example.com,9000004033,2016-04-02
G04034,Swati Reddy,Female,46,"Chennai, Tamil Nadu",swati.reddy04034@example.com,9000004034,2018-05-27
G04035,Abhinav Kulkarni,Male,35,"Udaipur, Rajasthan",abhinav.kulkarni04035@example.com,9000004035,2018-09-01
G04036,Siddharth Desai,Male,52,"Udaipur, Rajasthan",siddharth.desai04036@example.com,9000004036,2017-10-03
G04037,Raj Chauhan,Male,34,"New Delhi, Delhi",raj.chauhan04037@example.com,9000004037,2016-10-31
G04038,Ananya Sengupta,Female,29,"Shimla, Himachal Pradesh",ananya.sengupta04038@example.com,9000004038,2021-02-11
G04039,Sahil Puri,Male,21,"Ahmedabad, Gujarat",sahil.puri04039@example.com,9000004039,2017-07-21
G04040,Mohit Sinha,Male,53,"Shimla, Himachal Pradesh",mohit.sinha04040@example.com,9000004040,2018-07-04
G04041,Ritika Mukherjee,Female,39,"Pune, Maharashtra",ritika.mukherjee04041@example.com,9000004041,2017-09-16
G04042,Shubham Mittal,Male,35,"Surat, Gujarat",shubham.mittal04042@example.com,9000004042,2018-06-03
G04043,Tanvi Reddy,Female,41,"Jaipur, Rajasthan",tanvi.reddy04043@example.com,9000004043,2017-03-27
G04044,Meera Thakur,Female,42,"Pune, Maharashtra",meera.thakur04044@example.com,9000004044,2025-07-12
G04045,Sneha Kapoor,Female,42,"Kochi, Kerala",sneha.kapoor04045@example.com,9000004045,2022-06-18
G04046,Pooja Naidu,Female,44,"Nashik, Maharashtra",pooja.naidu04046@example.com,9000004046,2022-04-28
G04047,Rahul Luthra,Male,60,"Indore, Madhya Pradesh",rahul.luthra04047@example.com,9000004047,2020-08-29
G04048,Diya Khatri,Female,26,"Bhopal, Madhya Pradesh",diya.khatri04048@example.com,9000004048,2023-10-26
G04049,Sameer Vohra,Male,28,"Mumbai, Maharashtra",sameer.vohra04049@example.com,9000004049,2016-07-12
G04050,Vivaan Mukherjee,Other,53,"Bengaluru, Karnataka",vivaan.mukherjee04050@example.com,9000004050,2020-08-17
G04051,Aarav Dutta,Male,25,"Patna, Bihar",aarav.dutta04051@example.com,9000004051,2019-03-01
G04052,Priya Sethi,Female,43,"Jaipur, Rajasthan",priya.sethi04052@example.com,9000004052,2018-02-15
G04053,Tarun Shah,Male,28,"Shimla, Himachal Pradesh",tarun.shah04053@example.com,9000004053,2020-02-22
G04054,Trisha Tiwari,Female,48,"Mumbai, Maharashtra",trisha.tiwari04054@example.com,9000004054,2018-05-23
G04055,Sonali Mittal,Other,38,"Bengaluru, Karnataka",sonali.mittal04055@example.com,9000004055,2016-01-19
G04056,Ujjwal Oberoi,Male,26,"Chennai, Tamil Nadu",ujjwal.oberoi04056@example.com,9000004056,2021-04-29
G04057,Adit Saxena,Male,47,"Ahmedabad, Gujarat",adit.saxena04057@example.com,9000004057,2024-08-22
G04058,Shivani Reddy,Female,63,"Pune, Maharashtra",shivani.reddy04058@example.com,9000004058,2018-08-09
G04059,Yash Vohra,Male,42,"Pune, Maharashtra",yash.vohra04059@example.com,9000004059,2021-12-20
G04060,Ishita Iyer,Female,53,"Gurugram, Haryana",ishita.iyer04060@example.com,9000004060,2023-03-07
G04061,Aarav Oberoi,Male,63,"Goa, Goa",aarav.oberoi04061@example.com,9000004061,2021-09-30
G04062,Kavya Das,Female,42,"Shimla, Himachal Pradesh",kavya.das04062@example.com,9000004062,2024-09-19
G04063,Aarohi Sengupta,Female,31,"Chandigarh, Chandigarh",aarohi.sengupta04063@example.com,9000004063,2018-07-04
G04064,Shreya Mukherjee,Female,47,"Pune, Maharashtra",shreya.mukherjee04064@example.com,9000004064,2020-10-05
G04065,Diya Sharma,Female,45,"Nagpur, Maharashtra",diya.sharma04065@example.com,9000004065,2023-02-16
G04066,Diya Menon,Female,38,"Goa, Goa",diya.menon04066@example.com,9000004066,2016-11-04
G04067,Payal Singh,Female,35,"Jaipur, Rajasthan",payal.singh04067@example.com,9000004067,2019-02-03
G04068,Pallavi Sethi,Female,38,"Hyderabad, Telangana",pallavi.sethi04068@example.com,9000004068,2017-02-16
G04069,Rahul Sethi,Male,25,"Ranchi, Jharkhand",rahul.sethi04069@example.com,9000004069,2017-05-03
G04070,Anurag Puri,Male,45,"Bhubaneswar, Odisha",anurag.puri04070@example.com,9000004070,2016-02-25
G04071,Tanvi Nair,Female,57,"Kochi, Kerala",tanvi.nair04071@example.com,9000004071,2021-04-10
G04072,Aditi Ghosh,Female,48,"Hyderabad, Telangana",aditi.ghosh04072@example.com,9000004072,2022-08-05
G04073,Riya Puri,Female,45,"Faridabad, Haryana",riya.puri04073@example.com,9000004073,2016-08-07
G04074,Anika Trivedi,Female,18,"Patna, Bihar",anika.trivedi04074@example.com,9000004074,2023-12-22
G04075,Abhinav Mehta,Male,36,"Lucknow, Uttar Pradesh",abhinav.mehta04075@example.com,9000004075,2018-02-04
G04076,Aarav Mathur,Other,51,"Indore, Madhya Pradesh",aarav.mathur04076@example.com,9000004076,2024-06-27
G04077,Divya Kohli,Female,44,"Bhopal, Madhya Pradesh",divya.kohli04077@example.com,9000004077,2023-08-03
G04078,Dev Reddy,Male,31,"Gurugram, Haryana",dev.reddy04078@example.com,9000004078,2017-10-10
G04079,Saurabh Sethi,Male,37,"Mumbai, Maharashtra",saurabh.sethi04079@example.com,9000004079,2018-01-26
G04080,Kiara Naidu,Female,40,"Chennai, Tamil Nadu",kiara.naidu04080@example.com,9000004080,2017-08-03
G04081,Shivani Chopra,Female,51,"Chandigarh, Chandigarh",shivani.chopra04081@example.com,9000004081,2019-06-06
G04082,Rahul Thakur,Male,42,"Faridabad, Haryana",rahul.thakur04082@example.com,9000004082,2023-12-24
G04083,Parth Gupta,Male,32,"Chennai, Tamil Nadu",parth.gupta04083@example.com,9000004083,2022-04-30
G04084,Trisha Menon,Female,50,"Faridabad, Haryana",trisha.menon04084@example.com,9000004084,2019-09-05
G04085,Shalini Trivedi,Female,35,"Kochi, Kerala",shalini.trivedi04085@example.com,9000004085,2021-10-26
G04086,Ananya Mishra,Female,51,"Mumbai, Maharashtra",ananya.mishra04086@example.com,9000004086,2020-02-24
G04087,Divya Patel,Female,41,"Faridabad, Haryana",divya.patel04087@example.com,9000004087,2019-01-06
G04088,Raj Gupta,Male,22,"Chandigarh, Chandigarh",raj.gupta04088@example.com,9000004088,2018-06-27
G04089,Sameer Iyer,Male,32,"Hyderabad, Telangana",sameer.iyer04089@example.com,9000004089,2023-07-21
G04090,Ujjwal Ahuja,Male,50,"Kolkata, West Bengal",ujjwal.ahuja04090@example.com,9000004090,2016-04-19
G04091,Mohit Jain,Male,18,"Chennai, Tamil Nadu",mohit.jain04091@example.com,9000004091,2018-08-16
G04092,Naveen Bansal,Male,54,"Hyderabad, Telangana",naveen.bansal04092@example.com,9000004092,2017-06-24
G04093,Manav Bose,Male,33,"Coimbatore, Tamil Nadu",manav.bose04093@example.com,9000004093,2021-07-19
G04094,Mahi Reddy,Female,53,"Jaipur, Rajasthan",mahi.reddy04094@example.com,9000004094,2018-05-19
G04095,Ayush Gupta,Male,44,"Noida, Uttar Pradesh",ayush.gupta04095@example.com,9000004095,2019-02-23
G04096,Vivaan Oberoi,Male,38,"Goa, Goa",vivaan.oberoi04096@example.com,9000004096,2017-02-25
G04097,Komal Saxena,Female,47,"Hyderabad, Telangana",komal.saxena04097@example.com,9000004097,2022-06-11
G04098,Meera Mishra,Female,61,"Patna, Bihar",meera.mishra04098@example.com,9000004098,2022-02-11
G04099,Anurag Sharma,Male,38,"Gurugram, Haryana",anurag.sharma04099@example.com,9000004099,2023-11-11
G04100,Navya Yadav,Female,56,"Jaipur, Rajasthan",navya.yadav04100@example.com,9000004100,2017-09-19
G04101,Mahi Kaur,Female,44,"Coimbatore, Tamil Nadu",mahi.kaur04101@example.com,9000004101,2022-10-02
G04102,Kunal Tiwari,Male,45,"Coimbatore, Tamil Nadu",kunal.tiwari04102@example.com,9000004102,2023-09-24
G04103,Abhinav Oberoi,Male,43,"Kolkata, West Bengal",abhinav.oberoi04103@example.com,9000004103,2017-02-23
G04104,Ayush Vohra,Male,28,"Ranchi, Jharkhand",ayush.vohra04104@example.com,9000004104,2016-05-21
G04105,Kriti Bose,Female,52,"Noida, Uttar Pradesh",kriti.bose04105@example.com,9000004105,2018-11-08
G04106,Adit Kapoor,Male,61,"Indore, Madhya Pradesh",adit.kapoor04106@example.com,9000004106,2019-07-11
G04107,Tanmay Das,Male,51,"Nagpur, Maharashtra",tanmay.das04107@example.com,9000004107,2021-12-28
G04108,Kabir Saxena,Male,48,"Nashik, Maharashtra",kabir.saxena04108@example.com,9000004108,2024-11-27
G04109,Vivaan Patel,Male,47,"Ahmedabad, Gujarat",vivaan.patel04109@example.com,9000004109,2017-06-10
G04110,Juhi Ghosh,Female,18,"Ahmedabad, Gujarat",juhi.ghosh04110@example.com,9000004110,2024-05-09
G04111,Payal Dutta,Female,48,"Ahmedabad, Gujarat",payal.dutta04111@example.com,9000004111,2017-11-03
G04112,Shalini Bhatia,Female,33,"Lucknow, Uttar Pradesh",shalini.bhatia04112@example.com,9000004112,2016-04-23
G04113,Mahi Puri,Female,41,"Mysuru, Karnataka",mahi.puri04113@example.com,9000004113,2018-08-03
G04114,Tanmay Mukherjee,Male,40,"Patna, Bihar",tanmay.mukherjee04114@example.com,9000004114,2024-06-16
G04115,Vivaan Shetty,Male,38,"Bengaluru, Karnataka",vivaan.shetty04115@example.com,9000004115,2023-07-29
G04116,Ritvik Verma,Male,44,"Bhopal, Madhya Pradesh",ritvik.verma04116@example.com,9000004116,2020-02-23
G04117,Aman Agarwal,Male,30,"Bengaluru, Karnataka",aman.agarwal04117@example.com,9000004117,2019-11-05
G04118,Vivaan Ahuja,Male,38,"Faridabad, Haryana",vivaan.ahuja04118@example.com,9000004118,2023-03-24
G04119,Neeraj Sharma,Male,33,"Bengaluru, Karnataka",neeraj.sharma04119@example.com,9000004119,2017-05-07
G04120,Ritvik Mittal,Male,50,"Mumbai, Maharashtra",ritvik.mittal04120@example.com,9000004120,2017-07-26
G04121,Sakshi Shah,Female,52,"Bengaluru, Karnataka",sakshi.shah04121@example.com,9000004121,2020-07-12
G04122,Dhruv Tiwari,Male,37,"Dehradun, Uttarakhand",dhruv.tiwari04122@example.com,9000004122,2023-03-05
G04123,Navya Reddy,Female,42,"Bhopal, Madhya Pradesh",navya.reddy04123@example.com,9000004123,2022-09-10
G04124,Adit Kaur,Male,35,"Bhopal, Madhya Pradesh",adit.kaur04124@example.com,9000004124,2021-10-22
G04125,Divya Tiwari,Female,42,"Jaipur, Rajasthan",divya.tiwari04125@example.com,9000004125,2022-09-28
G04126,Tanvi Saxena,Other,45,"Lucknow, Uttar Pradesh",tanvi.saxena04126@example.com,9000004126,2018-10-05
G04127,Meera Dhingra,Female,39,"Bengaluru, Karnataka",meera.dhingra04127@example.com,9000004127,2023-02-17
G04128,Pranav Mittal,Male,24,"New Delhi, Delhi",pranav.mittal04128@example.com,9000004128,2024-06-08
G04129,Swati Gupta,Other,44,"Kolkata, West Bengal",swati.gupta04129@example.com,9000004129,2018-02-07
G04130,Vivek Kapoor,Male,26,"Hyderabad, Telangana",vivek.kapoor04130@example.com,9000004130,2016-12-26
G04131,Tushar Thakur,Male,49,"Mumbai, Maharashtra",tushar.thakur04131@example.com,9000004131,2018-09-01
G04132,Sahil Sethi,Male,27,"Mumbai, Maharashtra",sahil.sethi04132@example.com,9000004132,2023-03-13
G04133,Muskan Pillai,Female,38,"Indore, Madhya Pradesh",muskan.pillai04133@example.com,9000004133,2019-07-27
G04134,Arnav Kohli,Male,33,"Gurugram, Haryana",arnav.kohli04134@example.com,9000004134,2018-12-10
G04135,Mrunal Reddy,Female,38,"Chandigarh, Chandigarh",mrunal.reddy04135@example.com,9000004135,2020-11-26
G04136,Amit Mukherjee,Male,18,"Nagpur, Maharashtra",amit.mukherjee04136@example.com,9000004136,2021-03-04
G04137,Vasudha Mukherjee,Female,45,"Mumbai, Maharashtra",vasudha.mukherjee04137@example.com,9000004137,2025-04-03
G04138,Deepak Rawat,Male,45,"Mumbai, Maharashtra",deepak.rawat04138@example.com,9000004138,2024-03-03
G04139,Dhruv Bansal,Male,30,"Gurugram, Haryana",dhruv.bansal04139@example.com,9000004139,2020-03-04
G04140,Aditi Shetty,Female,36,"Ahmedabad, Gujarat",aditi.shetty04140@example.com,9000004140,2023-03-28
G04141,Rohan Khatri,Other,32,"Noida, Uttar Pradesh",rohan.khatri04141@example.com,9000004141,2023-02-03
G04142,Isha Sengupta,Other,40,"Gurugram, Haryana",isha.sengupta04142@example.com,9000004142,2023-10-10
G04143,Raghav Ahuja,Male,40,"Chennai, Tamil Nadu",raghav.ahuja04143@example.com,9000004143,2021-05-15
G04144,Ishaan Gill,Male,26,"Shimla, Himachal Pradesh",ishaan.gill04144@example.com,9000004144,2024-01-17
G04145,Tanvi Sodhi,Female,33,"New Delhi, Delhi",tanvi.sodhi04145@example.com,9000004145,2016-09-29
G04146,Shrey Trivedi,Male,55,"Thiruvananthapuram, Kerala",shrey.trivedi04146@example.com,9000004146,2018-06-03
G04147,Aarohi Ghosh,Female,39,"Bhubaneswar, Odisha",aarohi.ghosh04147@example.com,9000004147,2021-09-22
G04148,Nandini Sinha,Female,33,"Faridabad, Haryana",nandini.sinha04148@example.com,9000004148,2018-09-25
G04149,Avni Kapoor,Female,34,"Patna, Bihar",avni.kapoor04149@example.com,9000004149,2019-07-10
G04150,Tushar Dutta,Male,48,"Bhubaneswar, Odisha",tushar.dutta04150@example.com,9000004150,2017-11-06
G04151,Apoorva Kapoor,Female,66,"Kochi, Kerala",apoorva.kapoor04151@example.com,9000004151,2023-09-30
G04152,Pranav Trivedi,Male,48,"Faridabad, Haryana",pranav.trivedi04152@example.com,9000004152,2019-07-26
G04153,Navya Ahuja,Female,42,"Chandigarh, Chandigarh",navya.ahuja04153@example.com,9000004153,2021-01-16
G04154,Aditi Shah,Female,49,"Gurugram, Haryana",aditi.shah04154@example.com,9000004154,2018-11-08
G04155,Kunal Rawat,Male,45,"Goa, Goa",kunal.rawat04155@example.com,9000004155,2022-01-12
G04156,Sakshi Sethi,Female,31,"Jaipur, Rajasthan",sakshi.sethi04156@example.com,9000004156,2022-02-08
G04157,Aarohi Vohra,Female,44,"Indore, Madhya Pradesh",aarohi.vohra04157@example.com,9000004157,2016-04-09
G04158,Kriti Joshi,Female,31,"Goa, Goa",kriti.joshi04158@example.com,9000004158,2021-04-17
G04159,Sahil Bansal,Male,32,"Coimbatore, Tamil Nadu",sahil.bansal04159@example.com,9000004159,2021-12-21
G04160,Shrey Sengupta,Male,25,"Bengaluru, Karnataka",shrey.sengupta04160@example.com,9000004160,2019-10-27
G04161,Nisha Chauhan,Other,42,"Chennai, Tamil Nadu",nisha.chauhan04161@example.com,9000004161,2024-09-19
G04162,Neha Dutta,Female,45,"Nashik, Maharashtra",neha.dutta04162@example.com,9000004162,2020-11-12
G04163,Nikhil Kohli,Male,39,"Mumbai, Maharashtra",nikhil.kohli04163@example.com,9000004163,2017-05-25
G04164,Vasudha Singh,Female,46,"Bhopal, Madhya Pradesh",vasudha.singh04164@example.com,9000004164,2021-08-21
G04165,Arjun Bhattacharya,Male,57,"Coimbatore, Tamil Nadu",arjun.bhattacharya04165@example.com,9000004165,2024-06-20
G04166,Aditi Patel,Female,39,"Jaipur, Rajasthan",aditi.patel04166@example.com,9000004166,2023-04-07
G04167,Vivek Srivastava,Male,47,"Gurugram, Haryana",vivek.srivastava04167@example.com,9000004167,2024-08-17
G04168,Shubham Jain,Male,59,"Indore, Madhya Pradesh",shubham.jain04168@example.com,9000004168,2024-05-10
G04169,Sanya Joshi,Female,35,"Bhopal, Madhya Pradesh",sanya.joshi04169@example.com,9000004169,2018-10-13
G04170,Aditya Bose,Male,56,"Gurugram, Haryana",aditya.bose04170@example.com,9000004170,2025-09-29
G04171,Tanya Banerjee,Female,19,"New Delhi, Delhi",tanya.banerjee04171@example.com,9000004171,2025-08-26
G04172,Manisha Choudhary,Female,27,"Goa, Goa",manisha.choudhary04172@example.com,9000004172,2024-12-17
G04173,Neha Mehta,Female,33,"Mumbai, Maharashtra",neha.mehta04173@example.com,9000004173,2022-04-06
G04174,Manisha Khanna,Female,47,"Bengaluru, Karnataka",manisha.khanna04174@example.com,9000004174,2018-08-21
G04175,Ritu Yadav,Female,44,"New Delhi, Delhi",ritu.yadav04175@example.com,9000004175,2019-05-12
G04176,Nikhil Sinha,Male,31,"Mumbai, Maharashtra",nikhil.sinha04176@example.com,9000004176,2022-10-14
G04177,Rohan Saxena,Male,25,"Nagpur, Maharashtra",rohan.saxena04177@example.com,9000004177,2019-01-14
G04178,Vikram Kohli,Male,28,"Thiruvananthapuram, Kerala",vikram.kohli04178@example.com,9000004178,2023-04-30
G04179,Manav Verma,Male,41,"Thiruvananthapuram, Kerala",manav.verma04179@example.com,9000004179,2025-01-02
G04180,Ananya Luthra,Female,18,"Mumbai, Maharashtra",ananya.luthra04180@example.com,9000004180,2023-02-14
G04181,Dhruv Bhatia,Male,37,"Nagpur, Maharashtra",dhruv.bhatia04181@example.com,9000004181,2017-10-09
G04182,Kavya Mittal,Female,27,"Mumbai, Maharashtra",kavya.mittal04182@example.com,9000004182,2021-01-28
G04183,Deepak Sharma,Male,37,"Surat, Gujarat",deepak.sharma04183@example.com,9000004183,2016-08-04
G04184,Arnav Ahuja,Male,31,"Jaipur, Rajasthan",arnav.ahuja04184@example.com,9000004184,2016-08-19
G04185,Karan Bhatia,Male,36,"Kochi, Kerala",karan.bhatia04185@example.com,9000004185,2024-01-21
G04186,Vivek Khatri,Male,34,"Faridabad, Haryana",vivek.khatri04186@example.com,9000004186,2024-11-10
G04187,Ankit Trivedi,Male,33,"New Delhi, Delhi",ankit.trivedi04187@example.com,9000004187,2017-05-08
G04188,Ujjwal Verma,Male,48,"Chennai, Tamil Nadu",ujjwal.verma04188@example.com,9000004188,2019-03-15
G04189,Tarun Reddy,Male,31,"Kochi, Kerala",tarun.reddy04189@example.com,9000004189,2024-05-13
G04190,Preeti Bhatia,Female,45,"Chennai, Tamil Nadu",preeti.bhatia04190@example.com,9000004190,2017-02-27
G04191,Navya Mishra,Female,27,"Kochi, Kerala",navya.mishra04191@example.com,9000004191,2016-09-21
G04192,Shrey Jain,Male,58,"Jaipur, Rajasthan",shrey.jain04192@example.com,9000004192,2020-06-04
G04193,Neeraj Choudhary,Male,36,"Bengaluru, Karnataka",neeraj.choudhary04193@example.com,9000004193,2022-12-18
G04194,Neeraj Kaur,Male,27,"Noida, Uttar Pradesh",neeraj.kaur04194@example.com,9000004194,2024-08-06
G04195,Nikita Bhatia,Female,18,"Bhubaneswar, Odisha",nikita.bhatia04195@example.com,9000004195,2020-09-12
G04196,Arnav Yadav,Male,42,"Noida, Uttar Pradesh",arnav.yadav04196@example.com,9000004196,2016-04-02
G04197,Vikram Luthra,Male,41,"Coimbatore, Tamil Nadu",vikram.luthra04197@example.com,9000004197,2022-12-12
G04198,Myra Nair,Female,43,"Ahmedabad, Gujarat",myra.nair04198@example.com,9000004198,2021-08-07
G04199,Sakshi Kulkarni,Female,69,"Indore, Madhya Pradesh",sakshi.kulkarni04199@example.com,9000004199,2019-03-28
G04200,Sameer Kaur,Male,58,"Shimla, Himachal Pradesh",sameer.kaur04200@example.com,9000004200,2022-07-28
G04201,Mohit Menon,Male,43,"Chennai, Tamil Nadu",mohit.menon04201@example.com,9000004201,2018-07-21
G04202,Nikhil Bansal,Male,37,"Kochi, Kerala",nikhil.bansal04202@example.com,9000004202,2022-05-28
G04203,Simran Oberoi,Female,42,"Bengaluru, Karnataka",simran.oberoi04203@example.com,9000004203,2019-05-01
G04204,Rohan Sinha,Male,33,"Gurugram, Haryana",rohan.sinha04204@example.com,9000004204,2017-09-05
G04205,Neha Gill,Female,52,"Chennai, Tamil Nadu",neha.gill04205@example.com,9000004205,2023-07-06
G04206,Siddharth Jain,Male,18,"Jaipur, Rajasthan",siddharth.jain04206@example.com,9000004206,2021-02-08
G04207,Amit Rawat,Male,47,"Jaipur, Rajasthan",amit.rawat04207@example.com,9000004207,2019-02-16
G04208,Ananya Rao,Female,33,"Mumbai, Maharashtra",ananya.rao04208@example.com,9000004208,2021-07-22
G04209,Dhruv Menon,Male,50,"Lucknow, Uttar Pradesh",dhruv.menon04209@example.com,9000004209,2023-10-15
G04210,Aman Trivedi,Male,28,"Chennai, Tamil Nadu",aman.trivedi04210@example.com,9000004210,2016-02-06
G04211,Navya Menon,Female,43,"Hyderabad, Telangana",navya.menon04211@example.com,9000004211,2024-05-08
G04212,Avni Arora,Female,18,"Bengaluru, Karnataka",avni.arora04212@example.com,9000004212,2018-10-18
G04213,Shubham Sengupta,Male,56,"Surat, Gujarat",shubham.sengupta04213@example.com,9000004213,2017-08-14
G04214,Ritu Oberoi,Female,41,"Chandigarh, Chandigarh",ritu.oberoi04214@example.com,9000004214,2022-03-17
G04215,Pranav Menon,Male,73,"Bengaluru, Karnataka",pranav.menon04215@example.com,9000004215,2024-08-27
G04216,Raghav Mishra,Male,37,"Gurugram, Haryana",raghav.mishra04216@example.com,9000004216,2020-01-20
G04217,Vivaan Bose,Male,38,"Kolkata, West Bengal",vivaan.bose04217@example.com,9000004217,2023-07-19
G04218,Arjun Ahuja,Male,41,"Patna, Bihar",arjun.ahuja04218@example.com,9000004218,2022-12-14
G04219,Mohit Patel,Male,28,"Nagpur, Maharashtra",mohit.patel04219@example.com,9000004219,2023-08-23
G04220,Anurag Kaur,Male,40,"Hyderabad, Telangana",anurag.kaur04220@example.com,9000004220,2017-01-01
G04221,Varun Sodhi,Male,28,"Bengaluru, Karnataka",varun.sodhi04221@example.com,9000004221,2016-02-11
G04222,Tanmay Nair,Male,35,"Mumbai, Maharashtra",tanmay.nair04222@example.com,9000004222,2018-02-12
G04223,Varun Naidu,Male,35,"Ahmedabad, Gujarat",varun.naidu04223@example.com,9000004223,2019-08-14
G04224,Adit Joshi,Male,37,"Mumbai, Maharashtra",adit.joshi04224@example.com,9000004224,2018-12-05
G04225,Sonali Nair,Female,38,"Shimla, Himachal Pradesh",sonali.nair04225@example.com,9000004225,2016-06-17
G04226,Apoorva Desai,Female,51,"Chennai, Tamil Nadu",apoorva.desai04226@example.com,9000004226,2016-06-22
G04227,Shreya Gupta,Female,49,"Mumbai, Maharashtra",shreya.gupta04227@example.com,9000004227,2022-01-06
G04228,Vikram Ghosh,Male,25,"Pune, Maharashtra",vikram.ghosh04228@example.com,9000004228,2021-12-12
G04229,Tanvi Oberoi,Female,39,"Nagpur, Maharashtra",tanvi.oberoi04229@example.com,9000004229,2023-12-09
G04230,Aditi Kaur,Female,43,"Bengaluru, Karnataka",aditi.kaur04230@example.com,9000004230,2023-06-02
G04231,Apoorva Shetty,Female,52,"Indore, Madhya Pradesh",apoorva.shetty04231@example.com,9000004231,2017-01-15
G04232,Navya Gupta,Female,23,"Kolkata, West Bengal",navya.gupta04232@example.com,9000004232,2018-08-04
G04233,Tushar Reddy,Male,32,"Surat, Gujarat",tushar.reddy04233@example.com,9000004233,2022-09-14
G04234,Siddharth Puri,Male,34,"Hyderabad, Telangana",siddharth.puri04234@example.com,9000004234,2023-06-29
G04235,Sonali Mishra,Female,41,"Mumbai, Maharashtra",sonali.mishra04235@example.com,9000004235,2017-05-21
G04236,Ananya Mittal,Female,49,"Hyderabad, Telangana",ananya.mittal04236@example.com,9000004236,2019-05-20
G04237,Tanvi Jain,Female,46,"New Delhi, Delhi",tanvi.jain04237@example.com,9000004237,2016-11-14
G04238,Komal Naidu,Female,39,"Bengaluru, Karnataka",komal.naidu04238@example.com,9000004238,2016-11-26
G04239,Kiara Rao,Female,34,"Pune, Maharashtra",kiara.rao04239@example.com,9000004239,2021-03-12
G04240,Ananya Shah,Female,60,"Faridabad, Haryana",ananya.shah04240@example.com,9000004240,2021-04-21
G04241,Aditi Sengupta,Other,39,"Nashik, Maharashtra",aditi.sengupta04241@example.com,9000004241,2023-03-28
G04242,Mohit Mishra,Male,39,"Bhopal, Madhya Pradesh",mohit.mishra04242@example.com,9000004242,2020-06-27
G04243,Simran Shetty,Female,46,"Ranchi, Jharkhand",simran.shetty04243@example.com,9000004243,2024-02-28
G04244,Deepak Yadav,Male,23,"Pune, Maharashtra",deepak.yadav04244@example.com,9000004244,2020-02-10
G04245,Bhavna Rawat,Female,26,"New Delhi, Delhi",bhavna.rawat04245@example.com,9000004245,2019-08-21
G04246,Mrunal Pillai,Female,20,"Udaipur, Rajasthan",mrunal.pillai04246@example.com,9000004246,2019-07-27
G04247,Komal Ahuja,Female,40,"Gurugram, Haryana",komal.ahuja04247@example.com,9000004247,2022-07-30
G04248,Neeraj Tiwari,Male,65,"Lucknow, Uttar Pradesh",neeraj.tiwari04248@example.com,9000004248,2022-03-03
G04249,Tarun Khanna,Male,34,"Hyderabad, Telangana",tarun.khanna04249@example.com,9000004249,2016-01-30
G04250,Aarohi Bose,Female,34,"Chennai, Tamil Nadu",aarohi.bose04250@example.com,9000004250,2022-12-24
G04251,Vivek Yadav,Male,58,"Mumbai, Maharashtra",vivek.yadav04251@example.com,9000004251,2016-11-07
G04252,Arjun Ghosh,Male,35,"Shimla, Himachal Pradesh",arjun.ghosh04252@example.com,9000004252,2019-11-05
G04253,Yash Jain,Male,45,"Hyderabad, Telangana",yash.jain04253@example.com,9000004253,2021-02-16
G04254,Ishita Saxena,Female,32,"Ahmedabad, Gujarat",ishita.saxena04254@example.com,9000004254,2021-04-21
G04255,Sahil Sharma,Male,22,"Bengaluru, Karnataka",sahil.sharma04255@example.com,9000004255,2022-01-16
G04256,Neeraj Kohli,Male,27,"Faridabad, Haryana",neeraj.kohli04256@example.com,9000004256,2017-12-15
G04257,Trisha Mukherjee,Female,58,"Surat, Gujarat",trisha.mukherjee04257@example.com,9000004257,2021-02-11
G04258,Sanya Sinha,Female,55,"Chandigarh, Chandigarh",sanya.sinha04258@example.com,9000004258,2019-03-26
G04259,Bhavna Kulkarni,Female,34,"Chennai, Tamil Nadu",bhavna.kulkarni04259@example.com,9000004259,2021-08-29
G04260,Divya Malhotra,Female,57,"Pune, Maharashtra",divya.malhotra04260@example.com,9000004260,2018-09-30
G04261,Siddharth Naidu,Male,55,"Ahmedabad, Gujarat",siddharth.naidu04261@example.com,9000004261,2022-02-17
G04262,Sameer Agarwal,Male,37,"Chennai, Tamil Nadu",sameer.agarwal04262@example.com,9000004262,2019-03-20
G04263,Tanmay Menon,Male,46,"Udaipur, Rajasthan",tanmay.menon04263@example.com,9000004263,2022-10-17
G04264,Shrey Mehta,Male,45,"Thiruvananthapuram, Kerala",shrey.mehta04264@example.com,9000004264,2019-10-02
G04265,Aditi Pillai,Female,43,"Lucknow, Uttar Pradesh",aditi.pillai04265@example.com,9000004265,2022-08-21
G04266,Arnav Bose,Male,37,"Dehradun, Uttarakhand",arnav.bose04266@example.com,9000004266,2020-06-22
G04267,Nisha Choudhary,Female,19,"Faridabad, Haryana",nisha.choudhary04267@example.com,9000004267,2019-10-01
G04268,Aarav Chauhan,Male,39,"Bengaluru, Karnataka",aarav.chauhan04268@example.com,9000004268,2020-03-28
G04269,Pallavi Shetty,Female,44,"Bhubaneswar, Odisha",pallavi.shetty04269@example.com,9000004269,2019-01-24
G04270,Diya Dutta,Female,38,"Indore, Madhya Pradesh",diya.dutta04270@example.com,9000004270,2019-11-06
G04271,Kriti Choudhary,Female,40,"New Delhi, Delhi",kriti.choudhary04271@example.com,9000004271,2018-11-06
G04272,Amit Thakur,Male,49,"New Delhi, Delhi",amit.thakur04272@example.com,9000004272,2023-11-20
G04273,Ayush Sethi,Male,22,"Gurugram, Haryana",ayush.sethi04273@example.com,9000004273,2016-03-03
G04274,Aman Tiwari,Male,47,"Kolkata, West Bengal",aman.tiwari04274@example.com,9000004274,2016-09-17
G04275,Aanya Sharma,Female,27,"Bengaluru, Karnataka",aanya.sharma04275@example.com,9000004275,2017-02-23
G04276,Shrey Chauhan,Male,22,"Thiruvananthapuram, Kerala",shrey.chauhan04276@example.com,9000004276,2023-07-29
G04277,Ankit Rao,Male,33,"Goa, Goa",ankit.rao04277@example.com,9000004277,2022-03-08
G04278,Payal Kohli,Female,49,"New Delhi, Delhi",payal.kohli04278@example.com,9000004278,2019-08-09
G04279,Dev Joshi,Male,56,"Indore, Madhya Pradesh",dev.joshi04279@example.com,9000004279,2025-04-29
G04280,Pallavi Mathur,Female,46,"Surat, Gujarat",pallavi.mathur04280@example.com,9000004280,2017-09-11
G04281,Karan Rao,Male,54,"Hyderabad, Telangana",karan.rao04281@example.com,9000004281,2021-11-11
G04282,Gaurav Agarwal,Male,40,"Kolkata, West Bengal",gaurav.agarwal04282@example.com,9000004282,2017-10-21
G04283,Bhavna Mathur,Female,24,"Indore, Madhya Pradesh",bhavna.mathur04283@example.com,9000004283,2021-08-29
G04284,Aditya Bansal,Male,18,"Chennai, Tamil Nadu",aditya.bansal04284@example.com,9000004284,2018-12-29
G04285,Juhi Arora,Female,47,"Surat, Gujarat",juhi.arora04285@example.com,9000004285,2021-02-16
G04286,Nandini Verma,Female,46,"New Delhi, Delhi",nandini.verma04286@example.com,9000004286,2023-09-19
G04287,Amit Sengupta,Male,58,"Bengaluru, Karnataka",amit.sengupta04287@example.com,9000004287,2018-09-10
G04288,Ayush Luthra,Male,48,"New Delhi, Delhi",ayush.luthra04288@example.com,9000004288,2020-04-16
G04289,Shivani Shah,Female,49,"Mumbai, Maharashtra",shivani.shah04289@example.com,9000004289,2023-07-07
G04290,Ritvik Sethi,Male,43,"Mumbai, Maharashtra",ritvik.sethi04290@example.com,9000004290,2023-08-10
G04291,Tushar Rawat,Male,44,"Indore, Madhya Pradesh",tushar.rawat04291@example.com,9000004291,2022-04-13
G04292,Arnav Patel,Male,19,"Lucknow, Uttar Pradesh",arnav.patel04292@example.com,9000004292,2023-02-22
G04293,Arnav Tiwari,Male,30,"Chennai, Tamil Nadu",arnav.tiwari04293@example.com,9000004293,2020-11-07
G04294,Nisha Kohli,Female,56,"Kolkata, West Bengal",nisha.kohli04294@example.com,9000004294,2023-11-14
G04295,Tushar Arora,Male,35,"Bengaluru, Karnataka",tushar.arora04295@example.com,9000004295,2024-06-14
G04296,Mayank Dutta,Male,37,"New Delhi, Delhi",mayank.dutta04296@example.com,9000004296,2016-06-17
G04297,Myra Mishra,Other,42,"Chandigarh, Chandigarh",myra.mishra04297@example.com,9000004297,2023-02-15
G04298,Manav Sodhi,Male,75,"Indore, Madhya Pradesh",manav.sodhi04298@example.com,9000004298,2024-03-20
G04299,Simran Shah,Female,35,"Ahmedabad, Gujarat",simran.shah04299@example.com,9000004299,2022-05-02
G04300,Aarohi Malhotra,Female,35,"Mumbai, Maharashtra",aarohi.malhotra04300@example.com,9000004300,2021-11-13
G04301,Ritu Shah,Female,34,"Mysuru, Karnataka",ritu.shah04301@example.com,9000004301,2023-12-09
G04302,Tanvi Bose,Female,21,"Faridabad, Haryana",tanvi.bose04302@example.com,9000004302,2020-08-31
G04303,Manav Srivastava,Male,37,"Bengaluru, Karnataka",manav.srivastava04303@example.com,9000004303,2017-01-29
G04304,Aarav Verma,Male,18,"Mumbai, Maharashtra",aarav.verma04304@example.com,9000004304,2018-04-02
G04305,Radhika Sharma,Female,47,"Chandigarh, Chandigarh",radhika.sharma04305@example.com,9000004305,2016-01-14
G04306,Meera Kaur,Female,53,"Thiruvananthapuram, Kerala",meera.kaur04306@example.com,9000004306,2016-05-19
G04307,Ankit Ahuja,Male,53,"Lucknow, Uttar Pradesh",ankit.ahuja04307@example.com,9000004307,2019-06-27
G04308,Kunal Puri,Male,37,"Pune, Maharashtra",kunal.puri04308@example.com,9000004308,2021-03-30
G04309,Isha Bhattacharya,Female,18,"Pune, Maharashtra",isha.bhattacharya04309@example.com,9000004309,2022-12-27
G04310,Bhavna Das,Female,23,"Chennai, Tamil Nadu",bhavna.das04310@example.com,9000004310,2018-07-15
G04311,Pallavi Bansal,Female,29,"Pune, Maharashtra",pallavi.bansal04311@example.com,9000004311,2017-05-17
G04312,Kabir Arora,Male,41,"Noida, Uttar Pradesh",kabir.arora04312@example.com,9000004312,2016-10-12
G04313,Shreya Rawat,Female,35,"Lucknow, Uttar Pradesh",shreya.rawat04313@example.com,9000004313,2019-08-31
G04314,Harsh Arora,Male,26,"Chennai, Tamil Nadu",harsh.arora04314@example.com,9000004314,2020-10-15
G04315,Bhavna Bhattacharya,Female,55,"Noida, Uttar Pradesh",bhavna.bhattacharya04315@example.com,9000004315,2019-08-25
G04316,Priya Mehta,Female,48,"Bengaluru, Karnataka",priya.mehta04316@example.com,9000004316,2021-08-24
G04317,Navya Malhotra,Female,49,"Indore, Madhya Pradesh",navya.malhotra04317@example.com,9000004317,2019-10-28
G04318,Varun Nair,Male,44,"Hyderabad, Telangana",varun.nair04318@example.com,9000004318,2018-10-14
G04319,Pranav Gupta,Male,23,"Ahmedabad, Gujarat",pranav.gupta04319@example.com,9000004319,2021-10-30
G04320,Rishi Reddy,Male,52,"Nagpur, Maharashtra",rishi.reddy04320@example.com,9000004320,2019-04-30
G04321,Akash Joshi,Male,37,"Faridabad, Haryana",akash.joshi04321@example.com,9000004321,2018-06-08
G04322,Harsh Naidu,Male,28,"Mumbai, Maharashtra",harsh.naidu04322@example.com,9000004322,2020-03-21
G04323,Vikram Menon,Male,44,"Kolkata, West Bengal",vikram.menon04323@example.com,9000004323,2019-02-26
G04324,Divya Jain,Female,46,"Hyderabad, Telangana",divya.jain04324@example.com,9000004324,2019-10-09
G04325,Kiara Reddy,Female,31,"Gurugram, Haryana",kiara.reddy04325@example.com,9000004325,2021-08-18
G04326,Sahil Sinha,Male,37,"Mysuru, Karnataka",sahil.sinha04326@example.com,9000004326,2025-02-22
G04327,Aditya Shah,Male,46,"Surat, Gujarat",aditya.shah04327@example.com,9000004327,2024-10-25
G04328,Muskan Das,Female,31,"Mumbai, Maharashtra",muskan.das04328@example.com,9000004328,2020-10-30
G04329,Nisha Singh,Other,52,"Bhopal, Madhya Pradesh",nisha.singh04329@example.com,9000004329,2017-01-23
G04330,Trisha Chopra,Female,44,"Bengaluru, Karnataka",trisha.chopra04330@example.com,9000004330,2018-04-03
G04331,Manisha Kulkarni,Female,34,"Nashik, Maharashtra",manisha.kulkarni04331@example.com,9000004331,2018-01-23
G04332,Abhinav Shah,Male,51,"Jaipur, Rajasthan",abhinav.shah04332@example.com,9000004332,2018-10-17
G04333,Aman Choudhary,Male,42,"Bhopal, Madhya Pradesh",aman.choudhary04333@example.com,9000004333,2021-03-27
G04334,Isha Naidu,Female,23,"Bengaluru, Karnataka",isha.naidu04334@example.com,9000004334,2017-11-10
G04335,Saurabh Dutta,Male,51,"Kolkata, West Bengal",saurabh.dutta04335@example.com,9000004335,2021-02-18
G04336,Vivaan Chopra,Male,26,"Gurugram, Haryana",vivaan.chopra04336@example.com,9000004336,2021-11-11
G04337,Shrey Arora,Male,34,"Bengaluru, Karnataka",shrey.arora04337@example.com,9000004337,2020-08-08
G04338,Myra Bhatia,Female,38,"Dehradun, Uttarakhand",myra.bhatia04338@example.com,9000004338,2019-10-11
G04339,Pallavi Thakur,Female,33,"Kochi, Kerala",pallavi.thakur04339@example.com,9000004339,2023-08-04
G04340,Apoorva Kaur,Female,62,"Lucknow, Uttar Pradesh",apoorva.kaur04340@example.com,9000004340,2016-02-10
G04341,Mrunal Sinha,Female,41,"Faridabad, Haryana",mrunal.sinha04341@example.com,9000004341,2023-10-01
G04342,Raj Rawat,Male,31,"Chennai, Tamil Nadu",raj.rawat04342@example.com,9000004342,2017-07-25
G04343,Aman Malhotra,Male,73,"Mumbai, Maharashtra",aman.malhotra04343@example.com,9000004343,2017-06-11
G04344,Shreya Khanna,Female,53,"Patna, Bihar",shreya.khanna04344@example.com,9000004344,2022-05-11
G04345,Yash Oberoi,Male,44,"Kolkata, West Bengal",yash.oberoi04345@example.com,9000004345,2016-02-23
G04346,Vivek Verma,Male,20,"Bhubaneswar, Odisha",vivek.verma04346@example.com,9000004346,2022-04-17
G04347,Apoorva Gill,Female,51,"Thiruvananthapuram, Kerala",apoorva.gill04347@example.com,9000004347,2022-12-28
G04348,Raghav Reddy,Male,40,"Bengaluru, Karnataka",raghav.reddy04348@example.com,9000004348,2023-10-15
G04349,Ankit Malhotra,Male,45,"Coimbatore, Tamil Nadu",ankit.malhotra04349@example.com,9000004349,2021-07-14
G04350,Ishita Kaur,Female,54,"Chennai, Tamil Nadu",ishita.kaur04350@example.com,9000004350,2019-02-18
G04351,Kunal Bansal,Male,30,"Mysuru, Karnataka",kunal.bansal04351@example.com,9000004351,2017-07-03
G04352,Manav Dhingra,Male,30,"Pune, Maharashtra",manav.dhingra04352@example.com,9000004352,2025-03-08
G04353,Trisha Sengupta,Female,41,"Mumbai, Maharashtra",trisha.sengupta04353@example.com,9000004353,2024-06-29
G04354,Pranav Banerjee,Male,28,"Nashik, Maharashtra",pranav.banerjee04354@example.com,9000004354,2023-06-27
G04355,Aarav Sinha,Male,29,"Gurugram, Haryana",aarav.sinha04355@example.com,9000004355,2021-11-26
G04356,Parth Sengupta,Male,40,"Kochi, Kerala",parth.sengupta04356@example.com,9000004356,2020-04-09
G04357,Payal Bansal,Female,50,"Kochi, Kerala",payal.bansal04357@example.com,9000004357,2021-12-04
G04358,Harsh Verma,Male,43,"Gurugram, Haryana",harsh.verma04358@example.com,9000004358,2021-07-12
G04359,Payal Mittal,Female,28,"Coimbatore, Tamil Nadu",payal.mittal04359@example.com,9000004359,2022-02-03
G04360,Akash Verma,Male,65,"Chennai, Tamil Nadu",akash.verma04360@example.com,9000004360,2019-06-03
G04361,Ananya Kapoor,Female,34,"Gurugram, Haryana",ananya.kapoor04361@example.com,9000004361,2017-02-23
G04362,Bhavna Ahuja,Female,50,"New Delhi, Delhi",bhavna.ahuja04362@example.com,9000004362,2024-03-12
G04363,Raghav Shah,Male,41,"Chennai, Tamil Nadu",raghav.shah04363@example.com,9000004363,2023-01-23
G04364,Pranav Sinha,Male,65,"Kolkata, West Bengal",pranav.sinha04364@example.com,9000004364,2022-04-21
G04365,Arjun Patel,Male,40,"Lucknow, Uttar Pradesh",arjun.patel04365@example.com,9000004365,2025-03-29
G04366,Neeraj Shah,Male,23,"Dehradun, Uttarakhand",neeraj.shah04366@example.com,9000004366,2022-07-26
G04367,Preeti Malhotra,Female,46,"Nashik, Maharashtra",preeti.malhotra04367@example.com,9000004367,2022-08-17
G04368,Raj Tiwari,Male,41,"Ahmedabad, Gujarat",raj.tiwari04368@example.com,9000004368,2025-04-30
G04369,Aanya Chopra,Female,23,"Udaipur, Rajasthan",aanya.chopra04369@example.com,9000004369,2018-01-14
G04370,Nandini Gill,Female,36,"Kolkata, West Bengal",nandini.gill04370@example.com,9000004370,2018-07-09
G04371,Amit Kapoor,Male,37,"Mysuru, Karnataka",amit.kapoor04371@example.com,9000004371,2020-03-31
G04372,Ritika Sethi,Female,52,"Hyderabad, Telangana",ritika.sethi04372@example.com,9000004372,2021-10-18
G04373,Manav Vohra,Male,29,"Chandigarh, Chandigarh",manav.vohra04373@example.com,9000004373,2020-11-13
G04374,Tarun Chopra,Male,18,"Lucknow, Uttar Pradesh",tarun.chopra04374@example.com,9000004374,2017-11-15
G04375,Siddharth Arora,Male,35,"Kochi, Kerala",siddharth.arora04375@example.com,9000004375,2021-11-05
G04376,Harsh Shetty,Male,41,"Ranchi, Jharkhand",harsh.shetty04376@example.com,9000004376,2018-01-20
G04377,Nikhil Mehta,Male,27,"Nagpur, Maharashtra",nikhil.mehta04377@example.com,9000004377,2019-05-29
G04378,Gaurav Nair,Male,39,"Ahmedabad, Gujarat",gaurav.nair04378@example.com,9000004378,2018-11-22
G04379,Sameer Mehta,Male,27,"Nashik, Maharashtra",sameer.mehta04379@example.com,9000004379,2021-10-11
G04380,Priya Agarwal,Female,46,"Bengaluru, Karnataka",priya.agarwal04380@example.com,9000004380,2018-07-24
G04381,Mohit Verma,Male,22,"Kochi, Kerala",mohit.verma04381@example.com,9000004381,2023-11-11
G04382,Sameer Mishra,Male,33,"Goa, Goa",sameer.mishra04382@example.com,9000004382,2017-11-25
G04383,Navya Puri,Female,36,"Ranchi, Jharkhand",navya.puri04383@example.com,9000004383,2018-04-19
G04384,Mrunal Bose,Female,46,"Gurugram, Haryana",mrunal.bose04384@example.com,9000004384,2017-09-24
G04385,Harsh Kaur,Male,66,"Bengaluru, Karnataka",harsh.kaur04385@example.com,9000004385,2023-05-10
G04386,Kavya Nair,Female,18,"Mysuru, Karnataka",kavya.nair04386@example.com,9000004386,2019-09-27
G04387,Nikita Yadav,Female,27,"Bengaluru, Karnataka",nikita.yadav04387@example.com,9000004387,2020-01-25
G04388,Nandini Chauhan,Female,43,"Kochi, Kerala",nandini.chauhan04388@example.com,9000004388,2022-01-22
G04389,Trisha Naidu,Female,24,"Nagpur, Maharashtra",trisha.naidu04389@example.com,9000004389,2020-06-06
G04390,Ujjwal Jain,Male,42,"Mumbai, Maharashtra",ujjwal.jain04390@example.com,9000004390,2016-04-26
G04391,Harsh Desai,Male,34,"Surat, Gujarat",harsh.desai04391@example.com,9000004391,2017-04-17
G04392,Anurag Chopra,Male,42,"Chandigarh, Chandigarh",anurag.chopra04392@example.com,9000004392,2018-12-25
G04393,Shalini Jain,Female,31,"Lucknow, Uttar Pradesh",shalini.jain04393@example.com,9000004393,2020-09-13
G04394,Priya Srivastava,Female,56,"Mysuru, Karnataka",priya.srivastava04394@example.com,9000004394,2021-12-30
G04395,Raghav Thakur,Male,34,"Kochi, Kerala",raghav.thakur04395@example.com,9000004395,2016-11-17
G04396,Nikita Kaur,Female,41,"Indore, Madhya Pradesh",nikita.kaur04396@example.com,9000004396,2021-06-24
G04397,Aanya Das,Female,42,"Hyderabad, Telangana",aanya.das04397@example.com,9000004397,2025-07-22
G04398,Naveen Khanna,Male,24,"Shimla, Himachal Pradesh",naveen.khanna04398@example.com,9000004398,2017-01-29
G04399,Aman Mathur,Male,28,"New Delhi, Delhi",aman.mathur04399@example.com,9000004399,2017-07-13
G04400,Mrunal Rao,Female,36,"Pune, Maharashtra",mrunal.rao04400@example.com,9000004400,2023-08-12
G04401,Tushar Ghosh,Male,24,"Surat, Gujarat",tushar.ghosh04401@example.com,9000004401,2019-09-10
G04402,Apoorva Sengupta,Female,39,"Bhubaneswar, Odisha",apoorva.sengupta04402@example.com,9000004402,2016-06-12
G04403,Apoorva Mishra,Female,52,"Ahmedabad, Gujarat",apoorva.mishra04403@example.com,9000004403,2020-03-02
G04404,Diya Sethi,Female,37,"Jaipur, Rajasthan",diya.sethi04404@example.com,9000004404,2019-12-02
G04405,Pallavi Tiwari,Female,27,"Coimbatore, Tamil Nadu",pallavi.tiwari04405@example.com,9000004405,2022-05-03
G04406,Amit Gill,Male,19,"Hyderabad, Telangana",amit.gill04406@example.com,9000004406,2017-09-05
G04407,Aarohi Bansal,Female,48,"Bengaluru, Karnataka",aarohi.bansal04407@example.com,9000004407,2025-03-07
G04408,Shreya Chauhan,Female,38,"Chennai, Tamil Nadu",shreya.chauhan04408@example.com,9000004408,2022-02-11
G04409,Harsh Mehta,Male,48,"Ahmedabad, Gujarat",harsh.mehta04409@example.com,9000004409,2024-08-31
G04410,Apoorva Thakur,Female,45,"Mumbai, Maharashtra",apoorva.thakur04410@example.com,9000004410,2019-12-13
G04411,Tarun Bose,Male,42,"Kolkata, West Bengal",tarun.bose04411@example.com,9000004411,2022-10-01
G04412,Apoorva Vohra,Female,47,"Chandigarh, Chandigarh",apoorva.vohra04412@example.com,9000004412,2020-10-03
G04413,Ujjwal Bose,Male,39,"Faridabad, Haryana",ujjwal.bose04413@example.com,9000004413,2020-07-07
G04414,Nikhil Iyer,Male,34,"Mumbai, Maharashtra",nikhil.iyer04414@example.com,9000004414,2020-10-03
G04415,Neha Oberoi,Female,27,"Bengaluru, Karnataka",neha.oberoi04415@example.com,9000004415,2025-02-25
G04416,Mrunal Thakur,Female,37,"New Delhi, Delhi",mrunal.thakur04416@example.com,9000004416,2022-12-04
G04417,Trisha Arora,Female,20,"Chandigarh, Chandigarh",trisha.arora04417@example.com,9000004417,2017-08-25
G04418,Anika Kohli,Female,30,"Ahmedabad, Gujarat",anika.kohli04418@example.com,9000004418,2019-03-30
G04419,Ananya Desai,Female,27,"Jaipur, Rajasthan",ananya.desai04419@example.com,9000004419,2020-03-10
G04420,Aditya Kulkarni,Male,38,"Mumbai, Maharashtra",aditya.kulkarni04420@example.com,9000004420,2022-04-02
G04421,Swati Naidu,Female,62,"Ahmedabad, Gujarat",swati.naidu04421@example.com,9000004421,2023-02-11
G04422,Vikram Desai,Male,25,"Indore, Madhya Pradesh",vikram.desai04422@example.com,9000004422,2018-04-25
G04423,Shrey Pillai,Male,45,"Indore, Madhya Pradesh",shrey.pillai04423@example.com,9000004423,2017-03-31
G04424,Radhika Saxena,Female,35,"Mumbai, Maharashtra",radhika.saxena04424@example.com,9000004424,2018-07-13
G04425,Trisha Mathur,Female,47,"Kolkata, West Bengal",trisha.mathur04425@example.com,9000004425,2016-09-21
G04426,Yash Trivedi,Male,32,"Bengaluru, Karnataka",yash.trivedi04426@example.com,9000004426,2016-01-31
G04427,Amit Sinha,Male,35,"Patna, Bihar",amit.sinha04427@example.com,9000004427,2019-11-12
G04428,Kabir Vohra,Male,42,"Bengaluru, Karnataka",kabir.vohra04428@example.com,9000004428,2020-12-12
G04429,Anurag Rawat,Male,42,"Indore, Madhya Pradesh",anurag.rawat04429@example.com,9000004429,2023-10-25
G04430,Rahul Ahuja,Male,40,"New Delhi, Delhi",rahul.ahuja04430@example.com,9000004430,2022-01-24
G04431,Tanmay Patel,Male,47,"Kochi, Kerala",tanmay.patel04431@example.com,9000004431,2019-05-02
G04432,Shrey Sodhi,Male,25,"Gurugram, Haryana",shrey.sodhi04432@example.com,9000004432,2016-04-09
G04433,Rishi Mehta,Male,47,"Faridabad, Haryana",rishi.mehta04433@example.com,9000004433,2018-08-15
G04434,Neeraj Iyer,Male,38,"Indore, Madhya Pradesh",neeraj.iyer04434@example.com,9000004434,2021-05-27
G04435,Vivek Nair,Male,42,"Chennai, Tamil Nadu",vivek.nair04435@example.com,9000004435,2021-06-26
G04436,Vasudha Naidu,Female,50,"Thiruvananthapuram, Kerala",vasudha.naidu04436@example.com,9000004436,2019-10-23
G04437,Nandini Arora,Female,41,"Noida, Uttar Pradesh",nandini.arora04437@example.com,9000004437,2019-12-31
G04438,Payal Ahuja,Female,50,"Chennai, Tamil Nadu",payal.ahuja04438@example.com,9000004438,2022-11-14
G04439,Tarun Verma,Male,52,"Kochi, Kerala",tarun.verma04439@example.com,9000004439,2020-05-13
G04440,Yash Kohli,Male,37,"Ahmedabad, Gujarat",yash.kohli04440@example.com,9000004440,2022-01-09
G04441,Tushar Shetty,Male,51,"Bengaluru, Karnataka",tushar.shetty04441@example.com,9000004441,2018-04-14
G04442,Nikhil Sodhi,Male,23,"Noida, Uttar Pradesh",nikhil.sodhi04442@example.com,9000004442,2022-08-30
G04443,Shalini Mehta,Female,23,"Kolkata, West Bengal",shalini.mehta04443@example.com,9000004443,2022-05-26
G04444,Trisha Das,Female,31,"Bhopal, Madhya Pradesh",trisha.das04444@example.com,9000004444,2019-04-02
G04445,Shreya Banerjee,Female,42,"Bengaluru, Karnataka",shreya.banerjee04445@example.com,9000004445,2022-11-04
G04446,Harsh Pillai,Male,52,"Faridabad, Haryana",harsh.pillai04446@example.com,9000004446,2017-03-03
G04447,Gaurav Patel,Male,64,"Nagpur, Maharashtra",gaurav.patel04447@example.com,9000004447,2020-01-03
G04448,Varun Kapoor,Male,26,"Mumbai, Maharashtra",varun.kapoor04448@example.com,9000004448,2019-03-13
G04449,Vivaan Reddy,Male,27,"Bengaluru, Karnataka",vivaan.reddy04449@example.com,9000004449,2016-01-11
G04450,Tanya Rao,Female,33,"Coimbatore, Tamil Nadu",tanya.rao04450@example.com,9000004450,2022-11-21
G04451,Simran Khatri,Female,23,"Ranchi, Jharkhand",simran.khatri04451@example.com,9000004451,2023-02-16
G04452,Aarohi Kapoor,Female,18,"Ahmedabad, Gujarat",aarohi.kapoor04452@example.com,9000004452,2024-07-01
G04453,Arnav Mathur,Male,35,"Mumbai, Maharashtra",arnav.mathur04453@example.com,9000004453,2021-06-22
G04454,Meera Tiwari,Female,23,"Chandigarh, Chandigarh",meera.tiwari04454@example.com,9000004454,2022-12-30
G04455,Neha Iyer,Female,24,"Pune, Maharashtra",neha.iyer04455@example.com,9000004455,2016-04-25
G04456,Neeraj Sethi,Male,26,"Noida, Uttar Pradesh",neeraj.sethi04456@example.com,9000004456,2025-06-10
G04457,Vasudha Srivastava,Female,35,"Mumbai, Maharashtra",vasudha.srivastava04457@example.com,9000004457,2022-06-01
G04458,Ayush Chauhan,Male,51,"Mumbai, Maharashtra",ayush.chauhan04458@example.com,9000004458,2019-03-30
G04459,Neeraj Kulkarni,Male,25,"Lucknow, Uttar Pradesh",neeraj.kulkarni04459@example.com,9000004459,2019-07-23
G04460,Manav Mukherjee,Male,30,"Jaipur, Rajasthan",manav.mukherjee04460@example.com,9000004460,2020-11-24
G04461,Neeraj Oberoi,Male,29,"New Delhi, Delhi",neeraj.oberoi04461@example.com,9000004461,2023-01-05
G04462,Sahil Gupta,Male,42,"Indore, Madhya Pradesh",sahil.gupta04462@example.com,9000004462,2016-09-04
G04463,Aarav Choudhary,Male,31,"Gurugram, Haryana",aarav.choudhary04463@example.com,9000004463,2016-08-01
G04464,Kriti Bhatia,Female,46,"Chennai, Tamil Nadu",kriti.bhatia04464@example.com,9000004464,2016-07-20
G04465,Ritvik Khanna,Male,36,"Pune, Maharashtra",ritvik.khanna04465@example.com,9000004465,2018-02-22
G04466,Mohit Luthra,Male,44,"Chennai, Tamil Nadu",mohit.luthra04466@example.com,9000004466,2018-05-05
G04467,Tanya Pillai,Female,47,"Ahmedabad, Gujarat",tanya.pillai04467@example.com,9000004467,2017-02-08
G04468,Sanya Kapoor,Female,38,"Pune, Maharashtra",sanya.kapoor04468@example.com,9000004468,2023-04-29
G04469,Nisha Khatri,Female,41,"Jaipur, Rajasthan",nisha.khatri04469@example.com,9000004469,2023-02-09
G04470,Apoorva Jain,Female,45,"Bengaluru, Karnataka",apoorva.jain04470@example.com,9000004470,2020-08-03
G04471,Aditi Mathur,Female,59,"Gurugram, Haryana",aditi.mathur04471@example.com,9000004471,2020-09-07
G04472,Aanya Naidu,Female,31,"Lucknow, Uttar Pradesh",aanya.naidu04472@example.com,9000004472,2019-04-30
G04473,Tushar Sodhi,Male,36,"Chennai, Tamil Nadu",tushar.sodhi04473@example.com,9000004473,2023-09-07
G04474,Parth Iyer,Male,38,"Mysuru, Karnataka",parth.iyer04474@example.com,9000004474,2020-12-15
G04475,Mrunal Chopra,Female,54,"Faridabad, Haryana",mrunal.chopra04475@example.com,9000004475,2016-09-19
G04476,Neeraj Das,Other,39,"Gurugram, Haryana",neeraj.das04476@example.com,9000004476,2023-01-01
G04477,Aditi Rao,Female,42,"Pune, Maharashtra",aditi.rao04477@example.com,9000004477,2021-04-08
G04478,Nikita Shah,Female,40,"Faridabad, Haryana",nikita.shah04478@example.com,9000004478,2021-03-10
G04479,Tanvi Kohli,Female,39,"Noida, Uttar Pradesh",tanvi.kohli04479@example.com,9000004479,2019-07-11
G04480,Ishita Shetty,Female,42,"Mysuru, Karnataka",ishita.shetty04480@example.com,9000004480,2019-02-04
G04481,Pranav Malhotra,Male,44,"Hyderabad, Telangana",pranav.malhotra04481@example.com,9000004481,2017-07-24
G04482,Adit Sengupta,Male,53,"Bhubaneswar, Odisha",adit.sengupta04482@example.com,9000004482,2021-04-28
G04483,Riya Sharma,Female,18,"Ahmedabad, Gujarat",riya.sharma04483@example.com,9000004483,2017-02-17
G04484,Tarun Mishra,Male,51,"Jaipur, Rajasthan",tarun.mishra04484@example.com,9000004484,2020-10-19
G04485,Diya Khanna,Female,31,"Mysuru, Karnataka",diya.khanna04485@example.com,9000004485,2025-05-16
G04486,Parth Menon,Male,24,"Ahmedabad, Gujarat",parth.menon04486@example.com,9000004486,2017-05-06
G04487,Diya Kapoor,Female,46,"Mumbai, Maharashtra",diya.kapoor04487@example.com,9000004487,2018-01-01
G04488,Aman Sengupta,Male,40,"Chennai, Tamil Nadu",aman.sengupta04488@example.com,9000004488,2018-01-19
G04489,Pooja Shetty,Female,18,"Mumbai, Maharashtra",pooja.shetty04489@example.com,9000004489,2021-06-15
G04490,Rahul Bansal,Male,37,"Lucknow, Uttar Pradesh",rahul.bansal04490@example.com,9000004490,2021-05-20
G04491,Sameer Rao,Male,39,"Ranchi, Jharkhand",sameer.rao04491@example.com,9000004491,2023-04-01
G04492,Vivaan Kulkarni,Male,62,"Ahmedabad, Gujarat",vivaan.kulkarni04492@example.com,9000004492,2023-03-26
G04493,Simran Kulkarni,Female,52,"Nashik, Maharashtra",simran.kulkarni04493@example.com,9000004493,2017-05-23
G04494,Anika Dhingra,Female,34,"Gurugram, Haryana",anika.dhingra04494@example.com,9000004494,2022-05-25
G04495,Yash Sinha,Male,49,"Mumbai, Maharashtra",yash.sinha04495@example.com,9000004495,2016-03-09
G04496,Payal Arora,Female,33,"Kochi, Kerala",payal.arora04496@example.com,9000004496,2023-07-11
G04497,Kavya Mehta,Female,67,"Gurugram, Haryana",kavya.mehta04497@example.com,9000004497,2022-09-25
G04498,Ankit Desai,Male,37,"Indore, Madhya Pradesh",ankit.desai04498@example.com,9000004498,2018-02-19
G04499,Radhika Ahuja,Female,26,"Surat, Gujarat",radhika.ahuja04499@example.com,9000004499,2016-12-25
G04500,Gaurav Rawat,Male,50,"Chennai, Tamil Nadu",gaurav.rawat04500@example.com,9000004500,2022-12-29
G04501,Tanvi Shetty,Female,35,"Coimbatore, Tamil Nadu",tanvi.shetty04501@example.com,9000004501,2024-11-09
G04502,Swati Sodhi,Female,37,"Thiruvananthapuram, Kerala",swati.sodhi04502@example.com,9000004502,2025-08-10
G04503,Ankit Khanna,Male,50,"Surat, Gujarat",ankit.khanna04503@example.com,9000004503,2023-05-27
G04504,Vivaan Sharma,Male,44,"Faridabad, Haryana",vivaan.sharma04504@example.com,9000004504,2019-03-09
G04505,Yash Mishra,Male,50,"Shimla, Himachal Pradesh",yash.mishra04505@example.com,9000004505,2019-02-11
G04506,Karan Desai,Male,44,"Ahmedabad, Gujarat",karan.desai04506@example.com,9000004506,2022-10-19
G04507,Ritvik Rao,Male,36,"Patna, Bihar",ritvik.rao04507@example.com,9000004507,2024-09-24
G04508,Sneha Kohli,Female,39,"New Delhi, Delhi",sneha.kohli04508@example.com,9000004508,2019-01-26
G04509,Akash Kaur,Male,28,"Mumbai, Maharashtra",akash.kaur04509@example.com,9000004509,2017-03-11
G04510,Ritika Joshi,Female,46,"Ahmedabad, Gujarat",ritika.joshi04510@example.com,9000004510,2022-01-27
G04511,Kiara Ghosh,Female,36,"Dehradun, Uttarakhand",kiara.ghosh04511@example.com,9000004511,2016-12-22
G04512,Mahi Sinha,Female,25,"Bengaluru, Karnataka",mahi.sinha04512@example.com,9000004512,2020-01-04
G04513,Trisha Khanna,Female,61,"Mumbai, Maharashtra",trisha.khanna04513@example.com,9000004513,2018-10-12
G04514,Pranav Mehta,Male,39,"Indore, Madhya Pradesh",pranav.mehta04514@example.com,9000004514,2023-03-17
G04515,Vikram Puri,Male,46,"Chennai, Tamil Nadu",vikram.puri04515@example.com,9000004515,2025-03-25
G04516,Kavya Puri,Female,29,"Mumbai, Maharashtra",kavya.puri04516@example.com,9000004516,2020-03-24
G04517,Nisha Jain,Female,45,"Bengaluru, Karnataka",nisha.jain04517@example.com,9000004517,2016-02-01
G04518,Aditi Khatri,Female,39,"Faridabad, Haryana",aditi.khatri04518@example.com,9000004518,2020-09-07
G04519,Aman Kohli,Male,25,"New Delhi, Delhi",aman.kohli04519@example.com,9000004519,2017-04-05
G04520,Shreya Thakur,Female,52,"Ahmedabad, Gujarat",shreya.thakur04520@example.com,9000004520,2023-09-25
G04521,Tushar Srivastava,Male,44,"Nashik, Maharashtra",tushar.srivastava04521@example.com,9000004521,2020-06-30
G04522,Sneha Kulkarni,Female,44,"Indore, Madhya Pradesh",sneha.kulkarni04522@example.com,9000004522,2018-04-29
G04523,Tanvi Luthra,Female,52,"Mumbai, Maharashtra",tanvi.luthra04523@example.com,9000004523,2016-08-11
G04524,Anika Ahuja,Female,39,"Lucknow, Uttar Pradesh",anika.ahuja04524@example.com,9000004524,2020-02-08
G04525,Sonali Ghosh,Female,45,"Jaipur, Rajasthan",sonali.ghosh04525@example.com,9000004525,2025-06-08
G04526,Mohit Bose,Male,41,"Gurugram, Haryana",mohit.bose04526@example.com,9000004526,2024-08-15
G04527,Kabir Sharma,Male,51,"New Delhi, Delhi",kabir.sharma04527@example.com,9000004527,2022-02-12
G04528,Rishi Sengupta,Male,30,"New Delhi, Delhi",rishi.sengupta04528@example.com,9000004528,2019-10-09
G04529,Tushar Das,Male,47,"New Delhi, Delhi",tushar.das04529@example.com,9000004529,2024-08-18
G04530,Kunal Kohli,Male,43,"Kolkata, West Bengal",kunal.kohli04530@example.com,9000004530,2021-04-14
G04531,Radhika Dutta,Female,18,"Ahmedabad, Gujarat",radhika.dutta04531@example.com,9000004531,2019-06-09
G04532,Rishi Mathur,Male,40,"Kolkata, West Bengal",rishi.mathur04532@example.com,9000004532,2019-02-28
G04533,Vasudha Sethi,Female,50,"Jaipur, Rajasthan",vasudha.sethi04533@example.com,9000004533,2025-03-27
G04534,Meera Agarwal,Female,53,"Thiruvananthapuram, Kerala",meera.agarwal04534@example.com,9000004534,2020-05-10
G04535,Arjun Choudhary,Male,62,"Goa, Goa",arjun.choudhary04535@example.com,9000004535,2022-08-25
G04536,Juhi Puri,Female,47,"Kochi, Kerala",juhi.puri04536@example.com,9000004536,2020-08-13
G04537,Kavya Bhattacharya,Female,31,"Hyderabad, Telangana",kavya.bhattacharya04537@example.com,9000004537,2022-04-05
G04538,Ritika Puri,Female,52,"Hyderabad, Telangana",ritika.puri04538@example.com,9000004538,2018-06-25
G04539,Shrey Reddy,Male,32,"Ranchi, Jharkhand",shrey.reddy04539@example.com,9000004539,2024-04-30
G04540,Preeti Trivedi,Female,34,"Pune, Maharashtra",preeti.trivedi04540@example.com,9000004540,2017-07-29
G04541,Aman Gill,Male,27,"Jaipur, Rajasthan",aman.gill04541@example.com,9000004541,2023-04-28
G04542,Trisha Ghosh,Female,21,"Gurugram, Haryana",trisha.ghosh04542@example.com,9000004542,2016-03-27
G04543,Aanya Verma,Female,34,"Kolkata, West Bengal",aanya.verma04543@example.com,9000004543,2021-04-28
G04544,Rohan Tiwari,Male,48,"Jaipur, Rajasthan",rohan.tiwari04544@example.com,9000004544,2018-08-31
G04545,Aanya Kapoor,Female,29,"Pune, Maharashtra",aanya.kapoor04545@example.com,9000004545,2022-12-02
G04546,Nikita Malhotra,Female,50,"Coimbatore, Tamil Nadu",nikita.malhotra04546@example.com,9000004546,2025-05-15
G04547,Saurabh Gill,Male,38,"Gurugram, Haryana",saurabh.gill04547@example.com,9000004547,2016-06-01
G04548,Aman Puri,Male,40,"Dehradun, Uttarakhand",aman.puri04548@example.com,9000004548,2024-02-12
G04549,Sneha Chopra,Female,26,"Mumbai, Maharashtra",sneha.chopra04549@example.com,9000004549,2019-12-06
G04550,Kriti Patel,Female,36,"Udaipur, Rajasthan",kriti.patel04550@example.com,9000004550,2024-07-26
G04551,Aarohi Tiwari,Female,32,"Chennai, Tamil Nadu",aarohi.tiwari04551@example.com,9000004551,2018-03-05
G04552,Shubham Bhattacharya,Male,33,"Noida, Uttar Pradesh",shubham.bhattacharya04552@example.com,9000004552,2021-04-27
G04553,Raj Jain,Male,40,"Gurugram, Haryana",raj.jain04553@example.com,9000004553,2017-12-06
G04554,Shrey Naidu,Male,27,"Mumbai, Maharashtra",shrey.naidu04554@example.com,9000004554,2017-09-09
G04555,Tarun Arora,Male,39,"Nashik, Maharashtra",tarun.arora04555@example.com,9000004555,2018-10-23
G04556,Mayank Gill,Male,29,"Ahmedabad, Gujarat",mayank.gill04556@example.com,9000004556,2016-03-24
G04557,Mohit Naidu,Male,18,"Faridabad, Haryana",mohit.naidu04557@example.com,9000004557,2017-02-26
G04558,Siddharth Trivedi,Male,35,"Dehradun, Uttarakhand",siddharth.trivedi04558@example.com,9000004558,2023-09-26
G04559,Shreya Rao,Female,47,"Faridabad, Haryana",shreya.rao04559@example.com,9000004559,2024-07-08
G04560,Saurabh Choudhary,Male,58,"Ahmedabad, Gujarat",saurabh.choudhary04560@example.com,9000004560,2017-08-18
G04561,Arjun Mittal,Male,41,"Mumbai, Maharashtra",arjun.mittal04561@example.com,9000004561,2016-01-20
G04562,Tanvi Kaur,Female,57,"Kolkata, West Bengal",tanvi.kaur04562@example.com,9000004562,2019-06-17
G04563,Juhi Mittal,Female,25,"Faridabad, Haryana",juhi.mittal04563@example.com,9000004563,2016-03-26
G04564,Ujjwal Dhingra,Male,22,"Dehradun, Uttarakhand",ujjwal.dhingra04564@example.com,9000004564,2016-04-29
G04565,Kriti Chauhan,Female,64,"Bengaluru, Karnataka",kriti.chauhan04565@example.com,9000004565,2022-11-16
G04566,Vasudha Yadav,Female,44,"Coimbatore, Tamil Nadu",vasudha.yadav04566@example.com,9000004566,2016-04-21
G04567,Komal Verma,Female,37,"Surat, Gujarat",komal.verma04567@example.com,9000004567,2019-06-10
G04568,Arnav Reddy,Male,54,"Mumbai, Maharashtra",arnav.reddy04568@example.com,9000004568,2023-02-19
G04569,Vivaan Malhotra,Male,29,"Kochi, Kerala",vivaan.malhotra04569@example.com,9000004569,2016-06-29
G04570,Dev Malhotra,Male,45,"Indore, Madhya Pradesh",dev.malhotra04570@example.com,9000004570,2018-06-21
G04571,Nisha Mishra,Female,42,"Hyderabad, Telangana",nisha.mishra04571@example.com,9000004571,2021-07-10
G04572,Varun Mehta,Male,69,"Hyderabad, Telangana",varun.mehta04572@example.com,9000004572,2020-09-28
G04573,Juhi Sethi,Female,53,"Goa, Goa",juhi.sethi04573@example.com,9000004573,2018-07-02
G04574,Bhavna Naidu,Female,40,"Bengaluru, Karnataka",bhavna.naidu04574@example.com,9000004574,2019-10-20
G04575,Varun Bose,Male,29,"Mumbai, Maharashtra",varun.bose04575@example.com,9000004575,2016-03-03
G04576,Naveen Kaur,Male,30,"Nagpur, Maharashtra",naveen.kaur04576@example.com,9000004576,2022-09-19
G04577,Diya Sodhi,Female,42,"Gurugram, Haryana",diya.sodhi04577@example.com,9000004577,2022-06-15
G04578,Tanya Menon,Female,36,"Gurugram, Haryana",tanya.menon04578@example.com,9000004578,2022-02-10
G04579,Manisha Gupta,Female,55,"Bhopal, Madhya Pradesh",manisha.gupta04579@example.com,9000004579,2020-01-21
G04580,Sonali Shetty,Other,66,"Chandigarh, Chandigarh",sonali.shetty04580@example.com,9000004580,2019-11-23
G04581,Diya Banerjee,Female,22,"Bengaluru, Karnataka",diya.banerjee04581@example.com,9000004581,2023-03-09
G04582,Nikhil Singh,Male,36,"Bengaluru, Karnataka",nikhil.singh04582@example.com,9000004582,2024-10-10
G04583,Rohan Kohli,Male,28,"Coimbatore, Tamil Nadu",rohan.kohli04583@example.com,9000004583,2025-12-09
G04584,Dhruv Reddy,Male,36,"Pune, Maharashtra",dhruv.reddy04584@example.com,9000004584,2020-01-20
G04585,Aarohi Joshi,Female,47,"Gurugram, Haryana",aarohi.joshi04585@example.com,9000004585,2017-03-30
G04586,Vikram Khatri,Male,34,"Mumbai, Maharashtra",vikram.khatri04586@example.com,9000004586,2021-11-13
G04587,Avni Sinha,Female,49,"Thiruvananthapuram, Kerala",avni.sinha04587@example.com,9000004587,2024-03-07
G04588,Aarav Mishra,Male,28,"Chennai, Tamil Nadu",aarav.mishra04588@example.com,9000004588,2023-07-11
G04589,Bhavna Dutta,Female,53,"Gurugram, Haryana",bhavna.dutta04589@example.com,9000004589,2024-10-19
G04590,Tanvi Gill,Female,36,"Chennai, Tamil Nadu",tanvi.gill04590@example.com,9000004590,2016-06-19
G04591,Vivaan Desai,Male,24,"Coimbatore, Tamil Nadu",vivaan.desai04591@example.com,9000004591,2024-04-19
G04592,Ujjwal Mehta,Male,39,"Noida, Uttar Pradesh",ujjwal.mehta04592@example.com,9000004592,2022-04-17
G04593,Vasudha Choudhary,Female,35,"Faridabad, Haryana",vasudha.choudhary04593@example.com,9000004593,2019-02-20
G04594,Isha Agarwal,Female,34,"Hyderabad, Telangana",isha.agarwal04594@example.com,9000004594,2021-09-26
G04595,Ishaan Puri,Male,53,"Faridabad, Haryana",ishaan.puri04595@example.com,9000004595,2021-05-31
G04596,Sonali Sethi,Female,38,"Pune, Maharashtra",sonali.sethi04596@example.com,9000004596,2020-03-26
G04597,Nikita Trivedi,Female,48,"Bhubaneswar, Odisha",nikita.trivedi04597@example.com,9000004597,2017-10-28
G04598,Abhinav Thakur,Male,54,"Faridabad, Haryana",abhinav.thakur04598@example.com,9000004598,2024-12-07
G04599,Kabir Kulkarni,Male,43,"Lucknow, Uttar Pradesh",kabir.kulkarni04599@example.com,9000004599,2021-06-17
G04600,Mahi Patel,Female,40,"Indore, Madhya Pradesh",mahi.patel04600@example.com,9000004600,2023-09-05
G04601,Arjun Jain,Male,67,"Chandigarh, Chandigarh",arjun.jain04601@example.com,9000004601,2017-04-16
G04602,Myra Oberoi,Female,63,"Chandigarh, Chandigarh",myra.oberoi04602@example.com,9000004602,2023-04-08
G04603,Nisha Desai,Female,31,"Ahmedabad, Gujarat",nisha.desai04603@example.com,9000004603,2021-06-30
G04604,Raghav Das,Male,26,"New Delhi, Delhi",raghav.das04604@example.com,9000004604,2025-10-01
G04605,Varun Vohra,Male,52,"New Delhi, Delhi",varun.vohra04605@example.com,9000004605,2020-07-06
G04606,Mahi Choudhary,Female,44,"Hyderabad, Telangana",mahi.choudhary04606@example.com,9000004606,2018-12-05
G04607,Naveen Kulkarni,Male,36,"Bengaluru, Karnataka",naveen.kulkarni04607@example.com,9000004607,2017-06-25
G04608,Kavya Shah,Female,32,"Thiruvananthapuram, Kerala",kavya.shah04608@example.com,9000004608,2017-07-04
G04609,Nikita Gill,Female,44,"Goa, Goa",nikita.gill04609@example.com,9000004609,2018-08-21
G04610,Sanya Jain,Female,43,"Ahmedabad, Gujarat",sanya.jain04610@example.com,9000004610,2019-10-13
G04611,Pranav Gill,Male,36,"Kolkata, West Bengal",pranav.gill04611@example.com,9000004611,2021-12-26
G04612,Adit Gupta,Male,42,"Noida, Uttar Pradesh",adit.gupta04612@example.com,9000004612,2022-09-11
G04613,Mrunal Mehta,Female,44,"Jaipur, Rajasthan",mrunal.mehta04613@example.com,9000004613,2020-07-09
G04614,Nandini Khanna,Female,26,"Goa, Goa",nandini.khanna04614@example.com,9000004614,2023-01-22
G04615,Tarun Sethi,Male,43,"Thiruvananthapuram, Kerala",tarun.sethi04615@example.com,9000004615,2017-08-05
G04616,Pallavi Desai,Female,48,"Pune, Maharashtra",pallavi.desai04616@example.com,9000004616,2018-08-29
G04617,Nikhil Joshi,Male,55,"Mumbai, Maharashtra",nikhil.joshi04617@example.com,9000004617,2019-04-10
G04618,Juhi Shah,Female,50,"New Delhi, Delhi",juhi.shah04618@example.com,9000004618,2021-08-30
G04619,Riya Agarwal,Female,18,"Ahmedabad, Gujarat",riya.agarwal04619@example.com,9000004619,2016-01-27
G04620,Siddharth Vohra,Male,39,"Pune, Maharashtra",siddharth.vohra04620@example.com,9000004620,2021-09-21
G04621,Juhi Naidu,Female,54,"New Delhi, Delhi",juhi.naidu04621@example.com,9000004621,2022-09-15
G04622,Aditi Desai,Female,55,"Surat, Gujarat",aditi.desai04622@example.com,9000004622,2023-03-24
G04623,Ritu Sharma,Female,59,"Bengaluru, Karnataka",ritu.sharma04623@example.com,9000004623,2022-12-29
G04624,Isha Rawat,Female,25,"Bhubaneswar, Odisha",isha.rawat04624@example.com,9000004624,2017-04-23
G04625,Shreya Pillai,Female,23,"Hyderabad, Telangana",shreya.pillai04625@example.com,9000004625,2020-06-03
G04626,Mrunal Banerjee,Female,34,"Hyderabad, Telangana",mrunal.banerjee04626@example.com,9000004626,2019-07-05
G04627,Tarun Das,Male,24,"Lucknow, Uttar Pradesh",tarun.das04627@example.com,9000004627,2016-03-30
G04628,Shrey Das,Male,39,"Kolkata, West Bengal",shrey.das04628@example.com,9000004628,2019-04-05
G04629,Yash Chauhan,Male,47,"Bengaluru, Karnataka",yash.chauhan04629@example.com,9000004629,2023-09-14
G04630,Tarun Singh,Male,44,"Indore, Madhya Pradesh",tarun.singh04630@example.com,9000004630,2016-05-03
G04631,Aanya Banerjee,Female,21,"Surat, Gujarat",aanya.banerjee04631@example.com,9000004631,2020-05-28
G04632,Shubham Singh,Male,55,"Ahmedabad, Gujarat",shubham.singh04632@example.com,9000004632,2017-01-31
G04633,Ayush Reddy,Male,32,"Chandigarh, Chandigarh",ayush.reddy04633@example.com,9000004633,2020-08-28
G04634,Preeti Choudhary,Female,39,"Ahmedabad, Gujarat",preeti.choudhary04634@example.com,9000004634,2019-08-11
G04635,Payal Khatri,Female,48,"Bengaluru, Karnataka",payal.khatri04635@example.com,9000004635,2016-02-22
G04636,Parth Verma,Male,47,"Coimbatore, Tamil Nadu",parth.verma04636@example.com,9000004636,2016-03-16
G04637,Akash Rao,Male,34,"Jaipur, Rajasthan",akash.rao04637@example.com,9000004637,2016-04-22
G04638,Kavya Sodhi,Female,39,"Mumbai, Maharashtra",kavya.sodhi04638@example.com,9000004638,2018-09-30
G04639,Mohit Yadav,Male,47,"Bengaluru, Karnataka",mohit.yadav04639@example.com,9000004639,2023-06-04
G04640,Avni Kohli,Female,31,"Goa, Goa",avni.kohli04640@example.com,9000004640,2023-03-16
G04641,Aarav Khanna,Male,63,"Gurugram, Haryana",aarav.khanna04641@example.com,9000004641,2018-10-30
G04642,Kabir Rawat,Other,46,"Chandigarh, Chandigarh",kabir.rawat04642@example.com,9000004642,2018-06-22
G04643,Pranav Mishra,Male,35,"Chennai, Tamil Nadu",pranav.mishra04643@example.com,9000004643,2016-12-02
G04644,Muskan Thakur,Female,59,"Gurugram, Haryana",muskan.thakur04644@example.com,9000004644,2021-01-09
G04645,Mrunal Khatri,Female,42,"Surat, Gujarat",mrunal.khatri04645@example.com,9000004645,2021-04-03
G04646,Siddharth Sodhi,Male,53,"Goa, Goa",siddharth.sodhi04646@example.com,9000004646,2023-04-05
G04647,Avni Sharma,Female,61,"Bhubaneswar, Odisha",avni.sharma04647@example.com,9000004647,2023-02-16
G04648,Ritvik Banerjee,Male,62,"Surat, Gujarat",ritvik.banerjee04648@example.com,9000004648,2022-04-08
G04649,Aanya Thakur,Female,39,"Ahmedabad, Gujarat",aanya.thakur04649@example.com,9000004649,2017-06-05
G04650,Rohan Reddy,Male,36,"Udaipur, Rajasthan",rohan.reddy04650@example.com,9000004650,2024-04-22
G04651,Shalini Menon,Female,43,"Ahmedabad, Gujarat",shalini.menon04651@example.com,9000004651,2018-02-21
G04652,Divya Yadav,Female,40,"Bengaluru, Karnataka",divya.yadav04652@example.com,9000004652,2022-10-30
G04653,Isha Gupta,Female,35,"Patna, Bihar",isha.gupta04653@example.com,9000004653,2018-02-05
G04654,Bhavna Menon,Female,59,"Bengaluru, Karnataka",bhavna.menon04654@example.com,9000004654,2024-05-13
G04655,Rishi Verma,Male,26,"Bengaluru, Karnataka",rishi.verma04655@example.com,9000004655,2019-12-07
G04656,Nandini Kapoor,Female,28,"Nashik, Maharashtra",nandini.kapoor04656@example.com,9000004656,2024-10-29
G04657,Ishita Menon,Female,39,"Mumbai, Maharashtra",ishita.menon04657@example.com,9000004657,2025-04-15
G04658,Raj Bhattacharya,Male,41,"Hyderabad, Telangana",raj.bhattacharya04658@example.com,9000004658,2023-10-21
G04659,Trisha Vohra,Female,46,"Ranchi, Jharkhand",trisha.vohra04659@example.com,9000004659,2017-09-01
G04660,Rahul Khatri,Male,18,"Indore, Madhya Pradesh",rahul.khatri04660@example.com,9000004660,2024-06-19
G04661,Diya Desai,Female,42,"Surat, Gujarat",diya.desai04661@example.com,9000004661,2025-03-13
G04662,Arjun Thakur,Male,44,"Hyderabad, Telangana",arjun.thakur04662@example.com,9000004662,2023-12-06
G04663,Diya Shah,Female,21,"Bengaluru, Karnataka",diya.shah04663@example.com,9000004663,2020-03-16
G04664,Naveen Bhatia,Male,32,"Bengaluru, Karnataka",naveen.bhatia04664@example.com,9000004664,2024-03-18
G04665,Rishi Bhatia,Male,63,"Pune, Maharashtra",rishi.bhatia04665@example.com,9000004665,2022-10-05
G04666,Rahul Srivastava,Male,57,"Lucknow, Uttar Pradesh",rahul.srivastava04666@example.com,9000004666,2024-03-11
G04667,Isha Mittal,Female,36,"Mumbai, Maharashtra",isha.mittal04667@example.com,9000004667,2020-07-04
G04668,Gaurav Shah,Male,34,"Bhopal, Madhya Pradesh",gaurav.shah04668@example.com,9000004668,2020-08-03
G04669,Aarohi Banerjee,Female,22,"Pune, Maharashtra",aarohi.banerjee04669@example.com,9000004669,2017-07-12
G04670,Mahi Chauhan,Female,36,"Ranchi, Jharkhand",mahi.chauhan04670@example.com,9000004670,2021-03-26
G04671,Deepak Khatri,Male,27,"Nashik, Maharashtra",deepak.khatri04671@example.com,9000004671,2022-12-28
G04672,Saurabh Kaur,Male,40,"Ahmedabad, Gujarat",saurabh.kaur04672@example.com,9000004672,2022-05-20
G04673,Simran Banerjee,Female,44,"Chennai, Tamil Nadu",simran.banerjee04673@example.com,9000004673,2020-11-16
G04674,Karan Bhattacharya,Male,42,"Bhubaneswar, Odisha",karan.bhattacharya04674@example.com,9000004674,2022-09-10
G04675,Ritvik Patel,Male,37,"Bhubaneswar, Odisha",ritvik.patel04675@example.com,9000004675,2019-01-01
G04676,Arnav Luthra,Male,34,"Shimla, Himachal Pradesh",arnav.luthra04676@example.com,9000004676,2018-01-10
G04677,Trisha Bhattacharya,Female,43,"Mumbai, Maharashtra",trisha.bhattacharya04677@example.com,9000004677,2023-04-12
G04678,Trisha Mishra,Female,22,"Surat, Gujarat",trisha.mishra04678@example.com,9000004678,2018-08-13
G04679,Payal Vohra,Female,38,"Gurugram, Haryana",payal.vohra04679@example.com,9000004679,2016-11-09
G04680,Priya Kapoor,Female,50,"Lucknow, Uttar Pradesh",priya.kapoor04680@example.com,9000004680,2016-09-14
G04681,Aditya Chopra,Male,47,"New Delhi, Delhi",aditya.chopra04681@example.com,9000004681,2020-03-10
G04682,Neeraj Agarwal,Male,34,"Pune, Maharashtra",neeraj.agarwal04682@example.com,9000004682,2022-08-18
G04683,Harsh Rao,Male,28,"Chennai, Tamil Nadu",harsh.rao04683@example.com,9000004683,2023-10-13
G04684,Manisha Khatri,Female,36,"Ahmedabad, Gujarat",manisha.khatri04684@example.com,9000004684,2022-06-10
G04685,Yash Sharma,Male,45,"Faridabad, Haryana",yash.sharma04685@example.com,9000004685,2018-05-24
G04686,Ishaan Shah,Male,43,"Dehradun, Uttarakhand",ishaan.shah04686@example.com,9000004686,2019-11-28
G04687,Kriti Sodhi,Female,38,"Chennai, Tamil Nadu",kriti.sodhi04687@example.com,9000004687,2024-08-04
G04688,Priya Yadav,Female,31,"New Delhi, Delhi",priya.yadav04688@example.com,9000004688,2018-02-20
G04689,Tarun Shetty,Male,33,"New Delhi, Delhi",tarun.shetty04689@example.com,9000004689,2022-11-18
G04690,Mahi Arora,Female,44,"Shimla, Himachal Pradesh",mahi.arora04690@example.com,9000004690,2019-02-02
G04691,Adit Choudhary,Male,26,"Pune, Maharashtra",adit.choudhary04691@example.com,9000004691,2019-11-02
G04692,Juhi Malhotra,Female,63,"Dehradun, Uttarakhand",juhi.malhotra04692@example.com,9000004692,2017-04-04
G04693,Pranav Joshi,Male,43,"Gurugram, Haryana",pranav.joshi04693@example.com,9000004693,2022-08-05
G04694,Ritika Pillai,Female,26,"Lucknow, Uttar Pradesh",ritika.pillai04694@example.com,9000004694,2021-01-07
G04695,Raghav Shetty,Male,29,"Pune, Maharashtra",raghav.shetty04695@example.com,9000004695,2020-08-20
G04696,Arnav Gupta,Male,52,"Pune, Maharashtra",arnav.gupta04696@example.com,9000004696,2023-07-08
G04697,Kunal Joshi,Male,18,"Chennai, Tamil Nadu",kunal.joshi04697@example.com,9000004697,2025-06-03
G04698,Preeti Sethi,Female,35,"Chennai, Tamil Nadu",preeti.sethi04698@example.com,9000004698,2020-06-24
G04699,Rohan Bose,Male,45,"Ahmedabad, Gujarat",rohan.bose04699@example.com,9000004699,2022-06-23
G04700,Tushar Menon,Male,46,"Bengaluru, Karnataka",tushar.menon04700@example.com,9000004700,2024-08-08
G04701,Nisha Mukherjee,Female,30,"Patna, Bihar",nisha.mukherjee04701@example.com,9000004701,2021-12-17
G04702,Dhruv Sengupta,Male,20,"Faridabad, Haryana",dhruv.sengupta04702@example.com,9000004702,2017-05-17
G04703,Diya Mittal,Female,29,"Gurugram, Haryana",diya.mittal04703@example.com,9000004703,2020-01-10
G04704,Tanmay Vohra,Male,44,"Jaipur, Rajasthan",tanmay.vohra04704@example.com,9000004704,2022-02-24
G04705,Kriti Jain,Female,37,"Jaipur, Rajasthan",kriti.jain04705@example.com,9000004705,2023-11-25
G04706,Bhavna Chopra,Female,62,"Mysuru, Karnataka",bhavna.chopra04706@example.com,9000004706,2018-11-15
G04707,Simran Gupta,Female,49,"Kochi, Kerala",simran.gupta04707@example.com,9000004707,2021-02-01
G04708,Tanvi Mathur,Female,18,"Gurugram, Haryana",tanvi.mathur04708@example.com,9000004708,2019-11-03
G04709,Tushar Chopra,Male,62,"New Delhi, Delhi",tushar.chopra04709@example.com,9000004709,2019-09-14
G04710,Manav Shetty,Male,58,"New Delhi, Delhi",manav.shetty04710@example.com,9000004710,2020-08-14
G04711,Nandini Saxena,Female,29,"Bengaluru, Karnataka",nandini.saxena04711@example.com,9000004711,2018-07-24
G04712,Varun Gill,Male,48,"Dehradun, Uttarakhand",varun.gill04712@example.com,9000004712,2021-03-25
G04713,Rohan Iyer,Male,25,"Ahmedabad, Gujarat",rohan.iyer04713@example.com,9000004713,2024-07-05
G04714,Meera Das,Female,56,"Lucknow, Uttar Pradesh",meera.das04714@example.com,9000004714,2025-02-18
G04715,Kriti Sethi,Female,18,"Surat, Gujarat",kriti.sethi04715@example.com,9000004715,2018-05-29
G04716,Neha Das,Female,23,"Coimbatore, Tamil Nadu",neha.das04716@example.com,9000004716,2024-05-05
G04717,Nisha Nair,Female,28,"Ahmedabad, Gujarat",nisha.nair04717@example.com,9000004717,2020-07-06
G04718,Adit Rawat,Male,45,"Mumbai, Maharashtra",adit.rawat04718@example.com,9000004718,2019-01-17
G04719,Trisha Desai,Female,43,"Pune, Maharashtra",trisha.desai04719@example.com,9000004719,2019-11-08
G04720,Tushar Jain,Male,37,"Pune, Maharashtra",tushar.jain04720@example.com,9000004720,2018-06-30
G04721,Myra Bhattacharya,Female,36,"Chennai, Tamil Nadu",myra.bhattacharya04721@example.com,9000004721,2016-02-25
G04722,Pallavi Nair,Female,37,"Noida, Uttar Pradesh",pallavi.nair04722@example.com,9000004722,2017-11-17
G04723,Aditi Vohra,Female,51,"Mumbai, Maharashtra",aditi.vohra04723@example.com,9000004723,2018-03-07
G04724,Aman Vohra,Male,32,"Bhubaneswar, Odisha",aman.vohra04724@example.com,9000004724,2018-06-17
G04725,Sahil Naidu,Male,26,"Nashik, Maharashtra",sahil.naidu04725@example.com,9000004725,2020-01-10
G04726,Tarun Kulkarni,Male,53,"Bhubaneswar, Odisha",tarun.kulkarni04726@example.com,9000004726,2023-06-02
G04727,Mahi Trivedi,Female,39,"Bengaluru, Karnataka",mahi.trivedi04727@example.com,9000004727,2023-12-13
G04728,Akash Vohra,Male,35,"Nagpur, Maharashtra",akash.vohra04728@example.com,9000004728,2024-02-13
G04729,Mrunal Bansal,Female,32,"Bengaluru, Karnataka",mrunal.bansal04729@example.com,9000004729,2024-12-10
G04730,Tanmay Dutta,Male,57,"Faridabad, Haryana",tanmay.dutta04730@example.com,9000004730,2022-09-21
G04731,Tushar Trivedi,Male,48,"Shimla, Himachal Pradesh",tushar.trivedi04731@example.com,9000004731,2017-08-27
G04732,Avni Pillai,Female,41,"Goa, Goa",avni.pillai04732@example.com,9000004732,2023-07-07
G04733,Ananya Bose,Female,47,"Pune, Maharashtra",ananya.bose04733@example.com,9000004733,2016-01-05
G04734,Juhi Shetty,Female,35,"Bengaluru, Karnataka",juhi.shetty04734@example.com,9000004734,2022-11-20
G04735,Sneha Pillai,Female,52,"Noida, Uttar Pradesh",sneha.pillai04735@example.com,9000004735,2020-12-21
G04736,Ishita Arora,Female,34,"Ahmedabad, Gujarat",ishita.arora04736@example.com,9000004736,2020-01-23
G04737,Rahul Kulkarni,Male,36,"Lucknow, Uttar Pradesh",rahul.kulkarni04737@example.com,9000004737,2018-12-20
G04738,Vasudha Pillai,Female,56,"Nagpur, Maharashtra",vasudha.pillai04738@example.com,9000004738,2017-12-20
G04739,Parth Das,Male,34,"Hyderabad, Telangana",parth.das04739@example.com,9000004739,2023-06-08
G04740,Nandini Srivastava,Female,23,"New Delhi, Delhi",nandini.srivastava04740@example.com,9000004740,2019-11-05
G04741,Nikita Dhingra,Female,30,"Mumbai, Maharashtra",nikita.dhingra04741@example.com,9000004741,2023-07-29
G04742,Manisha Shah,Female,55,"Ahmedabad, Gujarat",manisha.shah04742@example.com,9000004742,2023-08-01
G04743,Manav Rawat,Male,50,"Mumbai, Maharashtra",manav.rawat04743@example.com,9000004743,2023-04-02
G04744,Nikhil Reddy,Male,33,"Noida, Uttar Pradesh",nikhil.reddy04744@example.com,9000004744,2020-07-30
G04745,Mrunal Sharma,Female,33,"Nagpur, Maharashtra",mrunal.sharma04745@example.com,9000004745,2017-04-30
G04746,Tanya Patel,Female,23,"Faridabad, Haryana",tanya.patel04746@example.com,9000004746,2017-12-08
G04747,Ujjwal Sinha,Male,32,"Jaipur, Rajasthan",ujjwal.sinha04747@example.com,9000004747,2019-03-18
G04748,Anika Shah,Female,45,"Mumbai, Maharashtra",anika.shah04748@example.com,9000004748,2019-09-15
G04749,Divya Ghosh,Female,36,"Noida, Uttar Pradesh",divya.ghosh04749@example.com,9000004749,2021-02-17
G04750,Siddharth Chauhan,Male,63,"Coimbatore, Tamil Nadu",siddharth.chauhan04750@example.com,9000004750,2018-10-01
G04751,Tanya Trivedi,Female,30,"Chennai, Tamil Nadu",tanya.trivedi04751@example.com,9000004751,2017-10-23
G04752,Kriti Mittal,Female,22,"New Delhi, Delhi",kriti.mittal04752@example.com,9000004752,2017-01-01
G04753,Preeti Ahuja,Female,24,"Kochi, Kerala",preeti.ahuja04753@example.com,9000004753,2020-02-06
G04754,Aanya Trivedi,Female,58,"Noida, Uttar Pradesh",aanya.trivedi04754@example.com,9000004754,2023-01-02
G04755,Raghav Srivastava,Male,42,"Ahmedabad, Gujarat",raghav.srivastava04755@example.com,9000004755,2023-09-11
G04756,Vivek Rao,Male,20,"Pune, Maharashtra",vivek.rao04756@example.com,9000004756,2022-07-10
G04757,Ritu Bhattacharya,Female,39,"Jaipur, Rajasthan",ritu.bhattacharya04757@example.com,9000004757,2019-03-13
G04758,Aarav Banerjee,Male,46,"Bengaluru, Karnataka",aarav.banerjee04758@example.com,9000004758,2023-12-16
G04759,Ritika Mittal,Other,72,"Jaipur, Rajasthan",ritika.mittal04759@example.com,9000004759,2020-09-24
G04760,Adit Srivastava,Male,75,"Jaipur, Rajasthan",adit.srivastava04760@example.com,9000004760,2019-09-30
G04761,Yash Gupta,Male,28,"Pune, Maharashtra",yash.gupta04761@example.com,9000004761,2017-12-12
G04762,Rohan Joshi,Male,32,"Shimla, Himachal Pradesh",rohan.joshi04762@example.com,9000004762,2016-07-22
G04763,Kiara Saxena,Female,39,"Hyderabad, Telangana",kiara.saxena04763@example.com,9000004763,2020-04-08
G04764,Sonali Oberoi,Female,51,"Kolkata, West Bengal",sonali.oberoi04764@example.com,9000004764,2024-09-04
G04765,Divya Mathur,Female,53,"Gurugram, Haryana",divya.mathur04765@example.com,9000004765,2021-03-13
G04766,Aditya Iyer,Male,34,"Chennai, Tamil Nadu",aditya.iyer04766@example.com,9000004766,2021-04-09
G04767,Aditi Mukherjee,Female,41,"Chennai, Tamil Nadu",aditi.mukherjee04767@example.com,9000004767,2017-06-21
G04768,Ritvik Yadav,Male,52,"Faridabad, Haryana",ritvik.yadav04768@example.com,9000004768,2022-04-27
G04769,Divya Kulkarni,Female,39,"Mysuru, Karnataka",divya.kulkarni04769@example.com,9000004769,2023-03-22
G04770,Simran Reddy,Female,36,"Bengaluru, Karnataka",simran.reddy04770@example.com,9000004770,2016-09-07
G04771,Abhinav Kapoor,Male,39,"Jaipur, Rajasthan",abhinav.kapoor04771@example.com,9000004771,2023-11-12
G04772,Sanya Chopra,Female,49,"Mumbai, Maharashtra",sanya.chopra04772@example.com,9000004772,2020-03-07
G04773,Radhika Oberoi,Female,48,"Faridabad, Haryana",radhika.oberoi04773@example.com,9000004773,2022-03-01
G04774,Sameer Saxena,Male,38,"Goa, Goa",sameer.saxena04774@example.com,9000004774,2023-11-17
G04775,Raghav Mehta,Male,44,"Lucknow, Uttar Pradesh",raghav.mehta04775@example.com,9000004775,2016-09-19
G04776,Anika Banerjee,Other,40,"New Delhi, Delhi",anika.banerjee04776@example.com,9000004776,2019-01-04
G04777,Kavya Choudhary,Female,36,"Ahmedabad, Gujarat",kavya.choudhary04777@example.com,9000004777,2020-01-25
G04778,Apoorva Yadav,Female,29,"Mumbai, Maharashtra",apoorva.yadav04778@example.com,9000004778,2016-08-27
G04779,Ritvik Nair,Male,40,"Surat, Gujarat",ritvik.nair04779@example.com,9000004779,2020-06-10
G04780,Raj Yadav,Male,35,"Kolkata, West Bengal",raj.yadav04780@example.com,9000004780,2021-06-12
G04781,Naveen Sinha,Male,41,"Surat, Gujarat",naveen.sinha04781@example.com,9000004781,2024-04-05
G04782,Radhika Verma,Female,27,"Kochi, Kerala",radhika.verma04782@example.com,9000004782,2017-02-02
G04783,Dev Choudhary,Male,25,"New Delhi, Delhi",dev.choudhary04783@example.com,9000004783,2019-07-20
G04784,Pooja Chopra,Female,41,"Mumbai, Maharashtra",pooja.chopra04784@example.com,9000004784,2019-02-20
G04785,Pooja Mathur,Female,68,"Nashik, Maharashtra",pooja.mathur04785@example.com,9000004785,2021-11-04
G04786,Neha Mathur,Female,45,"Mumbai, Maharashtra",neha.mathur04786@example.com,9000004786,2017-01-21
G04787,Sakshi Chopra,Female,48,"New Delhi, Delhi",sakshi.chopra04787@example.com,9000004787,2022-08-06
G04788,Sahil Chauhan,Male,51,"Lucknow, Uttar Pradesh",sahil.chauhan04788@example.com,9000004788,2023-11-04
G04789,Nandini Bhatia,Female,53,"Bengaluru, Karnataka",nandini.bhatia04789@example.com,9000004789,2023-04-14
G04790,Dhruv Mishra,Male,57,"Shimla, Himachal Pradesh",dhruv.mishra04790@example.com,9000004790,2022-11-15
G04791,Manisha Rawat,Female,45,"Patna, Bihar",manisha.rawat04791@example.com,9000004791,2020-10-25
G04792,Yash Rao,Male,20,"Nagpur, Maharashtra",yash.rao04792@example.com,9000004792,2016-08-22
G04793,Manav Dutta,Male,43,"Indore, Madhya Pradesh",manav.dutta04793@example.com,9000004793,2018-03-14
G04794,Nandini Thakur,Female,43,"Hyderabad, Telangana",nandini.thakur04794@example.com,9000004794,2018-03-07
G04795,Harsh Bhatia,Male,39,"Kolkata, West Bengal",harsh.bhatia04795@example.com,9000004795,2022-09-26
G04796,Ishita Mathur,Female,36,"Nashik, Maharashtra",ishita.mathur04796@example.com,9000004796,2019-04-25
G04797,Muskan Kaur,Other,25,"Bhopal, Madhya Pradesh",muskan.kaur04797@example.com,9000004797,2022-09-09
G04798,Isha Singh,Female,40,"Mumbai, Maharashtra",isha.singh04798@example.com,9000004798,2020-12-18
G04799,Karan Chauhan,Male,43,"Bhubaneswar, Odisha",karan.chauhan04799@example.com,9000004799,2017-04-17
G04800,Nikita Sodhi,Female,48,"Patna, Bihar",nikita.sodhi04800@example.com,9000004800,2018-06-21
G04801,Rahul Kaur,Male,23,"Indore, Madhya Pradesh",rahul.kaur04801@example.com,9000004801,2018-12-21
G04802,Ritvik Bose,Male,18,"Noida, Uttar Pradesh",ritvik.bose04802@example.com,9000004802,2021-11-03
G04803,Shivani Dutta,Female,42,"Bengaluru, Karnataka",shivani.dutta04803@example.com,9000004803,2017-06-02
G04804,Ritvik Jain,Male,30,"Patna, Bihar",ritvik.jain04804@example.com,9000004804,2017-04-13
G04805,Kabir Sinha,Male,39,"Jaipur, Rajasthan",kabir.sinha04805@example.com,9000004805,2017-08-30
G04806,Muskan Dutta,Female,34,"Hyderabad, Telangana",muskan.dutta04806@example.com,9000004806,2016-09-15
G04807,Neha Joshi,Female,37,"New Delhi, Delhi",neha.joshi04807@example.com,9000004807,2017-08-16
G04808,Aditi Kohli,Female,31,"Nagpur, Maharashtra",aditi.kohli04808@example.com,9000004808,2021-12-17
G04809,Tanmay Gill,Male,24,"Bengaluru, Karnataka",tanmay.gill04809@example.com,9000004809,2019-02-19
G04810,Tushar Bose,Male,46,"Kolkata, West Bengal",tushar.bose04810@example.com,9000004810,2018-05-30
G04811,Shubham Pillai,Male,55,"Bhubaneswar, Odisha",shubham.pillai04811@example.com,9000004811,2021-09-25
G04812,Abhinav Joshi,Male,37,"New Delhi, Delhi",abhinav.joshi04812@example.com,9000004812,2016-02-16
G04813,Dev Kaur,Male,56,"New Delhi, Delhi",dev.kaur04813@example.com,9000004813,2025-04-12
G04814,Kavya Gupta,Female,30,"Surat, Gujarat",kavya.gupta04814@example.com,9000004814,2021-12-13
G04815,Manav Menon,Male,61,"Gurugram, Haryana",manav.menon04815@example.com,9000004815,2023-08-09
G04816,Shubham Saxena,Male,35,"Thiruvananthapuram, Kerala",shubham.saxena04816@example.com,9000004816,2023-08-29
G04817,Pranav Patel,Male,27,"Bhubaneswar, Odisha",pranav.patel04817@example.com,9000004817,2018-03-01
G04818,Aditi Das,Female,40,"Ahmedabad, Gujarat",aditi.das04818@example.com,9000004818,2025-06-19
G04819,Sonali Mathur,Female,18,"Bhubaneswar, Odisha",sonali.mathur04819@example.com,9000004819,2017-05-06
G04820,Vasudha Chauhan,Female,18,"Hyderabad, Telangana",vasudha.chauhan04820@example.com,9000004820,2022-01-05
G04821,Myra Sethi,Female,40,"Bengaluru, Karnataka",myra.sethi04821@example.com,9000004821,2021-04-21
G04822,Riya Patel,Female,28,"Chennai, Tamil Nadu",riya.patel04822@example.com,9000004822,2021-11-18
G04823,Ananya Khanna,Female,43,"Chennai, Tamil Nadu",ananya.khanna04823@example.com,9000004823,2023-01-02
G04824,Shivani Sethi,Female,31,"Shimla, Himachal Pradesh",shivani.sethi04824@example.com,9000004824,2016-06-03
G04825,Aditya Choudhary,Male,27,"Chennai, Tamil Nadu",aditya.choudhary04825@example.com,9000004825,2023-04-24
G04826,Sanya Dutta,Female,46,"Dehradun, Uttarakhand",sanya.dutta04826@example.com,9000004826,2017-04-20
G04827,Juhi Luthra,Female,23,"Chennai, Tamil Nadu",juhi.luthra04827@example.com,9000004827,2023-05-21
G04828,Amit Jain,Male,45,"Goa, Goa",amit.jain04828@example.com,9000004828,2016-11-24
G04829,Shrey Verma,Male,52,"Udaipur, Rajasthan",shrey.verma04829@example.com,9000004829,2018-11-05
G04830,Anurag Khanna,Male,41,"Shimla, Himachal Pradesh",anurag.khanna04830@example.com,9000004830,2025-04-30
G04831,Amit Trivedi,Male,50,"Gurugram, Haryana",amit.trivedi04831@example.com,9000004831,2023-03-24
G04832,Aanya Jain,Female,51,"Bengaluru, Karnataka",aanya.jain04832@example.com,9000004832,2023-01-08
G04833,Tanmay Yadav,Male,35,"Ahmedabad, Gujarat",tanmay.yadav04833@example.com,9000004833,2017-05-24
G04834,Manisha Menon,Female,24,"Ahmedabad, Gujarat",manisha.menon04834@example.com,9000004834,2023-03-03
G04835,Nikita Saxena,Female,21,"Chandigarh, Chandigarh",nikita.saxena04835@example.com,9000004835,2022-03-10
G04836,Komal Khanna,Female,46,"Bhopal, Madhya Pradesh",komal.khanna04836@example.com,9000004836,2019-02-28
G04837,Komal Jain,Female,28,"Patna, Bihar",komal.jain04837@example.com,9000004837,2017-12-06
G04838,Muskan Tiwari,Female,49,"Jaipur, Rajasthan",muskan.tiwari04838@example.com,9000004838,2016-04-29
G04839,Anurag Saxena,Male,29,"Chandigarh, Chandigarh",anurag.saxena04839@example.com,9000004839,2020-07-05
G04840,Nisha Yadav,Female,42,"Bengaluru, Karnataka",nisha.yadav04840@example.com,9000004840,2020-11-30
G04841,Nikita Puri,Female,48,"Mumbai, Maharashtra",nikita.puri04841@example.com,9000004841,2023-04-02
G04842,Sakshi Singh,Female,35,"Gurugram, Haryana",sakshi.singh04842@example.com,9000004842,2019-01-26
G04843,Ritu Tiwari,Female,42,"Mumbai, Maharashtra",ritu.tiwari04843@example.com,9000004843,2018-05-06
G04844,Rahul Banerjee,Male,18,"Kolkata, West Bengal",rahul.banerjee04844@example.com,9000004844,2017-10-12
G04845,Tanya Rawat,Female,31,"Chennai, Tamil Nadu",tanya.rawat04845@example.com,9000004845,2025-02-28
G04846,Manav Ahuja,Male,35,"Ranchi, Jharkhand",manav.ahuja04846@example.com,9000004846,2023-07-07
G04847,Manisha Arora,Female,27,"Noida, Uttar Pradesh",manisha.arora04847@example.com,9000004847,2020-07-14
G04848,Tushar Sengupta,Male,38,"Udaipur, Rajasthan",tushar.sengupta04848@example.com,9000004848,2024-12-09
G04849,Aman Singh,Male,47,"New Delhi, Delhi",aman.singh04849@example.com,9000004849,2019-11-20
G04850,Kriti Srivastava,Female,18,"Patna, Bihar",kriti.srivastava04850@example.com,9000004850,2016-01-30
G04851,Abhinav Sinha,Male,46,"Ahmedabad, Gujarat",abhinav.sinha04851@example.com,9000004851,2018-06-12
G04852,Raj Rao,Male,44,"Nashik, Maharashtra",raj.rao04852@example.com,9000004852,2025-05-12
G04853,Varun Rawat,Male,29,"New Delhi, Delhi",varun.rawat04853@example.com,9000004853,2020-11-01
G04854,Rishi Srivastava,Male,40,"Nashik, Maharashtra",rishi.srivastava04854@example.com,9000004854,2020-08-03
G04855,Divya Bhattacharya,Female,48,"Chennai, Tamil Nadu",divya.bhattacharya04855@example.com,9000004855,2016-12-06
G04856,Rahul Agarwal,Male,41,"Noida, Uttar Pradesh",rahul.agarwal04856@example.com,9000004856,2016-07-15
G04857,Gaurav Singh,Male,31,"Udaipur, Rajasthan",gaurav.singh04857@example.com,9000004857,2020-08-08
G04858,Harsh Gill,Male,37,"Mysuru, Karnataka",harsh.gill04858@example.com,9000004858,2016-03-27
G04859,Payal Joshi,Female,42,"Kolkata, West Bengal",payal.joshi04859@example.com,9000004859,2017-11-19
G04860,Anika Patel,Female,33,"Bengaluru, Karnataka",anika.patel04860@example.com,9000004860,2018-04-11
G04861,Amit Bose,Male,40,"Kolkata, West Bengal",amit.bose04861@example.com,9000004861,2017-01-10
G04862,Akash Khanna,Male,41,"Kochi, Kerala",akash.khanna04862@example.com,9000004862,2020-06-13
G04863,Arnav Dhingra,Male,65,"Bengaluru, Karnataka",arnav.dhingra04863@example.com,9000004863,2017-05-13
G04864,Varun Bansal,Male,36,"Bhubaneswar, Odisha",varun.bansal04864@example.com,9000004864,2016-04-10
G04865,Avni Rao,Female,22,"Hyderabad, Telangana",avni.rao04865@example.com,9000004865,2022-06-03
G04866,Mayank Malhotra,Male,25,"Udaipur, Rajasthan",mayank.malhotra04866@example.com,9000004866,2021-09-06
G04867,Radhika Kapoor,Female,46,"Mumbai, Maharashtra",radhika.kapoor04867@example.com,9000004867,2023-03-07
G04868,Kabir Kaur,Male,40,"Shimla, Himachal Pradesh",kabir.kaur04868@example.com,9000004868,2024-02-01
G04869,Ritika Kulkarni,Female,21,"Kolkata, West Bengal",ritika.kulkarni04869@example.com,9000004869,2016-08-21
G04870,Kabir Mukherjee,Male,18,"Kolkata, West Bengal",kabir.mukherjee04870@example.com,9000004870,2021-09-06
G04871,Aarav Shah,Male,42,"Coimbatore, Tamil Nadu",aarav.shah04871@example.com,9000004871,2019-05-08
G04872,Adit Verma,Male,63,"Bhopal, Madhya Pradesh",adit.verma04872@example.com,9000004872,2020-02-26
G04873,Shreya Sinha,Female,39,"Bengaluru, Karnataka",shreya.sinha04873@example.com,9000004873,2022-09-04
G04874,Simran Sharma,Female,48,"Udaipur, Rajasthan",simran.sharma04874@example.com,9000004874,2024-01-04
G04875,Meera Kapoor,Female,29,"Hyderabad, Telangana",meera.kapoor04875@example.com,9000004875,2022-10-20
G04876,Bhavna Gupta,Female,50,"Chandigarh, Chandigarh",bhavna.gupta04876@example.com,9000004876,2017-11-05
G04877,Yash Menon,Male,37,"Faridabad, Haryana",yash.menon04877@example.com,9000004877,2024-10-02
G04878,Shubham Kaur,Male,33,"Noida, Uttar Pradesh",shubham.kaur04878@example.com,9000004878,2023-01-27
G04879,Abhinav Vohra,Male,53,"Ranchi, Jharkhand",abhinav.vohra04879@example.com,9000004879,2020-05-19
G04880,Dhruv Luthra,Male,43,"Coimbatore, Tamil Nadu",dhruv.luthra04880@example.com,9000004880,2024-06-22
G04881,Meera Gupta,Female,51,"Bengaluru, Karnataka",meera.gupta04881@example.com,9000004881,2016-10-04
G04882,Mrunal Sethi,Female,38,"Pune, Maharashtra",mrunal.sethi04882@example.com,9000004882,2019-07-25
G04883,Nikita Bhatia,Female,36,"Ahmedabad, Gujarat",nikita.bhatia04883@example.com,9000004883,2016-01-05
G04884,Aman Das,Male,51,"Chennai, Tamil Nadu",aman.das04884@example.com,9000004884,2023-08-14
G04885,Mrunal Trivedi,Female,43,"Pune, Maharashtra",mrunal.trivedi04885@example.com,9000004885,2024-06-09
G04886,Shubham Naidu,Male,36,"Jaipur, Rajasthan",shubham.naidu04886@example.com,9000004886,2018-07-18
G04887,Preeti Dutta,Female,47,"Bengaluru, Karnataka",preeti.dutta04887@example.com,9000004887,2023-08-25
G04888,Payal Chopra,Female,47,"Bengaluru, Karnataka",payal.chopra04888@example.com,9000004888,2017-08-08
G04889,Shalini Reddy,Female,22,"Mumbai, Maharashtra",shalini.reddy04889@example.com,9000004889,2019-08-07
G04890,Sneha Jain,Female,46,"Mysuru, Karnataka",sneha.jain04890@example.com,9000004890,2016-10-01
G04891,Shalini Dutta,Female,23,"Jaipur, Rajasthan",shalini.dutta04891@example.com,9000004891,2018-10-19
G04892,Neeraj Mukherjee,Male,47,"Mumbai, Maharashtra",neeraj.mukherjee04892@example.com,9000004892,2017-12-20
G04893,Nikhil Sharma,Male,38,"Bengaluru, Karnataka",nikhil.sharma04893@example.com,9000004893,2021-01-20
G04894,Pallavi Jain,Female,54,"Jaipur, Rajasthan",pallavi.jain04894@example.com,9000004894,2023-01-31
G04895,Tanvi Ahuja,Female,60,"Lucknow, Uttar Pradesh",tanvi.ahuja04895@example.com,9000004895,2023-10-21
G04896,Pooja Joshi,Female,26,"Pune, Maharashtra",pooja.joshi04896@example.com,9000004896,2021-12-01
G04897,Nikita Banerjee,Female,29,"Udaipur, Rajasthan",nikita.banerjee04897@example.com,9000004897,2018-03-26
G04898,Saurabh Mukherjee,Male,35,"Chennai, Tamil Nadu",saurabh.mukherjee04898@example.com,9000004898,2023-04-24
G04899,Mohit Shah,Male,51,"Hyderabad, Telangana",mohit.shah04899@example.com,9000004899,2019-03-01
G04900,Aarohi Kulkarni,Female,48,"Jaipur, Rajasthan",aarohi.kulkarni04900@example.com,9000004900,2024-08-21
G04901,Pallavi Mittal,Female,46,"Faridabad, Haryana",pallavi.mittal04901@example.com,9000004901,2017-11-29
G04902,Shalini Iyer,Female,23,"Hyderabad, Telangana",shalini.iyer04902@example.com,9000004902,2024-03-08
G04903,Aditi Sharma,Female,33,"Bengaluru, Karnataka",aditi.sharma04903@example.com,9000004903,2025-05-23
G04904,Pranav Tiwari,Male,38,"Nashik, Maharashtra",pranav.tiwari04904@example.com,9000004904,2020-09-08
G04905,Arjun Saxena,Male,29,"New Delhi, Delhi",arjun.saxena04905@example.com,9000004905,2023-07-02
G04906,Rishi Mishra,Male,40,"Nashik, Maharashtra",rishi.mishra04906@example.com,9000004906,2018-02-10
G04907,Dev Saxena,Male,26,"Kolkata, West Bengal",dev.saxena04907@example.com,9000004907,2020-12-03
G04908,Shrey Chopra,Other,32,"Noida, Uttar Pradesh",shrey.chopra04908@example.com,9000004908,2018-02-04
G04909,Ishaan Banerjee,Male,43,"Lucknow, Uttar Pradesh",ishaan.banerjee04909@example.com,9000004909,2019-01-14
G04910,Ishita Vohra,Female,35,"Coimbatore, Tamil Nadu",ishita.vohra04910@example.com,9000004910,2020-01-14
G04911,Pooja Kaur,Female,49,"Ahmedabad, Gujarat",pooja.kaur04911@example.com,9000004911,2017-04-25
G04912,Tanvi Chauhan,Female,32,"Bhopal, Madhya Pradesh",tanvi.chauhan04912@example.com,9000004912,2019-06-26
G04913,Isha Shah,Female,36,"Hyderabad, Telangana",isha.shah04913@example.com,9000004913,2021-09-06
G04914,Shivani Trivedi,Female,43,"Mysuru, Karnataka",shivani.trivedi04914@example.com,9000004914,2017-05-17
G04915,Navya Das,Female,43,"Gurugram, Haryana",navya.das04915@example.com,9000004915,2023-09-17
G04916,Ritvik Kaur,Male,40,"Dehradun, Uttarakhand",ritvik.kaur04916@example.com,9000004916,2017-06-05
G04917,Rahul Sodhi,Male,37,"Dehradun, Uttarakhand",rahul.sodhi04917@example.com,9000004917,2020-05-27
G04918,Kabir Ahuja,Male,38,"Kolkata, West Bengal",kabir.ahuja04918@example.com,9000004918,2024-12-24
G04919,Ayush Bansal,Male,18,"Ahmedabad, Gujarat",ayush.bansal04919@example.com,9000004919,2020-06-13
G04920,Radhika Naidu,Female,43,"Chennai, Tamil Nadu",radhika.naidu04920@example.com,9000004920,2020-09-01
G04921,Vivek Pillai,Male,19,"Chennai, Tamil Nadu",vivek.pillai04921@example.com,9000004921,2019-04-23
G04922,Karan Naidu,Male,34,"Bhopal, Madhya Pradesh",karan.naidu04922@example.com,9000004922,2016-12-27
G04923,Muskan Desai,Female,51,"Mumbai, Maharashtra",muskan.desai04923@example.com,9000004923,2021-01-29
G04924,Tanmay Kulkarni,Male,53,"Coimbatore, Tamil Nadu",tanmay.kulkarni04924@example.com,9000004924,2023-08-19
G04925,Anika Saxena,Female,46,"Ahmedabad, Gujarat",anika.saxena04925@example.com,9000004925,2019-05-21
G04926,Siddharth Kaur,Male,40,"Lucknow, Uttar Pradesh",siddharth.kaur04926@example.com,9000004926,2020-03-25
G04927,Vasudha Desai,Female,50,"Mumbai, Maharashtra",vasudha.desai04927@example.com,9000004927,2017-07-20
G04928,Varun Ghosh,Male,50,"Ahmedabad, Gujarat",varun.ghosh04928@example.com,9000004928,2017-08-20
G04929,Saurabh Luthra,Male,37,"Chennai, Tamil Nadu",saurabh.luthra04929@example.com,9000004929,2021-11-20
G04930,Simran Mittal,Female,61,"New Delhi, Delhi",simran.mittal04930@example.com,9000004930,2023-08-03
G04931,Siddharth Saxena,Male,35,"Chennai, Tamil Nadu",siddharth.saxena04931@example.com,9000004931,2021-05-27
G04932,Tanmay Choudhary,Male,49,"Pune, Maharashtra",tanmay.choudhary04932@example.com,9000004932,2023-04-12
G04933,Vivaan Vohra,Male,45,"Noida, Uttar Pradesh",vivaan.vohra04933@example.com,9000004933,2019-06-02
G04934,Saurabh Bansal,Male,18,"Kolkata, West Bengal",saurabh.bansal04934@example.com,9000004934,2019-08-24
G04935,Tanya Bose,Female,46,"Bhopal, Madhya Pradesh",tanya.bose04935@example.com,9000004935,2019-11-11
G04936,Vivaan Thakur,Male,29,"New Delhi, Delhi",vivaan.thakur04936@example.com,9000004936,2019-01-31
G04937,Aarohi Nair,Female,48,"Patna, Bihar",aarohi.nair04937@example.com,9000004937,2023-01-02
G04938,Sneha Desai,Female,49,"Faridabad, Haryana",sneha.desai04938@example.com,9000004938,2023-07-26
G04939,Nikita Chauhan,Female,22,"Hyderabad, Telangana",nikita.chauhan04939@example.com,9000004939,2023-05-23
G04940,Preeti Reddy,Female,37,"Faridabad, Haryana",preeti.reddy04940@example.com,9000004940,2019-09-05
G04941,Tanmay Bhattacharya,Male,51,"Gurugram, Haryana",tanmay.bhattacharya04941@example.com,9000004941,2018-05-28
G04942,Navya Patel,Female,39,"Gurugram, Haryana",navya.patel04942@example.com,9000004942,2020-01-19
G04943,Nikita Gupta,Female,44,"Bengaluru, Karnataka",nikita.gupta04943@example.com,9000004943,2016-07-06
G04944,Raghav Chauhan,Male,53,"Hyderabad, Telangana",raghav.chauhan04944@example.com,9000004944,2016-02-17
G04945,Anurag Kohli,Male,47,"Patna, Bihar",anurag.kohli04945@example.com,9000004945,2018-12-07
G04946,Sameer Bhattacharya,Male,31,"Mumbai, Maharashtra",sameer.bhattacharya04946@example.com,9000004946,2016-12-31
G04947,Ritu Khatri,Female,34,"Bengaluru, Karnataka",ritu.khatri04947@example.com,9000004947,2018-07-05
G04948,Rishi Kaur,Male,44,"Jaipur, Rajasthan",rishi.kaur04948@example.com,9000004948,2023-08-17
G04949,Ayush Verma,Male,28,"Patna, Bihar",ayush.verma04949@example.com,9000004949,2020-06-13
G04950,Kabir Chauhan,Male,26,"New Delhi, Delhi",kabir.chauhan04950@example.com,9000004950,2021-03-29
G04951,Muskan Sinha,Female,33,"Kolkata, West Bengal",muskan.sinha04951@example.com,9000004951,2022-06-27
G04952,Shubham Sethi,Male,28,"Bhopal, Madhya Pradesh",shubham.sethi04952@example.com,9000004952,2023-05-23
G04953,Sakshi Sinha,Female,50,"Patna, Bihar",sakshi.sinha04953@example.com,9000004953,2021-04-25
G04954,Vikram Arora,Male,40,"Mumbai, Maharashtra",vikram.arora04954@example.com,9000004954,2019-12-19
G04955,Sneha Nair,Female,40,"Ahmedabad, Gujarat",sneha.nair04955@example.com,9000004955,2022-10-14
G04956,Rahul Reddy,Male,33,"Surat, Gujarat",rahul.reddy04956@example.com,9000004956,2017-10-03
G04957,Kabir Nair,Male,36,"Mumbai, Maharashtra",kabir.nair04957@example.com,9000004957,2017-04-11
G04958,Anurag Sodhi,Male,30,"Bengaluru, Karnataka",anurag.sodhi04958@example.com,9000004958,2021-04-30
G04959,Trisha Yadav,Female,28,"Mysuru, Karnataka",trisha.yadav04959@example.com,9000004959,2020-09-27
G04960,Divya Thakur,Female,52,"Indore, Madhya Pradesh",divya.thakur04960@example.com,9000004960,2017-05-15
G04961,Ritvik Khatri,Male,39,"Ahmedabad, Gujarat",ritvik.khatri04961@example.com,9000004961,2019-10-07
G04962,Pooja Kohli,Female,49,"Mumbai, Maharashtra",pooja.kohli04962@example.com,9000004962,2019-06-04
G04963,Ishita Sengupta,Female,23,"Chennai, Tamil Nadu",ishita.sengupta04963@example.com,9000004963,2023-01-22
G04964,Tanya Mathur,Female,30,"Jaipur, Rajasthan",tanya.mathur04964@example.com,9000004964,2017-09-02
G04965,Simran Das,Female,27,"Faridabad, Haryana",simran.das04965@example.com,9000004965,2023-03-02
G04966,Arnav Mukherjee,Male,30,"Bengaluru, Karnataka",arnav.mukherjee04966@example.com,9000004966,2020-07-26
G04967,Harsh Ahuja,Male,30,"Faridabad, Haryana",harsh.ahuja04967@example.com,9000004967,2024-01-18
G04968,Ujjwal Joshi,Other,51,"Bengaluru, Karnataka",ujjwal.joshi04968@example.com,9000004968,2022-12-11
G04969,Nisha Vohra,Female,33,"Ahmedabad, Gujarat",nisha.vohra04969@example.com,9000004969,2016-04-30
G04970,Shreya Dutta,Female,32,"Mumbai, Maharashtra",shreya.dutta04970@example.com,9000004970,2018-11-15
G04971,Rohan Trivedi,Male,33,"Faridabad, Haryana",rohan.trivedi04971@example.com,9000004971,2018-12-06
G04972,Deepak Vohra,Male,46,"Hyderabad, Telangana",deepak.vohra04972@example.com,9000004972,2016-09-15
G04973,Neeraj Bose,Male,47,"Nashik, Maharashtra",neeraj.bose04973@example.com,9000004973,2018-10-27
G04974,Deepak Joshi,Male,39,"Ahmedabad, Gujarat",deepak.joshi04974@example.com,9000004974,2019-12-16
G04975,Siddharth Yadav,Male,34,"Chennai, Tamil Nadu",siddharth.yadav04975@example.com,9000004975,2018-03-15
G04976,Rahul Oberoi,Male,43,"Coimbatore, Tamil Nadu",rahul.oberoi04976@example.com,9000004976,2018-12-06
G04977,Avni Bose,Female,22,"Indore, Madhya Pradesh",avni.bose04977@example.com,9000004977,2024-01-22
G04978,Ishita Mishra,Female,41,"New Delhi, Delhi",ishita.mishra04978@example.com,9000004978,2021-04-28
G04979,Mahi Mukherjee,Female,61,"New Delhi, Delhi",mahi.mukherjee04979@example.com,9000004979,2018-02-20
G04980,Navya Chopra,Female,52,"Bhopal, Madhya Pradesh",navya.chopra04980@example.com,9000004980,2017-10-04
G04981,Parth Sharma,Male,19,"Chandigarh, Chandigarh",parth.sharma04981@example.com,9000004981,2025-10-01
G04982,Siddharth Oberoi,Male,40,"Hyderabad, Telangana",siddharth.oberoi04982@example.com,9000004982,2018-06-22
G04983,Radhika Sengupta,Female,43,"Noida, Uttar Pradesh",radhika.sengupta04983@example.com,9000004983,2021-05-10
G04984,Priya Kohli,Female,33,"Udaipur, Rajasthan",priya.kohli04984@example.com,9000004984,2016-06-14
G04985,Ananya Choudhary,Female,66,"Gurugram, Haryana",ananya.choudhary04985@example.com,9000004985,2021-12-18
G04986,Shalini Gupta,Female,43,"Bengaluru, Karnataka",shalini.gupta04986@example.com,9000004986,2023-12-17
G04987,Vivek Sethi,Male,68,"Kochi, Kerala",vivek.sethi04987@example.com,9000004987,2019-11-17
G04988,Karan Khanna,Male,40,"Patna, Bihar",karan.khanna04988@example.com,9000004988,2019-11-20
G04989,Rohan Mukherjee,Male,36,"Kolkata, West Bengal",rohan.mukherjee04989@example.com,9000004989,2019-01-02
G04990,Vivek Iyer,Male,20,"Bengaluru, Karnataka",vivek.iyer04990@example.com,9000004990,2016-02-11
G04991,Dev Mathur,Male,41,"Dehradun, Uttarakhand",dev.mathur04991@example.com,9000004991,2018-10-22
G04992,Tanmay Trivedi,Male,36,"Indore, Madhya Pradesh",tanmay.trivedi04992@example.com,9000004992,2023-11-30
G04993,Aman Mehta,Male,39,"Faridabad, Haryana",aman.mehta04993@example.com,9000004993,2016-02-26
G04994,Mahi Bhattacharya,Female,24,"New Delhi, Delhi",mahi.bhattacharya04994@example.com,9000004994,2023-12-14
G04995,Navya Vohra,Female,41,"Dehradun, Uttarakhand",navya.vohra04995@example.com,9000004995,2018-09-11
G04996,Preeti Joshi,Female,33,"Bengaluru, Karnataka",preeti.joshi04996@example.com,9000004996,2022-12-13
G04997,Ishaan Khatri,Male,48,"Chennai, Tamil Nadu",ishaan.khatri04997@example.com,9000004997,2021-04-03
G04998,Mohit Sethi,Male,41,"Mumbai, Maharashtra",mohit.sethi04998@example.com,9000004998,2025-03-02
G04999,Nandini Menon,Female,38,"Mumbai, Maharashtra",nandini.menon04999@example.com,9000004999,2019-05-26
G05000,Harsh Oberoi,Male,28,"Jaipur, Rajasthan",harsh.oberoi05000@example.com,9000005000,2021-02-05
