payment_id,booking_id,payment_date,payment_type,payment_method
P00001,B00001,2024-03-10,Service,Credit Card
P00002,B00005,2025-06-23,Room,UPI
P00003,B00005,2025-06-19,Service,UPI
P00004,B00007,2026-04-05,Room,Credit Card
P00005,B00007,2026-04-15,Service,Cash
P00006,B00008,2025-03-01,Room,Credit Card
P00007,B00008,2025-02-17,Room,Credit Card
P00008,B00009,2024-01-13,Room + Service,Credit Card
P00009,B00010,2026-03-01,Room,Cash
P00010,B00011,2024-05-12,Room + Service,Cash
P00011,B00012,2025-11-21,Room,Net Banking
P00012,B00013,2024-03-03,Room,Credit Card
P00013,B00014,2024-08-03,Room + Service,UPI
P00014,B00015,2026-05-06,Room,UPI
P00015,B00016,2025-11-07,Room + Service,UPI
P00016,B00017,2026-07-27,Room,Net Banking
P00017,B00018,2025-08-11,Room + Service,UPI
P00018,B00020,2024-07-16,Room + Service,Credit Card
P00019,B00021,2025-04-25,Room + Service,Credit Card
P00020,B00022,2025-02-03,Room,Debit Card
P00021,B00023,2025-07-13,Room,Debit Card
P00022,B00023,2025-07-17,Room,Debit Card
P00023,B00024,2025-08-12,Room + Service,Credit Card
P00024,B00025,2026-04-20,Room,Credit Card
P00025,B00026,2024-01-23,Room,Credit Card
P00026,B00027,2024-03-02,Room,UPI
P00027,B00028,2026-03-11,Room,Credit Card
P00028,B00028,2026-03-13,Room,UPI
P00029,B00029,2026-07-03,Room + Service,Credit Card
P00030,B00030,2024-08-30,Room,Debit Card
P00031,B00031,2024-12-01,Room,Credit Card
P00032,B00032,2024-12-20,Room,UPI
P00033,B00032,2024-12-15,Service,UPI
P00034,B00033,2025-11-03,Room,Debit Card
P00035,B00033,2025-11-13,Service,Debit Card
P00036,B00034,2025-05-22,Room + Service,UPI
P00037,B00035,2026-04-20,Room,UPI
P00038,B00036,2026-08-04,Room,UPI
P00039,B00036,2026-08-28,Service,Net Banking
P00040,B00037,2024-12-27,Room,Credit Card
P00041,B00037,2024-12-22,Service,UPI
P00042,B00038,2025-02-14,Service,Credit Card
P00043,B00039,2026-02-12,Service,UPI
P00044,B00040,2025-01-26,Room,Digital Wallet
P00045,B00041,2026-01-27,Room,Credit Card
P00046,B00041,2026-01-31,Service,UPI
P00047,B00042,2026-08-09,Room + Service,Credit Card
P00048,B00043,2024-12-09,Room + Service,Credit Card
P00049,B00044,2025-01-21,Room + Service,Cash
P00050,B00045,2026-03-07,Room + Service,UPI
P00051,B00046,2026-06-06,Room,UPI
P00052,B00047,2026-08-25,Room,UPI
P00053,B00048,2024-07-28,Room,UPI
P00054,B00048,2024-07-29,Service,Cash
P00055,B00049,2025-08-01,Room,UPI
P00056,B00049,2025-07-31,Service,Credit Card
P00057,B00050,2026-01-08,Room + Service,Debit Card
P00058,B00052,2026-06-29,Service,UPI
P00059,B00053,2026-08-23,Room,Credit Card
P00060,B00054,2025-08-14,Room,Credit Card
P00061,B00054,2025-08-17,Service,Credit Card
P00062,B00055,2025-10-06,Room + Service,Credit Card
P00063,B00056,2025-12-21,Room + Service,UPI
P00064,B00057,2025-10-18,Service,Cash
P00065,B00058,2026-01-13,Room,UPI
P00066,B00059,2026-08-04,Room + Service,Debit Card
P00067,B00060,2025-03-31,Room + Service,Credit Card
P00068,B00061,2026-04-06,Room + Service,Debit Card
P00069,B00062,2026-05-18,Room,Debit Card
P00070,B00064,2026-06-02,Room,UPI
P00071,B00066,2026-04-30,Room,UPI
P00072,B00067,2024-05-17,Room,Credit Card
P00073,B00068,2024-08-16,Room,Credit Card
P00074,B00069,2024-09-29,Room + Service,UPI
P00075,B00070,2026-01-18,Room,Debit Card
P00076,B00072,2025-01-09,Room,Debit Card
P00077,B00073,2025-04-13,Room,UPI
P00078,B00073,2025-04-14,Room,Debit Card
P00079,B00074,2025-08-09,Service,Net Banking
P00080,B00075,2025-10-23,Room + Service,UPI
P00081,B00076,2025-12-06,Room,Net Banking
P00082,B00077,2026-05-20,Room,Debit Card
P00083,B00078,2024-04-03,Room,UPI
P00084,B00079,2025-12-17,Room + Service,Credit Card
P00085,B00080,2026-04-20,Room,UPI
P00086,B00081,2026-08-19,Room,Credit Card
P00087,B00082,2024-06-29,Room + Service,UPI
P00088,B00083,2025-01-19,Room,Credit Card
P00089,B00084,2026-08-15,Service,UPI
P00090,B00085,2025-05-20,Room,Digital Wallet
P00091,B00088,2026-08-05,Room + Service,UPI
P00092,B00089,2024-05-01,Room,Debit Card
P00093,B00091,2025-04-02,Room + Service,UPI
P00094,B00092,2025-08-13,Room + Service,Net Banking
P00095,B00093,2024-09-22,Room,Debit Card
P00096,B00093,2024-09-22,Room,Credit Card
P00097,B00094,2026-02-12,Room,Credit Card
P00098,B00094,2026-02-09,Service,UPI
P00099,B00095,2026-07-14,Service,Cash
P00100,B00096,2024-03-10,Room + Service,Debit Card
P00101,B00098,2026-07-25,Room,Debit Card
P00102,B00099,2024-04-04,Room,UPI
P00103,B00100,2025-08-24,Room,Credit Card
P00104,B00103,2026-07-01,Room + Service,Digital Wallet
P00105,B00104,2026-02-16,Room,UPI
P00106,B00104,2026-02-26,Service,Net Banking
P00107,B00105,2024-12-05,Room + Service,UPI
P00108,B00106,2024-03-02,Room,Net Banking
P00109,B00106,2024-03-01,Room,Credit Card
P00110,B00107,2026-01-01,Room + Service,UPI
P00111,B00108,2024-03-29,Room,UPI
P00112,B00108,2024-04-01,Service,Credit Card
P00113,B00109,2024-08-28,Room + Service,Credit Card
P00114,B00110,2024-11-18,Service,Net Banking
P00115,B00111,2025-08-31,Room,Debit Card
P00116,B00112,2026-03-11,Room + Service,UPI
P00117,B00113,2026-07-09,Service,Credit Card
P00118,B00114,2025-04-21,Room + Service,Digital Wallet
P00119,B00115,2025-04-26,Room,Debit Card
P00120,B00116,2026-01-06,Service,UPI
P00121,B00117,2024-07-04,Room,Credit Card
P00122,B00118,2025-02-17,Room,UPI
P00123,B00119,2026-05-31,Room,UPI
P00124,B00119,2026-05-31,Room,Cash
P00125,B00121,2024-03-22,Room,Credit Card
P00126,B00122,2024-10-01,Room,UPI
P00127,B00122,2024-09-23,Service,UPI
P00128,B00123,2025-01-12,Room,Credit Card
P00129,B00123,2025-01-09,Room,UPI
P00130,B00124,2024-02-08,Room + Service,Credit Card
P00131,B00125,2025-10-30,Room,UPI
P00132,B00125,2025-10-29,Service,Cash
P00133,B00126,2026-04-13,Service,UPI
P00134,B00127,2026-06-24,Room,UPI
P00135,B00129,2025-05-06,Room,Credit Card
P00136,B00130,2025-10-06,Service,Credit Card
P00137,B00131,2025-06-05,Room,Net Banking
P00138,B00131,2025-06-14,Service,Credit Card
P00139,B00132,2025-09-17,Room + Service,UPI
P00140,B00133,2025-01-17,Room,UPI
P00141,B00133,2025-01-11,Service,UPI
P00142,B00134,2026-01-11,Room + Service,UPI
P00143,B00135,2024-01-11,Room,UPI
P00144,B00136,2025-05-16,Room + Service,UPI
P00145,B00137,2025-07-02,Room + Service,Credit Card
P00146,B00138,2025-12-29,Service,Credit Card
P00147,B00139,2026-05-30,Room,Debit Card
P00148,B00140,2024-11-03,Room,Credit Card
P00149,B00141,2026-06-19,Room,UPI
P00150,B00142,2024-08-29,Room + Service,Credit Card
P00151,B00143,2025-09-17,Room + Service,UPI
P00152,B00144,2025-11-01,Service,Digital Wallet
P00153,B00145,2025-01-30,Room + Service,Credit Card
P00154,B00146,2025-11-13,Service,Net Banking
P00155,B00147,2024-11-16,Room + Service,UPI
P00156,B00148,2026-03-06,Room,UPI
P00157,B00148,2026-02-24,Room,Net Banking
P00158,B00150,2025-12-19,Room + Service,Debit Card
P00159,B00151,2026-02-28,Room,Net Banking
P00160,B00152,2025-02-08,Room + Service,Credit Card
P00161,B00153,2025-12-02,Room,Digital Wallet
P00162,B00153,2025-11-29,Service,Debit Card
P00163,B00154,2026-05-02,Room,Debit Card
P00164,B00155,2025-05-10,Room + Service,Cash
P00165,B00156,2026-02-04,Room,UPI
P00166,B00156,2026-01-18,Service,Net Banking
P00167,B00157,2024-12-11,Service,UPI
P00168,B00158,2025-02-14,Service,UPI
P00169,B00159,2025-07-18,Service,Debit Card
P00170,B00161,2024-01-27,Room,Cash
P00171,B00161,2024-01-19,Room,UPI
P00172,B00162,2026-01-23,Room + Service,UPI
P00173,B00163,2026-05-14,Room,UPI
P00174,B00164,2025-12-10,Room,UPI
P00175,B00164,2025-12-17,Service,UPI
P00176,B00165,2026-02-12,Room + Service,Credit Card
P00177,B00166,2025-08-03,Room,UPI
P00178,B00166,2025-07-31,Room,UPI
P00179,B00167,2026-03-22,Room,Debit Card
P00180,B00168,2026-08-15,Room + Service,UPI
P00181,B00169,2024-09-07,Room,Credit Card
P00182,B00169,2024-09-22,Room,Net Banking
P00183,B00170,2025-10-11,Room,Credit Card
P00184,B00171,2026-02-27,Room + Service,Cash
P00185,B00172,2024-03-19,Room,UPI
P00186,B00173,2024-01-13,Room + Service,UPI
P00187,B00174,2025-01-19,Room,Net Banking
P00188,B00174,2025-01-23,Room,Credit Card
P00189,B00175,2025-03-26,Room + Service,Credit Card
P00190,B00176,2024-10-26,Service,UPI
P00191,B00177,2026-02-05,Room,Net Banking
P00192,B00177,2026-02-07,Service,Credit Card
P00193,B00178,2026-05-15,Room,UPI
P00194,B00179,2026-07-14,Room,Net Banking
P00195,B00180,2026-03-14,Room + Service,UPI
P00196,B00181,2024-10-15,Room + Service,Credit Card
P00197,B00182,2025-12-01,Room,Credit Card
P00198,B00184,2024-12-12,Room,UPI
P00199,B00185,2025-07-13,Room,Debit Card
P00200,B00187,2025-01-01,Service,Credit Card
P00201,B00188,2025-05-13,Room,Debit Card
P00202,B00188,2025-05-18,Service,Credit Card
P00203,B00189,2024-11-16,Room + Service,UPI
P00204,B00190,2025-01-11,Room,Net Banking
P00205,B00190,2025-01-11,Room,Net Banking
P00206,B00191,2025-10-04,Room,UPI
P00207,B00191,2025-10-06,Room,UPI
P00208,B00192,2025-05-21,Room + Service,Credit Card
P00209,B00193,2025-07-06,Room,Cash
P00210,B00196,2025-10-31,Room,Credit Card
P00211,B00196,2025-11-13,Service,UPI
P00212,B00197,2026-08-27,Room,UPI
P00213,B00199,2024-06-10,Room + Service,Cash
P00214,B00200,2024-10-17,Room,Digital Wallet
P00215,B00200,2024-10-04,Service,UPI
P00216,B00201,2025-04-23,Service,Credit Card
P00217,B00203,2026-03-19,Room + Service,Net Banking
P00218,B00205,2024-12-25,Room + Service,Debit Card
P00219,B00206,2024-10-09,Room,UPI
P00220,B00207,2026-05-18,Room,Digital Wallet
P00221,B00207,2026-05-06,Service,UPI
P00222,B00208,2025-12-05,Room + Service,Digital Wallet
P00223,B00209,2026-01-11,Room + Service,UPI
P00224,B00210,2026-03-29,Service,Credit Card
P00225,B00212,2024-11-20,Room,UPI
P00226,B00212,2024-11-10,Service,Cash
P00227,B00213,2025-01-29,Room,Net Banking
P00228,B00213,2025-01-26,Service,Digital Wallet
P00229,B00214,2025-10-05,Room,UPI
P00230,B00214,2025-09-24,Service,Net Banking
P00231,B00215,2026-05-22,Room,Net Banking
P00232,B00216,2026-08-04,Room,UPI
P00233,B00217,2026-07-03,Room + Service,Credit Card
P00234,B00219,2024-10-17,Service,Credit Card
P00235,B00220,2024-12-14,Room,Credit Card
P00236,B00221,2026-05-18,Room + Service,UPI
P00237,B00222,2026-06-19,Room + Service,UPI
P00238,B00223,2026-08-01,Room,Credit Card
P00239,B00224,2024-05-25,Room + Service,Net Banking
P00240,B00225,2026-06-15,Room,UPI
P00241,B00226,2026-07-23,Room,Debit Card
P00242,B00229,2024-03-03,Room + Service,Credit Card
P00243,B00230,2024-11-13,Service,Credit Card
P00244,B00231,2025-09-02,Room + Service,UPI
P00245,B00232,2025-05-19,Room + Service,Net Banking
P00246,B00233,2025-09-27,Room,Credit Card
P00247,B00233,2025-10-07,Service,Credit Card
P00248,B00234,2024-01-09,Room + Service,Credit Card
P00249,B00236,2025-12-30,Room,Debit Card
P00250,B00236,2025-12-30,Service,UPI
P00251,B00237,2024-12-09,Service,Credit Card
P00252,B00238,2025-03-01,Room + Service,Credit Card
P00253,B00240,2025-09-09,Room,UPI
P00254,B00241,2025-11-16,Room,Debit Card
P00255,B00242,2026-08-14,Room,Credit Card
P00256,B00242,2026-08-20,Service,UPI
P00257,B00243,2024-09-16,Room + Service,UPI
P00258,B00244,2025-01-11,Room,Debit Card
P00259,B00245,2025-07-11,Room,UPI
P00260,B00246,2025-09-16,Room + Service,Net Banking
P00261,B00247,2024-01-24,Room,Debit Card
P00262,B00247,2024-01-25,Room,Net Banking
P00263,B00248,2024-11-05,Room,UPI
P00264,B00248,2024-11-13,Room,Credit Card
P00265,B00249,2025-09-26,Room,Net Banking
P00266,B00252,2025-10-19,Room + Service,Credit Card
P00267,B00253,2026-03-17,Room,Credit Card
P00268,B00254,2026-06-14,Service,Credit Card
P00269,B00256,2024-12-21,Room + Service,UPI
P00270,B00257,2024-08-17,Room,Debit Card
P00271,B00257,2024-08-13,Room,UPI
P00272,B00258,2026-08-20,Room + Service,Credit Card
P00273,B00259,2026-02-16,Room,UPI
P00274,B00259,2026-02-13,Service,Net Banking
P00275,B00260,2026-05-24,Room,UPI
P00276,B00262,2025-05-20,Room + Service,Net Banking
P00277,B00263,2025-10-12,Room + Service,UPI
P00278,B00264,2026-08-12,Room,Net Banking
P00279,B00264,2026-08-14,Service,UPI
P00280,B00265,2025-03-28,Room + Service,Net Banking
P00281,B00266,2025-01-10,Room + Service,UPI
P00282,B00267,2025-06-25,Room,Debit Card
P00283,B00269,2026-07-15,Room,Net Banking
P00284,B00271,2025-06-30,Room,Debit Card
P00285,B00271,2025-07-07,Room,Net Banking
P00286,B00273,2025-11-16,Service,UPI
P00287,B00274,2025-05-19,Room,Credit Card
P00288,B00275,2025-02-04,Service,UPI
P00289,B00276,2025-11-23,Room,Digital Wallet
P00290,B00277,2025-07-05,Service,Debit Card
P00291,B00278,2026-05-01,Room,Credit Card
P00292,B00278,2026-05-15,Service,UPI
P00293,B00279,2026-08-19,Room + Service,Credit Card
P00294,B00281,2026-02-16,Room + Service,UPI
P00295,B00282,2026-04-08,Room,Credit Card
P00296,B00283,2026-02-24,Service,Net Banking
P00297,B00286,2025-07-18,Room,Debit Card
P00298,B00287,2024-11-14,Room + Service,Digital Wallet
P00299,B00289,2026-04-30,Room,Net Banking
P00300,B00290,2025-01-01,Room + Service,Digital Wallet
P00301,B00291,2025-10-11,Room + Service,Net Banking
P00302,B00292,2025-12-26,Room + Service,Credit Card
P00303,B00295,2025-09-18,Room + Service,Digital Wallet
P00304,B00296,2026-02-24,Room + Service,UPI
P00305,B00299,2026-06-06,Room + Service,Credit Card
P00306,B00300,2026-07-14,Room,Credit Card
P00307,B00302,2026-07-05,Room,Credit Card
P00308,B00302,2026-07-07,Service,Cash
P00309,B00303,2024-09-30,Service,Debit Card
P00310,B00304,2024-11-02,Room,Net Banking
P00311,B00307,2025-12-06,Room,Debit Card
P00312,B00308,2026-07-11,Room + Service,UPI
P00313,B00309,2026-08-15,Room,Debit Card
P00314,B00310,2026-04-04,Room,Net Banking
P00315,B00310,2026-04-04,Service,UPI
P00316,B00312,2025-01-11,Room + Service,Credit Card
P00317,B00313,2025-01-08,Room + Service,UPI
P00318,B00314,2025-08-23,Room,Credit Card
P00319,B00316,2026-02-11,Room,UPI
P00320,B00316,2026-02-02,Service,Net Banking
P00321,B00317,2026-04-23,Room,Net Banking
P00322,B00317,2026-04-20,Room,Credit Card
P00323,B00318,2024-11-09,Room,Net Banking
P00324,B00318,2024-11-03,Service,Credit Card
P00325,B00319,2025-01-26,Room + Service,Credit Card
P00326,B00320,2025-04-11,Room,Credit Card
P00327,B00320,2025-04-07,Service,Credit Card
P00328,B00321,2025-11-15,Room + Service,Credit Card
P00329,B00323,2026-07-28,Room,Debit Card
P00330,B00324,2025-05-06,Room + Service,UPI
P00331,B00325,2026-03-26,Room + Service,Net Banking
P00332,B00326,2025-12-10,Room,UPI
P00333,B00326,2025-12-17,Service,Net Banking
P00334,B00327,2026-02-11,Room + Service,Digital Wallet
P00335,B00328,2025-03-26,Room,Credit Card
P00336,B00329,2026-08-18,Room,Credit Card
P00337,B00330,2025-04-26,Room,Credit Card
P00338,B00331,2026-07-01,Room,Credit Card
P00339,B00332,2026-08-22,Service,UPI
P00340,B00333,2025-09-02,Room + Service,UPI
P00341,B00334,2025-12-17,Room + Service,UPI
P00342,B00335,2024-11-11,Room + Service,Net Banking
P00343,B00336,2025-07-30,Room + Service,UPI
P00344,B00337,2025-09-11,Room,UPI
P00345,B00337,2025-09-22,Room,UPI
P00346,B00338,2025-11-07,Room,Debit Card
P00347,B00339,2025-12-19,Room + Service,UPI
P00348,B00340,2025-07-28,Room,Credit Card
P00349,B00341,2024-12-14,Room,Net Banking
P00350,B00342,2025-12-09,Room,Debit Card
P00351,B00342,2025-12-09,Service,UPI
P00352,B00343,2025-06-24,Room + Service,UPI
P00353,B00344,2025-10-31,Room,UPI
P00354,B00344,2025-10-29,Service,Credit Card
P00355,B00345,2026-08-20,Room + Service,UPI
P00356,B00348,2026-07-08,Room + Service,Debit Card
P00357,B00349,2025-03-15,Room + Service,UPI
P00358,B00350,2025-03-06,Room,UPI
P00359,B00351,2026-08-21,Room + Service,UPI
P00360,B00352,2024-12-20,Room + Service,Credit Card
P00361,B00353,2025-08-27,Room + Service,Credit Card
P00362,B00354,2025-12-21,Room + Service,UPI
P00363,B00355,2024-09-21,Room,Net Banking
P00364,B00356,2024-10-30,Room,UPI
P00365,B00357,2025-04-03,Room + Service,UPI
P00366,B00358,2025-09-25,Room,Cash
P00367,B00359,2025-10-22,Room,Net Banking
P00368,B00360,2026-02-15,Room,Digital Wallet
P00369,B00361,2025-05-24,Room,Net Banking
P00370,B00361,2025-05-31,Service,Credit Card
P00371,B00363,2026-04-13,Room + Service,UPI
P00372,B00364,2025-07-01,Room,Net Banking
P00373,B00364,2025-06-30,Room,Credit Card
P00374,B00365,2026-02-05,Room,Debit Card
P00375,B00365,2026-02-10,Service,Credit Card
P00376,B00366,2025-09-23,Room,Credit Card
P00377,B00366,2025-09-10,Room,UPI
P00378,B00367,2026-01-03,Service,UPI
P00379,B00368,2026-05-17,Room,Debit Card
P00380,B00370,2026-06-17,Room,Credit Card
P00381,B00371,2024-11-06,Room + Service,Debit Card
P00382,B00372,2026-04-04,Room,Debit Card
P00383,B00372,2026-03-27,Service,UPI
P00384,B00373,2025-10-29,Room + Service,Credit Card
P00385,B00374,2024-12-17,Service,UPI
P00386,B00375,2025-04-10,Room + Service,UPI
P00387,B00376,2026-04-12,Service,Net Banking
P00388,B00377,2025-03-12,Service,UPI
P00389,B00378,2025-11-25,Room,Credit Card
P00390,B00379,2025-12-28,Room,UPI
P00391,B00380,2026-06-30,Room,UPI
P00392,B00381,2026-04-22,Service,Debit Card
P00393,B00382,2026-01-07,Room + Service,Digital Wallet
P00394,B00383,2026-04-21,Room + Service,UPI
P00395,B00384,2025-10-18,Room + Service,Net Banking
P00396,B00385,2025-12-25,Room,Net Banking
P00397,B00385,2026-01-02,Service,Debit Card
P00398,B00386,2025-01-05,Room + Service,Credit Card
P00399,B00387,2026-01-11,Room + Service,Debit Card
P00400,B00388,2026-01-24,Room,Credit Card
P00401,B00390,2024-02-17,Room,Debit Card
P00402,B00391,2025-05-23,Room,UPI
P00403,B00392,2026-06-14,Service,UPI
P00404,B00393,2024-10-20,Room,UPI
P00405,B00394,2025-07-23,Room,UPI
P00406,B00394,2025-07-18,Service,Credit Card
P00407,B00395,2026-01-21,Room + Service,UPI
P00408,B00396,2026-05-20,Room,UPI
P00409,B00396,2026-05-20,Service,UPI
P00410,B00397,2026-04-26,Room + Service,Net Banking
P00411,B00399,2024-01-14,Room + Service,UPI
P00412,B00400,2026-04-10,Room,Net Banking
P00413,B00401,2026-04-02,Room,Net Banking
P00414,B00402,2026-08-02,Room,Credit Card
P00415,B00404,2025-06-22,Service,Net Banking
P00416,B00405,2026-06-21,Service,Debit Card
P00417,B00406,2026-07-18,Room,UPI
P00418,B00407,2026-08-19,Room + Service,UPI
P00419,B00408,2025-02-05,Room + Service,Net Banking
P00420,B00410,2026-04-06,Service,Net Banking
P00421,B00411,2026-07-05,Room + Service,Credit Card
P00422,B00412,2025-02-12,Service,UPI
P00423,B00413,2024-04-17,Room + Service,Credit Card
P00424,B00414,2024-08-29,Room,UPI
P00425,B00415,2025-08-15,Service,Debit Card
P00426,B00416,2025-10-12,Room + Service,Net Banking
P00427,B00417,2024-04-12,Room,UPI
P00428,B00417,2024-04-15,Room,Net Banking
P00429,B00418,2024-06-13,Service,UPI
P00430,B00419,2024-10-10,Service,UPI
P00431,B00421,2026-07-13,Service,UPI
P00432,B00422,2025-06-26,Room,Credit Card
P00433,B00423,2026-06-24,Room,Credit Card
P00434,B00423,2026-07-13,Service,Debit Card
P00435,B00424,2024-12-21,Room + Service,UPI
P00436,B00426,2024-03-26,Room + Service,UPI
P00437,B00428,2024-09-20,Room,Net Banking
P00438,B00428,2024-09-16,Service,Credit Card
P00439,B00429,2026-01-11,Room + Service,Debit Card
P00440,B00430,2026-05-02,Room,Debit Card
P00441,B00431,2026-06-20,Room + Service,UPI
P00442,B00432,2026-08-06,Room + Service,Credit Card
P00443,B00433,2025-04-21,Room,Debit Card
P00444,B00434,2026-02-26,Room,Digital Wallet
P00445,B00434,2026-02-20,Service,UPI
P00446,B00435,2026-03-21,Room,Digital Wallet
P00447,B00436,2026-07-13,Room,UPI
P00448,B00436,2026-07-07,Room,Credit Card
P00449,B00437,2025-05-22,Room,Net Banking
P00450,B00438,2026-06-20,Room,Net Banking
P00451,B00439,2026-08-30,Room + Service,UPI
P00452,B00441,2026-03-12,Room,Debit Card
P00453,B00441,2026-03-13,Service,Credit Card
P00454,B00442,2026-07-02,Room,Debit Card
P00455,B00443,2024-02-29,Room,Credit Card
P00456,B00444,2026-05-02,Room + Service,UPI
P00457,B00445,2026-07-10,Room,Net Banking
P00458,B00447,2024-05-17,Room + Service,Credit Card
P00459,B00448,2025-02-18,Room + Service,Credit Card
P00460,B00449,2025-08-04,Room + Service,Credit Card
P00461,B00450,2025-04-27,Room + Service,UPI
P00462,B00451,2025-11-10,Room,Net Banking
P00463,B00452,2026-02-25,Room,UPI
P00464,B00452,2026-02-22,Service,UPI
P00465,B00453,2026-04-10,Room,Credit Card
P00466,B00453,2026-03-02,Service,Credit Card
P00467,B00454,2024-02-19,Room + Service,UPI
P00468,B00456,2026-03-25,Room,Credit Card
P00469,B00456,2026-03-19,Service,UPI
P00470,B00457,2024-02-29,Room + Service,Cash
P00471,B00458,2025-03-26,Room + Service,UPI
P00472,B00460,2025-01-24,Room,UPI
P00473,B00460,2025-03-03,Room,Net Banking
P00474,B00461,2024-04-20,Room + Service,UPI
P00475,B00462,2026-04-17,Room + Service,UPI
P00476,B00463,2026-05-26,Room,Credit Card
P00477,B00463,2026-05-29,Service,Digital Wallet
P00478,B00464,2026-07-23,Service,Credit Card
P00479,B00466,2025-08-30,Room,Credit Card
P00480,B00466,2025-09-09,Service,UPI
P00481,B00467,2024-12-25,Room + Service,UPI
P00482,B00468,2026-08-02,Room + Service,UPI
P00483,B00469,2026-01-08,Room + Service,UPI
P00484,B00470,2026-06-25,Room + Service,Digital Wallet
P00485,B00471,2025-01-31,Room + Service,UPI
P00486,B00474,2025-06-14,Room + Service,Credit Card
P00487,B00475,2025-07-09,Room,UPI
P00488,B00476,2025-04-19,Room,Debit Card
P00489,B00477,2026-01-30,Room,Net Banking
P00490,B00477,2026-01-30,Service,UPI
P00491,B00478,2026-02-26,Room + Service,Digital Wallet
P00492,B00479,2026-05-16,Room,Credit Card
P00493,B00479,2026-05-31,Service,Debit Card
P00494,B00480,2024-03-31,Room,UPI
P00495,B00481,2025-01-05,Room,UPI
P00496,B00481,2025-01-04,Service,Net Banking
P00497,B00482,2026-01-19,Room + Service,Credit Card
P00498,B00485,2025-04-05,Room + Service,Net Banking
P00499,B00486,2024-03-20,Room + Service,Credit Card
P00500,B00487,2024-05-13,Room,Credit Card
P00501,B00487,2024-05-05,Service,UPI
P00502,B00488,2024-08-11,Room,UPI
P00503,B00489,2025-05-22,Room + Service,Debit Card
P00504,B00490,2025-06-22,Room,Digital Wallet
P00505,B00492,2026-02-19,Room + Service,UPI
P00506,B00493,2026-08-10,Room + Service,UPI
P00507,B00494,2025-04-19,Room,UPI
P00508,B00495,2026-02-21,Room + Service,UPI
P00509,B00496,2025-10-08,Room,UPI
P00510,B00497,2026-04-01,Room,UPI
P00511,B00499,2024-07-17,Room,Debit Card
P00512,B00500,2026-07-05,Room,UPI
P00513,B00500,2026-07-02,Service,UPI
P00514,B00501,2026-07-27,Room,Credit Card
P00515,B00502,2026-04-03,Room,Net Banking
P00516,B00503,2026-05-20,Room,Credit Card
P00517,B00503,2026-05-26,Room,Credit Card
P00518,B00504,2026-07-19,Room,Debit Card
P00519,B00506,2026-03-01,Room + Service,Credit Card
P00520,B00507,2026-08-17,Room + Service,UPI
P00521,B00508,2025-02-01,Service,Net Banking
P00522,B00509,2025-12-26,Service,UPI
P00523,B00510,2026-02-19,Service,Digital Wallet
P00524,B00512,2026-06-20,Room + Service,Net Banking
P00525,B00513,2024-09-30,Room + Service,UPI
P00526,B00514,2026-06-29,Room + Service,Credit Card
P00527,B00515,2026-08-11,Room + Service,Debit Card
P00528,B00516,2026-05-22,Room + Service,UPI
P00529,B00520,2025-09-24,Room,UPI
P00530,B00522,2024-12-01,Room + Service,Credit Card
P00531,B00523,2024-05-19,Room + Service,Debit Card
P00532,B00524,2024-07-24,Room + Service,Net Banking
P00533,B00525,2024-08-21,Room,UPI
P00534,B00526,2026-08-04,Room,Credit Card
P00535,B00527,2026-06-05,Room,Net Banking
P00536,B00528,2026-08-11,Service,Net Banking
P00537,B00529,2024-09-12,Room + Service,Net Banking
P00538,B00530,2025-12-13,Room + Service,UPI
P00539,B00531,2024-06-04,Room + Service,Debit Card
P00540,B00532,2025-02-13,Room,UPI
P00541,B00533,2025-12-25,Service,Credit Card
P00542,B00534,2025-12-24,Room + Service,Debit Card
P00543,B00535,2026-06-17,Room + Service,Credit Card
P00544,B00536,2026-08-19,Room + Service,UPI
P00545,B00537,2024-08-06,Service,UPI
P00546,B00538,2025-09-12,Room,Credit Card
P00547,B00539,2025-12-07,Room,UPI
P00548,B00540,2024-12-08,Room,UPI
P00549,B00540,2024-12-09,Service,Credit Card
P00550,B00541,2026-01-07,Room + Service,UPI
P00551,B00542,2026-05-12,Room,UPI
P00552,B00543,2025-12-27,Room,Debit Card
P00553,B00544,2026-02-04,Room,Credit Card
P00554,B00544,2026-02-18,Service,UPI
P00555,B00546,2025-04-10,Service,Debit Card
P00556,B00547,2025-10-16,Room + Service,UPI
P00557,B00548,2024-11-17,Service,Debit Card
P00558,B00549,2026-01-20,Room + Service,UPI
P00559,B00550,2026-03-10,Room + Service,Credit Card
P00560,B00551,2026-04-06,Room,Net Banking
P00561,B00552,2026-07-08,Service,Debit Card
P00562,B00555,2025-12-17,Room + Service,Digital Wallet
P00563,B00556,2026-02-12,Room + Service,Credit Card
P00564,B00557,2026-07-10,Room,Credit Card
P00565,B00558,2026-01-20,Room + Service,UPI
P00566,B00559,2026-03-22,Room + Service,UPI
P00567,B00560,2024-04-03,Room + Service,Credit Card
P00568,B00561,2025-04-24,Room + Service,UPI
P00569,B00563,2026-08-15,Room + Service,Debit Card
P00570,B00564,2024-10-17,Room + Service,Credit Card
P00571,B00565,2026-08-08,Room + Service,UPI
P00572,B00566,2025-12-03,Service,Debit Card
P00573,B00567,2026-03-10,Room + Service,UPI
P00574,B00568,2025-03-09,Room,Debit Card
P00575,B00569,2026-03-23,Room,UPI
P00576,B00569,2026-03-27,Service,UPI
P00577,B00571,2025-11-07,Room,UPI
P00578,B00572,2025-03-08,Room + Service,Debit Card
P00579,B00573,2026-05-14,Service,UPI
P00580,B00574,2024-08-02,Room,Digital Wallet
P00581,B00574,2024-08-12,Room,Credit Card
P00582,B00575,2024-11-17,Room,UPI
P00583,B00575,2024-11-15,Room,Credit Card
P00584,B00576,2025-10-26,Service,UPI
P00585,B00577,2026-06-13,Room + Service,Debit Card
P00586,B00578,2026-07-24,Room,Credit Card
P00587,B00578,2026-08-02,Service,UPI
P00588,B00579,2024-08-30,Service,Credit Card
P00589,B00580,2024-06-19,Room + Service,UPI
P00590,B00581,2025-11-03,Room + Service,UPI
P00591,B00582,2025-11-13,Service,Credit Card
P00592,B00583,2026-02-14,Service,Credit Card
P00593,B00584,2026-08-15,Room,UPI
P00594,B00584,2026-08-28,Service,UPI
P00595,B00586,2026-04-29,Room + Service,UPI
P00596,B00587,2025-01-26,Room + Service,UPI
P00597,B00590,2025-01-28,Room,Net Banking
P00598,B00590,2025-02-02,Room,Credit Card
P00599,B00591,2026-07-10,Room + Service,Credit Card
P00600,B00593,2026-04-28,Room + Service,Credit Card
P00601,B00594,2025-12-21,Room + Service,Credit Card
P00602,B00595,2026-02-06,Room,UPI
P00603,B00597,2026-01-30,Room,UPI
P00604,B00598,2025-09-01,Service,Credit Card
P00605,B00599,2024-02-27,Service,Credit Card
P00606,B00600,2026-05-17,Service,Credit Card
P00607,B00601,2024-12-16,Room,Credit Card
P00608,B00601,2024-12-17,Room,UPI
P00609,B00602,2025-02-25,Room + Service,Credit Card
P00610,B00603,2024-12-22,Room + Service,UPI
P00611,B00604,2025-07-11,Room,UPI
P00612,B00604,2025-07-14,Service,Digital Wallet
P00613,B00605,2025-11-26,Room,UPI
P00614,B00606,2025-11-05,Room,UPI
P00615,B00607,2026-04-11,Service,Credit Card
P00616,B00608,2026-06-09,Room + Service,Cash
P00617,B00609,2026-07-29,Service,UPI
P00618,B00610,2025-09-29,Room,Net Banking
P00619,B00611,2025-12-12,Room,Credit Card
P00620,B00611,2025-12-13,Service,Digital Wallet
P00621,B00612,2025-12-19,Room + Service,Debit Card
P00622,B00613,2026-08-27,Room + Service,Digital Wallet
P00623,B00614,2025-12-19,Room + Service,UPI
P00624,B00615,2026-02-10,Room,Debit Card
P00625,B00615,2026-02-03,Service,UPI
P00626,B00616,2026-05-01,Service,UPI
P00627,B00617,2024-01-20,Room,Credit Card
P00628,B00618,2024-06-24,Room,Credit Card
P00629,B00619,2025-01-11,Room,Digital Wallet
P00630,B00619,2024-12-31,Room,Credit Card
P00631,B00620,2025-03-02,Room,Credit Card
P00632,B00621,2026-05-18,Room + Service,Credit Card
P00633,B00622,2026-03-04,Room,Net Banking
P00634,B00623,2025-10-14,Room + Service,UPI
P00635,B00624,2026-02-22,Room + Service,UPI
P00636,B00625,2025-05-25,Room,Debit Card
P00637,B00626,2026-04-01,Room,UPI
P00638,B00626,2026-04-04,Room,UPI
P00639,B00628,2025-11-29,Room + Service,Credit Card
P00640,B00629,2025-03-29,Room,Debit Card
P00641,B00629,2025-03-27,Service,Net Banking
P00642,B00630,2025-07-26,Room + Service,UPI
P00643,B00631,2024-07-22,Room + Service,Debit Card
P00644,B00632,2025-06-27,Room,UPI
P00645,B00633,2025-09-09,Room,UPI
P00646,B00634,2025-10-30,Room + Service,Cash
P00647,B00635,2026-04-01,Room + Service,UPI
P00648,B00636,2026-07-05,Service,UPI
P00649,B00637,2025-01-14,Room + Service,UPI
P00650,B00638,2025-05-05,Service,Digital Wallet
P00651,B00639,2026-06-04,Room,UPI
P00652,B00640,2024-02-15,Service,UPI
P00653,B00641,2026-06-02,Room,Cash
P00654,B00642,2025-06-07,Room,Net Banking
P00655,B00643,2025-01-01,Room + Service,UPI
P00656,B00644,2026-02-18,Room + Service,UPI
P00657,B00645,2024-05-01,Room,UPI
P00658,B00646,2026-03-30,Service,UPI
P00659,B00647,2026-07-13,Room + Service,UPI
P00660,B00648,2025-08-11,Room + Service,UPI
P00661,B00649,2024-12-19,Room,UPI
P00662,B00650,2025-05-26,Room,UPI
P00663,B00651,2026-01-06,Room + Service,Net Banking
P00664,B00652,2025-05-17,Room,Net Banking
P00665,B00653,2025-09-29,Room + Service,Net Banking
P00666,B00654,2024-01-30,Room + Service,Credit Card
P00667,B00655,2024-09-30,Room,UPI
P00668,B00656,2026-07-05,Room + Service,UPI
P00669,B00657,2026-08-13,Room,Credit Card
P00670,B00658,2024-10-11,Room,UPI
P00671,B00659,2025-10-20,Room + Service,UPI
P00672,B00660,2026-01-05,Room,Credit Card
P00673,B00660,2026-01-17,Service,Credit Card
P00674,B00661,2024-12-12,Room + Service,Credit Card
P00675,B00662,2025-11-22,Room,Net Banking
P00676,B00665,2026-05-16,Room + Service,UPI
P00677,B00667,2024-11-08,Room + Service,Net Banking
P00678,B00669,2026-07-15,Room,Credit Card
P00679,B00670,2024-04-07,Room,UPI
P00680,B00671,2026-05-04,Room + Service,Net Banking
P00681,B00672,2026-07-26,Room + Service,UPI
P00682,B00673,2025-08-17,Room,Debit Card
P00683,B00674,2026-05-02,Room + Service,Digital Wallet
P00684,B00675,2024-02-05,Room,Net Banking
P00685,B00675,2024-03-11,Service,Net Banking
P00686,B00676,2025-02-10,Room,Net Banking
P00687,B00676,2025-02-20,Room,Net Banking
P00688,B00677,2025-06-03,Room,Credit Card
P00689,B00677,2025-06-08,Service,UPI
P00690,B00678,2026-07-06,Service,UPI
P00691,B00679,2026-07-25,Room,Credit Card
P00692,B00680,2024-12-20,Service,UPI
P00693,B00681,2025-03-06,Room + Service,UPI
P00694,B00682,2025-09-11,Room + Service,Debit Card
P00695,B00683,2025-10-31,Room + Service,Debit Card
P00696,B00684,2026-05-21,Room,UPI
P00697,B00685,2024-06-22,Room + Service,UPI
P00698,B00686,2026-04-06,Room + Service,Credit Card
P00699,B00687,2024-07-13,Room,UPI
P00700,B00688,2025-11-29,Room + Service,UPI
P00701,B00689,2024-02-02,Room,Net Banking
P00702,B00690,2025-04-18,Room + Service,Debit Card
P00703,B00691,2026-04-20,Room + Service,Digital Wallet
P00704,B00693,2026-07-24,Room,Debit Card
P00705,B00693,2026-07-24,Service,Net Banking
P00706,B00694,2026-08-17,Room + Service,Credit Card
P00707,B00695,2025-03-02,Room,Debit Card
P00708,B00696,2026-01-20,Room,Debit Card
P00709,B00696,2026-01-19,Service,Digital Wallet
P00710,B00697,2025-02-04,Service,UPI
P00711,B00698,2024-11-29,Room,Net Banking
P00712,B00698,2024-11-13,Service,UPI
P00713,B00699,2025-03-11,Room,Credit Card
P00714,B00700,2025-07-22,Room,Credit Card
P00715,B00700,2025-07-23,Service,UPI
P00716,B00701,2025-12-20,Room + Service,Credit Card
P00717,B00702,2024-11-01,Room,UPI
P00718,B00702,2024-10-28,Room,Credit Card
P00719,B00703,2026-04-02,Room,Credit Card
P00720,B00704,2026-07-09,Room + Service,UPI
P00721,B00705,2024-01-04,Room,UPI
P00722,B00705,2024-01-02,Room,Digital Wallet
P00723,B00706,2025-03-19,Room,UPI
P00724,B00707,2025-12-09,Room,UPI
P00725,B00708,2026-06-28,Room,Credit Card
P00726,B00709,2026-08-02,Room + Service,UPI
P00727,B00710,2024-10-25,Room + Service,Net Banking
P00728,B00711,2024-12-31,Room + Service,Net Banking
P00729,B00712,2025-11-19,Service,UPI
P00730,B00713,2024-10-16,Room + Service,Net Banking
P00731,B00714,2026-03-22,Room + Service,UPI
P00732,B00715,2024-11-15,Service,Debit Card
P00733,B00716,2025-03-20,Room + Service,Credit Card
P00734,B00717,2025-09-03,Room + Service,Cash
P00735,B00718,2025-01-26,Room + Service,Credit Card
P00736,B00719,2025-08-07,Service,Debit Card
P00737,B00720,2026-02-21,Service,Credit Card
P00738,B00721,2025-10-31,Room + Service,Credit Card
P00739,B00722,2026-02-28,Room,UPI
P00740,B00723,2025-11-09,Room,UPI
P00741,B00725,2024-05-15,Room,Credit Card
P00742,B00725,2024-05-10,Room,Debit Card
P00743,B00726,2025-02-23,Service,UPI
P00744,B00727,2026-08-04,Room + Service,UPI
P00745,B00728,2026-07-20,Service,UPI
P00746,B00729,2026-08-23,Room + Service,Debit Card
P00747,B00730,2025-11-19,Room + Service,UPI
P00748,B00731,2026-04-23,Room + Service,UPI
P00749,B00732,2025-11-09,Service,Credit Card
P00750,B00733,2026-05-04,Room,Credit Card
P00751,B00734,2026-06-04,Room,Credit Card
P00752,B00736,2026-07-06,Room + Service,Debit Card
P00753,B00737,2024-03-11,Room,Net Banking
P00754,B00738,2025-01-18,Room,Credit Card
P00755,B00739,2025-01-16,Room + Service,Net Banking
P00756,B00741,2024-05-17,Room + Service,Credit Card
P00757,B00742,2026-04-01,Room + Service,Digital Wallet
P00758,B00743,2024-06-15,Room,Digital Wallet
P00759,B00744,2026-01-06,Room + Service,UPI
P00760,B00745,2026-02-23,Room + Service,UPI
P00761,B00746,2024-08-15,Room,UPI
P00762,B00747,2025-02-27,Room + Service,Digital Wallet
P00763,B00748,2025-07-27,Room + Service,Credit Card
P00764,B00749,2026-03-15,Room,UPI
P00765,B00750,2026-05-10,Room,UPI
P00766,B00751,2026-07-09,Service,Credit Card
P00767,B00752,2024-02-15,Room,Credit Card
P00768,B00753,2025-05-18,Service,Net Banking
P00769,B00756,2025-08-15,Room,Net Banking
P00770,B00758,2024-06-11,Room + Service,Credit Card
P00771,B00759,2024-07-14,Room + Service,UPI
P00772,B00760,2024-02-28,Room,UPI
P00773,B00761,2024-04-09,Room + Service,Credit Card
P00774,B00762,2025-05-08,Room,Credit Card
P00775,B00763,2025-10-28,Room,UPI
P00776,B00764,2025-02-18,Room,UPI
P00777,B00764,2025-02-18,Room,Digital Wallet
P00778,B00765,2026-06-15,Room + Service,UPI
P00779,B00766,2024-01-13,Room,Digital Wallet
P00780,B00767,2024-07-01,Service,Net Banking
P00781,B00768,2024-08-27,Room,Debit Card
P00782,B00769,2024-11-26,Room,UPI
P00783,B00769,2024-11-27,Room,UPI
P00784,B00770,2026-06-09,Room,Digital Wallet
P00785,B00770,2026-06-10,Room,Credit Card
P00786,B00771,2024-05-27,Room,UPI
P00787,B00771,2024-05-25,Service,Credit Card
P00788,B00772,2024-03-14,Service,Net Banking
P00789,B00773,2024-09-30,Room + Service,Credit Card
P00790,B00774,2025-04-27,Room + Service,Net Banking
P00791,B00775,2025-05-01,Room,Digital Wallet
P00792,B00776,2025-09-21,Room + Service,UPI
P00793,B00777,2026-04-15,Room + Service,Net Banking
P00794,B00778,2026-08-07,Room,Credit Card
P00795,B00779,2025-08-08,Room,Credit Card
P00796,B00779,2025-08-05,Service,Credit Card
P00797,B00780,2025-11-06,Room,Credit Card
P00798,B00781,2024-04-18,Room,Cash
P00799,B00781,2024-04-20,Service,UPI
P00800,B00782,2025-05-20,Room,Debit Card
P00801,B00783,2026-02-07,Service,Credit Card
P00802,B00784,2026-04-23,Room,Debit Card
P00803,B00785,2026-06-29,Room,Credit Card
P00804,B00785,2026-07-03,Service,Digital Wallet
P00805,B00786,2026-08-29,Room + Service,Digital Wallet
P00806,B00787,2026-01-06,Room,UPI
P00807,B00788,2025-04-24,Room,Debit Card
P00808,B00788,2025-05-07,Service,Credit Card
P00809,B00789,2025-08-03,Room + Service,Credit Card
P00810,B00790,2024-11-12,Service,Net Banking
P00811,B00791,2025-02-26,Room,Debit Card
P00812,B00792,2025-12-28,Room + Service,UPI
P00813,B00793,2026-04-15,Service,Debit Card
P00814,B00794,2026-04-30,Room,Credit Card
P00815,B00795,2024-10-08,Room + Service,Net Banking
P00816,B00796,2025-08-02,Room,Credit Card
P00817,B00798,2024-05-08,Room + Service,Digital Wallet
P00818,B00799,2025-01-02,Room,UPI
P00819,B00799,2025-01-06,Service,UPI
P00820,B00800,2025-06-03,Room,Net Banking
P00821,B00801,2025-07-22,Room,Credit Card
P00822,B00802,2025-12-04,Room + Service,Credit Card
P00823,B00803,2024-08-24,Room + Service,UPI
P00824,B00806,2024-01-12,Room,Cash
P00825,B00807,2024-12-08,Room + Service,Credit Card
P00826,B00808,2026-01-27,Room,Debit Card
P00827,B00809,2024-06-14,Room,Net Banking
P00828,B00809,2024-06-13,Service,Debit Card
P00829,B00810,2024-10-30,Room + Service,Digital Wallet
P00830,B00811,2024-05-22,Service,Credit Card
P00831,B00812,2024-11-26,Room,Net Banking
P00832,B00813,2025-05-23,Room + Service,Debit Card
P00833,B00814,2025-11-23,Room,Cash
P00834,B00816,2024-09-10,Room,Debit Card
P00835,B00817,2024-01-31,Room + Service,Credit Card
P00836,B00818,2026-04-05,Room + Service,Credit Card
P00837,B00819,2026-05-30,Room + Service,UPI
P00838,B00820,2024-09-28,Room,Net Banking
P00839,B00821,2024-12-15,Room,Credit Card
P00840,B00821,2024-12-21,Room,UPI
P00841,B00822,2024-10-14,Room + Service,UPI
P00842,B00823,2026-02-14,Room + Service,Debit Card
P00843,B00824,2025-04-16,Room,Credit Card
P00844,B00825,2025-11-28,Room,Credit Card
P00845,B00826,2024-04-02,Room + Service,Debit Card
P00846,B00827,2026-02-10,Room,Credit Card
P00847,B00827,2026-02-20,Room,UPI
P00848,B00828,2024-01-23,Room + Service,Credit Card
P00849,B00829,2025-01-30,Service,Credit Card
P00850,B00830,2025-08-05,Room + Service,Credit Card
P00851,B00831,2025-04-15,Room + Service,UPI
P00852,B00832,2025-12-26,Room,UPI
P00853,B00832,2025-12-26,Service,Credit Card
P00854,B00834,2026-01-24,Room + Service,UPI
P00855,B00835,2025-02-09,Room + Service,Credit Card
P00856,B00836,2025-08-26,Room + Service,Net Banking
P00857,B00837,2025-10-26,Room,Net Banking
P00858,B00838,2025-10-04,Room + Service,Credit Card
P00859,B00839,2026-02-14,Room + Service,Cash
P00860,B00840,2024-11-17,Service,Debit Card
P00861,B00841,2025-01-05,Room,Debit Card
P00862,B00842,2026-01-17,Room,Credit Card
P00863,B00843,2026-06-20,Room + Service,Credit Card
P00864,B00844,2025-11-29,Room + Service,Debit Card
P00865,B00845,2025-02-27,Room,Credit Card
P00866,B00846,2025-12-14,Room + Service,UPI
P00867,B00847,2026-08-22,Room + Service,UPI
P00868,B00848,2025-07-16,Room + Service,Net Banking
P00869,B00849,2025-04-09,Room,Credit Card
P00870,B00850,2026-02-12,Room + Service,UPI
P00871,B00851,2026-05-02,Room + Service,UPI
P00872,B00852,2025-02-16,Room + Service,Credit Card
P00873,B00854,2025-06-30,Room + Service,Debit Card
P00874,B00855,2025-11-13,Room + Service,UPI
P00875,B00856,2026-01-02,Room,Cash
P00876,B00856,2026-01-06,Service,Net Banking
P00877,B00857,2025-11-14,Room + Service,UPI
P00878,B00858,2025-11-17,Room + Service,UPI
P00879,B00859,2024-04-20,Room + Service,Credit Card
P00880,B00860,2024-12-12,Room + Service,UPI
P00881,B00861,2025-01-28,Service,UPI
P00882,B00862,2025-06-28,Room,UPI
P00883,B00862,2025-06-29,Service,Debit Card
P00884,B00863,2024-12-25,Room + Service,UPI
P00885,B00864,2025-03-19,Room,Credit Card
P00886,B00864,2025-03-09,Service,UPI
P00887,B00865,2025-11-23,Room + Service,UPI
P00888,B00866,2024-07-26,Room,Net Banking
P00889,B00867,2026-07-06,Room,UPI
P00890,B00867,2026-07-11,Service,UPI
P00891,B00868,2026-08-19,Room,Credit Card
P00892,B00869,2025-12-01,Room,Debit Card
P00893,B00869,2025-12-31,Room,Net Banking
P00894,B00871,2025-11-29,Room + Service,Net Banking
P00895,B00872,2026-08-15,Room,Credit Card
P00896,B00872,2026-08-19,Room,Credit Card
P00897,B00873,2025-05-28,Room,Credit Card
P00898,B00874,2025-11-19,Room + Service,Credit Card
P00899,B00875,2026-06-07,Room,UPI
P00900,B00876,2025-06-01,Room + Service,Credit Card
P00901,B00877,2026-05-21,Room + Service,Credit Card
P00902,B00878,2026-07-14,Room + Service,Debit Card
P00903,B00879,2025-05-14,Room,Net Banking
P00904,B00880,2026-05-06,Room,UPI
P00905,B00881,2024-06-12,Room,Debit Card
P00906,B00882,2025-09-10,Room + Service,Debit Card
P00907,B00883,2024-04-19,Room,UPI
P00908,B00884,2025-03-17,Room,Credit Card
P00909,B00885,2026-02-14,Room,Net Banking
P00910,B00885,2026-02-10,Service,Debit Card
P00911,B00886,2026-05-10,Room,Credit Card
P00912,B00886,2026-06-04,Service,UPI
P00913,B00888,2024-01-15,Room,UPI
P00914,B00888,2024-01-18,Room,Credit Card
P00915,B00889,2025-02-03,Room,Credit Card
P00916,B00890,2025-10-27,Room + Service,Net Banking
P00917,B00892,2025-05-09,Room,Credit Card
P00918,B00893,2026-08-05,Room,UPI
P00919,B00894,2026-08-29,Room,UPI
P00920,B00895,2025-05-31,Room + Service,UPI
P00921,B00896,2026-01-08,Room,Credit Card
P00922,B00897,2026-08-23,Room,Credit Card
P00923,B00898,2024-10-11,Room,Debit Card
P00924,B00898,2024-10-09,Service,Debit Card
P00925,B00900,2024-11-01,Room,UPI
P00926,B00900,2024-11-12,Room,Credit Card
P00927,B00901,2024-12-05,Room + Service,UPI
P00928,B00902,2025-12-18,Room + Service,UPI
P00929,B00903,2026-06-22,Room,Credit Card
P00930,B00903,2026-06-21,Service,UPI
P00931,B00905,2025-11-03,Service,UPI
P00932,B00906,2026-08-18,Room + Service,Credit Card
P00933,B00907,2025-12-10,Room,UPI
P00934,B00909,2026-08-28,Room,UPI
P00935,B00910,2025-03-17,Room + Service,Digital Wallet
P00936,B00911,2024-03-19,Room + Service,Credit Card
P00937,B00912,2025-05-08,Room + Service,Net Banking
P00938,B00913,2024-08-27,Room + Service,Credit Card
P00939,B00914,2026-03-11,Room + Service,UPI
P00940,B00915,2025-01-10,Service,Credit Card
P00941,B00916,2026-01-13,Room,Credit Card
P00942,B00916,2026-01-10,Service,UPI
P00943,B00917,2024-09-05,Room,Cash
P00944,B00918,2026-02-26,Room,Credit Card
P00945,B00919,2026-04-03,Room,UPI
P00946,B00919,2026-04-01,Room,Net Banking
P00947,B00920,2026-02-21,Room,UPI
P00948,B00921,2026-07-18,Service,Credit Card
P00949,B00922,2026-04-27,Service,Credit Card
P00950,B00923,2026-06-12,Room + Service,Credit Card
P00951,B00924,2025-11-15,Room + Service,Credit Card
P00952,B00925,2025-12-29,Room,UPI
P00953,B00926,2026-07-07,Room + Service,UPI
P00954,B00927,2026-07-13,Room + Service,Net Banking
P00955,B00928,2025-11-27,Room,Debit Card
P00956,B00929,2026-04-15,Service,UPI
P00957,B00930,2026-07-28,Room + Service,Cash
P00958,B00931,2025-02-12,Room + Service,Credit Card
P00959,B00932,2026-01-14,Room,UPI
P00960,B00932,2026-01-16,Service,Debit Card
P00961,B00933,2026-05-23,Room + Service,Credit Card
P00962,B00934,2025-04-11,Room + Service,Credit Card
P00963,B00935,2025-12-01,Room,Credit Card
P00964,B00936,2025-10-01,Room + Service,Credit Card
P00965,B00937,2026-07-02,Room + Service,Credit Card
P00966,B00938,2024-02-09,Room,Credit Card
P00967,B00939,2026-07-29,Room,UPI
P00968,B00939,2026-07-31,Service,UPI
P00969,B00940,2024-02-07,Room,Credit Card
P00970,B00941,2024-09-02,Room + Service,Debit Card
P00971,B00942,2025-01-25,Room + Service,Net Banking
P00972,B00944,2026-03-15,Room,Debit Card
P00973,B00944,2026-03-10,Service,UPI
P00974,B00945,2025-06-04,Service,Net Banking
P00975,B00947,2025-09-11,Room,Credit Card
P00976,B00948,2024-07-17,Room + Service,Credit Card
P00977,B00949,2026-01-01,Room + Service,Debit Card
P00978,B00950,2026-05-02,Room + Service,Debit Card
P00979,B00951,2026-07-03,Service,UPI
P00980,B00952,2026-08-19,Room,Cash
P00981,B00952,2026-08-23,Service,Cash
P00982,B00953,2025-01-01,Room + Service,Debit Card
P00983,B00954,2026-08-11,Room,UPI
P00984,B00955,2025-12-02,Room,Credit Card
P00985,B00956,2026-01-19,Room + Service,Credit Card
P00986,B00957,2025-12-05,Room + Service,Debit Card
P00987,B00958,2026-06-19,Room,Debit Card
P00988,B00958,2026-06-17,Service,Net Banking
P00989,B00959,2025-06-26,Service,UPI
P00990,B00960,2026-07-26,Room,UPI
P00991,B00960,2026-07-28,Service,Net Banking
P00992,B00961,2024-02-17,Room + Service,Net Banking
P00993,B00962,2025-08-05,Room,UPI
P00994,B00963,2025-12-18,Room,Cash
P00995,B00964,2026-08-18,Room + Service,UPI
P00996,B00965,2026-01-27,Room,Credit Card
P00997,B00966,2024-05-02,Room + Service,UPI
P00998,B00968,2026-06-13,Room + Service,Cash
P00999,B00969,2025-04-21,Room,UPI
P01000,B00969,2025-04-18,Service,Debit Card
P01001,B00971,2026-07-13,Room + Service,UPI
P01002,B00973,2026-07-26,Room,UPI
P01003,B00973,2026-07-20,Service,UPI
P01004,B00974,2026-07-22,Room,Credit Card
P01005,B00975,2026-08-04,Room,UPI
P01006,B00975,2026-08-13,Service,UPI
P01007,B00976,2024-12-11,Room + Service,Net Banking
P01008,B00977,2025-07-10,Room + Service,UPI
P01009,B00978,2025-02-21,Service,Cash
P01010,B00979,2026-02-17,Room,Credit Card
P01011,B00979,2026-02-17,Service,UPI
P01012,B00980,2024-10-23,Room + Service,Debit Card
P01013,B00981,2025-02-14,Room + Service,UPI
P01014,B00982,2026-06-12,Room,Credit Card
P01015,B00983,2026-07-23,Room + Service,UPI
P01016,B00984,2024-08-05,Room + Service,UPI
P01017,B00985,2025-11-25,Room + Service,Credit Card
P01018,B00986,2025-01-02,Room,Net Banking
P01019,B00987,2025-04-04,Service,UPI
P01020,B00988,2024-11-24,Room,UPI
P01021,B00988,2024-11-12,Service,Credit Card
P01022,B00989,2024-01-20,Room,Cash
P01023,B00990,2026-01-07,Room + Service,Credit Card
P01024,B00991,2026-08-17,Service,Credit Card
P01025,B00992,2024-01-17,Room,Credit Card
P01026,B00992,2024-01-15,Service,Credit Card
P01027,B00993,2025-01-19,Room,Credit Card
P01028,B00994,2026-08-14,Room + Service,Cash
P01029,B00995,2024-01-05,Room + Service,Debit Card
P01030,B00996,2024-01-19,Room,UPI
P01031,B00996,2024-01-18,Service,UPI
P01032,B00997,2025-08-31,Room,UPI
P01033,B00997,2025-09-04,Service,UPI
P01034,B00998,2026-03-20,Room + Service,UPI
P01035,B00999,2024-03-25,Room,UPI
P01036,B01000,2025-12-21,Room + Service,Net Banking
P01037,B01001,2026-05-09,Room,UPI
P01038,B01002,2024-06-01,Room + Service,Debit Card
P01039,B01003,2024-07-26,Room + Service,UPI
P01040,B01005,2025-12-12,Room,Digital Wallet
P01041,B01005,2025-12-21,Room,Digital Wallet
P01042,B01006,2026-02-17,Room + Service,Credit Card
P01043,B01008,2024-11-01,Room,Credit Card
P01044,B01008,2024-11-03,Room,Net Banking
P01045,B01009,2024-12-11,Room + Service,UPI
P01046,B01011,2025-06-25,Room + Service,Net Banking
P01047,B01012,2025-03-12,Room,Credit Card
P01048,B01013,2025-11-13,Room + Service,Credit Card
P01049,B01014,2025-07-02,Service,UPI
P01050,B01015,2025-02-21,Room + Service,Debit Card
P01051,B01016,2026-03-02,Room + Service,Digital Wallet
P01052,B01017,2024-01-03,Room,UPI
P01053,B01018,2025-06-26,Room + Service,Credit Card
P01054,B01019,2025-02-18,Service,Credit Card
P01055,B01020,2026-06-05,Room,UPI
P01056,B01021,2025-02-16,Room,Net Banking
P01057,B01021,2025-03-08,Service,Debit Card
P01058,B01022,2024-08-24,Room + Service,UPI
P01059,B01023,2025-01-13,Room + Service,Net Banking
P01060,B01024,2026-01-21,Room,UPI
P01061,B01025,2026-02-19,Room + Service,Credit Card
P01062,B01026,2024-10-31,Room,Debit Card
P01063,B01026,2024-11-02,Room,Credit Card
P01064,B01027,2024-02-04,Room + Service,UPI
P01065,B01028,2024-12-03,Service,Net Banking
P01066,B01029,2024-11-06,Room + Service,UPI
P01067,B01030,2025-05-01,Room + Service,Debit Card
P01068,B01032,2025-03-05,Room + Service,Cash
P01069,B01033,2025-11-24,Room,UPI
P01070,B01033,2025-11-27,Service,UPI
P01071,B01034,2024-12-16,Service,Credit Card
P01072,B01035,2025-07-07,Room + Service,Net Banking
P01073,B01036,2025-09-03,Room + Service,UPI
P01074,B01037,2026-01-27,Room,Credit Card
P01075,B01038,2026-07-29,Room,UPI
P01076,B01038,2026-07-30,Service,Net Banking
P01077,B01039,2024-01-09,Room + Service,UPI
P01078,B01040,2025-09-02,Room + Service,UPI
P01079,B01041,2026-03-09,Room + Service,Net Banking
P01080,B01042,2026-04-12,Room + Service,UPI
P01081,B01043,2026-06-22,Service,Debit Card
P01082,B01044,2026-08-23,Room,Credit Card
P01083,B01044,2026-08-18,Service,UPI
P01084,B01045,2026-04-14,Room + Service,Credit Card
P01085,B01046,2025-08-22,Room + Service,Debit Card
P01086,B01047,2025-12-22,Room,UPI
P01087,B01047,2026-01-09,Room,Credit Card
P01088,B01048,2024-05-30,Room,Net Banking
P01089,B01049,2025-11-19,Service,UPI
P01090,B01050,2025-02-17,Room,UPI
P01091,B01050,2025-02-12,Room,Credit Card
P01092,B01051,2026-02-02,Room,UPI
P01093,B01052,2026-05-21,Room,Digital Wallet
P01094,B01052,2026-05-23,Service,Debit Card
P01095,B01053,2026-08-07,Room + Service,Credit Card
P01096,B01056,2026-06-12,Room + Service,Credit Card
P01097,B01057,2025-09-03,Room + Service,UPI
P01098,B01059,2024-06-16,Room,Credit Card
P01099,B01059,2024-06-21,Service,Credit Card
P01100,B01061,2024-01-12,Room + Service,Credit Card
P01101,B01063,2026-03-31,Room + Service,Credit Card
P01102,B01064,2025-12-11,Room + Service,UPI
P01103,B01065,2026-08-24,Room,UPI
P01104,B01066,2026-05-20,Service,Debit Card
P01105,B01067,2026-07-11,Room + Service,UPI
P01106,B01068,2025-11-17,Room + Service,Net Banking
P01107,B01069,2026-08-21,Room,UPI
P01108,B01070,2024-07-16,Room,UPI
P01109,B01070,2024-08-07,Service,Credit Card
P01110,B01071,2026-01-28,Room,UPI
P01111,B01072,2026-02-07,Room,Credit Card
P01112,B01073,2025-12-09,Room,Credit Card
P01113,B01073,2025-11-28,Room,Net Banking
P01114,B01074,2026-03-14,Room + Service,UPI
P01115,B01075,2026-05-03,Room + Service,Digital Wallet
P01116,B01076,2024-08-26,Room + Service,Credit Card
P01117,B01077,2024-12-07,Service,Net Banking
P01118,B01079,2025-01-26,Room,Net Banking
P01119,B01080,2024-12-10,Room,UPI
P01120,B01080,2024-12-01,Service,UPI
P01121,B01081,2025-08-25,Room + Service,Net Banking
P01122,B01082,2024-01-26,Room,UPI
P01123,B01082,2024-01-27,Service,UPI
P01124,B01083,2024-11-07,Room,Net Banking
P01125,B01084,2026-03-29,Room,Credit Card
P01126,B01085,2024-07-07,Room,UPI
P01127,B01085,2024-07-16,Service,UPI
P01128,B01086,2026-03-22,Room,UPI
P01129,B01088,2026-03-17,Room + Service,Digital Wallet
P01130,B01089,2026-08-05,Service,UPI
P01131,B01090,2024-08-03,Room + Service,UPI
P01132,B01091,2025-06-19,Room + Service,Net Banking
P01133,B01093,2025-08-22,Service,UPI
P01134,B01094,2025-03-03,Room,UPI
P01135,B01095,2026-08-01,Room + Service,Credit Card
P01136,B01096,2024-10-20,Room,UPI
P01137,B01096,2024-10-25,Service,UPI
P01138,B01098,2026-04-06,Room + Service,UPI
P01139,B01099,2026-07-31,Room,UPI
P01140,B01099,2026-08-04,Room,Debit Card
P01141,B01100,2025-10-15,Room,Credit Card
P01142,B01101,2026-06-14,Room + Service,Debit Card
P01143,B01102,2026-07-13,Room + Service,Net Banking
P01144,B01103,2026-04-21,Room,UPI
P01145,B01104,2026-06-20,Room,UPI
P01146,B01105,2026-08-22,Room,Credit Card
P01147,B01106,2025-12-03,Room + Service,Credit Card
P01148,B01107,2026-02-17,Room + Service,UPI
P01149,B01108,2024-12-14,Room + Service,Credit Card
P01150,B01109,2026-07-17,Room + Service,UPI
P01151,B01110,2025-11-15,Service,UPI
P01152,B01111,2025-06-12,Room + Service,Net Banking
P01153,B01112,2025-06-04,Room,UPI
P01154,B01112,2025-06-05,Service,UPI
P01155,B01114,2026-07-07,Service,Credit Card
P01156,B01115,2026-08-14,Room + Service,Credit Card
P01157,B01116,2026-07-04,Service,UPI
P01158,B01117,2024-03-31,Room,Credit Card
P01159,B01119,2025-11-29,Room,Digital Wallet
P01160,B01120,2026-01-12,Room,Credit Card
P01161,B01120,2026-01-14,Room,UPI
P01162,B01121,2026-06-10,Room + Service,Credit Card
P01163,B01122,2024-11-17,Room,UPI
P01164,B01123,2025-02-25,Room + Service,UPI
P01165,B01124,2025-05-14,Room,Credit Card
P01166,B01125,2025-03-11,Room + Service,Net Banking
P01167,B01127,2026-08-18,Room,Digital Wallet
P01168,B01128,2024-11-17,Room + Service,UPI
P01169,B01129,2026-06-23,Room + Service,Digital Wallet
P01170,B01130,2025-09-15,Service,UPI
P01171,B01131,2026-04-28,Room + Service,Debit Card
P01172,B01132,2026-02-11,Room + Service,Credit Card
P01173,B01133,2026-08-02,Service,Digital Wallet
P01174,B01134,2025-10-27,Room + Service,Digital Wallet
P01175,B01135,2024-10-11,Room,Debit Card
P01176,B01136,2025-12-18,Room + Service,Credit Card
P01177,B01137,2025-01-17,Room + Service,UPI
P01178,B01138,2025-02-22,Service,UPI
P01179,B01139,2026-07-30,Room + Service,UPI
P01180,B01140,2026-07-26,Room,UPI
P01181,B01140,2026-07-28,Service,Net Banking
P01182,B01141,2024-12-09,Room,UPI
P01183,B01142,2025-10-03,Service,Net Banking
P01184,B01143,2024-01-15,Room,UPI
P01185,B01143,2024-01-17,Room,Credit Card
P01186,B01144,2026-04-15,Service,UPI
P01187,B01145,2026-07-06,Room,Net Banking
P01188,B01145,2026-07-03,Service,Debit Card
P01189,B01146,2026-08-04,Room,Debit Card
P01190,B01147,2026-08-16,Room,Debit Card
P01191,B01148,2025-12-09,Room + Service,Credit Card
P01192,B01149,2025-12-31,Service,Credit Card
P01193,B01150,2026-08-15,Room + Service,UPI
P01194,B01151,2026-02-13,Room,UPI
P01195,B01151,2026-02-07,Service,Debit Card
P01196,B01153,2024-12-23,Room,Net Banking
P01197,B01153,2024-12-25,Service,Credit Card
P01198,B01154,2026-04-06,Room + Service,UPI
P01199,B01155,2024-03-15,Room + Service,Debit Card
P01200,B01156,2025-11-07,Service,Credit Card
P01201,B01157,2026-06-18,Room,UPI
P01202,B01157,2026-06-30,Service,UPI
P01203,B01158,2025-06-08,Room + Service,Credit Card
P01204,B01159,2026-04-26,Room + Service,Cash
P01205,B01160,2025-12-21,Room + Service,UPI
P01206,B01161,2026-01-21,Room,Credit Card
P01207,B01161,2026-01-22,Service,Digital Wallet
P01208,B01164,2024-07-30,Room,UPI
P01209,B01165,2025-10-17,Room,UPI
P01210,B01166,2024-09-03,Room + Service,Net Banking
P01211,B01167,2024-12-20,Service,Net Banking
P01212,B01168,2026-03-26,Room + Service,Debit Card
P01213,B01169,2026-06-15,Room,Credit Card
P01214,B01170,2026-06-26,Room,Credit Card
P01215,B01171,2025-07-25,Room + Service,Credit Card
P01216,B01173,2026-08-20,Room,Net Banking
P01217,B01173,2026-08-27,Service,Net Banking
P01218,B01174,2024-05-24,Room,Credit Card
P01219,B01175,2025-01-28,Room,Digital Wallet
P01220,B01176,2025-07-18,Service,UPI
P01221,B01177,2025-01-05,Room,Cash
P01222,B01178,2025-09-06,Room + Service,Debit Card
P01223,B01179,2026-06-07,Room,Cash
P01224,B01180,2025-07-11,Room + Service,Credit Card
P01225,B01181,2026-03-14,Room,Credit Card
P01226,B01183,2025-11-19,Room,UPI
P01227,B01184,2026-02-22,Room,UPI
P01228,B01185,2026-07-09,Room,Net Banking
P01229,B01185,2026-06-26,Room,UPI
P01230,B01186,2024-01-20,Room + Service,UPI
P01231,B01187,2026-05-08,Room + Service,UPI
P01232,B01188,2025-03-19,Room,Credit Card
P01233,B01189,2026-08-03,Room,UPI
P01234,B01190,2026-03-05,Room + Service,Digital Wallet
P01235,B01191,2025-05-02,Room + Service,UPI
P01236,B01192,2025-09-22,Room + Service,Net Banking
P01237,B01193,2025-11-07,Room + Service,UPI
P01238,B01194,2026-07-08,Room,Net Banking
P01239,B01195,2024-03-11,Room + Service,Cash
P01240,B01197,2024-12-19,Room + Service,Net Banking
P01241,B01198,2026-03-15,Room,Net Banking
P01242,B01198,2026-03-15,Service,Debit Card
P01243,B01200,2024-05-04,Room + Service,Debit Card
P01244,B01201,2024-05-03,Room,Credit Card
P01245,B01202,2026-02-06,Room + Service,Net Banking
P01246,B01204,2024-11-02,Room,UPI
P01247,B01205,2026-03-23,Room + Service,Credit Card
P01248,B01206,2024-06-16,Service,UPI
P01249,B01208,2024-10-31,Room + Service,Digital Wallet
P01250,B01210,2024-01-27,Room,Net Banking
P01251,B01211,2025-03-31,Room,Net Banking
P01252,B01212,2026-05-28,Room,Net Banking
P01253,B01213,2026-08-25,Room,UPI
P01254,B01214,2025-12-08,Room + Service,Digital Wallet
P01255,B01215,2026-07-29,Room,UPI
P01256,B01216,2025-03-29,Room + Service,Digital Wallet
P01257,B01217,2026-05-24,Room + Service,UPI
P01258,B01218,2025-09-26,Room + Service,Net Banking
P01259,B01219,2026-07-06,Room + Service,UPI
P01260,B01220,2026-08-30,Room,Debit Card
P01261,B01220,2026-08-26,Service,Credit Card
P01262,B01221,2024-10-09,Room,Debit Card
P01263,B01221,2024-10-18,Service,UPI
P01264,B01222,2024-12-20,Room,Credit Card
P01265,B01223,2026-05-14,Room,Credit Card
P01266,B01224,2026-01-15,Room + Service,Credit Card
P01267,B01225,2026-02-28,Service,Credit Card
P01268,B01226,2024-07-05,Room + Service,Digital Wallet
P01269,B01228,2025-08-12,Room + Service,Net Banking
P01270,B01229,2024-12-10,Room,Credit Card
P01271,B01230,2026-03-13,Room,UPI
P01272,B01230,2026-03-18,Service,Net Banking
P01273,B01231,2024-02-07,Room + Service,Net Banking
P01274,B01232,2025-04-25,Room,UPI
P01275,B01232,2025-04-20,Service,UPI
P01276,B01234,2024-03-25,Room + Service,Net Banking
P01277,B01235,2025-06-20,Room,UPI
P01278,B01236,2025-11-26,Room,UPI
P01279,B01237,2024-02-16,Room + Service,Net Banking
P01280,B01238,2025-09-07,Room + Service,Credit Card
P01281,B01239,2026-05-07,Room,Credit Card
P01282,B01239,2026-05-09,Service,UPI
P01283,B01240,2026-06-28,Room,Credit Card
P01284,B01241,2024-04-20,Service,Net Banking
P01285,B01242,2025-12-06,Room + Service,UPI
P01286,B01243,2026-04-22,Room + Service,UPI
P01287,B01244,2024-08-23,Room + Service,Net Banking
P01288,B01245,2025-10-15,Room + Service,Cash
P01289,B01246,2026-07-08,Room,Debit Card
P01290,B01246,2026-07-05,Room,Credit Card
P01291,B01247,2025-11-27,Service,Debit Card
P01292,B01249,2026-02-03,Service,Credit Card
P01293,B01250,2026-02-27,Room,Credit Card
P01294,B01251,2026-08-14,Room + Service,UPI
P01295,B01252,2024-11-17,Service,Credit Card
P01296,B01253,2025-02-26,Room,UPI
P01297,B01253,2025-02-22,Service,UPI
P01298,B01254,2026-05-28,Room,Credit Card
P01299,B01254,2026-06-01,Service,Credit Card
P01300,B01255,2026-08-20,Room + Service,Net Banking
P01301,B01256,2025-12-16,Room,Digital Wallet
P01302,B01257,2026-03-05,Room + Service,UPI
P01303,B01258,2026-05-17,Room + Service,Debit Card
P01304,B01260,2026-07-04,Room + Service,UPI
P01305,B01261,2025-03-29,Room + Service,UPI
P01306,B01262,2025-11-05,Room,Credit Card
P01307,B01264,2025-12-20,Room + Service,UPI
P01308,B01266,2026-06-19,Room + Service,UPI
P01309,B01267,2026-07-30,Room,Credit Card
P01310,B01268,2024-03-23,Room + Service,Credit Card
P01311,B01269,2024-07-03,Room,UPI
P01312,B01269,2024-06-27,Service,Debit Card
P01313,B01270,2025-12-19,Room,UPI
P01314,B01270,2025-12-29,Service,Credit Card
P01315,B01272,2026-07-14,Room,Net Banking
P01316,B01273,2026-04-23,Room,Credit Card
P01317,B01274,2025-12-19,Room + Service,Debit Card
P01318,B01275,2026-06-25,Room + Service,UPI
P01319,B01276,2026-08-26,Room + Service,UPI
P01320,B01277,2025-11-26,Service,Digital Wallet
P01321,B01278,2026-02-17,Room,Net Banking
P01322,B01279,2025-08-07,Room,UPI
P01323,B01279,2025-08-23,Service,UPI
P01324,B01280,2026-07-18,Room,UPI
P01325,B01281,2026-07-18,Room,Credit Card
P01326,B01282,2025-02-16,Room,Debit Card
P01327,B01283,2024-09-25,Room + Service,Net Banking
P01328,B01284,2025-02-03,Room,UPI
P01329,B01284,2025-02-02,Service,Credit Card
P01330,B01285,2025-09-09,Room,UPI
P01331,B01285,2025-08-30,Service,UPI
P01332,B01286,2025-02-28,Room,UPI
P01333,B01287,2026-05-07,Room,UPI
P01334,B01287,2026-05-16,Room,Net Banking
P01335,B01288,2025-03-02,Room,UPI
P01336,B01290,2025-05-19,Room,Digital Wallet
P01337,B01291,2026-02-23,Service,UPI
P01338,B01294,2025-10-24,Room + Service,Debit Card
P01339,B01296,2025-11-27,Service,Debit Card
P01340,B01297,2026-05-11,Room + Service,UPI
P01341,B01298,2025-01-29,Service,Net Banking
P01342,B01299,2025-12-08,Room,Debit Card
P01343,B01299,2025-12-13,Service,Credit Card
P01344,B01300,2024-06-24,Room + Service,Credit Card
P01345,B01301,2025-08-22,Room + Service,UPI
P01346,B01303,2026-02-15,Room,Credit Card
P01347,B01304,2025-08-27,Room + Service,Net Banking
P01348,B01305,2026-03-17,Room + Service,UPI
P01349,B01307,2024-06-09,Room + Service,UPI
P01350,B01308,2025-09-28,Service,Credit Card
P01351,B01309,2025-10-01,Room,Credit Card
P01352,B01309,2025-09-30,Service,Net Banking
P01353,B01310,2026-08-07,Room + Service,Credit Card
P01354,B01312,2026-07-21,Room + Service,UPI
P01355,B01313,2025-12-29,Room,Credit Card
P01356,B01313,2025-12-19,Service,UPI
P01357,B01314,2025-05-14,Room,Digital Wallet
P01358,B01314,2025-04-29,Service,Credit Card
P01359,B01315,2026-06-12,Room,Credit Card
P01360,B01316,2026-07-03,Room + Service,Credit Card
P01361,B01317,2025-08-15,Room + Service,Debit Card
P01362,B01318,2026-08-04,Room,Credit Card
P01363,B01319,2024-12-06,Room + Service,Credit Card
P01364,B01320,2024-02-06,Room,Digital Wallet
P01365,B01320,2024-02-16,Service,Digital Wallet
P01366,B01321,2025-12-29,Room,Credit Card
P01367,B01322,2026-03-18,Room + Service,UPI
P01368,B01323,2026-02-27,Room + Service,UPI
P01369,B01324,2024-05-21,Room + Service,Credit Card
P01370,B01325,2025-10-01,Room + Service,Debit Card
P01371,B01327,2025-04-27,Room,Credit Card
P01372,B01328,2024-12-04,Room + Service,Net Banking
P01373,B01329,2025-09-22,Room,UPI
P01374,B01329,2025-10-08,Room,Credit Card
P01375,B01330,2026-08-02,Room,UPI
P01376,B01331,2024-12-11,Room + Service,Net Banking
P01377,B01332,2026-07-22,Room + Service,Digital Wallet
P01378,B01334,2026-08-05,Room,Cash
P01379,B01335,2024-04-30,Room + Service,Net Banking
P01380,B01337,2024-06-20,Room + Service,Cash
P01381,B01339,2026-03-09,Service,Credit Card
P01382,B01340,2026-02-15,Room + Service,Credit Card
P01383,B01341,2026-06-23,Room + Service,Digital Wallet
P01384,B01342,2025-01-08,Room,Debit Card
P01385,B01342,2025-01-13,Service,Debit Card
P01386,B01343,2025-11-30,Room,Credit Card
P01387,B01344,2024-04-14,Room + Service,UPI
P01388,B01345,2025-08-09,Room,Credit Card
P01389,B01345,2025-08-16,Service,UPI
P01390,B01346,2026-01-27,Room + Service,Net Banking
P01391,B01347,2025-03-10,Room,Credit Card
P01392,B01348,2024-11-08,Room + Service,UPI
P01393,B01349,2025-10-30,Room,Credit Card
P01394,B01349,2025-10-30,Room,Credit Card
P01395,B01350,2024-10-13,Room,Net Banking
P01396,B01351,2025-11-28,Room + Service,Debit Card
P01397,B01352,2025-10-09,Room + Service,Debit Card
P01398,B01353,2026-01-13,Service,Credit Card
P01399,B01354,2026-04-01,Service,Credit Card
P01400,B01355,2026-06-03,Room,UPI
P01401,B01355,2026-06-12,Room,Credit Card
P01402,B01356,2026-03-19,Room,Digital Wallet
P01403,B01357,2026-07-26,Room + Service,Credit Card
P01404,B01358,2026-08-06,Room,UPI
P01405,B01359,2024-05-27,Room,Credit Card
P01406,B01360,2026-07-26,Room,Digital Wallet
P01407,B01361,2024-02-04,Room,Credit Card
P01408,B01362,2026-08-03,Room,UPI
P01409,B01363,2026-08-20,Service,Debit Card
P01410,B01364,2025-01-02,Room,Net Banking
P01411,B01364,2024-12-31,Room,Net Banking
P01412,B01367,2026-08-27,Room + Service,Credit Card
P01413,B01368,2026-01-24,Service,Digital Wallet
P01414,B01369,2024-09-06,Room,Net Banking
P01415,B01370,2025-10-22,Room,UPI
P01416,B01370,2025-10-22,Service,UPI
P01417,B01371,2025-03-30,Room + Service,UPI
P01418,B01372,2026-08-22,Service,Debit Card
P01419,B01373,2025-07-25,Room + Service,UPI
P01420,B01374,2025-09-22,Service,Net Banking
P01421,B01375,2025-03-01,Room,Net Banking
P01422,B01375,2025-02-26,Service,UPI
P01423,B01376,2024-11-28,Service,Credit Card
P01424,B01377,2025-12-26,Room,Net Banking
P01425,B01377,2025-12-25,Service,Credit Card
P01426,B01378,2026-04-01,Room + Service,Debit Card
P01427,B01379,2025-12-05,Room + Service,Credit Card
P01428,B01380,2026-08-20,Room + Service,UPI
P01429,B01381,2025-11-27,Room + Service,Digital Wallet
P01430,B01383,2025-03-01,Room,Digital Wallet
P01431,B01384,2025-05-13,Room + Service,Net Banking
P01432,B01385,2025-09-17,Room,UPI
P01433,B01386,2025-11-26,Room + Service,Credit Card
P01434,B01387,2026-03-02,Room,UPI
P01435,B01387,2026-02-23,Service,Net Banking
P01436,B01388,2024-02-01,Room,Debit Card
P01437,B01389,2025-12-01,Room,Digital Wallet
P01438,B01390,2026-01-10,Room,Debit Card
P01439,B01390,2026-01-10,Service,Credit Card
P01440,B01391,2026-02-06,Room,UPI
P01441,B01391,2026-02-13,Room,UPI
P01442,B01393,2025-09-14,Room,Net Banking
P01443,B01394,2025-11-02,Room,Credit Card
P01444,B01395,2024-05-26,Room,UPI
P01445,B01395,2024-05-25,Room,Credit Card
P01446,B01396,2026-01-22,Room,UPI
P01447,B01397,2026-08-01,Room,UPI
P01448,B01398,2024-03-06,Room,Net Banking
P01449,B01398,2024-03-21,Room,Debit Card
P01450,B01399,2026-03-29,Room,Credit Card
P01451,B01400,2024-02-13,Room,UPI
P01452,B01401,2026-07-17,Room + Service,Net Banking
P01453,B01402,2025-04-14,Room,Credit Card
P01454,B01403,2026-08-21,Room,Credit Card
P01455,B01404,2026-05-23,Room,UPI
P01456,B01406,2026-08-08,Room + Service,UPI
P01457,B01407,2025-02-07,Room,Net Banking
P01458,B01407,2025-02-05,Service,UPI
P01459,B01408,2025-12-04,Room,Credit Card
P01460,B01408,2026-01-01,Service,Credit Card
P01461,B01409,2024-12-04,Room,Debit Card
P01462,B01410,2026-03-03,Room + Service,Credit Card
P01463,B01411,2026-05-06,Service,Digital Wallet
P01464,B01412,2026-07-20,Room + Service,UPI
P01465,B01413,2025-02-13,Room + Service,Credit Card
P01466,B01414,2024-02-11,Room + Service,Credit Card
P01467,B01415,2025-06-01,Room,Cash
P01468,B01415,2025-06-03,Service,UPI
P01469,B01417,2026-06-27,Room + Service,Net Banking
P01470,B01418,2026-08-21,Room + Service,UPI
P01471,B01419,2025-05-15,Room + Service,Net Banking
P01472,B01420,2024-12-02,Room,Credit Card
P01473,B01420,2024-11-08,Room,Credit Card
P01474,B01421,2025-12-30,Room,UPI
P01475,B01423,2026-03-23,Room + Service,Debit Card
P01476,B01424,2026-06-14,Room,Credit Card
P01477,B01426,2024-12-04,Room + Service,UPI
P01478,B01427,2025-09-26,Room + Service,Digital Wallet
P01479,B01428,2026-05-16,Room,Debit Card
P01480,B01429,2026-02-08,Room,Cash
P01481,B01429,2026-02-06,Room,Credit Card
P01482,B01430,2026-05-13,Room + Service,UPI
P01483,B01431,2025-03-17,Room,UPI
P01484,B01431,2025-03-08,Service,UPI
P01485,B01432,2026-07-05,Room,Credit Card
P01486,B01432,2026-06-29,Service,Debit Card
P01487,B01433,2025-01-14,Room,Net Banking
P01488,B01433,2025-01-15,Service,UPI
P01489,B01434,2025-07-07,Room + Service,UPI
P01490,B01435,2026-04-09,Room,Digital Wallet
P01491,B01436,2026-07-25,Room,Net Banking
P01492,B01438,2026-03-19,Room,Credit Card
P01493,B01439,2024-06-21,Room + Service,Credit Card
P01494,B01440,2026-03-02,Room + Service,Cash
P01495,B01441,2025-11-14,Service,Digital Wallet
P01496,B01442,2026-02-10,Room + Service,UPI
P01497,B01443,2026-05-14,Room,Credit Card
P01498,B01443,2026-05-13,Service,Credit Card
P01499,B01445,2024-04-09,Room,Cash
P01500,B01446,2026-07-09,Room,Net Banking
P01501,B01446,2026-07-07,Room,Debit Card
P01502,B01447,2026-04-23,Room + Service,UPI
P01503,B01448,2026-06-25,Room,Debit Card
P01504,B01448,2026-07-03,Service,UPI
P01505,B01449,2026-05-21,Service,UPI
P01506,B01450,2026-07-17,Room + Service,Credit Card
P01507,B01452,2025-06-09,Room,Debit Card
P01508,B01453,2025-12-01,Room + Service,Credit Card
P01509,B01454,2024-04-25,Room,UPI
P01510,B01454,2024-04-23,Service,UPI
P01511,B01456,2024-01-01,Room,UPI
P01512,B01456,2024-01-01,Service,UPI
P01513,B01457,2025-08-20,Room,Credit Card
P01514,B01459,2025-12-25,Room + Service,Debit Card
P01515,B01460,2025-10-03,Room,Cash
P01516,B01461,2026-08-16,Service,UPI
P01517,B01462,2026-08-29,Room,Net Banking
P01518,B01463,2024-06-17,Room + Service,Credit Card
P01519,B01464,2025-01-18,Room + Service,Debit Card
P01520,B01465,2025-09-11,Room + Service,Digital Wallet
P01521,B01466,2024-01-16,Room + Service,Digital Wallet
P01522,B01467,2026-04-16,Room,Credit Card
P01523,B01468,2025-03-22,Service,UPI
P01524,B01469,2025-09-15,Room,Debit Card
P01525,B01469,2025-09-17,Service,UPI
P01526,B01470,2026-05-21,Room + Service,Net Banking
P01527,B01471,2026-07-12,Room + Service,UPI
P01528,B01472,2024-04-11,Service,Debit Card
P01529,B01473,2025-11-29,Room,Credit Card
P01530,B01474,2026-04-16,Room + Service,Digital Wallet
P01531,B01476,2026-04-26,Room + Service,Net Banking
P01532,B01477,2025-12-03,Service,Net Banking
P01533,B01478,2026-03-25,Room,Debit Card
P01534,B01478,2026-03-29,Service,Debit Card
P01535,B01479,2024-04-23,Room,UPI
P01536,B01479,2024-04-22,Room,UPI
P01537,B01480,2025-12-11,Room + Service,Digital Wallet
P01538,B01482,2026-04-18,Service,Cash
P01539,B01483,2026-07-26,Room + Service,UPI
P01540,B01484,2024-10-08,Room,Credit Card
P01541,B01485,2024-07-17,Room,Net Banking
P01542,B01486,2025-09-28,Room,Debit Card
P01543,B01487,2024-06-20,Room,Credit Card
P01544,B01487,2024-06-25,Room,Credit Card
P01545,B01488,2025-12-02,Room + Service,UPI
P01546,B01489,2026-08-02,Room + Service,Credit Card
P01547,B01490,2025-04-05,Room,Net Banking
P01548,B01491,2026-02-16,Room,UPI
P01549,B01493,2025-11-05,Room + Service,Net Banking
P01550,B01494,2026-07-29,Room,Credit Card
P01551,B01494,2026-08-03,Service,Credit Card
P01552,B01495,2026-08-05,Room,Credit Card
P01553,B01496,2024-01-27,Room,Credit Card
P01554,B01497,2026-06-06,Service,UPI
P01555,B01498,2026-07-22,Room,UPI
P01556,B01499,2026-08-22,Room + Service,Credit Card
P01557,B01500,2025-10-25,Room + Service,Net Banking
P01558,B01501,2026-08-16,Service,UPI
P01559,B01502,2024-05-17,Room + Service,UPI
P01560,B01503,2024-12-25,Room + Service,UPI
P01561,B01504,2026-08-25,Room + Service,Net Banking
P01562,B01505,2025-03-08,Room + Service,Digital Wallet
P01563,B01508,2026-05-06,Room + Service,UPI
P01564,B01509,2024-05-11,Service,UPI
P01565,B01510,2025-08-18,Room,Digital Wallet
P01566,B01511,2025-12-24,Room + Service,Credit Card
P01567,B01513,2026-08-26,Room + Service,Debit Card
P01568,B01514,2024-09-14,Room,Debit Card
P01569,B01514,2024-09-29,Service,UPI
P01570,B01515,2025-03-10,Room + Service,Digital Wallet
P01571,B01516,2025-05-22,Service,Cash
P01572,B01517,2024-04-22,Room,Debit Card
P01573,B01518,2025-01-26,Room + Service,UPI
P01574,B01519,2025-12-12,Room + Service,UPI
P01575,B01520,2024-01-07,Room,Cash
P01576,B01522,2024-08-09,Service,UPI
P01577,B01524,2025-08-23,Room,Debit Card
P01578,B01525,2024-06-30,Room,Net Banking
P01579,B01526,2026-02-07,Room + Service,Net Banking
P01580,B01528,2025-10-14,Service,Credit Card
P01581,B01529,2025-11-29,Room,Credit Card
P01582,B01529,2025-10-29,Service,Net Banking
P01583,B01530,2024-10-12,Room,Digital Wallet
P01584,B01530,2024-10-18,Room,Net Banking
P01585,B01531,2025-12-11,Service,UPI
P01586,B01532,2026-04-15,Service,Net Banking
P01587,B01533,2026-07-16,Room,UPI
P01588,B01534,2025-01-21,Service,Debit Card
P01589,B01535,2025-11-21,Room,Credit Card
P01590,B01536,2024-02-02,Service,Credit Card
P01591,B01537,2024-09-06,Room,Digital Wallet
P01592,B01538,2026-08-13,Room,UPI
P01593,B01539,2025-11-27,Service,UPI
P01594,B01540,2024-09-17,Room + Service,UPI
P01595,B01541,2025-06-14,Room,Credit Card
P01596,B01542,2024-01-20,Service,UPI
P01597,B01544,2025-03-26,Room + Service,UPI
P01598,B01545,2024-06-04,Room,Debit Card
P01599,B01546,2025-04-06,Room + Service,Credit Card
P01600,B01547,2024-05-30,Service,Credit Card
P01601,B01548,2025-12-02,Room,UPI
P01602,B01549,2024-09-16,Room + Service,Debit Card
P01603,B01550,2024-01-05,Room + Service,UPI
P01604,B01551,2026-07-19,Room + Service,Net Banking
P01605,B01552,2026-01-22,Room + Service,Credit Card
P01606,B01553,2026-08-12,Service,UPI
P01607,B01554,2024-05-13,Service,Credit Card
P01608,B01555,2024-11-27,Room,UPI
P01609,B01555,2024-11-23,Room,UPI
P01610,B01556,2026-07-13,Room,Net Banking
P01611,B01557,2026-01-20,Room,Credit Card
P01612,B01558,2024-06-03,Room,UPI
P01613,B01559,2025-01-26,Room + Service,Net Banking
P01614,B01560,2025-12-15,Room,Debit Card
P01615,B01561,2024-08-30,Room + Service,UPI
P01616,B01562,2025-04-03,Room,Credit Card
P01617,B01563,2026-01-22,Room,Credit Card
P01618,B01563,2026-01-24,Room,UPI
P01619,B01565,2026-01-13,Service,UPI
P01620,B01567,2026-08-01,Service,Debit Card
P01621,B01568,2025-08-09,Room + Service,UPI
P01622,B01569,2026-01-23,Room + Service,UPI
P01623,B01570,2025-02-02,Room + Service,Credit Card
P01624,B01572,2025-04-09,Room,Credit Card
P01625,B01573,2026-06-29,Room,UPI
P01626,B01574,2026-08-03,Room + Service,UPI
P01627,B01576,2026-06-29,Room,Credit Card
P01628,B01577,2026-07-23,Room + Service,UPI
P01629,B01578,2026-03-20,Service,Credit Card
P01630,B01579,2025-12-23,Room,UPI
P01631,B01580,2026-02-26,Room,UPI
P01632,B01582,2025-02-15,Room,Net Banking
P01633,B01582,2025-01-22,Room,UPI
P01634,B01583,2024-03-30,Room + Service,Debit Card
P01635,B01584,2024-10-11,Room,Debit Card
P01636,B01584,2024-10-25,Service,Net Banking
P01637,B01585,2024-01-07,Room + Service,UPI
P01638,B01586,2025-07-13,Room,Credit Card
P01639,B01587,2024-06-15,Room + Service,UPI
P01640,B01588,2024-10-20,Room + Service,UPI
P01641,B01589,2025-04-03,Room,Credit Card
P01642,B01590,2026-01-23,Room + Service,Credit Card
P01643,B01591,2026-05-25,Room,UPI
P01644,B01592,2026-06-29,Service,Net Banking
P01645,B01593,2026-03-28,Room + Service,Credit Card
P01646,B01594,2024-04-13,Room + Service,Digital Wallet
P01647,B01595,2024-09-04,Room + Service,UPI
P01648,B01596,2026-03-27,Room + Service,Credit Card
P01649,B01598,2025-07-29,Room,Net Banking
P01650,B01599,2024-09-15,Room,UPI
P01651,B01600,2026-01-05,Room + Service,Net Banking
P01652,B01601,2025-02-06,Room + Service,Net Banking
P01653,B01602,2026-02-20,Room,UPI
P01654,B01603,2026-08-04,Room + Service,Credit Card
P01655,B01604,2024-12-18,Room + Service,Debit Card
P01656,B01605,2025-11-29,Room + Service,Debit Card
P01657,B01606,2024-08-31,Room + Service,UPI
P01658,B01607,2025-11-08,Room + Service,UPI
P01659,B01608,2024-10-26,Room,Net Banking
P01660,B01608,2024-10-23,Room,Credit Card
P01661,B01610,2026-05-02,Room,UPI
P01662,B01611,2026-06-24,Service,Credit Card
P01663,B01612,2024-02-28,Room + Service,Credit Card
P01664,B01613,2024-12-28,Room,Cash
P01665,B01613,2024-12-27,Room,Credit Card
P01666,B01615,2026-05-29,Room + Service,Debit Card
P01667,B01616,2024-03-14,Room + Service,Cash
P01668,B01617,2024-09-07,Room,Net Banking
P01669,B01617,2024-09-09,Service,Debit Card
P01670,B01618,2024-08-06,Room,Credit Card
P01671,B01619,2025-06-08,Service,UPI
P01672,B01620,2026-02-25,Room,Credit Card
P01673,B01620,2026-02-19,Service,Credit Card
P01674,B01621,2026-03-24,Room,Credit Card
P01675,B01622,2026-05-09,Room + Service,Net Banking
P01676,B01623,2026-07-29,Room + Service,UPI
P01677,B01624,2026-08-30,Room,UPI
P01678,B01625,2025-12-17,Room + Service,Credit Card
P01679,B01626,2026-02-11,Room,Credit Card
P01680,B01627,2026-06-24,Room,Credit Card
P01681,B01627,2026-06-26,Service,UPI
P01682,B01629,2024-04-23,Room,Credit Card
P01683,B01629,2024-04-21,Service,Debit Card
P01684,B01630,2025-12-28,Room + Service,Debit Card
P01685,B01631,2024-09-17,Room + Service,UPI
P01686,B01632,2025-03-16,Room,UPI
P01687,B01633,2024-11-15,Room,Credit Card
P01688,B01634,2025-07-21,Service,Digital Wallet
P01689,B01635,2024-05-16,Room + Service,Net Banking
P01690,B01636,2026-03-11,Room,UPI
P01691,B01637,2026-04-02,Room + Service,Credit Card
P01692,B01638,2026-07-31,Room,Net Banking
P01693,B01640,2025-11-26,Room,UPI
P01694,B01640,2025-11-27,Service,Debit Card
P01695,B01641,2025-11-26,Room,Credit Card
P01696,B01641,2025-12-29,Room,Credit Card
P01697,B01642,2024-01-09,Room,Credit Card
P01698,B01643,2024-03-21,Room,Digital Wallet
P01699,B01644,2025-09-29,Room + Service,Credit Card
P01700,B01645,2026-04-05,Room,Debit Card
P01701,B01646,2025-10-22,Service,UPI
P01702,B01647,2026-07-01,Room + Service,Net Banking
P01703,B01648,2026-05-09,Service,UPI
P01704,B01649,2025-06-12,Room,Credit Card
P01705,B01651,2025-12-24,Service,UPI
P01706,B01652,2026-07-07,Room + Service,Net Banking
P01707,B01655,2025-11-09,Room + Service,Digital Wallet
P01708,B01656,2026-05-05,Room,UPI
P01709,B01656,2026-05-05,Service,Cash
P01710,B01658,2026-01-11,Room + Service,Credit Card
P01711,B01662,2026-08-30,Room + Service,Debit Card
P01712,B01663,2025-12-06,Room + Service,UPI
P01713,B01664,2026-02-01,Service,Credit Card
P01714,B01666,2026-04-20,Room + Service,UPI
P01715,B01667,2025-06-06,Service,UPI
P01716,B01668,2026-03-04,Service,UPI
P01717,B01669,2025-01-23,Room + Service,Credit Card
P01718,B01670,2026-05-02,Room,UPI
P01719,B01670,2026-04-27,Service,UPI
P01720,B01671,2026-08-18,Room,Credit Card
P01721,B01672,2024-03-14,Room + Service,UPI
P01722,B01673,2025-05-03,Room + Service,Debit Card
P01723,B01674,2024-01-10,Room + Service,UPI
P01724,B01675,2025-11-09,Room + Service,UPI
P01725,B01676,2026-08-12,Room,UPI
P01726,B01677,2024-01-24,Room + Service,Credit Card
P01727,B01678,2025-12-07,Room,Debit Card
P01728,B01678,2025-11-28,Room,UPI
P01729,B01679,2024-03-01,Room,UPI
P01730,B01680,2024-07-05,Service,Debit Card
P01731,B01681,2025-09-30,Room + Service,Net Banking
P01732,B01682,2026-06-19,Room,UPI
P01733,B01682,2026-06-23,Service,UPI
P01734,B01683,2026-08-01,Room + Service,UPI
P01735,B01684,2026-08-30,Room,UPI
P01736,B01684,2026-08-30,Service,Credit Card
P01737,B01685,2026-05-21,Room + Service,UPI
P01738,B01686,2026-01-24,Room,Credit Card
P01739,B01686,2026-01-23,Service,UPI
P01740,B01687,2026-07-17,Room,Net Banking
P01741,B01688,2026-02-01,Room + Service,UPI
P01742,B01689,2025-07-12,Room + Service,Debit Card
P01743,B01691,2026-03-11,Room + Service,Credit Card
P01744,B01692,2025-09-11,Room,Debit Card
P01745,B01692,2025-08-28,Service,Credit Card
P01746,B01693,2026-06-22,Room,Credit Card
P01747,B01694,2024-10-24,Room + Service,Cash
P01748,B01695,2026-07-31,Service,UPI
P01749,B01696,2024-03-01,Room + Service,UPI
P01750,B01697,2026-03-19,Room + Service,UPI
P01751,B01698,2024-04-04,Room + Service,Net Banking
P01752,B01699,2025-04-29,Room + Service,UPI
P01753,B01700,2026-08-15,Room,Net Banking
P01754,B01701,2024-06-20,Room + Service,Net Banking
P01755,B01703,2024-12-28,Room,Digital Wallet
P01756,B01704,2025-07-08,Room,Digital Wallet
P01757,B01705,2024-03-22,Room,Credit Card
P01758,B01708,2026-04-29,Room,UPI
P01759,B01709,2026-07-13,Room,Digital Wallet
P01760,B01711,2025-10-18,Room + Service,Debit Card
P01761,B01713,2026-03-06,Room + Service,Credit Card
P01762,B01714,2026-05-31,Room,Credit Card
P01763,B01715,2024-07-10,Room,Credit Card
P01764,B01716,2026-07-09,Room,UPI
P01765,B01717,2025-05-08,Room + Service,Credit Card
P01766,B01719,2026-02-23,Room + Service,UPI
P01767,B01720,2026-07-06,Room + Service,Credit Card
P01768,B01721,2026-08-15,Room,Net Banking
P01769,B01722,2026-04-14,Room + Service,Net Banking
P01770,B01723,2026-06-02,Room + Service,Credit Card
P01771,B01724,2026-07-23,Service,Credit Card
P01772,B01725,2024-05-24,Room + Service,Net Banking
P01773,B01726,2025-12-09,Room + Service,UPI
P01774,B01728,2025-03-20,Room,Credit Card
P01775,B01728,2025-03-28,Service,Debit Card
P01776,B01729,2026-05-04,Room,Debit Card
P01777,B01730,2026-08-06,Service,UPI
P01778,B01731,2024-01-28,Room,Debit Card
P01779,B01731,2024-02-02,Room,UPI
P01780,B01732,2025-04-19,Room + Service,Net Banking
P01781,B01733,2026-02-02,Room + Service,Credit Card
P01782,B01734,2026-05-01,Room,UPI
P01783,B01734,2026-05-01,Service,Credit Card
P01784,B01735,2026-04-24,Room + Service,Credit Card
P01785,B01736,2026-08-21,Room,UPI
P01786,B01736,2026-08-24,Service,UPI
P01787,B01737,2025-08-16,Room + Service,UPI
P01788,B01738,2026-06-24,Service,Net Banking
P01789,B01739,2026-07-08,Room + Service,Credit Card
P01790,B01740,2026-08-26,Room,Credit Card
P01791,B01740,2026-08-28,Room,Debit Card
P01792,B01741,2026-05-22,Service,Net Banking
P01793,B01742,2026-07-16,Room + Service,Net Banking
P01794,B01743,2025-06-14,Room,UPI
P01795,B01744,2025-11-04,Room,Debit Card
P01796,B01745,2026-05-27,Room + Service,Credit Card
P01797,B01746,2026-08-17,Room + Service,Credit Card
P01798,B01747,2026-01-18,Room,Cash
P01799,B01747,2026-01-19,Room,UPI
P01800,B01749,2026-04-10,Room,Credit Card
P01801,B01749,2026-04-07,Service,Credit Card
P01802,B01750,2026-07-24,Room + Service,UPI
P01803,B01751,2024-09-01,Room + Service,Credit Card
P01804,B01752,2025-11-26,Room + Service,Cash
P01805,B01753,2026-07-19,Room + Service,UPI
P01806,B01754,2026-06-25,Service,Net Banking
P01807,B01755,2026-08-12,Room,UPI
P01808,B01755,2026-08-10,Service,Credit Card
P01809,B01756,2024-06-02,Room,UPI
P01810,B01757,2024-12-06,Room + Service,Credit Card
P01811,B01758,2026-04-11,Room + Service,UPI
P01812,B01759,2026-08-05,Room,UPI
P01813,B01759,2026-08-18,Service,UPI
P01814,B01760,2024-03-14,Service,UPI
P01815,B01761,2026-03-09,Room + Service,UPI
P01816,B01762,2024-06-19,Service,UPI
P01817,B01763,2025-03-02,Room + Service,Credit Card
P01818,B01764,2026-01-13,Room + Service,UPI
P01819,B01766,2026-01-30,Room,UPI
P01820,B01766,2026-01-19,Room,UPI
P01821,B01769,2026-03-03,Service,Credit Card
P01822,B01770,2026-03-30,Room + Service,UPI
P01823,B01771,2024-02-16,Room,UPI
P01824,B01772,2026-01-15,Room + Service,Credit Card
P01825,B01773,2024-01-07,Room,UPI
P01826,B01774,2025-04-06,Room,UPI
P01827,B01775,2025-11-21,Room,Credit Card
P01828,B01775,2025-11-28,Service,Credit Card
P01829,B01776,2024-06-24,Room + Service,UPI
P01830,B01777,2024-12-11,Room,UPI
P01831,B01778,2026-03-13,Room + Service,Cash
P01832,B01779,2026-08-21,Room + Service,Credit Card
P01833,B01781,2024-06-06,Room,Cash
P01834,B01781,2024-06-07,Service,Credit Card
P01835,B01782,2026-07-21,Room + Service,Net Banking
P01836,B01783,2025-10-14,Room,Credit Card
P01837,B01784,2026-07-05,Room,Credit Card
P01838,B01785,2026-08-20,Room + Service,Net Banking
P01839,B01787,2026-08-24,Room,Debit Card
P01840,B01788,2025-02-05,Room,Net Banking
P01841,B01789,2025-05-25,Room,UPI
P01842,B01789,2025-06-09,Room,Credit Card
P01843,B01790,2024-12-06,Service,Debit Card
P01844,B01791,2026-01-12,Room,UPI
P01845,B01792,2025-12-11,Room + Service,Net Banking
P01846,B01793,2026-06-24,Room + Service,UPI
P01847,B01794,2025-10-05,Room + Service,UPI
P01848,B01795,2025-12-01,Service,Cash
P01849,B01796,2026-06-23,Room,Credit Card
P01850,B01796,2026-06-28,Room,Debit Card
P01851,B01797,2024-06-04,Room + Service,Debit Card
P01852,B01798,2024-11-23,Room + Service,UPI
P01853,B01799,2026-05-16,Room,Credit Card
P01854,B01800,2026-06-11,Room,Credit Card
P01855,B01800,2026-07-08,Service,UPI
P01856,B01801,2024-11-02,Room,Credit Card
P01857,B01802,2026-06-21,Room,Credit Card
P01858,B01803,2026-02-02,Room + Service,Credit Card
P01859,B01804,2026-03-01,Room + Service,UPI
P01860,B01805,2026-03-22,Service,Credit Card
P01861,B01807,2025-11-20,Room + Service,Credit Card
P01862,B01808,2024-09-26,Room + Service,UPI
P01863,B01809,2025-12-23,Room + Service,UPI
P01864,B01810,2026-05-13,Service,Credit Card
P01865,B01811,2024-08-25,Room + Service,UPI
P01866,B01812,2025-06-02,Room,UPI
P01867,B01813,2026-03-27,Room,UPI
P01868,B01814,2025-11-19,Room + Service,Debit Card
P01869,B01815,2026-02-25,Service,Credit Card
P01870,B01816,2026-03-06,Room + Service,Credit Card
P01871,B01817,2026-05-31,Room + Service,Credit Card
P01872,B01818,2024-07-22,Room,Digital Wallet
P01873,B01818,2024-07-23,Service,Debit Card
P01874,B01819,2025-07-11,Service,Cash
P01875,B01820,2024-10-31,Room,Digital Wallet
P01876,B01820,2024-10-31,Service,Net Banking
P01877,B01821,2025-08-18,Room,Credit Card
P01878,B01822,2026-07-30,Room,Credit Card
P01879,B01822,2026-08-04,Service,Credit Card
P01880,B01823,2025-01-24,Room + Service,Cash
P01881,B01824,2025-04-14,Room + Service,UPI
P01882,B01825,2026-07-09,Room,Debit Card
P01883,B01825,2026-07-07,Service,Debit Card
P01884,B01826,2026-08-27,Room,UPI
P01885,B01827,2025-01-24,Room,UPI
P01886,B01827,2025-01-29,Service,Net Banking
P01887,B01828,2025-03-14,Room,Digital Wallet
P01888,B01830,2026-08-27,Room,Digital Wallet
P01889,B01831,2025-10-04,Room + Service,UPI
P01890,B01833,2025-09-05,Room,Debit Card
P01891,B01833,2025-09-25,Service,Digital Wallet
P01892,B01834,2025-11-14,Room + Service,UPI
P01893,B01835,2025-11-01,Room + Service,Credit Card
P01894,B01836,2025-09-11,Room + Service,UPI
P01895,B01837,2026-05-07,Room + Service,Credit Card
P01896,B01838,2025-10-11,Room + Service,UPI
P01897,B01840,2026-01-12,Room + Service,UPI
P01898,B01841,2025-01-23,Room + Service,UPI
P01899,B01842,2025-06-17,Room + Service,UPI
P01900,B01843,2025-12-14,Room,UPI
P01901,B01845,2024-12-22,Room,Cash
P01902,B01845,2024-12-23,Room,Cash
P01903,B01846,2026-05-03,Room + Service,Digital Wallet
P01904,B01847,2025-06-16,Service,Credit Card
P01905,B01848,2025-11-18,Service,UPI
P01906,B01849,2025-07-27,Room,Debit Card
P01907,B01849,2025-07-28,Service,Debit Card
P01908,B01850,2025-12-03,Room,UPI
P01909,B01852,2024-10-08,Room + Service,UPI
P01910,B01853,2025-01-07,Room,Net Banking
P01911,B01854,2026-06-12,Room,Digital Wallet
P01912,B01854,2026-06-01,Room,UPI
P01913,B01855,2026-07-31,Room,Credit Card
P01914,B01856,2024-03-12,Room + Service,Credit Card
P01915,B01858,2025-04-07,Service,Net Banking
P01916,B01859,2025-04-07,Service,Debit Card
P01917,B01860,2024-07-20,Room,Net Banking
P01918,B01861,2025-08-05,Room + Service,UPI
P01919,B01862,2026-03-20,Room,Net Banking
P01920,B01863,2024-05-15,Room,Credit Card
P01921,B01864,2024-02-01,Room,Debit Card
P01922,B01864,2024-02-01,Service,UPI
P01923,B01865,2024-09-26,Room + Service,UPI
P01924,B01866,2025-12-31,Room + Service,Credit Card
P01925,B01867,2026-04-16,Room + Service,Credit Card
P01926,B01868,2026-07-15,Room + Service,Net Banking
P01927,B01871,2025-04-21,Room + Service,Cash
P01928,B01873,2025-01-04,Room + Service,Debit Card
P01929,B01874,2025-06-01,Room,Credit Card
P01930,B01875,2026-03-27,Room + Service,UPI
P01931,B01876,2026-05-21,Room,Credit Card
P01932,B01877,2026-07-02,Service,UPI
P01933,B01878,2025-01-21,Service,Debit Card
P01934,B01879,2025-08-25,Room,UPI
P01935,B01879,2025-08-06,Service,UPI
P01936,B01880,2025-12-26,Service,Digital Wallet
P01937,B01882,2026-08-02,Room,Net Banking
P01938,B01882,2026-08-05,Room,Net Banking
P01939,B01883,2024-08-26,Room,UPI
P01940,B01884,2024-10-02,Service,Digital Wallet
P01941,B01885,2024-11-22,Room,Net Banking
P01942,B01886,2024-08-26,Room,Credit Card
P01943,B01887,2024-12-02,Room,Credit Card
P01944,B01887,2024-12-05,Service,UPI
P01945,B01888,2025-10-09,Room,Credit Card
P01946,B01888,2025-09-20,Service,Credit Card
P01947,B01889,2024-11-04,Room,UPI
P01948,B01889,2024-11-22,Service,UPI
P01949,B01891,2025-08-24,Room + Service,Cash
P01950,B01892,2026-04-03,Service,Debit Card
P01951,B01893,2026-06-14,Room,Debit Card
P01952,B01894,2025-02-04,Room + Service,UPI
P01953,B01895,2024-01-25,Service,Credit Card
P01954,B01896,2026-04-02,Room + Service,Debit Card
P01955,B01897,2026-07-07,Room + Service,UPI
P01956,B01898,2025-11-08,Room + Service,Debit Card
P01957,B01899,2025-09-23,Room + Service,Credit Card
P01958,B01900,2025-02-21,Service,Net Banking
P01959,B01901,2026-06-10,Room,Credit Card
P01960,B01902,2026-07-16,Service,UPI
P01961,B01903,2026-04-17,Room,UPI
P01962,B01903,2026-04-14,Room,Debit Card
P01963,B01904,2026-07-29,Room,Digital Wallet
P01964,B01905,2024-05-10,Service,Debit Card
P01965,B01906,2026-06-04,Room + Service,Credit Card
P01966,B01907,2025-10-23,Service,Debit Card
P01967,B01908,2026-07-22,Room,Credit Card
P01968,B01909,2026-08-28,Room + Service,Credit Card
P01969,B01910,2026-04-27,Room + Service,Debit Card
P01970,B01911,2026-08-01,Room,Credit Card
P01971,B01911,2026-08-02,Service,Net Banking
P01972,B01912,2026-08-07,Room,Credit Card
P01973,B01913,2025-03-14,Room,UPI
P01974,B01914,2025-07-04,Room,UPI
P01975,B01916,2026-08-14,Room + Service,UPI
P01976,B01917,2024-11-29,Room + Service,Credit Card
P01977,B01918,2026-02-23,Room,Digital Wallet
P01978,B01919,2024-01-26,Room + Service,Debit Card
P01979,B01921,2025-01-20,Room + Service,UPI
P01980,B01922,2026-03-16,Room,UPI
P01981,B01922,2026-03-08,Room,Debit Card
P01982,B01923,2025-12-08,Room,UPI
P01983,B01924,2026-07-10,Service,UPI
P01984,B01925,2026-07-20,Room + Service,Net Banking
P01985,B01926,2025-10-10,Room,UPI
P01986,B01926,2025-10-08,Service,UPI
P01987,B01927,2026-05-16,Room + Service,Debit Card
P01988,B01928,2026-08-29,Room,UPI
P01989,B01929,2025-04-11,Room + Service,Digital Wallet
P01990,B01930,2025-05-07,Room + Service,Debit Card
P01991,B01931,2025-10-04,Room + Service,Credit Card
P01992,B01934,2025-02-21,Room,Net Banking
P01993,B01934,2025-03-07,Room,Net Banking
P01994,B01935,2025-10-19,Room,UPI
P01995,B01936,2026-05-16,Room,UPI
P01996,B01936,2026-05-17,Service,Net Banking
P01997,B01937,2024-09-11,Room,UPI
P01998,B01938,2026-03-29,Room + Service,UPI
P01999,B01939,2026-05-30,Room + Service,Credit Card
P02000,B01940,2026-07-05,Room,Credit Card
P02001,B01941,2025-05-05,Room,Credit Card
P02002,B01942,2026-07-08,Service,Debit Card
P02003,B01943,2024-12-07,Room + Service,UPI
P02004,B01944,2026-06-15,Room + Service,UPI
P02005,B01945,2026-05-10,Room,Debit Card
P02006,B01946,2026-08-22,Room,Digital Wallet
P02007,B01946,2026-08-25,Service,Net Banking
P02008,B01947,2026-03-13,Room + Service,UPI
P02009,B01948,2026-05-22,Room + Service,Net Banking
P02010,B01949,2025-07-08,Service,Net Banking
P02011,B01950,2026-05-15,Room,Credit Card
P02012,B01951,2026-08-14,Room,UPI
P02013,B01952,2025-01-16,Room + Service,UPI
P02014,B01953,2025-03-11,Room + Service,UPI
P02015,B01954,2026-03-26,Service,Net Banking
P02016,B01955,2025-01-05,Room,UPI
P02017,B01956,2025-02-15,Room + Service,UPI
P02018,B01957,2026-06-07,Room + Service,Debit Card
P02019,B01958,2026-01-29,Service,UPI
P02020,B01959,2026-02-14,Room + Service,Debit Card
P02021,B01960,2024-11-07,Room,Credit Card
P02022,B01960,2024-11-08,Room,UPI
P02023,B01962,2025-06-22,Service,Digital Wallet
P02024,B01963,2026-08-13,Room,UPI
P02025,B01963,2026-08-13,Room,Credit Card
P02026,B01964,2025-07-20,Room,UPI
P02027,B01965,2025-01-10,Room + Service,Digital Wallet
P02028,B01966,2025-09-16,Room,UPI
P02029,B01967,2026-01-26,Service,UPI
P02030,B01968,2024-08-01,Service,Credit Card
P02031,B01969,2025-10-19,Room,Credit Card
P02032,B01969,2025-10-18,Room,Credit Card
P02033,B01970,2025-04-23,Room,Debit Card
P02034,B01971,2025-12-15,Room + Service,Net Banking
P02035,B01972,2026-04-12,Room,Debit Card
P02036,B01973,2026-05-17,Room,UPI
P02037,B01975,2026-08-07,Room,UPI
P02038,B01975,2026-08-06,Room,UPI
P02039,B01977,2024-08-27,Room,UPI
P02040,B01978,2024-12-31,Room + Service,UPI
P02041,B01979,2024-03-20,Room,Digital Wallet
P02042,B01980,2024-10-20,Room + Service,Net Banking
P02043,B01981,2025-03-01,Room + Service,Net Banking
P02044,B01982,2024-06-21,Service,Credit Card
P02045,B01983,2026-01-05,Room,Credit Card
P02046,B01984,2026-04-17,Room,Net Banking
P02047,B01984,2026-04-19,Service,Net Banking
P02048,B01985,2024-03-16,Room + Service,UPI
P02049,B01986,2025-04-01,Room + Service,Cash
P02050,B01987,2024-09-18,Room + Service,Credit Card
P02051,B01988,2026-04-20,Room,Credit Card
P02052,B01988,2026-04-19,Service,Net Banking
P02053,B01989,2026-06-17,Room + Service,Credit Card
P02054,B01991,2025-03-08,Room,UPI
P02055,B01992,2026-07-21,Room + Service,Credit Card
P02056,B01993,2026-08-08,Room,Debit Card
P02057,B01994,2025-07-21,Room + Service,Net Banking
P02058,B01995,2024-05-23,Service,Net Banking
P02059,B01996,2026-02-05,Room,Digital Wallet
P02060,B01997,2025-08-27,Room + Service,Cash
P02061,B01998,2026-08-10,Room + Service,Net Banking
P02062,B02000,2025-11-29,Room + Service,Credit Card
P02063,B02001,2026-03-24,Room,Digital Wallet
P02064,B02001,2026-03-22,Service,Debit Card
P02065,B02002,2026-05-17,Room + Service,Credit Card
P02066,B02003,2026-01-20,Room + Service,Debit Card
P02067,B02004,2026-04-28,Room,Debit Card
P02068,B02004,2026-04-28,Service,UPI
P02069,B02005,2026-06-20,Room + Service,Credit Card
P02070,B02006,2025-09-01,Service,Credit Card
P02071,B02008,2026-01-17,Service,UPI
P02072,B02009,2024-03-19,Service,UPI
P02073,B02010,2025-04-06,Room,Net Banking
P02074,B02011,2026-07-18,Room + Service,Net Banking
P02075,B02012,2026-08-27,Room + Service,UPI
P02076,B02013,2025-08-15,Room,UPI
P02077,B02014,2026-01-02,Room,Net Banking
P02078,B02015,2026-06-01,Room,Credit Card
P02079,B02015,2026-06-05,Room,Debit Card
P02080,B02016,2024-11-14,Room,UPI
P02081,B02017,2026-03-13,Room,UPI
P02082,B02017,2026-03-05,Service,Credit Card
P02083,B02018,2024-09-14,Room + Service,Net Banking
P02084,B02019,2025-04-30,Room,Credit Card
P02085,B02019,2025-05-04,Room,Credit Card
P02086,B02020,2025-08-20,Room,Credit Card
P02087,B02022,2024-09-18,Room,UPI
P02088,B02023,2026-05-18,Room + Service,UPI
P02089,B02024,2024-12-17,Room + Service,Cash
P02090,B02025,2026-07-31,Room + Service,Net Banking
P02091,B02026,2024-02-24,Room,Net Banking
P02092,B02027,2024-04-11,Room,Credit Card
P02093,B02028,2026-03-13,Room + Service,UPI
P02094,B02029,2025-02-11,Service,UPI
P02095,B02030,2026-01-09,Room,Net Banking
P02096,B02031,2025-05-18,Room + Service,Credit Card
P02097,B02032,2026-01-30,Room + Service,Cash
P02098,B02034,2026-08-19,Room + Service,UPI
P02099,B02035,2025-09-22,Room + Service,Net Banking
P02100,B02036,2024-11-10,Room + Service,Credit Card
P02101,B02038,2026-02-07,Room,UPI
P02102,B02038,2026-02-04,Room,Credit Card
P02103,B02039,2025-01-29,Room,Net Banking
P02104,B02040,2025-05-21,Room + Service,UPI
P02105,B02041,2026-07-10,Room,Debit Card
P02106,B02042,2026-08-24,Room,Net Banking
P02107,B02043,2024-05-14,Room,Cash
P02108,B02045,2026-05-23,Room,UPI
P02109,B02046,2025-04-07,Room,UPI
P02110,B02046,2025-04-12,Room,Credit Card
P02111,B02047,2026-03-18,Room + Service,UPI
P02112,B02048,2026-06-22,Service,UPI
P02113,B02049,2025-10-13,Service,Net Banking
P02114,B02050,2026-03-11,Service,Net Banking
P02115,B02051,2026-05-11,Room + Service,UPI
P02116,B02052,2026-07-21,Room,Net Banking
P02117,B02053,2024-03-03,Room + Service,Credit Card
P02118,B02054,2026-02-23,Room + Service,UPI
P02119,B02055,2026-05-15,Room,UPI
P02120,B02056,2025-04-15,Room + Service,Debit Card
P02121,B02057,2025-09-16,Room + Service,UPI
P02122,B02058,2026-01-21,Service,Credit Card
P02123,B02059,2026-08-08,Room + Service,Debit Card
P02124,B02060,2024-07-06,Room + Service,Debit Card
P02125,B02061,2024-11-13,Room + Service,UPI
P02126,B02062,2025-01-12,Room,Cash
P02127,B02065,2026-01-04,Room,Credit Card
P02128,B02065,2025-12-26,Room,Debit Card
P02129,B02066,2026-07-19,Room + Service,UPI
P02130,B02067,2024-04-04,Room,Debit Card
P02131,B02067,2024-04-03,Room,UPI
P02132,B02068,2025-02-06,Room,UPI
P02133,B02069,2026-02-27,Room,UPI
P02134,B02070,2024-02-09,Service,Credit Card
P02135,B02071,2026-02-01,Room + Service,Digital Wallet
P02136,B02072,2026-06-23,Room + Service,Net Banking
P02137,B02073,2024-10-29,Room + Service,UPI
P02138,B02074,2025-12-10,Room,UPI
P02139,B02075,2025-09-08,Room + Service,Debit Card
P02140,B02078,2026-08-14,Room,Credit Card
P02141,B02079,2026-04-08,Service,Net Banking
P02142,B02080,2026-07-13,Room,Net Banking
P02143,B02081,2026-03-31,Room,Net Banking
P02144,B02083,2024-07-29,Room + Service,UPI
P02145,B02084,2024-01-08,Room,UPI
P02146,B02084,2024-01-06,Service,Credit Card
P02147,B02085,2026-08-14,Room + Service,Net Banking
P02148,B02086,2026-08-26,Room + Service,Credit Card
P02149,B02087,2024-06-29,Room,UPI
P02150,B02088,2026-03-10,Room + Service,Debit Card
P02151,B02089,2025-04-03,Room,UPI
P02152,B02089,2025-03-27,Service,Credit Card
P02153,B02090,2026-02-26,Room,Net Banking
P02154,B02091,2026-07-31,Room + Service,Credit Card
P02155,B02092,2025-02-02,Room + Service,Credit Card
P02156,B02093,2025-03-18,Room,Net Banking
P02157,B02095,2026-07-26,Room,UPI
P02158,B02095,2026-07-17,Service,UPI
P02159,B02097,2025-01-08,Room,Credit Card
P02160,B02098,2026-01-11,Room + Service,Credit Card
P02161,B02101,2026-06-22,Room,UPI
P02162,B02102,2026-08-12,Room + Service,Digital Wallet
P02163,B02103,2026-01-09,Room + Service,Net Banking
P02164,B02104,2026-03-17,Room,Net Banking
P02165,B02105,2026-07-16,Service,UPI
P02166,B02106,2024-10-08,Room,Credit Card
P02167,B02107,2026-03-20,Room,UPI
P02168,B02108,2026-07-25,Room + Service,Credit Card
P02169,B02109,2026-08-22,Room + Service,UPI
P02170,B02110,2025-01-11,Room,UPI
P02171,B02111,2024-02-21,Service,UPI
P02172,B02113,2024-04-05,Room,Debit Card
P02173,B02113,2024-04-03,Service,UPI
P02174,B02114,2025-04-29,Room,Credit Card
P02175,B02114,2025-05-03,Service,UPI
P02176,B02115,2026-04-09,Room + Service,Credit Card
P02177,B02116,2025-09-01,Room,Credit Card
P02178,B02116,2025-08-30,Room,Cash
P02179,B02118,2025-04-27,Room,Debit Card
P02180,B02119,2025-10-17,Service,Credit Card
P02181,B02120,2025-10-05,Room,UPI
P02182,B02121,2026-08-17,Room + Service,UPI
P02183,B02122,2024-09-11,Room,Net Banking
P02184,B02124,2025-08-01,Room + Service,Debit Card
P02185,B02125,2025-03-10,Room,UPI
P02186,B02127,2025-11-22,Room + Service,UPI
P02187,B02128,2025-12-29,Room + Service,UPI
P02188,B02129,2025-04-22,Room + Service,UPI
P02189,B02130,2025-11-18,Room,Credit Card
P02190,B02130,2025-11-27,Service,UPI
P02191,B02131,2026-02-15,Room + Service,Credit Card
P02192,B02132,2026-08-20,Room,UPI
P02193,B02134,2025-02-07,Service,Net Banking
P02194,B02135,2025-05-10,Service,UPI
P02195,B02136,2026-03-19,Room + Service,Net Banking
P02196,B02137,2025-11-12,Service,Debit Card
P02197,B02138,2025-08-17,Room + Service,Debit Card
P02198,B02139,2025-11-05,Room + Service,Debit Card
P02199,B02140,2026-01-19,Room + Service,UPI
P02200,B02141,2026-06-15,Room + Service,UPI
P02201,B02142,2026-06-12,Room + Service,Credit Card
P02202,B02143,2026-08-05,Room + Service,UPI
P02203,B02144,2024-09-12,Room + Service,UPI
P02204,B02145,2024-05-22,Room,Credit Card
P02205,B02146,2025-07-04,Service,Credit Card
P02206,B02147,2026-02-12,Room,Credit Card
P02207,B02147,2026-02-14,Room,Credit Card
P02208,B02148,2026-07-29,Room,UPI
P02209,B02149,2026-08-05,Room,Net Banking
P02210,B02149,2026-08-06,Service,UPI
P02211,B02150,2024-03-14,Room + Service,Credit Card
P02212,B02152,2025-07-03,Room + Service,Net Banking
P02213,B02153,2026-07-31,Room + Service,UPI
P02214,B02154,2024-04-12,Room,UPI
P02215,B02154,2024-04-14,Room,UPI
P02216,B02155,2026-01-04,Room,Debit Card
P02217,B02156,2026-05-29,Room + Service,UPI
P02218,B02157,2025-06-12,Room + Service,Credit Card
P02219,B02158,2026-02-25,Room + Service,UPI
P02220,B02159,2026-08-25,Room,Credit Card
P02221,B02159,2026-08-17,Service,Credit Card
P02222,B02160,2025-09-24,Room + Service,Credit Card
P02223,B02161,2026-06-13,Room,UPI
P02224,B02162,2026-08-14,Room,Debit Card
P02225,B02163,2024-03-04,Room,Credit Card
P02226,B02164,2025-01-05,Room + Service,Net Banking
P02227,B02165,2025-01-13,Service,Net Banking
P02228,B02166,2025-05-03,Room + Service,UPI
P02229,B02167,2025-07-07,Room + Service,Net Banking
P02230,B02168,2026-07-16,Room + Service,UPI
P02231,B02169,2026-07-01,Room + Service,Credit Card
P02232,B02170,2024-09-23,Room,Debit Card
P02233,B02171,2025-02-25,Room + Service,Credit Card
P02234,B02172,2024-11-16,Room,Net Banking
P02235,B02172,2024-11-14,Service,Cash
P02236,B02173,2025-11-27,Service,UPI
P02237,B02174,2026-01-27,Room + Service,Cash
P02238,B02175,2024-07-10,Room,Debit Card
P02239,B02176,2026-06-18,Room + Service,UPI
P02240,B02177,2025-07-18,Room,Credit Card
P02241,B02177,2025-07-18,Service,Net Banking
P02242,B02178,2024-06-01,Room,UPI
P02243,B02179,2024-07-14,Room,Credit Card
P02244,B02180,2025-10-02,Room + Service,Debit Card
P02245,B02182,2026-07-31,Room,UPI
P02246,B02182,2026-08-10,Service,Debit Card
P02247,B02183,2025-10-29,Room,Credit Card
P02248,B02183,2025-11-05,Service,Credit Card
P02249,B02184,2026-01-10,Room + Service,UPI
P02250,B02185,2026-03-20,Room + Service,Net Banking
P02251,B02186,2024-02-06,Room + Service,Cash
P02252,B02187,2024-10-04,Room + Service,UPI
P02253,B02188,2025-03-27,Room + Service,UPI
P02254,B02189,2024-06-21,Room,Net Banking
P02255,B02190,2026-01-24,Room + Service,Digital Wallet
P02256,B02191,2026-07-26,Room,Debit Card
P02257,B02192,2026-03-04,Room + Service,Credit Card
P02258,B02193,2026-07-03,Room,Debit Card
P02259,B02193,2026-07-21,Service,Net Banking
P02260,B02194,2026-07-27,Room + Service,UPI
P02261,B02195,2026-03-10,Room + Service,Credit Card
P02262,B02196,2026-06-17,Room,Credit Card
P02263,B02197,2025-02-22,Room + Service,Net Banking
P02264,B02198,2025-07-28,Room,UPI
P02265,B02199,2025-11-22,Room + Service,UPI
P02266,B02200,2025-08-27,Room,Debit Card
P02267,B02201,2025-11-20,Service,Net Banking
P02268,B02202,2024-04-11,Service,UPI
P02269,B02203,2024-06-11,Service,Credit Card
P02270,B02204,2024-08-20,Service,UPI
P02271,B02205,2024-07-12,Service,Credit Card
P02272,B02206,2025-07-01,Room,Debit Card
P02273,B02207,2024-03-26,Room,Net Banking
P02274,B02207,2024-03-25,Service,Credit Card
P02275,B02208,2025-03-26,Room,Credit Card
P02276,B02209,2025-10-07,Room,Debit Card
P02277,B02209,2025-09-18,Service,Debit Card
P02278,B02210,2026-06-10,Room + Service,Credit Card
P02279,B02211,2026-08-03,Room + Service,Net Banking
P02280,B02212,2024-02-12,Room,Debit Card
P02281,B02212,2024-02-14,Service,UPI
P02282,B02213,2025-06-06,Service,Credit Card
P02283,B02214,2025-10-25,Room + Service,Net Banking
P02284,B02215,2025-12-30,Room,Credit Card
P02285,B02216,2026-08-21,Room,UPI
P02286,B02218,2025-04-27,Room + Service,Debit Card
P02287,B02220,2026-07-08,Room + Service,Credit Card
P02288,B02221,2026-03-21,Room + Service,UPI
P02289,B02222,2026-07-10,Room,UPI
P02290,B02223,2026-08-24,Room + Service,Credit Card
P02291,B02224,2026-03-06,Room,UPI
P02292,B02225,2025-07-17,Room + Service,Net Banking
P02293,B02228,2026-08-14,Room,Credit Card
P02294,B02229,2024-10-09,Room + Service,Credit Card
P02295,B02230,2024-12-04,Service,UPI
P02296,B02231,2025-06-23,Service,UPI
P02297,B02232,2025-05-15,Room,Net Banking
P02298,B02233,2025-12-22,Room,Net Banking
P02299,B02235,2026-06-14,Room + Service,UPI
P02300,B02236,2026-02-04,Room,UPI
P02301,B02237,2026-05-31,Room + Service,UPI
P02302,B02238,2025-10-17,Room + Service,Digital Wallet
P02303,B02239,2026-07-22,Room + Service,UPI
P02304,B02240,2024-04-28,Room + Service,UPI
P02305,B02241,2026-07-21,Room + Service,Debit Card
P02306,B02242,2025-06-22,Room,UPI
P02307,B02243,2026-02-28,Service,Credit Card
P02308,B02244,2026-01-13,Room + Service,UPI
P02309,B02245,2026-08-01,Room,Credit Card
P02310,B02245,2026-08-07,Service,UPI
P02311,B02247,2025-06-09,Room,Debit Card
P02312,B02248,2026-07-31,Room + Service,Credit Card
P02313,B02249,2024-07-26,Room,Net Banking
P02314,B02250,2025-09-21,Room,Digital Wallet
P02315,B02251,2024-10-21,Room + Service,UPI
P02316,B02252,2024-06-05,Room,Net Banking
P02317,B02255,2026-08-15,Room,Credit Card
P02318,B02255,2026-08-20,Service,Credit Card
P02319,B02256,2026-04-27,Room,Debit Card
P02320,B02258,2026-08-19,Room + Service,UPI
P02321,B02260,2026-04-24,Room,Debit Card
P02322,B02262,2025-02-24,Room,Net Banking
P02323,B02263,2024-10-23,Room + Service,Credit Card
P02324,B02265,2026-04-21,Room,Credit Card
P02325,B02265,2026-04-14,Room,UPI
P02326,B02266,2026-04-11,Room + Service,Cash
P02327,B02267,2026-07-19,Room,Net Banking
P02328,B02268,2026-08-09,Service,UPI
P02329,B02269,2024-01-24,Room,UPI
P02330,B02269,2024-01-21,Service,UPI
P02331,B02270,2026-06-17,Room + Service,Net Banking
P02332,B02271,2026-07-29,Service,Net Banking
P02333,B02272,2024-07-07,Room + Service,Net Banking
P02334,B02273,2025-01-11,Room,Credit Card
P02335,B02274,2024-02-08,Room + Service,Credit Card
P02336,B02275,2026-03-18,Room,Net Banking
P02337,B02277,2025-09-12,Room + Service,Credit Card
P02338,B02278,2025-11-23,Service,UPI
P02339,B02279,2026-04-14,Room + Service,Credit Card
P02340,B02280,2026-05-15,Room,Credit Card
P02341,B02281,2025-02-16,Room + Service,UPI
P02342,B02282,2025-03-21,Room + Service,Net Banking
P02343,B02283,2026-08-12,Room + Service,UPI
P02344,B02284,2024-01-07,Room,UPI
P02345,B02284,2024-01-04,Service,UPI
P02346,B02285,2026-06-01,Room + Service,Debit Card
P02347,B02286,2025-05-12,Room,Digital Wallet
P02348,B02286,2025-05-05,Service,Net Banking
P02349,B02288,2024-10-15,Room,UPI
P02350,B02289,2024-01-09,Room + Service,Credit Card
P02351,B02290,2025-07-29,Room + Service,UPI
P02352,B02291,2024-11-14,Room,UPI
P02353,B02292,2024-01-03,Room,UPI
P02354,B02293,2025-11-03,Room,Debit Card
P02355,B02294,2026-02-27,Room,Digital Wallet
P02356,B02294,2026-02-24,Service,Debit Card
P02357,B02295,2026-06-21,Room,Credit Card
P02358,B02295,2026-06-24,Service,UPI
P02359,B02296,2026-08-08,Room,UPI
P02360,B02297,2024-02-26,Room + Service,Net Banking
P02361,B02298,2024-05-23,Room,UPI
P02362,B02298,2024-05-17,Service,Debit Card
P02363,B02299,2024-11-13,Room,UPI
P02364,B02299,2024-12-16,Service,Credit Card
P02365,B02300,2024-04-15,Room,Credit Card
P02366,B02301,2025-12-09,Room + Service,Credit Card
P02367,B02304,2024-12-11,Room,Debit Card
P02368,B02306,2025-07-03,Room + Service,Digital Wallet
P02369,B02307,2026-05-05,Room,Debit Card
P02370,B02309,2025-12-05,Room + Service,UPI
P02371,B02310,2026-05-31,Service,UPI
P02372,B02311,2026-07-03,Room,Credit Card
P02373,B02311,2026-07-06,Service,Credit Card
P02374,B02313,2025-04-16,Service,Credit Card
P02375,B02314,2024-02-22,Room + Service,UPI
P02376,B02315,2025-11-24,Room + Service,UPI
P02377,B02316,2024-01-07,Room + Service,Credit Card
P02378,B02317,2025-10-10,Room + Service,Debit Card
P02379,B02318,2025-04-06,Room + Service,UPI
P02380,B02319,2026-07-08,Room + Service,Net Banking
P02381,B02320,2026-08-17,Room,Credit Card
P02382,B02321,2024-11-16,Room + Service,UPI
P02383,B02322,2026-07-20,Room + Service,Net Banking
P02384,B02323,2025-02-23,Room + Service,Digital Wallet
P02385,B02324,2025-11-16,Room,UPI
P02386,B02325,2026-07-19,Room + Service,Cash
P02387,B02326,2026-08-18,Room,Credit Card
P02388,B02326,2026-08-27,Room,Debit Card
P02389,B02327,2026-06-18,Room,Credit Card
P02390,B02329,2024-08-31,Room + Service,Cash
P02391,B02332,2025-01-01,Room + Service,Credit Card
P02392,B02333,2025-03-17,Room + Service,UPI
P02393,B02334,2024-02-07,Room,Credit Card
P02394,B02335,2024-03-11,Room,Net Banking
P02395,B02336,2026-03-17,Room,Digital Wallet
P02396,B02337,2026-07-01,Room,Credit Card
P02397,B02338,2026-08-09,Room,UPI
P02398,B02339,2025-10-22,Room,UPI
P02399,B02340,2024-07-02,Room,Credit Card
P02400,B02341,2024-11-03,Room + Service,UPI
P02401,B02342,2026-08-22,Service,UPI
P02402,B02343,2025-09-15,Service,Credit Card
P02403,B02344,2024-10-09,Room + Service,UPI
P02404,B02345,2026-04-11,Room,Credit Card
P02405,B02345,2026-03-08,Service,Credit Card
P02406,B02346,2024-11-13,Room + Service,UPI
P02407,B02349,2025-07-09,Room,Digital Wallet
P02408,B02350,2025-02-21,Room,UPI
P02409,B02350,2025-02-15,Service,UPI
P02410,B02351,2025-12-09,Room + Service,UPI
P02411,B02353,2026-04-01,Room + Service,Net Banking
P02412,B02354,2026-05-22,Room,Cash
P02413,B02354,2026-05-23,Service,Net Banking
P02414,B02355,2026-08-12,Room,Debit Card
P02415,B02355,2026-08-23,Service,UPI
P02416,B02356,2026-07-05,Room + Service,Net Banking
P02417,B02357,2026-07-18,Room + Service,UPI
P02418,B02358,2026-08-27,Service,Credit Card
P02419,B02359,2025-04-13,Room,UPI
P02420,B02360,2025-10-15,Service,Credit Card
P02421,B02361,2026-04-13,Room,Credit Card
P02422,B02361,2026-04-07,Service,UPI
P02423,B02362,2026-06-30,Room + Service,Cash
P02424,B02363,2024-12-15,Service,UPI
P02425,B02364,2025-05-24,Room + Service,UPI
P02426,B02365,2024-09-09,Room,Net Banking
P02427,B02366,2025-05-03,Room + Service,Net Banking
P02428,B02367,2026-06-22,Room,Net Banking
P02429,B02368,2026-07-31,Room,Net Banking
P02430,B02369,2026-06-02,Room + Service,UPI
P02431,B02370,2024-11-20,Room + Service,UPI
P02432,B02371,2025-06-07,Room,Credit Card
P02433,B02372,2025-04-13,Room,Net Banking
P02434,B02372,2025-04-09,Room,UPI
P02435,B02373,2025-10-23,Room + Service,Net Banking
P02436,B02374,2024-12-20,Room + Service,Net Banking
P02437,B02375,2025-01-22,Room,Debit Card
P02438,B02375,2025-01-31,Service,Net Banking
P02439,B02376,2024-08-15,Room,UPI
P02440,B02377,2024-10-30,Room + Service,Credit Card
P02441,B02378,2024-01-05,Room + Service,UPI
P02442,B02379,2026-07-03,Room + Service,Credit Card
P02443,B02381,2025-10-03,Room,UPI
P02444,B02382,2026-01-25,Room + Service,Net Banking
P02445,B02383,2025-08-23,Room + Service,UPI
P02446,B02384,2026-02-16,Service,Credit Card
P02447,B02385,2025-08-09,Room,Credit Card
P02448,B02386,2025-10-27,Room + Service,Credit Card
P02449,B02387,2024-06-08,Room + Service,Digital Wallet
P02450,B02388,2024-07-24,Room + Service,UPI
P02451,B02389,2024-01-11,Room + Service,Debit Card
P02452,B02390,2025-10-19,Room + Service,Credit Card
P02453,B02391,2024-10-21,Room + Service,Cash
P02454,B02392,2025-07-31,Room,UPI
P02455,B02394,2024-04-20,Room,UPI
P02456,B02394,2024-04-28,Service,UPI
P02457,B02395,2025-09-23,Room,Credit Card
P02458,B02396,2025-12-28,Room,UPI
P02459,B02397,2026-07-15,Room,Digital Wallet
P02460,B02397,2026-07-16,Service,UPI
P02461,B02398,2024-07-25,Room + Service,UPI
P02462,B02399,2026-08-09,Room,UPI
P02463,B02400,2025-07-27,Room,Cash
P02464,B02401,2025-10-16,Room + Service,Net Banking
P02465,B02402,2026-04-04,Service,Debit Card
P02466,B02403,2026-07-10,Room + Service,Credit Card
P02467,B02404,2024-04-16,Room + Service,UPI
P02468,B02405,2025-04-22,Room,Digital Wallet
P02469,B02406,2024-10-03,Room,UPI
P02470,B02408,2025-11-25,Room,Credit Card
P02471,B02408,2025-12-09,Service,Credit Card
P02472,B02409,2026-06-05,Room,Credit Card
P02473,B02411,2024-09-18,Service,UPI
P02474,B02412,2025-06-17,Room + Service,UPI
P02475,B02413,2024-01-25,Room + Service,Debit Card
P02476,B02414,2024-07-11,Room,Debit Card
P02477,B02414,2024-07-02,Service,Net Banking
P02478,B02415,2025-02-16,Room,Credit Card
P02479,B02415,2025-02-19,Service,Credit Card
P02480,B02416,2024-02-20,Room + Service,Debit Card
P02481,B02417,2026-05-26,Room,Credit Card
P02482,B02418,2026-07-12,Room,Net Banking
P02483,B02418,2026-07-23,Service,UPI
P02484,B02419,2024-04-03,Room + Service,Net Banking
P02485,B02420,2026-03-05,Room,UPI
P02486,B02420,2026-03-05,Service,Credit Card
P02487,B02421,2024-12-03,Service,Debit Card
P02488,B02422,2025-11-26,Room,Debit Card
P02489,B02423,2024-07-15,Service,Digital Wallet
P02490,B02424,2024-06-22,Room,UPI
P02491,B02425,2026-01-18,Service,Cash
P02492,B02426,2024-12-23,Room + Service,Net Banking
P02493,B02427,2025-09-21,Room + Service,Credit Card
P02494,B02428,2025-10-10,Room,UPI
P02495,B02428,2025-10-20,Service,Net Banking
P02496,B02430,2025-02-24,Service,UPI
P02497,B02431,2026-04-29,Room,Digital Wallet
P02498,B02432,2024-11-29,Room,UPI
P02499,B02432,2024-12-12,Service,UPI
P02500,B02433,2025-10-29,Room + Service,Debit Card
P02501,B02434,2024-01-08,Room,UPI
P02502,B02435,2025-10-21,Room,Debit Card
P02503,B02436,2024-01-15,Room,UPI
P02504,B02437,2024-03-16,Room,Debit Card
P02505,B02438,2025-01-04,Room,Credit Card
P02506,B02439,2025-06-06,Room + Service,UPI
P02507,B02440,2026-08-20,Room + Service,UPI
P02508,B02441,2026-04-13,Room,Debit Card
P02509,B02442,2024-02-16,Room + Service,Credit Card
P02510,B02443,2026-02-06,Room + Service,Net Banking
P02511,B02444,2025-10-28,Room + Service,UPI
P02512,B02445,2026-05-27,Room + Service,Debit Card
P02513,B02447,2024-01-18,Room + Service,UPI
P02514,B02448,2024-04-06,Room + Service,Digital Wallet
P02515,B02449,2025-03-26,Room,Cash
P02516,B02450,2024-01-13,Room,UPI
P02517,B02451,2024-10-26,Room + Service,Credit Card
P02518,B02452,2024-07-06,Service,UPI
P02519,B02453,2025-10-01,Room + Service,UPI
P02520,B02454,2024-08-24,Room + Service,Debit Card
P02521,B02455,2025-07-21,Room,Debit Card
P02522,B02457,2025-01-03,Room + Service,Credit Card
P02523,B02458,2025-02-28,Room + Service,Credit Card
P02524,B02459,2025-05-25,Room,Net Banking
P02525,B02459,2025-05-18,Service,Net Banking
P02526,B02460,2025-10-24,Room + Service,UPI
P02527,B02461,2026-04-30,Room + Service,Credit Card
P02528,B02463,2026-08-26,Room + Service,Credit Card
P02529,B02464,2025-07-31,Room,UPI
P02530,B02465,2026-08-18,Room + Service,Credit Card
P02531,B02466,2025-05-13,Room + Service,Net Banking
P02532,B02467,2026-05-21,Room,Net Banking
P02533,B02467,2026-05-20,Service,Net Banking
P02534,B02468,2026-08-04,Service,Debit Card
P02535,B02469,2026-08-26,Room + Service,Net Banking
P02536,B02470,2025-01-06,Room + Service,UPI
P02537,B02471,2025-11-15,Room + Service,Credit Card
P02538,B02472,2026-05-19,Room,Credit Card
P02539,B02473,2025-05-18,Service,UPI
P02540,B02474,2025-09-25,Service,UPI
P02541,B02475,2026-03-23,Room + Service,Credit Card
P02542,B02476,2024-08-23,Service,Cash
P02543,B02477,2026-04-25,Room + Service,Net Banking
P02544,B02478,2024-04-11,Service,Credit Card
P02545,B02480,2026-03-14,Service,UPI
P02546,B02481,2025-04-01,Room + Service,Debit Card
P02547,B02482,2026-04-22,Room,Credit Card
P02548,B02483,2026-08-16,Room + Service,Debit Card
P02549,B02484,2025-10-24,Service,Net Banking
P02550,B02485,2025-11-01,Room + Service,UPI
P02551,B02486,2025-09-21,Room + Service,Net Banking
P02552,B02487,2026-02-15,Service,UPI
P02553,B02488,2026-07-01,Room,Digital Wallet
P02554,B02489,2025-06-26,Room + Service,UPI
P02555,B02490,2025-12-28,Room,Credit Card
P02556,B02491,2026-07-25,Room + Service,UPI
P02557,B02492,2024-01-03,Room + Service,UPI
P02558,B02493,2025-10-30,Room + Service,UPI
P02559,B02494,2026-04-05,Room + Service,UPI
P02560,B02495,2026-01-19,Room + Service,Credit Card
P02561,B02496,2025-02-21,Room,UPI
P02562,B02497,2025-04-05,Room,Credit Card
P02563,B02498,2026-03-04,Room + Service,Credit Card
P02564,B02500,2025-01-29,Room,Credit Card
P02565,B02501,2024-11-06,Room + Service,UPI
P02566,B02502,2025-02-19,Room,UPI
P02567,B02503,2025-10-02,Room,Credit Card
P02568,B02504,2026-06-10,Room + Service,Digital Wallet
P02569,B02505,2026-07-23,Room,Cash
P02570,B02506,2024-03-05,Room + Service,Credit Card
P02571,B02507,2024-03-15,Room + Service,Cash
P02572,B02508,2024-08-06,Room,UPI
P02573,B02509,2024-09-04,Room,Digital Wallet
P02574,B02509,2024-09-03,Service,Credit Card
P02575,B02510,2026-07-13,Room + Service,UPI
P02576,B02512,2024-11-06,Room,Debit Card
P02577,B02512,2024-10-29,Service,Credit Card
P02578,B02513,2026-07-17,Room,Credit Card
P02579,B02513,2026-07-13,Room,UPI
P02580,B02514,2026-08-16,Room,Credit Card
P02581,B02514,2026-08-21,Service,Credit Card
P02582,B02515,2025-09-22,Room + Service,Net Banking
P02583,B02517,2024-03-19,Service,Debit Card
P02584,B02519,2024-10-24,Room,Net Banking
P02585,B02520,2025-10-14,Room + Service,Net Banking
P02586,B02521,2024-04-05,Room,UPI
P02587,B02521,2024-04-10,Room,Debit Card
P02588,B02522,2025-06-20,Room,Debit Card
P02589,B02523,2025-06-25,Room + Service,Credit Card
P02590,B02524,2024-01-20,Room + Service,Credit Card
P02591,B02525,2025-08-21,Room,Net Banking
P02592,B02525,2025-08-22,Service,Credit Card
P02593,B02526,2025-07-20,Room,Credit Card
P02594,B02526,2025-07-15,Service,Debit Card
P02595,B02527,2026-04-20,Service,UPI
P02596,B02528,2025-10-22,Room + Service,UPI
P02597,B02529,2026-05-26,Room,Credit Card
P02598,B02530,2026-03-10,Room,Credit Card
P02599,B02531,2026-06-23,Room,Credit Card
P02600,B02531,2026-06-21,Service,UPI
P02601,B02532,2026-08-07,Room + Service,Net Banking
P02602,B02533,2025-08-31,Room,Debit Card
P02603,B02534,2026-01-06,Room,Credit Card
P02604,B02535,2026-05-25,Service,UPI
P02605,B02536,2026-06-16,Room + Service,Credit Card
P02606,B02537,2026-05-01,Room,Credit Card
P02607,B02537,2026-04-30,Service,Digital Wallet
P02608,B02538,2026-08-03,Room,UPI
P02609,B02539,2024-09-14,Room,UPI
P02610,B02541,2026-07-03,Room,Debit Card
P02611,B02543,2024-01-22,Room + Service,Cash
P02612,B02545,2024-07-04,Room + Service,UPI
P02613,B02546,2025-10-15,Room,UPI
P02614,B02547,2026-08-29,Room + Service,UPI
P02615,B02548,2024-07-22,Room + Service,Net Banking
P02616,B02549,2025-02-17,Room + Service,Credit Card
P02617,B02550,2025-06-05,Room + Service,Credit Card
P02618,B02551,2026-08-25,Room,Digital Wallet
P02619,B02551,2026-08-16,Service,Credit Card
P02620,B02552,2025-08-21,Room + Service,Credit Card
P02621,B02553,2025-11-18,Room + Service,Cash
P02622,B02554,2026-02-22,Room,UPI
P02623,B02554,2026-02-17,Service,UPI
P02624,B02555,2026-07-23,Room,Cash
P02625,B02556,2026-08-27,Room,Credit Card
P02626,B02556,2026-07-30,Room,UPI
P02627,B02557,2024-04-10,Room + Service,Net Banking
P02628,B02558,2024-09-07,Room + Service,UPI
P02629,B02559,2026-02-22,Room,UPI
P02630,B02560,2026-05-05,Room + Service,UPI
P02631,B02561,2024-05-09,Room + Service,UPI
P02632,B02562,2025-10-30,Room,UPI
P02633,B02563,2026-02-22,Room + Service,UPI
P02634,B02564,2026-04-18,Room + Service,UPI
P02635,B02565,2026-03-04,Room,Credit Card
P02636,B02566,2026-08-15,Room + Service,Digital Wallet
P02637,B02567,2024-08-09,Room,Cash
P02638,B02568,2026-01-11,Room,UPI
P02639,B02569,2025-10-08,Room + Service,Digital Wallet
P02640,B02570,2024-11-12,Room + Service,UPI
P02641,B02571,2024-12-25,Room + Service,UPI
P02642,B02573,2025-06-12,Room,UPI
P02643,B02573,2025-05-31,Service,Net Banking
P02644,B02574,2026-07-29,Room + Service,UPI
P02645,B02575,2025-12-10,Room,UPI
P02646,B02575,2025-12-10,Room,Digital Wallet
P02647,B02576,2026-03-19,Room,UPI
P02648,B02576,2026-03-19,Room,Net Banking
P02649,B02577,2026-08-11,Room + Service,Credit Card
P02650,B02578,2024-01-04,Room,UPI
P02651,B02580,2026-02-15,Room,Credit Card
P02652,B02580,2026-01-22,Service,UPI
P02653,B02581,2024-12-10,Room + Service,Net Banking
P02654,B02582,2025-03-22,Room + Service,Debit Card
P02655,B02583,2026-03-03,Room + Service,Net Banking
P02656,B02584,2026-08-21,Room,Credit Card
P02657,B02585,2024-10-11,Room + Service,Credit Card
P02658,B02586,2024-12-27,Room + Service,UPI
P02659,B02587,2025-03-31,Room,Credit Card
P02660,B02588,2025-11-16,Service,Digital Wallet
P02661,B02589,2024-03-17,Room,Net Banking
P02662,B02590,2026-04-12,Room,Digital Wallet
P02663,B02591,2026-05-20,Room + Service,Cash
P02664,B02592,2024-05-23,Room,Debit Card
P02665,B02592,2024-05-18,Service,UPI
P02666,B02593,2025-02-28,Service,Credit Card
P02667,B02595,2025-04-17,Room + Service,Debit Card
P02668,B02596,2024-02-14,Room + Service,Credit Card
P02669,B02597,2026-03-23,Room + Service,UPI
P02670,B02598,2024-08-30,Service,UPI
P02671,B02599,2026-02-25,Room + Service,Credit Card
P02672,B02600,2026-03-18,Service,UPI
P02673,B02601,2024-03-23,Room + Service,UPI
P02674,B02603,2026-03-21,Room + Service,Credit Card
P02675,B02604,2024-10-18,Room + Service,Net Banking
P02676,B02605,2025-11-13,Service,Cash
P02677,B02606,2026-02-13,Room,UPI
P02678,B02606,2026-02-12,Service,Debit Card
P02679,B02607,2025-06-09,Room + Service,Credit Card
P02680,B02608,2025-09-03,Room,Net Banking
P02681,B02608,2025-09-09,Service,UPI
P02682,B02609,2024-04-21,Room + Service,Credit Card
P02683,B02611,2024-12-31,Room,Credit Card
P02684,B02612,2025-11-06,Room,Net Banking
P02685,B02612,2025-11-02,Service,Debit Card
P02686,B02613,2026-02-09,Service,Net Banking
P02687,B02614,2026-06-06,Service,Net Banking
P02688,B02615,2024-03-11,Room,UPI
P02689,B02615,2024-03-14,Service,Net Banking
P02690,B02616,2025-01-16,Room + Service,UPI
P02691,B02617,2025-09-06,Room + Service,Credit Card
P02692,B02618,2026-02-03,Room + Service,UPI
P02693,B02619,2024-01-02,Room,Net Banking
P02694,B02620,2026-01-27,Service,Credit Card
P02695,B02621,2024-03-26,Room,UPI
P02696,B02621,2024-03-21,Service,Debit Card
P02697,B02622,2024-05-06,Room + Service,UPI
P02698,B02623,2026-05-02,Room + Service,Debit Card
P02699,B02624,2025-10-12,Room + Service,Net Banking
P02700,B02625,2026-02-05,Service,Digital Wallet
P02701,B02626,2026-01-27,Room,UPI
P02702,B02627,2026-06-01,Room,Debit Card
P02703,B02627,2026-06-02,Room,UPI
P02704,B02628,2024-09-28,Room + Service,UPI
P02705,B02629,2025-01-30,Service,Credit Card
P02706,B02631,2025-08-01,Room + Service,Credit Card
P02707,B02632,2025-05-01,Room + Service,Credit Card
P02708,B02633,2025-06-15,Room + Service,UPI
P02709,B02634,2024-12-22,Room + Service,Net Banking
P02710,B02635,2026-03-11,Room,Credit Card
P02711,B02636,2025-12-31,Room + Service,UPI
P02712,B02637,2026-04-14,Room,UPI
P02713,B02638,2025-09-30,Room,Debit Card
P02714,B02639,2026-01-06,Room + Service,Credit Card
P02715,B02640,2024-01-08,Room + Service,Net Banking
P02716,B02641,2024-10-12,Room,Credit Card
P02717,B02642,2025-08-15,Room,Cash
P02718,B02643,2026-08-01,Room + Service,Credit Card
P02719,B02644,2025-10-19,Service,Credit Card
P02720,B02645,2026-07-03,Room,UPI
P02721,B02646,2026-04-04,Room + Service,Digital Wallet
P02722,B02647,2024-09-01,Room,Net Banking
P02723,B02648,2024-12-08,Room + Service,Debit Card
P02724,B02649,2025-03-28,Room,Credit Card
P02725,B02649,2025-02-27,Service,Net Banking
P02726,B02650,2026-04-23,Room + Service,UPI
P02727,B02651,2026-07-20,Room,Net Banking
P02728,B02652,2026-08-06,Room + Service,Net Banking
P02729,B02653,2024-11-05,Room,Credit Card
P02730,B02654,2025-07-03,Room,UPI
P02731,B02654,2025-07-04,Room,Net Banking
P02732,B02655,2026-02-26,Room + Service,UPI
P02733,B02656,2025-12-09,Room + Service,Credit Card
P02734,B02657,2026-02-02,Room + Service,Credit Card
P02735,B02658,2026-05-10,Room,Credit Card
P02736,B02659,2026-07-09,Room,Credit Card
P02737,B02659,2026-07-09,Room,Credit Card
P02738,B02661,2025-12-05,Room,Credit Card
P02739,B02661,2025-12-08,Room,UPI
P02740,B02662,2026-02-13,Room,Debit Card
P02741,B02664,2026-07-11,Room,Cash
P02742,B02664,2026-07-18,Service,Net Banking
P02743,B02665,2024-10-07,Room,Net Banking
P02744,B02666,2026-07-27,Room + Service,Net Banking
P02745,B02667,2025-03-09,Room,UPI
P02746,B02669,2024-08-22,Room,Credit Card
P02747,B02670,2025-03-27,Room + Service,UPI
P02748,B02671,2026-01-01,Room,Net Banking
P02749,B02672,2024-12-22,Room + Service,Cash
P02750,B02673,2026-07-11,Room,Net Banking
P02751,B02674,2026-07-14,Room,Net Banking
P02752,B02675,2026-08-13,Room,Debit Card
P02753,B02676,2025-11-23,Room,Credit Card
P02754,B02676,2025-11-30,Service,Cash
P02755,B02677,2024-01-27,Room + Service,Debit Card
P02756,B02678,2025-05-02,Room + Service,Credit Card
P02757,B02679,2026-08-16,Room + Service,UPI
P02758,B02680,2026-05-14,Service,UPI
P02759,B02681,2025-10-21,Room + Service,UPI
P02760,B02682,2025-10-24,Room,UPI
P02761,B02682,2025-10-28,Service,Credit Card
P02762,B02683,2026-08-09,Room + Service,Debit Card
P02763,B02684,2024-05-10,Room + Service,Cash
P02764,B02685,2024-11-01,Room,Credit Card
P02765,B02686,2024-05-19,Room,Credit Card
P02766,B02686,2024-05-29,Service,UPI
P02767,B02687,2024-08-21,Room,UPI
P02768,B02688,2026-03-25,Room,Debit Card
P02769,B02689,2026-06-11,Room + Service,Credit Card
P02770,B02690,2026-08-06,Room + Service,UPI
P02771,B02691,2025-02-04,Room,UPI
P02772,B02692,2026-03-02,Room,UPI
P02773,B02692,2026-03-02,Service,Credit Card
P02774,B02693,2026-01-13,Room,Credit Card
P02775,B02694,2025-09-17,Room,Credit Card
P02776,B02695,2024-10-06,Room,UPI
P02777,B02695,2024-10-04,Service,UPI
P02778,B02696,2026-02-20,Room,Net Banking
P02779,B02697,2026-08-16,Room,Credit Card
P02780,B02697,2026-08-26,Room,UPI
P02781,B02698,2026-03-05,Room + Service,Net Banking
P02782,B02699,2026-06-24,Room,Credit Card
P02783,B02700,2024-01-28,Room + Service,Debit Card
P02784,B02701,2026-08-04,Room,UPI
P02785,B02701,2026-08-14,Service,UPI
P02786,B02702,2024-01-08,Room + Service,Net Banking
P02787,B02704,2024-07-26,Room,Net Banking
P02788,B02704,2024-07-26,Service,Credit Card
P02789,B02705,2025-10-14,Room,Digital Wallet
P02790,B02706,2026-07-03,Room + Service,Net Banking
P02791,B02707,2024-09-17,Room,Credit Card
P02792,B02708,2026-03-06,Room + Service,Credit Card
P02793,B02709,2025-10-15,Room + Service,Net Banking
P02794,B02710,2024-04-04,Room + Service,Debit Card
P02795,B02711,2026-01-24,Room + Service,UPI
P02796,B02712,2026-04-09,Room,UPI
P02797,B02713,2026-07-22,Room + Service,Credit Card
P02798,B02714,2026-08-19,Room + Service,Credit Card
P02799,B02715,2026-05-06,Service,UPI
P02800,B02716,2026-07-10,Room + Service,Net Banking
P02801,B02717,2025-06-30,Room + Service,Debit Card
P02802,B02718,2024-11-14,Room,UPI
P02803,B02718,2024-11-24,Service,Credit Card
P02804,B02719,2026-05-21,Room + Service,Credit Card
P02805,B02720,2024-06-07,Room + Service,Credit Card
P02806,B02721,2025-04-11,Room + Service,Credit Card
P02807,B02722,2026-01-29,Room,Net Banking
P02808,B02723,2024-12-10,Service,Debit Card
P02809,B02724,2025-11-19,Room,UPI
P02810,B02725,2025-11-23,Room,Net Banking
P02811,B02726,2025-06-26,Room + Service,UPI
P02812,B02727,2025-11-15,Room + Service,Net Banking
P02813,B02729,2025-03-15,Room,Credit Card
P02814,B02729,2025-03-11,Service,Net Banking
P02815,B02730,2025-08-30,Room,Net Banking
P02816,B02730,2025-08-25,Room,UPI
P02817,B02731,2025-11-03,Room,Credit Card
P02818,B02732,2026-07-03,Room,UPI
P02819,B02733,2026-07-14,Room,UPI
P02820,B02734,2025-08-27,Service,UPI
P02821,B02735,2025-11-16,Room,UPI
P02822,B02736,2026-06-17,Room + Service,UPI
P02823,B02737,2026-07-30,Room,Cash
P02824,B02738,2026-07-06,Room,UPI
P02825,B02738,2026-07-19,Service,Credit Card
P02826,B02739,2026-08-13,Room + Service,Net Banking
P02827,B02740,2024-02-18,Service,Debit Card
P02828,B02741,2025-03-22,Room,Digital Wallet
P02829,B02742,2026-08-20,Room + Service,UPI
P02830,B02743,2024-04-17,Room,UPI
P02831,B02743,2024-04-25,Room,Credit Card
P02832,B02744,2026-02-16,Service,UPI
P02833,B02745,2026-05-04,Room + Service,Net Banking
P02834,B02746,2024-07-03,Room,Net Banking
P02835,B02747,2025-12-28,Room,UPI
P02836,B02747,2025-12-24,Service,UPI
P02837,B02748,2026-02-24,Room,Credit Card
P02838,B02748,2026-02-23,Room,Credit Card
P02839,B02749,2026-04-14,Room,Debit Card
P02840,B02749,2026-04-15,Service,Debit Card
P02841,B02750,2024-03-27,Room,Digital Wallet
P02842,B02751,2025-01-23,Service,UPI
P02843,B02752,2024-10-29,Room + Service,UPI
P02844,B02753,2026-01-07,Service,Credit Card
P02845,B02754,2026-08-08,Room + Service,UPI
P02846,B02755,2024-07-22,Room,Debit Card
P02847,B02756,2024-07-13,Room,UPI
P02848,B02757,2025-05-04,Room + Service,Net Banking
P02849,B02758,2024-01-06,Room,Credit Card
P02850,B02759,2024-11-09,Room + Service,Net Banking
P02851,B02760,2024-04-10,Room + Service,UPI
P02852,B02761,2026-03-15,Room + Service,UPI
P02853,B02762,2026-07-30,Room + Service,Net Banking
P02854,B02763,2024-01-28,Room,Net Banking
P02855,B02763,2024-01-25,Room,UPI
P02856,B02764,2025-05-16,Service,Debit Card
P02857,B02765,2026-05-24,Room,UPI
P02858,B02765,2026-05-27,Service,UPI
P02859,B02766,2026-07-15,Room + Service,Credit Card
P02860,B02767,2026-01-06,Room + Service,Digital Wallet
P02861,B02768,2025-08-21,Room + Service,Credit Card
P02862,B02769,2026-05-28,Room,Digital Wallet
P02863,B02770,2024-11-30,Room,Debit Card
P02864,B02770,2024-11-30,Room,UPI
P02865,B02771,2026-03-17,Room + Service,Debit Card
P02866,B02772,2025-01-12,Service,Debit Card
P02867,B02773,2025-10-22,Room,Digital Wallet
P02868,B02774,2026-02-05,Room,UPI
P02869,B02775,2026-04-03,Room,Debit Card
P02870,B02775,2026-04-03,Room,Debit Card
P02871,B02776,2026-08-01,Room,Debit Card
P02872,B02777,2025-04-24,Room,Debit Card
P02873,B02778,2025-09-01,Room + Service,Credit Card
P02874,B02779,2024-06-06,Service,Credit Card
P02875,B02780,2026-02-12,Room + Service,UPI
P02876,B02781,2026-05-15,Room + Service,Credit Card
P02877,B02782,2024-03-08,Room + Service,Net Banking
P02878,B02783,2026-04-07,Room,Digital Wallet
P02879,B02784,2026-07-18,Room + Service,UPI
P02880,B02785,2025-11-28,Room,Net Banking
P02881,B02786,2026-02-28,Room + Service,Credit Card
P02882,B02787,2026-04-30,Room + Service,UPI
P02883,B02788,2026-06-12,Service,UPI
P02884,B02789,2024-02-25,Room + Service,Debit Card
P02885,B02790,2025-05-04,Room,Credit Card
P02886,B02790,2025-05-07,Service,Debit Card
P02887,B02791,2025-07-30,Room + Service,UPI
P02888,B02792,2026-06-18,Room + Service,Net Banking
P02889,B02794,2025-01-02,Room,Net Banking
P02890,B02795,2025-09-13,Room,UPI
P02891,B02795,2025-09-13,Room,Credit Card
P02892,B02796,2026-02-09,Service,UPI
P02893,B02797,2025-07-06,Room + Service,UPI
P02894,B02798,2024-08-07,Room + Service,Credit Card
P02895,B02799,2026-01-01,Room,Net Banking
P02896,B02800,2026-06-27,Room,UPI
P02897,B02800,2026-07-01,Room,UPI
P02898,B02801,2026-01-22,Service,Debit Card
P02899,B02802,2026-05-12,Room + Service,Net Banking
P02900,B02803,2025-08-13,Room,UPI
P02901,B02804,2026-04-05,Service,UPI
P02902,B02805,2025-06-05,Room + Service,Credit Card
P02903,B02806,2025-11-30,Room,UPI
P02904,B02806,2025-11-23,Service,Digital Wallet
P02905,B02807,2026-04-06,Room,Net Banking
P02906,B02808,2024-09-13,Room,UPI
P02907,B02809,2024-10-10,Service,Credit Card
P02908,B02810,2025-02-08,Room,Credit Card
P02909,B02811,2025-12-08,Room + Service,Credit Card
P02910,B02812,2026-05-24,Room,UPI
P02911,B02814,2025-04-18,Room,Debit Card
P02912,B02815,2024-04-20,Room + Service,UPI
P02913,B02816,2025-03-30,Room + Service,Credit Card
P02914,B02817,2026-07-14,Room + Service,Net Banking
P02915,B02818,2025-02-07,Room,UPI
P02916,B02819,2026-01-28,Service,Net Banking
P02917,B02820,2025-08-02,Room,UPI
P02918,B02822,2024-11-02,Room + Service,UPI
P02919,B02823,2025-01-16,Service,UPI
P02920,B02824,2026-03-14,Room,Net Banking
P02921,B02825,2026-05-09,Room + Service,Cash
P02922,B02826,2026-05-30,Room + Service,Net Banking
P02923,B02827,2026-08-02,Room + Service,UPI
P02924,B02828,2026-04-05,Room,UPI
P02925,B02828,2026-04-05,Service,Cash
P02926,B02829,2024-04-24,Room + Service,UPI
P02927,B02830,2025-08-02,Service,UPI
P02928,B02831,2024-11-21,Room + Service,Net Banking
P02929,B02832,2025-07-18,Room,UPI
P02930,B02832,2025-07-18,Service,Credit Card
P02931,B02833,2026-02-11,Room,Debit Card
P02932,B02834,2024-10-29,Room + Service,UPI
P02933,B02835,2024-02-07,Service,UPI
P02934,B02836,2024-06-05,Room + Service,Digital Wallet
P02935,B02838,2024-02-15,Room,Debit Card
P02936,B02839,2024-10-22,Room,Debit Card
P02937,B02839,2024-10-10,Service,Credit Card
P02938,B02840,2025-05-13,Room,Credit Card
P02939,B02841,2026-01-24,Room,Credit Card
P02940,B02841,2026-01-24,Service,Credit Card
P02941,B02844,2024-07-17,Room + Service,UPI
P02942,B02847,2026-04-02,Room,Net Banking
P02943,B02847,2026-04-10,Service,Credit Card
P02944,B02848,2025-08-05,Room,Net Banking
P02945,B02849,2026-02-09,Service,Digital Wallet
P02946,B02850,2024-03-17,Room + Service,UPI
P02947,B02851,2024-11-30,Room + Service,UPI
P02948,B02852,2026-02-26,Room,Digital Wallet
P02949,B02853,2024-06-06,Room + Service,Credit Card
P02950,B02854,2024-09-01,Room,Net Banking
P02951,B02855,2026-02-16,Room,Credit Card
P02952,B02856,2025-10-05,Room + Service,Net Banking
P02953,B02857,2026-01-29,Room + Service,Credit Card
P02954,B02858,2024-02-29,Room + Service,Credit Card
P02955,B02859,2024-06-29,Room + Service,UPI
P02956,B02860,2024-04-21,Room,Debit Card
P02957,B02862,2025-10-04,Room,Cash
P02958,B02863,2026-04-28,Service,Net Banking
P02959,B02864,2025-11-16,Room,Net Banking
P02960,B02865,2025-07-21,Room,Net Banking
P02961,B02866,2024-11-04,Room,Debit Card
P02962,B02867,2026-03-30,Room + Service,UPI
P02963,B02868,2026-07-13,Room,Credit Card
P02964,B02870,2024-10-31,Room + Service,Credit Card
P02965,B02871,2024-12-18,Room + Service,UPI
P02966,B02872,2025-10-06,Room,Credit Card
P02967,B02873,2025-12-05,Room,UPI
P02968,B02874,2026-04-05,Service,UPI
P02969,B02875,2024-11-10,Room + Service,UPI
P02970,B02876,2026-03-11,Room + Service,Credit Card
P02971,B02877,2026-06-19,Room,Credit Card
P02972,B02878,2026-07-29,Room,Debit Card
P02973,B02878,2026-08-03,Service,UPI
P02974,B02879,2024-08-27,Room + Service,Credit Card
P02975,B02880,2024-02-16,Room,Credit Card
P02976,B02880,2024-02-16,Service,Credit Card
P02977,B02881,2025-12-27,Room,Debit Card
P02978,B02881,2026-01-05,Service,UPI
P02979,B02882,2024-02-03,Room,UPI
P02980,B02883,2025-05-05,Room + Service,UPI
P02981,B02884,2026-02-10,Room + Service,UPI
P02982,B02886,2024-10-05,Room + Service,UPI
P02983,B02887,2024-11-12,Room,UPI
P02984,B02888,2026-07-22,Service,UPI
P02985,B02889,2025-12-09,Room + Service,Credit Card
P02986,B02890,2026-07-16,Room + Service,Credit Card
P02987,B02891,2025-12-22,Room,Cash
P02988,B02892,2026-02-15,Room,Credit Card
P02989,B02893,2025-02-05,Room,Credit Card
P02990,B02893,2025-02-08,Room,Credit Card
P02991,B02895,2025-07-04,Room + Service,Cash
P02992,B02896,2025-10-13,Room + Service,UPI
P02993,B02897,2026-06-17,Room,Credit Card
P02994,B02898,2026-07-24,Room,Net Banking
P02995,B02899,2024-10-12,Room + Service,Cash
P02996,B02900,2025-03-25,Room + Service,UPI
P02997,B02901,2025-01-28,Room + Service,Credit Card
P02998,B02902,2026-03-01,Room + Service,Net Banking
P02999,B02903,2026-06-26,Room + Service,Credit Card
P03000,B02904,2026-04-13,Room + Service,UPI
P03001,B02905,2026-07-13,Room + Service,UPI
P03002,B02907,2026-06-21,Room,UPI
P03003,B02907,2026-06-28,Service,Net Banking
P03004,B02908,2026-08-22,Room + Service,Credit Card
P03005,B02909,2026-04-17,Room,Credit Card
P03006,B02910,2026-05-30,Room,UPI
P03007,B02911,2024-09-21,Room,UPI
P03008,B02911,2024-09-25,Room,Credit Card
P03009,B02912,2026-04-13,Room + Service,Credit Card
P03010,B02913,2026-07-03,Room + Service,UPI
P03011,B02914,2025-05-05,Room,UPI
P03012,B02915,2025-09-24,Room + Service,Credit Card
P03013,B02917,2026-05-26,Room,Net Banking
P03014,B02918,2024-02-10,Room,Debit Card
P03015,B02918,2024-03-04,Service,Credit Card
P03016,B02919,2025-05-30,Room + Service,Credit Card
P03017,B02920,2024-05-09,Room + Service,UPI
P03018,B02921,2026-02-14,Room + Service,Credit Card
P03019,B02922,2026-05-19,Room,Debit Card
P03020,B02922,2026-05-20,Service,Credit Card
P03021,B02924,2026-01-15,Room + Service,Net Banking
P03022,B02925,2026-06-01,Room,UPI
P03023,B02927,2024-06-22,Room + Service,Cash
P03024,B02928,2025-01-06,Room,UPI
P03025,B02929,2024-05-27,Room,UPI
P03026,B02929,2024-05-22,Service,Credit Card
P03027,B02930,2026-04-05,Service,Credit Card
P03028,B02931,2026-08-10,Room,UPI
P03029,B02931,2026-08-03,Room,Debit Card
P03030,B02932,2025-05-22,Room + Service,Debit Card
P03031,B02933,2025-11-12,Service,Net Banking
P03032,B02934,2025-04-26,Room,Credit Card
P03033,B02935,2025-06-02,Room + Service,UPI
P03034,B02936,2024-11-07,Room,Credit Card
P03035,B02936,2024-11-06,Service,UPI
P03036,B02937,2025-11-02,Room + Service,Digital Wallet
P03037,B02938,2025-03-15,Room,Debit Card
P03038,B02939,2025-04-28,Room + Service,UPI
P03039,B02940,2026-01-14,Service,UPI
P03040,B02941,2026-02-26,Room + Service,Net Banking
P03041,B02942,2025-02-05,Room,UPI
P03042,B02942,2025-02-06,Service,Net Banking
P03043,B02943,2025-12-22,Room,UPI
P03044,B02943,2025-12-05,Service,Net Banking
P03045,B02945,2025-04-06,Service,UPI
P03046,B02946,2026-07-12,Room + Service,Credit Card
P03047,B02947,2026-08-30,Service,Net Banking
P03048,B02948,2026-02-02,Room + Service,UPI
P03049,B02949,2026-03-02,Service,UPI
P03050,B02950,2024-09-01,Service,Credit Card
P03051,B02951,2026-04-08,Room,Net Banking
P03052,B02952,2026-07-08,Room,Credit Card
P03053,B02953,2025-02-03,Room,UPI
P03054,B02955,2026-04-19,Room + Service,UPI
P03055,B02957,2024-01-28,Service,Debit Card
P03056,B02958,2026-01-15,Room,Net Banking
P03057,B02959,2024-11-28,Room + Service,Net Banking
P03058,B02960,2026-02-12,Room,Credit Card
P03059,B02960,2026-01-31,Service,Credit Card
P03060,B02961,2026-05-18,Room,Net Banking
P03061,B02963,2026-08-11,Service,UPI
P03062,B02964,2024-06-24,Room,Credit Card
P03063,B02964,2024-07-26,Service,UPI
P03064,B02965,2025-10-16,Room,Credit Card
P03065,B02966,2026-07-14,Room + Service,Digital Wallet
P03066,B02967,2026-08-30,Room,Credit Card
P03067,B02968,2025-10-30,Room,UPI
P03068,B02969,2026-01-27,Room,UPI
P03069,B02970,2025-02-02,Room,UPI
P03070,B02971,2025-10-25,Room,Credit Card
P03071,B02971,2025-10-22,Service,Credit Card
P03072,B02972,2024-11-28,Room + Service,UPI
P03073,B02973,2024-02-20,Room,Digital Wallet
P03074,B02974,2024-12-03,Room,UPI
P03075,B02975,2026-02-06,Room,UPI
P03076,B02976,2024-07-13,Room + Service,Digital Wallet
P03077,B02977,2024-12-08,Room + Service,UPI
P03078,B02978,2026-05-21,Room,UPI
P03079,B02979,2026-08-13,Room,Debit Card
P03080,B02980,2025-01-30,Room,UPI
P03081,B02981,2026-03-30,Room + Service,UPI
P03082,B02982,2026-07-01,Service,Credit Card
P03083,B02983,2025-03-05,Service,Cash
P03084,B02984,2025-07-27,Room,Credit Card
P03085,B02985,2025-09-14,Room,UPI
P03086,B02986,2025-07-14,Room + Service,Debit Card
P03087,B02987,2026-04-16,Room + Service,UPI
P03088,B02989,2026-07-23,Room + Service,UPI
P03089,B02990,2025-09-19,Room,UPI
P03090,B02991,2026-05-14,Service,UPI
P03091,B02993,2026-08-06,Service,Net Banking
P03092,B02994,2025-11-12,Room + Service,UPI
P03093,B02995,2024-07-23,Room + Service,Net Banking
P03094,B02996,2025-02-07,Room,Credit Card
P03095,B02997,2026-05-02,Room,UPI
P03096,B02998,2025-07-05,Room + Service,Credit Card
P03097,B02999,2026-04-21,Room + Service,Credit Card
P03098,B03000,2026-05-27,Room,Net Banking
P03099,B03001,2024-10-16,Room,Credit Card
P03100,B03002,2026-02-04,Room + Service,Credit Card
P03101,B03003,2026-08-05,Service,Net Banking
P03102,B03004,2024-12-21,Room + Service,UPI
P03103,B03005,2025-03-22,Room + Service,Credit Card
P03104,B03006,2026-06-07,Room + Service,Net Banking
P03105,B03007,2026-08-24,Room + Service,UPI
P03106,B03008,2024-02-10,Service,UPI
P03107,B03009,2026-01-04,Room + Service,UPI
P03108,B03010,2026-04-21,Room + Service,Digital Wallet
P03109,B03011,2024-08-05,Room + Service,Debit Card
P03110,B03012,2025-01-10,Room + Service,UPI
P03111,B03013,2025-02-12,Room,Credit Card
P03112,B03017,2026-05-09,Room + Service,UPI
P03113,B03018,2026-07-19,Service,Credit Card
P03114,B03019,2024-04-06,Room + Service,UPI
P03115,B03020,2026-08-16,Room + Service,Net Banking
P03116,B03021,2026-07-09,Service,Credit Card
P03117,B03022,2026-08-29,Room,Cash
P03118,B03022,2026-08-30,Room,Debit Card
P03119,B03023,2025-10-02,Room,UPI
P03120,B03024,2024-05-02,Room + Service,Credit Card
P03121,B03025,2024-09-09,Room + Service,Net Banking
P03122,B03026,2026-07-04,Room + Service,Digital Wallet
P03123,B03027,2024-10-23,Room,Credit Card
P03124,B03027,2024-10-28,Service,Digital Wallet
P03125,B03028,2025-07-11,Room,UPI
P03126,B03029,2026-03-29,Room,Net Banking
P03127,B03029,2026-03-22,Service,Credit Card
P03128,B03031,2024-01-13,Room + Service,Credit Card
P03129,B03032,2024-08-11,Service,Credit Card
P03130,B03033,2025-09-16,Room + Service,Debit Card
P03131,B03034,2026-01-11,Service,UPI
P03132,B03035,2025-10-12,Room + Service,UPI
P03133,B03036,2026-03-19,Room + Service,UPI
P03134,B03037,2024-01-14,Room + Service,Net Banking
P03135,B03038,2025-03-25,Room + Service,Debit Card
P03136,B03039,2025-12-30,Room,UPI
P03137,B03039,2025-12-27,Service,UPI
P03138,B03040,2024-05-19,Room,Credit Card
P03139,B03040,2024-05-25,Room,UPI
P03140,B03042,2026-05-01,Room + Service,UPI
P03141,B03043,2025-03-15,Room + Service,UPI
P03142,B03044,2026-05-15,Room,Net Banking
P03143,B03045,2026-07-27,Room,Net Banking
P03144,B03046,2025-11-30,Room,Credit Card
P03145,B03047,2025-05-16,Room,Digital Wallet
P03146,B03048,2024-10-21,Room,Credit Card
P03147,B03050,2025-10-08,Room,Digital Wallet
P03148,B03050,2025-10-07,Room,Net Banking
P03149,B03051,2026-05-22,Service,Net Banking
P03150,B03052,2024-05-06,Room + Service,Debit Card
P03151,B03053,2026-01-25,Room + Service,UPI
P03152,B03054,2024-11-23,Room,UPI
P03153,B03055,2026-01-11,Room,UPI
P03154,B03056,2024-07-11,Room,UPI
P03155,B03056,2024-07-06,Service,UPI
P03156,B03058,2026-07-29,Room + Service,Credit Card
P03157,B03059,2024-09-08,Room + Service,Net Banking
P03158,B03061,2025-07-05,Room + Service,Digital Wallet
P03159,B03062,2025-09-30,Room,Digital Wallet
P03160,B03063,2024-05-21,Service,Debit Card
P03161,B03064,2026-07-18,Room + Service,Debit Card
P03162,B03065,2025-07-04,Service,Credit Card
P03163,B03066,2026-06-30,Room + Service,UPI
P03164,B03067,2024-01-01,Room + Service,Credit Card
P03165,B03068,2025-05-03,Room + Service,Debit Card
P03166,B03069,2025-10-15,Room,UPI
P03167,B03069,2025-10-08,Service,Net Banking
P03168,B03070,2024-08-18,Room + Service,Net Banking
P03169,B03071,2025-12-11,Room,Net Banking
P03170,B03072,2024-07-24,Room + Service,Net Banking
P03171,B03073,2024-10-15,Service,UPI
P03172,B03074,2026-05-30,Room,Credit Card
P03173,B03074,2026-05-24,Service,Net Banking
P03174,B03075,2024-08-08,Service,Net Banking
P03175,B03077,2024-05-25,Service,Debit Card
P03176,B03078,2026-04-19,Room,Digital Wallet
P03177,B03079,2026-02-23,Room + Service,Credit Card
P03178,B03080,2026-05-28,Service,Net Banking
P03179,B03081,2026-08-07,Room,Credit Card
P03180,B03082,2026-02-03,Room + Service,UPI
P03181,B03083,2026-02-22,Room,Credit Card
P03182,B03084,2026-08-24,Room + Service,Credit Card
P03183,B03085,2024-05-01,Room + Service,Credit Card
P03184,B03086,2025-12-08,Room,Net Banking
P03185,B03087,2026-05-07,Room,Digital Wallet
P03186,B03088,2026-07-28,Room + Service,Credit Card
P03187,B03089,2024-09-23,Service,Credit Card
P03188,B03090,2025-06-15,Service,Debit Card
P03189,B03091,2025-10-01,Room,UPI
P03190,B03092,2025-11-28,Room,Digital Wallet
P03191,B03093,2025-01-15,Room,UPI
P03192,B03094,2025-11-14,Room,Credit Card
P03193,B03095,2026-01-21,Room,UPI
P03194,B03096,2026-03-02,Service,Credit Card
P03195,B03097,2026-05-25,Room,Credit Card
P03196,B03097,2026-05-31,Service,Credit Card
P03197,B03098,2026-01-16,Room,Credit Card
P03198,B03099,2026-08-14,Room,Net Banking
P03199,B03100,2026-07-01,Room + Service,Cash
P03200,B03101,2026-08-07,Room + Service,Credit Card
P03201,B03102,2024-01-28,Room,UPI
P03202,B03103,2024-10-17,Service,Cash
P03203,B03104,2025-06-23,Room,Digital Wallet
P03204,B03105,2026-03-02,Room + Service,Credit Card
P03205,B03106,2026-04-03,Room,UPI
P03206,B03106,2026-04-02,Service,UPI
P03207,B03107,2026-07-13,Room,Debit Card
P03208,B03108,2026-07-23,Service,Net Banking
P03209,B03109,2026-06-30,Room + Service,Net Banking
P03210,B03110,2025-02-27,Room,Credit Card
P03211,B03111,2026-03-28,Service,Debit Card
P03212,B03112,2024-12-14,Room + Service,Cash
P03213,B03113,2024-12-26,Room,UPI
P03214,B03115,2026-03-30,Room + Service,UPI
P03215,B03116,2024-01-16,Room,Digital Wallet
P03216,B03117,2024-02-10,Room + Service,Credit Card
P03217,B03118,2024-04-13,Room + Service,UPI
P03218,B03119,2025-05-03,Room + Service,Debit Card
P03219,B03121,2024-08-20,Service,Net Banking
P03220,B03122,2024-07-20,Room + Service,Credit Card
P03221,B03123,2024-02-05,Room + Service,UPI
P03222,B03124,2024-08-23,Room + Service,UPI
P03223,B03125,2024-09-18,Room,Debit Card
P03224,B03125,2024-09-30,Service,UPI
P03225,B03126,2026-05-08,Room,UPI
P03226,B03126,2026-06-02,Service,Credit Card
P03227,B03127,2024-09-02,Room + Service,UPI
P03228,B03128,2026-02-27,Service,Debit Card
P03229,B03129,2024-03-10,Room + Service,Net Banking
P03230,B03130,2026-01-20,Service,Debit Card
P03231,B03131,2025-08-03,Service,Net Banking
P03232,B03132,2024-04-22,Room,Digital Wallet
P03233,B03132,2024-04-08,Room,UPI
P03234,B03134,2026-02-12,Room,Credit Card
P03235,B03135,2026-06-09,Room,UPI
P03236,B03135,2026-06-08,Room,Credit Card
P03237,B03136,2026-08-29,Service,UPI
P03238,B03137,2024-10-09,Room + Service,Credit Card
P03239,B03138,2025-12-26,Room + Service,Credit Card
P03240,B03139,2024-11-04,Room + Service,Net Banking
P03241,B03140,2025-09-16,Room + Service,Credit Card
P03242,B03141,2025-11-10,Room,UPI
P03243,B03141,2025-11-09,Service,Net Banking
P03244,B03142,2025-05-17,Room,Net Banking
P03245,B03143,2025-09-15,Room + Service,Net Banking
P03246,B03144,2024-01-23,Room + Service,UPI
P03247,B03145,2024-03-03,Room,Net Banking
P03248,B03145,2024-03-05,Service,Net Banking
P03249,B03146,2024-11-30,Service,Debit Card
P03250,B03147,2024-11-29,Room + Service,Credit Card
P03251,B03148,2025-08-19,Room,UPI
P03252,B03148,2025-08-16,Service,Digital Wallet
P03253,B03149,2026-02-11,Room,Net Banking
P03254,B03150,2024-12-21,Room + Service,Net Banking
P03255,B03151,2025-06-17,Room,Net Banking
P03256,B03152,2024-10-01,Room,UPI
P03257,B03153,2025-10-26,Room,Net Banking
P03258,B03154,2026-04-05,Room + Service,Debit Card
P03259,B03155,2026-08-19,Room + Service,Cash
P03260,B03156,2025-10-25,Room,Debit Card
P03261,B03156,2025-10-06,Service,Net Banking
P03262,B03158,2025-01-11,Room + Service,Credit Card
P03263,B03159,2025-10-12,Room,Net Banking
P03264,B03159,2025-10-08,Room,Credit Card
P03265,B03160,2024-10-20,Room,UPI
P03266,B03160,2024-11-02,Service,UPI
P03267,B03161,2024-12-28,Room,Debit Card
P03268,B03163,2024-09-11,Room + Service,UPI
P03269,B03164,2024-12-21,Room + Service,Credit Card
P03270,B03168,2026-07-23,Room,UPI
P03271,B03169,2025-07-12,Service,Net Banking
P03272,B03170,2026-02-12,Room + Service,Credit Card
P03273,B03171,2025-12-23,Room + Service,Credit Card
P03274,B03172,2024-03-09,Room,UPI
P03275,B03173,2025-09-26,Room + Service,UPI
P03276,B03174,2025-11-30,Room + Service,Digital Wallet
P03277,B03175,2024-03-21,Room,UPI
P03278,B03175,2024-03-08,Service,UPI
P03279,B03176,2026-03-02,Room,Credit Card
P03280,B03177,2025-04-14,Service,Credit Card
P03281,B03178,2024-01-10,Room + Service,Credit Card
P03282,B03179,2025-06-22,Room + Service,Credit Card
P03283,B03180,2026-02-25,Room,Debit Card
P03284,B03180,2026-02-21,Service,Credit Card
P03285,B03181,2026-07-06,Room + Service,Credit Card
P03286,B03182,2026-07-28,Room + Service,Net Banking
P03287,B03183,2024-11-08,Service,Digital Wallet
P03288,B03184,2024-10-29,Room + Service,Digital Wallet
P03289,B03185,2025-10-23,Room,Debit Card
P03290,B03186,2025-12-03,Room + Service,UPI
P03291,B03188,2025-10-04,Room,Net Banking
P03292,B03189,2025-11-28,Room + Service,Debit Card
P03293,B03190,2025-05-12,Service,UPI
P03294,B03191,2025-09-12,Service,UPI
P03295,B03192,2024-01-30,Room + Service,UPI
P03296,B03194,2024-11-12,Service,UPI
P03297,B03195,2025-09-30,Room,Digital Wallet
P03298,B03196,2026-02-02,Room,Credit Card
P03299,B03197,2026-05-28,Room + Service,Credit Card
P03300,B03198,2025-11-30,Room + Service,UPI
P03301,B03199,2025-01-15,Room + Service,Net Banking
P03302,B03200,2025-03-06,Room + Service,Net Banking
P03303,B03201,2024-10-05,Room + Service,Credit Card
P03304,B03202,2026-03-02,Room + Service,Net Banking
P03305,B03203,2026-05-04,Room + Service,Net Banking
P03306,B03204,2026-05-03,Room + Service,Credit Card
P03307,B03205,2026-07-05,Room + Service,UPI
P03308,B03207,2024-07-25,Room,Credit Card
P03309,B03207,2024-07-21,Service,Credit Card
P03310,B03208,2025-10-31,Service,Credit Card
P03311,B03209,2026-05-26,Room + Service,UPI
P03312,B03210,2024-09-30,Room,Credit Card
P03313,B03211,2025-03-30,Room,UPI
P03314,B03212,2025-05-21,Room,Digital Wallet
P03315,B03213,2024-04-14,Room + Service,UPI
P03316,B03214,2024-05-31,Room + Service,Credit Card
P03317,B03215,2024-09-15,Room + Service,Debit Card
P03318,B03216,2026-06-17,Room,Debit Card
P03319,B03216,2026-07-17,Service,UPI
P03320,B03217,2024-11-25,Room + Service,Cash
P03321,B03218,2026-07-01,Room,Credit Card
P03322,B03219,2026-07-25,Room + Service,Net Banking
P03323,B03220,2026-01-24,Room,Credit Card
P03324,B03221,2026-05-23,Room + Service,Debit Card
P03325,B03222,2025-11-07,Room,UPI
P03326,B03222,2025-11-06,Service,Digital Wallet
P03327,B03223,2025-03-23,Room,Credit Card
P03328,B03225,2025-12-25,Room,UPI
P03329,B03227,2025-07-18,Room,Digital Wallet
P03330,B03227,2025-07-16,Room,Credit Card
P03331,B03228,2026-03-20,Service,UPI
P03332,B03229,2025-08-07,Room + Service,Net Banking
P03333,B03230,2026-02-16,Room + Service,Digital Wallet
P03334,B03231,2024-12-20,Service,Credit Card
P03335,B03232,2025-10-19,Service,UPI
P03336,B03233,2026-01-19,Room + Service,Net Banking
P03337,B03234,2026-02-07,Room,Digital Wallet
P03338,B03234,2026-01-27,Service,UPI
P03339,B03235,2026-04-11,Room,UPI
P03340,B03236,2026-06-02,Room + Service,Credit Card
P03341,B03239,2025-06-12,Room,UPI
P03342,B03239,2025-06-22,Service,UPI
P03343,B03240,2025-11-16,Room + Service,Credit Card
P03344,B03241,2025-12-29,Room + Service,Credit Card
P03345,B03242,2025-05-28,Room,Credit Card
P03346,B03242,2025-05-25,Room,UPI
P03347,B03243,2026-08-27,Room + Service,Credit Card
P03348,B03245,2025-03-28,Room + Service,Credit Card
P03349,B03246,2026-04-22,Room,UPI
P03350,B03247,2024-01-15,Room,Credit Card
P03351,B03248,2024-06-27,Room,Net Banking
P03352,B03248,2024-06-11,Service,Debit Card
P03353,B03249,2026-02-18,Room + Service,UPI
P03354,B03250,2024-09-12,Room + Service,Credit Card
P03355,B03251,2026-04-26,Room,Credit Card
P03356,B03251,2026-05-14,Room,Credit Card
P03357,B03252,2026-08-15,Room + Service,UPI
P03358,B03253,2024-09-20,Room,Net Banking
P03359,B03254,2025-09-13,Room,UPI
P03360,B03254,2025-09-13,Room,Credit Card
P03361,B03255,2025-12-16,Room,Digital Wallet
P03362,B03255,2025-11-28,Service,UPI
P03363,B03256,2024-08-18,Room,UPI
P03364,B03257,2024-10-30,Room + Service,UPI
P03365,B03259,2025-11-01,Room + Service,Debit Card
P03366,B03260,2025-05-06,Service,UPI
P03367,B03261,2025-07-15,Room,Debit Card
P03368,B03262,2026-05-24,Room,UPI
P03369,B03262,2026-05-19,Service,Debit Card
P03370,B03263,2024-06-03,Room,Debit Card
P03371,B03263,2024-06-08,Service,UPI
P03372,B03264,2026-08-22,Room + Service,UPI
P03373,B03265,2024-11-02,Room,Credit Card
P03374,B03265,2024-10-15,Service,Credit Card
P03375,B03266,2025-09-06,Room + Service,Net Banking
P03376,B03267,2026-08-12,Room + Service,Credit Card
P03377,B03268,2026-01-05,Room,Credit Card
P03378,B03270,2026-01-10,Room,Credit Card
P03379,B03270,2026-01-29,Service,UPI
P03380,B03271,2026-07-14,Room,Credit Card
P03381,B03271,2026-07-14,Service,Net Banking
P03382,B03272,2025-12-28,Room + Service,Credit Card
P03383,B03273,2026-06-10,Service,UPI
P03384,B03274,2026-07-01,Room + Service,Credit Card
P03385,B03275,2025-02-03,Room + Service,Net Banking
P03386,B03276,2025-04-21,Room + Service,Credit Card
P03387,B03277,2026-06-02,Room,Credit Card
P03388,B03278,2026-08-03,Room + Service,Credit Card
P03389,B03280,2025-11-03,Room,Credit Card
P03390,B03280,2025-11-06,Service,Credit Card
P03391,B03281,2026-02-28,Room,Debit Card
P03392,B03282,2026-05-12,Room,Credit Card
P03393,B03283,2026-08-30,Room + Service,Credit Card
P03394,B03284,2024-09-23,Room,Credit Card
P03395,B03285,2026-05-21,Room + Service,Credit Card
P03396,B03286,2025-02-03,Room,Debit Card
P03397,B03287,2025-02-17,Room,Cash
P03398,B03289,2026-07-27,Room,Debit Card
P03399,B03290,2024-01-04,Room + Service,Credit Card
P03400,B03292,2024-10-05,Room,Debit Card
P03401,B03293,2025-11-25,Room + Service,Credit Card
P03402,B03294,2026-01-21,Room,Credit Card
P03403,B03295,2026-06-11,Room,UPI
P03404,B03296,2026-03-17,Room + Service,Net Banking
P03405,B03297,2025-04-07,Room,Net Banking
P03406,B03298,2025-10-27,Service,Credit Card
P03407,B03299,2025-05-17,Room,Net Banking
P03408,B03299,2025-05-17,Service,Credit Card
P03409,B03300,2025-10-14,Room + Service,Credit Card
P03410,B03301,2026-06-28,Room,UPI
P03411,B03302,2026-06-11,Room,Credit Card
P03412,B03303,2024-06-08,Room,UPI
P03413,B03304,2025-01-17,Room + Service,Debit Card
P03414,B03306,2026-04-13,Service,UPI
P03415,B03307,2026-03-20,Service,Debit Card
P03416,B03308,2026-04-05,Room + Service,Credit Card
P03417,B03309,2026-05-06,Room + Service,UPI
P03418,B03310,2026-04-10,Room,Digital Wallet
P03419,B03310,2026-04-11,Service,Cash
P03420,B03311,2026-05-29,Room,Net Banking
P03421,B03312,2025-03-01,Room,Credit Card
P03422,B03312,2025-03-04,Service,Net Banking
P03423,B03313,2025-04-05,Room,UPI
P03424,B03314,2025-10-17,Room + Service,UPI
P03425,B03315,2025-01-18,Service,Credit Card
P03426,B03316,2026-02-05,Service,Digital Wallet
P03427,B03317,2026-08-04,Room,Debit Card
P03428,B03318,2026-01-15,Room,Debit Card
P03429,B03318,2026-01-13,Room,Credit Card
P03430,B03319,2026-02-19,Room,Debit Card
P03431,B03320,2026-08-16,Service,Debit Card
P03432,B03321,2026-02-03,Room + Service,Debit Card
P03433,B03322,2025-11-15,Service,Debit Card
P03434,B03323,2026-08-01,Room,Debit Card
P03435,B03323,2026-08-05,Service,Debit Card
P03436,B03324,2025-06-20,Service,Credit Card
P03437,B03325,2025-08-22,Service,UPI
P03438,B03326,2026-07-09,Room,UPI
P03439,B03326,2026-07-04,Service,Net Banking
P03440,B03327,2025-11-27,Service,Credit Card
P03441,B03328,2026-02-03,Service,Debit Card
P03442,B03329,2025-12-14,Room + Service,UPI
P03443,B03330,2024-03-12,Room,Net Banking
P03444,B03330,2024-03-08,Service,UPI
P03445,B03332,2026-04-09,Room,Debit Card
P03446,B03333,2026-05-19,Room + Service,UPI
P03447,B03334,2026-07-18,Service,UPI
P03448,B03335,2026-08-21,Room + Service,Debit Card
P03449,B03337,2025-06-01,Room,Digital Wallet
P03450,B03337,2025-05-31,Service,UPI
P03451,B03338,2025-07-26,Room,Net Banking
P03452,B03338,2025-07-20,Service,UPI
P03453,B03339,2026-02-16,Service,Credit Card
P03454,B03340,2026-03-15,Room + Service,UPI
P03455,B03341,2026-03-26,Room + Service,Net Banking
P03456,B03342,2025-03-26,Room,Net Banking
P03457,B03342,2025-04-10,Room,UPI
P03458,B03343,2025-06-04,Room + Service,Credit Card
P03459,B03344,2024-09-09,Room + Service,Debit Card
P03460,B03345,2026-07-27,Room,Credit Card
P03461,B03345,2026-07-30,Room,Net Banking
P03462,B03346,2026-04-26,Room + Service,Digital Wallet
P03463,B03347,2026-08-12,Room,UPI
P03464,B03348,2026-06-12,Room,Credit Card
P03465,B03348,2026-06-06,Service,Net Banking
P03466,B03349,2026-08-16,Room + Service,UPI
P03467,B03350,2025-02-23,Room + Service,Credit Card
P03468,B03351,2026-03-12,Room,Credit Card
P03469,B03352,2024-12-30,Service,Credit Card
P03470,B03353,2024-12-21,Service,Credit Card
P03471,B03354,2026-02-16,Room,Cash
P03472,B03355,2026-08-17,Room,UPI
P03473,B03356,2024-04-29,Room + Service,Credit Card
P03474,B03358,2026-07-10,Service,Digital Wallet
P03475,B03360,2024-11-07,Room + Service,Debit Card
P03476,B03361,2026-01-21,Service,UPI
P03477,B03362,2024-01-18,Room + Service,Credit Card
P03478,B03363,2025-02-28,Room + Service,Net Banking
P03479,B03364,2025-04-15,Room + Service,UPI
P03480,B03365,2025-11-12,Service,Credit Card
P03481,B03366,2025-12-07,Room + Service,Credit Card
P03482,B03368,2026-05-09,Room,UPI
P03483,B03368,2026-05-18,Service,UPI
P03484,B03369,2025-05-16,Room + Service,Debit Card
P03485,B03370,2026-04-08,Room,UPI
P03486,B03371,2026-02-28,Room + Service,Debit Card
P03487,B03372,2026-07-25,Room,Credit Card
P03488,B03372,2026-07-10,Room,UPI
P03489,B03373,2024-01-14,Room,Credit Card
P03490,B03374,2025-02-13,Room,UPI
P03491,B03374,2025-01-17,Service,Debit Card
P03492,B03375,2025-12-12,Service,Credit Card
P03493,B03376,2026-03-18,Room,Net Banking
P03494,B03377,2026-07-14,Room + Service,Credit Card
P03495,B03378,2024-09-18,Room,Credit Card
P03496,B03379,2024-10-10,Room + Service,UPI
P03497,B03380,2024-09-30,Room,Net Banking
P03498,B03380,2024-10-01,Room,Credit Card
P03499,B03381,2024-04-02,Service,Net Banking
P03500,B03382,2026-03-25,Room + Service,Credit Card
P03501,B03383,2026-08-14,Room + Service,Debit Card
P03502,B03384,2025-02-27,Room + Service,Digital Wallet
P03503,B03385,2026-01-24,Service,Net Banking
P03504,B03386,2026-07-04,Room,Credit Card
P03505,B03387,2026-08-28,Room,Net Banking
P03506,B03387,2026-08-29,Service,Credit Card
P03507,B03388,2026-04-18,Room,Net Banking
P03508,B03390,2025-01-07,Room,UPI
P03509,B03391,2026-05-30,Room + Service,Debit Card
P03510,B03393,2026-08-12,Room + Service,Cash
P03511,B03394,2026-04-05,Room,Net Banking
P03512,B03395,2026-06-10,Room + Service,Net Banking
P03513,B03396,2026-08-14,Service,Credit Card
P03514,B03397,2025-10-13,Service,UPI
P03515,B03398,2025-10-20,Room,UPI
P03516,B03399,2026-06-28,Service,Net Banking
P03517,B03400,2024-03-22,Room,Cash
P03518,B03401,2026-04-29,Room + Service,Credit Card
P03519,B03402,2026-06-24,Room + Service,Debit Card
P03520,B03403,2025-02-09,Room,UPI
P03521,B03404,2025-07-03,Room,UPI
P03522,B03405,2025-10-19,Room + Service,UPI
P03523,B03406,2026-02-03,Room + Service,Net Banking
P03524,B03407,2024-06-02,Room,UPI
P03525,B03408,2025-05-27,Service,Credit Card
P03526,B03410,2026-07-27,Room + Service,Credit Card
P03527,B03411,2026-04-20,Room,UPI
P03528,B03411,2026-04-23,Service,Digital Wallet
P03529,B03412,2026-06-28,Room + Service,UPI
P03530,B03413,2026-01-16,Room + Service,Debit Card
P03531,B03414,2026-05-26,Room + Service,Debit Card
P03532,B03415,2024-09-08,Room + Service,Credit Card
P03533,B03416,2024-06-04,Room,UPI
P03534,B03417,2025-05-20,Room,UPI
P03535,B03417,2025-06-07,Service,UPI
P03536,B03418,2026-06-17,Room + Service,Net Banking
P03537,B03419,2026-08-27,Room,UPI
P03538,B03419,2026-08-18,Room,UPI
P03539,B03420,2025-01-21,Room,Digital Wallet
P03540,B03421,2025-03-30,Room + Service,UPI
P03541,B03422,2026-01-13,Service,Credit Card
P03542,B03423,2026-07-31,Room,Net Banking
P03543,B03424,2026-05-23,Room,Debit Card
P03544,B03424,2026-05-25,Room,Debit Card
P03545,B03425,2025-09-11,Room,Net Banking
P03546,B03426,2026-02-09,Room + Service,Credit Card
P03547,B03428,2026-08-12,Room + Service,Credit Card
P03548,B03430,2024-01-03,Room + Service,UPI
P03549,B03431,2026-08-13,Room + Service,Digital Wallet
P03550,B03432,2024-07-28,Room + Service,Digital Wallet
P03551,B03433,2026-03-09,Room,Debit Card
P03552,B03434,2024-09-17,Room + Service,Credit Card
P03553,B03435,2025-01-30,Room + Service,Net Banking
P03554,B03436,2026-05-23,Room,Credit Card
P03555,B03437,2026-07-19,Room,Cash
P03556,B03438,2024-09-10,Room + Service,Credit Card
P03557,B03439,2025-01-02,Room,UPI
P03558,B03440,2026-04-26,Room,Digital Wallet
P03559,B03441,2026-08-17,Service,Credit Card
P03560,B03443,2026-07-30,Room,UPI
P03561,B03444,2025-12-07,Room,Credit Card
P03562,B03445,2026-04-26,Room + Service,Credit Card
P03563,B03446,2024-08-24,Room,Credit Card
P03564,B03446,2024-08-26,Service,Debit Card
P03565,B03447,2025-01-20,Room,UPI
P03566,B03448,2025-10-17,Room,Credit Card
P03567,B03450,2026-02-01,Service,Credit Card
P03568,B03451,2025-12-03,Service,UPI
P03569,B03453,2025-09-24,Room,Cash
P03570,B03453,2025-10-02,Service,Credit Card
P03571,B03454,2025-12-13,Room + Service,Cash
P03572,B03455,2025-05-29,Room,Credit Card
P03573,B03456,2026-05-11,Room + Service,Credit Card
P03574,B03457,2026-07-06,Room,Debit Card
P03575,B03457,2026-07-21,Room,UPI
P03576,B03459,2025-03-23,Room + Service,Net Banking
P03577,B03460,2024-03-16,Room,UPI
P03578,B03463,2025-09-21,Room,Net Banking
P03579,B03463,2025-09-21,Service,UPI
P03580,B03464,2026-07-03,Room,UPI
P03581,B03464,2026-06-18,Service,Debit Card
P03582,B03466,2025-06-26,Room,Credit Card
P03583,B03467,2026-01-19,Room + Service,UPI
P03584,B03468,2025-02-06,Room,Credit Card
P03585,B03468,2025-02-03,Service,UPI
P03586,B03469,2025-03-19,Room,Credit Card
P03587,B03470,2026-06-28,Room,UPI
P03588,B03471,2024-08-21,Room,Debit Card
P03589,B03472,2026-06-02,Room + Service,Credit Card
P03590,B03473,2024-01-09,Room,Credit Card
P03591,B03474,2026-02-08,Room,UPI
P03592,B03474,2026-02-15,Room,Net Banking
P03593,B03475,2024-12-07,Room + Service,Debit Card
P03594,B03476,2024-09-04,Room,Debit Card
P03595,B03477,2026-02-19,Room + Service,Cash
P03596,B03478,2024-03-21,Room,UPI
P03597,B03478,2024-03-28,Service,Net Banking
P03598,B03479,2026-05-17,Room + Service,Debit Card
P03599,B03480,2025-11-29,Room,Net Banking
P03600,B03481,2026-04-02,Room,Debit Card
P03601,B03482,2025-05-24,Room + Service,Credit Card
P03602,B03483,2026-04-09,Service,UPI
P03603,B03484,2026-07-07,Room + Service,Credit Card
P03604,B03486,2024-09-15,Room,Net Banking
P03605,B03486,2024-09-16,Service,Debit Card
P03606,B03487,2025-10-15,Room + Service,Net Banking
P03607,B03488,2024-10-25,Room,Digital Wallet
P03608,B03490,2026-08-10,Room + Service,Digital Wallet
P03609,B03491,2025-12-25,Room + Service,UPI
P03610,B03492,2026-08-03,Room,Debit Card
P03611,B03493,2025-10-01,Room + Service,Cash
P03612,B03494,2026-02-13,Room + Service,UPI
P03613,B03495,2025-09-02,Room,Debit Card
P03614,B03496,2024-09-03,Service,UPI
P03615,B03497,2026-06-28,Room,UPI
P03616,B03497,2026-07-01,Service,Cash
P03617,B03498,2025-08-12,Room,Credit Card
P03618,B03499,2026-03-18,Room + Service,Net Banking
P03619,B03500,2026-06-17,Room,Digital Wallet
P03620,B03500,2026-06-15,Service,Credit Card
P03621,B03501,2026-08-02,Room,UPI
P03622,B03502,2025-11-03,Room,Credit Card
P03623,B03503,2025-11-03,Room,Net Banking
P03624,B03504,2025-05-17,Room,Credit Card
P03625,B03505,2026-05-13,Room + Service,Net Banking
P03626,B03506,2024-02-03,Room + Service,Cash
P03627,B03507,2025-11-17,Room,Net Banking
P03628,B03508,2025-10-16,Room + Service,Credit Card
P03629,B03509,2025-04-29,Room + Service,Net Banking
P03630,B03510,2025-12-17,Room + Service,UPI
P03631,B03511,2026-01-14,Room,Credit Card
P03632,B03512,2026-03-03,Room,Debit Card
P03633,B03513,2026-08-19,Room + Service,Debit Card
P03634,B03514,2026-03-29,Room + Service,UPI
P03635,B03515,2026-06-04,Room,Debit Card
P03636,B03516,2026-05-31,Room,Credit Card
P03637,B03517,2026-07-24,Room,UPI
P03638,B03518,2025-03-27,Room + Service,Credit Card
P03639,B03519,2025-06-01,Room,Net Banking
P03640,B03519,2025-05-17,Service,Cash
P03641,B03521,2025-07-18,Room,UPI
P03642,B03522,2025-07-24,Room + Service,Digital Wallet
P03643,B03523,2026-04-27,Room + Service,Net Banking
P03644,B03524,2025-08-02,Room,UPI
P03645,B03525,2026-06-04,Room + Service,UPI
P03646,B03526,2026-07-16,Room,Credit Card
P03647,B03526,2026-07-01,Service,UPI
P03648,B03527,2026-08-21,Room + Service,UPI
P03649,B03528,2026-02-24,Room,UPI
P03650,B03529,2026-07-01,Room + Service,Net Banking
P03651,B03530,2026-03-27,Room + Service,Credit Card
P03652,B03531,2026-05-05,Room + Service,Debit Card
P03653,B03532,2024-02-07,Room + Service,UPI
P03654,B03533,2026-06-04,Room + Service,UPI
P03655,B03534,2026-05-03,Room + Service,UPI
P03656,B03535,2025-11-19,Room,UPI
P03657,B03536,2026-06-07,Room + Service,UPI
P03658,B03538,2024-10-09,Room + Service,Net Banking
P03659,B03539,2025-01-25,Room + Service,Credit Card
P03660,B03540,2025-01-18,Room,UPI
P03661,B03541,2026-05-23,Room,UPI
P03662,B03542,2026-07-24,Service,Net Banking
P03663,B03543,2024-12-09,Room + Service,Debit Card
P03664,B03544,2024-01-27,Room + Service,Credit Card
P03665,B03545,2026-02-03,Room,Credit Card
P03666,B03546,2024-09-27,Room + Service,Debit Card
P03667,B03547,2024-12-11,Room + Service,UPI
P03668,B03548,2026-06-27,Room,Credit Card
P03669,B03549,2026-03-21,Room + Service,UPI
P03670,B03550,2026-07-05,Room,UPI
P03671,B03551,2024-02-21,Room + Service,Credit Card
P03672,B03553,2026-08-16,Service,UPI
P03673,B03554,2025-12-05,Room + Service,UPI
P03674,B03555,2025-07-17,Room,Net Banking
P03675,B03556,2026-07-30,Room,UPI
P03676,B03556,2026-08-15,Service,Credit Card
P03677,B03557,2026-01-26,Room + Service,Net Banking
P03678,B03558,2024-10-12,Room,UPI
P03679,B03559,2026-07-20,Room + Service,UPI
P03680,B03560,2026-08-04,Room,Debit Card
P03681,B03560,2026-08-15,Service,Credit Card
P03682,B03561,2026-02-18,Room + Service,Credit Card
P03683,B03562,2025-12-11,Room + Service,UPI
P03684,B03563,2024-12-21,Room + Service,Digital Wallet
P03685,B03564,2025-06-14,Room + Service,UPI
P03686,B03565,2026-05-16,Room + Service,Credit Card
P03687,B03566,2026-01-23,Service,Debit Card
P03688,B03567,2026-03-30,Room,UPI
P03689,B03568,2026-06-09,Room + Service,Debit Card
P03690,B03569,2024-04-29,Room + Service,UPI
P03691,B03570,2025-01-29,Service,Debit Card
P03692,B03571,2025-01-20,Room,Cash
P03693,B03572,2026-04-25,Room + Service,Digital Wallet
P03694,B03573,2026-06-05,Room + Service,Net Banking
P03695,B03574,2025-12-01,Room + Service,UPI
P03696,B03575,2026-06-26,Room + Service,Net Banking
P03697,B03576,2026-07-28,Room + Service,Net Banking
P03698,B03577,2026-08-06,Room + Service,Credit Card
P03699,B03578,2025-11-21,Service,UPI
P03700,B03579,2026-01-14,Room + Service,Digital Wallet
P03701,B03580,2026-05-04,Room + Service,Net Banking
P03702,B03581,2024-06-03,Room,UPI
P03703,B03582,2025-11-11,Room + Service,Credit Card
P03704,B03583,2026-04-09,Room + Service,Cash
P03705,B03584,2026-07-15,Room + Service,UPI
P03706,B03585,2025-11-02,Service,UPI
P03707,B03586,2026-08-23,Room,Net Banking
P03708,B03586,2026-08-24,Service,Net Banking
P03709,B03587,2025-03-07,Room,UPI
P03710,B03587,2025-02-19,Service,Net Banking
P03711,B03588,2026-02-21,Room,Cash
P03712,B03588,2026-02-06,Room,Cash
P03713,B03589,2025-06-04,Room,Net Banking
P03714,B03589,2025-05-31,Room,Cash
P03715,B03590,2026-01-19,Room,Debit Card
P03716,B03591,2024-11-26,Room,Net Banking
P03717,B03593,2026-08-01,Room + Service,Net Banking
P03718,B03594,2026-02-03,Room + Service,Digital Wallet
P03719,B03595,2026-03-13,Room,Net Banking
P03720,B03595,2026-03-11,Service,UPI
P03721,B03596,2024-12-10,Room + Service,Credit Card
P03722,B03597,2024-02-27,Room,Credit Card
P03723,B03597,2024-02-09,Room,UPI
P03724,B03598,2024-04-03,Room,Debit Card
P03725,B03599,2025-07-19,Room,Net Banking
P03726,B03600,2026-08-19,Room + Service,Credit Card
P03727,B03601,2024-09-10,Room + Service,Credit Card
P03728,B03602,2024-12-02,Room,Credit Card
P03729,B03602,2024-11-30,Service,Net Banking
P03730,B03603,2024-07-31,Room + Service,Credit Card
P03731,B03604,2026-04-08,Room,Credit Card
P03732,B03604,2026-04-05,Service,Net Banking
P03733,B03605,2024-02-16,Room + Service,Credit Card
P03734,B03606,2026-04-21,Room,Debit Card
P03735,B03607,2026-04-27,Room + Service,Net Banking
P03736,B03609,2026-07-22,Room,Debit Card
P03737,B03610,2026-08-24,Room,UPI
P03738,B03611,2024-02-24,Room,Net Banking
P03739,B03612,2025-10-20,Room + Service,Debit Card
P03740,B03613,2026-02-15,Room + Service,Net Banking
P03741,B03614,2026-03-29,Room,UPI
P03742,B03616,2026-07-13,Room,Debit Card
P03743,B03617,2025-12-22,Room + Service,Credit Card
P03744,B03618,2024-07-26,Room + Service,UPI
P03745,B03620,2026-03-08,Room + Service,UPI
P03746,B03621,2024-09-15,Room + Service,UPI
P03747,B03622,2025-04-12,Service,UPI
P03748,B03623,2024-05-05,Room,Debit Card
P03749,B03624,2025-02-26,Room,Debit Card
P03750,B03626,2024-09-05,Room + Service,Credit Card
P03751,B03627,2026-06-18,Room,Net Banking
P03752,B03628,2025-02-15,Room,Debit Card
P03753,B03629,2025-03-25,Service,Net Banking
P03754,B03630,2025-10-01,Room + Service,Debit Card
P03755,B03631,2024-09-24,Room + Service,UPI
P03756,B03632,2025-11-25,Room + Service,UPI
P03757,B03633,2025-08-13,Room + Service,UPI
P03758,B03634,2025-12-10,Room + Service,Credit Card
P03759,B03635,2026-05-10,Room + Service,Digital Wallet
P03760,B03636,2026-08-07,Room,Credit Card
P03761,B03636,2026-08-03,Service,Debit Card
P03762,B03637,2025-03-08,Room + Service,Debit Card
P03763,B03638,2025-05-03,Room + Service,Credit Card
P03764,B03639,2025-09-19,Room + Service,UPI
P03765,B03640,2025-11-27,Room,Credit Card
P03766,B03641,2026-06-10,Room + Service,UPI
P03767,B03642,2026-07-30,Room + Service,UPI
P03768,B03644,2026-02-23,Room + Service,UPI
P03769,B03645,2024-04-11,Room + Service,UPI
P03770,B03646,2026-02-18,Room,Credit Card
P03771,B03647,2025-11-12,Room + Service,Digital Wallet
P03772,B03648,2024-01-30,Room,Debit Card
P03773,B03649,2024-10-19,Service,Credit Card
P03774,B03650,2025-08-03,Service,Credit Card
P03775,B03652,2026-01-12,Room + Service,UPI
P03776,B03653,2026-05-21,Room + Service,Digital Wallet
P03777,B03654,2026-03-25,Room,Debit Card
P03778,B03654,2026-03-24,Room,UPI
P03779,B03655,2026-06-09,Room,UPI
P03780,B03656,2025-04-26,Room,Net Banking
P03781,B03657,2025-10-29,Room,UPI
P03782,B03657,2025-10-23,Service,UPI
P03783,B03658,2026-06-07,Room,Credit Card
P03784,B03659,2026-07-23,Room,Digital Wallet
P03785,B03659,2026-07-25,Service,UPI
P03786,B03661,2024-12-17,Room,Credit Card
P03787,B03662,2025-05-23,Room,Credit Card
P03788,B03663,2025-07-06,Room + Service,Net Banking
P03789,B03665,2026-07-21,Room + Service,Credit Card
P03790,B03666,2026-05-24,Room,Net Banking
P03791,B03667,2024-03-12,Room + Service,Credit Card
P03792,B03668,2024-11-15,Room,Net Banking
P03793,B03668,2024-11-18,Service,Credit Card
P03794,B03669,2024-11-01,Room,UPI
P03795,B03670,2025-01-31,Room,UPI
P03796,B03671,2025-11-12,Room + Service,Digital Wallet
P03797,B03673,2026-07-30,Room + Service,UPI
P03798,B03674,2025-10-24,Room,Net Banking
P03799,B03674,2025-10-23,Room,Net Banking
P03800,B03676,2024-05-06,Room,Credit Card
P03801,B03676,2024-05-07,Service,UPI
P03802,B03677,2025-10-07,Room + Service,UPI
P03803,B03678,2026-07-11,Service,UPI
P03804,B03679,2026-06-14,Service,Net Banking
P03805,B03680,2026-08-20,Room + Service,UPI
P03806,B03681,2024-03-16,Service,Net Banking
P03807,B03682,2025-02-16,Room,UPI
P03808,B03683,2026-01-24,Service,Net Banking
P03809,B03684,2025-01-11,Room + Service,UPI
P03810,B03685,2025-09-11,Service,UPI
P03811,B03686,2024-07-11,Room,Debit Card
P03812,B03687,2026-05-08,Room,Credit Card
P03813,B03687,2026-05-06,Service,Credit Card
P03814,B03688,2026-08-11,Room,UPI
P03815,B03689,2026-07-12,Room,UPI
P03816,B03690,2026-08-19,Service,UPI
P03817,B03691,2024-12-27,Room + Service,UPI
P03818,B03692,2026-07-21,Room,UPI
P03819,B03693,2025-10-02,Room + Service,Net Banking
P03820,B03694,2025-03-27,Service,Net Banking
P03821,B03695,2025-06-23,Room + Service,Cash
P03822,B03696,2026-02-03,Room,Credit Card
P03823,B03698,2024-12-16,Room,Net Banking
P03824,B03699,2025-05-12,Room,Net Banking
P03825,B03700,2026-05-17,Room + Service,Net Banking
P03826,B03701,2025-08-11,Room,UPI
P03827,B03702,2025-12-12,Room,UPI
P03828,B03702,2025-12-13,Service,Digital Wallet
P03829,B03703,2026-06-10,Service,UPI
P03830,B03704,2025-06-23,Room + Service,UPI
P03831,B03705,2026-01-21,Room + Service,Digital Wallet
P03832,B03707,2024-10-23,Service,UPI
P03833,B03708,2026-08-19,Room,Credit Card
P03834,B03710,2025-06-02,Room + Service,Net Banking
P03835,B03711,2026-07-08,Room,UPI
P03836,B03712,2026-08-07,Room,Debit Card
P03837,B03712,2026-08-07,Room,Credit Card
P03838,B03713,2024-07-28,Room + Service,Debit Card
P03839,B03714,2025-04-09,Room + Service,UPI
P03840,B03716,2026-07-04,Room,Credit Card
P03841,B03717,2024-06-12,Room,UPI
P03842,B03717,2024-06-02,Room,UPI
P03843,B03718,2025-12-19,Room,Net Banking
P03844,B03718,2025-12-02,Service,UPI
P03845,B03719,2025-11-14,Room + Service,Credit Card
P03846,B03721,2026-02-20,Room + Service,UPI
P03847,B03722,2024-01-13,Room + Service,Debit Card
P03848,B03723,2024-08-14,Room + Service,UPI
P03849,B03724,2025-05-25,Room + Service,Credit Card
P03850,B03725,2026-01-12,Service,Credit Card
P03851,B03726,2025-05-28,Service,UPI
P03852,B03727,2026-06-01,Room + Service,Debit Card
P03853,B03728,2025-03-03,Room,UPI
P03854,B03729,2025-07-14,Room + Service,Credit Card
P03855,B03730,2024-11-25,Room + Service,Credit Card
P03856,B03731,2026-07-30,Service,UPI
P03857,B03732,2025-02-15,Room + Service,UPI
P03858,B03733,2025-05-19,Room,Net Banking
P03859,B03734,2026-05-07,Room + Service,Digital Wallet
P03860,B03735,2026-07-31,Room + Service,Net Banking
P03861,B03736,2024-01-07,Room + Service,Debit Card
P03862,B03737,2025-10-09,Room + Service,Net Banking
P03863,B03738,2024-06-24,Room,Debit Card
P03864,B03739,2026-08-20,Room + Service,Credit Card
P03865,B03740,2025-08-23,Room,UPI
P03866,B03741,2026-08-05,Room + Service,Credit Card
P03867,B03742,2025-05-30,Room,Credit Card
P03868,B03742,2025-05-29,Service,Cash
P03869,B03743,2024-07-24,Room + Service,Net Banking
P03870,B03744,2025-12-26,Room + Service,Net Banking
P03871,B03745,2026-04-22,Service,UPI
P03872,B03746,2024-03-08,Room,UPI
P03873,B03746,2024-03-31,Service,Credit Card
P03874,B03747,2024-08-01,Room,Credit Card
P03875,B03748,2026-02-17,Room,UPI
P03876,B03749,2026-05-14,Room,Net Banking
P03877,B03749,2026-05-16,Service,UPI
P03878,B03751,2025-12-31,Room,Credit Card
P03879,B03751,2025-12-28,Service,Credit Card
P03880,B03753,2025-06-18,Room,Credit Card
P03881,B03754,2026-07-28,Room + Service,Net Banking
P03882,B03755,2024-10-12,Service,UPI
P03883,B03756,2026-05-08,Room,UPI
P03884,B03757,2024-10-20,Room + Service,Credit Card
P03885,B03758,2025-06-16,Room + Service,UPI
P03886,B03759,2026-02-25,Service,Net Banking
P03887,B03760,2024-08-19,Room,UPI
P03888,B03760,2024-08-27,Service,Net Banking
P03889,B03761,2026-02-20,Service,Digital Wallet
P03890,B03762,2026-02-22,Room,UPI
P03891,B03763,2026-04-30,Room,Net Banking
P03892,B03763,2026-04-29,Service,UPI
P03893,B03764,2024-01-26,Room,Digital Wallet
P03894,B03765,2025-05-30,Room,UPI
P03895,B03766,2026-07-11,Room + Service,UPI
P03896,B03767,2024-03-19,Room,UPI
P03897,B03767,2024-03-14,Service,UPI
P03898,B03768,2024-08-13,Room,Debit Card
P03899,B03768,2024-08-12,Room,Credit Card
P03900,B03769,2025-05-24,Room,Credit Card
P03901,B03771,2025-10-04,Room,Credit Card
P03902,B03772,2026-08-14,Room + Service,Credit Card
P03903,B03773,2024-09-26,Room + Service,Debit Card
P03904,B03774,2025-10-10,Room + Service,Credit Card
P03905,B03776,2025-03-16,Room + Service,Cash
P03906,B03777,2025-12-19,Room + Service,Credit Card
P03907,B03778,2026-06-29,Room,Cash
P03908,B03779,2025-11-16,Room,UPI
P03909,B03779,2025-11-18,Service,Credit Card
P03910,B03780,2025-08-23,Room,Credit Card
P03911,B03781,2025-10-02,Room + Service,Credit Card
P03912,B03782,2025-05-11,Service,UPI
P03913,B03783,2026-02-27,Service,Credit Card
P03914,B03786,2025-02-11,Room,Credit Card
P03915,B03787,2026-05-12,Room + Service,Debit Card
P03916,B03788,2024-07-25,Room + Service,Net Banking
P03917,B03789,2026-06-29,Room,Net Banking
P03918,B03791,2026-05-02,Room + Service,Debit Card
P03919,B03792,2026-08-12,Room + Service,Credit Card
P03920,B03793,2024-09-23,Room + Service,UPI
P03921,B03794,2026-02-04,Room + Service,Digital Wallet
P03922,B03795,2025-06-04,Room,Credit Card
P03923,B03796,2026-03-08,Room + Service,Net Banking
P03924,B03797,2024-09-01,Room,Credit Card
P03925,B03798,2025-03-17,Room + Service,UPI
P03926,B03799,2025-10-22,Room,UPI
P03927,B03799,2025-10-29,Service,Net Banking
P03928,B03800,2024-02-17,Room,Credit Card
P03929,B03801,2025-12-19,Room + Service,Debit Card
P03930,B03802,2026-01-20,Room + Service,UPI
P03931,B03803,2025-12-30,Room,Debit Card
P03932,B03804,2026-05-30,Room,UPI
P03933,B03805,2024-05-11,Room,Credit Card
P03934,B03806,2026-07-08,Room + Service,Credit Card
P03935,B03807,2026-07-12,Room,Credit Card
P03936,B03807,2026-07-16,Service,Net Banking
P03937,B03808,2024-09-16,Room + Service,UPI
P03938,B03809,2025-10-01,Service,Net Banking
P03939,B03810,2026-03-14,Service,UPI
P03940,B03811,2024-02-09,Room,Credit Card
P03941,B03811,2024-02-05,Service,Net Banking
P03942,B03812,2025-01-30,Room,UPI
P03943,B03812,2025-02-16,Service,Digital Wallet
P03944,B03813,2026-04-12,Room + Service,Net Banking
P03945,B03814,2024-02-08,Room,Credit Card
P03946,B03815,2024-08-27,Room + Service,UPI
P03947,B03816,2024-01-19,Room + Service,UPI
P03948,B03817,2026-04-05,Service,UPI
P03949,B03818,2024-09-08,Room,UPI
P03950,B03819,2026-01-11,Room,UPI
P03951,B03820,2026-02-27,Room + Service,UPI
P03952,B03821,2024-09-14,Room + Service,Debit Card
P03953,B03822,2026-03-12,Room + Service,Credit Card
P03954,B03823,2025-11-20,Room + Service,UPI
P03955,B03824,2026-07-06,Room,Credit Card
P03956,B03825,2024-12-25,Room,Credit Card
P03957,B03825,2024-12-08,Service,UPI
P03958,B03826,2026-04-23,Room + Service,Debit Card
P03959,B03827,2025-09-28,Service,UPI
P03960,B03828,2026-07-15,Room,UPI
P03961,B03828,2026-07-12,Service,Net Banking
P03962,B03829,2024-12-13,Room,Credit Card
P03963,B03829,2024-12-12,Room,Net Banking
P03964,B03830,2024-12-30,Room,Net Banking
P03965,B03832,2026-03-04,Service,Credit Card
P03966,B03833,2026-04-13,Service,UPI
P03967,B03835,2026-03-12,Room,Debit Card
P03968,B03837,2026-03-29,Room + Service,Digital Wallet
P03969,B03838,2026-08-25,Room,Net Banking
P03970,B03839,2026-06-10,Service,Net Banking
P03971,B03841,2026-02-13,Room,UPI
P03972,B03841,2026-02-16,Service,Net Banking
P03973,B03843,2024-03-12,Room + Service,UPI
P03974,B03844,2024-09-23,Room,Debit Card
P03975,B03845,2024-09-13,Room + Service,UPI
P03976,B03846,2025-10-21,Room + Service,Debit Card
P03977,B03847,2026-01-15,Room,UPI
P03978,B03847,2026-01-16,Service,Net Banking
P03979,B03848,2026-08-28,Room + Service,Credit Card
P03980,B03849,2025-09-19,Room + Service,UPI
P03981,B03850,2025-03-08,Room + Service,Debit Card
P03982,B03851,2025-09-06,Room + Service,UPI
P03983,B03852,2026-02-12,Room,Net Banking
P03984,B03853,2026-06-30,Room,Debit Card
P03985,B03854,2026-07-19,Room + Service,Cash
P03986,B03855,2024-11-01,Service,Debit Card
P03987,B03856,2026-01-20,Room,Net Banking
P03988,B03856,2026-01-17,Room,UPI
P03989,B03857,2026-04-15,Room,Debit Card
P03990,B03858,2025-01-14,Room,Net Banking
P03991,B03859,2025-08-05,Room,Credit Card
P03992,B03860,2026-06-05,Service,Debit Card
P03993,B03861,2024-03-20,Room,Net Banking
P03994,B03861,2024-03-17,Service,Credit Card
P03995,B03862,2025-08-22,Room + Service,Net Banking
P03996,B03863,2025-09-29,Room + Service,Credit Card
P03997,B03864,2026-05-08,Room,Debit Card
P03998,B03864,2026-04-14,Service,Credit Card
P03999,B03865,2024-05-08,Room + Service,Net Banking
P04000,B03866,2025-12-03,Room + Service,Net Banking
P04001,B03867,2026-04-30,Service,Net Banking
P04002,B03869,2025-01-21,Room,Digital Wallet
P04003,B03869,2025-01-11,Service,UPI
P04004,B03870,2025-12-26,Room + Service,Digital Wallet
P04005,B03872,2026-05-23,Room,Net Banking
P04006,B03872,2026-05-26,Room,Credit Card
P04007,B03873,2026-01-31,Room + Service,Cash
P04008,B03874,2026-06-23,Room + Service,Debit Card
P04009,B03875,2026-08-08,Room + Service,UPI
P04010,B03876,2025-06-27,Service,UPI
P04011,B03877,2024-12-04,Room,Credit Card
P04012,B03879,2026-08-05,Room,Net Banking
P04013,B03880,2025-05-31,Room,Credit Card
P04014,B03881,2025-07-31,Room,Net Banking
P04015,B03882,2025-09-14,Room + Service,UPI
P04016,B03883,2026-04-08,Room + Service,UPI
P04017,B03884,2024-08-14,Room + Service,UPI
P04018,B03885,2025-12-13,Service,Credit Card
P04019,B03886,2025-01-28,Room + Service,Credit Card
P04020,B03887,2026-02-27,Room + Service,UPI
P04021,B03888,2026-07-12,Room + Service,UPI
P04022,B03889,2026-08-20,Room + Service,Debit Card
P04023,B03890,2024-02-05,Service,Credit Card
P04024,B03891,2026-01-03,Room + Service,UPI
P04025,B03892,2025-04-26,Service,Credit Card
P04026,B03893,2024-12-27,Room + Service,Credit Card
P04027,B03894,2024-08-29,Room + Service,UPI
P04028,B03895,2025-10-22,Room,UPI
P04029,B03896,2026-06-26,Room,Credit Card
P04030,B03896,2026-07-06,Room,UPI
P04031,B03897,2026-02-20,Room,Credit Card
P04032,B03898,2025-07-05,Room + Service,Net Banking
P04033,B03900,2024-10-03,Room + Service,UPI
P04034,B03902,2025-02-07,Room,Debit Card
P04035,B03903,2025-08-21,Room,Credit Card
P04036,B03904,2024-03-20,Room,Credit Card
P04037,B03905,2024-08-03,Room + Service,UPI
P04038,B03906,2026-06-25,Room,Debit Card
P04039,B03907,2026-08-19,Room + Service,UPI
P04040,B03908,2024-02-25,Room + Service,UPI
P04041,B03909,2026-02-15,Room,Debit Card
P04042,B03910,2026-06-28,Service,UPI
P04043,B03911,2025-10-16,Room + Service,Credit Card
P04044,B03912,2026-01-24,Room,UPI
P04045,B03913,2026-03-15,Room,UPI
P04046,B03914,2024-02-21,Room + Service,Credit Card
P04047,B03916,2024-11-21,Service,Cash
P04048,B03917,2026-01-29,Room + Service,Cash
P04049,B03918,2024-08-20,Room + Service,Debit Card
P04050,B03919,2025-10-13,Room,Credit Card
P04051,B03919,2025-10-16,Room,UPI
P04052,B03920,2025-07-23,Room,Credit Card
P04053,B03920,2025-07-25,Room,Net Banking
P04054,B03921,2026-03-10,Room,UPI
P04055,B03922,2024-07-03,Room + Service,UPI
P04056,B03923,2025-12-26,Room,Debit Card
P04057,B03925,2026-06-06,Room + Service,Credit Card
P04058,B03926,2026-07-31,Room,UPI
P04059,B03926,2026-08-02,Service,Debit Card
P04060,B03927,2024-10-31,Room,Debit Card
P04061,B03928,2025-04-25,Room + Service,Cash
P04062,B03929,2025-12-10,Room + Service,UPI
P04063,B03930,2026-02-13,Room + Service,Digital Wallet
P04064,B03931,2025-11-14,Room + Service,Credit Card
P04065,B03932,2026-03-25,Room + Service,Net Banking
P04066,B03934,2024-05-02,Room + Service,Net Banking
P04067,B03935,2024-01-18,Room,Credit Card
P04068,B03935,2024-01-21,Service,UPI
P04069,B03937,2025-03-07,Room + Service,Digital Wallet
P04070,B03938,2025-09-10,Room + Service,Net Banking
P04071,B03939,2024-10-22,Room,Cash
P04072,B03939,2024-10-19,Room,UPI
P04073,B03940,2026-03-14,Room + Service,UPI
P04074,B03941,2026-07-19,Room,Cash
P04075,B03941,2026-07-16,Service,Credit Card
P04076,B03942,2025-08-12,Room,UPI
P04077,B03944,2025-06-17,Room,UPI
P04078,B03945,2024-01-30,Room + Service,Credit Card
P04079,B03946,2026-08-07,Room + Service,Credit Card
P04080,B03947,2025-09-22,Room,Digital Wallet
P04081,B03948,2025-10-30,Room + Service,Debit Card
P04082,B03949,2025-12-31,Room,UPI
P04083,B03950,2024-06-13,Room + Service,UPI
P04084,B03951,2026-07-28,Room + Service,UPI
P04085,B03952,2024-01-26,Room + Service,Credit Card
P04086,B03953,2026-01-29,Room + Service,Net Banking
P04087,B03954,2026-05-31,Room + Service,Credit Card
P04088,B03955,2026-08-01,Room,UPI
P04089,B03956,2024-11-14,Room + Service,Credit Card
P04090,B03957,2026-05-16,Room,UPI
P04091,B03958,2026-06-29,Room + Service,UPI
P04092,B03959,2024-05-25,Room + Service,Credit Card
P04093,B03960,2025-11-16,Room,UPI
P04094,B03960,2025-11-19,Service,Cash
P04095,B03961,2026-03-03,Room,Debit Card
P04096,B03962,2026-04-02,Room + Service,Credit Card
P04097,B03963,2025-12-04,Room,UPI
P04098,B03963,2025-11-22,Room,UPI
P04099,B03965,2025-08-08,Room + Service,Net Banking
P04100,B03966,2025-10-20,Room + Service,UPI
P04101,B03967,2024-02-22,Room + Service,UPI
P04102,B03968,2024-06-03,Room + Service,Debit Card
P04103,B03969,2024-09-10,Service,UPI
P04104,B03970,2025-04-29,Room,UPI
P04105,B03973,2024-04-03,Room,Credit Card
P04106,B03974,2025-06-28,Room,UPI
P04107,B03975,2026-06-25,Room,Net Banking
P04108,B03976,2026-05-10,Room + Service,Debit Card
P04109,B03978,2024-06-08,Room,Credit Card
P04110,B03979,2024-10-12,Room + Service,Net Banking
P04111,B03980,2026-06-08,Room + Service,Debit Card
P04112,B03981,2026-08-06,Room + Service,Credit Card
P04113,B03982,2025-11-28,Room + Service,Credit Card
P04114,B03983,2026-02-23,Room + Service,Credit Card
P04115,B03984,2025-06-13,Service,Credit Card
P04116,B03985,2025-10-21,Room,UPI
P04117,B03986,2026-02-20,Room,UPI
P04118,B03986,2026-02-24,Service,UPI
P04119,B03987,2026-07-10,Room,Credit Card
P04120,B03988,2026-07-29,Room,Credit Card
P04121,B03989,2024-04-08,Room,Net Banking
P04122,B03993,2026-01-29,Room,Net Banking
P04123,B03994,2025-04-18,Room,Debit Card
P04124,B03995,2025-06-13,Room + Service,Credit Card
P04125,B03996,2024-04-28,Service,Credit Card
P04126,B03997,2024-10-24,Room + Service,Credit Card
P04127,B03998,2025-08-26,Room + Service,Debit Card
P04128,B03999,2026-02-23,Room,Credit Card
P04129,B04000,2026-02-24,Room,Net Banking
P04130,B04000,2026-02-11,Room,Credit Card
P04131,B04001,2026-05-15,Room,Credit Card
P04132,B04002,2026-07-30,Room + Service,UPI
P04133,B04003,2025-11-24,Room + Service,Credit Card
P04134,B04004,2024-03-18,Room,Credit Card
P04135,B04004,2024-03-16,Service,UPI
P04136,B04005,2026-05-19,Service,Credit Card
P04137,B04006,2025-08-12,Room + Service,Debit Card
P04138,B04007,2026-02-24,Service,UPI
P04139,B04008,2025-07-17,Room,UPI
P04140,B04009,2024-12-17,Room,UPI
P04141,B04009,2024-12-04,Service,Credit Card
P04142,B04011,2026-01-08,Room,UPI
P04143,B04012,2024-02-08,Service,Credit Card
P04144,B04013,2024-03-21,Room,Credit Card
P04145,B04014,2025-07-07,Service,UPI
P04146,B04016,2025-06-25,Room,Credit Card
P04147,B04017,2025-10-20,Room,Credit Card
P04148,B04018,2026-05-01,Room,Credit Card
P04149,B04019,2025-04-07,Room + Service,UPI
P04150,B04020,2025-06-26,Service,Digital Wallet
P04151,B04021,2026-01-18,Room + Service,Digital Wallet
P04152,B04022,2026-07-06,Room,Credit Card
P04153,B04022,2026-07-24,Service,Net Banking
P04154,B04023,2025-12-29,Room,UPI
P04155,B04024,2026-03-10,Room,UPI
P04156,B04025,2026-06-25,Room,Net Banking
P04157,B04026,2025-06-18,Room + Service,Debit Card
P04158,B04027,2025-12-11,Service,UPI
P04159,B04029,2026-01-27,Room + Service,Debit Card
P04160,B04030,2024-02-26,Room,Credit Card
P04161,B04030,2024-02-21,Service,Net Banking
P04162,B04031,2025-05-09,Service,Credit Card
P04163,B04032,2026-03-16,Room,Net Banking
P04164,B04033,2026-07-08,Room + Service,UPI
P04165,B04034,2026-08-22,Service,Debit Card
P04166,B04035,2024-10-24,Room + Service,Net Banking
P04167,B04036,2025-02-26,Room,Credit Card
P04168,B04037,2026-06-29,Room + Service,Debit Card
P04169,B04038,2025-10-03,Room + Service,UPI
P04170,B04039,2025-11-07,Room,UPI
P04171,B04041,2025-04-16,Room + Service,UPI
P04172,B04042,2026-01-29,Room,Debit Card
P04173,B04042,2026-01-10,Service,Digital Wallet
P04174,B04043,2025-06-29,Room + Service,Net Banking
P04175,B04044,2026-06-13,Service,Credit Card
P04176,B04045,2024-01-12,Room + Service,Digital Wallet
P04177,B04046,2026-04-02,Service,UPI
P04178,B04047,2025-03-01,Room,Debit Card
P04179,B04048,2026-02-18,Room,Debit Card
P04180,B04049,2026-08-09,Room,Credit Card
P04181,B04050,2026-05-27,Service,Debit Card
P04182,B04051,2026-06-30,Room,UPI
P04183,B04052,2024-10-12,Room,Credit Card
P04184,B04052,2024-10-16,Room,UPI
P04185,B04053,2025-08-05,Room,UPI
P04186,B04055,2025-10-19,Service,Credit Card
P04187,B04056,2026-05-05,Room,UPI
P04188,B04056,2026-04-30,Service,UPI
P04189,B04057,2024-11-12,Room + Service,UPI
P04190,B04058,2026-06-12,Room + Service,UPI
P04191,B04059,2024-01-18,Room,Credit Card
P04192,B04059,2024-01-07,Room,Credit Card
P04193,B04060,2025-08-12,Room,Credit Card
P04194,B04061,2024-01-31,Room,UPI
P04195,B04062,2026-02-11,Service,Digital Wallet
P04196,B04063,2026-05-17,Room + Service,Digital Wallet
P04197,B04064,2024-01-30,Room + Service,Credit Card
P04198,B04065,2024-08-06,Room,Credit Card
P04199,B04066,2026-03-30,Room + Service,Credit Card
P04200,B04067,2026-04-26,Room,UPI
P04201,B04067,2026-05-18,Room,UPI
P04202,B04068,2026-07-03,Room,Credit Card
P04203,B04069,2024-12-19,Room,Credit Card
P04204,B04070,2026-04-26,Room + Service,UPI
P04205,B04071,2024-07-29,Room + Service,Debit Card
P04206,B04072,2026-03-04,Service,Digital Wallet
P04207,B04073,2026-08-08,Room + Service,Debit Card
P04208,B04074,2025-05-18,Room + Service,Credit Card
P04209,B04075,2026-05-12,Service,Cash
P04210,B04076,2026-06-25,Room + Service,UPI
P04211,B04077,2024-02-08,Room,Net Banking
P04212,B04077,2024-02-02,Service,Net Banking
P04213,B04079,2025-07-07,Room + Service,Debit Card
P04214,B04080,2024-11-09,Room + Service,UPI
P04215,B04081,2025-10-04,Room,Cash
P04216,B04081,2025-10-04,Room,Credit Card
P04217,B04082,2026-01-07,Service,UPI
P04218,B04083,2024-10-09,Room,UPI
P04219,B04083,2024-10-11,Service,UPI
P04220,B04084,2026-03-24,Room,UPI
P04221,B04085,2025-06-22,Room,Credit Card
P04222,B04086,2026-01-16,Room + Service,Credit Card
P04223,B04087,2025-09-12,Room,Credit Card
P04224,B04087,2025-09-22,Service,UPI
P04225,B04089,2026-01-05,Room + Service,UPI
P04226,B04090,2026-06-29,Room + Service,Credit Card
P04227,B04091,2025-05-15,Room,Digital Wallet
P04228,B04091,2025-05-08,Room,Credit Card
P04229,B04093,2026-02-24,Room,Credit Card
P04230,B04093,2026-02-16,Room,Digital Wallet
P04231,B04094,2024-01-22,Room + Service,UPI
P04232,B04095,2026-05-01,Room + Service,Credit Card
P04233,B04096,2026-07-06,Room,UPI
P04234,B04097,2024-06-29,Room,Credit Card
P04235,B04098,2024-03-22,Room,Net Banking
P04236,B04099,2024-10-15,Room + Service,Credit Card
P04237,B04100,2025-07-06,Service,Net Banking
P04238,B04101,2025-12-21,Room + Service,Credit Card
P04239,B04102,2026-07-18,Room + Service,Credit Card
P04240,B04106,2024-01-22,Room,UPI
P04241,B04107,2026-02-09,Room + Service,Credit Card
P04242,B04108,2025-07-11,Room,Cash
P04243,B04109,2026-03-16,Room + Service,Net Banking
P04244,B04110,2026-07-17,Room,UPI
P04245,B04111,2025-11-08,Room + Service,UPI
P04246,B04112,2026-02-01,Room + Service,Debit Card
P04247,B04113,2026-08-23,Room,Credit Card
P04248,B04113,2026-08-28,Service,Credit Card
P04249,B04114,2024-02-18,Room + Service,UPI
P04250,B04115,2026-03-08,Room + Service,Credit Card
P04251,B04116,2025-04-12,Room + Service,UPI
P04252,B04117,2026-02-26,Room + Service,UPI
P04253,B04119,2026-02-19,Room,Credit Card
P04254,B04121,2026-06-27,Service,Credit Card
P04255,B04122,2026-08-15,Room + Service,UPI
P04256,B04123,2024-09-28,Service,Debit Card
P04257,B04124,2024-11-04,Room + Service,UPI
P04258,B04125,2026-01-02,Room,Net Banking
P04259,B04126,2026-07-27,Room,Debit Card
P04260,B04126,2026-07-16,Service,UPI
P04261,B04127,2026-08-30,Service,Credit Card
P04262,B04128,2024-10-13,Room + Service,UPI
P04263,B04129,2026-05-28,Room,Credit Card
P04264,B04130,2026-03-21,Room,Net Banking
P04265,B04130,2026-03-08,Service,UPI
P04266,B04131,2026-05-02,Room,Credit Card
P04267,B04132,2026-01-11,Room + Service,Net Banking
P04268,B04134,2025-06-19,Service,UPI
P04269,B04135,2025-09-23,Room,Credit Card
P04270,B04136,2026-05-11,Room + Service,UPI
P04271,B04137,2024-07-12,Room,Credit Card
P04272,B04138,2025-09-15,Room,Debit Card
P04273,B04139,2026-07-08,Room,Debit Card
P04274,B04140,2024-02-16,Room,Net Banking
P04275,B04142,2025-11-10,Room + Service,Net Banking
P04276,B04143,2024-01-19,Room + Service,UPI
P04277,B04144,2025-08-26,Room + Service,Debit Card
P04278,B04145,2026-03-05,Room,Credit Card
P04279,B04145,2026-03-07,Room,UPI
P04280,B04146,2026-08-20,Room,Net Banking
P04281,B04147,2024-09-28,Room,UPI
P04282,B04148,2026-04-12,Room,Credit Card
P04283,B04149,2026-06-15,Service,Credit Card
P04284,B04150,2026-02-14,Service,Net Banking
P04285,B04151,2026-02-17,Room,UPI
P04286,B04152,2026-03-06,Room + Service,Debit Card
P04287,B04153,2026-08-06,Service,Net Banking
P04288,B04154,2024-03-06,Room + Service,UPI
P04289,B04155,2026-04-15,Room + Service,Debit Card
P04290,B04157,2026-01-22,Service,Net Banking
P04291,B04158,2025-03-04,Room,UPI
P04292,B04158,2025-03-04,Service,Credit Card
P04293,B04159,2025-09-23,Room + Service,Debit Card
P04294,B04160,2026-02-03,Service,Digital Wallet
P04295,B04161,2024-07-25,Room,Net Banking
P04296,B04162,2024-12-02,Room + Service,Debit Card
P04297,B04163,2025-10-06,Room + Service,UPI
P04298,B04164,2025-12-21,Room + Service,Debit Card
P04299,B04165,2024-02-11,Room + Service,UPI
P04300,B04166,2026-02-12,Room + Service,Credit Card
P04301,B04167,2025-10-13,Service,UPI
P04302,B04168,2026-02-11,Room,UPI
P04303,B04169,2026-07-10,Room,Credit Card
P04304,B04170,2025-01-07,Room + Service,Digital Wallet
P04305,B04171,2026-01-10,Service,UPI
P04306,B04172,2025-04-27,Room + Service,UPI
P04307,B04173,2026-05-18,Room,UPI
P04308,B04174,2026-07-28,Room + Service,Digital Wallet
P04309,B04175,2025-08-04,Room,UPI
P04310,B04176,2026-05-16,Room,Credit Card
P04311,B04177,2024-10-28,Room,Digital Wallet
P04312,B04179,2026-02-10,Room + Service,UPI
P04313,B04180,2026-05-07,Service,Debit Card
P04314,B04181,2026-01-17,Service,Credit Card
P04315,B04182,2026-08-10,Room + Service,Credit Card
P04316,B04183,2025-04-21,Room,UPI
P04317,B04183,2025-04-15,Service,Credit Card
P04318,B04185,2026-03-01,Room + Service,Debit Card
P04319,B04186,2024-05-17,Room + Service,Credit Card
P04320,B04187,2024-04-05,Service,Cash
P04321,B04188,2025-04-07,Room,UPI
P04322,B04189,2024-03-04,Room,Debit Card
P04323,B04189,2024-03-03,Service,UPI
P04324,B04190,2025-03-03,Room,Cash
P04325,B04190,2025-03-17,Service,Credit Card
P04326,B04192,2025-06-14,Room + Service,Debit Card
P04327,B04194,2026-01-07,Room,Net Banking
P04328,B04194,2025-12-10,Service,Credit Card
P04329,B04195,2024-10-25,Room,Cash
P04330,B04195,2024-10-22,Service,Credit Card
P04331,B04196,2024-05-24,Room,Credit Card
P04332,B04197,2024-08-07,Room,Credit Card
P04333,B04198,2025-03-09,Room,Credit Card
P04334,B04199,2025-06-29,Room + Service,UPI
P04335,B04200,2025-11-18,Room + Service,Net Banking
P04336,B04201,2026-01-24,Room + Service,Credit Card
P04337,B04202,2025-01-15,Room + Service,Net Banking
P04338,B04203,2024-02-10,Room,Credit Card
P04339,B04203,2024-02-07,Service,Net Banking
P04340,B04205,2026-02-14,Room,Debit Card
P04341,B04206,2026-04-21,Room + Service,UPI
P04342,B04207,2025-05-02,Service,Net Banking
P04343,B04208,2025-08-14,Room,Debit Card
P04344,B04208,2025-08-20,Room,Net Banking
P04345,B04210,2024-04-25,Room + Service,UPI
P04346,B04211,2025-02-28,Room + Service,Digital Wallet
P04347,B04212,2024-01-27,Service,Credit Card
P04348,B04213,2024-11-06,Room + Service,UPI
P04349,B04214,2025-04-20,Room + Service,Credit Card
P04350,B04215,2025-03-03,Room + Service,Debit Card
P04351,B04217,2026-07-30,Room + Service,Net Banking
P04352,B04218,2025-06-17,Room + Service,UPI
P04353,B04219,2025-12-06,Room,Credit Card
P04354,B04220,2024-09-10,Room,Net Banking
P04355,B04220,2024-09-09,Service,Digital Wallet
P04356,B04221,2025-06-11,Room + Service,UPI
P04357,B04222,2024-01-10,Room + Service,UPI
P04358,B04223,2024-10-25,Room,UPI
P04359,B04225,2026-03-04,Room,UPI
P04360,B04227,2026-03-17,Service,UPI
P04361,B04228,2025-03-28,Room + Service,Debit Card
P04362,B04229,2025-11-02,Room,Credit Card
P04363,B04230,2024-01-22,Room,Credit Card
P04364,B04232,2026-06-15,Room,Debit Card
P04365,B04233,2026-07-04,Room + Service,Credit Card
P04366,B04235,2024-09-29,Room,Credit Card
P04367,B04236,2025-09-26,Room,Credit Card
P04368,B04236,2025-10-01,Room,UPI
P04369,B04237,2024-11-02,Room,Net Banking
P04370,B04237,2024-11-25,Service,Credit Card
P04371,B04238,2026-03-24,Room,Debit Card
P04372,B04239,2024-01-28,Room,Debit Card
P04373,B04240,2024-12-01,Service,UPI
P04374,B04241,2026-07-14,Service,Net Banking
P04375,B04242,2024-10-30,Room + Service,Debit Card
P04376,B04243,2024-12-10,Room,Credit Card
P04377,B04244,2025-11-06,Room + Service,Net Banking
P04378,B04246,2026-07-24,Room + Service,Credit Card
P04379,B04247,2026-08-26,Room,UPI
P04380,B04247,2026-08-18,Service,UPI
P04381,B04248,2024-12-26,Room,Digital Wallet
P04382,B04248,2025-01-01,Room,Debit Card
P04383,B04249,2024-09-02,Room,UPI
P04384,B04250,2025-02-15,Room + Service,Credit Card
P04385,B04252,2024-07-28,Room + Service,UPI
P04386,B04253,2025-12-17,Room + Service,Credit Card
P04387,B04255,2025-02-11,Room + Service,Debit Card
P04388,B04256,2026-03-15,Service,Debit Card
P04389,B04257,2024-11-29,Room + Service,Credit Card
P04390,B04258,2026-02-11,Room + Service,Debit Card
P04391,B04260,2025-05-04,Service,Digital Wallet
P04392,B04261,2025-07-07,Service,Net Banking
P04393,B04262,2026-02-16,Room + Service,Credit Card
P04394,B04263,2025-02-20,Room,UPI
P04395,B04263,2025-02-19,Service,UPI
P04396,B04264,2024-01-08,Room,Cash
P04397,B04265,2025-03-22,Room,Credit Card
P04398,B04266,2025-04-24,Service,Net Banking
P04399,B04267,2024-02-06,Room,Net Banking
P04400,B04267,2024-02-10,Service,Credit Card
P04401,B04268,2024-07-01,Service,Debit Card
P04402,B04269,2025-09-25,Service,Credit Card
P04403,B04270,2024-01-15,Room,Credit Card
P04404,B04270,2024-01-17,Service,Net Banking
P04405,B04271,2026-08-25,Service,Net Banking
P04406,B04272,2026-07-04,Room,UPI
P04407,B04272,2026-07-13,Service,UPI
P04408,B04274,2025-01-11,Room,Net Banking
P04409,B04274,2025-01-21,Service,Cash
P04410,B04275,2025-11-16,Room + Service,Credit Card
P04411,B04276,2025-03-10,Room,Credit Card
P04412,B04276,2025-03-15,Room,Credit Card
P04413,B04277,2024-01-05,Room + Service,UPI
P04414,B04279,2026-04-07,Room,Net Banking
P04415,B04280,2026-07-20,Room + Service,Credit Card
P04416,B04281,2024-02-18,Room,UPI
P04417,B04281,2024-02-25,Service,Credit Card
P04418,B04282,2024-04-17,Room + Service,UPI
P04419,B04283,2025-02-03,Room + Service,UPI
P04420,B04284,2024-11-18,Room + Service,Net Banking
P04421,B04286,2026-07-24,Room + Service,Credit Card
P04422,B04287,2025-11-28,Room,UPI
P04423,B04288,2026-02-27,Room,UPI
P04424,B04289,2026-07-09,Room + Service,UPI
P04425,B04290,2024-02-27,Room + Service,UPI
P04426,B04291,2024-08-28,Service,UPI
P04427,B04292,2025-03-09,Room + Service,UPI
P04428,B04293,2026-02-28,Service,Credit Card
P04429,B04294,2024-10-31,Room + Service,Credit Card
P04430,B04295,2026-04-23,Room + Service,Credit Card
P04431,B04296,2025-02-10,Room + Service,UPI
P04432,B04297,2026-04-11,Room,Net Banking
P04433,B04299,2026-08-22,Room + Service,Debit Card
P04434,B04300,2024-08-24,Service,Credit Card
P04435,B04301,2026-01-30,Service,UPI
P04436,B04302,2026-05-08,Room,Debit Card
P04437,B04302,2026-05-22,Service,Credit Card
P04438,B04303,2025-12-09,Room,UPI
P04439,B04303,2025-12-07,Service,Credit Card
P04440,B04304,2026-07-13,Room,Credit Card
P04441,B04305,2025-01-03,Room,Credit Card
P04442,B04305,2025-01-02,Service,UPI
P04443,B04306,2025-12-15,Room,Debit Card
P04444,B04307,2026-01-09,Room,Credit Card
P04445,B04308,2026-03-04,Room,Credit Card
P04446,B04310,2024-01-05,Room,Credit Card
P04447,B04310,2024-01-09,Service,Digital Wallet
P04448,B04311,2024-06-20,Room,UPI
P04449,B04311,2024-06-20,Service,Net Banking
P04450,B04312,2024-11-05,Room + Service,Credit Card
P04451,B04314,2025-09-14,Service,Net Banking
P04452,B04315,2026-04-28,Room,UPI
P04453,B04317,2025-10-21,Service,Credit Card
P04454,B04318,2026-05-29,Room + Service,Credit Card
P04455,B04319,2026-07-23,Room,Debit Card
P04456,B04319,2026-07-19,Service,Digital Wallet
P04457,B04320,2025-02-11,Room,UPI
P04458,B04321,2025-06-02,Room,Credit Card
P04459,B04322,2025-12-10,Room + Service,UPI
P04460,B04324,2025-08-14,Room + Service,Credit Card
P04461,B04325,2026-01-14,Service,Net Banking
P04462,B04326,2026-03-04,Room + Service,Net Banking
P04463,B04327,2026-07-30,Room + Service,Net Banking
P04464,B04328,2024-03-19,Room + Service,Credit Card
P04465,B04329,2025-02-08,Room,UPI
P04466,B04330,2024-01-31,Room + Service,Debit Card
P04467,B04332,2026-02-23,Room,Net Banking
P04468,B04333,2026-04-05,Room + Service,Debit Card
P04469,B04334,2024-06-19,Room,Net Banking
P04470,B04335,2025-05-15,Room,Credit Card
P04471,B04336,2026-05-04,Room,Cash
P04472,B04336,2026-05-03,Service,Net Banking
P04473,B04337,2025-02-09,Room,Credit Card
P04474,B04339,2024-09-22,Room,Net Banking
P04475,B04340,2026-02-10,Room + Service,Net Banking
P04476,B04341,2026-03-14,Room + Service,UPI
P04477,B04342,2024-03-22,Room + Service,UPI
P04478,B04344,2024-05-27,Room + Service,UPI
P04479,B04345,2024-07-17,Room,Credit Card
P04480,B04346,2025-01-13,Service,Debit Card
P04481,B04347,2025-04-19,Room,UPI
P04482,B04348,2025-06-22,Room,Credit Card
P04483,B04348,2025-06-14,Service,Cash
P04484,B04349,2025-04-13,Room,Net Banking
P04485,B04350,2026-08-20,Room + Service,Debit Card
P04486,B04351,2024-12-21,Room + Service,Net Banking
P04487,B04353,2026-05-03,Room + Service,UPI
P04488,B04354,2026-07-28,Service,UPI
P04489,B04355,2025-03-17,Room + Service,UPI
P04490,B04356,2026-01-17,Room + Service,Net Banking
P04491,B04357,2026-04-07,Room,Debit Card
P04492,B04358,2024-09-20,Room + Service,Net Banking
P04493,B04360,2026-06-20,Room,UPI
P04494,B04360,2026-06-16,Service,Credit Card
P04495,B04362,2026-08-22,Room + Service,Credit Card
P04496,B04363,2024-11-12,Room,UPI
P04497,B04363,2024-11-29,Service,Credit Card
P04498,B04364,2026-03-07,Room + Service,UPI
P04499,B04365,2024-11-19,Room + Service,Credit Card
P04500,B04366,2025-10-31,Room + Service,UPI
P04501,B04367,2025-01-30,Room,UPI
P04502,B04367,2025-02-02,Service,UPI
P04503,B04368,2024-01-05,Room + Service,UPI
P04504,B04369,2026-02-17,Room,Cash
P04505,B04371,2024-11-26,Room + Service,Debit Card
P04506,B04374,2025-05-26,Room,Credit Card
P04507,B04375,2026-03-06,Service,Net Banking
P04508,B04376,2026-07-17,Room + Service,Debit Card
P04509,B04377,2024-09-11,Room,Credit Card
P04510,B04378,2024-03-03,Room,Credit Card
P04511,B04378,2024-02-06,Room,Debit Card
P04512,B04379,2026-05-24,Room,Net Banking
P04513,B04380,2026-07-15,Room + Service,Net Banking
P04514,B04382,2024-08-23,Room,UPI
P04515,B04382,2024-08-24,Room,Credit Card
P04516,B04383,2025-08-19,Room,Credit Card
P04517,B04384,2026-08-17,Room,Debit Card
P04518,B04385,2024-06-10,Room + Service,Debit Card
P04519,B04386,2026-04-21,Room,UPI
P04520,B04387,2026-06-20,Room + Service,Debit Card
P04521,B04388,2024-09-04,Room,UPI
P04522,B04389,2024-01-13,Room + Service,Debit Card
P04523,B04390,2024-02-03,Service,Debit Card
P04524,B04391,2026-01-10,Room + Service,UPI
P04525,B04392,2026-06-13,Service,Debit Card
P04526,B04393,2026-08-23,Room + Service,Net Banking
P04527,B04394,2025-08-17,Room,UPI
P04528,B04395,2025-12-05,Room + Service,Digital Wallet
P04529,B04396,2026-04-26,Room + Service,Debit Card
P04530,B04397,2025-09-22,Room,Credit Card
P04531,B04400,2024-02-09,Room,Net Banking
P04532,B04401,2025-11-29,Service,UPI
P04533,B04402,2026-05-30,Service,Credit Card
P04534,B04404,2024-07-03,Room + Service,UPI
P04535,B04405,2025-06-02,Room,UPI
P04536,B04406,2025-12-22,Room + Service,Credit Card
P04537,B04407,2026-05-01,Room,Debit Card
P04538,B04409,2026-06-13,Service,UPI
P04539,B04410,2025-08-27,Room,Credit Card
P04540,B04411,2026-01-01,Room,Credit Card
P04541,B04412,2024-04-03,Room + Service,Credit Card
P04542,B04413,2025-11-07,Room + Service,Credit Card
P04543,B04414,2024-04-02,Service,Debit Card
P04544,B04415,2025-11-08,Room + Service,Credit Card
P04545,B04416,2026-06-14,Room + Service,Credit Card
P04546,B04417,2026-07-22,Room + Service,UPI
P04547,B04419,2026-07-31,Room + Service,Credit Card
P04548,B04420,2024-07-25,Room,Net Banking
P04549,B04421,2025-05-18,Room,UPI
P04550,B04422,2026-01-25,Room + Service,Credit Card
P04551,B04423,2026-08-04,Room + Service,Debit Card
P04552,B04424,2024-10-30,Room + Service,Credit Card
P04553,B04425,2025-11-23,Room + Service,Cash
P04554,B04426,2024-12-04,Room + Service,UPI
P04555,B04427,2026-05-30,Room,Credit Card
P04556,B04428,2025-02-06,Room + Service,UPI
P04557,B04429,2026-04-10,Room,Credit Card
P04558,B04429,2026-04-13,Service,UPI
P04559,B04430,2025-12-18,Room + Service,UPI
P04560,B04431,2026-02-04,Room,Net Banking
P04561,B04431,2026-01-13,Room,Net Banking
P04562,B04432,2026-07-06,Room + Service,UPI
P04563,B04433,2026-04-08,Room,Cash
P04564,B04433,2026-04-13,Service,Credit Card
P04565,B04434,2026-03-21,Room + Service,Credit Card
P04566,B04435,2026-05-23,Service,Digital Wallet
P04567,B04436,2025-06-08,Room,UPI
P04568,B04437,2026-05-22,Room + Service,Credit Card
P04569,B04438,2025-11-28,Room,Credit Card
P04570,B04438,2025-11-17,Service,Credit Card
P04571,B04440,2026-08-15,Service,Digital Wallet
P04572,B04441,2024-12-31,Service,Credit Card
P04573,B04442,2024-02-12,Room + Service,UPI
P04574,B04443,2025-12-29,Room,UPI
P04575,B04443,2025-12-24,Service,Debit Card
P04576,B04444,2024-04-07,Room,Credit Card
P04577,B04445,2024-10-11,Room + Service,UPI
P04578,B04446,2026-05-18,Room,Net Banking
P04579,B04446,2026-05-04,Room,Net Banking
P04580,B04447,2026-07-17,Room + Service,UPI
P04581,B04448,2025-03-15,Room + Service,Credit Card
P04582,B04451,2025-10-30,Room + Service,Debit Card
P04583,B04452,2024-06-10,Service,Net Banking
P04584,B04453,2026-04-16,Service,Credit Card
P04585,B04454,2024-01-24,Service,Credit Card
P04586,B04455,2024-07-17,Room + Service,Net Banking
P04587,B04456,2026-01-30,Room + Service,Debit Card
P04588,B04457,2025-12-26,Room,UPI
P04589,B04458,2026-03-28,Room + Service,UPI
P04590,B04460,2026-04-10,Room,Debit Card
P04591,B04460,2026-04-16,Service,UPI
P04592,B04461,2026-06-20,Service,Debit Card
P04593,B04462,2026-07-06,Room,UPI
P04594,B04463,2024-12-17,Room,UPI
P04595,B04463,2024-12-18,Service,Credit Card
P04596,B04464,2025-02-09,Room,Credit Card
P04597,B04464,2025-02-23,Service,UPI
P04598,B04465,2025-11-20,Room,Debit Card
P04599,B04466,2026-01-06,Room,Debit Card
P04600,B04468,2025-10-22,Room + Service,Credit Card
P04601,B04469,2026-02-17,Room + Service,Credit Card
P04602,B04470,2026-02-01,Room + Service,UPI
P04603,B04471,2026-08-16,Room,Debit Card
P04604,B04472,2026-06-04,Room + Service,Credit Card
P04605,B04473,2024-10-26,Room + Service,UPI
P04606,B04474,2025-11-24,Room,UPI
P04607,B04474,2025-11-23,Service,UPI
P04608,B04475,2026-01-20,Room,Debit Card
P04609,B04475,2026-01-28,Service,Credit Card
P04610,B04476,2026-06-21,Room + Service,Credit Card
P04611,B04477,2026-07-23,Service,Digital Wallet
P04612,B04479,2026-04-19,Room + Service,Debit Card
P04613,B04480,2026-07-18,Room,UPI
P04614,B04481,2026-04-04,Room,Credit Card
P04615,B04482,2026-05-25,Room,UPI
P04616,B04482,2026-05-25,Service,UPI
P04617,B04483,2025-04-10,Room,Net Banking
P04618,B04484,2026-02-19,Service,UPI
P04619,B04485,2026-06-15,Room + Service,UPI
P04620,B04486,2025-03-01,Room + Service,UPI
P04621,B04487,2025-11-16,Room + Service,Debit Card
P04622,B04488,2026-07-09,Room,Net Banking
P04623,B04489,2026-08-10,Room,UPI
P04624,B04490,2024-09-18,Room + Service,Debit Card
P04625,B04491,2025-10-01,Room,UPI
P04626,B04491,2025-10-05,Room,UPI
P04627,B04492,2025-12-11,Room,UPI
P04628,B04493,2024-12-23,Room + Service,UPI
P04629,B04494,2025-10-20,Room,UPI
P04630,B04494,2025-10-28,Room,Net Banking
P04631,B04495,2026-02-11,Room + Service,Debit Card
P04632,B04496,2026-05-24,Service,UPI
P04633,B04497,2026-07-05,Room + Service,Debit Card
P04634,B04498,2026-02-26,Room,Debit Card
P04635,B04499,2026-08-18,Room,Debit Card
P04636,B04499,2026-08-15,Room,Credit Card
P04637,B04500,2025-01-13,Room,UPI
P04638,B04500,2025-01-04,Service,Credit Card
P04639,B04501,2025-08-23,Room + Service,Digital Wallet
P04640,B04502,2026-03-20,Room,Net Banking
P04641,B04503,2026-08-20,Room + Service,Credit Card
P04642,B04504,2025-10-15,Room,Credit Card
P04643,B04505,2026-02-20,Room,UPI
P04644,B04505,2026-02-27,Service,UPI
P04645,B04506,2026-02-27,Service,Debit Card
P04646,B04508,2024-08-12,Room,Credit Card
P04647,B04508,2024-07-30,Service,Credit Card
P04648,B04509,2026-02-07,Room,UPI
P04649,B04509,2026-02-11,Service,Debit Card
P04650,B04511,2025-02-05,Room,Net Banking
P04651,B04511,2025-02-07,Room,Credit Card
P04652,B04512,2025-10-06,Room + Service,Cash
P04653,B04515,2024-09-14,Room,Credit Card
P04654,B04518,2026-05-09,Room + Service,Credit Card
P04655,B04519,2024-06-23,Room,Debit Card
P04656,B04522,2026-03-10,Room,UPI
P04657,B04523,2024-01-16,Room + Service,Cash
P04658,B04524,2025-10-24,Service,Credit Card
P04659,B04525,2025-12-21,Room + Service,Credit Card
P04660,B04526,2026-07-13,Room,Debit Card
P04661,B04528,2026-05-07,Room,UPI
P04662,B04529,2026-05-09,Room,Debit Card
P04663,B04529,2026-04-27,Room,UPI
P04664,B04530,2026-05-05,Service,Credit Card
P04665,B04531,2026-07-21,Room + Service,Net Banking
P04666,B04532,2024-03-10,Room + Service,Debit Card
P04667,B04533,2026-04-12,Room + Service,Credit Card
P04668,B04534,2026-08-19,Room,UPI
P04669,B04536,2025-12-09,Room + Service,Net Banking
P04670,B04537,2026-02-16,Room,Net Banking
P04671,B04538,2024-07-25,Room,Debit Card
P04672,B04539,2025-07-09,Service,UPI
P04673,B04540,2024-11-30,Room,UPI
P04674,B04542,2024-02-11,Room,Debit Card
P04675,B04543,2026-07-26,Room,UPI
P04676,B04543,2026-07-23,Service,Net Banking
P04677,B04544,2025-03-15,Service,UPI
P04678,B04545,2025-10-08,Room + Service,Debit Card
P04679,B04546,2026-01-28,Room + Service,Credit Card
P04680,B04548,2026-01-19,Room + Service,UPI
P04681,B04549,2026-07-22,Room,Credit Card
P04682,B04550,2025-01-19,Room,Credit Card
P04683,B04550,2025-01-15,Service,UPI
P04684,B04552,2026-01-07,Room + Service,UPI
P04685,B04554,2024-06-09,Service,Debit Card
P04686,B04555,2025-10-11,Room,Net Banking
P04687,B04556,2026-07-29,Service,Credit Card
P04688,B04557,2026-08-10,Room + Service,UPI
P04689,B04558,2026-04-22,Service,UPI
P04690,B04560,2026-02-17,Room,Digital Wallet
P04691,B04560,2026-02-18,Service,UPI
P04692,B04561,2026-04-04,Room + Service,UPI
P04693,B04562,2024-10-10,Room + Service,Debit Card
P04694,B04563,2025-10-17,Room,UPI
P04695,B04563,2025-10-03,Room,UPI
P04696,B04564,2024-07-12,Room + Service,Credit Card
P04697,B04566,2024-07-19,Service,UPI
P04698,B04567,2025-10-08,Room,UPI
P04699,B04567,2025-10-10,Service,Debit Card
P04700,B04568,2026-06-28,Room + Service,Net Banking
P04701,B04569,2026-07-14,Room + Service,Credit Card
P04702,B04570,2026-08-05,Room,UPI
P04703,B04571,2024-09-03,Room + Service,UPI
P04704,B04572,2024-08-11,Room,UPI
P04705,B04573,2025-07-12,Room + Service,UPI
P04706,B04574,2024-12-15,Room + Service,Credit Card
P04707,B04575,2026-01-26,Room + Service,UPI
P04708,B04576,2025-11-25,Room,Credit Card
P04709,B04576,2025-11-23,Service,Net Banking
P04710,B04577,2026-07-30,Room,Credit Card
P04711,B04578,2024-03-23,Room,UPI
P04712,B04580,2026-05-22,Room,Net Banking
P04713,B04582,2025-11-24,Room,Cash
P04714,B04582,2025-11-22,Service,Credit Card
P04715,B04583,2026-05-17,Room + Service,Debit Card
P04716,B04584,2026-07-28,Room,UPI
P04717,B04585,2024-06-29,Room,UPI
P04718,B04585,2024-07-01,Service,Digital Wallet
P04719,B04586,2025-02-12,Room + Service,UPI
P04720,B04587,2024-01-10,Room,Credit Card
P04721,B04587,2024-01-06,Service,UPI
P04722,B04588,2025-01-28,Room,UPI
P04723,B04588,2025-02-20,Service,Debit Card
P04724,B04589,2026-06-20,Room + Service,UPI
P04725,B04590,2024-05-25,Room,Debit Card
P04726,B04592,2026-05-28,Room,UPI
P04727,B04594,2026-02-14,Room,Credit Card
P04728,B04596,2025-04-07,Room,UPI
P04729,B04597,2025-11-20,Room + Service,Credit Card
P04730,B04598,2026-07-31,Room,Net Banking
P04731,B04599,2025-12-16,Room,Credit Card
P04732,B04600,2026-08-07,Room,Debit Card
P04733,B04600,2026-08-08,Service,UPI
P04734,B04601,2025-12-28,Room + Service,Credit Card
P04735,B04602,2026-03-15,Room,Credit Card
P04736,B04603,2024-05-07,Room,UPI
P04737,B04604,2024-06-18,Room + Service,Credit Card
P04738,B04606,2025-06-26,Room,UPI
P04739,B04607,2026-06-06,Room,Net Banking
P04740,B04607,2026-06-05,Room,Digital Wallet
P04741,B04608,2025-07-23,Room,Credit Card
P04742,B04609,2025-12-10,Room,Credit Card
P04743,B04609,2025-12-21,Room,UPI
P04744,B04610,2024-11-07,Room + Service,Net Banking
P04745,B04611,2026-05-23,Room,Credit Card
P04746,B04612,2025-08-20,Room + Service,UPI
P04747,B04613,2025-09-19,Room + Service,Net Banking
P04748,B04614,2025-12-03,Room,UPI
P04749,B04614,2025-11-21,Room,Net Banking
P04750,B04616,2026-06-06,Room,UPI
P04751,B04617,2024-05-17,Room,UPI
P04752,B04618,2024-11-02,Room + Service,UPI
P04753,B04619,2025-07-28,Room,UPI
P04754,B04620,2026-05-17,Service,Credit Card
P04755,B04621,2026-01-21,Room + Service,Net Banking
P04756,B04622,2026-03-21,Room,Net Banking
P04757,B04623,2026-07-11,Room + Service,Credit Card
P04758,B04624,2024-11-05,Room,UPI
P04759,B04624,2024-10-30,Service,Debit Card
P04760,B04625,2026-05-06,Room + Service,Credit Card
P04761,B04626,2025-03-18,Room,UPI
P04762,B04627,2025-12-14,Room,Debit Card
P04763,B04629,2024-12-03,Room,Digital Wallet
P04764,B04629,2024-12-11,Service,Credit Card
P04765,B04630,2025-05-25,Room,Cash
P04766,B04630,2025-06-01,Service,Debit Card
P04767,B04631,2026-06-12,Room,UPI
P04768,B04632,2026-04-04,Room + Service,Net Banking
P04769,B04633,2025-11-17,Room + Service,UPI
P04770,B04635,2025-02-25,Room + Service,UPI
P04771,B04636,2025-05-10,Room,Credit Card
P04772,B04638,2026-05-14,Room,Credit Card
P04773,B04639,2026-08-31,Room,Debit Card
P04774,B04639,2026-08-31,Service,Credit Card
P04775,B04640,2026-04-17,Service,UPI
P04776,B04641,2024-04-25,Room,UPI
P04777,B04641,2024-04-17,Room,Credit Card
P04778,B04642,2025-04-09,Room,UPI
P04779,B04642,2025-04-10,Service,Credit Card
P04780,B04643,2026-01-29,Room,UPI
P04781,B04644,2026-04-05,Service,Net Banking
P04782,B04645,2024-02-17,Room + Service,Net Banking
P04783,B04646,2026-02-24,Room + Service,Net Banking
P04784,B04647,2026-06-17,Service,Net Banking
P04785,B04648,2026-05-17,Room + Service,Debit Card
P04786,B04650,2026-06-01,Room + Service,Digital Wallet
P04787,B04651,2026-07-31,Service,Net Banking
P04788,B04652,2025-05-15,Room,Digital Wallet
P04789,B04653,2026-04-02,Room,Credit Card
P04790,B04654,2026-08-13,Room,UPI
P04791,B04656,2026-08-06,Room + Service,Debit Card
P04792,B04657,2024-01-31,Room,Credit Card
P04793,B04658,2024-02-23,Room + Service,UPI
P04794,B04659,2024-10-18,Room,Debit Card
P04795,B04660,2025-01-11,Room,UPI
P04796,B04660,2025-01-14,Room,UPI
P04797,B04661,2026-01-26,Room,Credit Card
P04798,B04662,2026-07-19,Room,Net Banking
P04799,B04662,2026-07-07,Service,Net Banking
P04800,B04663,2026-08-03,Room,Credit Card
P04801,B04665,2025-02-01,Room + Service,Digital Wallet
P04802,B04666,2025-05-16,Service,Credit Card
P04803,B04667,2025-07-23,Room + Service,UPI
P04804,B04668,2024-05-21,Room + Service,Debit Card
P04805,B04669,2026-04-08,Room,UPI
P04806,B04669,2026-04-26,Room,Debit Card
P04807,B04670,2026-02-22,Room + Service,Cash
P04808,B04672,2025-11-06,Room,Digital Wallet
P04809,B04673,2026-02-03,Room,UPI
P04810,B04674,2026-02-11,Room + Service,Credit Card
P04811,B04675,2026-07-22,Service,Credit Card
P04812,B04676,2026-08-31,Room,Net Banking
P04813,B04676,2026-08-30,Service,Net Banking
P04814,B04677,2024-10-21,Room,Debit Card
P04815,B04678,2026-06-19,Room,Credit Card
P04816,B04678,2026-07-11,Service,UPI
P04817,B04679,2025-10-15,Service,UPI
P04818,B04680,2026-02-28,Room + Service,Credit Card
P04819,B04682,2024-03-24,Room,UPI
P04820,B04682,2024-03-25,Service,Credit Card
P04821,B04683,2026-06-26,Room,UPI
P04822,B04684,2026-06-04,Room,Credit Card
P04823,B04685,2026-08-28,Service,Debit Card
P04824,B04686,2024-11-16,Room + Service,UPI
P04825,B04687,2024-01-04,Room,Net Banking
P04826,B04687,2024-01-04,Service,Cash
P04827,B04688,2026-08-29,Room + Service,UPI
P04828,B04689,2024-08-11,Room,Debit Card
P04829,B04690,2024-10-11,Service,UPI
P04830,B04691,2025-10-12,Room,Credit Card
P04831,B04692,2026-02-03,Service,Credit Card
P04832,B04693,2025-05-30,Room,UPI
P04833,B04694,2025-07-02,Room,UPI
P04834,B04694,2025-07-02,Service,UPI
P04835,B04695,2026-07-02,Service,UPI
P04836,B04696,2024-03-11,Room,Credit Card
P04837,B04696,2024-03-23,Service,Debit Card
P04838,B04700,2026-08-04,Room,UPI
P04839,B04701,2026-05-06,Room,Net Banking
P04840,B04701,2026-05-08,Service,Cash
P04841,B04702,2026-08-11,Room + Service,UPI
P04842,B04705,2026-03-23,Room,UPI
P04843,B04705,2026-03-26,Service,Net Banking
P04844,B04707,2024-02-24,Service,Credit Card
P04845,B04708,2026-04-25,Room + Service,Net Banking
P04846,B04709,2025-01-14,Room + Service,Cash
P04847,B04710,2025-09-05,Room,Net Banking
P04848,B04710,2025-09-12,Service,Net Banking
P04849,B04711,2024-08-15,Room,Digital Wallet
P04850,B04712,2024-12-26,Room,UPI
P04851,B04712,2025-01-03,Service,Net Banking
P04852,B04713,2024-07-27,Room,Net Banking
P04853,B04714,2026-04-19,Room + Service,Digital Wallet
P04854,B04715,2026-06-29,Room,Credit Card
P04855,B04716,2024-07-23,Room,Credit Card
P04856,B04716,2024-07-26,Room,Debit Card
P04857,B04717,2025-01-28,Room + Service,Debit Card
P04858,B04718,2025-01-27,Room + Service,UPI
P04859,B04719,2024-11-15,Room + Service,UPI
P04860,B04720,2026-03-22,Room,Digital Wallet
P04861,B04721,2024-02-08,Room + Service,Credit Card
P04862,B04722,2024-05-23,Room,Cash
P04863,B04723,2025-01-19,Room,Credit Card
P04864,B04723,2025-01-07,Service,Net Banking
P04865,B04724,2025-08-04,Room + Service,UPI
P04866,B04725,2026-04-17,Room + Service,Net Banking
P04867,B04726,2024-02-02,Room + Service,Net Banking
P04868,B04727,2025-01-07,Room,Credit Card
P04869,B04727,2025-02-02,Service,Credit Card
P04870,B04728,2026-04-01,Room + Service,UPI
P04871,B04730,2026-01-19,Room,Net Banking
P04872,B04731,2026-03-07,Room,Credit Card
P04873,B04731,2026-03-12,Room,Net Banking
P04874,B04732,2026-07-01,Room + Service,UPI
P04875,B04733,2026-01-06,Room,UPI
P04876,B04734,2026-07-03,Room,Credit Card
P04877,B04734,2026-06-29,Service,UPI
P04878,B04735,2024-02-23,Room,Credit Card
P04879,B04736,2025-03-16,Room,UPI
P04880,B04737,2025-02-13,Room,UPI
P04881,B04738,2025-10-02,Room + Service,UPI
P04882,B04739,2026-07-13,Room + Service,Debit Card
P04883,B04740,2024-09-19,Room,Credit Card
P04884,B04740,2024-09-12,Service,Net Banking
P04885,B04741,2024-05-29,Room,Debit Card
P04886,B04742,2026-01-26,Service,Debit Card
P04887,B04743,2025-09-27,Room + Service,Net Banking
P04888,B04744,2026-01-27,Room,Credit Card
P04889,B04744,2026-01-25,Service,UPI
P04890,B04745,2025-09-08,Room,UPI
P04891,B04746,2026-03-12,Room + Service,UPI
P04892,B04748,2026-02-28,Room + Service,UPI
P04893,B04750,2025-05-28,Room + Service,UPI
P04894,B04751,2026-02-16,Room + Service,Digital Wallet
P04895,B04753,2024-10-03,Room,Credit Card
P04896,B04753,2024-09-17,Service,UPI
P04897,B04754,2025-11-29,Room + Service,Credit Card
P04898,B04755,2026-03-06,Room + Service,UPI
P04899,B04757,2026-07-06,Room,Credit Card
P04900,B04757,2026-07-06,Service,Credit Card
P04901,B04759,2025-10-12,Room + Service,Net Banking
P04902,B04760,2026-08-07,Room + Service,Credit Card
P04903,B04762,2024-01-01,Room + Service,UPI
P04904,B04763,2024-06-30,Room + Service,Credit Card
P04905,B04764,2024-09-01,Room + Service,Net Banking
P04906,B04765,2025-09-07,Room,UPI
P04907,B04766,2026-01-26,Service,Credit Card
P04908,B04767,2025-05-16,Room,Credit Card
P04909,B04768,2024-02-17,Room + Service,Credit Card
P04910,B04769,2025-05-23,Room,UPI
P04911,B04769,2025-05-27,Service,Credit Card
P04912,B04770,2026-03-16,Room,Net Banking
P04913,B04771,2026-07-14,Room,Net Banking
P04914,B04771,2026-07-20,Service,Net Banking
P04915,B04772,2026-08-17,Room,UPI
P04916,B04773,2026-01-10,Room,Digital Wallet
P04917,B04774,2024-07-03,Room,UPI
P04918,B04774,2024-06-25,Service,Cash
P04919,B04775,2025-01-15,Room + Service,Net Banking
P04920,B04776,2026-05-20,Room,Credit Card
P04921,B04777,2025-01-26,Room,Net Banking
P04922,B04778,2026-04-16,Service,Credit Card
P04923,B04779,2024-12-21,Room,UPI
P04924,B04779,2024-12-17,Service,Net Banking
P04925,B04780,2026-05-18,Room,Credit Card
P04926,B04780,2026-05-31,Service,Net Banking
P04927,B04781,2026-08-04,Room,Net Banking
P04928,B04781,2026-06-29,Service,UPI
P04929,B04783,2026-05-19,Room + Service,Credit Card
P04930,B04785,2025-08-05,Service,UPI
P04931,B04786,2024-07-18,Room + Service,Credit Card
P04932,B04788,2025-11-05,Room,Net Banking
P04933,B04788,2025-10-22,Service,UPI
P04934,B04789,2026-08-08,Service,UPI
P04935,B04790,2026-08-16,Room,Credit Card
P04936,B04791,2026-02-21,Room,Credit Card
P04937,B04792,2026-05-05,Room + Service,Digital Wallet
P04938,B04793,2026-07-31,Room,Credit Card
P04939,B04794,2024-05-10,Room + Service,Digital Wallet
P04940,B04795,2024-08-23,Room,Credit Card
P04941,B04796,2026-03-07,Room + Service,Debit Card
P04942,B04797,2026-07-24,Room,UPI
P04943,B04798,2024-07-19,Service,UPI
P04944,B04799,2025-02-04,Room + Service,Net Banking
P04945,B04800,2026-04-18,Room + Service,UPI
P04946,B04801,2026-07-10,Room,Cash
P04947,B04801,2026-07-13,Service,Debit Card
P04948,B04802,2026-08-03,Service,UPI
P04949,B04803,2024-03-01,Room + Service,UPI
P04950,B04804,2025-09-23,Room,Credit Card
P04951,B04804,2025-09-14,Service,UPI
P04952,B04805,2025-11-25,Room,Credit Card
P04953,B04807,2024-01-17,Room + Service,Net Banking
P04954,B04808,2024-11-11,Room,Credit Card
P04955,B04809,2025-10-03,Room,UPI
P04956,B04810,2026-03-03,Room,UPI
P04957,B04810,2026-03-17,Room,Debit Card
P04958,B04811,2024-09-17,Room + Service,UPI
P04959,B04812,2026-02-26,Room,Net Banking
P04960,B04812,2026-02-11,Service,Net Banking
P04961,B04813,2026-08-14,Room + Service,Net Banking
P04962,B04814,2025-11-11,Room + Service,Credit Card
P04963,B04815,2024-08-23,Room,Net Banking
P04964,B04817,2024-09-02,Service,Net Banking
P04965,B04818,2025-01-27,Room,Credit Card
P04966,B04819,2024-10-09,Room,Net Banking
P04967,B04819,2024-09-30,Service,UPI
P04968,B04820,2025-01-04,Room + Service,Net Banking
P04969,B04821,2025-03-07,Room + Service,Credit Card
P04970,B04822,2025-06-21,Room,Credit Card
P04971,B04823,2025-01-12,Room + Service,UPI
P04972,B04824,2024-09-12,Room + Service,Digital Wallet
P04973,B04825,2024-12-20,Room + Service,Cash
P04974,B04826,2025-04-13,Room + Service,Net Banking
P04975,B04827,2025-07-20,Service,UPI
P04976,B04828,2026-08-13,Room + Service,Debit Card
P04977,B04829,2026-06-17,Room,UPI
P04978,B04830,2026-08-11,Room + Service,Credit Card
P04979,B04831,2024-07-10,Room,Net Banking
P04980,B04832,2024-04-27,Service,UPI
P04981,B04833,2025-03-15,Room,UPI
P04982,B04834,2025-07-31,Room + Service,Credit Card
P04983,B04835,2025-04-21,Service,UPI
P04984,B04836,2025-12-14,Service,Net Banking
P04985,B04837,2025-07-10,Room + Service,Credit Card
P04986,B04838,2026-07-31,Room,UPI
P04987,B04839,2024-01-15,Service,UPI
P04988,B04840,2025-09-27,Service,Credit Card
P04989,B04841,2026-03-24,Room,UPI
P04990,B04841,2026-03-21,Room,Credit Card
P04991,B04842,2026-07-18,Room + Service,UPI
P04992,B04843,2026-08-27,Room + Service,UPI
P04993,B04844,2026-01-16,Room + Service,Credit Card
P04994,B04845,2026-05-09,Room + Service,Net Banking
P04995,B04846,2025-05-21,Room,Debit Card
P04996,B04847,2025-08-30,Service,UPI
P04997,B04848,2024-12-31,Room,Cash
P04998,B04850,2025-05-31,Room + Service,Cash
P04999,B04851,2026-03-24,Room,Credit Card
P05000,B04853,2025-04-26,Room,Credit Card
P05001,B04854,2024-07-18,Room + Service,UPI
P05002,B04857,2025-03-20,Room + Service,Net Banking
P05003,B04858,2025-12-21,Room,Debit Card
P05004,B04858,2025-12-25,Service,Credit Card
P05005,B04859,2026-06-19,Room,Digital Wallet
P05006,B04860,2026-07-18,Room + Service,Credit Card
P05007,B04861,2025-03-21,Service,UPI
P05008,B04862,2024-09-01,Room + Service,UPI
P05009,B04863,2025-03-26,Room + Service,Net Banking
P05010,B04864,2026-05-06,Room + Service,UPI
P05011,B04865,2026-07-18,Room,Credit Card
P05012,B04866,2026-01-24,Room,Cash
P05013,B04868,2024-02-01,Room,Net Banking
P05014,B04870,2026-05-26,Room,Credit Card
P05015,B04870,2026-05-31,Room,Credit Card
P05016,B04872,2026-01-11,Service,Net Banking
P05017,B04873,2024-01-14,Room,Credit Card
P05018,B04873,2024-01-18,Service,Credit Card
P05019,B04874,2026-05-02,Room,UPI
P05020,B04874,2026-05-04,Service,Credit Card
P05021,B04875,2026-08-20,Room + Service,Cash
P05022,B04876,2024-07-17,Room,Credit Card
P05023,B04876,2024-07-27,Service,UPI
P05024,B04877,2026-07-13,Room + Service,Net Banking
P05025,B04878,2026-08-28,Room,UPI
P05026,B04879,2025-07-07,Room + Service,Credit Card
P05027,B04880,2024-02-28,Room + Service,Debit Card
P05028,B04881,2025-10-03,Room,Cash
P05029,B04882,2025-11-29,Room + Service,UPI
P05030,B04883,2025-11-09,Room,UPI
P05031,B04884,2026-02-23,Room + Service,Debit Card
P05032,B04885,2025-06-15,Room + Service,Net Banking
P05033,B04886,2025-07-21,Room,UPI
P05034,B04887,2026-02-12,Room + Service,Debit Card
P05035,B04889,2025-11-04,Room,Debit Card
P05036,B04890,2024-02-23,Room,UPI
P05037,B04890,2024-02-20,Service,Credit Card
P05038,B04891,2026-01-25,Service,UPI
P05039,B04894,2026-06-16,Room + Service,Credit Card
P05040,B04895,2025-10-24,Room,Credit Card
P05041,B04896,2026-06-29,Room,UPI
P05042,B04897,2025-10-16,Service,Net Banking
P05043,B04898,2025-12-08,Room,Credit Card
P05044,B04898,2025-12-01,Room,UPI
P05045,B04899,2025-07-23,Room,Net Banking
P05046,B04900,2026-04-10,Room,UPI
P05047,B04901,2026-07-01,Room,Net Banking
P05048,B04902,2024-08-20,Room,UPI
P05049,B04904,2025-05-27,Room + Service,Debit Card
P05050,B04905,2026-06-18,Room,Credit Card
P05051,B04905,2026-06-21,Service,Credit Card
P05052,B04906,2026-08-23,Room,UPI
P05053,B04907,2024-03-21,Room + Service,Credit Card
P05054,B04908,2026-05-28,Room,Credit Card
P05055,B04909,2026-07-10,Room,Credit Card
P05056,B04910,2024-01-04,Room + Service,Credit Card
P05057,B04911,2025-02-04,Room,UPI
P05058,B04913,2024-04-05,Room + Service,Net Banking
P05059,B04914,2026-02-19,Room + Service,UPI
P05060,B04915,2026-06-06,Room,Net Banking
P05061,B04916,2026-06-25,Room + Service,UPI
P05062,B04917,2024-10-01,Room + Service,UPI
P05063,B04919,2024-05-02,Room,Digital Wallet
P05064,B04920,2024-01-31,Room + Service,Credit Card
P05065,B04921,2025-05-03,Room,Credit Card
P05066,B04921,2025-04-17,Service,UPI
P05067,B04922,2026-04-27,Room + Service,UPI
P05068,B04923,2026-06-30,Room,Debit Card
P05069,B04923,2026-06-28,Service,UPI
P05070,B04924,2026-08-19,Room + Service,Cash
P05071,B04926,2024-02-12,Room + Service,UPI
P05072,B04927,2026-01-25,Room + Service,Cash
P05073,B04929,2025-07-30,Room,Debit Card
P05074,B04930,2026-07-28,Room + Service,UPI
P05075,B04931,2026-08-06,Room,UPI
P05076,B04931,2026-08-20,Service,Debit Card
P05077,B04932,2026-01-12,Room + Service,Digital Wallet
P05078,B04933,2026-03-28,Room,Debit Card
P05079,B04933,2026-03-27,Service,Net Banking
P05080,B04934,2026-05-10,Room + Service,Digital Wallet
P05081,B04935,2024-06-08,Room,Digital Wallet
P05082,B04935,2024-05-20,Service,UPI
P05083,B04936,2026-03-25,Service,Credit Card
P05084,B04937,2025-07-24,Room,Net Banking
P05085,B04938,2026-05-03,Room,UPI
P05086,B04939,2025-02-09,Room + Service,Credit Card
P05087,B04940,2025-08-22,Room + Service,Credit Card
P05088,B04941,2026-07-14,Room + Service,UPI
P05089,B04942,2026-08-30,Room,Net Banking
P05090,B04942,2026-08-31,Service,Net Banking
P05091,B04943,2026-02-23,Service,Credit Card
P05092,B04944,2024-02-15,Room,Net Banking
P05093,B04945,2024-11-02,Room,Credit Card
P05094,B04945,2024-11-03,Room,Credit Card
P05095,B04946,2024-01-13,Room,Credit Card
P05096,B04947,2025-11-09,Room,Credit Card
P05097,B04948,2025-04-08,Service,UPI
P05098,B04949,2025-12-21,Room,Credit Card
P05099,B04950,2026-08-04,Room,Net Banking
P05100,B04951,2026-07-13,Room,UPI
P05101,B04952,2025-07-24,Room,Credit Card
P05102,B04953,2025-11-09,Room + Service,Debit Card
P05103,B04954,2025-11-25,Room,Cash
P05104,B04954,2025-12-02,Service,Credit Card
P05105,B04955,2026-02-01,Room,Credit Card
P05106,B04956,2026-02-22,Room,UPI
P05107,B04957,2024-10-22,Room + Service,Credit Card
P05108,B04958,2025-11-20,Room,Credit Card
P05109,B04959,2024-03-18,Room + Service,Credit Card
P05110,B04960,2026-01-29,Room + Service,Credit Card
P05111,B04961,2026-04-02,Service,UPI
P05112,B04962,2026-01-26,Room,Net Banking
P05113,B04963,2026-06-24,Room,UPI
P05114,B04963,2026-06-18,Service,UPI
P05115,B04964,2025-08-22,Room + Service,UPI
P05116,B04965,2025-11-10,Room + Service,Digital Wallet
P05117,B04966,2024-08-01,Room + Service,Credit Card
P05118,B04967,2025-05-25,Service,Net Banking
P05119,B04968,2024-08-29,Room,UPI
P05120,B04968,2024-08-20,Service,UPI
P05121,B04969,2025-08-22,Room,Debit Card
P05122,B04969,2025-08-20,Service,Credit Card
P05123,B04970,2026-07-08,Room + Service,Credit Card
P05124,B04971,2026-08-23,Room + Service,UPI
P05125,B04972,2025-03-11,Room,Net Banking
P05126,B04972,2025-02-24,Service,Digital Wallet
P05127,B04973,2024-09-27,Room + Service,Debit Card
P05128,B04974,2025-10-03,Room,UPI
P05129,B04976,2025-02-08,Service,Net Banking
P05130,B04977,2026-05-04,Room + Service,Net Banking
P05131,B04978,2026-07-21,Room + Service,Credit Card
P05132,B04980,2025-12-24,Room + Service,UPI
P05133,B04981,2026-06-04,Room + Service,Net Banking
P05134,B04982,2026-07-28,Room,Net Banking
P05135,B04983,2026-02-11,Room,Debit Card
P05136,B04984,2026-05-25,Room + Service,Digital Wallet
P05137,B04985,2025-07-07,Room + Service,UPI
P05138,B04986,2026-04-29,Room + Service,UPI
P05139,B04987,2025-06-16,Room,UPI
P05140,B04988,2026-06-17,Room,Credit Card
P05141,B04988,2026-06-17,Service,Debit Card
P05142,B04989,2025-07-24,Room,UPI
P05143,B04989,2025-07-24,Room,Cash
P05144,B04990,2025-10-06,Room,Credit Card
P05145,B04991,2026-02-11,Room,UPI
P05146,B04992,2026-05-28,Room + Service,Net Banking
P05147,B04993,2024-06-18,Room + Service,Credit Card
P05148,B04994,2026-08-07,Room + Service,Credit Card
P05149,B04995,2026-03-06,Room,UPI
P05150,B04995,2026-03-08,Service,Cash
P05151,B04996,2026-07-22,Room,Debit Card
P05152,B04999,2026-02-21,Service,UPI
P05153,B05000,2025-02-08,Room,Net Banking
P05154,B05001,2026-07-06,Service,Net Banking
P05155,B05002,2024-11-30,Room + Service,UPI
P05156,B05004,2026-06-08,Room + Service,UPI
P05157,B05005,2025-07-29,Room + Service,UPI
P05158,B05006,2026-04-10,Room + Service,Debit Card
P05159,B05007,2025-11-02,Room,Credit Card
P05160,B05008,2026-03-16,Room + Service,Credit Card
P05161,B05009,2025-11-08,Room + Service,Net Banking
P05162,B05010,2026-05-27,Room + Service,Credit Card
P05163,B05011,2025-03-01,Room,Credit Card
P05164,B05012,2025-05-25,Room + Service,UPI
P05165,B05013,2026-03-12,Room + Service,Credit Card
P05166,B05014,2026-07-08,Room + Service,Credit Card
P05167,B05015,2025-12-28,Room,Digital Wallet
P05168,B05015,2025-12-27,Service,UPI
P05169,B05016,2026-04-26,Room + Service,Debit Card
P05170,B05018,2026-03-31,Room + Service,UPI
P05171,B05019,2026-07-16,Room + Service,UPI
P05172,B05020,2024-12-21,Room + Service,UPI
P05173,B05022,2024-04-07,Room + Service,Debit Card
P05174,B05023,2025-10-05,Room + Service,Debit Card
P05175,B05025,2026-04-08,Room,Net Banking
P05176,B05025,2026-04-10,Service,UPI
P05177,B05026,2026-08-09,Room + Service,UPI
P05178,B05027,2024-11-02,Service,Credit Card
P05179,B05028,2024-12-08,Room + Service,UPI
P05180,B05029,2025-11-16,Service,Debit Card
P05181,B05030,2024-01-02,Room,Debit Card
P05182,B05031,2024-10-04,Room,UPI
P05183,B05032,2024-04-28,Room + Service,Credit Card
P05184,B05033,2024-12-05,Room,Debit Card
P05185,B05033,2024-12-09,Service,Debit Card
P05186,B05034,2025-12-13,Room + Service,Cash
P05187,B05035,2026-07-28,Service,UPI
P05188,B05036,2026-08-11,Room + Service,UPI
P05189,B05037,2024-06-24,Room + Service,UPI
P05190,B05038,2024-03-15,Room + Service,UPI
P05191,B05039,2025-06-25,Room + Service,Credit Card
P05192,B05040,2025-11-07,Room,Credit Card
P05193,B05041,2026-01-03,Room + Service,Debit Card
P05194,B05042,2025-10-19,Room + Service,UPI
P05195,B05043,2024-01-14,Room + Service,Digital Wallet
P05196,B05044,2024-02-01,Room + Service,Credit Card
P05197,B05046,2026-01-25,Service,Credit Card
P05198,B05047,2026-05-24,Room,UPI
P05199,B05048,2026-03-17,Room + Service,Credit Card
P05200,B05049,2026-05-03,Room,UPI
P05201,B05049,2026-05-10,Service,UPI
P05202,B05050,2025-03-17,Room,Net Banking
P05203,B05050,2025-03-16,Service,Debit Card
P05204,B05052,2026-07-06,Room + Service,UPI
P05205,B05053,2026-03-24,Room,Debit Card
P05206,B05054,2026-05-04,Room + Service,Credit Card
P05207,B05055,2024-04-10,Room,Credit Card
P05208,B05055,2024-03-29,Service,Debit Card
P05209,B05056,2024-09-29,Room,Net Banking
P05210,B05057,2025-09-23,Room + Service,Credit Card
P05211,B05058,2025-10-13,Room + Service,Credit Card
P05212,B05059,2024-09-28,Room,Debit Card
P05213,B05059,2024-09-30,Room,UPI
P05214,B05060,2026-03-15,Room,UPI
P05215,B05061,2026-05-01,Room + Service,Credit Card
P05216,B05062,2026-05-26,Room,Debit Card
P05217,B05063,2026-07-31,Room + Service,Credit Card
P05218,B05064,2026-07-28,Room + Service,Credit Card
P05219,B05065,2026-08-19,Room + Service,UPI
P05220,B05066,2026-03-09,Room + Service,UPI
P05221,B05067,2025-09-08,Service,UPI
P05222,B05069,2024-02-03,Room + Service,Net Banking
P05223,B05070,2024-02-24,Room,UPI
P05224,B05071,2025-01-11,Room,UPI
P05225,B05072,2025-06-13,Room + Service,Credit Card
P05226,B05073,2025-07-20,Room + Service,Digital Wallet
P05227,B05074,2026-03-25,Room + Service,UPI
P05228,B05076,2025-05-02,Room,UPI
P05229,B05077,2025-12-27,Room + Service,Debit Card
P05230,B05078,2025-05-28,Room + Service,UPI
P05231,B05079,2026-03-26,Room,Debit Card
P05232,B05079,2026-04-21,Service,Debit Card
P05233,B05081,2026-01-06,Room,Credit Card
P05234,B05082,2026-03-01,Room + Service,UPI
P05235,B05083,2026-03-30,Service,Credit Card
P05236,B05084,2026-05-11,Room,Credit Card
P05237,B05085,2025-12-03,Room,Debit Card
P05238,B05086,2026-04-21,Room,Net Banking
P05239,B05086,2026-04-21,Room,Net Banking
P05240,B05087,2026-05-02,Room + Service,Credit Card
P05241,B05088,2025-05-15,Room + Service,Net Banking
P05242,B05089,2025-09-09,Room,Debit Card
P05243,B05090,2024-06-18,Room + Service,Credit Card
P05244,B05091,2025-12-19,Room,UPI
P05245,B05091,2025-12-09,Service,Net Banking
P05246,B05092,2024-08-28,Service,UPI
P05247,B05093,2025-08-24,Room + Service,Credit Card
P05248,B05094,2026-01-08,Room,Digital Wallet
P05249,B05095,2024-03-15,Room + Service,Net Banking
P05250,B05096,2025-09-30,Room + Service,Debit Card
P05251,B05097,2025-09-05,Room,UPI
P05252,B05098,2025-04-04,Room + Service,Credit Card
P05253,B05099,2024-08-21,Service,Credit Card
P05254,B05100,2025-06-29,Room + Service,Net Banking
P05255,B05101,2026-02-27,Room + Service,Debit Card
P05256,B05102,2025-03-17,Room + Service,Cash
P05257,B05103,2026-08-07,Service,Digital Wallet
P05258,B05104,2026-07-19,Room + Service,Credit Card
P05259,B05105,2024-01-13,Room,Debit Card
P05260,B05106,2025-08-27,Room + Service,Debit Card
P05261,B05107,2025-10-09,Room,Credit Card
P05262,B05107,2025-10-22,Room,UPI
P05263,B05109,2026-06-18,Room,Credit Card
P05264,B05111,2024-04-20,Room,Debit Card
P05265,B05112,2024-01-12,Service,Credit Card
P05266,B05113,2024-05-30,Room + Service,UPI
P05267,B05114,2024-04-20,Room,Debit Card
P05268,B05114,2024-04-30,Room,UPI
P05269,B05115,2025-06-11,Room,Credit Card
P05270,B05117,2025-12-10,Room,Net Banking
P05271,B05118,2024-06-18,Room,Credit Card
P05272,B05118,2024-06-21,Service,Net Banking
P05273,B05120,2026-06-25,Room,UPI
P05274,B05121,2026-07-09,Room + Service,UPI
P05275,B05122,2024-02-03,Service,Digital Wallet
P05276,B05124,2026-01-23,Room + Service,Cash
P05277,B05125,2026-05-05,Room + Service,UPI
P05278,B05126,2026-08-23,Room,Debit Card
P05279,B05127,2024-11-25,Service,UPI
P05280,B05128,2026-02-13,Room,Credit Card
P05281,B05128,2026-01-28,Service,Credit Card
P05282,B05129,2024-09-09,Room,Net Banking
P05283,B05129,2024-09-12,Service,Net Banking
P05284,B05131,2026-04-09,Room,Credit Card
P05285,B05132,2024-01-08,Room,Debit Card
P05286,B05133,2025-09-04,Room + Service,Net Banking
P05287,B05134,2026-02-21,Service,Net Banking
P05288,B05136,2024-03-11,Room,Credit Card
P05289,B05137,2025-05-09,Service,UPI
P05290,B05138,2025-12-23,Room,UPI
P05291,B05138,2026-01-02,Service,Credit Card
P05292,B05139,2026-07-08,Room + Service,UPI
P05293,B05140,2024-03-02,Room,UPI
P05294,B05140,2024-03-23,Service,Credit Card
P05295,B05141,2024-04-24,Room,Net Banking
P05296,B05142,2024-09-22,Room,Net Banking
P05297,B05143,2024-11-28,Room,Net Banking
P05298,B05144,2024-11-28,Room + Service,Net Banking
P05299,B05145,2025-08-10,Room + Service,Net Banking
P05300,B05146,2026-03-13,Service,UPI
P05301,B05147,2024-04-05,Room,UPI
P05302,B05147,2024-03-30,Service,Credit Card
P05303,B05148,2024-12-31,Room + Service,UPI
P05304,B05149,2026-01-18,Room,Net Banking
P05305,B05149,2025-12-27,Room,Credit Card
P05306,B05150,2025-05-19,Service,UPI
P05307,B05151,2025-07-03,Room + Service,Debit Card
P05308,B05154,2026-08-10,Service,Net Banking
P05309,B05155,2024-02-24,Room,Net Banking
P05310,B05157,2026-03-31,Service,Net Banking
P05311,B05158,2026-06-23,Room + Service,UPI
P05312,B05159,2026-08-17,Room + Service,Net Banking
P05313,B05160,2024-12-22,Room,UPI
P05314,B05162,2024-09-17,Room + Service,Debit Card
P05315,B05163,2024-10-08,Room,UPI
P05316,B05163,2024-10-13,Service,Credit Card
P05317,B05164,2025-07-28,Room + Service,UPI
P05318,B05165,2025-11-24,Room + Service,Digital Wallet
P05319,B05166,2026-05-04,Room,UPI
P05320,B05167,2025-05-19,Room + Service,Credit Card
P05321,B05169,2026-07-19,Room,UPI
P05322,B05170,2025-12-26,Room + Service,Credit Card
P05323,B05172,2026-02-16,Service,Net Banking
P05324,B05173,2026-06-08,Room,Net Banking
P05325,B05174,2024-07-29,Room,UPI
P05326,B05174,2024-08-01,Service,Digital Wallet
P05327,B05176,2025-11-23,Room + Service,Net Banking
P05328,B05177,2026-07-25,Room + Service,Net Banking
P05329,B05178,2026-05-11,Room + Service,Digital Wallet
P05330,B05179,2026-07-23,Room,Credit Card
P05331,B05179,2026-07-30,Room,Credit Card
P05332,B05180,2025-09-10,Room + Service,Digital Wallet
P05333,B05181,2026-05-25,Room,Net Banking
P05334,B05181,2026-05-28,Room,Credit Card
P05335,B05182,2024-09-15,Room,UPI
P05336,B05182,2024-09-21,Service,Cash
P05337,B05183,2026-03-11,Room,Credit Card
P05338,B05184,2026-08-07,Room + Service,Debit Card
P05339,B05185,2024-06-03,Room,UPI
P05340,B05186,2026-01-19,Room,Credit Card
P05341,B05187,2026-04-25,Service,Net Banking
P05342,B05188,2026-07-31,Room,UPI
P05343,B05189,2024-03-19,Room,UPI
P05344,B05189,2024-04-06,Room,Net Banking
P05345,B05190,2024-11-27,Room,Debit Card
P05346,B05190,2024-11-28,Service,Debit Card
P05347,B05191,2025-11-25,Room,UPI
P05348,B05191,2025-12-13,Service,Cash
P05349,B05192,2026-03-07,Room,Net Banking
P05350,B05193,2026-08-23,Service,UPI
P05351,B05194,2025-03-11,Room,Credit Card
P05352,B05195,2026-03-06,Service,UPI
P05353,B05196,2025-12-09,Room + Service,UPI
P05354,B05197,2026-04-01,Room + Service,Credit Card
P05355,B05198,2025-10-01,Service,Credit Card
P05356,B05199,2026-03-03,Room + Service,Digital Wallet
P05357,B05200,2025-12-03,Room + Service,UPI
P05358,B05201,2026-05-25,Room + Service,UPI
P05359,B05202,2025-03-10,Room + Service,Credit Card
P05360,B05203,2025-12-13,Room + Service,Credit Card
P05361,B05204,2026-02-14,Room,Credit Card
P05362,B05205,2025-04-05,Room + Service,UPI
P05363,B05207,2026-02-01,Room,Credit Card
P05364,B05208,2025-10-04,Room + Service,Cash
P05365,B05209,2024-11-19,Service,Net Banking
P05366,B05210,2026-04-02,Room + Service,Net Banking
P05367,B05211,2024-01-20,Room + Service,Credit Card
P05368,B05212,2026-01-06,Room,Credit Card
P05369,B05212,2026-01-07,Service,Credit Card
P05370,B05214,2025-07-20,Room,UPI
P05371,B05214,2025-07-27,Service,UPI
P05372,B05215,2026-05-31,Room,Credit Card
P05373,B05217,2026-07-11,Room,Debit Card
P05374,B05217,2026-07-05,Service,UPI
P05375,B05218,2026-01-15,Room,Cash
P05376,B05218,2026-02-03,Service,UPI
P05377,B05219,2026-08-31,Room,Debit Card
P05378,B05220,2024-06-06,Room,Debit Card
P05379,B05221,2025-03-04,Room,Credit Card
P05380,B05223,2026-06-30,Room,Debit Card
P05381,B05224,2026-08-03,Service,Net Banking
P05382,B05225,2025-03-18,Room + Service,Credit Card
P05383,B05226,2024-11-29,Room,UPI
P05384,B05226,2024-11-17,Service,Credit Card
P05385,B05227,2026-01-18,Room + Service,Net Banking
P05386,B05228,2026-03-12,Service,Credit Card
P05387,B05229,2026-05-05,Room + Service,Credit Card
P05388,B05230,2026-07-18,Room,UPI
P05389,B05231,2026-08-25,Room + Service,Credit Card
P05390,B05232,2025-04-03,Room + Service,Digital Wallet
P05391,B05233,2026-03-19,Room,Credit Card
P05392,B05234,2026-05-24,Room + Service,UPI
P05393,B05236,2026-04-14,Room + Service,UPI
P05394,B05237,2024-09-12,Room + Service,UPI
P05395,B05239,2026-03-02,Room + Service,Debit Card
P05396,B05240,2025-09-12,Room + Service,Digital Wallet
P05397,B05241,2025-03-08,Room,Net Banking
P05398,B05242,2025-11-29,Room + Service,UPI
P05399,B05243,2025-08-28,Service,Net Banking
P05400,B05245,2025-01-09,Room + Service,Net Banking
P05401,B05247,2024-01-16,Room,UPI
P05402,B05247,2024-01-15,Room,Credit Card
P05403,B05248,2024-06-14,Room,Credit Card
P05404,B05248,2024-06-13,Room,Credit Card
P05405,B05249,2026-05-26,Room + Service,UPI
P05406,B05250,2025-11-12,Room,Digital Wallet
P05407,B05250,2025-11-13,Service,Credit Card
P05408,B05251,2026-08-27,Room + Service,UPI
P05409,B05252,2025-02-24,Room,Net Banking
P05410,B05252,2025-02-28,Service,UPI
P05411,B05253,2025-01-05,Room + Service,Net Banking
P05412,B05254,2025-11-13,Room + Service,UPI
P05413,B05256,2025-03-16,Room + Service,Debit Card
P05414,B05257,2025-08-29,Room + Service,UPI
P05415,B05258,2026-07-11,Room,Debit Card
P05416,B05258,2026-07-09,Service,UPI
P05417,B05259,2026-08-08,Room,Net Banking
P05418,B05259,2026-07-29,Service,UPI
P05419,B05260,2025-10-20,Room + Service,Credit Card
P05420,B05263,2026-05-01,Room + Service,UPI
P05421,B05264,2024-05-29,Room + Service,Credit Card
P05422,B05265,2024-08-22,Room + Service,Net Banking
P05423,B05266,2025-03-17,Room + Service,UPI
P05424,B05267,2024-02-26,Room + Service,Debit Card
P05425,B05268,2025-10-06,Room + Service,UPI
P05426,B05269,2024-03-22,Room + Service,Net Banking
P05427,B05270,2024-09-17,Room,UPI
P05428,B05270,2024-09-15,Service,Credit Card
P05429,B05271,2026-06-18,Room,Credit Card
P05430,B05271,2026-06-22,Room,Debit Card
P05431,B05272,2024-02-02,Room + Service,Credit Card
P05432,B05273,2025-11-06,Room + Service,Net Banking
P05433,B05274,2026-03-27,Service,UPI
P05434,B05275,2025-04-26,Room + Service,Digital Wallet
P05435,B05276,2025-02-14,Service,Net Banking
P05436,B05277,2025-10-30,Room + Service,Credit Card
P05437,B05278,2025-04-14,Room + Service,UPI
P05438,B05279,2025-12-24,Room,Cash
P05439,B05280,2026-01-29,Room,Debit Card
P05440,B05281,2026-02-07,Room + Service,Debit Card
P05441,B05282,2024-07-10,Room + Service,UPI
P05442,B05283,2026-03-25,Room + Service,Credit Card
P05443,B05284,2025-02-25,Room + Service,UPI
P05444,B05286,2024-12-05,Room + Service,UPI
P05445,B05287,2025-09-03,Service,Cash
P05446,B05288,2024-04-22,Room,Net Banking
P05447,B05289,2026-08-02,Room + Service,Net Banking
P05448,B05291,2026-01-01,Service,Debit Card
P05449,B05292,2026-01-14,Room + Service,UPI
P05450,B05293,2025-06-24,Room,Debit Card
P05451,B05294,2025-02-12,Room + Service,Credit Card
P05452,B05295,2025-12-12,Room,UPI
P05453,B05295,2026-01-02,Room,Debit Card
P05454,B05296,2025-01-23,Service,Digital Wallet
P05455,B05297,2025-05-07,Service,UPI
P05456,B05299,2026-03-23,Room,UPI
P05457,B05299,2026-03-22,Service,UPI
P05458,B05300,2025-05-27,Room + Service,Net Banking
P05459,B05301,2026-02-22,Service,UPI
P05460,B05302,2024-06-26,Service,UPI
P05461,B05303,2026-01-19,Room,UPI
P05462,B05303,2026-01-20,Service,Net Banking
P05463,B05304,2024-08-23,Room + Service,Net Banking
P05464,B05305,2026-07-19,Service,Debit Card
P05465,B05306,2024-12-10,Service,Credit Card
P05466,B05307,2026-05-14,Room + Service,Credit Card
P05467,B05308,2026-07-14,Room,Net Banking
P05468,B05309,2025-03-30,Room,Digital Wallet
P05469,B05309,2025-03-16,Service,Credit Card
P05470,B05310,2025-05-09,Service,Net Banking
P05471,B05311,2024-05-29,Room + Service,Debit Card
P05472,B05312,2025-10-15,Room + Service,UPI
P05473,B05313,2025-12-13,Room + Service,UPI
P05474,B05316,2024-07-21,Service,UPI
P05475,B05318,2026-05-17,Service,Debit Card
P05476,B05319,2026-08-10,Room,UPI
P05477,B05320,2025-10-28,Room,Credit Card
P05478,B05322,2024-10-04,Service,Digital Wallet
P05479,B05323,2026-06-06,Service,UPI
P05480,B05325,2026-01-26,Room + Service,UPI
P05481,B05326,2026-05-06,Room + Service,UPI
P05482,B05327,2024-06-19,Room + Service,UPI
P05483,B05328,2025-01-23,Room + Service,Net Banking
P05484,B05329,2024-02-11,Room,Digital Wallet
P05485,B05329,2024-03-17,Service,Digital Wallet
P05486,B05330,2026-04-29,Room + Service,Debit Card
P05487,B05331,2026-07-31,Room,Credit Card
P05488,B05332,2024-11-03,Room,Net Banking
P05489,B05334,2026-04-08,Room,Debit Card
P05490,B05334,2026-03-26,Service,Credit Card
P05491,B05335,2026-01-29,Room + Service,Debit Card
P05492,B05336,2026-07-01,Room + Service,Digital Wallet
P05493,B05337,2024-11-24,Service,Net Banking
P05494,B05338,2024-02-02,Room,Credit Card
P05495,B05338,2024-01-31,Service,Credit Card
P05496,B05339,2024-12-27,Room + Service,Credit Card
P05497,B05340,2025-06-30,Room,Credit Card
P05498,B05340,2025-07-01,Room,Net Banking
P05499,B05341,2026-05-02,Room,UPI
P05500,B05342,2026-08-05,Room + Service,Credit Card
P05501,B05343,2026-01-01,Service,UPI
P05502,B05344,2026-08-19,Room + Service,UPI
P05503,B05345,2024-08-25,Room + Service,Debit Card
P05504,B05346,2025-12-18,Room + Service,Net Banking
P05505,B05347,2025-12-29,Room + Service,Credit Card
P05506,B05348,2026-04-05,Room + Service,UPI
P05507,B05349,2025-10-21,Room,UPI
P05508,B05350,2025-11-20,Room + Service,Credit Card
P05509,B05351,2025-12-26,Room + Service,Credit Card
P05510,B05352,2026-06-12,Room + Service,Debit Card
P05511,B05353,2025-04-20,Room,Credit Card
P05512,B05354,2024-01-02,Service,Net Banking
P05513,B05356,2024-09-12,Service,Credit Card
P05514,B05357,2026-01-15,Room,UPI
P05515,B05358,2024-06-07,Service,Credit Card
P05516,B05359,2026-04-27,Room,UPI
P05517,B05360,2025-02-25,Room + Service,Debit Card
P05518,B05361,2025-10-24,Service,UPI
P05519,B05363,2025-04-27,Room + Service,UPI
P05520,B05364,2026-04-15,Room + Service,Credit Card
P05521,B05365,2026-07-28,Room + Service,UPI
P05522,B05366,2025-05-27,Room + Service,Credit Card
P05523,B05367,2025-09-13,Room + Service,Credit Card
P05524,B05368,2026-07-20,Room + Service,Cash
P05525,B05369,2026-07-30,Room,UPI
P05526,B05370,2025-11-17,Room + Service,Credit Card
P05527,B05371,2025-04-26,Room + Service,Credit Card
P05528,B05372,2025-06-18,Room,Credit Card
P05529,B05372,2025-06-20,Service,UPI
P05530,B05373,2024-07-12,Room + Service,Debit Card
P05531,B05374,2025-09-18,Room,UPI
P05532,B05375,2024-07-01,Room,UPI
P05533,B05375,2024-06-27,Service,UPI
P05534,B05377,2025-04-17,Room,UPI
P05535,B05378,2024-07-04,Room + Service,Credit Card
P05536,B05379,2025-01-16,Service,UPI
P05537,B05380,2026-01-22,Room,Debit Card
P05538,B05380,2026-01-22,Service,Credit Card
P05539,B05381,2026-04-05,Room + Service,Credit Card
P05540,B05382,2025-03-17,Room,Credit Card
P05541,B05383,2025-12-15,Room,Credit Card
P05542,B05383,2026-01-09,Service,Net Banking
P05543,B05384,2026-07-03,Room + Service,Debit Card
P05544,B05385,2026-07-27,Room,UPI
P05545,B05385,2026-07-20,Room,Net Banking
P05546,B05386,2025-11-22,Room + Service,Credit Card
P05547,B05387,2026-06-10,Room + Service,UPI
P05548,B05388,2026-07-22,Room + Service,UPI
P05549,B05389,2024-10-16,Room,Net Banking
P05550,B05390,2024-05-02,Room + Service,UPI
P05551,B05391,2025-05-23,Room + Service,Credit Card
P05552,B05392,2024-02-03,Room,Debit Card
P05553,B05393,2025-04-09,Room,Credit Card
P05554,B05394,2026-03-18,Room + Service,Credit Card
P05555,B05395,2024-09-04,Room + Service,Digital Wallet
P05556,B05396,2025-09-18,Room,Credit Card
P05557,B05398,2025-12-07,Room + Service,Credit Card
P05558,B05399,2026-01-18,Room + Service,Net Banking
P05559,B05400,2026-06-02,Service,UPI
P05560,B05401,2026-08-16,Room + Service,Credit Card
P05561,B05402,2025-07-10,Room + Service,UPI
P05562,B05403,2024-03-11,Room,Debit Card
P05563,B05403,2024-03-04,Service,UPI
P05564,B05404,2024-05-11,Room,Credit Card
P05565,B05404,2024-05-12,Service,UPI
P05566,B05405,2025-04-20,Room + Service,UPI
P05567,B05406,2025-07-17,Room + Service,Debit Card
P05568,B05407,2025-09-26,Room + Service,Digital Wallet
P05569,B05408,2024-09-30,Service,Credit Card
P05570,B05409,2024-11-07,Room,UPI
P05571,B05409,2024-11-10,Service,Net Banking
P05572,B05411,2024-10-07,Service,UPI
P05573,B05412,2026-03-02,Room + Service,Cash
P05574,B05413,2024-10-21,Room + Service,Credit Card
P05575,B05414,2024-05-25,Room,UPI
P05576,B05414,2024-06-05,Service,UPI
P05577,B05415,2025-11-01,Service,UPI
P05578,B05417,2025-09-07,Room + Service,UPI
P05579,B05418,2025-12-11,Room,Net Banking
P05580,B05418,2025-12-08,Service,UPI
P05581,B05419,2025-07-07,Service,Credit Card
P05582,B05420,2026-03-13,Room,Credit Card
P05583,B05422,2026-04-25,Room,Digital Wallet
P05584,B05423,2024-01-14,Room,Credit Card
P05585,B05424,2025-03-09,Room + Service,Net Banking
P05586,B05426,2024-10-16,Service,Credit Card
P05587,B05427,2026-02-10,Room + Service,UPI
P05588,B05428,2026-08-17,Room,Net Banking
P05589,B05428,2026-08-17,Service,Credit Card
P05590,B05429,2024-08-02,Room + Service,Credit Card
P05591,B05430,2024-12-08,Room + Service,Debit Card
P05592,B05431,2025-04-04,Room,UPI
P05593,B05432,2025-12-25,Room,Net Banking
P05594,B05433,2025-05-17,Room + Service,Credit Card
P05595,B05436,2026-01-23,Service,Net Banking
P05596,B05437,2026-08-12,Room,Net Banking
P05597,B05437,2026-08-19,Service,UPI
P05598,B05438,2026-05-17,Room + Service,Net Banking
P05599,B05439,2025-03-27,Room,Debit Card
P05600,B05441,2026-03-21,Service,UPI
P05601,B05442,2026-02-05,Room + Service,Cash
P05602,B05443,2026-04-28,Room + Service,Cash
P05603,B05445,2025-01-26,Room + Service,Credit Card
P05604,B05447,2025-04-15,Room,UPI
P05605,B05448,2026-07-30,Room + Service,Credit Card
P05606,B05449,2025-04-18,Room + Service,Credit Card
P05607,B05450,2025-08-20,Service,UPI
P05608,B05451,2025-08-31,Room,UPI
P05609,B05452,2026-04-24,Room + Service,Credit Card
P05610,B05453,2026-08-09,Service,UPI
P05611,B05454,2024-06-27,Room,Net Banking
P05612,B05455,2024-07-19,Room + Service,Net Banking
P05613,B05456,2024-01-27,Room + Service,Digital Wallet
P05614,B05457,2025-05-03,Room,Credit Card
P05615,B05458,2026-02-01,Room + Service,Net Banking
P05616,B05459,2026-08-23,Room + Service,UPI
P05617,B05460,2024-10-17,Room + Service,Credit Card
P05618,B05461,2025-02-01,Room,UPI
P05619,B05462,2025-11-27,Room,Credit Card
P05620,B05463,2026-08-19,Room + Service,Digital Wallet
P05621,B05464,2024-12-03,Room + Service,Credit Card
P05622,B05465,2026-01-30,Room,Debit Card
P05623,B05465,2026-02-03,Room,Credit Card
P05624,B05466,2026-04-30,Room + Service,Debit Card
P05625,B05467,2024-09-26,Room + Service,Credit Card
P05626,B05468,2025-11-30,Service,Credit Card
P05627,B05469,2026-08-25,Room + Service,Debit Card
P05628,B05470,2025-11-19,Service,Debit Card
P05629,B05471,2025-12-27,Room,UPI
P05630,B05472,2024-10-15,Room,Credit Card
P05631,B05473,2026-05-11,Service,UPI
P05632,B05474,2026-07-07,Room,Credit Card
P05633,B05475,2025-05-02,Room + Service,Credit Card
P05634,B05476,2026-02-26,Room,Net Banking
P05635,B05476,2026-02-27,Service,Credit Card
P05636,B05477,2026-07-13,Room,Digital Wallet
P05637,B05478,2026-08-24,Room,Credit Card
P05638,B05479,2025-09-19,Room + Service,Cash
P05639,B05480,2025-12-08,Room + Service,Digital Wallet
P05640,B05481,2025-11-18,Room + Service,UPI
P05641,B05482,2026-05-12,Room + Service,UPI
P05642,B05483,2026-07-16,Service,Digital Wallet
P05643,B05484,2025-07-11,Room,Net Banking
P05644,B05485,2025-09-24,Room,Credit Card
P05645,B05486,2026-01-05,Room,Credit Card
P05646,B05487,2026-03-19,Room + Service,Digital Wallet
P05647,B05488,2024-08-15,Room,UPI
P05648,B05490,2026-03-21,Room,Credit Card
P05649,B05490,2026-03-18,Service,Debit Card
P05650,B05491,2025-04-07,Room,UPI
P05651,B05491,2025-04-09,Service,UPI
P05652,B05492,2025-07-21,Room,Net Banking
P05653,B05492,2025-07-16,Room,Net Banking
P05654,B05493,2024-12-05,Room + Service,Credit Card
P05655,B05494,2026-01-31,Room + Service,UPI
P05656,B05495,2025-03-03,Room + Service,Net Banking
P05657,B05496,2025-05-28,Room,Net Banking
P05658,B05497,2025-07-21,Room,UPI
P05659,B05497,2025-07-20,Service,UPI
P05660,B05498,2025-10-21,Room,Debit Card
P05661,B05499,2026-04-05,Room,Net Banking
P05662,B05499,2026-04-04,Room,Net Banking
P05663,B05500,2026-06-08,Room + Service,Net Banking
P05664,B05501,2024-12-15,Room + Service,UPI
P05665,B05503,2024-09-02,Room,UPI
P05666,B05505,2025-07-03,Room,Debit Card
P05667,B05506,2026-04-11,Room + Service,Credit Card
P05668,B05507,2025-04-10,Room,UPI
P05669,B05508,2025-09-04,Room,UPI
P05670,B05509,2024-05-28,Room,UPI
P05671,B05509,2024-05-22,Service,Credit Card
P05672,B05510,2025-10-22,Room,Debit Card
P05673,B05510,2025-10-22,Service,Debit Card
P05674,B05511,2024-02-05,Room,Credit Card
P05675,B05513,2024-12-03,Room + Service,Net Banking
P05676,B05514,2024-04-03,Room,Credit Card
P05677,B05515,2025-06-19,Room,Net Banking
P05678,B05516,2025-09-21,Room,Credit Card
P05679,B05517,2025-11-24,Room,UPI
P05680,B05518,2024-12-12,Room,UPI
P05681,B05519,2026-01-03,Room + Service,UPI
P05682,B05520,2024-10-07,Room + Service,UPI
P05683,B05521,2024-11-23,Service,Credit Card
P05684,B05524,2026-07-02,Room,UPI
P05685,B05524,2026-07-04,Service,Digital Wallet
P05686,B05525,2025-11-23,Room + Service,Digital Wallet
P05687,B05526,2025-12-21,Room + Service,Debit Card
P05688,B05527,2026-02-12,Room,UPI
P05689,B05527,2026-02-21,Service,Credit Card
P05690,B05528,2025-10-15,Room,UPI
P05691,B05528,2025-10-10,Service,Net Banking
P05692,B05529,2026-08-12,Room,Credit Card
P05693,B05530,2025-08-19,Room,UPI
P05694,B05531,2024-09-02,Service,UPI
P05695,B05532,2025-11-03,Room + Service,UPI
P05696,B05533,2026-06-07,Room,UPI
P05697,B05534,2025-12-23,Room,Net Banking
P05698,B05534,2026-01-10,Service,Credit Card
P05699,B05535,2026-03-05,Room,Credit Card
P05700,B05535,2026-03-03,Room,UPI
P05701,B05536,2026-06-26,Room + Service,Credit Card
P05702,B05537,2025-01-15,Room + Service,Cash
P05703,B05539,2025-06-05,Room + Service,Debit Card
P05704,B05540,2026-06-01,Room,UPI
P05705,B05541,2026-07-29,Room + Service,UPI
P05706,B05542,2026-04-02,Room + Service,Credit Card
P05707,B05543,2024-10-20,Service,Net Banking
P05708,B05544,2026-04-27,Service,Net Banking
P05709,B05545,2026-08-03,Room,Cash
P05710,B05546,2025-01-01,Service,Debit Card
P05711,B05547,2024-08-30,Room,Debit Card
P05712,B05548,2025-12-26,Room + Service,Digital Wallet
P05713,B05549,2026-02-20,Room,UPI
P05714,B05549,2026-02-21,Service,UPI
P05715,B05550,2024-11-07,Room + Service,Credit Card
P05716,B05553,2026-07-03,Room,Credit Card
P05717,B05553,2026-07-02,Service,Debit Card
P05718,B05554,2025-10-26,Room,Cash
P05719,B05555,2026-07-23,Room + Service,Net Banking
P05720,B05556,2026-03-22,Room,UPI
P05721,B05557,2026-07-09,Room + Service,Debit Card
P05722,B05558,2024-01-18,Room,Credit Card
P05723,B05559,2025-10-21,Service,UPI
P05724,B05560,2025-12-07,Room,Credit Card
P05725,B05561,2026-04-28,Room,UPI
P05726,B05562,2026-08-25,Room + Service,Credit Card
P05727,B05563,2025-11-08,Room,UPI
P05728,B05564,2024-12-26,Room,Credit Card
P05729,B05565,2024-07-04,Service,Net Banking
P05730,B05567,2026-03-23,Room,Net Banking
P05731,B05568,2024-05-28,Room + Service,Credit Card
P05732,B05569,2024-12-20,Room,Debit Card
P05733,B05570,2025-01-24,Service,Credit Card
P05734,B05571,2025-07-02,Room + Service,UPI
P05735,B05572,2026-03-13,Room,Net Banking
P05736,B05572,2026-03-06,Service,Credit Card
P05737,B05573,2026-01-18,Room,Credit Card
P05738,B05574,2026-03-16,Room,UPI
P05739,B05575,2025-07-02,Service,Net Banking
P05740,B05576,2026-02-06,Room,Credit Card
P05741,B05577,2024-10-03,Room,Net Banking
P05742,B05577,2024-09-21,Service,Credit Card
P05743,B05578,2024-11-25,Room + Service,UPI
P05744,B05579,2025-02-10,Service,UPI
P05745,B05582,2024-06-04,Room,Credit Card
P05746,B05584,2025-10-31,Room + Service,UPI
P05747,B05586,2024-07-29,Room + Service,Debit Card
P05748,B05587,2024-12-17,Room + Service,Net Banking
P05749,B05588,2024-12-16,Room,Debit Card
P05750,B05589,2025-04-03,Room + Service,Debit Card
P05751,B05590,2025-12-30,Room,Net Banking
P05752,B05590,2026-01-03,Service,UPI
P05753,B05591,2026-02-18,Room + Service,Debit Card
P05754,B05593,2026-08-02,Room + Service,Net Banking
P05755,B05594,2024-01-30,Room + Service,UPI
P05756,B05595,2026-03-14,Room + Service,UPI
P05757,B05596,2024-08-01,Room,UPI
P05758,B05597,2026-03-24,Room + Service,UPI
P05759,B05599,2026-05-06,Room + Service,Debit Card
P05760,B05600,2024-01-26,Room + Service,UPI
P05761,B05601,2025-12-12,Room,Credit Card
P05762,B05602,2026-08-22,Service,Digital Wallet
P05763,B05603,2025-04-18,Room + Service,UPI
P05764,B05604,2025-08-26,Room,Credit Card
P05765,B05604,2025-08-17,Service,UPI
P05766,B05605,2026-05-03,Room,Net Banking
P05767,B05606,2026-06-24,Room,Net Banking
P05768,B05606,2026-07-18,Service,Credit Card
P05769,B05607,2026-08-22,Room + Service,Credit Card
P05770,B05608,2024-10-14,Room,UPI
P05771,B05609,2025-10-27,Room + Service,Credit Card
P05772,B05611,2024-12-23,Room,Credit Card
P05773,B05612,2025-12-07,Service,Net Banking
P05774,B05613,2025-01-22,Service,UPI
P05775,B05614,2025-08-29,Room + Service,UPI
P05776,B05615,2025-10-07,Room + Service,UPI
P05777,B05617,2025-08-27,Room,Net Banking
P05778,B05618,2025-11-12,Room + Service,UPI
P05779,B05619,2025-08-30,Room,Credit Card
P05780,B05619,2025-08-30,Service,Credit Card
P05781,B05620,2026-05-14,Room + Service,Net Banking
P05782,B05621,2026-08-09,Room + Service,UPI
P05783,B05623,2025-10-19,Room,Credit Card
P05784,B05623,2025-10-21,Service,Net Banking
P05785,B05624,2026-06-01,Room + Service,Debit Card
P05786,B05625,2026-08-11,Room + Service,UPI
P05787,B05626,2024-10-21,Service,UPI
P05788,B05627,2025-10-01,Room + Service,UPI
P05789,B05629,2026-04-25,Room,UPI
P05790,B05630,2026-08-29,Room + Service,UPI
P05791,B05631,2026-02-23,Room,UPI
P05792,B05632,2026-07-26,Room + Service,UPI
P05793,B05633,2024-01-13,Room,Debit Card
P05794,B05633,2024-01-15,Room,Credit Card
P05795,B05634,2025-09-22,Room,Net Banking
P05796,B05634,2025-09-29,Room,Credit Card
P05797,B05636,2025-05-12,Room,UPI
P05798,B05637,2026-06-10,Room + Service,Net Banking
P05799,B05638,2026-03-01,Service,Credit Card
P05800,B05640,2024-09-20,Room,Credit Card
P05801,B05640,2024-09-10,Service,UPI
P05802,B05641,2026-05-22,Room + Service,Net Banking
P05803,B05642,2026-07-30,Room,Credit Card
P05804,B05642,2026-07-27,Room,Credit Card
P05805,B05643,2024-10-10,Room,UPI
P05806,B05643,2024-09-29,Service,Credit Card
P05807,B05644,2026-02-19,Room + Service,UPI
P05808,B05645,2025-11-22,Room,UPI
P05809,B05646,2026-03-25,Room,Credit Card
P05810,B05647,2026-08-02,Room + Service,UPI
P05811,B05648,2025-08-01,Room,UPI
P05812,B05648,2025-07-28,Service,Cash
P05813,B05650,2024-01-31,Room,Credit Card
P05814,B05650,2024-02-01,Room,Net Banking
P05815,B05651,2024-01-30,Service,UPI
P05816,B05652,2024-08-16,Room,Credit Card
P05817,B05652,2024-08-03,Room,Cash
P05818,B05653,2025-08-23,Room + Service,Net Banking
P05819,B05655,2026-07-28,Room + Service,Credit Card
P05820,B05656,2025-07-19,Room,UPI
P05821,B05657,2025-10-06,Room + Service,Credit Card
P05822,B05658,2026-08-25,Room + Service,UPI
P05823,B05659,2026-05-19,Room,Credit Card
P05824,B05659,2026-05-15,Service,UPI
P05825,B05660,2026-07-16,Service,UPI
P05826,B05662,2024-06-03,Room + Service,Credit Card
P05827,B05665,2026-04-03,Room + Service,Debit Card
P05828,B05666,2026-06-22,Service,Credit Card
P05829,B05667,2026-07-03,Room + Service,UPI
P05830,B05668,2026-08-14,Room + Service,UPI
P05831,B05669,2026-04-06,Room + Service,UPI
P05832,B05670,2026-08-16,Room + Service,Net Banking
P05833,B05671,2024-09-08,Room,Credit Card
P05834,B05672,2026-01-06,Room,Credit Card
P05835,B05675,2024-08-12,Room,UPI
P05836,B05675,2024-08-28,Room,Digital Wallet
P05837,B05678,2026-05-23,Room,UPI
P05838,B05679,2024-09-07,Room + Service,Debit Card
P05839,B05680,2026-02-06,Room,UPI
P05840,B05680,2026-01-29,Service,Debit Card
P05841,B05681,2026-06-15,Room,Debit Card
P05842,B05682,2026-08-17,Room,Credit Card
P05843,B05682,2026-08-14,Service,Credit Card
P05844,B05683,2024-09-13,Room,Credit Card
P05845,B05684,2025-11-30,Service,Credit Card
P05846,B05685,2026-02-18,Room + Service,UPI
P05847,B05686,2024-06-11,Room,UPI
P05848,B05686,2024-06-23,Service,UPI
P05849,B05688,2026-01-05,Room,UPI
P05850,B05688,2026-01-04,Room,UPI
P05851,B05689,2025-03-14,Room + Service,Net Banking
P05852,B05690,2025-12-24,Room,UPI
P05853,B05691,2024-10-26,Room,Credit Card
P05854,B05692,2025-11-07,Room,UPI
P05855,B05692,2025-11-09,Room,Net Banking
P05856,B05693,2026-01-05,Room + Service,UPI
P05857,B05694,2026-05-20,Service,Credit Card
P05858,B05695,2026-05-30,Room + Service,UPI
P05859,B05696,2026-08-23,Room + Service,UPI
P05860,B05697,2024-05-21,Service,UPI
P05861,B05699,2024-04-20,Service,Net Banking
P05862,B05700,2024-07-29,Room,Credit Card
P05863,B05702,2025-06-07,Room,UPI
P05864,B05702,2025-06-11,Service,UPI
P05865,B05704,2025-09-19,Room,Credit Card
P05866,B05705,2026-04-10,Service,Debit Card
P05867,B05706,2026-07-28,Room,Credit Card
P05868,B05706,2026-07-30,Service,Net Banking
P05869,B05707,2025-02-02,Room + Service,UPI
P05870,B05708,2025-11-17,Room + Service,UPI
P05871,B05709,2026-05-11,Room,Credit Card
P05872,B05709,2026-05-24,Service,UPI
P05873,B05710,2025-07-23,Room,Credit Card
P05874,B05711,2025-12-13,Room,Credit Card
P05875,B05712,2026-07-01,Room,Digital Wallet
P05876,B05713,2026-03-24,Room,Debit Card
P05877,B05713,2026-03-26,Service,Debit Card
P05878,B05714,2026-07-17,Room,Net Banking
P05879,B05716,2025-02-24,Room,Debit Card
P05880,B05717,2025-07-01,Service,Digital Wallet
P05881,B05718,2025-08-21,Room + Service,Credit Card
P05882,B05719,2025-11-17,Room,UPI
P05883,B05720,2026-01-30,Room + Service,UPI
P05884,B05721,2026-06-22,Service,UPI
P05885,B05722,2026-01-14,Service,UPI
P05886,B05723,2026-07-18,Room,Credit Card
P05887,B05724,2024-10-03,Room,UPI
P05888,B05724,2024-10-06,Service,Credit Card
P05889,B05725,2025-05-25,Service,Cash
P05890,B05726,2025-05-11,Room,Credit Card
P05891,B05726,2025-05-19,Room,UPI
P05892,B05727,2025-12-31,Service,Digital Wallet
P05893,B05728,2026-05-25,Room,Debit Card
P05894,B05729,2025-01-19,Room,UPI
P05895,B05730,2025-10-18,Room,UPI
P05896,B05731,2025-12-22,Room,Debit Card
P05897,B05732,2026-04-12,Room,Net Banking
P05898,B05732,2026-04-21,Service,Cash
P05899,B05733,2025-10-19,Room,Credit Card
P05900,B05734,2026-01-17,Room + Service,Net Banking
P05901,B05735,2026-06-28,Room + Service,UPI
P05902,B05736,2026-08-17,Room,Net Banking
P05903,B05736,2026-08-14,Service,Net Banking
P05904,B05738,2025-05-02,Room + Service,Credit Card
P05905,B05740,2025-01-23,Room,Credit Card
P05906,B05741,2026-05-04,Room,UPI
P05907,B05742,2026-06-28,Room + Service,Cash
P05908,B05743,2026-01-10,Room + Service,Digital Wallet
P05909,B05744,2026-01-01,Room,Credit Card
P05910,B05745,2026-05-19,Room,UPI
P05911,B05745,2026-05-28,Service,UPI
P05912,B05746,2024-01-07,Room + Service,Credit Card
P05913,B05747,2025-06-02,Room,UPI
P05914,B05748,2025-11-04,Room,Credit Card
P05915,B05748,2025-10-28,Service,UPI
P05916,B05749,2026-04-18,Room,UPI
P05917,B05750,2026-06-24,Room + Service,Cash
P05918,B05751,2024-03-31,Room + Service,Net Banking
P05919,B05752,2025-05-17,Room,Credit Card
P05920,B05753,2025-07-27,Room,UPI
P05921,B05753,2025-07-29,Service,UPI
P05922,B05754,2025-02-10,Service,Debit Card
P05923,B05756,2026-07-04,Room,UPI
P05924,B05757,2026-06-17,Room,Credit Card
P05925,B05757,2026-06-27,Service,UPI
P05926,B05758,2026-08-11,Room,Net Banking
P05927,B05759,2024-01-08,Room + Service,Debit Card
P05928,B05760,2025-07-18,Room + Service,UPI
P05929,B05761,2026-02-18,Service,Digital Wallet
P05930,B05763,2026-03-22,Room + Service,Debit Card
P05931,B05764,2025-10-14,Room,Net Banking
P05932,B05765,2025-08-10,Room + Service,Credit Card
P05933,B05766,2026-01-08,Room,Debit Card
P05934,B05767,2024-01-01,Room + Service,Net Banking
P05935,B05769,2025-03-08,Room,Net Banking
P05936,B05770,2026-04-21,Room,Credit Card
P05937,B05771,2024-05-24,Room + Service,UPI
P05938,B05772,2026-06-06,Room + Service,Credit Card
P05939,B05774,2025-01-12,Room,Credit Card
P05940,B05774,2025-01-14,Room,Credit Card
P05941,B05775,2026-07-12,Room,Debit Card
P05942,B05776,2024-05-25,Room,Credit Card
P05943,B05777,2024-02-26,Service,Debit Card
P05944,B05778,2025-11-11,Room,Credit Card
P05945,B05778,2025-11-08,Service,UPI
P05946,B05779,2026-02-02,Room + Service,Credit Card
P05947,B05780,2026-03-04,Room,UPI
P05948,B05781,2025-10-06,Room,UPI
P05949,B05781,2025-10-10,Service,UPI
P05950,B05782,2026-05-29,Room + Service,Debit Card
P05951,B05784,2026-01-24,Room + Service,Digital Wallet
P05952,B05785,2026-06-04,Service,Net Banking
P05953,B05786,2026-08-26,Service,UPI
P05954,B05787,2025-10-28,Room + Service,Credit Card
P05955,B05788,2026-02-21,Room,Credit Card
P05956,B05790,2024-03-01,Room + Service,Credit Card
P05957,B05791,2024-09-02,Room + Service,Net Banking
P05958,B05792,2025-10-07,Room,UPI
P05959,B05792,2025-10-10,Service,UPI
P05960,B05793,2026-08-26,Room,Credit Card
P05961,B05795,2024-09-25,Room,Cash
P05962,B05796,2024-02-28,Room,Debit Card
P05963,B05797,2026-04-28,Room + Service,Net Banking
P05964,B05798,2026-08-24,Room + Service,Cash
P05965,B05799,2026-02-16,Room + Service,UPI
P05966,B05800,2026-05-13,Room,UPI
P05967,B05801,2025-05-23,Room + Service,Credit Card
P05968,B05802,2025-11-25,Room,UPI
P05969,B05804,2026-05-21,Room + Service,Debit Card
P05970,B05805,2025-06-07,Room,Debit Card
P05971,B05806,2026-07-26,Service,UPI
P05972,B05807,2026-08-03,Service,Credit Card
P05973,B05808,2025-01-11,Room + Service,Net Banking
P05974,B05809,2026-05-26,Room + Service,UPI
P05975,B05810,2026-02-02,Room,Cash
P05976,B05810,2026-01-31,Service,Debit Card
P05977,B05811,2025-09-19,Room + Service,Cash
P05978,B05812,2025-08-24,Room,Credit Card
P05979,B05812,2025-08-06,Service,Credit Card
P05980,B05813,2026-08-03,Room,Cash
P05981,B05814,2025-03-17,Service,Credit Card
P05982,B05815,2025-12-28,Room + Service,Net Banking
P05983,B05816,2026-08-18,Room,UPI
P05984,B05817,2026-01-23,Room + Service,Net Banking
P05985,B05818,2026-05-20,Room,Credit Card
P05986,B05819,2025-08-07,Room + Service,Credit Card
P05987,B05820,2024-05-09,Room + Service,Debit Card
P05988,B05821,2024-09-24,Room + Service,Debit Card
P05989,B05823,2024-04-25,Room,Credit Card
P05990,B05825,2026-04-30,Service,UPI
P05991,B05826,2026-06-21,Room,Debit Card
P05992,B05826,2026-06-01,Room,Debit Card
P05993,B05827,2026-08-30,Room,Net Banking
P05994,B05828,2026-03-20,Room + Service,Credit Card
P05995,B05829,2025-05-15,Room + Service,Credit Card
P05996,B05830,2024-03-05,Room,UPI
P05997,B05832,2025-03-16,Room + Service,Net Banking
P05998,B05833,2025-03-31,Room + Service,Debit Card
P05999,B05834,2025-09-21,Room + Service,UPI
P06000,B05835,2026-02-18,Room + Service,UPI
P06001,B05836,2025-10-27,Room,Digital Wallet
P06002,B05837,2025-09-15,Room,Net Banking
P06003,B05838,2025-11-09,Room + Service,UPI
P06004,B05839,2026-02-24,Room,Net Banking
P06005,B05840,2026-06-09,Service,Net Banking
P06006,B05841,2026-08-17,Room + Service,UPI
P06007,B05842,2025-02-05,Room + Service,Digital Wallet
P06008,B05843,2026-01-27,Room + Service,Digital Wallet
P06009,B05845,2026-07-15,Room + Service,UPI
P06010,B05846,2024-07-31,Room,Net Banking
P06011,B05847,2026-01-17,Room + Service,Net Banking
P06012,B05848,2026-02-21,Room + Service,UPI
P06013,B05850,2024-08-07,Room,Credit Card
P06014,B05850,2024-08-01,Room,Digital Wallet
P06015,B05851,2024-12-20,Room,Credit Card
P06016,B05851,2024-12-30,Room,UPI
P06017,B05852,2025-04-22,Room,Digital Wallet
P06018,B05853,2024-10-22,Room,UPI
P06019,B05853,2024-10-08,Room,Credit Card
P06020,B05854,2025-01-04,Room,UPI
P06021,B05854,2025-01-05,Service,Credit Card
P06022,B05855,2025-05-27,Room,Debit Card
P06023,B05855,2025-05-24,Service,Credit Card
P06024,B05856,2025-03-07,Room,UPI
P06025,B05856,2025-02-24,Service,Credit Card
P06026,B05857,2025-08-03,Room,Credit Card
P06027,B05858,2026-03-30,Room,Credit Card
P06028,B05860,2024-12-29,Room,Net Banking
P06029,B05861,2026-02-21,Room,Net Banking
P06030,B05861,2026-02-20,Service,UPI
P06031,B05862,2024-02-29,Room,Net Banking
P06032,B05862,2024-03-06,Room,Credit Card
P06033,B05863,2026-04-17,Room + Service,Digital Wallet
P06034,B05864,2026-08-14,Room + Service,Debit Card
P06035,B05865,2026-03-09,Room,Digital Wallet
P06036,B05866,2026-08-19,Room + Service,Net Banking
P06037,B05868,2026-01-03,Room,UPI
P06038,B05869,2026-05-17,Room,UPI
P06039,B05869,2026-05-16,Service,Credit Card
P06040,B05870,2025-09-10,Room + Service,Cash
P06041,B05873,2024-03-17,Room,UPI
P06042,B05874,2026-01-13,Room,Net Banking
P06043,B05874,2026-01-08,Room,UPI
P06044,B05875,2025-07-01,Room + Service,Debit Card
P06045,B05876,2025-11-21,Room + Service,UPI
P06046,B05878,2024-12-07,Service,UPI
P06047,B05879,2026-06-05,Room + Service,Credit Card
P06048,B05880,2026-07-29,Service,Credit Card
P06049,B05881,2025-09-01,Room,Credit Card
P06050,B05883,2025-01-04,Room + Service,Net Banking
P06051,B05884,2024-03-24,Room,UPI
P06052,B05885,2024-10-02,Room + Service,Net Banking
P06053,B05886,2025-01-26,Room,Debit Card
P06054,B05886,2025-02-03,Service,UPI
P06055,B05887,2026-07-08,Room + Service,UPI
P06056,B05888,2025-10-16,Room,UPI
P06057,B05889,2026-02-11,Room,Digital Wallet
P06058,B05890,2026-04-17,Room,Credit Card
P06059,B05891,2026-06-19,Room + Service,Debit Card
P06060,B05892,2024-07-30,Room + Service,Debit Card
P06061,B05893,2026-02-07,Room + Service,UPI
P06062,B05894,2025-02-07,Room,Net Banking
P06063,B05895,2025-12-06,Room,Credit Card
P06064,B05896,2025-12-24,Room + Service,UPI
P06065,B05897,2026-06-26,Room,Cash
P06066,B05898,2024-04-18,Room,Net Banking
P06067,B05900,2026-03-06,Room + Service,Credit Card
P06068,B05901,2026-08-04,Service,Net Banking
P06069,B05902,2025-01-27,Room,UPI
P06070,B05903,2024-06-08,Room,Net Banking
P06071,B05904,2024-01-20,Room,UPI
P06072,B05904,2024-02-06,Service,Credit Card
P06073,B05905,2025-04-06,Room + Service,Credit Card
P06074,B05906,2025-07-07,Room,UPI
P06075,B05906,2025-06-25,Room,Debit Card
P06076,B05907,2026-01-04,Room + Service,UPI
P06077,B05908,2024-09-15,Room + Service,UPI
P06078,B05909,2024-03-27,Room,Net Banking
P06079,B05910,2025-03-11,Room,Debit Card
P06080,B05911,2026-08-06,Room,UPI
P06081,B05911,2026-08-11,Service,Net Banking
P06082,B05912,2025-12-04,Room + Service,Digital Wallet
P06083,B05913,2026-02-12,Room + Service,UPI
P06084,B05914,2026-08-07,Room,UPI
P06085,B05914,2026-07-17,Service,Net Banking
P06086,B05915,2026-08-03,Room,UPI
P06087,B05915,2026-08-04,Service,UPI
P06088,B05916,2026-06-27,Room + Service,Debit Card
P06089,B05917,2024-04-22,Room,UPI
P06090,B05918,2025-10-12,Room + Service,Net Banking
P06091,B05919,2024-03-24,Room + Service,Debit Card
P06092,B05920,2026-04-07,Room + Service,Net Banking
P06093,B05921,2024-08-20,Room + Service,Credit Card
P06094,B05922,2024-11-30,Room,Credit Card
P06095,B05923,2024-09-15,Room + Service,Net Banking
P06096,B05924,2025-05-27,Room + Service,Credit Card
P06097,B05925,2024-10-14,Room + Service,UPI
P06098,B05926,2025-11-22,Room + Service,UPI
P06099,B05927,2024-08-19,Service,UPI
P06100,B05928,2026-03-05,Room,UPI
P06101,B05929,2025-03-05,Room + Service,UPI
P06102,B05930,2026-01-14,Room + Service,UPI
P06103,B05932,2025-03-31,Room,UPI
P06104,B05933,2026-01-21,Room + Service,Credit Card
P06105,B05934,2026-04-28,Room + Service,UPI
P06106,B05935,2024-12-12,Room + Service,Digital Wallet
P06107,B05936,2025-09-21,Room,Credit Card
P06108,B05936,2025-09-19,Service,UPI
P06109,B05937,2026-05-19,Service,UPI
P06110,B05939,2025-05-18,Room,Credit Card
P06111,B05939,2025-05-21,Service,Credit Card
P06112,B05940,2025-11-04,Room,UPI
P06113,B05940,2025-11-06,Service,Credit Card
P06114,B05941,2025-09-11,Room,UPI
P06115,B05942,2026-08-22,Room,UPI
P06116,B05943,2025-08-10,Room + Service,Debit Card
P06117,B05945,2026-01-23,Service,Net Banking
P06118,B05946,2025-06-02,Room,Net Banking
P06119,B05946,2025-06-26,Service,Credit Card
P06120,B05947,2025-09-22,Room,Net Banking
P06121,B05947,2025-09-04,Service,Credit Card
P06122,B05948,2025-10-24,Room + Service,Credit Card
P06123,B05949,2024-10-21,Room,Debit Card
P06124,B05950,2026-08-08,Room,Net Banking
P06125,B05951,2025-04-07,Room + Service,Credit Card
P06126,B05952,2025-12-10,Room + Service,Cash
P06127,B05953,2025-11-23,Room + Service,Net Banking
P06128,B05954,2026-04-02,Service,UPI
P06129,B05955,2025-04-09,Room + Service,Credit Card
P06130,B05957,2024-10-20,Room,Credit Card
P06131,B05957,2024-10-21,Room,Credit Card
P06132,B05959,2025-06-26,Room,UPI
P06133,B05959,2025-06-15,Service,UPI
P06134,B05960,2026-01-30,Room + Service,Credit Card
P06135,B05962,2026-03-08,Room + Service,Debit Card
P06136,B05963,2025-08-19,Service,UPI
P06137,B05964,2026-05-20,Room,UPI
P06138,B05966,2024-03-28,Room,Credit Card
P06139,B05967,2026-01-10,Room + Service,Credit Card
P06140,B05971,2024-05-03,Room + Service,UPI
P06141,B05972,2024-10-10,Room,UPI
P06142,B05973,2024-02-24,Room,Net Banking
P06143,B05973,2024-02-27,Service,Digital Wallet
P06144,B05974,2026-02-13,Room + Service,Net Banking
P06145,B05975,2024-01-07,Room,UPI
P06146,B05976,2024-12-30,Room + Service,Credit Card
P06147,B05977,2025-04-02,Room,Credit Card
P06148,B05978,2026-03-23,Service,Net Banking
P06149,B05979,2026-05-14,Room + Service,Credit Card
P06150,B05980,2026-07-31,Room + Service,Credit Card
P06151,B05981,2026-08-27,Room + Service,Credit Card
P06152,B05982,2024-01-16,Room + Service,Credit Card
P06153,B05983,2025-01-05,Room,Credit Card
P06154,B05985,2026-02-08,Room,Credit Card
P06155,B05986,2025-12-17,Room + Service,Credit Card
P06156,B05987,2026-03-21,Service,UPI
P06157,B05988,2026-08-12,Room + Service,Debit Card
P06158,B05989,2025-04-13,Room + Service,Credit Card
P06159,B05990,2025-08-30,Room,Credit Card
P06160,B05991,2026-08-18,Room + Service,UPI
P06161,B05992,2024-12-11,Room,Digital Wallet
P06162,B05992,2024-12-11,Service,Credit Card
P06163,B05993,2026-07-22,Room,Cash
P06164,B05994,2026-08-06,Room + Service,UPI
P06165,B05995,2024-04-22,Room + Service,Net Banking
P06166,B05996,2024-10-07,Room + Service,Credit Card
P06167,B05998,2026-03-19,Room,UPI
P06168,B05999,2026-06-10,Room,UPI
P06169,B06000,2024-10-07,Room + Service,UPI
P06170,B06001,2025-12-19,Room + Service,UPI
P06171,B06002,2024-07-01,Room + Service,Debit Card
P06172,B06003,2024-11-06,Room,Credit Card
P06173,B06003,2024-11-06,Service,Credit Card
P06174,B06004,2025-01-13,Room + Service,Digital Wallet
P06175,B06005,2025-12-08,Room,Net Banking
P06176,B06006,2026-01-16,Room + Service,Net Banking
P06177,B06008,2025-10-23,Room + Service,Cash
P06178,B06009,2024-10-21,Room,Debit Card
P06179,B06009,2024-10-18,Service,Digital Wallet
P06180,B06010,2025-01-14,Room,UPI
P06181,B06011,2025-04-04,Room + Service,Credit Card
P06182,B06012,2025-10-26,Room + Service,Digital Wallet
P06183,B06013,2026-07-01,Room + Service,Net Banking
P06184,B06014,2025-07-03,Room,Credit Card
P06185,B06014,2025-06-28,Service,Debit Card
P06186,B06015,2026-06-14,Room,UPI
P06187,B06016,2025-02-25,Room + Service,Digital Wallet
P06188,B06017,2025-10-23,Room + Service,Net Banking
P06189,B06018,2026-07-25,Service,UPI
P06190,B06019,2025-10-29,Room + Service,UPI
P06191,B06020,2025-12-15,Service,UPI
P06192,B06021,2026-03-20,Room + Service,Net Banking
P06193,B06022,2026-08-21,Room,UPI
P06194,B06022,2026-08-20,Service,Debit Card
P06195,B06023,2025-07-11,Room,Credit Card
P06196,B06024,2026-04-08,Room + Service,UPI
P06197,B06025,2024-05-28,Room,UPI
P06198,B06026,2025-02-09,Service,UPI
P06199,B06027,2025-10-25,Room + Service,Debit Card
P06200,B06028,2026-04-28,Room,Net Banking
P06201,B06028,2026-04-24,Service,UPI
P06202,B06029,2026-07-14,Room,Credit Card
P06203,B06030,2025-05-27,Service,Credit Card
P06204,B06031,2025-03-24,Room + Service,UPI
P06205,B06032,2025-10-14,Room + Service,Credit Card
P06206,B06033,2026-01-11,Service,Credit Card
P06207,B06035,2025-10-11,Room + Service,Debit Card
P06208,B06038,2024-10-31,Room + Service,Credit Card
P06209,B06039,2025-07-04,Room + Service,Cash
P06210,B06040,2025-04-19,Room + Service,UPI
P06211,B06041,2025-08-14,Room + Service,UPI
P06212,B06042,2025-10-25,Room,Credit Card
P06213,B06043,2024-11-14,Room + Service,Net Banking
P06214,B06045,2026-08-17,Room + Service,Debit Card
P06215,B06046,2024-04-14,Room,Debit Card
P06216,B06048,2026-01-09,Room,UPI
P06217,B06048,2026-01-03,Service,Debit Card
P06218,B06049,2024-02-17,Room,UPI
P06219,B06050,2026-05-15,Room,Digital Wallet
P06220,B06051,2026-07-06,Service,Credit Card
P06221,B06052,2024-01-07,Room,Credit Card
P06222,B06053,2024-06-10,Room + Service,Debit Card
P06223,B06054,2025-12-01,Room + Service,Credit Card
P06224,B06056,2024-12-02,Room + Service,UPI
P06225,B06057,2025-04-26,Room + Service,Credit Card
P06226,B06058,2024-07-13,Room + Service,Credit Card
P06227,B06059,2024-12-10,Room + Service,UPI
P06228,B06060,2024-09-21,Room,UPI
P06229,B06061,2026-08-18,Room,UPI
P06230,B06062,2026-06-15,Service,Credit Card
P06231,B06063,2026-08-14,Room + Service,Debit Card
P06232,B06064,2024-04-24,Room + Service,Credit Card
P06233,B06065,2024-03-25,Service,UPI
P06234,B06066,2025-04-23,Room + Service,UPI
P06235,B06067,2025-12-28,Room,Credit Card
P06236,B06068,2026-08-08,Room,UPI
P06237,B06068,2026-08-07,Service,Debit Card
P06238,B06069,2024-12-15,Room + Service,Debit Card
P06239,B06070,2025-08-01,Room + Service,UPI
P06240,B06071,2026-01-02,Room,Credit Card
P06241,B06072,2024-11-07,Room,UPI
P06242,B06072,2024-11-07,Service,Net Banking
P06243,B06074,2025-06-29,Room,Credit Card
P06244,B06074,2025-06-21,Service,Debit Card
P06245,B06075,2026-05-02,Room + Service,Credit Card
P06246,B06076,2024-10-26,Room,Digital Wallet
P06247,B06077,2025-11-19,Room + Service,UPI
P06248,B06078,2026-02-11,Room,Net Banking
P06249,B06078,2026-02-04,Room,Cash
P06250,B06079,2024-12-05,Room + Service,Credit Card
P06251,B06080,2025-03-03,Room,Digital Wallet
P06252,B06081,2026-07-19,Room + Service,Credit Card
P06253,B06082,2026-02-04,Room + Service,UPI
P06254,B06083,2026-08-08,Room,Debit Card
P06255,B06086,2026-06-03,Room,UPI
P06256,B06087,2026-08-19,Room,Credit Card
P06257,B06087,2026-08-23,Service,UPI
P06258,B06088,2026-05-30,Room + Service,Debit Card
P06259,B06089,2025-01-04,Service,UPI
P06260,B06090,2025-05-14,Service,Credit Card
P06261,B06092,2026-02-20,Service,UPI
P06262,B06093,2026-03-28,Room + Service,Credit Card
P06263,B06095,2025-04-18,Room + Service,Debit Card
P06264,B06097,2024-02-07,Service,Net Banking
P06265,B06098,2024-11-05,Room,Cash
P06266,B06098,2024-11-10,Service,Cash
P06267,B06099,2026-06-16,Room + Service,Credit Card
P06268,B06100,2025-11-23,Room + Service,Debit Card
P06269,B06101,2026-05-30,Room,Net Banking
P06270,B06103,2026-03-26,Room + Service,Debit Card
P06271,B06104,2024-11-05,Room,Credit Card
P06272,B06104,2024-11-07,Room,UPI
P06273,B06105,2025-02-20,Service,Credit Card
P06274,B06106,2025-06-09,Room,UPI
P06275,B06107,2025-01-25,Service,Credit Card
P06276,B06109,2024-05-11,Room + Service,Net Banking
P06277,B06110,2025-11-07,Room + Service,Credit Card
P06278,B06111,2026-04-10,Room,UPI
P06279,B06112,2024-05-15,Room,Credit Card
P06280,B06113,2026-03-01,Room + Service,Debit Card
P06281,B06114,2026-03-11,Room + Service,Digital Wallet
P06282,B06116,2025-02-26,Room + Service,Digital Wallet
P06283,B06117,2026-02-24,Room + Service,Net Banking
P06284,B06118,2026-06-18,Room + Service,UPI
P06285,B06119,2024-01-28,Room + Service,Credit Card
P06286,B06120,2025-08-20,Room,Credit Card
P06287,B06121,2026-08-06,Room,Debit Card
P06288,B06122,2025-02-11,Room + Service,Credit Card
P06289,B06123,2025-10-18,Room + Service,Debit Card
P06290,B06124,2026-01-30,Room,Credit Card
P06291,B06125,2026-07-16,Room + Service,Credit Card
P06292,B06126,2024-09-01,Room,Credit Card
P06293,B06127,2026-02-24,Room + Service,Credit Card
P06294,B06129,2025-06-27,Service,Net Banking
P06295,B06130,2024-04-02,Room + Service,Digital Wallet
P06296,B06131,2024-04-21,Room,Net Banking
P06297,B06132,2026-02-26,Room + Service,UPI
P06298,B06133,2026-06-19,Service,Net Banking
P06299,B06134,2026-07-30,Room + Service,Cash
P06300,B06135,2024-11-05,Room,Credit Card
P06301,B06136,2025-08-13,Room,Net Banking
P06302,B06137,2026-04-20,Room + Service,Credit Card
P06303,B06138,2025-10-24,Room + Service,Debit Card
P06304,B06139,2026-06-12,Service,Debit Card
P06305,B06140,2026-08-28,Room,UPI
P06306,B06140,2026-08-29,Service,Credit Card
P06307,B06141,2026-06-17,Room + Service,UPI
P06308,B06142,2026-07-10,Service,UPI
P06309,B06143,2025-09-05,Room,Credit Card
P06310,B06144,2025-10-24,Room + Service,UPI
P06311,B06145,2026-04-09,Room,UPI
P06312,B06145,2026-04-10,Service,Credit Card
P06313,B06146,2024-06-07,Room,Debit Card
P06314,B06147,2025-11-01,Room + Service,UPI
P06315,B06148,2025-05-27,Room,UPI
P06316,B06149,2026-02-07,Room,Net Banking
P06317,B06149,2026-02-08,Service,Credit Card
P06318,B06150,2026-05-10,Room + Service,Digital Wallet
P06319,B06151,2024-04-07,Room,Net Banking
P06320,B06151,2024-04-28,Service,UPI
P06321,B06152,2026-06-17,Service,UPI
P06322,B06153,2024-12-02,Room,Credit Card
P06323,B06154,2025-04-10,Service,UPI
P06324,B06155,2025-11-09,Room,UPI
P06325,B06156,2024-07-27,Room,UPI
P06326,B06156,2024-07-08,Service,Credit Card
P06327,B06157,2025-01-14,Room,UPI
P06328,B06158,2025-08-14,Room,Net Banking
P06329,B06158,2025-08-08,Service,Credit Card
P06330,B06160,2026-08-28,Room,Credit Card
P06331,B06161,2025-02-13,Service,Debit Card
P06332,B06162,2026-08-10,Room + Service,Debit Card
P06333,B06163,2025-05-13,Room + Service,Debit Card
P06334,B06164,2025-12-29,Room + Service,UPI
P06335,B06165,2026-05-21,Room,UPI
P06336,B06166,2026-04-30,Room + Service,Credit Card
P06337,B06168,2025-03-29,Room + Service,Net Banking
P06338,B06169,2026-06-29,Service,Credit Card
P06339,B06170,2024-07-10,Room + Service,UPI
P06340,B06171,2025-06-18,Service,UPI
P06341,B06172,2025-09-14,Room,Net Banking
P06342,B06172,2025-09-27,Service,Net Banking
P06343,B06174,2026-03-29,Room + Service,Credit Card
P06344,B06175,2024-12-11,Room,Credit Card
P06345,B06176,2026-04-22,Room + Service,UPI
P06346,B06177,2026-06-22,Service,UPI
P06347,B06178,2026-07-10,Service,UPI
P06348,B06179,2026-06-11,Room + Service,Cash
P06349,B06180,2024-11-30,Service,Credit Card
P06350,B06181,2025-07-12,Room + Service,Debit Card
P06351,B06182,2024-06-13,Room + Service,UPI
P06352,B06183,2026-07-08,Room,Net Banking
P06353,B06184,2026-06-26,Service,Net Banking
P06354,B06185,2024-06-22,Room,Credit Card
P06355,B06186,2024-11-29,Service,Net Banking
P06356,B06187,2026-05-15,Room,Credit Card
P06357,B06188,2024-01-14,Room + Service,UPI
P06358,B06189,2026-04-29,Room,Digital Wallet
P06359,B06190,2025-10-22,Room,UPI
P06360,B06191,2025-12-08,Room + Service,UPI
P06361,B06192,2024-01-09,Room,UPI
P06362,B06193,2024-12-04,Room,Digital Wallet
P06363,B06194,2026-08-11,Room,Net Banking
P06364,B06195,2024-11-20,Room + Service,UPI
P06365,B06196,2024-09-27,Room,Credit Card
P06366,B06197,2025-12-06,Room,UPI
P06367,B06197,2025-12-01,Service,UPI
P06368,B06198,2024-01-23,Room,UPI
P06369,B06198,2024-01-20,Room,UPI
P06370,B06199,2025-04-03,Room + Service,Debit Card
P06371,B06200,2024-06-22,Room + Service,Debit Card
P06372,B06201,2025-10-20,Room + Service,Net Banking
P06373,B06202,2024-12-13,Room + Service,Net Banking
P06374,B06203,2024-07-28,Room,Credit Card
P06375,B06204,2026-01-08,Room,UPI
P06376,B06205,2026-06-01,Room,Credit Card
P06377,B06205,2026-06-04,Service,UPI
P06378,B06206,2024-09-16,Room,UPI
P06379,B06206,2024-09-10,Service,Credit Card
P06380,B06207,2025-02-25,Room + Service,Net Banking
P06381,B06208,2025-07-28,Room + Service,Net Banking
P06382,B06209,2024-08-18,Room + Service,UPI
P06383,B06210,2026-02-14,Room,UPI
P06384,B06210,2026-02-12,Service,Credit Card
P06385,B06211,2026-02-28,Service,UPI
P06386,B06212,2026-06-22,Room + Service,Credit Card
P06387,B06214,2025-02-02,Room,Credit Card
P06388,B06214,2025-02-02,Room,Credit Card
P06389,B06215,2025-09-30,Room,Credit Card
P06390,B06215,2025-10-05,Service,Net Banking
P06391,B06216,2024-10-30,Room + Service,UPI
P06392,B06217,2024-07-26,Room,Net Banking
P06393,B06218,2025-10-20,Room + Service,Digital Wallet
P06394,B06219,2025-12-21,Room + Service,Credit Card
P06395,B06220,2026-04-07,Room + Service,Cash
P06396,B06221,2026-07-01,Service,Net Banking
P06397,B06222,2024-05-11,Room + Service,Debit Card
P06398,B06223,2026-03-12,Room,Credit Card
P06399,B06224,2026-07-18,Room,Net Banking
P06400,B06225,2024-07-30,Room + Service,Net Banking
P06401,B06226,2026-03-23,Room,Debit Card
P06402,B06226,2026-03-19,Service,UPI
P06403,B06227,2026-07-14,Room,Debit Card
P06404,B06227,2026-07-12,Service,Credit Card
P06405,B06228,2026-08-08,Room + Service,UPI
P06406,B06229,2025-04-12,Room,Net Banking
P06407,B06230,2024-04-27,Service,UPI
P06408,B06231,2026-07-10,Room + Service,Cash
P06409,B06232,2026-08-24,Room + Service,Digital Wallet
P06410,B06233,2026-07-10,Room,Credit Card
P06411,B06233,2026-08-08,Service,Credit Card
P06412,B06234,2024-12-20,Room,UPI
P06413,B06234,2024-12-19,Service,UPI
P06414,B06235,2026-04-23,Room,Cash
P06415,B06236,2026-06-12,Room + Service,Debit Card
P06416,B06238,2026-05-23,Service,Credit Card
P06417,B06239,2025-11-08,Room,UPI
P06418,B06239,2025-11-09,Room,Credit Card
P06419,B06240,2025-12-06,Room + Service,UPI
P06420,B06241,2026-01-17,Room + Service,UPI
P06421,B06242,2026-08-19,Room,Credit Card
P06422,B06243,2024-03-30,Room,UPI
P06423,B06245,2026-05-30,Room + Service,Debit Card
P06424,B06246,2025-05-01,Room,UPI
P06425,B06247,2025-09-10,Room + Service,Net Banking
P06426,B06248,2026-03-19,Room,Credit Card
P06427,B06249,2026-08-26,Room + Service,UPI
P06428,B06250,2025-05-20,Service,Debit Card
P06429,B06251,2025-03-12,Room + Service,Credit Card
P06430,B06252,2025-09-20,Room + Service,Credit Card
P06431,B06254,2025-12-30,Room,Net Banking
P06432,B06255,2026-04-12,Room,Net Banking
P06433,B06256,2026-05-17,Room + Service,UPI
P06434,B06258,2026-06-23,Room,Debit Card
P06435,B06260,2026-02-18,Room,UPI
P06436,B06261,2024-10-08,Service,UPI
P06437,B06262,2026-04-02,Room,UPI
P06438,B06262,2026-03-24,Room,UPI
P06439,B06263,2026-05-08,Room,Credit Card
P06440,B06263,2026-05-12,Service,Cash
P06441,B06265,2025-11-04,Room + Service,UPI
P06442,B06266,2026-04-22,Room,UPI
P06443,B06268,2026-06-14,Room + Service,UPI
P06444,B06269,2026-07-31,Service,Credit Card
P06445,B06270,2025-09-20,Room,Credit Card
P06446,B06271,2025-12-01,Room + Service,UPI
P06447,B06272,2026-04-16,Room,Cash
P06448,B06273,2024-04-12,Room,Debit Card
P06449,B06274,2025-06-11,Room + Service,Net Banking
P06450,B06275,2024-01-02,Service,UPI
P06451,B06276,2024-06-14,Room + Service,Net Banking
P06452,B06277,2024-02-18,Room + Service,Credit Card
P06453,B06278,2024-12-09,Room,Credit Card
P06454,B06278,2025-01-03,Service,Credit Card
P06455,B06279,2024-07-19,Room + Service,Net Banking
P06456,B06280,2025-06-19,Room,UPI
P06457,B06282,2026-02-18,Room,Cash
P06458,B06282,2026-03-01,Service,UPI
P06459,B06283,2026-07-17,Service,Credit Card
P06460,B06285,2024-08-14,Room,UPI
P06461,B06287,2024-08-13,Room,Net Banking
P06462,B06288,2024-03-15,Room + Service,Net Banking
P06463,B06289,2024-06-23,Room + Service,Net Banking
P06464,B06290,2024-09-08,Room + Service,Net Banking
P06465,B06291,2025-12-16,Room,UPI
P06466,B06291,2025-12-23,Service,Net Banking
P06467,B06292,2026-07-29,Room,UPI
P06468,B06292,2026-07-31,Service,UPI
P06469,B06293,2026-03-12,Room,UPI
P06470,B06294,2026-06-17,Service,Net Banking
P06471,B06295,2026-07-28,Room,Credit Card
P06472,B06295,2026-08-11,Service,Credit Card
P06473,B06297,2025-07-18,Room + Service,UPI
P06474,B06298,2025-11-04,Room + Service,Credit Card
P06475,B06299,2026-02-10,Room + Service,UPI
P06476,B06300,2026-07-18,Room,UPI
P06477,B06301,2025-08-12,Room,UPI
P06478,B06302,2026-05-15,Room,Net Banking
P06479,B06302,2026-05-20,Service,UPI
P06480,B06303,2025-10-23,Room,Cash
P06481,B06304,2025-06-21,Room + Service,Debit Card
P06482,B06305,2026-04-21,Room,UPI
P06483,B06306,2026-08-25,Room,UPI
P06484,B06307,2024-09-05,Service,Credit Card
P06485,B06308,2025-08-16,Room + Service,Credit Card
P06486,B06309,2025-08-21,Room,UPI
P06487,B06310,2026-01-11,Room,Net Banking
P06488,B06310,2026-01-07,Room,UPI
P06489,B06311,2025-01-23,Room,Credit Card
P06490,B06312,2026-03-24,Room,Credit Card
P06491,B06312,2026-04-07,Service,Net Banking
P06492,B06314,2026-02-15,Room + Service,Net Banking
P06493,B06315,2024-01-02,Room + Service,Net Banking
P06494,B06316,2024-06-18,Room + Service,Net Banking
P06495,B06317,2025-06-29,Room + Service,Credit Card
P06496,B06318,2025-09-23,Room,Credit Card
P06497,B06319,2026-02-25,Room + Service,Debit Card
P06498,B06320,2026-07-20,Room,Debit Card
P06499,B06320,2026-07-17,Service,UPI
P06500,B06321,2025-03-27,Room + Service,Credit Card
P06501,B06322,2026-08-14,Room + Service,UPI
P06502,B06323,2026-04-06,Room + Service,Credit Card
P06503,B06324,2026-06-26,Room + Service,UPI
P06504,B06325,2024-12-21,Room,Debit Card
P06505,B06325,2024-12-13,Service,UPI
P06506,B06326,2024-01-26,Service,Credit Card
P06507,B06327,2025-10-05,Room + Service,Credit Card
P06508,B06328,2026-02-22,Room + Service,UPI
P06509,B06329,2024-10-14,Room,Digital Wallet
P06510,B06330,2024-07-05,Room + Service,Cash
P06511,B06331,2024-06-28,Room,Net Banking
P06512,B06332,2025-05-29,Room + Service,Credit Card
P06513,B06333,2026-02-01,Room,UPI
P06514,B06334,2025-08-12,Room,UPI
P06515,B06335,2026-03-26,Room,Digital Wallet
P06516,B06336,2026-06-15,Room,UPI
P06517,B06336,2026-06-06,Service,UPI
P06518,B06337,2025-12-27,Room + Service,UPI
P06519,B06339,2024-11-30,Room,UPI
P06520,B06340,2025-04-16,Room,Credit Card
P06521,B06340,2025-04-06,Service,Credit Card
P06522,B06341,2026-07-14,Room,Cash
P06523,B06341,2026-06-26,Room,UPI
P06524,B06342,2025-02-23,Room,Credit Card
P06525,B06342,2025-03-02,Room,Debit Card
P06526,B06343,2025-04-28,Room,Credit Card
P06527,B06343,2025-05-04,Service,Debit Card
P06528,B06344,2026-03-16,Room + Service,UPI
P06529,B06346,2026-05-01,Room + Service,UPI
P06530,B06348,2026-06-07,Room,Debit Card
P06531,B06349,2025-06-15,Room,Debit Card
P06532,B06350,2025-12-07,Room,Credit Card
P06533,B06350,2026-01-03,Service,Credit Card
P06534,B06351,2026-02-18,Room + Service,Digital Wallet
P06535,B06352,2024-04-04,Room,UPI
P06536,B06352,2024-04-06,Service,Credit Card
P06537,B06353,2026-02-20,Room + Service,UPI
P06538,B06355,2024-11-14,Room,UPI
P06539,B06356,2025-01-28,Service,Digital Wallet
P06540,B06358,2026-03-29,Room,UPI
P06541,B06358,2026-03-30,Service,Debit Card
P06542,B06359,2026-01-20,Room + Service,UPI
P06543,B06363,2026-01-07,Service,Credit Card
P06544,B06364,2024-02-04,Service,UPI
P06545,B06365,2026-01-06,Room + Service,Debit Card
P06546,B06366,2026-05-09,Room + Service,Credit Card
P06547,B06367,2026-07-05,Room,Credit Card
P06548,B06368,2025-01-18,Room + Service,Credit Card
P06549,B06370,2026-01-03,Room + Service,Net Banking
P06550,B06371,2026-03-18,Room,Digital Wallet
P06551,B06371,2026-03-20,Service,Digital Wallet
P06552,B06374,2025-08-20,Room + Service,UPI
P06553,B06375,2025-11-24,Room + Service,Credit Card
P06554,B06376,2026-01-03,Room + Service,Net Banking
P06555,B06377,2026-08-11,Room + Service,Credit Card
P06556,B06378,2025-03-29,Room + Service,UPI
P06557,B06379,2025-07-14,Room + Service,Credit Card
P06558,B06380,2025-10-24,Room + Service,UPI
P06559,B06381,2025-01-10,Room,Credit Card
P06560,B06382,2024-04-27,Service,Credit Card
P06561,B06383,2026-02-02,Room,Debit Card
P06562,B06384,2026-04-03,Room + Service,Credit Card
P06563,B06385,2026-06-27,Room,Net Banking
P06564,B06385,2026-06-26,Service,Net Banking
P06565,B06386,2026-07-14,Room + Service,UPI
P06566,B06388,2024-10-26,Room,Debit Card
P06567,B06389,2026-07-04,Room + Service,UPI
P06568,B06390,2025-12-11,Room + Service,Credit Card
P06569,B06391,2026-04-10,Room,UPI
P06570,B06392,2026-05-24,Room + Service,Debit Card
P06571,B06393,2025-02-15,Room + Service,Net Banking
P06572,B06394,2026-05-13,Room + Service,Debit Card
P06573,B06395,2026-02-14,Room + Service,Net Banking
P06574,B06396,2024-09-06,Room + Service,Net Banking
P06575,B06397,2026-04-06,Service,UPI
P06576,B06398,2026-04-20,Service,Net Banking
P06577,B06399,2024-12-17,Room + Service,Credit Card
P06578,B06400,2026-03-20,Room + Service,Credit Card
P06579,B06402,2025-10-04,Room + Service,Credit Card
P06580,B06403,2025-06-18,Room + Service,Debit Card
P06581,B06404,2025-08-25,Room + Service,Net Banking
P06582,B06405,2025-11-03,Room,UPI
P06583,B06406,2025-03-26,Service,UPI
P06584,B06407,2026-07-01,Room,UPI
P06585,B06408,2026-08-18,Room,UPI
P06586,B06409,2025-10-31,Room + Service,UPI
P06587,B06410,2025-12-01,Room + Service,UPI
P06588,B06411,2024-07-20,Room,Credit Card
P06589,B06412,2025-07-05,Room,UPI
P06590,B06412,2025-07-05,Room,UPI
P06591,B06413,2026-07-23,Room,Credit Card
P06592,B06415,2025-05-07,Room,Credit Card
P06593,B06416,2025-12-28,Room + Service,UPI
P06594,B06418,2026-06-12,Room,Net Banking
P06595,B06419,2024-02-26,Room,Debit Card
P06596,B06420,2026-06-19,Room,Net Banking
P06597,B06421,2026-07-10,Room,Debit Card
P06598,B06421,2026-07-21,Room,UPI
P06599,B06422,2025-04-18,Room + Service,Debit Card
P06600,B06423,2026-06-06,Room + Service,Credit Card
P06601,B06424,2026-07-01,Room + Service,UPI
P06602,B06425,2026-08-02,Room,UPI
P06603,B06426,2026-05-16,Room,Credit Card
P06604,B06427,2026-02-13,Room + Service,Credit Card
P06605,B06429,2024-11-09,Room + Service,Net Banking
P06606,B06430,2026-08-11,Room + Service,Credit Card
P06607,B06431,2024-12-13,Room,Debit Card
P06608,B06431,2024-11-25,Service,Digital Wallet
P06609,B06432,2024-07-10,Room + Service,UPI
P06610,B06433,2024-09-30,Room + Service,UPI
P06611,B06434,2024-03-05,Room,Debit Card
P06612,B06434,2024-03-19,Service,UPI
P06613,B06435,2024-10-19,Room,UPI
P06614,B06436,2025-10-19,Room + Service,Credit Card
P06615,B06438,2026-06-09,Room,Debit Card
P06616,B06438,2026-06-13,Service,Credit Card
P06617,B06439,2026-07-05,Room + Service,UPI
P06618,B06440,2026-08-24,Room,UPI
P06619,B06441,2025-10-28,Service,Net Banking
P06620,B06442,2026-08-06,Room + Service,Debit Card
P06621,B06443,2025-06-21,Room,Net Banking
P06622,B06444,2025-03-22,Room,Net Banking
P06623,B06444,2025-03-23,Service,UPI
P06624,B06445,2026-01-15,Room + Service,Debit Card
P06625,B06446,2026-03-22,Room,UPI
P06626,B06446,2026-03-29,Service,Credit Card
P06627,B06447,2024-10-22,Room,Debit Card
P06628,B06448,2026-06-23,Room + Service,Credit Card
P06629,B06449,2026-08-24,Room,Credit Card
P06630,B06449,2026-08-26,Service,Debit Card
P06631,B06452,2026-02-11,Room,UPI
P06632,B06453,2026-04-22,Room,Digital Wallet
P06633,B06454,2025-11-21,Room + Service,UPI
P06634,B06456,2026-07-23,Room + Service,Net Banking
P06635,B06457,2026-08-30,Room,Net Banking
P06636,B06458,2026-06-26,Room,Credit Card
P06637,B06458,2026-06-17,Room,Debit Card
P06638,B06459,2025-06-03,Room,Net Banking
P06639,B06460,2025-07-31,Room + Service,UPI
P06640,B06461,2025-01-22,Room,UPI
P06641,B06462,2026-02-08,Room,Credit Card
P06642,B06463,2026-04-10,Room + Service,UPI
P06643,B06464,2025-08-07,Room + Service,Debit Card
P06644,B06465,2026-05-25,Room + Service,UPI
P06645,B06466,2026-08-29,Room + Service,Credit Card
P06646,B06468,2025-05-13,Room,Debit Card
P06647,B06469,2024-12-23,Room + Service,UPI
P06648,B06470,2025-10-07,Room + Service,Credit Card
P06649,B06471,2025-07-06,Room,Credit Card
P06650,B06472,2026-05-13,Service,UPI
P06651,B06474,2025-01-18,Room + Service,Net Banking
P06652,B06475,2025-11-22,Service,Credit Card
P06653,B06476,2026-06-10,Room,Credit Card
P06654,B06477,2026-07-10,Service,Net Banking
P06655,B06478,2024-02-03,Service,Net Banking
P06656,B06479,2025-07-31,Room + Service,Debit Card
P06657,B06480,2026-06-12,Room,Cash
P06658,B06481,2024-08-28,Room,UPI
P06659,B06481,2024-08-15,Room,Credit Card
P06660,B06482,2026-05-21,Service,Credit Card
P06661,B06483,2026-08-06,Room,Debit Card
P06662,B06484,2024-02-19,Room,Net Banking
P06663,B06485,2024-05-15,Room + Service,Debit Card
P06664,B06486,2025-01-01,Room,Digital Wallet
P06665,B06487,2024-09-09,Room,Credit Card
P06666,B06488,2024-09-15,Room + Service,Credit Card
P06667,B06489,2026-02-07,Room,Credit Card
P06668,B06490,2026-04-21,Room,UPI
P06669,B06492,2025-04-10,Room,Net Banking
P06670,B06492,2025-04-09,Service,Credit Card
P06671,B06494,2024-12-12,Room,UPI
P06672,B06496,2025-12-24,Service,UPI
P06673,B06497,2025-10-28,Room,UPI
P06674,B06497,2025-11-02,Service,UPI
P06675,B06498,2026-08-23,Service,Debit Card
P06676,B06499,2024-08-17,Room,Net Banking
P06677,B06500,2025-02-24,Room,Debit Card
P06678,B06500,2025-02-20,Room,UPI
P06679,B06501,2025-11-14,Room,UPI
P06680,B06501,2025-11-15,Service,Debit Card
P06681,B06502,2025-09-10,Room + Service,Debit Card
P06682,B06503,2025-10-20,Room,Net Banking
P06683,B06504,2025-06-27,Room + Service,Credit Card
P06684,B06505,2026-07-22,Room,Digital Wallet
P06685,B06505,2026-07-11,Service,Digital Wallet
P06686,B06506,2024-02-25,Room + Service,Net Banking
P06687,B06507,2025-03-01,Service,Credit Card
P06688,B06508,2026-01-03,Room,Debit Card
P06689,B06508,2026-01-03,Service,Debit Card
P06690,B06510,2024-01-26,Room,Debit Card
P06691,B06511,2025-12-06,Service,Net Banking
P06692,B06512,2026-08-12,Room,UPI
P06693,B06513,2025-09-30,Room,Net Banking
P06694,B06513,2025-09-26,Room,Debit Card
P06695,B06514,2024-03-20,Room + Service,Credit Card
P06696,B06515,2026-05-16,Room + Service,Net Banking
P06697,B06516,2025-11-09,Room,Cash
P06698,B06517,2026-05-01,Room + Service,UPI
P06699,B06518,2025-02-25,Room + Service,Net Banking
P06700,B06519,2026-04-29,Service,Credit Card
P06701,B06520,2025-11-16,Room,UPI
P06702,B06521,2024-09-22,Service,Credit Card
P06703,B06522,2026-04-26,Room + Service,Debit Card
P06704,B06524,2025-06-19,Room,Debit Card
P06705,B06524,2025-06-17,Service,UPI
P06706,B06525,2025-10-25,Room + Service,UPI
P06707,B06526,2025-11-27,Service,UPI
P06708,B06528,2024-10-02,Room,Debit Card
P06709,B06528,2024-09-19,Room,UPI
P06710,B06529,2026-06-18,Room,UPI
P06711,B06530,2024-06-11,Room,UPI
P06712,B06531,2024-11-21,Room + Service,UPI
P06713,B06532,2026-07-06,Room,Credit Card
P06714,B06533,2026-01-25,Service,Net Banking
P06715,B06534,2026-05-10,Service,UPI
P06716,B06536,2024-10-08,Room,Credit Card
P06717,B06536,2024-10-19,Service,Debit Card
P06718,B06538,2026-08-24,Room,UPI
P06719,B06538,2026-08-27,Service,Debit Card
P06720,B06539,2026-07-27,Room,Credit Card
P06721,B06540,2024-05-10,Room,Credit Card
P06722,B06541,2025-02-14,Room + Service,UPI
P06723,B06543,2025-06-17,Room,Net Banking
P06724,B06544,2025-07-17,Room,Credit Card
P06725,B06544,2025-07-13,Service,Credit Card
P06726,B06546,2025-04-10,Room,UPI
P06727,B06547,2026-03-15,Room,Cash
P06728,B06548,2026-04-20,Room,Digital Wallet
P06729,B06549,2024-04-17,Room + Service,Debit Card
P06730,B06550,2024-05-22,Room,UPI
P06731,B06551,2026-08-03,Room,Credit Card
P06732,B06552,2024-12-15,Room,Credit Card
P06733,B06553,2025-09-12,Room + Service,Net Banking
P06734,B06555,2024-09-16,Room,Credit Card
P06735,B06556,2024-11-12,Room + Service,Net Banking
P06736,B06557,2026-07-28,Room + Service,Credit Card
P06737,B06558,2025-12-24,Room,Digital Wallet
P06738,B06558,2025-12-22,Service,Net Banking
P06739,B06559,2024-03-17,Room,Net Banking
P06740,B06559,2024-03-13,Room,UPI
P06741,B06560,2024-10-02,Room,Credit Card
P06742,B06561,2025-11-11,Service,Cash
P06743,B06562,2025-12-23,Room,Net Banking
P06744,B06562,2025-12-30,Service,Credit Card
P06745,B06563,2024-01-02,Service,Net Banking
P06746,B06564,2025-07-01,Room,UPI
P06747,B06565,2025-08-20,Room,Debit Card
P06748,B06565,2025-08-18,Service,Credit Card
P06749,B06566,2026-02-01,Room,UPI
P06750,B06567,2025-07-13,Room,UPI
P06751,B06567,2025-07-10,Service,UPI
P06752,B06568,2025-02-19,Service,Credit Card
P06753,B06569,2025-09-09,Room + Service,Credit Card
P06754,B06570,2025-11-26,Room + Service,UPI
P06755,B06571,2026-03-28,Service,Digital Wallet
P06756,B06572,2024-12-27,Room + Service,Digital Wallet
P06757,B06573,2026-06-12,Room,Net Banking
P06758,B06573,2026-06-21,Service,Credit Card
P06759,B06574,2026-08-23,Room,UPI
P06760,B06575,2025-11-21,Service,UPI
P06761,B06576,2025-10-06,Room + Service,Net Banking
P06762,B06577,2024-01-30,Room,Net Banking
P06763,B06578,2026-03-11,Service,Credit Card
P06764,B06579,2025-09-03,Service,UPI
P06765,B06580,2026-04-22,Room,Debit Card
P06766,B06581,2026-07-22,Room,Net Banking
P06767,B06582,2024-06-02,Room,Credit Card
P06768,B06583,2025-01-09,Room,UPI
P06769,B06584,2026-03-01,Room,Net Banking
P06770,B06584,2026-03-09,Service,Credit Card
P06771,B06585,2026-07-04,Room,UPI
P06772,B06586,2026-05-22,Room + Service,Debit Card
P06773,B06587,2024-11-11,Room,Credit Card
P06774,B06588,2025-05-22,Room,Debit Card
P06775,B06589,2025-12-16,Room + Service,Credit Card
P06776,B06590,2026-03-10,Room + Service,UPI
P06777,B06591,2025-10-15,Room + Service,Net Banking
P06778,B06592,2026-06-09,Room,UPI
P06779,B06593,2026-06-19,Room,UPI
P06780,B06593,2026-07-07,Service,Net Banking
P06781,B06594,2026-08-21,Room,Debit Card
P06782,B06595,2024-12-09,Room,UPI
P06783,B06596,2024-07-19,Room,Debit Card
P06784,B06596,2024-07-20,Service,UPI
P06785,B06597,2024-08-12,Room + Service,Credit Card
P06786,B06598,2025-07-27,Room + Service,Credit Card
P06787,B06599,2026-06-15,Room,Net Banking
P06788,B06599,2026-06-22,Service,Credit Card
P06789,B06600,2026-08-27,Room + Service,Credit Card
P06790,B06601,2024-10-02,Room,Net Banking
P06791,B06602,2024-06-19,Room + Service,Net Banking
P06792,B06603,2026-05-15,Room + Service,Credit Card
P06793,B06604,2024-05-05,Room + Service,Credit Card
P06794,B06605,2026-05-31,Room,Credit Card
P06795,B06605,2026-06-01,Service,Credit Card
P06796,B06606,2026-07-13,Room + Service,Credit Card
P06797,B06608,2026-07-27,Room + Service,UPI
P06798,B06609,2025-07-29,Room,Credit Card
P06799,B06610,2025-07-14,Room,Net Banking
P06800,B06610,2025-07-28,Service,Credit Card
P06801,B06611,2026-05-29,Service,Credit Card
P06802,B06612,2026-07-31,Room,UPI
P06803,B06612,2026-08-11,Service,Digital Wallet
P06804,B06613,2025-10-07,Room,Credit Card
P06805,B06613,2025-10-17,Service,Credit Card
P06806,B06614,2026-05-23,Room,Credit Card
P06807,B06614,2026-05-29,Room,Credit Card
P06808,B06615,2026-07-25,Room + Service,Net Banking
P06809,B06616,2026-07-06,Room,UPI
P06810,B06617,2026-07-27,Room + Service,Net Banking
P06811,B06618,2024-08-21,Room + Service,UPI
P06812,B06620,2026-07-12,Room + Service,Net Banking
P06813,B06621,2026-08-10,Room + Service,UPI
P06814,B06622,2025-09-29,Room + Service,UPI
P06815,B06623,2025-05-26,Room + Service,UPI
P06816,B06624,2026-04-05,Service,Net Banking
P06817,B06625,2026-08-03,Service,Debit Card
P06818,B06626,2025-10-21,Service,Net Banking
P06819,B06627,2026-04-11,Room,UPI
P06820,B06628,2026-05-18,Service,Debit Card
P06821,B06629,2026-06-09,Room,Credit Card
P06822,B06630,2026-08-01,Room + Service,UPI
P06823,B06631,2024-11-14,Room,Net Banking
P06824,B06631,2024-11-06,Service,UPI
P06825,B06632,2025-10-19,Room + Service,Credit Card
P06826,B06633,2025-05-17,Room + Service,Debit Card
P06827,B06634,2026-03-01,Room + Service,Credit Card
P06828,B06635,2026-06-22,Room,Credit Card
P06829,B06636,2025-07-30,Room + Service,Debit Card
P06830,B06637,2026-08-17,Room,Credit Card
P06831,B06638,2024-08-13,Room + Service,UPI
P06832,B06639,2024-10-10,Room + Service,Credit Card
P06833,B06642,2025-11-06,Room + Service,UPI
P06834,B06643,2026-03-29,Room,UPI
P06835,B06645,2025-05-28,Room + Service,Net Banking
P06836,B06646,2026-06-23,Room + Service,UPI
P06837,B06647,2026-07-29,Room,UPI
P06838,B06648,2026-08-27,Room,UPI
P06839,B06649,2025-07-12,Room + Service,UPI
P06840,B06650,2025-12-25,Room,Credit Card
P06841,B06652,2025-05-04,Room + Service,UPI
P06842,B06653,2025-08-06,Room + Service,Credit Card
P06843,B06654,2025-11-18,Service,UPI
P06844,B06655,2026-01-05,Room + Service,UPI
P06845,B06656,2025-11-29,Room + Service,Digital Wallet
P06846,B06657,2026-04-28,Service,Credit Card
P06847,B06658,2026-08-20,Room + Service,Cash
P06848,B06660,2026-07-29,Room + Service,Net Banking
P06849,B06661,2026-03-18,Room,Net Banking
P06850,B06661,2026-03-17,Service,UPI
P06851,B06662,2024-09-18,Room,Debit Card
P06852,B06662,2024-09-18,Service,Cash
P06853,B06663,2024-10-24,Room,UPI
P06854,B06665,2025-11-10,Room + Service,Credit Card
P06855,B06666,2025-08-15,Room + Service,Credit Card
P06856,B06667,2026-04-26,Room + Service,UPI
P06857,B06668,2026-05-14,Room,UPI
P06858,B06668,2026-06-03,Room,UPI
P06859,B06670,2024-04-15,Room + Service,Net Banking
P06860,B06671,2025-03-24,Service,UPI
P06861,B06672,2025-10-18,Room + Service,Net Banking
P06862,B06674,2024-11-19,Room,Digital Wallet
P06863,B06675,2025-12-16,Room,Credit Card
P06864,B06676,2025-08-06,Room,Debit Card
P06865,B06677,2026-08-06,Room + Service,Credit Card
P06866,B06678,2024-01-08,Room + Service,UPI
P06867,B06679,2026-05-14,Room,Net Banking
P06868,B06680,2026-07-30,Service,Digital Wallet
P06869,B06681,2024-08-16,Room,UPI
P06870,B06682,2024-01-31,Room + Service,UPI
P06871,B06683,2024-06-30,Room,Net Banking
P06872,B06683,2024-07-09,Service,Net Banking
P06873,B06684,2024-05-02,Room + Service,Net Banking
P06874,B06685,2025-01-03,Room,Credit Card
P06875,B06685,2025-01-01,Service,UPI
P06876,B06686,2025-10-22,Room,UPI
P06877,B06686,2025-10-22,Service,Debit Card
P06878,B06687,2025-10-14,Room,Credit Card
P06879,B06688,2026-05-25,Room + Service,UPI
P06880,B06689,2025-07-05,Room + Service,Credit Card
P06881,B06690,2025-09-06,Room,Credit Card
P06882,B06690,2025-09-24,Room,UPI
P06883,B06691,2026-06-11,Room + Service,Digital Wallet
P06884,B06692,2026-08-11,Room + Service,Credit Card
P06885,B06694,2024-02-09,Room,UPI
P06886,B06695,2026-03-25,Room + Service,Debit Card
P06887,B06698,2026-04-10,Room + Service,UPI
P06888,B06699,2026-05-28,Room,Credit Card
P06889,B06700,2026-08-19,Room + Service,Debit Card
P06890,B06704,2026-07-03,Room,Credit Card
P06891,B06705,2026-08-20,Room + Service,Net Banking
P06892,B06706,2025-04-18,Room,Credit Card
P06893,B06706,2025-04-17,Service,UPI
P06894,B06707,2026-04-19,Room,Credit Card
P06895,B06707,2026-04-02,Service,Debit Card
P06896,B06710,2024-10-02,Room,Credit Card
P06897,B06713,2025-09-28,Service,UPI
P06898,B06714,2026-04-12,Room,Net Banking
P06899,B06714,2026-04-20,Room,UPI
P06900,B06715,2026-06-17,Room + Service,UPI
P06901,B06716,2026-08-06,Room + Service,UPI
P06902,B06717,2025-04-28,Service,Credit Card
P06903,B06718,2025-06-25,Room,Credit Card
P06904,B06719,2025-10-29,Service,UPI
P06905,B06720,2025-01-07,Room,UPI
P06906,B06720,2024-12-09,Service,Credit Card
P06907,B06721,2026-03-22,Room,Debit Card
P06908,B06723,2025-03-14,Room,UPI
P06909,B06723,2025-03-19,Service,Credit Card
P06910,B06724,2025-07-22,Room,UPI
P06911,B06725,2024-08-31,Room + Service,UPI
P06912,B06726,2026-01-08,Room,Credit Card
P06913,B06727,2024-11-11,Room,Credit Card
P06914,B06727,2024-11-19,Room,UPI
P06915,B06728,2026-02-13,Room,Credit Card
P06916,B06729,2024-06-27,Service,UPI
P06917,B06730,2025-04-25,Room + Service,UPI
P06918,B06731,2025-12-11,Room + Service,Credit Card
P06919,B06732,2026-05-03,Room,Debit Card
P06920,B06734,2025-05-06,Room + Service,Net Banking
P06921,B06735,2024-09-15,Room + Service,UPI
P06922,B06736,2025-10-18,Room,UPI
P06923,B06736,2025-10-19,Service,UPI
P06924,B06737,2024-06-22,Room,Cash
P06925,B06737,2024-06-18,Room,Credit Card
P06926,B06739,2026-07-10,Room,Credit Card
P06927,B06739,2026-07-21,Service,Digital Wallet
P06928,B06740,2025-01-25,Room + Service,Credit Card
P06929,B06741,2025-05-10,Service,UPI
P06930,B06742,2025-02-23,Room,UPI
P06931,B06742,2025-03-01,Service,Net Banking
P06932,B06743,2026-04-15,Service,UPI
P06933,B06744,2026-05-23,Room + Service,Credit Card
P06934,B06745,2026-07-16,Room,Debit Card
P06935,B06746,2025-08-06,Service,Net Banking
P06936,B06747,2026-03-11,Room,Credit Card
P06937,B06748,2024-08-26,Room,Debit Card
P06938,B06748,2024-09-10,Service,UPI
P06939,B06749,2025-06-10,Room + Service,UPI
P06940,B06750,2026-04-12,Room + Service,Net Banking
P06941,B06751,2026-06-25,Room + Service,UPI
P06942,B06752,2024-10-28,Room,Net Banking
P06943,B06752,2024-10-27,Service,Debit Card
P06944,B06753,2026-08-09,Room,Digital Wallet
P06945,B06753,2026-08-15,Service,Credit Card
P06946,B06754,2024-04-25,Room,Debit Card
P06947,B06755,2025-04-23,Room + Service,Debit Card
P06948,B06756,2025-09-30,Service,UPI
P06949,B06757,2025-04-30,Room,Net Banking
P06950,B06758,2026-02-05,Room + Service,Debit Card
P06951,B06759,2026-03-16,Room,Net Banking
P06952,B06760,2026-05-06,Room,UPI
P06953,B06761,2026-06-15,Room,UPI
P06954,B06762,2024-12-03,Room + Service,Credit Card
P06955,B06763,2025-11-10,Room + Service,UPI
P06956,B06764,2026-04-04,Room + Service,UPI
P06957,B06765,2026-05-15,Room,Net Banking
P06958,B06765,2026-06-09,Service,Credit Card
P06959,B06766,2024-04-29,Room + Service,UPI
P06960,B06767,2026-05-09,Room + Service,UPI
P06961,B06768,2024-08-15,Room + Service,Credit Card
P06962,B06769,2025-09-22,Room,UPI
P06963,B06770,2025-11-21,Room,UPI
P06964,B06771,2026-01-30,Room + Service,UPI
P06965,B06772,2024-06-24,Room,UPI
P06966,B06772,2024-06-25,Service,UPI
P06967,B06774,2026-06-20,Room,Cash
P06968,B06775,2025-12-24,Room,UPI
P06969,B06776,2026-08-26,Service,Debit Card
P06970,B06777,2026-03-28,Service,Credit Card
P06971,B06778,2026-06-06,Service,Credit Card
P06972,B06779,2025-10-28,Room,Digital Wallet
P06973,B06779,2025-11-09,Service,Digital Wallet
P06974,B06780,2026-07-10,Room,UPI
P06975,B06782,2025-05-26,Room,Credit Card
P06976,B06782,2025-06-10,Service,Digital Wallet
P06977,B06783,2025-05-25,Room,Net Banking
P06978,B06784,2025-10-26,Room + Service,UPI
P06979,B06785,2026-05-11,Room,UPI
P06980,B06787,2024-06-21,Service,Credit Card
P06981,B06788,2024-02-17,Room + Service,Debit Card
P06982,B06789,2024-09-29,Room,Debit Card
P06983,B06789,2024-10-18,Service,Net Banking
P06984,B06790,2025-08-02,Room + Service,Net Banking
P06985,B06791,2026-07-14,Room + Service,Net Banking
P06986,B06792,2025-01-13,Service,UPI
P06987,B06793,2024-07-12,Room + Service,UPI
P06988,B06795,2025-09-19,Room,Credit Card
P06989,B06796,2025-02-23,Room + Service,Credit Card
P06990,B06797,2025-06-08,Room + Service,Digital Wallet
P06991,B06798,2026-02-12,Room + Service,Credit Card
P06992,B06799,2025-07-27,Room,Debit Card
P06993,B06800,2024-05-10,Room,UPI
P06994,B06801,2026-02-28,Room,Credit Card
P06995,B06801,2026-02-12,Service,UPI
P06996,B06802,2024-11-17,Room,Credit Card
P06997,B06803,2025-12-15,Room + Service,Credit Card
P06998,B06804,2025-10-03,Room,UPI
P06999,B06805,2026-01-29,Room,UPI
P07000,B06805,2026-01-27,Service,Debit Card
P07001,B06806,2025-11-17,Room + Service,UPI
P07002,B06807,2026-01-01,Room,Debit Card
P07003,B06808,2026-05-17,Room,Digital Wallet
P07004,B06808,2026-05-02,Service,Credit Card
P07005,B06809,2025-10-11,Room,Net Banking
P07006,B06809,2025-10-20,Service,Net Banking
P07007,B06810,2026-05-16,Room,Credit Card
P07008,B06810,2026-05-04,Service,Net Banking
P07009,B06812,2024-05-15,Room + Service,Digital Wallet
P07010,B06813,2026-04-16,Room,UPI
P07011,B06813,2026-04-21,Service,UPI
P07012,B06814,2025-11-26,Room + Service,Cash
P07013,B06815,2026-08-18,Service,Net Banking
P07014,B06816,2025-07-31,Service,UPI
P07015,B06817,2025-12-05,Room + Service,Net Banking
P07016,B06818,2025-09-19,Room,Net Banking
P07017,B06819,2026-01-16,Room,UPI
P07018,B06820,2026-03-11,Service,Digital Wallet
P07019,B06821,2026-04-28,Room + Service,UPI
P07020,B06822,2025-04-10,Service,UPI
P07021,B06823,2026-06-17,Room + Service,Debit Card
P07022,B06824,2025-09-24,Room,UPI
P07023,B06824,2025-09-14,Service,Net Banking
P07024,B06825,2026-03-15,Room + Service,Debit Card
P07025,B06826,2025-12-20,Room + Service,UPI
P07026,B06828,2024-06-09,Service,Cash
P07027,B06829,2024-12-29,Room + Service,UPI
P07028,B06830,2025-11-01,Room + Service,Debit Card
P07029,B06831,2024-09-06,Room,Debit Card
P07030,B06833,2026-04-28,Room + Service,UPI
P07031,B06834,2026-03-04,Room + Service,Debit Card
P07032,B06835,2026-02-04,Room + Service,Credit Card
P07033,B06837,2024-09-01,Room,Net Banking
P07034,B06838,2025-07-30,Room + Service,UPI
P07035,B06839,2025-10-07,Room,Net Banking
P07036,B06840,2024-11-19,Room + Service,UPI
P07037,B06841,2025-09-27,Room + Service,Cash
P07038,B06842,2026-07-13,Room,Credit Card
P07039,B06843,2026-04-06,Room,UPI
P07040,B06844,2025-01-23,Room,UPI
P07041,B06845,2025-05-08,Service,UPI
P07042,B06846,2025-06-28,Room,UPI
P07043,B06847,2025-01-15,Room,UPI
P07044,B06847,2025-01-11,Room,Net Banking
P07045,B06848,2025-12-27,Room + Service,Cash
P07046,B06849,2026-01-20,Room + Service,Digital Wallet
P07047,B06850,2026-03-24,Room + Service,Credit Card
P07048,B06851,2025-03-30,Room + Service,Credit Card
P07049,B06852,2026-06-01,Room + Service,Net Banking
P07050,B06853,2026-06-09,Room,UPI
P07051,B06854,2026-07-30,Room,Credit Card
P07052,B06854,2026-07-20,Room,Credit Card
P07053,B06855,2025-03-27,Service,Credit Card
P07054,B06856,2026-01-23,Room,Net Banking
P07055,B06858,2025-11-13,Service,Debit Card
P07056,B06860,2024-02-24,Service,Credit Card
P07057,B06861,2025-05-28,Room,UPI
P07058,B06862,2025-05-25,Room,Debit Card
P07059,B06862,2025-05-27,Room,Net Banking
P07060,B06863,2025-12-21,Room + Service,UPI
P07061,B06864,2026-07-27,Room,UPI
P07062,B06864,2026-07-25,Service,UPI
P07063,B06865,2024-03-26,Room + Service,Net Banking
P07064,B06866,2024-12-05,Room,UPI
P07065,B06868,2026-01-06,Room + Service,Credit Card
P07066,B06869,2024-02-06,Room,UPI
P07067,B06869,2024-02-07,Service,UPI
P07068,B06870,2024-12-29,Room,Credit Card
P07069,B06871,2026-01-23,Room,Credit Card
P07070,B06874,2024-03-10,Service,UPI
P07071,B06876,2025-10-27,Room + Service,Net Banking
P07072,B06877,2025-05-10,Room,UPI
P07073,B06878,2024-08-08,Room,UPI
P07074,B06878,2024-08-19,Service,Credit Card
P07075,B06879,2024-12-29,Room,Net Banking
P07076,B06880,2024-02-04,Room,Net Banking
P07077,B06881,2026-01-20,Room + Service,UPI
P07078,B06882,2025-08-28,Room + Service,Net Banking
P07079,B06883,2026-04-10,Room,Credit Card
P07080,B06883,2026-04-06,Room,Credit Card
P07081,B06884,2024-01-08,Room,UPI
P07082,B06885,2025-01-27,Room,UPI
P07083,B06886,2025-05-13,Room,UPI
P07084,B06886,2025-05-13,Service,UPI
P07085,B06887,2024-01-13,Room + Service,UPI
P07086,B06888,2024-09-20,Room,UPI
P07087,B06888,2024-09-20,Service,Debit Card
P07088,B06889,2026-08-30,Room,UPI
P07089,B06889,2026-08-29,Room,UPI
P07090,B06890,2025-02-23,Service,Debit Card
P07091,B06891,2025-08-12,Service,UPI
P07092,B06892,2025-09-13,Service,UPI
P07093,B06893,2026-03-23,Service,Debit Card
P07094,B06894,2026-02-06,Room,UPI
P07095,B06895,2026-08-05,Room + Service,Debit Card
P07096,B06896,2026-07-24,Room + Service,UPI
P07097,B06897,2024-12-03,Room,Digital Wallet
P07098,B06897,2024-11-18,Room,UPI
P07099,B06898,2026-03-09,Room + Service,Credit Card
P07100,B06899,2025-12-09,Room,UPI
P07101,B06900,2025-04-23,Service,UPI
P07102,B06901,2025-11-25,Room,Net Banking
P07103,B06901,2025-11-30,Service,Debit Card
P07104,B06902,2026-04-25,Room,Credit Card
P07105,B06902,2026-05-23,Service,Credit Card
P07106,B06904,2024-01-11,Room + Service,Net Banking
P07107,B06905,2025-06-29,Room + Service,Net Banking
P07108,B06906,2025-08-18,Room + Service,Cash
P07109,B06907,2025-10-19,Room,Debit Card
P07110,B06908,2026-02-28,Room,UPI
P07111,B06909,2024-11-08,Room + Service,Net Banking
P07112,B06910,2025-09-06,Room,UPI
P07113,B06911,2024-01-19,Room + Service,UPI
P07114,B06912,2025-04-02,Room + Service,UPI
P07115,B06913,2024-03-13,Room,Cash
P07116,B06913,2024-03-05,Service,Credit Card
P07117,B06915,2024-08-23,Room,Net Banking
P07118,B06915,2024-09-06,Service,Debit Card
P07119,B06916,2025-09-29,Room + Service,Net Banking
P07120,B06918,2025-12-25,Room + Service,UPI
P07121,B06919,2024-02-15,Room,UPI
P07122,B06920,2026-01-31,Room + Service,UPI
P07123,B06921,2026-06-01,Room,UPI
P07124,B06922,2024-11-30,Room + Service,Credit Card
P07125,B06923,2025-08-10,Room + Service,UPI
P07126,B06924,2025-05-10,Service,Debit Card
P07127,B06925,2026-02-26,Room + Service,Credit Card
P07128,B06927,2026-07-28,Room + Service,UPI
P07129,B06928,2024-03-05,Room + Service,UPI
P07130,B06929,2026-03-02,Room,Credit Card
P07131,B06930,2024-04-02,Room + Service,Digital Wallet
P07132,B06931,2026-02-04,Room,Debit Card
P07133,B06931,2026-02-04,Service,UPI
P07134,B06932,2025-12-03,Room,Credit Card
P07135,B06932,2025-11-30,Service,Debit Card
P07136,B06933,2026-08-11,Room + Service,Digital Wallet
P07137,B06934,2024-10-15,Room,Digital Wallet
P07138,B06935,2025-06-19,Room,UPI
P07139,B06936,2024-01-16,Room,UPI
P07140,B06937,2026-04-21,Room,UPI
P07141,B06938,2025-03-15,Room + Service,Debit Card
P07142,B06939,2025-11-16,Room + Service,Credit Card
P07143,B06940,2024-02-10,Room + Service,Credit Card
P07144,B06941,2026-01-05,Room + Service,Credit Card
P07145,B06942,2026-07-02,Room,Net Banking
P07146,B06943,2026-08-26,Room,Credit Card
P07147,B06944,2025-05-03,Room + Service,Debit Card
P07148,B06945,2025-05-29,Room,Credit Card
P07149,B06945,2025-05-27,Service,UPI
P07150,B06946,2026-04-22,Service,UPI
P07151,B06947,2026-07-28,Room + Service,Credit Card
P07152,B06948,2024-07-12,Room + Service,Digital Wallet
P07153,B06949,2024-12-27,Service,Credit Card
P07154,B06950,2026-01-06,Room,Credit Card
P07155,B06950,2026-01-03,Service,Credit Card
P07156,B06951,2026-02-07,Room + Service,Credit Card
P07157,B06952,2026-06-19,Room,Credit Card
P07158,B06954,2026-03-02,Room + Service,UPI
P07159,B06955,2026-08-18,Room,UPI
P07160,B06956,2026-02-13,Room,Debit Card
P07161,B06956,2026-02-11,Room,Debit Card
P07162,B06957,2025-11-07,Service,Credit Card
P07163,B06958,2026-01-08,Room,Credit Card
P07164,B06959,2026-03-14,Room + Service,UPI
P07165,B06960,2025-10-25,Room,UPI
P07166,B06960,2025-11-03,Service,Credit Card
P07167,B06961,2024-10-18,Room,UPI
P07168,B06961,2024-10-23,Room,UPI
P07169,B06962,2024-11-12,Room + Service,UPI
P07170,B06963,2026-03-07,Room + Service,UPI
P07171,B06964,2026-06-10,Room + Service,Net Banking
P07172,B06965,2024-12-11,Room,Credit Card
P07173,B06965,2024-12-21,Room,Credit Card
P07174,B06966,2025-01-28,Room,Debit Card
P07175,B06967,2025-10-31,Room,UPI
P07176,B06968,2026-04-27,Service,UPI
P07177,B06969,2026-07-10,Service,Credit Card
P07178,B06970,2025-11-28,Room,Cash
P07179,B06971,2024-08-25,Service,UPI
P07180,B06972,2025-03-16,Room + Service,Credit Card
P07181,B06973,2025-10-23,Room,Credit Card
P07182,B06974,2025-02-01,Room + Service,Credit Card
P07183,B06975,2025-07-21,Room,Debit Card
P07184,B06976,2025-01-27,Service,Credit Card
P07185,B06977,2026-07-30,Room + Service,Net Banking
P07186,B06978,2024-06-13,Service,Debit Card
P07187,B06979,2025-07-23,Room,Digital Wallet
P07188,B06980,2026-01-09,Room + Service,Debit Card
P07189,B06981,2025-09-14,Room + Service,Credit Card
P07190,B06982,2025-12-31,Service,UPI
P07191,B06983,2025-05-10,Room + Service,Cash
P07192,B06985,2025-09-29,Room,Net Banking
P07193,B06985,2025-10-08,Room,Credit Card
P07194,B06986,2025-12-10,Room + Service,Net Banking
P07195,B06987,2024-09-03,Room + Service,Debit Card
P07196,B06988,2025-05-12,Room,Credit Card
P07197,B06990,2025-07-20,Room,Credit Card
P07198,B06990,2025-07-20,Service,UPI
P07199,B06991,2026-06-10,Service,Net Banking
P07200,B06992,2026-08-18,Room + Service,Debit Card
P07201,B06993,2024-04-05,Room,Cash
P07202,B06995,2026-06-06,Room + Service,UPI
P07203,B06996,2024-01-14,Service,Credit Card
P07204,B06997,2026-04-13,Room,Debit Card
P07205,B06997,2026-04-11,Service,Credit Card
P07206,B06998,2024-05-17,Room,Debit Card
P07207,B07000,2025-11-27,Room,Net Banking
P07208,B07000,2025-12-10,Service,UPI
P07209,B07002,2025-09-28,Room,Debit Card
P07210,B07002,2025-09-25,Room,Net Banking
P07211,B07003,2026-01-14,Room,Credit Card
P07212,B07004,2026-02-23,Room,Credit Card
P07213,B07006,2025-12-01,Room,UPI
P07214,B07007,2026-02-27,Room + Service,UPI
P07215,B07008,2026-06-11,Room,Debit Card
P07216,B07009,2024-10-04,Room,UPI
P07217,B07010,2025-04-14,Room,UPI
P07218,B07011,2025-07-06,Room + Service,Credit Card
P07219,B07012,2025-01-15,Room + Service,UPI
P07220,B07013,2026-05-04,Room + Service,Net Banking
P07221,B07014,2026-07-05,Service,UPI
P07222,B07015,2026-08-13,Room + Service,Cash
P07223,B07016,2026-03-27,Room,Credit Card
P07224,B07016,2026-04-03,Service,Net Banking
P07225,B07017,2026-06-30,Room + Service,Net Banking
P07226,B07018,2024-01-13,Room + Service,UPI
P07227,B07019,2025-01-19,Room + Service,Net Banking
P07228,B07020,2025-08-19,Room,Credit Card
P07229,B07020,2025-08-19,Service,UPI
P07230,B07021,2026-01-23,Room,UPI
P07231,B07021,2026-02-02,Service,UPI
P07232,B07023,2026-07-24,Room,UPI
P07233,B07023,2026-07-21,Service,UPI
P07234,B07024,2024-04-06,Room,UPI
P07235,B07025,2024-09-08,Room + Service,Credit Card
P07236,B07026,2025-03-09,Room + Service,Credit Card
P07237,B07027,2025-11-25,Room,UPI
P07238,B07028,2026-08-24,Room,Debit Card
P07239,B07028,2026-08-20,Service,UPI
P07240,B07029,2025-08-02,Room,Net Banking
P07241,B07030,2024-02-09,Service,Net Banking
P07242,B07031,2025-09-12,Room,Net Banking
P07243,B07032,2025-11-20,Room + Service,Credit Card
P07244,B07033,2026-03-10,Room + Service,Debit Card
P07245,B07034,2025-02-21,Room,Cash
P07246,B07034,2025-02-26,Room,Credit Card
P07247,B07035,2025-07-17,Room,UPI
P07248,B07036,2025-11-07,Room + Service,UPI
P07249,B07037,2026-07-23,Room,UPI
P07250,B07037,2026-07-16,Service,Debit Card
P07251,B07038,2024-01-10,Room + Service,UPI
P07252,B07040,2024-08-03,Room + Service,Debit Card
P07253,B07041,2025-03-04,Room + Service,Net Banking
P07254,B07043,2025-05-03,Room,Credit Card
P07255,B07044,2024-12-29,Room,Debit Card
P07256,B07044,2025-01-04,Service,UPI
P07257,B07046,2026-06-02,Service,UPI
P07258,B07047,2026-07-12,Room,UPI
P07259,B07048,2025-12-18,Room + Service,Credit Card
P07260,B07049,2025-02-01,Room + Service,Net Banking
P07261,B07050,2026-04-03,Room + Service,Cash
P07262,B07051,2026-07-10,Room,Net Banking
P07263,B07052,2025-07-01,Room + Service,UPI
P07264,B07053,2026-04-12,Service,UPI
P07265,B07054,2026-08-28,Room,UPI
P07266,B07055,2025-10-10,Room + Service,Cash
P07267,B07056,2026-05-14,Service,UPI
P07268,B07057,2024-09-04,Room + Service,Cash
P07269,B07058,2025-10-04,Room,UPI
P07270,B07058,2025-10-04,Service,UPI
P07271,B07060,2026-05-24,Room,UPI
P07272,B07060,2026-05-18,Room,Credit Card
P07273,B07061,2025-04-19,Room,Net Banking
P07274,B07061,2025-04-16,Service,Credit Card
P07275,B07062,2025-02-18,Room + Service,Credit Card
P07276,B07063,2026-03-19,Room + Service,UPI
P07277,B07064,2026-06-21,Room,Net Banking
P07278,B07064,2026-06-25,Service,Debit Card
P07279,B07065,2025-06-26,Room,Net Banking
P07280,B07066,2026-04-07,Room + Service,Cash
P07281,B07067,2024-06-15,Room,Credit Card
P07282,B07069,2026-03-30,Room,UPI
P07283,B07069,2026-04-04,Service,Credit Card
P07284,B07070,2026-05-07,Room + Service,Digital Wallet
P07285,B07071,2025-05-19,Room + Service,Net Banking
P07286,B07072,2026-06-17,Room + Service,Debit Card
P07287,B07073,2024-06-06,Room,UPI
P07288,B07074,2024-07-19,Room + Service,Credit Card
P07289,B07075,2026-04-23,Room,Credit Card
P07290,B07075,2026-04-18,Room,Debit Card
P07291,B07076,2026-08-24,Room,Credit Card
P07292,B07077,2025-01-13,Room,Credit Card
P07293,B07077,2024-12-27,Service,Credit Card
P07294,B07078,2025-09-16,Service,Credit Card
P07295,B07079,2025-04-05,Room + Service,Digital Wallet
P07296,B07080,2025-12-30,Room + Service,Digital Wallet
P07297,B07081,2026-08-17,Room,Net Banking
P07298,B07081,2026-08-18,Room,Debit Card
P07299,B07082,2026-04-09,Service,Debit Card
P07300,B07084,2025-11-03,Service,Debit Card
P07301,B07085,2026-02-26,Room,UPI
P07302,B07085,2026-02-01,Service,Cash
P07303,B07086,2026-05-26,Room,Debit Card
P07304,B07087,2026-07-02,Room + Service,Credit Card
P07305,B07088,2026-03-24,Room,Credit Card
P07306,B07089,2026-08-05,Room + Service,UPI
P07307,B07090,2024-05-07,Room,Debit Card
P07308,B07091,2024-05-26,Room + Service,Debit Card
P07309,B07093,2026-08-23,Room,Credit Card
P07310,B07093,2026-08-28,Service,UPI
P07311,B07094,2025-07-15,Room,Credit Card
P07312,B07095,2025-12-06,Room + Service,Credit Card
P07313,B07098,2026-01-31,Room,Credit Card
P07314,B07099,2025-01-08,Room,UPI
P07315,B07100,2025-08-30,Room,Cash
P07316,B07101,2025-10-16,Room + Service,UPI
P07317,B07102,2024-02-27,Room + Service,UPI
P07318,B07103,2026-05-07,Room,Credit Card
P07319,B07103,2026-05-05,Room,Credit Card
P07320,B07104,2026-08-13,Room,Credit Card
P07321,B07105,2025-02-20,Room + Service,UPI
P07322,B07106,2025-10-27,Room + Service,Credit Card
P07323,B07108,2026-08-23,Room,Credit Card
P07324,B07109,2026-04-18,Room,UPI
P07325,B07110,2026-06-14,Room + Service,Net Banking
P07326,B07111,2025-06-28,Room + Service,Credit Card
P07327,B07112,2026-06-24,Room,UPI
P07328,B07112,2026-06-23,Service,Net Banking
P07329,B07113,2024-10-14,Room,UPI
P07330,B07113,2024-10-19,Service,Debit Card
P07331,B07114,2025-05-25,Service,UPI
P07332,B07116,2024-12-24,Room + Service,Debit Card
P07333,B07117,2025-02-05,Room + Service,Net Banking
P07334,B07119,2025-11-26,Room,Credit Card
P07335,B07120,2026-02-27,Room,Credit Card
P07336,B07121,2026-06-22,Room,UPI
P07337,B07122,2026-07-23,Room + Service,Net Banking
P07338,B07123,2025-05-19,Room + Service,Credit Card
P07339,B07124,2025-10-15,Room,UPI
P07340,B07124,2025-10-19,Service,Debit Card
P07341,B07125,2024-11-19,Service,Credit Card
P07342,B07126,2025-12-05,Room,UPI
P07343,B07127,2026-08-03,Service,Credit Card
P07344,B07128,2026-07-14,Service,Credit Card
P07345,B07129,2026-08-17,Service,Credit Card
P07346,B07130,2024-06-28,Room + Service,Net Banking
P07347,B07131,2025-12-19,Room,Net Banking
P07348,B07131,2025-12-19,Service,UPI
P07349,B07132,2026-05-25,Room,Debit Card
P07350,B07133,2025-09-08,Service,Net Banking
P07351,B07134,2025-05-12,Room,Net Banking
P07352,B07134,2025-05-13,Room,Debit Card
P07353,B07135,2024-09-10,Room,UPI
P07354,B07136,2026-02-21,Room + Service,Net Banking
P07355,B07137,2024-05-21,Service,Credit Card
P07356,B07138,2024-11-11,Room + Service,UPI
P07357,B07140,2024-02-12,Room + Service,UPI
P07358,B07141,2024-11-04,Room,Cash
P07359,B07142,2026-02-18,Room + Service,Credit Card
P07360,B07143,2024-06-17,Room + Service,UPI
P07361,B07144,2024-12-09,Room + Service,Credit Card
P07362,B07145,2025-12-17,Room,UPI
P07363,B07146,2026-02-28,Room,Net Banking
P07364,B07147,2024-07-10,Room + Service,Credit Card
P07365,B07148,2025-12-25,Room,Net Banking
P07366,B07149,2026-05-01,Room,UPI
P07367,B07149,2026-04-30,Service,Credit Card
P07368,B07150,2025-10-12,Room + Service,Credit Card
P07369,B07151,2026-01-02,Room + Service,Debit Card
P07370,B07152,2025-03-28,Room,UPI
P07371,B07153,2025-06-09,Room,Credit Card
P07372,B07154,2026-04-17,Room,UPI
P07373,B07155,2026-06-17,Room + Service,Debit Card
P07374,B07156,2026-08-10,Service,UPI
P07375,B07157,2025-08-02,Room + Service,Credit Card
P07376,B07158,2026-04-28,Room,Credit Card
P07377,B07158,2026-04-14,Service,Credit Card
P07378,B07159,2026-07-16,Room + Service,Cash
P07379,B07160,2025-10-26,Service,Net Banking
P07380,B07161,2026-02-18,Room,Credit Card
P07381,B07162,2026-05-22,Room + Service,Debit Card
P07382,B07163,2026-08-14,Room,Digital Wallet
P07383,B07163,2026-08-13,Service,Net Banking
P07384,B07164,2025-05-11,Service,Debit Card
P07385,B07165,2025-12-12,Room,Credit Card
P07386,B07166,2026-07-19,Room + Service,UPI
P07387,B07167,2024-04-27,Room + Service,Cash
P07388,B07168,2026-02-14,Room + Service,UPI
P07389,B07169,2026-05-30,Room + Service,UPI
P07390,B07170,2024-12-10,Room + Service,UPI
P07391,B07171,2024-03-09,Room + Service,Net Banking
P07392,B07172,2025-12-08,Room,Credit Card
P07393,B07172,2025-12-12,Service,Digital Wallet
P07394,B07173,2026-02-05,Room + Service,Credit Card
P07395,B07174,2026-05-27,Room + Service,UPI
P07396,B07176,2026-08-12,Room,UPI
P07397,B07176,2026-08-14,Service,Debit Card
P07398,B07177,2024-12-01,Room,Credit Card
P07399,B07178,2026-07-30,Room,Cash
P07400,B07179,2025-02-28,Room + Service,Credit Card
P07401,B07180,2025-10-18,Room + Service,Credit Card
P07402,B07181,2026-08-04,Room,Digital Wallet
P07403,B07182,2025-10-23,Room + Service,UPI
P07404,B07183,2026-02-12,Room + Service,Digital Wallet
P07405,B07184,2026-08-06,Room,Credit Card
P07406,B07185,2025-03-02,Room + Service,UPI
P07407,B07186,2026-06-08,Service,UPI
P07408,B07187,2026-07-31,Room + Service,Debit Card
P07409,B07188,2024-01-10,Room,Cash
P07410,B07189,2024-10-06,Room,UPI
P07411,B07190,2025-07-16,Service,Debit Card
P07412,B07191,2026-08-09,Room,Credit Card
P07413,B07192,2024-04-23,Room + Service,Credit Card
P07414,B07193,2025-12-31,Room + Service,Cash
P07415,B07194,2026-03-08,Room,UPI
P07416,B07194,2026-03-15,Service,UPI
P07417,B07195,2024-05-27,Room,UPI
P07418,B07196,2026-02-10,Room + Service,UPI
P07419,B07197,2025-07-10,Room + Service,Credit Card
P07420,B07200,2024-12-22,Room,Debit Card
P07421,B07200,2024-12-19,Service,Net Banking
P07422,B07201,2025-01-21,Room + Service,Net Banking
P07423,B07202,2026-03-20,Room,Credit Card
P07424,B07203,2026-07-14,Room + Service,UPI
P07425,B07204,2026-08-27,Room + Service,UPI
P07426,B07206,2026-08-09,Room + Service,UPI
P07427,B07207,2026-03-24,Room + Service,Debit Card
P07428,B07208,2026-07-19,Room + Service,UPI
P07429,B07209,2025-08-01,Service,UPI
P07430,B07211,2025-02-23,Room,Credit Card
P07431,B07212,2025-10-26,Room,Net Banking
P07432,B07212,2025-11-10,Room,Debit Card
P07433,B07213,2026-06-04,Room + Service,Credit Card
P07434,B07214,2026-08-05,Room + Service,Net Banking
P07435,B07215,2026-08-31,Room + Service,UPI
P07436,B07216,2024-09-29,Room,Debit Card
P07437,B07217,2026-07-21,Room,Credit Card
P07438,B07219,2026-06-02,Room,Debit Card
P07439,B07219,2026-05-30,Service,Credit Card
P07440,B07220,2025-10-27,Room + Service,Credit Card
P07441,B07221,2026-02-07,Room,UPI
P07442,B07221,2026-02-03,Room,UPI
P07443,B07223,2026-05-23,Room + Service,Net Banking
P07444,B07225,2025-03-04,Room + Service,Credit Card
P07445,B07226,2025-11-01,Room,UPI
P07446,B07227,2026-08-19,Room + Service,Net Banking
P07447,B07228,2026-03-08,Room,UPI
P07448,B07228,2026-03-14,Service,UPI
P07449,B07230,2025-10-13,Room,UPI
P07450,B07231,2026-08-30,Room + Service,UPI
P07451,B07232,2024-10-08,Room,Debit Card
P07452,B07233,2025-08-13,Room + Service,UPI
P07453,B07234,2025-10-12,Room,UPI
P07454,B07234,2025-10-04,Service,Credit Card
P07455,B07235,2025-12-26,Room + Service,Digital Wallet
P07456,B07236,2025-10-02,Room,Cash
P07457,B07237,2024-09-20,Room,Debit Card
P07458,B07238,2025-08-30,Room,Credit Card
P07459,B07238,2025-08-15,Service,UPI
P07460,B07239,2026-01-31,Service,Credit Card
P07461,B07240,2024-03-20,Room + Service,Credit Card
P07462,B07241,2026-04-03,Service,Net Banking
P07463,B07242,2024-09-24,Room,UPI
P07464,B07242,2024-09-23,Service,UPI
P07465,B07243,2026-04-04,Room,Net Banking
P07466,B07244,2025-11-27,Room,UPI
P07467,B07245,2026-02-11,Room,UPI
P07468,B07245,2026-02-09,Service,Debit Card
P07469,B07246,2026-07-31,Service,UPI
P07470,B07247,2024-02-11,Room,UPI
P07471,B07247,2024-02-14,Room,Credit Card
P07472,B07248,2025-10-30,Service,UPI
P07473,B07249,2026-04-29,Room + Service,Credit Card
P07474,B07251,2026-02-01,Room,Debit Card
P07475,B07251,2026-02-21,Service,Credit Card
P07476,B07253,2025-11-21,Room + Service,Credit Card
P07477,B07254,2026-02-01,Room,UPI
P07478,B07254,2026-02-06,Room,Debit Card
P07479,B07255,2026-03-04,Room,Credit Card
P07480,B07256,2026-06-17,Room + Service,Net Banking
P07481,B07257,2025-10-20,Room,UPI
P07482,B07257,2025-10-19,Service,Credit Card
P07483,B07258,2026-06-28,Room + Service,UPI
P07484,B07259,2025-03-25,Room,Digital Wallet
P07485,B07260,2025-10-09,Room + Service,UPI
P07486,B07261,2026-04-22,Room,UPI
P07487,B07261,2026-04-13,Service,Net Banking
P07488,B07262,2024-12-11,Room + Service,Credit Card
P07489,B07263,2025-10-08,Room,Digital Wallet
P07490,B07263,2025-10-05,Service,Digital Wallet
P07491,B07264,2026-01-04,Room,Net Banking
P07492,B07265,2025-05-02,Room + Service,Cash
P07493,B07267,2025-02-07,Room,UPI
P07494,B07269,2026-08-14,Room + Service,Credit Card
P07495,B07270,2026-04-17,Room,UPI
P07496,B07271,2026-05-04,Room,Credit Card
P07497,B07272,2025-08-01,Room + Service,UPI
P07498,B07273,2026-05-08,Room + Service,Debit Card
P07499,B07274,2026-08-02,Service,UPI
P07500,B07275,2026-03-18,Room + Service,Debit Card
P07501,B07276,2025-04-11,Room + Service,Credit Card
P07502,B07277,2025-11-27,Room,Net Banking
P07503,B07278,2026-02-24,Room,Digital Wallet
P07504,B07279,2024-05-12,Room,UPI
P07505,B07279,2024-05-06,Room,Credit Card
P07506,B07280,2025-07-05,Room,Debit Card
P07507,B07281,2025-01-18,Room,Net Banking
P07508,B07282,2025-04-02,Room + Service,UPI
P07509,B07283,2025-06-28,Room,Credit Card
P07510,B07284,2026-08-02,Room + Service,Cash
P07511,B07285,2024-10-31,Room + Service,Cash
P07512,B07286,2025-06-04,Service,Credit Card
P07513,B07288,2025-12-09,Service,UPI
P07514,B07289,2026-04-10,Room,Credit Card
P07515,B07290,2026-06-05,Service,Credit Card
P07516,B07291,2024-05-26,Room,UPI
P07517,B07291,2024-05-23,Service,Net Banking
P07518,B07292,2026-01-21,Room + Service,Net Banking
P07519,B07293,2025-07-28,Room + Service,UPI
P07520,B07294,2025-08-10,Room + Service,Net Banking
P07521,B07295,2024-01-11,Room + Service,Net Banking
P07522,B07297,2025-11-04,Room,Credit Card
P07523,B07298,2025-12-16,Room,Net Banking
P07524,B07299,2026-01-12,Room + Service,Credit Card
P07525,B07300,2026-06-18,Room,Cash
P07526,B07300,2026-06-18,Service,Credit Card
P07527,B07301,2025-05-22,Room + Service,Net Banking
P07528,B07302,2026-06-26,Room + Service,UPI
P07529,B07303,2026-07-23,Room,Credit Card
P07530,B07303,2026-08-02,Service,Cash
P07531,B07304,2026-04-12,Room + Service,UPI
P07532,B07306,2025-03-28,Room,Net Banking
P07533,B07307,2025-06-27,Room + Service,UPI
P07534,B07308,2026-04-04,Room,UPI
P07535,B07309,2024-01-31,Service,UPI
P07536,B07310,2026-05-25,Room + Service,UPI
P07537,B07311,2024-09-01,Room,Credit Card
P07538,B07312,2025-08-02,Room,Digital Wallet
P07539,B07312,2025-08-02,Room,Credit Card
P07540,B07313,2025-05-15,Room,UPI
P07541,B07314,2025-04-21,Room + Service,UPI
P07542,B07315,2025-07-24,Room + Service,Credit Card
P07543,B07316,2024-01-16,Service,Credit Card
P07544,B07317,2026-07-15,Room + Service,UPI
P07545,B07318,2025-06-16,Room,Net Banking
P07546,B07318,2025-06-10,Service,Credit Card
P07547,B07319,2025-09-15,Room + Service,UPI
P07548,B07320,2026-05-03,Room,Debit Card
P07549,B07320,2026-05-14,Service,Debit Card
P07550,B07321,2025-01-11,Service,UPI
P07551,B07322,2025-08-06,Room,Debit Card
P07552,B07322,2025-07-28,Service,Digital Wallet
P07553,B07324,2025-03-15,Service,Cash
P07554,B07325,2025-03-22,Room + Service,Credit Card
P07555,B07326,2025-10-05,Room + Service,Cash
P07556,B07327,2026-01-08,Room,Credit Card
P07557,B07328,2025-03-07,Room,UPI
P07558,B07329,2024-02-19,Room + Service,Credit Card
P07559,B07330,2024-12-05,Room + Service,UPI
P07560,B07331,2025-07-19,Room,UPI
P07561,B07332,2025-10-29,Room,Debit Card
P07562,B07332,2025-10-12,Service,Credit Card
P07563,B07333,2026-05-23,Room + Service,UPI
P07564,B07334,2024-05-08,Room + Service,Debit Card
P07565,B07335,2025-12-04,Room + Service,Net Banking
P07566,B07337,2026-04-17,Room + Service,Credit Card
P07567,B07339,2026-08-13,Room + Service,Debit Card
P07568,B07340,2024-02-28,Room + Service,Digital Wallet
P07569,B07341,2026-05-22,Room,Credit Card
P07570,B07341,2026-06-04,Service,Net Banking
P07571,B07342,2026-07-21,Room + Service,Net Banking
P07572,B07343,2024-08-19,Room,UPI
P07573,B07343,2024-08-19,Service,Net Banking
P07574,B07344,2026-05-19,Room,Credit Card
P07575,B07344,2026-05-20,Service,UPI
P07576,B07345,2025-12-13,Room + Service,Debit Card
P07577,B07346,2026-06-01,Room + Service,Cash
P07578,B07347,2025-12-08,Room,Net Banking
P07579,B07347,2025-11-23,Service,Credit Card
P07580,B07348,2026-05-12,Room + Service,Net Banking
P07581,B07349,2026-07-27,Room,UPI
P07582,B07349,2026-08-06,Service,UPI
P07583,B07350,2024-01-26,Room,Credit Card
P07584,B07351,2025-11-05,Room + Service,Credit Card
P07585,B07352,2026-05-22,Room,Credit Card
P07586,B07353,2024-10-28,Room,UPI
P07587,B07354,2026-05-03,Room,Debit Card
P07588,B07356,2026-04-12,Room + Service,Digital Wallet
P07589,B07357,2024-10-30,Service,UPI
P07590,B07358,2024-11-25,Service,UPI
P07591,B07359,2025-11-19,Service,Cash
P07592,B07360,2026-02-22,Room,Net Banking
P07593,B07361,2026-06-03,Room,Debit Card
P07594,B07362,2025-10-18,Room,Credit Card
P07595,B07363,2024-11-02,Room,Cash
P07596,B07364,2026-04-19,Service,Credit Card
P07597,B07365,2026-01-27,Room,Credit Card
P07598,B07365,2026-01-31,Service,Credit Card
P07599,B07366,2026-04-18,Room + Service,Credit Card
P07600,B07367,2025-04-19,Room,Credit Card
P07601,B07368,2025-10-04,Room + Service,UPI
P07602,B07369,2024-01-19,Room + Service,UPI
P07603,B07370,2025-01-26,Room,Digital Wallet
P07604,B07371,2026-03-11,Room + Service,Debit Card
P07605,B07372,2026-05-26,Room + Service,Debit Card
P07606,B07373,2026-08-23,Room,Credit Card
P07607,B07374,2025-03-11,Room + Service,UPI
P07608,B07376,2025-09-12,Service,Credit Card
P07609,B07377,2025-11-12,Room + Service,UPI
P07610,B07378,2025-07-10,Room,Digital Wallet
P07611,B07379,2025-11-27,Room,UPI
P07612,B07381,2026-07-03,Room,UPI
P07613,B07381,2026-06-30,Service,UPI
P07614,B07383,2025-01-28,Room,Cash
P07615,B07383,2025-02-05,Room,Credit Card
P07616,B07384,2026-01-05,Room + Service,Cash
P07617,B07385,2026-05-22,Room + Service,UPI
P07618,B07386,2024-10-17,Room + Service,UPI
P07619,B07387,2025-12-16,Room + Service,UPI
P07620,B07388,2026-01-27,Room + Service,Debit Card
P07621,B07389,2026-06-08,Room + Service,UPI
P07622,B07391,2026-06-23,Room,Cash
P07623,B07394,2024-10-17,Room + Service,Debit Card
P07624,B07395,2026-07-23,Service,UPI
P07625,B07396,2025-12-21,Room,Net Banking
P07626,B07397,2024-02-07,Room + Service,Credit Card
P07627,B07398,2026-08-21,Room,Credit Card
P07628,B07399,2026-03-22,Service,Credit Card
P07629,B07400,2025-10-26,Service,Credit Card
P07630,B07401,2026-03-21,Room + Service,UPI
P07631,B07402,2026-06-29,Room,Net Banking
P07632,B07402,2026-06-29,Room,Credit Card
P07633,B07403,2026-08-17,Room,Credit Card
P07634,B07403,2026-08-07,Service,Credit Card
P07635,B07404,2024-12-29,Room,UPI
P07636,B07405,2025-09-25,Room + Service,UPI
P07637,B07406,2025-02-09,Room,UPI
P07638,B07407,2025-12-02,Service,UPI
P07639,B07408,2026-07-04,Room + Service,Credit Card
P07640,B07409,2024-11-09,Service,UPI
P07641,B07410,2026-02-09,Room + Service,Digital Wallet
P07642,B07411,2025-01-22,Room + Service,Digital Wallet
P07643,B07413,2026-06-05,Room + Service,Credit Card
P07644,B07414,2025-04-17,Room + Service,Digital Wallet
P07645,B07415,2026-07-05,Room,UPI
P07646,B07416,2025-11-16,Room + Service,Credit Card
P07647,B07417,2026-04-19,Room,Credit Card
P07648,B07418,2026-07-15,Room,UPI
P07649,B07418,2026-07-14,Room,UPI
P07650,B07419,2025-06-15,Room + Service,Credit Card
P07651,B07420,2025-12-22,Room + Service,Credit Card
P07652,B07421,2024-03-07,Room,UPI
P07653,B07422,2024-02-24,Room + Service,UPI
P07654,B07423,2024-05-05,Room + Service,Debit Card
P07655,B07424,2025-08-29,Room + Service,UPI
P07656,B07425,2025-09-19,Room + Service,Credit Card
P07657,B07426,2026-06-02,Room + Service,Cash
P07658,B07427,2026-08-07,Room + Service,UPI
P07659,B07428,2026-07-10,Service,Net Banking
P07660,B07429,2026-05-29,Service,UPI
P07661,B07430,2026-07-12,Room + Service,UPI
P07662,B07433,2026-04-28,Room,Credit Card
P07663,B07434,2026-08-23,Service,Debit Card
P07664,B07435,2024-04-29,Room + Service,Credit Card
P07665,B07436,2026-01-18,Room + Service,UPI
P07666,B07437,2026-05-31,Room + Service,Credit Card
P07667,B07439,2026-01-15,Room + Service,Digital Wallet
P07668,B07440,2024-12-13,Service,Net Banking
P07669,B07441,2026-07-31,Room,Net Banking
P07670,B07442,2026-02-09,Room,UPI
P07671,B07442,2026-01-31,Service,Credit Card
P07672,B07443,2025-10-15,Room,UPI
P07673,B07444,2026-06-24,Room + Service,UPI
P07674,B07445,2026-08-12,Service,UPI
P07675,B07446,2024-04-30,Room,Net Banking
P07676,B07447,2025-08-12,Room + Service,Debit Card
P07677,B07448,2024-12-04,Room,Credit Card
P07678,B07449,2026-03-09,Room + Service,Net Banking
P07679,B07450,2024-07-31,Room,UPI
P07680,B07451,2024-08-29,Room + Service,Net Banking
P07681,B07452,2024-12-18,Room,Credit Card
P07682,B07452,2024-12-26,Service,UPI
P07683,B07453,2024-12-18,Room,Credit Card
P07684,B07453,2024-12-10,Service,Debit Card
P07685,B07454,2025-12-09,Room,UPI
P07686,B07454,2025-12-29,Service,Credit Card
P07687,B07455,2026-07-29,Room,Net Banking
P07688,B07455,2026-08-02,Room,UPI
P07689,B07456,2026-01-20,Service,Credit Card
P07690,B07458,2026-07-12,Room + Service,UPI
P07691,B07459,2025-12-20,Room,UPI
P07692,B07460,2026-07-24,Room,UPI
P07693,B07460,2026-07-25,Service,Cash
P07694,B07461,2026-08-29,Room,Credit Card
P07695,B07463,2025-02-28,Room + Service,Debit Card
P07696,B07464,2025-06-25,Room,Net Banking
P07697,B07464,2025-07-01,Service,UPI
P07698,B07465,2025-10-31,Room,Credit Card
P07699,B07465,2025-11-08,Service,Credit Card
P07700,B07466,2025-06-14,Room,Digital Wallet
P07701,B07467,2025-11-12,Room + Service,Digital Wallet
P07702,B07469,2026-03-17,Service,UPI
P07703,B07470,2026-06-16,Room + Service,UPI
P07704,B07471,2024-04-05,Room + Service,Debit Card
P07705,B07472,2025-01-09,Room,Net Banking
P07706,B07473,2026-03-31,Room + Service,Net Banking
P07707,B07474,2026-06-09,Room,UPI
P07708,B07475,2026-07-11,Room + Service,Digital Wallet
P07709,B07476,2026-08-21,Room,Net Banking
P07710,B07477,2024-05-19,Room + Service,UPI
P07711,B07478,2024-09-18,Service,UPI
P07712,B07479,2025-06-18,Service,Net Banking
P07713,B07480,2026-01-06,Room + Service,UPI
P07714,B07481,2026-01-13,Room + Service,Credit Card
P07715,B07482,2026-07-08,Room,Cash
P07716,B07483,2025-06-02,Room + Service,UPI
P07717,B07484,2026-07-29,Room + Service,Net Banking
P07718,B07485,2026-08-09,Room,Debit Card
P07719,B07486,2025-04-07,Room + Service,UPI
P07720,B07487,2026-05-16,Room + Service,UPI
P07721,B07488,2024-12-21,Room,UPI
P07722,B07489,2026-02-13,Room + Service,Credit Card
P07723,B07490,2025-03-13,Room,Credit Card
P07724,B07491,2025-07-26,Room,Net Banking
P07725,B07492,2026-01-12,Service,Credit Card
P07726,B07493,2026-03-10,Room,Net Banking
P07727,B07494,2026-06-15,Room,Net Banking
P07728,B07495,2026-03-26,Room,Credit Card
P07729,B07495,2026-03-26,Service,UPI
P07730,B07496,2026-02-25,Room,Debit Card
P07731,B07496,2026-02-25,Service,Net Banking
P07732,B07500,2026-02-04,Room,Net Banking
P07733,B07501,2024-11-05,Service,UPI
P07734,B07502,2025-06-29,Room,UPI
P07735,B07504,2024-08-02,Room + Service,Debit Card
P07736,B07506,2026-02-13,Room,Cash
P07737,B07507,2024-08-25,Service,Net Banking
P07738,B07508,2026-07-11,Room,Credit Card
P07739,B07509,2025-10-09,Room + Service,Net Banking
P07740,B07510,2025-06-03,Room,Credit Card
P07741,B07510,2025-06-03,Service,UPI
P07742,B07511,2024-11-09,Room,UPI
P07743,B07512,2024-09-30,Room + Service,UPI
P07744,B07513,2026-05-28,Room + Service,Net Banking
P07745,B07514,2025-02-08,Room,UPI
P07746,B07515,2026-08-09,Room,UPI
P07747,B07516,2025-01-30,Room,UPI
P07748,B07517,2025-07-30,Room,Credit Card
P07749,B07518,2025-12-27,Room + Service,UPI
P07750,B07520,2025-05-01,Room + Service,Net Banking
P07751,B07521,2026-02-18,Room + Service,Net Banking
P07752,B07523,2025-11-29,Room + Service,Debit Card
P07753,B07524,2026-01-18,Room,Digital Wallet
P07754,B07524,2026-01-15,Service,UPI
P07755,B07525,2024-03-29,Room,Credit Card
P07756,B07526,2026-01-11,Room + Service,Credit Card
P07757,B07528,2024-01-24,Room,Credit Card
P07758,B07529,2026-02-15,Service,Net Banking
P07759,B07530,2026-07-11,Room,Net Banking
P07760,B07530,2026-07-09,Service,Credit Card
P07761,B07531,2026-06-28,Room,UPI
P07762,B07532,2024-04-12,Room + Service,Net Banking
P07763,B07534,2025-12-31,Room + Service,Net Banking
P07764,B07535,2026-07-20,Room + Service,UPI
P07765,B07537,2025-03-05,Room,Debit Card
P07766,B07538,2025-08-16,Service,Digital Wallet
P07767,B07539,2026-04-30,Room + Service,Net Banking
P07768,B07540,2025-10-20,Room + Service,Credit Card
P07769,B07542,2026-08-11,Room,UPI
P07770,B07543,2025-04-16,Room,Credit Card
P07771,B07545,2026-03-29,Room,Credit Card
P07772,B07547,2025-11-29,Room,Debit Card
P07773,B07548,2025-01-25,Room + Service,Debit Card
P07774,B07549,2026-02-15,Room + Service,Debit Card
P07775,B07550,2025-02-11,Room,Credit Card
P07776,B07551,2025-09-16,Room,Net Banking
P07777,B07551,2025-09-16,Service,Credit Card
P07778,B07552,2026-03-06,Service,Debit Card
P07779,B07553,2026-04-21,Service,UPI
P07780,B07554,2026-04-07,Room + Service,Credit Card
P07781,B07555,2024-04-11,Room,Debit Card
P07782,B07556,2025-04-01,Room,UPI
P07783,B07557,2025-08-09,Room + Service,Net Banking
P07784,B07558,2025-06-26,Room + Service,UPI
P07785,B07559,2026-02-03,Room,Credit Card
P07786,B07560,2026-06-22,Room,UPI
P07787,B07560,2026-06-18,Service,Net Banking
P07788,B07561,2026-02-13,Room + Service,UPI
P07789,B07562,2024-06-24,Room + Service,Debit Card
P07790,B07563,2024-11-05,Room + Service,Credit Card
P07791,B07564,2024-11-13,Room + Service,Debit Card
P07792,B07565,2025-09-21,Room + Service,Debit Card
P07793,B07566,2026-04-07,Room + Service,Debit Card
P07794,B07567,2026-07-25,Room,Digital Wallet
P07795,B07567,2026-07-29,Service,Debit Card
P07796,B07568,2024-10-06,Room,Debit Card
P07797,B07568,2024-10-09,Service,Net Banking
P07798,B07569,2026-08-23,Room,UPI
P07799,B07569,2026-08-24,Service,UPI
P07800,B07570,2025-12-30,Service,Debit Card
P07801,B07571,2026-08-25,Service,Debit Card
P07802,B07572,2025-05-01,Room + Service,Credit Card
P07803,B07573,2024-02-08,Room,Net Banking
P07804,B07574,2025-01-04,Room,UPI
P07805,B07574,2024-12-30,Service,Debit Card
P07806,B07575,2024-07-01,Room + Service,UPI
P07807,B07576,2026-01-21,Room,Net Banking
P07808,B07577,2026-05-03,Room,Digital Wallet
P07809,B07577,2026-05-01,Service,Digital Wallet
P07810,B07578,2024-10-23,Room,Debit Card
P07811,B07579,2026-04-23,Room + Service,Credit Card
P07812,B07580,2024-11-28,Service,UPI
P07813,B07581,2025-03-24,Room + Service,Credit Card
P07814,B07582,2025-05-26,Room + Service,Net Banking
P07815,B07583,2025-01-24,Service,Credit Card
P07816,B07584,2025-05-05,Room,UPI
P07817,B07585,2026-06-23,Room,Credit Card
P07818,B07585,2026-06-07,Room,UPI
P07819,B07586,2026-07-18,Service,Net Banking
P07820,B07587,2025-02-06,Room,UPI
P07821,B07588,2024-01-26,Room + Service,Credit Card
P07822,B07590,2026-07-29,Room + Service,Credit Card
P07823,B07591,2026-01-18,Room + Service,Cash
P07824,B07592,2026-01-23,Service,Net Banking
P07825,B07593,2026-05-06,Room,Cash
P07826,B07594,2025-11-15,Room + Service,UPI
P07827,B07595,2026-06-23,Room + Service,Debit Card
P07828,B07597,2025-12-15,Service,Debit Card
P07829,B07598,2026-04-21,Room,Cash
P07830,B07598,2026-04-15,Room,UPI
P07831,B07599,2025-09-28,Room,Cash
P07832,B07600,2025-11-18,Room,Credit Card
P07833,B07600,2025-12-01,Service,Credit Card
P07834,B07601,2026-02-24,Room,Credit Card
P07835,B07601,2026-02-25,Service,Net Banking
P07836,B07602,2024-07-04,Room + Service,UPI
P07837,B07603,2026-02-03,Room + Service,Net Banking
P07838,B07604,2025-08-18,Room,Credit Card
P07839,B07605,2026-04-10,Room,UPI
P07840,B07606,2024-06-28,Room + Service,Digital Wallet
P07841,B07607,2025-04-10,Room + Service,Digital Wallet
P07842,B07608,2025-10-08,Room + Service,Credit Card
P07843,B07609,2025-01-28,Room,UPI
P07844,B07610,2025-08-30,Room,Debit Card
P07845,B07611,2025-01-04,Room,Credit Card
P07846,B07612,2025-11-10,Room + Service,Net Banking
P07847,B07613,2026-08-03,Service,Credit Card
P07848,B07614,2026-02-01,Room,Cash
P07849,B07614,2026-02-08,Service,Cash
P07850,B07615,2025-07-30,Service,Digital Wallet
P07851,B07616,2026-08-05,Room + Service,Digital Wallet
P07852,B07617,2025-12-17,Room + Service,Debit Card
P07853,B07618,2026-07-18,Room + Service,UPI
P07854,B07619,2026-07-31,Room,Credit Card
P07855,B07620,2025-01-02,Service,Net Banking
P07856,B07621,2025-09-03,Room,Credit Card
P07857,B07622,2024-08-23,Room + Service,UPI
P07858,B07623,2025-11-12,Room,Debit Card
P07859,B07625,2025-12-28,Room + Service,UPI
P07860,B07626,2026-05-10,Room,Credit Card
P07861,B07626,2026-05-11,Service,Digital Wallet
P07862,B07627,2026-07-25,Service,Credit Card
P07863,B07628,2026-01-07,Room,Credit Card
P07864,B07628,2026-01-15,Service,UPI
P07865,B07629,2026-08-15,Room + Service,UPI
P07866,B07630,2026-03-25,Room,UPI
P07867,B07630,2026-03-20,Room,Credit Card
P07868,B07631,2025-01-28,Room + Service,Credit Card
P07869,B07632,2026-06-04,Service,Credit Card
P07870,B07633,2026-07-13,Room + Service,Digital Wallet
P07871,B07634,2024-06-19,Room,Debit Card
P07872,B07635,2026-01-20,Room + Service,Credit Card
P07873,B07636,2025-03-02,Room + Service,Credit Card
P07874,B07637,2025-08-08,Room + Service,Debit Card
P07875,B07638,2025-12-14,Room + Service,UPI
P07876,B07640,2025-05-27,Room,UPI
P07877,B07641,2026-03-13,Room + Service,UPI
P07878,B07642,2026-06-17,Service,Credit Card
P07879,B07643,2025-09-04,Room,Net Banking
P07880,B07643,2025-09-08,Room,UPI
P07881,B07644,2025-10-16,Room,Credit Card
P07882,B07645,2024-01-10,Room,UPI
P07883,B07646,2026-01-23,Room + Service,UPI
P07884,B07647,2024-01-15,Room + Service,UPI
P07885,B07649,2025-06-15,Room + Service,Debit Card
P07886,B07651,2025-08-18,Room + Service,UPI
P07887,B07653,2026-08-04,Room + Service,Credit Card
P07888,B07655,2024-05-16,Room,Debit Card
P07889,B07656,2025-10-29,Room + Service,UPI
P07890,B07657,2025-11-14,Room,UPI
P07891,B07658,2026-05-14,Room + Service,UPI
P07892,B07659,2026-07-04,Room + Service,Net Banking
P07893,B07660,2026-08-01,Room + Service,Credit Card
P07894,B07661,2025-03-17,Service,UPI
P07895,B07663,2025-05-20,Room,UPI
P07896,B07663,2025-05-17,Service,UPI
P07897,B07664,2026-01-26,Room,UPI
P07898,B07665,2026-06-24,Room,Net Banking
P07899,B07665,2026-07-27,Service,Net Banking
P07900,B07666,2026-02-01,Room,Net Banking
P07901,B07668,2026-07-20,Service,Credit Card
P07902,B07669,2024-12-06,Room + Service,UPI
P07903,B07670,2025-05-14,Room,UPI
P07904,B07671,2025-09-22,Room + Service,Credit Card
P07905,B07672,2025-11-29,Room,Net Banking
P07906,B07672,2025-11-30,Service,Credit Card
P07907,B07673,2024-12-26,Room + Service,Net Banking
P07908,B07674,2025-07-07,Room,Credit Card
P07909,B07675,2026-04-25,Room + Service,Digital Wallet
P07910,B07676,2024-11-21,Room,UPI
P07911,B07676,2024-12-01,Service,UPI
P07912,B07677,2025-10-27,Room + Service,UPI
P07913,B07678,2025-04-19,Room,Credit Card
P07914,B07678,2025-04-27,Service,Credit Card
P07915,B07680,2026-06-27,Room + Service,Net Banking
P07916,B07681,2026-07-26,Room + Service,Credit Card
P07917,B07682,2024-07-01,Room,Debit Card
P07918,B07683,2024-09-17,Room,UPI
P07919,B07684,2025-01-04,Room + Service,UPI
P07920,B07685,2025-06-03,Room,Credit Card
P07921,B07686,2026-03-12,Room,Credit Card
P07922,B07687,2026-05-22,Room + Service,Credit Card
P07923,B07688,2024-09-16,Room + Service,Credit Card
P07924,B07689,2025-09-29,Room,Net Banking
P07925,B07690,2025-01-30,Room,Credit Card
P07926,B07691,2025-11-08,Room + Service,Credit Card
P07927,B07692,2026-08-02,Room + Service,UPI
P07928,B07693,2025-11-07,Room + Service,Net Banking
P07929,B07694,2026-08-17,Room,Cash
P07930,B07695,2026-02-07,Service,UPI
P07931,B07696,2026-06-04,Room,Credit Card
P07932,B07697,2026-08-02,Room,Credit Card
P07933,B07697,2026-08-04,Service,Cash
P07934,B07698,2024-08-18,Room + Service,Credit Card
P07935,B07699,2026-06-18,Room + Service,UPI
P07936,B07700,2026-08-04,Room,UPI
P07937,B07701,2026-02-14,Room,Credit Card
P07938,B07702,2026-05-07,Room,UPI
P07939,B07702,2026-05-06,Room,Credit Card
P07940,B07703,2026-08-25,Room,Debit Card
P07941,B07703,2026-08-20,Service,UPI
P07942,B07704,2024-02-24,Room + Service,UPI
P07943,B07705,2024-10-08,Service,Debit Card
P07944,B07706,2026-03-09,Room,Credit Card
P07945,B07706,2026-03-08,Service,Credit Card
P07946,B07707,2025-06-23,Room + Service,Net Banking
P07947,B07708,2025-11-01,Service,UPI
P07948,B07709,2026-08-30,Room + Service,Cash
P07949,B07710,2024-04-10,Room,Credit Card
P07950,B07710,2024-04-08,Service,Net Banking
P07951,B07711,2024-05-25,Service,UPI
P07952,B07712,2025-03-11,Room,Credit Card
P07953,B07713,2026-06-20,Room,Credit Card
P07954,B07713,2026-05-29,Service,Debit Card
P07955,B07714,2026-07-10,Room,UPI
P07956,B07715,2024-06-16,Room + Service,UPI
P07957,B07716,2026-06-22,Room,Net Banking
P07958,B07717,2026-04-14,Room,Debit Card
P07959,B07717,2026-04-24,Service,UPI
P07960,B07718,2026-07-18,Room + Service,UPI
P07961,B07719,2026-08-31,Service,Credit Card
P07962,B07720,2025-03-15,Room,Cash
P07963,B07720,2025-03-24,Service,Net Banking
P07964,B07721,2025-11-11,Room,Debit Card
P07965,B07722,2026-04-23,Room + Service,UPI
P07966,B07723,2025-11-29,Service,UPI
P07967,B07724,2024-02-23,Room,Cash
P07968,B07724,2024-02-23,Service,Net Banking
P07969,B07725,2025-10-07,Room,UPI
P07970,B07725,2025-09-27,Service,Digital Wallet
P07971,B07728,2025-02-27,Room + Service,UPI
P07972,B07729,2025-09-26,Room + Service,Digital Wallet
P07973,B07730,2026-03-05,Room + Service,UPI
P07974,B07731,2026-02-01,Room + Service,Digital Wallet
P07975,B07732,2024-10-31,Service,UPI
P07976,B07733,2025-10-10,Room,UPI
P07977,B07733,2025-10-10,Service,Credit Card
P07978,B07734,2025-12-27,Room,Debit Card
P07979,B07734,2025-12-24,Service,Cash
P07980,B07735,2025-01-01,Room + Service,Net Banking
P07981,B07736,2025-07-28,Room,Debit Card
P07982,B07737,2026-05-11,Room,Credit Card
P07983,B07737,2026-06-06,Service,Credit Card
P07984,B07738,2025-01-26,Room + Service,Debit Card
P07985,B07739,2026-02-03,Room + Service,Digital Wallet
P07986,B07740,2024-01-05,Room,Credit Card
P07987,B07740,2024-01-13,Service,Net Banking
P07988,B07741,2024-12-09,Room,Credit Card
P07989,B07741,2024-12-12,Room,Credit Card
P07990,B07742,2025-01-27,Room,Credit Card
P07991,B07742,2025-01-30,Service,Debit Card
P07992,B07743,2025-06-22,Room,UPI
P07993,B07744,2025-10-08,Room,Cash
P07994,B07745,2026-03-16,Room + Service,Net Banking
P07995,B07746,2026-08-12,Room,Debit Card
P07996,B07747,2025-09-09,Room,Net Banking
P07997,B07748,2025-08-31,Room,UPI
P07998,B07748,2025-08-19,Service,Debit Card
P07999,B07749,2026-06-07,Room,Credit Card
P08000,B07750,2026-05-15,Room,UPI
P08001,B07750,2026-05-20,Service,UPI
P08002,B07751,2025-03-29,Room + Service,UPI
P08003,B07752,2025-12-11,Room + Service,Net Banking
P08004,B07753,2024-10-15,Room,UPI
P08005,B07753,2024-10-09,Service,UPI
P08006,B07754,2026-08-25,Room,Net Banking
P08007,B07754,2026-08-18,Room,Debit Card
P08008,B07755,2025-03-20,Room,UPI
P08009,B07756,2025-06-29,Room,Net Banking
P08010,B07756,2025-06-22,Service,UPI
P08011,B07757,2024-08-07,Room,Net Banking
P08012,B07758,2025-05-28,Room,Debit Card
P08013,B07758,2025-05-25,Service,UPI
P08014,B07759,2026-01-28,Service,UPI
P08015,B07760,2026-03-24,Room + Service,Net Banking
P08016,B07761,2026-06-27,Room + Service,UPI
P08017,B07763,2026-01-09,Room + Service,Credit Card
P08018,B07764,2025-11-18,Room + Service,UPI
P08019,B07765,2026-07-26,Service,Credit Card
P08020,B07766,2025-09-02,Service,Net Banking
P08021,B07767,2025-09-13,Room,Net Banking
P08022,B07767,2025-10-01,Service,Credit Card
P08023,B07768,2024-08-18,Room,UPI
P08024,B07769,2026-08-03,Room,Credit Card
P08025,B07771,2025-06-07,Room,Net Banking
P08026,B07772,2026-07-16,Room + Service,UPI
P08027,B07774,2024-07-02,Room + Service,Credit Card
P08028,B07775,2025-12-13,Room + Service,Debit Card
P08029,B07776,2024-01-22,Room,Credit Card
P08030,B07777,2025-09-25,Room + Service,Debit Card
P08031,B07778,2026-02-01,Room,Credit Card
P08032,B07778,2026-01-31,Service,UPI
P08033,B07779,2024-07-13,Room + Service,UPI
P08034,B07781,2026-01-06,Room + Service,Net Banking
P08035,B07782,2025-01-28,Room + Service,Debit Card
P08036,B07783,2025-04-04,Room,Credit Card
P08037,B07784,2026-05-11,Room + Service,Credit Card
P08038,B07786,2024-11-10,Service,Net Banking
P08039,B07787,2024-01-11,Room,Digital Wallet
P08040,B07787,2024-01-18,Service,Credit Card
P08041,B07788,2024-05-29,Room,Net Banking
P08042,B07789,2024-02-28,Room,Credit Card
P08043,B07790,2025-12-25,Room + Service,Net Banking
P08044,B07791,2026-07-03,Room,UPI
P08045,B07791,2026-07-09,Service,Credit Card
P08046,B07792,2025-08-07,Room,Net Banking
P08047,B07792,2025-09-08,Service,UPI
P08048,B07793,2026-02-12,Room + Service,Credit Card
P08049,B07794,2024-03-15,Room + Service,Cash
P08050,B07795,2026-02-15,Room + Service,UPI
P08051,B07796,2024-05-28,Room + Service,Net Banking
P08052,B07797,2026-01-29,Room,UPI
P08053,B07798,2026-08-03,Room + Service,UPI
P08054,B07799,2024-10-01,Room + Service,UPI
P08055,B07800,2025-10-30,Room + Service,Credit Card
P08056,B07801,2024-12-07,Room + Service,Debit Card
P08057,B07802,2026-06-26,Room + Service,Net Banking
P08058,B07803,2024-02-19,Room,Credit Card
P08059,B07804,2025-07-04,Room,Net Banking
P08060,B07804,2025-07-03,Service,UPI
P08061,B07805,2026-03-09,Room,Net Banking
P08062,B07805,2026-03-17,Service,UPI
P08063,B07806,2026-05-20,Room,Credit Card
P08064,B07807,2025-08-06,Room + Service,Credit Card
P08065,B07808,2026-01-31,Room,Net Banking
P08066,B07809,2024-08-21,Room + Service,Credit Card
P08067,B07811,2025-01-09,Room,UPI
P08068,B07812,2025-08-18,Service,Credit Card
P08069,B07813,2025-11-10,Room,Net Banking
P08070,B07814,2026-04-27,Room,Net Banking
P08071,B07815,2026-06-13,Room + Service,UPI
P08072,B07816,2026-08-05,Room + Service,Credit Card
P08073,B07818,2026-02-05,Room,Digital Wallet
P08074,B07819,2026-08-11,Room,Credit Card
P08075,B07820,2025-04-06,Room,UPI
P08076,B07821,2025-12-28,Room + Service,UPI
P08077,B07822,2026-03-17,Room,UPI
P08078,B07823,2025-10-25,Room,UPI
P08079,B07824,2024-08-05,Room + Service,UPI
P08080,B07825,2024-10-01,Room + Service,Credit Card
P08081,B07826,2026-04-24,Room + Service,Credit Card
P08082,B07827,2026-03-18,Service,Credit Card
P08083,B07828,2024-10-25,Room,Net Banking
P08084,B07829,2025-03-19,Room + Service,Credit Card
P08085,B07830,2025-07-26,Room + Service,Credit Card
P08086,B07831,2025-12-24,Room,Debit Card
P08087,B07831,2025-12-21,Service,UPI
P08088,B07832,2026-02-23,Service,UPI
P08089,B07833,2025-09-29,Room + Service,UPI
P08090,B07835,2026-08-05,Room,Credit Card
P08091,B07836,2025-01-05,Room + Service,Cash
P08092,B07837,2025-12-24,Room,UPI
P08093,B07838,2026-06-30,Room,Credit Card
P08094,B07839,2025-06-29,Room + Service,Credit Card
P08095,B07840,2026-04-01,Room,Credit Card
P08096,B07841,2026-05-20,Room + Service,UPI
P08097,B07842,2024-09-19,Room + Service,UPI
P08098,B07843,2026-01-20,Service,Net Banking
P08099,B07844,2026-04-22,Room,UPI
P08100,B07844,2026-04-18,Service,UPI
P08101,B07845,2026-05-14,Room,UPI
P08102,B07845,2026-05-14,Service,UPI
P08103,B07846,2026-08-06,Room + Service,Credit Card
P08104,B07847,2024-11-19,Room,Credit Card
P08105,B07848,2024-12-21,Service,Net Banking
P08106,B07849,2025-10-29,Room + Service,Credit Card
P08107,B07850,2024-05-06,Room,Credit Card
P08108,B07851,2026-04-12,Room + Service,Credit Card
P08109,B07852,2024-06-15,Room + Service,Credit Card
P08110,B07853,2025-12-03,Room + Service,UPI
P08111,B07854,2026-05-09,Room,UPI
P08112,B07856,2025-11-28,Room,UPI
P08113,B07857,2025-06-20,Room,UPI
P08114,B07858,2025-07-01,Room,UPI
P08115,B07859,2026-01-20,Room + Service,UPI
P08116,B07860,2024-12-20,Room,Debit Card
P08117,B07861,2026-06-15,Room + Service,Cash
P08118,B07862,2026-08-28,Room,UPI
P08119,B07863,2026-05-08,Room + Service,Digital Wallet
P08120,B07864,2026-02-28,Room,Net Banking
P08121,B07865,2025-01-02,Room,Debit Card
P08122,B07866,2024-09-30,Room + Service,Net Banking
P08123,B07867,2025-10-15,Room + Service,UPI
P08124,B07868,2024-01-02,Room,Credit Card
P08125,B07870,2026-06-29,Room,Debit Card
P08126,B07871,2026-05-24,Room,Debit Card
P08127,B07871,2026-06-05,Service,UPI
P08128,B07872,2025-09-14,Room + Service,Net Banking
P08129,B07873,2025-06-14,Room,UPI
P08130,B07875,2026-05-01,Room,UPI
P08131,B07875,2026-04-30,Service,UPI
P08132,B07876,2026-05-31,Room + Service,Credit Card
P08133,B07877,2026-07-10,Room,Credit Card
P08134,B07877,2026-07-22,Service,UPI
P08135,B07878,2025-11-02,Room + Service,Net Banking
P08136,B07879,2025-09-20,Room + Service,UPI
P08137,B07880,2024-07-11,Room + Service,Debit Card
P08138,B07881,2024-12-24,Room + Service,Digital Wallet
P08139,B07884,2025-11-08,Room + Service,Net Banking
P08140,B07885,2025-11-13,Room,Credit Card
P08141,B07886,2026-05-16,Room + Service,UPI
P08142,B07887,2026-08-11,Room,Credit Card
P08143,B07887,2026-08-11,Room,Credit Card
P08144,B07888,2025-11-28,Room,Net Banking
P08145,B07889,2024-02-13,Room,Digital Wallet
P08146,B07889,2024-02-20,Service,UPI
P08147,B07890,2024-11-01,Room,UPI
P08148,B07890,2024-10-26,Service,Credit Card
P08149,B07891,2026-07-19,Room + Service,UPI
P08150,B07892,2026-08-09,Room + Service,UPI
P08151,B07893,2025-09-07,Room,UPI
P08152,B07893,2025-09-13,Room,Credit Card
P08153,B07894,2026-01-17,Service,Net Banking
P08154,B07895,2026-02-28,Room,UPI
P08155,B07895,2026-03-22,Service,Net Banking
P08156,B07896,2024-10-23,Room + Service,Net Banking
P08157,B07897,2025-10-29,Room,Net Banking
P08158,B07898,2025-10-10,Service,Credit Card
P08159,B07899,2025-07-14,Service,Credit Card
P08160,B07900,2025-11-07,Room + Service,Credit Card
P08161,B07901,2024-12-19,Room + Service,UPI
P08162,B07902,2026-07-31,Room,Debit Card
P08163,B07903,2026-03-27,Room + Service,Debit Card
P08164,B07904,2024-08-14,Room,UPI
P08165,B07904,2024-08-08,Service,Credit Card
P08166,B07905,2024-11-06,Room + Service,Net Banking
P08167,B07906,2024-11-10,Room,UPI
P08168,B07907,2024-01-23,Room,UPI
P08169,B07907,2024-01-23,Service,UPI
P08170,B07908,2026-02-24,Room + Service,UPI
P08171,B07909,2024-02-19,Service,Net Banking
P08172,B07910,2026-01-15,Room,Credit Card
P08173,B07910,2026-01-17,Service,UPI
P08174,B07911,2024-07-02,Service,Digital Wallet
P08175,B07912,2025-12-05,Room,Cash
P08176,B07913,2026-06-07,Room + Service,UPI
P08177,B07914,2025-06-02,Room + Service,UPI
P08178,B07915,2025-09-29,Service,Credit Card
P08179,B07916,2025-12-20,Service,Debit Card
P08180,B07917,2026-03-03,Room + Service,UPI
P08181,B07918,2026-05-02,Room + Service,Credit Card
P08182,B07919,2024-05-23,Room,Digital Wallet
P08183,B07919,2024-05-30,Service,UPI
P08184,B07920,2025-09-15,Service,Net Banking
P08185,B07921,2026-05-16,Room + Service,Debit Card
P08186,B07923,2025-12-26,Room,Debit Card
P08187,B07924,2026-03-13,Room,UPI
P08188,B07925,2026-06-08,Room + Service,Credit Card
P08189,B07926,2026-08-16,Room + Service,Digital Wallet
P08190,B07927,2024-12-05,Room + Service,Credit Card
P08191,B07928,2026-05-09,Room,Net Banking
P08192,B07928,2026-05-28,Service,Net Banking
P08193,B07929,2026-03-04,Room,Credit Card
P08194,B07930,2026-05-02,Room,UPI
P08195,B07930,2026-05-01,Room,UPI
P08196,B07932,2024-12-13,Room + Service,UPI
P08197,B07933,2025-09-13,Room,UPI
P08198,B07933,2025-09-13,Service,Digital Wallet
P08199,B07934,2026-05-01,Room + Service,Digital Wallet
P08200,B07935,2026-07-24,Room + Service,Credit Card
P08201,B07936,2024-02-26,Room + Service,Cash
P08202,B07937,2024-10-30,Room,UPI
P08203,B07937,2024-11-01,Service,UPI
P08204,B07938,2025-08-26,Room,Credit Card
P08205,B07939,2026-01-06,Room,Debit Card
P08206,B07939,2026-01-08,Service,UPI
P08207,B07940,2026-05-10,Room + Service,Credit Card
P08208,B07941,2025-02-24,Room + Service,Credit Card
P08209,B07943,2025-04-03,Service,Net Banking
P08210,B07944,2026-03-25,Room,UPI
P08211,B07945,2026-07-23,Room + Service,Credit Card
P08212,B07946,2026-01-02,Service,Cash
P08213,B07947,2026-02-07,Room,Cash
P08214,B07948,2025-10-21,Room,Credit Card
P08215,B07949,2026-04-03,Room + Service,UPI
P08216,B07950,2026-08-15,Room + Service,Net Banking
P08217,B07951,2025-01-03,Service,Debit Card
P08218,B07952,2025-09-01,Service,UPI
P08219,B07953,2026-03-21,Room + Service,UPI
P08220,B07954,2025-09-21,Room,Credit Card
P08221,B07955,2025-12-27,Room + Service,Cash
P08222,B07956,2025-04-18,Room,Digital Wallet
P08223,B07956,2025-04-28,Service,Credit Card
P08224,B07957,2025-12-30,Room + Service,Credit Card
P08225,B07958,2026-02-01,Room + Service,Digital Wallet
P08226,B07959,2026-07-11,Room + Service,UPI
P08227,B07960,2026-02-06,Room,Credit Card
P08228,B07960,2026-02-12,Room,UPI
P08229,B07961,2025-12-09,Room + Service,Cash
P08230,B07962,2026-02-25,Room + Service,Credit Card
P08231,B07963,2026-06-15,Room,UPI
P08232,B07963,2026-06-13,Service,UPI
P08233,B07964,2025-11-30,Room + Service,Cash
P08234,B07965,2026-05-04,Room,UPI
P08235,B07965,2026-05-02,Service,Credit Card
P08236,B07966,2026-05-31,Room + Service,Credit Card
P08237,B07967,2026-08-30,Room,Debit Card
P08238,B07968,2025-07-01,Room,Net Banking
P08239,B07968,2025-07-08,Service,Debit Card
P08240,B07970,2026-04-25,Room,UPI
P08241,B07970,2026-04-16,Room,Digital Wallet
P08242,B07971,2026-07-03,Room,UPI
P08243,B07973,2026-01-31,Room,Net Banking
P08244,B07974,2025-08-28,Room,Debit Card
P08245,B07975,2025-03-21,Room + Service,UPI
P08246,B07976,2026-02-18,Service,Cash
P08247,B07977,2026-04-11,Room + Service,Credit Card
P08248,B07978,2024-01-26,Room,Credit Card
P08249,B07979,2024-09-01,Room,Digital Wallet
P08250,B07980,2025-05-04,Service,Credit Card
P08251,B07981,2025-10-13,Room,Debit Card
P08252,B07982,2025-11-28,Room + Service,UPI
P08253,B07983,2026-08-18,Room + Service,Digital Wallet
P08254,B07984,2024-04-09,Room,UPI
P08255,B07985,2025-09-18,Room,Credit Card
P08256,B07986,2025-07-01,Room + Service,Cash
P08257,B07987,2025-05-23,Room,Credit Card
P08258,B07987,2025-05-30,Room,Debit Card
P08259,B07988,2026-03-17,Room,Credit Card
P08260,B07988,2026-03-24,Service,Digital Wallet
P08261,B07989,2025-02-20,Service,Debit Card
P08262,B07990,2025-09-06,Room + Service,Net Banking
P08263,B07991,2026-05-12,Room + Service,Credit Card
P08264,B07992,2025-02-20,Room,UPI
P08265,B07993,2026-06-01,Room,UPI
P08266,B07994,2026-08-08,Room + Service,UPI
P08267,B07995,2024-02-14,Room,Credit Card
P08268,B07996,2024-05-18,Room,UPI
P08269,B07997,2024-11-17,Room + Service,Net Banking
P08270,B07998,2025-06-23,Room + Service,Net Banking
P08271,B07999,2024-01-29,Room + Service,Credit Card
P08272,B08000,2026-01-17,Room,UPI
P08273,B08001,2024-09-04,Room + Service,Credit Card
P08274,B08002,2025-10-17,Room,Credit Card
P08275,B08003,2026-03-23,Room,Digital Wallet
P08276,B08004,2024-01-29,Room + Service,Credit Card
P08277,B08005,2024-01-20,Room,Credit Card
P08278,B08007,2025-03-16,Room + Service,Credit Card
P08279,B08008,2025-11-05,Room + Service,Credit Card
P08280,B08009,2024-03-02,Service,Net Banking
P08281,B08010,2025-04-24,Room + Service,Digital Wallet
P08282,B08011,2026-03-31,Room,Credit Card
P08283,B08011,2026-03-10,Service,Credit Card
P08284,B08012,2026-06-29,Room,UPI
P08285,B08013,2025-09-29,Room,Debit Card
P08286,B08013,2025-10-04,Service,Net Banking
P08287,B08014,2026-06-20,Room,Credit Card
P08288,B08015,2026-08-08,Room,Credit Card
P08289,B08016,2024-08-31,Room,Credit Card
P08290,B08017,2024-07-13,Service,UPI
P08291,B08019,2026-02-25,Room,Debit Card
P08292,B08020,2024-06-18,Service,UPI
P08293,B08021,2025-01-26,Service,UPI
P08294,B08022,2025-10-05,Room + Service,Digital Wallet
P08295,B08023,2025-12-31,Room,Debit Card
P08296,B08025,2025-03-06,Room + Service,UPI
P08297,B08026,2025-04-05,Room + Service,Debit Card
P08298,B08027,2025-10-07,Service,UPI
P08299,B08028,2024-02-20,Room + Service,UPI
P08300,B08029,2025-07-10,Room + Service,UPI
P08301,B08030,2025-12-05,Room + Service,Credit Card
P08302,B08031,2024-10-12,Service,Credit Card
P08303,B08032,2024-01-31,Room + Service,Net Banking
P08304,B08033,2025-05-31,Room + Service,Credit Card
P08305,B08034,2025-10-24,Room + Service,Credit Card
P08306,B08035,2026-04-11,Room + Service,UPI
P08307,B08036,2026-06-17,Room,Credit Card
P08308,B08037,2025-11-02,Room,Debit Card
P08309,B08037,2025-11-07,Room,UPI
P08310,B08038,2026-07-27,Room,UPI
P08311,B08039,2024-08-21,Room + Service,Net Banking
P08312,B08040,2025-01-06,Room + Service,Credit Card
P08313,B08041,2025-05-16,Room,Credit Card
P08314,B08042,2025-09-28,Service,Net Banking
P08315,B08043,2025-06-18,Room,UPI
P08316,B08045,2026-05-29,Room,Credit Card
P08317,B08046,2026-07-31,Room,Credit Card
P08318,B08047,2024-10-20,Room + Service,Debit Card
P08319,B08048,2024-09-29,Room + Service,Debit Card
P08320,B08049,2026-05-18,Room,UPI
P08321,B08049,2026-06-06,Service,Credit Card
P08322,B08050,2026-07-26,Service,Net Banking
P08323,B08051,2026-01-28,Service,UPI
P08324,B08052,2025-11-16,Room + Service,UPI
P08325,B08053,2026-04-18,Room + Service,UPI
P08326,B08055,2026-06-20,Room,Credit Card
P08327,B08055,2026-06-18,Room,UPI
P08328,B08056,2024-04-20,Room + Service,UPI
P08329,B08057,2026-01-11,Room,Digital Wallet
P08330,B08057,2026-01-05,Service,UPI
P08331,B08058,2026-08-10,Room,UPI
P08332,B08058,2026-08-10,Service,Credit Card
P08333,B08059,2025-03-26,Room + Service,Net Banking
P08334,B08060,2026-03-03,Room,Digital Wallet
P08335,B08061,2026-07-18,Room + Service,Cash
P08336,B08062,2024-05-08,Room + Service,Debit Card
P08337,B08063,2026-01-10,Room,UPI
P08338,B08064,2026-08-26,Room + Service,Credit Card
P08339,B08065,2024-04-13,Room + Service,Digital Wallet
P08340,B08066,2025-07-18,Room,Credit Card
P08341,B08067,2025-11-12,Room + Service,Credit Card
P08342,B08068,2026-02-22,Room,UPI
P08343,B08069,2025-12-03,Room + Service,Credit Card
P08344,B08070,2026-03-24,Room,UPI
P08345,B08070,2026-03-24,Service,UPI
P08346,B08072,2026-08-06,Room,UPI
P08347,B08072,2026-08-06,Room,Credit Card
P08348,B08073,2026-08-26,Room + Service,UPI
P08349,B08074,2024-01-29,Room + Service,UPI
P08350,B08075,2024-05-29,Service,Credit Card
P08351,B08077,2026-08-09,Room + Service,UPI
P08352,B08078,2025-05-18,Room,Net Banking
P08353,B08078,2025-05-06,Service,Credit Card
P08354,B08079,2026-02-12,Room,UPI
P08355,B08080,2025-05-27,Room,Credit Card
P08356,B08081,2025-07-09,Room + Service,Credit Card
P08357,B08085,2026-08-04,Room,Net Banking
P08358,B08086,2026-04-05,Room,Credit Card
P08359,B08087,2026-08-05,Room,Credit Card
P08360,B08087,2026-08-03,Service,Net Banking
P08361,B08089,2024-03-03,Room + Service,Debit Card
P08362,B08090,2025-04-13,Room,UPI
P08363,B08090,2025-04-28,Service,UPI
P08364,B08091,2026-05-02,Room + Service,Credit Card
P08365,B08092,2026-07-29,Room,UPI
P08366,B08092,2026-08-07,Service,Credit Card
P08367,B08093,2024-12-24,Room + Service,Net Banking
P08368,B08094,2024-01-25,Room,UPI
P08369,B08095,2025-07-02,Room + Service,Debit Card
P08370,B08097,2026-07-13,Room,Credit Card
P08371,B08097,2026-06-29,Service,UPI
P08372,B08098,2025-12-13,Room + Service,UPI
P08373,B08099,2026-03-24,Service,Credit Card
P08374,B08100,2025-04-09,Room + Service,Net Banking
P08375,B08101,2026-06-11,Room + Service,Cash
P08376,B08102,2025-12-21,Service,UPI
P08377,B08103,2026-01-26,Room,Debit Card
P08378,B08103,2026-01-29,Service,Net Banking
P08379,B08104,2024-07-06,Room + Service,UPI
P08380,B08105,2026-01-17,Room + Service,Debit Card
P08381,B08106,2026-08-10,Room + Service,UPI
P08382,B08108,2024-10-21,Room + Service,Credit Card
P08383,B08109,2026-06-04,Room,UPI
P08384,B08110,2025-09-10,Room,Credit Card
P08385,B08111,2025-11-16,Room + Service,Debit Card
P08386,B08112,2025-12-20,Room + Service,UPI
P08387,B08114,2026-01-31,Room,UPI
P08388,B08116,2025-06-16,Room,UPI
P08389,B08116,2025-07-05,Service,UPI
P08390,B08117,2025-11-18,Room,Debit Card
P08391,B08117,2025-11-11,Service,Net Banking
P08392,B08119,2026-04-27,Room,UPI
P08393,B08120,2026-04-18,Room + Service,Credit Card
P08394,B08121,2026-04-05,Room,UPI
P08395,B08121,2026-04-25,Service,Credit Card
P08396,B08122,2026-06-25,Service,Debit Card
P08397,B08124,2026-08-02,Room,Digital Wallet
P08398,B08125,2026-08-04,Service,Debit Card
P08399,B08126,2026-04-15,Room,UPI
P08400,B08126,2026-04-18,Service,UPI
P08401,B08127,2026-06-03,Room,UPI
P08402,B08127,2026-06-05,Service,UPI
P08403,B08128,2025-05-13,Room,Debit Card
P08404,B08128,2025-05-13,Service,Credit Card
P08405,B08130,2026-06-13,Room,UPI
P08406,B08131,2026-08-01,Room + Service,UPI
P08407,B08132,2025-08-16,Room,UPI
P08408,B08133,2024-06-03,Room + Service,UPI
P08409,B08134,2025-01-11,Room,Debit Card
P08410,B08136,2026-01-19,Room,Net Banking
P08411,B08136,2026-02-08,Service,Credit Card
P08412,B08137,2026-07-10,Room,Debit Card
P08413,B08137,2026-07-08,Room,Credit Card
P08414,B08138,2025-05-20,Room + Service,Credit Card
P08415,B08139,2026-04-18,Room,Debit Card
P08416,B08140,2026-07-12,Room + Service,UPI
P08417,B08141,2026-08-11,Room + Service,UPI
P08418,B08142,2024-03-30,Room,UPI
P08419,B08144,2026-08-22,Room,Debit Card
P08420,B08144,2026-08-12,Service,Debit Card
P08421,B08146,2025-12-01,Room,UPI
P08422,B08147,2024-12-03,Room + Service,Debit Card
P08423,B08148,2025-03-27,Room,UPI
P08424,B08148,2025-03-29,Service,Digital Wallet
P08425,B08149,2025-12-03,Room + Service,Cash
P08426,B08150,2026-07-20,Room + Service,Debit Card
P08427,B08151,2025-07-08,Room,Debit Card
P08428,B08151,2025-07-20,Service,Credit Card
P08429,B08152,2025-10-26,Room + Service,UPI
P08430,B08153,2025-03-03,Room + Service,Digital Wallet
P08431,B08154,2025-12-28,Service,Debit Card
P08432,B08155,2026-02-10,Room,UPI
P08433,B08156,2026-05-31,Room,Debit Card
P08434,B08157,2026-08-15,Room + Service,UPI
P08435,B08158,2025-01-26,Room,UPI
P08436,B08159,2026-06-14,Room + Service,Net Banking
P08437,B08160,2024-03-25,Room,UPI
P08438,B08160,2024-03-10,Service,UPI
P08439,B08163,2026-07-20,Room + Service,Credit Card
P08440,B08164,2025-05-14,Service,Debit Card
P08441,B08165,2024-07-24,Room,UPI
P08442,B08166,2024-10-17,Room + Service,UPI
P08443,B08167,2025-06-03,Room + Service,Credit Card
P08444,B08168,2025-10-20,Room,Debit Card
P08445,B08168,2025-10-19,Service,Credit Card
P08446,B08169,2025-09-29,Room + Service,Net Banking
P08447,B08170,2026-07-01,Room + Service,Net Banking
P08448,B08171,2026-08-28,Room,Cash
P08449,B08171,2026-08-27,Service,Cash
P08450,B08172,2025-11-20,Room + Service,Credit Card
P08451,B08173,2025-05-12,Room,UPI
P08452,B08174,2025-12-16,Room + Service,Credit Card
P08453,B08175,2025-09-05,Room,UPI
P08454,B08176,2026-01-13,Room + Service,Digital Wallet
P08455,B08177,2024-02-19,Room + Service,Net Banking
P08456,B08178,2024-09-19,Room,UPI
P08457,B08179,2025-07-19,Room,Net Banking
P08458,B08180,2026-03-16,Room,Net Banking
P08459,B08180,2026-03-16,Service,UPI
P08460,B08181,2026-06-19,Room,UPI
P08461,B08181,2026-06-24,Service,Net Banking
P08462,B08182,2026-08-12,Room,UPI
P08463,B08183,2026-07-28,Room + Service,Net Banking
P08464,B08184,2025-04-06,Room,UPI
P08465,B08184,2025-04-11,Service,Debit Card
P08466,B08187,2025-03-29,Room + Service,Debit Card
P08467,B08188,2026-01-05,Room + Service,Net Banking
P08468,B08189,2026-08-01,Room + Service,Credit Card
P08469,B08190,2024-03-26,Room,UPI
P08470,B08190,2024-04-16,Service,Net Banking
P08471,B08191,2025-09-19,Room,UPI
P08472,B08192,2024-06-01,Room,Digital Wallet
P08473,B08193,2025-07-20,Room + Service,Debit Card
P08474,B08194,2025-11-12,Room,UPI
P08475,B08195,2025-05-09,Room,Debit Card
P08476,B08196,2024-04-09,Room + Service,UPI
P08477,B08198,2026-05-28,Room,Debit Card
P08478,B08198,2026-05-18,Service,Net Banking
P08479,B08199,2024-02-02,Room,UPI
P08480,B08199,2024-01-31,Service,UPI
P08481,B08200,2024-05-12,Room + Service,Credit Card
P08482,B08201,2025-12-08,Room + Service,Digital Wallet
P08483,B08202,2026-05-01,Room + Service,Credit Card
P08484,B08204,2026-01-03,Room,UPI
P08485,B08205,2026-03-15,Room + Service,UPI
P08486,B08206,2024-12-28,Room + Service,Credit Card
P08487,B08208,2026-02-25,Room + Service,Credit Card
P08488,B08209,2026-08-11,Service,UPI
P08489,B08210,2025-09-30,Room + Service,UPI
P08490,B08211,2024-09-05,Room + Service,Credit Card
P08491,B08212,2025-11-18,Room,Debit Card
P08492,B08212,2025-10-25,Room,UPI
P08493,B08213,2024-12-15,Room,Net Banking
P08494,B08214,2024-06-25,Room + Service,Net Banking
P08495,B08215,2026-08-06,Room,Credit Card
P08496,B08216,2024-02-27,Room,UPI
P08497,B08216,2024-02-14,Room,UPI
P08498,B08217,2025-02-13,Room,UPI
P08499,B08218,2025-11-11,Service,Debit Card
P08500,B08219,2025-07-23,Room + Service,Credit Card
P08501,B08220,2025-08-31,Room,UPI
P08502,B08220,2025-08-09,Service,Credit Card
P08503,B08221,2026-02-23,Room,Debit Card
P08504,B08222,2025-09-02,Room,Debit Card
P08505,B08223,2026-01-05,Room + Service,UPI
P08506,B08226,2026-03-08,Room,Net Banking
P08507,B08227,2026-08-29,Room,UPI
P08508,B08228,2025-05-10,Room,Net Banking
P08509,B08229,2025-07-14,Service,Credit Card
P08510,B08230,2025-09-07,Room + Service,UPI
P08511,B08233,2025-08-30,Room,Credit Card
P08512,B08234,2024-02-05,Service,Cash
P08513,B08235,2024-11-21,Room,Credit Card
P08514,B08236,2025-02-23,Room,Credit Card
P08515,B08237,2025-11-12,Room,Credit Card
P08516,B08237,2025-11-02,Service,UPI
P08517,B08240,2026-03-29,Room,UPI
P08518,B08241,2026-06-05,Service,UPI
P08519,B08242,2025-07-19,Room,Credit Card
P08520,B08243,2025-08-10,Room,UPI
P08521,B08244,2026-03-12,Room,Debit Card
P08522,B08245,2025-01-24,Room,Net Banking
P08523,B08245,2025-01-25,Room,Digital Wallet
P08524,B08246,2026-03-29,Room,Net Banking
P08525,B08247,2026-06-21,Room,Debit Card
P08526,B08247,2026-06-20,Service,Cash
P08527,B08248,2024-10-04,Room,UPI
P08528,B08249,2026-03-15,Room,Credit Card
P08529,B08250,2024-10-15,Room + Service,Cash
P08530,B08251,2024-07-22,Room + Service,Credit Card
P08531,B08252,2025-08-27,Room + Service,Debit Card
P08532,B08255,2025-11-27,Room + Service,Credit Card
P08533,B08256,2024-02-01,Room,Cash
P08534,B08256,2024-01-10,Service,UPI
P08535,B08257,2025-09-26,Room + Service,UPI
P08536,B08258,2025-04-12,Room + Service,Credit Card
P08537,B08260,2026-01-26,Room + Service,UPI
P08538,B08261,2026-05-07,Service,UPI
P08539,B08262,2026-08-18,Room,Cash
P08540,B08263,2024-11-19,Room,UPI
P08541,B08263,2024-12-04,Service,UPI
P08542,B08264,2026-01-27,Room + Service,Credit Card
P08543,B08265,2026-06-02,Room,Credit Card
P08544,B08266,2026-07-21,Room,Credit Card
P08545,B08267,2024-03-10,Service,UPI
P08546,B08268,2025-02-19,Room + Service,Credit Card
P08547,B08269,2024-10-15,Room + Service,UPI
P08548,B08270,2026-05-04,Room,Net Banking
P08549,B08270,2026-05-11,Service,Debit Card
P08550,B08271,2024-03-29,Room,UPI
P08551,B08272,2025-12-07,Room + Service,UPI
P08552,B08273,2024-08-22,Room,Credit Card
P08553,B08274,2026-08-17,Room + Service,Credit Card
P08554,B08275,2024-12-25,Room,UPI
P08555,B08275,2024-12-20,Service,Credit Card
P08556,B08276,2026-02-25,Room + Service,UPI
P08557,B08277,2026-05-15,Room + Service,Cash
P08558,B08278,2025-12-11,Room,Debit Card
P08559,B08278,2025-12-13,Service,Digital Wallet
P08560,B08280,2024-10-13,Room,UPI
P08561,B08280,2024-09-26,Service,Net Banking
P08562,B08282,2025-05-23,Service,Debit Card
P08563,B08283,2026-03-15,Room,UPI
P08564,B08283,2026-03-22,Service,UPI
P08565,B08284,2026-07-10,Room,Credit Card
P08566,B08285,2025-01-24,Room + Service,UPI
P08567,B08286,2025-08-20,Room + Service,UPI
P08568,B08287,2025-12-16,Room + Service,Debit Card
P08569,B08288,2025-09-23,Service,Credit Card
P08570,B08289,2026-04-07,Room,Credit Card
P08571,B08290,2026-07-12,Service,Cash
P08572,B08291,2026-08-24,Room,Net Banking
P08573,B08291,2026-08-24,Room,UPI
P08574,B08292,2024-07-05,Room,Digital Wallet
P08575,B08292,2024-07-12,Service,UPI
P08576,B08293,2026-08-13,Room + Service,UPI
P08577,B08294,2025-11-28,Room + Service,Net Banking
P08578,B08295,2025-11-26,Room,Credit Card
P08579,B08295,2025-12-01,Room,Debit Card
P08580,B08296,2026-02-19,Room,UPI
P08581,B08297,2026-04-17,Room + Service,Credit Card
P08582,B08298,2025-06-13,Room + Service,Credit Card
P08583,B08299,2025-08-12,Service,Credit Card
P08584,B08300,2025-11-09,Room + Service,UPI
P08585,B08301,2026-08-04,Room,UPI
P08586,B08301,2026-08-15,Room,UPI
P08587,B08302,2025-12-28,Room + Service,Net Banking
P08588,B08303,2026-05-26,Room,Debit Card
P08589,B08304,2024-11-22,Room + Service,Credit Card
P08590,B08305,2025-09-10,Room + Service,Credit Card
P08591,B08306,2025-11-01,Room + Service,UPI
P08592,B08307,2026-07-11,Room,UPI
P08593,B08308,2024-02-08,Room + Service,Net Banking
P08594,B08309,2024-12-26,Room + Service,Credit Card
P08595,B08310,2026-01-26,Service,Net Banking
P08596,B08311,2026-08-07,Room,Credit Card
P08597,B08312,2025-02-22,Room + Service,Cash
P08598,B08314,2026-05-10,Room,Credit Card
P08599,B08315,2024-04-05,Service,Net Banking
P08600,B08316,2026-01-15,Room,UPI
P08601,B08318,2024-08-08,Service,Credit Card
P08602,B08320,2025-03-17,Room + Service,UPI
P08603,B08321,2025-10-05,Room + Service,Net Banking
P08604,B08322,2026-04-28,Room + Service,UPI
P08605,B08323,2026-08-07,Room,UPI
P08606,B08323,2026-07-18,Service,UPI
P08607,B08324,2026-03-26,Room + Service,Debit Card
P08608,B08325,2024-12-23,Room + Service,Credit Card
P08609,B08326,2026-04-10,Room,Credit Card
P08610,B08326,2026-04-06,Service,UPI
P08611,B08327,2024-03-22,Room + Service,UPI
P08612,B08328,2024-03-02,Room + Service,Debit Card
P08613,B08329,2025-06-16,Room + Service,Cash
P08614,B08330,2026-08-07,Room,Credit Card
P08615,B08331,2025-12-16,Room,UPI
P08616,B08332,2025-06-18,Room + Service,Debit Card
P08617,B08333,2025-12-21,Room,UPI
P08618,B08334,2024-04-03,Room + Service,UPI
P08619,B08335,2025-07-07,Room + Service,Net Banking
P08620,B08336,2026-03-16,Room,UPI
P08621,B08338,2026-08-04,Room + Service,Debit Card
P08622,B08339,2025-10-03,Room,Credit Card
P08623,B08340,2026-06-13,Room + Service,Credit Card
P08624,B08341,2026-07-27,Room,Net Banking
P08625,B08341,2026-07-30,Service,UPI
P08626,B08342,2025-09-11,Room + Service,Net Banking
P08627,B08343,2025-02-20,Service,Debit Card
P08628,B08344,2025-10-13,Room,Digital Wallet
P08629,B08345,2026-03-08,Room,Net Banking
P08630,B08345,2026-03-07,Room,UPI
P08631,B08346,2025-10-25,Room + Service,UPI
P08632,B08347,2024-02-04,Room + Service,Debit Card
P08633,B08349,2026-08-15,Room + Service,Net Banking
P08634,B08350,2025-12-20,Room + Service,UPI
P08635,B08351,2026-04-15,Room + Service,UPI
P08636,B08352,2026-06-25,Room,Credit Card
P08637,B08352,2026-06-21,Room,UPI
P08638,B08353,2024-08-07,Room + Service,UPI
P08639,B08354,2024-09-26,Room,Credit Card
P08640,B08355,2024-02-05,Service,Net Banking
P08641,B08356,2025-09-15,Room + Service,Credit Card
P08642,B08357,2026-02-11,Room,Digital Wallet
P08643,B08358,2025-02-15,Room,Credit Card
P08644,B08358,2025-03-04,Service,UPI
P08645,B08360,2026-04-29,Room,Debit Card
P08646,B08361,2026-07-02,Room + Service,Credit Card
P08647,B08362,2026-07-05,Room + Service,Debit Card
P08648,B08363,2024-03-24,Room,Debit Card
P08649,B08364,2026-02-21,Room + Service,Debit Card
P08650,B08366,2026-08-17,Room + Service,Credit Card
P08651,B08367,2026-04-08,Room,Credit Card
P08652,B08368,2026-05-12,Room + Service,Credit Card
P08653,B08369,2026-08-07,Room,UPI
P08654,B08370,2025-02-05,Service,UPI
P08655,B08371,2025-01-08,Room + Service,Digital Wallet
P08656,B08372,2024-01-19,Room + Service,Credit Card
P08657,B08373,2025-02-27,Room + Service,UPI
P08658,B08374,2025-04-25,Room + Service,Credit Card
P08659,B08375,2026-04-10,Room,UPI
P08660,B08376,2026-06-01,Room,UPI
P08661,B08377,2024-09-15,Room,UPI
P08662,B08378,2025-10-31,Room + Service,UPI
P08663,B08379,2025-10-01,Room,UPI
P08664,B08380,2024-01-09,Service,UPI
P08665,B08381,2024-10-13,Room + Service,Debit Card
P08666,B08382,2024-10-30,Room + Service,Net Banking
P08667,B08384,2026-08-30,Room + Service,UPI
P08668,B08385,2025-08-14,Room,UPI
P08669,B08386,2026-07-31,Service,Credit Card
P08670,B08387,2024-11-08,Room + Service,Credit Card
P08671,B08388,2025-05-10,Room + Service,Net Banking
P08672,B08389,2025-04-04,Service,Debit Card
P08673,B08390,2025-10-19,Service,Credit Card
P08674,B08391,2024-12-21,Room,UPI
P08675,B08392,2024-11-21,Room,UPI
P08676,B08393,2026-02-09,Service,UPI
P08677,B08394,2026-07-24,Service,Net Banking
P08678,B08395,2026-05-28,Room + Service,UPI
P08679,B08396,2026-07-02,Room + Service,Debit Card
P08680,B08397,2025-04-03,Room + Service,Credit Card
P08681,B08398,2026-06-20,Service,UPI
P08682,B08399,2026-06-23,Room + Service,Debit Card
P08683,B08401,2025-03-10,Room,Cash
P08684,B08401,2025-03-12,Room,Credit Card
P08685,B08402,2025-01-11,Room + Service,Net Banking
P08686,B08403,2025-06-28,Room + Service,Credit Card
P08687,B08404,2024-09-11,Room,UPI
P08688,B08404,2024-09-08,Service,UPI
P08689,B08405,2025-12-16,Room + Service,Net Banking
P08690,B08406,2026-01-27,Service,Credit Card
P08691,B08407,2026-03-01,Service,Credit Card
P08692,B08408,2026-05-31,Room + Service,Debit Card
P08693,B08409,2026-08-22,Room,Credit Card
P08694,B08409,2026-08-24,Service,Credit Card
P08695,B08410,2025-05-06,Room,Debit Card
P08696,B08411,2026-07-26,Room,Credit Card
P08697,B08412,2025-01-09,Room,UPI
P08698,B08412,2025-02-11,Service,UPI
P08699,B08413,2024-11-15,Room,UPI
P08700,B08414,2025-01-06,Room,Net Banking
P08701,B08414,2025-01-06,Service,UPI
P08702,B08415,2026-08-29,Room + Service,Net Banking
P08703,B08416,2024-12-03,Room,Credit Card
P08704,B08417,2025-10-19,Room + Service,Credit Card
P08705,B08418,2026-03-13,Room,Digital Wallet
P08706,B08419,2024-09-11,Service,UPI
P08707,B08420,2026-06-29,Room + Service,Net Banking
P08708,B08421,2025-03-01,Room + Service,Cash
P08709,B08422,2025-04-22,Room,UPI
P08710,B08423,2026-02-16,Room,Net Banking
P08711,B08424,2026-08-01,Room + Service,Cash
P08712,B08425,2025-01-26,Room + Service,Credit Card
P08713,B08427,2026-08-03,Room,UPI
P08714,B08428,2025-10-14,Room,Net Banking
P08715,B08428,2025-10-11,Service,Net Banking
P08716,B08430,2026-01-25,Room,Cash
P08717,B08430,2026-01-25,Service,UPI
P08718,B08431,2026-04-03,Service,Net Banking
P08719,B08432,2026-04-29,Room,UPI
P08720,B08433,2024-11-17,Room + Service,Credit Card
P08721,B08434,2025-02-26,Room,Net Banking
P08722,B08435,2025-03-23,Room + Service,Net Banking
P08723,B08436,2025-05-19,Room,Credit Card
P08724,B08437,2025-03-26,Room,Debit Card
P08725,B08437,2025-03-12,Service,Net Banking
P08726,B08438,2026-01-03,Room,UPI
P08727,B08440,2026-07-21,Room,Credit Card
P08728,B08440,2026-07-10,Service,Net Banking
P08729,B08441,2024-07-07,Room,UPI
P08730,B08443,2025-03-18,Room + Service,Credit Card
P08731,B08444,2025-10-31,Room,Credit Card
P08732,B08444,2025-10-17,Service,Digital Wallet
P08733,B08446,2024-03-21,Service,UPI
P08734,B08447,2025-12-03,Room,Debit Card
P08735,B08448,2025-07-03,Room,Net Banking
P08736,B08448,2025-06-24,Service,UPI
P08737,B08449,2026-03-31,Room + Service,UPI
P08738,B08450,2024-11-02,Room + Service,Net Banking
P08739,B08451,2024-07-24,Room,Credit Card
P08740,B08452,2025-05-06,Room + Service,Digital Wallet
P08741,B08453,2025-12-28,Service,Net Banking
P08742,B08454,2024-03-21,Room,UPI
P08743,B08454,2024-03-21,Service,Debit Card
P08744,B08455,2026-08-14,Room + Service,Credit Card
P08745,B08456,2025-05-24,Room,Digital Wallet
P08746,B08457,2025-10-27,Room + Service,Cash
P08747,B08459,2024-07-24,Room + Service,Credit Card
P08748,B08460,2025-10-09,Room,UPI
P08749,B08461,2026-03-26,Room + Service,Cash
P08750,B08462,2026-05-12,Room,Debit Card
P08751,B08462,2026-05-06,Service,Credit Card
P08752,B08463,2024-11-24,Room + Service,Net Banking
P08753,B08464,2025-04-23,Room + Service,UPI
P08754,B08465,2025-03-12,Room + Service,Credit Card
P08755,B08466,2025-11-02,Room + Service,UPI
P08756,B08467,2024-04-26,Room,Credit Card
P08757,B08468,2024-06-12,Room + Service,UPI
P08758,B08469,2025-07-22,Room + Service,Debit Card
P08759,B08470,2026-03-14,Room + Service,UPI
P08760,B08472,2024-01-13,Room,Credit Card
P08761,B08473,2024-10-06,Room + Service,UPI
P08762,B08474,2024-09-14,Room + Service,Credit Card
P08763,B08475,2025-09-04,Room,Credit Card
P08764,B08475,2025-09-15,Service,UPI
P08765,B08477,2026-07-07,Room + Service,Debit Card
P08766,B08478,2024-01-25,Room,Digital Wallet
P08767,B08479,2026-02-16,Room + Service,UPI
P08768,B08480,2025-01-08,Service,Credit Card
P08769,B08482,2025-03-26,Room + Service,Net Banking
P08770,B08483,2024-05-30,Room + Service,Net Banking
P08771,B08484,2024-02-02,Service,Debit Card
P08772,B08485,2026-07-10,Room,UPI
P08773,B08486,2026-08-21,Room + Service,Credit Card
P08774,B08487,2025-09-14,Room + Service,Credit Card
P08775,B08488,2026-01-09,Room + Service,Net Banking
P08776,B08489,2025-03-13,Room,UPI
P08777,B08489,2025-03-05,Service,Debit Card
P08778,B08490,2024-10-14,Room,Credit Card
P08779,B08492,2026-04-26,Room,Cash
P08780,B08492,2026-03-27,Service,Net Banking
P08781,B08493,2024-12-23,Service,UPI
P08782,B08494,2025-12-27,Room + Service,Debit Card
P08783,B08495,2025-11-19,Room,Credit Card
P08784,B08496,2026-07-01,Room + Service,UPI
P08785,B08498,2026-02-11,Room + Service,Net Banking
P08786,B08499,2025-07-31,Room,Net Banking
P08787,B08499,2025-07-22,Service,Net Banking
P08788,B08500,2025-08-23,Room,Credit Card
P08789,B08500,2025-09-13,Service,Cash
P08790,B08501,2025-09-21,Room + Service,Debit Card
P08791,B08502,2024-02-25,Room,Debit Card
P08792,B08503,2025-03-10,Service,Debit Card
P08793,B08504,2025-01-07,Room + Service,Credit Card
P08794,B08505,2026-01-25,Room + Service,Net Banking
P08795,B08506,2025-10-23,Service,Credit Card
P08796,B08507,2026-01-29,Room,Credit Card
P08797,B08508,2026-04-05,Room,UPI
P08798,B08508,2026-04-06,Service,Cash
P08799,B08509,2026-06-10,Room + Service,UPI
P08800,B08511,2025-05-23,Room,Credit Card
P08801,B08512,2026-01-25,Room + Service,Debit Card
P08802,B08513,2026-04-07,Service,Credit Card
P08803,B08514,2026-05-23,Room,Digital Wallet
P08804,B08515,2026-07-13,Room + Service,Credit Card
P08805,B08517,2025-05-31,Room,UPI
P08806,B08517,2025-05-22,Service,Credit Card
P08807,B08518,2025-10-03,Room + Service,Cash
P08808,B08520,2024-06-02,Service,Net Banking
P08809,B08521,2026-08-20,Room,UPI
P08810,B08523,2024-08-05,Room,UPI
P08811,B08523,2024-08-02,Service,UPI
P08812,B08524,2026-08-21,Room,Credit Card
P08813,B08526,2024-01-27,Room + Service,Credit Card
P08814,B08527,2026-05-20,Room + Service,UPI
P08815,B08528,2026-07-11,Room,Credit Card
P08816,B08528,2026-07-10,Room,UPI
P08817,B08529,2024-06-24,Room + Service,UPI
P08818,B08530,2025-10-11,Room + Service,UPI
P08819,B08531,2025-04-09,Room,UPI
P08820,B08531,2025-04-10,Room,Debit Card
P08821,B08532,2026-07-15,Room,UPI
P08822,B08532,2026-07-17,Service,UPI
P08823,B08533,2026-08-20,Service,Cash
P08824,B08534,2026-03-06,Room + Service,Credit Card
P08825,B08535,2026-08-19,Room + Service,Credit Card
P08826,B08536,2026-04-18,Room + Service,Credit Card
P08827,B08537,2024-09-18,Room + Service,Debit Card
P08828,B08538,2024-03-21,Room,Credit Card
P08829,B08539,2026-03-18,Room,UPI
P08830,B08540,2026-05-21,Room,Debit Card
P08831,B08541,2025-01-06,Room,Credit Card
P08832,B08541,2025-01-12,Service,Debit Card
P08833,B08542,2025-06-17,Room + Service,Net Banking
P08834,B08543,2025-08-06,Service,Debit Card
P08835,B08544,2024-02-24,Room,UPI
P08836,B08545,2024-06-20,Room,Debit Card
P08837,B08545,2024-06-22,Service,UPI
P08838,B08546,2024-09-14,Room + Service,Credit Card
P08839,B08547,2024-05-10,Room,Net Banking
P08840,B08547,2024-05-19,Service,UPI
P08841,B08548,2024-06-26,Room + Service,Net Banking
P08842,B08549,2025-09-25,Room,Net Banking
P08843,B08550,2025-12-30,Room + Service,UPI
P08844,B08551,2024-12-11,Room,Credit Card
P08845,B08552,2024-10-21,Room,Credit Card
P08846,B08554,2025-09-02,Room,UPI
P08847,B08555,2026-05-15,Room + Service,UPI
P08848,B08557,2024-12-21,Room,Credit Card
P08849,B08559,2026-05-05,Room + Service,Digital Wallet
P08850,B08560,2024-09-06,Room + Service,UPI
P08851,B08561,2026-01-16,Room,Net Banking
P08852,B08562,2025-04-07,Room + Service,UPI
P08853,B08563,2025-11-10,Room,UPI
P08854,B08563,2025-11-20,Room,Credit Card
P08855,B08564,2025-02-27,Room + Service,Credit Card
P08856,B08565,2025-04-21,Room,UPI
P08857,B08566,2025-10-25,Room,UPI
P08858,B08567,2025-10-25,Service,UPI
P08859,B08568,2026-08-10,Room + Service,UPI
P08860,B08569,2026-08-15,Room + Service,Net Banking
P08861,B08570,2024-07-31,Room,Debit Card
P08862,B08571,2025-09-12,Room,UPI
P08863,B08571,2025-09-13,Service,Credit Card
P08864,B08572,2025-05-09,Room + Service,UPI
P08865,B08574,2026-03-15,Room,Credit Card
P08866,B08575,2026-04-04,Room + Service,UPI
P08867,B08576,2026-06-25,Room,UPI
P08868,B08576,2026-06-22,Service,Digital Wallet
P08869,B08577,2024-06-02,Room,UPI
P08870,B08577,2024-05-28,Room,UPI
P08871,B08578,2025-08-28,Room,Debit Card
P08872,B08578,2025-09-05,Service,Digital Wallet
P08873,B08579,2026-05-11,Room,UPI
P08874,B08579,2026-05-21,Service,Credit Card
P08875,B08580,2026-08-04,Room,Credit Card
P08876,B08581,2026-05-07,Room,Debit Card
P08877,B08581,2026-05-20,Service,Debit Card
P08878,B08582,2026-08-19,Room,Credit Card
P08879,B08583,2025-02-08,Room + Service,Debit Card
P08880,B08584,2026-03-05,Room + Service,UPI
P08881,B08585,2024-11-10,Service,Net Banking
P08882,B08586,2025-01-07,Room + Service,Credit Card
P08883,B08587,2025-11-11,Room + Service,UPI
P08884,B08588,2025-12-15,Room,UPI
P08885,B08588,2025-12-19,Service,Credit Card
P08886,B08589,2026-03-22,Room + Service,Credit Card
P08887,B08590,2025-12-10,Room + Service,Credit Card
P08888,B08591,2024-10-12,Room,UPI
P08889,B08591,2024-10-18,Room,Credit Card
P08890,B08592,2025-10-11,Room,Cash
P08891,B08593,2024-01-10,Service,UPI
P08892,B08594,2024-06-16,Service,UPI
P08893,B08595,2024-11-07,Room + Service,Credit Card
P08894,B08596,2024-11-26,Room,UPI
P08895,B08597,2026-05-15,Room,Debit Card
P08896,B08597,2026-05-14,Service,Credit Card
P08897,B08598,2026-08-28,Room,Net Banking
P08898,B08599,2025-03-09,Room,UPI
P08899,B08599,2025-03-01,Service,Debit Card
P08900,B08600,2026-02-21,Room + Service,Digital Wallet
P08901,B08601,2026-08-25,Room + Service,Debit Card
P08902,B08603,2026-08-16,Room,UPI
P08903,B08603,2026-08-17,Room,UPI
P08904,B08606,2026-07-07,Room,UPI
P08905,B08607,2024-02-05,Room,UPI
P08906,B08608,2025-07-27,Service,Debit Card
P08907,B08609,2025-01-17,Service,Net Banking
P08908,B08610,2025-08-10,Room,Credit Card
P08909,B08611,2024-11-23,Room + Service,UPI
P08910,B08612,2026-01-30,Service,Digital Wallet
P08911,B08613,2026-02-18,Room + Service,Net Banking
P08912,B08614,2026-02-05,Room,UPI
P08913,B08615,2026-08-21,Service,Credit Card
P08914,B08616,2025-07-04,Room,Cash
P08915,B08617,2026-05-13,Room + Service,Credit Card
P08916,B08618,2026-07-21,Room,Credit Card
P08917,B08618,2026-08-03,Room,UPI
P08918,B08619,2025-01-16,Room + Service,Credit Card
P08919,B08620,2026-07-31,Room + Service,Credit Card
P08920,B08621,2025-04-28,Room,UPI
P08921,B08622,2025-04-06,Room + Service,Credit Card
P08922,B08624,2024-03-27,Room + Service,Credit Card
P08923,B08625,2024-11-13,Room,Credit Card
P08924,B08626,2024-01-07,Room + Service,Credit Card
P08925,B08627,2025-10-26,Room + Service,UPI
P08926,B08629,2026-04-12,Room + Service,UPI
P08927,B08630,2024-10-23,Room,UPI
P08928,B08631,2025-04-21,Room + Service,Cash
P08929,B08632,2024-11-07,Room + Service,UPI
P08930,B08633,2025-08-05,Service,Credit Card
P08931,B08634,2025-04-23,Room + Service,UPI
P08932,B08635,2026-03-09,Room,Cash
P08933,B08636,2024-12-20,Room + Service,Digital Wallet
P08934,B08637,2024-08-14,Service,UPI
P08935,B08638,2026-06-29,Room,Net Banking
P08936,B08638,2026-07-04,Room,UPI
P08937,B08640,2026-04-14,Room + Service,Credit Card
P08938,B08641,2026-07-27,Service,UPI
P08939,B08642,2026-01-31,Room,UPI
P08940,B08643,2024-06-11,Room,UPI
P08941,B08644,2025-11-12,Room + Service,Cash
P08942,B08645,2026-02-03,Room + Service,UPI
P08943,B08646,2024-05-11,Room + Service,Debit Card
P08944,B08647,2024-06-07,Room,Net Banking
P08945,B08647,2024-06-05,Service,Net Banking
P08946,B08649,2025-01-09,Room + Service,UPI
P08947,B08650,2026-01-07,Room,Credit Card
P08948,B08651,2026-04-30,Room + Service,Credit Card
P08949,B08653,2026-08-27,Room,Cash
P08950,B08653,2026-08-28,Service,UPI
P08951,B08654,2024-10-05,Room + Service,Net Banking
P08952,B08655,2025-07-14,Room + Service,Debit Card
P08953,B08656,2024-04-09,Service,Credit Card
P08954,B08659,2026-07-11,Room,Net Banking
P08955,B08659,2026-07-08,Service,Debit Card
P08956,B08660,2024-06-17,Room,Net Banking
P08957,B08661,2026-05-05,Room + Service,Credit Card
P08958,B08663,2026-06-20,Room + Service,Digital Wallet
P08959,B08664,2024-07-20,Room,Credit Card
P08960,B08664,2024-07-08,Service,Net Banking
P08961,B08665,2024-12-05,Room + Service,Net Banking
P08962,B08667,2025-11-07,Room + Service,Credit Card
P08963,B08668,2026-08-19,Room + Service,UPI
P08964,B08669,2024-07-15,Room + Service,Debit Card
P08965,B08670,2026-08-16,Room + Service,UPI
P08966,B08671,2025-05-22,Room,Credit Card
P08967,B08672,2026-01-02,Room + Service,UPI
P08968,B08673,2026-02-26,Room,UPI
P08969,B08674,2026-04-07,Room + Service,Debit Card
P08970,B08675,2026-08-14,Room,UPI
P08971,B08676,2025-06-09,Service,Debit Card
P08972,B08677,2026-01-29,Room,UPI
P08973,B08679,2026-08-18,Room,Debit Card
P08974,B08679,2026-08-18,Service,Debit Card
P08975,B08680,2026-02-18,Room,Debit Card
P08976,B08681,2026-07-12,Room,Net Banking
P08977,B08681,2026-07-11,Room,UPI
P08978,B08682,2024-08-07,Room,Credit Card
P08979,B08683,2025-11-15,Room + Service,Net Banking
P08980,B08684,2026-04-08,Service,Debit Card
P08981,B08685,2026-05-03,Room + Service,UPI
P08982,B08686,2026-08-22,Room + Service,UPI
P08983,B08687,2024-09-25,Room + Service,Cash
P08984,B08688,2024-02-05,Service,UPI
P08985,B08689,2026-07-07,Service,Cash
P08986,B08690,2024-04-03,Room + Service,UPI
P08987,B08691,2024-08-18,Service,UPI
P08988,B08693,2025-06-28,Room,Net Banking
P08989,B08693,2025-07-01,Room,Credit Card
P08990,B08694,2025-09-30,Room + Service,Debit Card
P08991,B08695,2025-11-09,Room,UPI
P08992,B08696,2026-05-14,Room,Credit Card
P08993,B08697,2025-05-16,Room + Service,UPI
P08994,B08699,2025-08-11,Room,Net Banking
P08995,B08699,2025-08-03,Room,Credit Card
P08996,B08700,2024-02-29,Room + Service,Credit Card
P08997,B08702,2025-01-22,Room,Credit Card
P08998,B08702,2025-01-21,Service,UPI
P08999,B08703,2025-09-02,Room + Service,Debit Card
P09000,B08704,2025-01-29,Room,UPI
P09001,B08705,2025-09-24,Room,UPI
P09002,B08706,2026-04-11,Room,Net Banking
P09003,B08707,2026-07-13,Room + Service,Credit Card
P09004,B08708,2024-02-13,Room,Net Banking
P09005,B08709,2026-05-02,Room,Digital Wallet
P09006,B08710,2025-05-24,Room,Net Banking
P09007,B08711,2024-02-09,Service,UPI
P09008,B08712,2025-11-13,Room + Service,Net Banking
P09009,B08713,2025-03-02,Room,Debit Card
P09010,B08714,2025-11-08,Room,Credit Card
P09011,B08714,2025-11-02,Service,UPI
P09012,B08715,2026-03-02,Room,Credit Card
P09013,B08715,2026-03-05,Service,Net Banking
P09014,B08716,2024-10-26,Room,Credit Card
P09015,B08716,2024-10-06,Room,Credit Card
P09016,B08717,2026-08-06,Room,Credit Card
P09017,B08718,2024-05-21,Service,Net Banking
P09018,B08719,2026-07-20,Room + Service,Credit Card
P09019,B08720,2025-08-17,Room + Service,Debit Card
P09020,B08721,2026-07-05,Room + Service,Credit Card
P09021,B08722,2026-08-11,Room + Service,Credit Card
P09022,B08723,2024-12-13,Room + Service,UPI
P09023,B08724,2025-08-04,Service,Credit Card
P09024,B08725,2025-04-13,Room + Service,Credit Card
P09025,B08726,2026-05-17,Room,Cash
P09026,B08726,2026-05-16,Room,UPI
P09027,B08727,2026-04-03,Room,UPI
P09028,B08728,2025-10-19,Room,Debit Card
P09029,B08729,2024-05-23,Room,Credit Card
P09030,B08730,2025-08-20,Room,Net Banking
P09031,B08731,2026-02-21,Room,Cash
P09032,B08731,2026-02-25,Room,Net Banking
P09033,B08732,2025-08-13,Room + Service,Credit Card
P09034,B08733,2025-10-12,Room,Net Banking
P09035,B08733,2025-10-01,Room,Credit Card
P09036,B08734,2025-03-10,Room,Credit Card
P09037,B08734,2025-03-12,Service,Digital Wallet
P09038,B08735,2026-02-27,Room,Net Banking
P09039,B08736,2026-06-23,Room,UPI
P09040,B08737,2024-10-29,Room,Credit Card
P09041,B08737,2024-11-04,Room,Digital Wallet
P09042,B08738,2026-04-12,Room + Service,Credit Card
P09043,B08739,2026-08-10,Room + Service,Credit Card
P09044,B08740,2024-08-09,Room,Credit Card
P09045,B08740,2024-08-11,Room,Credit Card
P09046,B08741,2025-01-22,Room,Credit Card
P09047,B08742,2026-05-05,Room,UPI
P09048,B08742,2026-05-19,Service,UPI
P09049,B08743,2026-06-23,Room + Service,Debit Card
P09050,B08744,2026-05-14,Room + Service,Credit Card
P09051,B08745,2024-06-25,Room + Service,UPI
P09052,B08746,2025-11-25,Room,Net Banking
P09053,B08747,2026-03-21,Room,Net Banking
P09054,B08748,2025-03-24,Room + Service,Net Banking
P09055,B08751,2026-08-23,Room,UPI
P09056,B08752,2024-06-13,Room,Net Banking
P09057,B08752,2024-06-18,Service,Net Banking
P09058,B08753,2024-12-31,Service,UPI
P09059,B08754,2026-08-09,Room,UPI
P09060,B08755,2026-02-19,Room + Service,UPI
P09061,B08757,2026-03-25,Room + Service,Credit Card
P09062,B08759,2024-07-04,Room,UPI
P09063,B08760,2024-01-05,Room + Service,Credit Card
P09064,B08761,2024-07-25,Room + Service,Net Banking
P09065,B08762,2024-08-18,Service,UPI
P09066,B08763,2025-10-26,Room,Credit Card
P09067,B08763,2025-10-10,Service,Cash
P09068,B08764,2026-07-04,Room,UPI
P09069,B08764,2026-07-17,Service,Credit Card
P09070,B08765,2025-06-14,Room + Service,UPI
P09071,B08767,2026-07-10,Service,Credit Card
P09072,B08768,2024-01-14,Room,UPI
P09073,B08769,2026-03-26,Room + Service,Credit Card
P09074,B08770,2025-04-08,Room,Digital Wallet
P09075,B08771,2025-04-30,Room + Service,Credit Card
P09076,B08772,2025-07-20,Room + Service,Credit Card
P09077,B08773,2025-12-19,Service,Cash
P09078,B08774,2024-09-03,Room,Debit Card
P09079,B08774,2024-09-17,Service,UPI
P09080,B08775,2026-02-17,Room + Service,UPI
P09081,B08778,2025-07-03,Room,Digital Wallet
P09082,B08778,2025-07-05,Room,UPI
P09083,B08779,2026-05-02,Service,Debit Card
P09084,B08780,2026-08-08,Room,Net Banking
P09085,B08781,2026-02-26,Room,Credit Card
P09086,B08781,2026-02-18,Service,UPI
P09087,B08782,2025-02-05,Room + Service,Cash
P09088,B08783,2026-08-05,Room + Service,Credit Card
P09089,B08784,2025-11-30,Service,UPI
P09090,B08785,2026-03-10,Room,Digital Wallet
P09091,B08785,2026-03-08,Service,Net Banking
P09092,B08786,2026-08-05,Room + Service,Credit Card
P09093,B08787,2024-02-15,Room,Cash
P09094,B08788,2024-12-06,Room,UPI
P09095,B08789,2025-01-27,Room + Service,UPI
P09096,B08791,2024-08-10,Service,Credit Card
P09097,B08792,2025-07-01,Room + Service,Credit Card
P09098,B08794,2026-08-22,Room + Service,Debit Card
P09099,B08795,2025-08-29,Service,UPI
P09100,B08796,2025-10-19,Room + Service,Credit Card
P09101,B08797,2024-12-16,Room + Service,Digital Wallet
P09102,B08798,2025-03-31,Room + Service,Credit Card
P09103,B08799,2025-12-16,Room,Credit Card
P09104,B08800,2026-02-07,Service,Debit Card
P09105,B08801,2026-04-15,Room,Cash
P09106,B08802,2026-03-25,Room + Service,Net Banking
P09107,B08803,2026-05-21,Room + Service,UPI
P09108,B08804,2026-04-15,Room,Cash
P09109,B08804,2026-04-23,Service,UPI
P09110,B08805,2026-08-22,Room,Net Banking
P09111,B08806,2024-04-12,Room + Service,Digital Wallet
P09112,B08807,2025-07-01,Service,Credit Card
P09113,B08809,2026-04-10,Room,Debit Card
P09114,B08809,2026-04-10,Room,UPI
P09115,B08811,2026-08-29,Room,Cash
P09116,B08812,2026-02-06,Service,UPI
P09117,B08813,2026-05-27,Room + Service,Debit Card
P09118,B08814,2025-09-08,Service,Credit Card
P09119,B08815,2026-02-06,Room + Service,Debit Card
P09120,B08816,2026-04-24,Room,Net Banking
P09121,B08817,2024-07-02,Room + Service,UPI
P09122,B08818,2024-02-24,Room + Service,Debit Card
P09123,B08820,2025-09-11,Service,Debit Card
P09124,B08821,2026-04-26,Room,UPI
P09125,B08823,2026-02-13,Room + Service,Net Banking
P09126,B08824,2025-10-27,Service,Net Banking
P09127,B08825,2026-05-28,Room,Credit Card
P09128,B08826,2026-07-15,Room + Service,UPI
P09129,B08827,2026-08-31,Room,UPI
P09130,B08827,2026-08-26,Service,Cash
P09131,B08829,2026-07-21,Room,Net Banking
P09132,B08830,2025-02-22,Room + Service,Credit Card
P09133,B08832,2024-02-01,Room,Credit Card
P09134,B08833,2025-07-20,Room,Debit Card
P09135,B08834,2024-12-20,Room,Digital Wallet
P09136,B08834,2024-12-23,Room,Credit Card
P09137,B08835,2026-02-12,Room + Service,Net Banking
P09138,B08836,2026-07-30,Service,Net Banking
P09139,B08837,2024-05-19,Room,Credit Card
P09140,B08838,2026-05-02,Room + Service,Debit Card
P09141,B08839,2026-07-30,Room + Service,Credit Card
P09142,B08840,2025-10-09,Room + Service,UPI
P09143,B08841,2024-03-01,Room,UPI
P09144,B08842,2025-01-03,Room,Debit Card
P09145,B08844,2026-06-07,Service,UPI
P09146,B08845,2026-08-09,Room,Credit Card
P09147,B08846,2026-04-15,Room,UPI
P09148,B08847,2026-06-07,Room + Service,UPI
P09149,B08848,2025-11-16,Room,UPI
P09150,B08849,2026-07-25,Room,UPI
P09151,B08850,2026-03-11,Service,Cash
P09152,B08852,2025-09-17,Room,UPI
P09153,B08852,2025-10-05,Service,Credit Card
P09154,B08853,2024-09-14,Room + Service,Credit Card
P09155,B08855,2026-06-14,Room,Credit Card
P09156,B08856,2024-06-02,Service,Debit Card
P09157,B08857,2025-04-22,Room + Service,UPI
P09158,B08858,2024-03-03,Room,Net Banking
P09159,B08858,2024-03-20,Service,Credit Card
P09160,B08859,2024-08-15,Room,Credit Card
P09161,B08860,2026-08-01,Room + Service,UPI
P09162,B08861,2024-04-03,Room + Service,Net Banking
P09163,B08862,2025-11-03,Room + Service,UPI
P09164,B08863,2026-02-11,Room,Net Banking
P09165,B08864,2025-07-13,Service,UPI
P09166,B08865,2024-07-10,Room,UPI
P09167,B08866,2024-08-26,Room,Net Banking
P09168,B08866,2024-07-18,Service,Credit Card
P09169,B08868,2026-01-19,Room + Service,Cash
P09170,B08869,2026-03-20,Room,UPI
P09171,B08869,2026-03-19,Room,Net Banking
P09172,B08870,2026-05-25,Room + Service,Net Banking
P09173,B08871,2026-08-24,Room,Credit Card
P09174,B08872,2025-08-19,Service,Net Banking
P09175,B08873,2026-02-28,Room,UPI
P09176,B08874,2026-07-28,Room,Credit Card
P09177,B08874,2026-07-18,Service,Credit Card
P09178,B08875,2025-01-14,Room + Service,Debit Card
P09179,B08876,2025-11-28,Room,UPI
P09180,B08877,2025-11-22,Room,Debit Card
P09181,B08879,2026-08-21,Room + Service,Credit Card
P09182,B08880,2024-10-10,Room + Service,Credit Card
P09183,B08881,2026-01-12,Room,UPI
P09184,B08882,2025-05-23,Room + Service,Debit Card
P09185,B08883,2026-02-02,Room,Cash
P09186,B08883,2026-02-01,Service,Credit Card
P09187,B08884,2026-05-04,Room,Credit Card
P09188,B08885,2026-06-14,Room + Service,Credit Card
P09189,B08886,2026-02-12,Room + Service,Credit Card
P09190,B08887,2024-04-22,Room + Service,Credit Card
P09191,B08888,2025-03-09,Room,Credit Card
P09192,B08889,2026-01-29,Room + Service,Credit Card
P09193,B08891,2026-02-12,Room,Debit Card
P09194,B08892,2024-02-24,Room,Credit Card
P09195,B08893,2024-12-10,Room,Cash
P09196,B08894,2024-09-21,Room,Net Banking
P09197,B08895,2025-02-05,Room + Service,UPI
P09198,B08896,2026-03-18,Service,Credit Card
P09199,B08897,2026-06-14,Room,Cash
P09200,B08898,2026-07-31,Room + Service,Net Banking
P09201,B08899,2026-07-31,Room,UPI
P09202,B08899,2026-07-22,Service,Credit Card
P09203,B08900,2024-03-08,Room,UPI
P09204,B08900,2024-02-26,Service,Net Banking
P09205,B08901,2025-01-05,Room + Service,Net Banking
P09206,B08902,2025-02-17,Service,Credit Card
P09207,B08904,2026-08-20,Room,Credit Card
P09208,B08904,2026-08-18,Room,Debit Card
P09209,B08905,2026-02-11,Room,Debit Card
P09210,B08905,2026-02-15,Service,Digital Wallet
P09211,B08907,2026-01-25,Room,Net Banking
P09212,B08908,2026-05-10,Room + Service,Credit Card
P09213,B08909,2026-07-04,Room + Service,Credit Card
P09214,B08910,2025-03-19,Room + Service,Credit Card
P09215,B08911,2024-12-20,Room,UPI
P09216,B08911,2024-12-16,Service,Debit Card
P09217,B08912,2026-04-16,Room,Debit Card
P09218,B08913,2025-04-12,Room,Credit Card
P09219,B08913,2025-04-09,Service,Credit Card
P09220,B08914,2026-04-23,Room + Service,UPI
P09221,B08915,2025-01-18,Service,Digital Wallet
P09222,B08917,2024-04-04,Room,Digital Wallet
P09223,B08918,2026-05-08,Room,Net Banking
P09224,B08919,2025-10-31,Room + Service,UPI
P09225,B08921,2026-01-08,Room + Service,Credit Card
P09226,B08922,2026-05-28,Room + Service,Credit Card
P09227,B08923,2026-03-06,Room + Service,Cash
P09228,B08924,2024-06-15,Room + Service,Credit Card
P09229,B08926,2024-10-03,Service,UPI
P09230,B08927,2025-07-28,Room + Service,UPI
P09231,B08928,2025-12-04,Room + Service,UPI
P09232,B08929,2026-01-17,Room + Service,UPI
P09233,B08930,2026-02-05,Room,Credit Card
P09234,B08931,2026-04-08,Room,Debit Card
P09235,B08932,2025-08-18,Service,Credit Card
P09236,B08933,2025-10-06,Room,Credit Card
P09237,B08934,2026-07-22,Service,UPI
P09238,B08935,2025-04-13,Room,UPI
P09239,B08935,2025-04-09,Service,Debit Card
P09240,B08936,2025-11-12,Room + Service,Net Banking
P09241,B08937,2025-08-18,Room,UPI
P09242,B08939,2025-06-04,Room + Service,UPI
P09243,B08940,2024-02-27,Room,Net Banking
P09244,B08941,2025-08-12,Service,Digital Wallet
P09245,B08942,2025-12-06,Room + Service,Digital Wallet
P09246,B08943,2026-01-08,Room,UPI
P09247,B08944,2026-07-09,Room,Net Banking
P09248,B08945,2024-03-18,Room + Service,Digital Wallet
P09249,B08946,2026-06-20,Room,UPI
P09250,B08948,2025-11-16,Service,Net Banking
P09251,B08949,2026-01-06,Room + Service,Credit Card
P09252,B08951,2025-04-22,Room,Net Banking
P09253,B08953,2025-01-11,Service,UPI
P09254,B08955,2025-02-17,Room,Credit Card
P09255,B08956,2025-05-17,Service,UPI
P09256,B08957,2025-10-12,Service,Credit Card
P09257,B08958,2026-07-03,Room + Service,Credit Card
P09258,B08959,2024-05-12,Service,Credit Card
P09259,B08960,2024-08-17,Room,Cash
P09260,B08961,2025-11-27,Room,Credit Card
P09261,B08962,2026-06-16,Room + Service,Net Banking
P09262,B08963,2024-11-10,Room,Net Banking
P09263,B08964,2025-04-13,Service,UPI
P09264,B08965,2024-02-06,Room,Credit Card
P09265,B08966,2024-12-09,Room + Service,Net Banking
P09266,B08967,2026-03-09,Room,UPI
P09267,B08968,2024-01-21,Room,UPI
P09268,B08969,2025-08-03,Room + Service,Credit Card
P09269,B08970,2026-02-16,Room + Service,Net Banking
P09270,B08971,2025-01-15,Room,Debit Card
P09271,B08972,2025-07-02,Room,Credit Card
P09272,B08972,2025-07-10,Service,Debit Card
P09273,B08973,2025-12-10,Service,UPI
P09274,B08974,2026-01-02,Room + Service,Debit Card
P09275,B08975,2026-01-20,Room + Service,Debit Card
P09276,B08976,2025-07-21,Room,UPI
P09277,B08976,2025-07-22,Service,UPI
P09278,B08977,2025-09-13,Room,Debit Card
P09279,B08978,2026-01-24,Room,Credit Card
P09280,B08978,2026-02-07,Room,Credit Card
P09281,B08979,2024-11-07,Room + Service,Credit Card
P09282,B08980,2026-01-26,Service,UPI
P09283,B08983,2025-08-02,Room,UPI
P09284,B08984,2025-11-13,Room + Service,UPI
P09285,B08985,2026-05-15,Room + Service,Credit Card
P09286,B08986,2025-11-18,Room,Credit Card
P09287,B08987,2024-04-04,Room,Credit Card
P09288,B08987,2024-03-27,Room,UPI
P09289,B08988,2025-11-04,Service,UPI
P09290,B08989,2026-05-02,Room + Service,UPI
P09291,B08990,2024-04-21,Room + Service,Net Banking
P09292,B08991,2024-12-15,Room,Credit Card
P09293,B08992,2026-07-28,Room + Service,Cash
P09294,B08993,2024-11-06,Room,Net Banking
P09295,B08993,2024-11-02,Room,UPI
P09296,B08997,2025-04-01,Room + Service,UPI
P09297,B08998,2025-12-15,Room + Service,Net Banking
P09298,B08999,2024-08-02,Room + Service,Debit Card
P09299,B09000,2026-04-18,Room + Service,Credit Card
P09300,B09001,2026-08-04,Room,Credit Card
P09301,B09003,2024-10-14,Room + Service,Debit Card
P09302,B09004,2024-05-20,Room,Net Banking
P09303,B09004,2024-05-20,Service,UPI
P09304,B09005,2026-05-27,Room,Net Banking
P09305,B09005,2026-05-27,Service,Credit Card
P09306,B09006,2026-08-10,Room + Service,Net Banking
P09307,B09007,2026-08-11,Room + Service,Credit Card
P09308,B09008,2024-01-20,Room,Net Banking
P09309,B09008,2024-01-27,Service,UPI
P09310,B09011,2025-07-19,Room,Credit Card
P09311,B09012,2025-10-06,Room,Net Banking
P09312,B09013,2026-05-19,Room + Service,Debit Card
P09313,B09014,2025-04-17,Room,UPI
P09314,B09015,2025-12-15,Room + Service,UPI
P09315,B09016,2026-03-19,Room,Debit Card
P09316,B09016,2026-03-16,Service,Credit Card
P09317,B09017,2026-05-18,Room,Credit Card
P09318,B09018,2026-01-17,Room + Service,UPI
P09319,B09019,2026-04-02,Room,UPI
P09320,B09020,2026-07-25,Room + Service,Debit Card
P09321,B09022,2026-01-28,Service,Credit Card
P09322,B09023,2026-03-20,Room,Debit Card
P09323,B09023,2026-03-22,Room,Credit Card
P09324,B09024,2026-07-15,Room,UPI
P09325,B09024,2026-07-18,Service,Debit Card
P09326,B09026,2026-03-06,Service,Credit Card
P09327,B09027,2025-01-12,Room + Service,Credit Card
P09328,B09028,2025-10-19,Room + Service,Credit Card
P09329,B09029,2026-07-07,Room,UPI
P09330,B09031,2026-07-30,Room,Debit Card
P09331,B09031,2026-07-30,Room,Credit Card
P09332,B09032,2024-12-02,Service,Debit Card
P09333,B09033,2025-06-10,Service,Net Banking
P09334,B09034,2026-08-08,Room,Credit Card
P09335,B09034,2026-08-06,Room,Debit Card
P09336,B09035,2025-02-17,Room + Service,UPI
P09337,B09036,2025-10-18,Room,UPI
P09338,B09036,2025-10-24,Service,Credit Card
P09339,B09037,2026-01-23,Room,Credit Card
P09340,B09039,2025-11-09,Room,Credit Card
P09341,B09039,2025-11-11,Service,Credit Card
P09342,B09040,2026-02-25,Room + Service,UPI
P09343,B09041,2026-03-23,Service,Net Banking
P09344,B09042,2026-07-08,Room + Service,UPI
P09345,B09043,2026-01-01,Room,Credit Card
P09346,B09044,2026-02-11,Room + Service,Credit Card
P09347,B09045,2024-10-13,Service,Credit Card
P09348,B09046,2026-02-05,Room,Debit Card
P09349,B09047,2026-06-11,Room,UPI
P09350,B09048,2026-07-23,Service,UPI
P09351,B09049,2025-02-26,Room,Debit Card
P09352,B09050,2026-03-10,Room,Credit Card
P09353,B09051,2026-06-24,Room + Service,UPI
P09354,B09053,2025-06-05,Room + Service,UPI
P09355,B09054,2025-07-20,Room + Service,Debit Card
P09356,B09055,2026-02-22,Room,Credit Card
P09357,B09056,2026-06-14,Room,UPI
P09358,B09056,2026-06-21,Service,Net Banking
P09359,B09057,2024-03-04,Room + Service,Credit Card
P09360,B09058,2024-05-23,Room + Service,UPI
P09361,B09059,2026-05-23,Service,UPI
P09362,B09060,2026-08-08,Room + Service,Debit Card
P09363,B09061,2024-12-16,Room,Digital Wallet
P09364,B09062,2025-10-03,Room,Net Banking
P09365,B09062,2025-10-02,Room,Net Banking
P09366,B09063,2025-12-09,Room,Credit Card
P09367,B09064,2026-02-08,Room,Digital Wallet
P09368,B09065,2026-05-04,Room + Service,Debit Card
P09369,B09066,2025-11-20,Room + Service,Digital Wallet
P09370,B09067,2026-01-12,Service,Credit Card
P09371,B09068,2026-01-18,Service,UPI
P09372,B09069,2024-12-19,Room + Service,UPI
P09373,B09070,2024-10-05,Room + Service,Net Banking
P09374,B09071,2025-05-05,Service,Credit Card
P09375,B09072,2025-05-21,Service,UPI
P09376,B09074,2025-10-03,Room,Debit Card
P09377,B09074,2025-09-27,Service,Credit Card
P09378,B09076,2024-10-27,Room + Service,UPI
P09379,B09077,2025-02-07,Room + Service,Net Banking
P09380,B09078,2024-12-02,Room,UPI
P09381,B09078,2024-11-27,Service,Debit Card
P09382,B09079,2026-02-03,Service,UPI
P09383,B09080,2026-04-21,Service,Net Banking
P09384,B09081,2025-06-26,Service,Credit Card
P09385,B09082,2026-04-20,Room + Service,Credit Card
P09386,B09085,2025-04-08,Room + Service,UPI
P09387,B09086,2026-01-19,Room,Net Banking
P09388,B09087,2026-05-10,Room + Service,Net Banking
P09389,B09088,2025-05-25,Room,UPI
P09390,B09088,2025-05-18,Service,UPI
P09391,B09089,2025-10-05,Room,Credit Card
P09392,B09089,2025-09-25,Room,Net Banking
P09393,B09090,2026-02-12,Service,UPI
P09394,B09091,2025-10-02,Room + Service,Cash
P09395,B09092,2026-04-25,Room,Credit Card
P09396,B09093,2024-12-08,Room + Service,Credit Card
P09397,B09094,2026-01-06,Room,Net Banking
P09398,B09094,2026-01-19,Room,UPI
P09399,B09095,2026-07-05,Room + Service,Net Banking
P09400,B09096,2024-04-15,Room,Credit Card
P09401,B09097,2025-10-21,Room + Service,Net Banking
P09402,B09099,2026-07-25,Room + Service,UPI
P09403,B09100,2025-01-29,Room + Service,UPI
P09404,B09101,2024-08-13,Room,Credit Card
P09405,B09101,2024-08-15,Room,Credit Card
P09406,B09103,2025-10-22,Room,Credit Card
P09407,B09104,2024-08-26,Service,UPI
P09408,B09105,2024-10-28,Room + Service,UPI
P09409,B09106,2025-07-14,Room + Service,Digital Wallet
P09410,B09107,2025-04-19,Service,Debit Card
P09411,B09108,2026-07-13,Room,Net Banking
P09412,B09109,2024-05-24,Room + Service,Credit Card
P09413,B09110,2024-02-21,Service,Credit Card
P09414,B09111,2025-04-02,Room + Service,UPI
P09415,B09112,2025-12-12,Room,Net Banking
P09416,B09112,2025-12-11,Service,Debit Card
P09417,B09113,2026-01-27,Room + Service,UPI
P09418,B09114,2026-03-17,Room + Service,Credit Card
P09419,B09115,2026-04-23,Room + Service,Credit Card
P09420,B09116,2026-08-03,Room + Service,Credit Card
P09421,B09117,2024-04-26,Service,Credit Card
P09422,B09118,2026-02-02,Room,Net Banking
P09423,B09119,2026-03-01,Room,Debit Card
P09424,B09120,2025-10-13,Room + Service,Cash
P09425,B09122,2024-10-04,Room + Service,Net Banking
P09426,B09123,2025-06-05,Room + Service,UPI
P09427,B09124,2025-08-26,Room,Credit Card
P09428,B09125,2026-07-13,Service,Debit Card
P09429,B09126,2026-04-05,Room + Service,UPI
P09430,B09127,2025-08-09,Room + Service,Credit Card
P09431,B09128,2025-04-02,Room,Credit Card
P09432,B09128,2025-04-07,Service,Credit Card
P09433,B09129,2024-10-30,Room,UPI
P09434,B09129,2024-11-11,Service,Credit Card
P09435,B09130,2025-09-26,Room,Credit Card
P09436,B09130,2025-10-09,Service,Credit Card
P09437,B09131,2025-01-07,Room,UPI
P09438,B09131,2025-01-23,Room,Net Banking
P09439,B09132,2025-07-14,Service,Credit Card
P09440,B09133,2025-12-04,Room,UPI
P09441,B09134,2026-08-30,Room + Service,Debit Card
P09442,B09135,2025-10-26,Room + Service,Net Banking
P09443,B09136,2024-12-23,Room,Digital Wallet
P09444,B09137,2024-01-26,Room,UPI
P09445,B09138,2025-02-10,Room + Service,UPI
P09446,B09139,2024-07-01,Service,Net Banking
P09447,B09140,2026-04-15,Service,Digital Wallet
P09448,B09141,2026-06-05,Room + Service,Cash
P09449,B09142,2026-07-08,Room,Credit Card
P09450,B09142,2026-07-11,Service,Credit Card
P09451,B09144,2024-09-24,Room,Net Banking
P09452,B09145,2026-05-01,Service,Cash
P09453,B09146,2026-08-25,Room + Service,UPI
P09454,B09147,2024-01-06,Service,Digital Wallet
P09455,B09148,2024-11-13,Room + Service,UPI
P09456,B09149,2025-07-03,Room + Service,UPI
P09457,B09151,2026-07-19,Room + Service,Credit Card
P09458,B09152,2025-10-23,Room + Service,Debit Card
P09459,B09153,2026-05-20,Room,Credit Card
P09460,B09154,2024-11-22,Room + Service,UPI
P09461,B09155,2025-11-18,Room + Service,Net Banking
P09462,B09156,2024-08-11,Room + Service,Credit Card
P09463,B09157,2025-10-19,Room,Credit Card
P09464,B09159,2026-04-10,Service,Credit Card
P09465,B09160,2024-02-05,Room + Service,Net Banking
P09466,B09161,2025-05-23,Room + Service,Credit Card
P09467,B09162,2024-04-04,Room + Service,UPI
P09468,B09163,2025-08-14,Room,UPI
P09469,B09164,2026-02-19,Room + Service,Debit Card
P09470,B09165,2026-03-29,Room + Service,Cash
P09471,B09166,2025-01-04,Room,Credit Card
P09472,B09167,2025-10-01,Room,Debit Card
P09473,B09167,2025-09-29,Room,UPI
P09474,B09168,2025-10-27,Room + Service,Net Banking
P09475,B09169,2024-09-19,Service,Credit Card
P09476,B09170,2026-01-03,Room + Service,Credit Card
P09477,B09171,2025-06-23,Room,UPI
P09478,B09172,2026-06-11,Room,UPI
P09479,B09172,2026-06-17,Service,UPI
P09480,B09173,2026-07-03,Service,Debit Card
P09481,B09174,2026-07-30,Room + Service,UPI
P09482,B09175,2026-06-28,Room + Service,Net Banking
P09483,B09176,2026-08-08,Room + Service,Credit Card
P09484,B09177,2025-03-25,Room,Net Banking
P09485,B09178,2025-11-21,Room,Net Banking
P09486,B09179,2025-08-25,Room,Digital Wallet
P09487,B09179,2025-08-30,Service,Digital Wallet
P09488,B09180,2026-08-20,Room + Service,UPI
P09489,B09181,2025-04-27,Room + Service,Credit Card
P09490,B09182,2025-04-24,Room,Credit Card
P09491,B09183,2026-06-01,Room + Service,Credit Card
P09492,B09184,2026-08-18,Room,UPI
P09493,B09184,2026-08-25,Room,UPI
P09494,B09185,2026-01-16,Room,UPI
P09495,B09185,2026-01-09,Service,UPI
P09496,B09186,2026-03-02,Room,Debit Card
P09497,B09186,2026-03-05,Service,Net Banking
P09498,B09187,2025-12-09,Service,Digital Wallet
P09499,B09188,2026-05-24,Room + Service,UPI
P09500,B09189,2025-11-09,Room + Service,Net Banking
P09501,B09190,2025-06-21,Room + Service,UPI
P09502,B09191,2026-02-17,Room,Cash
P09503,B09191,2026-02-08,Room,Debit Card
P09504,B09192,2024-12-12,Room + Service,Cash
P09505,B09193,2026-05-11,Room + Service,Net Banking
P09506,B09194,2026-07-06,Room,UPI
P09507,B09195,2024-03-01,Room,UPI
P09508,B09195,2024-03-07,Room,Digital Wallet
P09509,B09196,2025-08-20,Room + Service,Net Banking
P09510,B09197,2026-02-23,Service,Credit Card
P09511,B09198,2026-04-23,Service,Credit Card
P09512,B09199,2024-09-08,Room,Net Banking
P09513,B09200,2024-12-01,Room,Debit Card
P09514,B09201,2024-04-12,Service,UPI
P09515,B09202,2024-08-10,Room + Service,Credit Card
P09516,B09203,2024-08-18,Room,Net Banking
P09517,B09204,2026-05-03,Room,UPI
P09518,B09205,2026-06-09,Room,Digital Wallet
P09519,B09206,2026-07-28,Room,Credit Card
P09520,B09208,2026-04-03,Room,Credit Card
P09521,B09208,2026-03-23,Room,Credit Card
P09522,B09209,2026-08-08,Room,UPI
P09523,B09210,2025-09-10,Room + Service,UPI
P09524,B09211,2025-11-29,Room,UPI
P09525,B09211,2025-11-28,Service,Digital Wallet
P09526,B09212,2026-02-16,Service,Credit Card
P09527,B09213,2026-04-01,Room + Service,UPI
P09528,B09214,2026-08-20,Service,Net Banking
P09529,B09215,2024-09-04,Room,UPI
P09530,B09217,2024-02-02,Room + Service,Credit Card
P09531,B09218,2026-05-08,Room,UPI
P09532,B09219,2026-07-25,Room + Service,UPI
P09533,B09220,2024-08-14,Room + Service,Cash
P09534,B09221,2026-07-11,Room + Service,UPI
P09535,B09222,2026-08-28,Room,UPI
P09536,B09222,2026-08-28,Room,Net Banking
P09537,B09223,2025-03-12,Room + Service,Credit Card
P09538,B09224,2026-01-16,Room + Service,Credit Card
P09539,B09225,2026-03-17,Room,UPI
P09540,B09225,2026-03-15,Room,Credit Card
P09541,B09226,2024-10-02,Room + Service,UPI
P09542,B09227,2026-05-22,Room,Credit Card
P09543,B09227,2026-05-24,Service,Cash
P09544,B09228,2024-05-02,Room + Service,UPI
P09545,B09229,2026-06-29,Room,UPI
P09546,B09230,2026-06-16,Room + Service,Credit Card
P09547,B09231,2026-08-01,Room + Service,UPI
P09548,B09232,2024-06-01,Room,UPI
P09549,B09233,2025-07-05,Room,UPI
P09550,B09234,2025-10-07,Room + Service,UPI
P09551,B09235,2024-04-27,Room + Service,Credit Card
P09552,B09236,2026-05-19,Room,UPI
P09553,B09237,2026-03-17,Room + Service,UPI
P09554,B09238,2026-04-07,Room + Service,Net Banking
P09555,B09239,2025-02-15,Room,Credit Card
P09556,B09239,2025-02-14,Service,UPI
P09557,B09240,2025-04-20,Room,UPI
P09558,B09241,2025-02-06,Room + Service,Cash
P09559,B09242,2026-05-12,Room + Service,UPI
P09560,B09243,2026-07-08,Room + Service,Net Banking
P09561,B09245,2024-01-09,Service,Net Banking
P09562,B09247,2025-10-21,Room + Service,Credit Card
P09563,B09249,2026-04-01,Room,Debit Card
P09564,B09249,2026-04-10,Room,Credit Card
P09565,B09250,2026-08-29,Service,Debit Card
P09566,B09251,2025-06-15,Service,UPI
P09567,B09252,2024-01-22,Room + Service,UPI
P09568,B09253,2025-01-19,Room + Service,Net Banking
P09569,B09254,2024-09-11,Room + Service,UPI
P09570,B09255,2024-11-16,Room + Service,Credit Card
P09571,B09256,2026-07-13,Room + Service,Credit Card
P09572,B09257,2025-09-02,Room,Credit Card
P09573,B09258,2025-10-20,Room + Service,UPI
P09574,B09259,2026-05-28,Room,Digital Wallet
P09575,B09260,2026-08-05,Room + Service,Net Banking
P09576,B09261,2024-04-25,Room + Service,Net Banking
P09577,B09262,2026-08-03,Room,Net Banking
P09578,B09264,2026-06-15,Room,Credit Card
P09579,B09265,2025-12-02,Service,Debit Card
P09580,B09266,2026-07-26,Room,UPI
P09581,B09266,2026-07-24,Service,Debit Card
P09582,B09267,2026-01-02,Service,Credit Card
P09583,B09268,2025-07-26,Room,UPI
P09584,B09269,2025-10-17,Room,Debit Card
P09585,B09270,2026-04-15,Room,UPI
P09586,B09270,2026-04-14,Service,Cash
P09587,B09271,2025-10-28,Room + Service,UPI
P09588,B09272,2025-12-23,Room,UPI
P09589,B09273,2026-06-04,Service,Digital Wallet
P09590,B09274,2025-12-04,Room,Credit Card
P09591,B09276,2025-10-04,Room + Service,UPI
P09592,B09277,2026-06-07,Room,UPI
P09593,B09278,2025-03-06,Room,Net Banking
P09594,B09278,2025-03-11,Service,UPI
P09595,B09279,2026-05-21,Service,Credit Card
P09596,B09280,2026-07-29,Room,Net Banking
P09597,B09282,2024-11-07,Room + Service,Net Banking
P09598,B09283,2026-08-29,Room,Debit Card
P09599,B09284,2026-05-21,Room,Net Banking
P09600,B09285,2025-01-11,Room + Service,Debit Card
P09601,B09286,2025-09-17,Room,UPI
P09602,B09286,2025-09-17,Room,Net Banking
P09603,B09287,2024-02-13,Room,UPI
P09604,B09287,2024-02-10,Room,Credit Card
P09605,B09288,2024-05-13,Room + Service,Net Banking
P09606,B09289,2025-01-14,Room + Service,Net Banking
P09607,B09290,2025-01-13,Room,UPI
P09608,B09290,2025-01-10,Service,UPI
P09609,B09291,2024-01-01,Room,UPI
P09610,B09292,2025-04-19,Room + Service,Credit Card
P09611,B09293,2026-01-19,Room,Debit Card
P09612,B09294,2026-04-16,Room,Digital Wallet
P09613,B09295,2025-03-08,Room,Debit Card
P09614,B09296,2025-05-06,Room,Credit Card
P09615,B09297,2024-03-04,Room,Net Banking
P09616,B09298,2025-12-05,Room,Net Banking
P09617,B09298,2025-11-29,Service,Net Banking
P09618,B09299,2026-02-16,Room + Service,Net Banking
P09619,B09300,2026-05-27,Room,Debit Card
P09620,B09301,2026-06-14,Room,Credit Card
P09621,B09301,2026-06-06,Service,Digital Wallet
P09622,B09302,2026-08-07,Room,UPI
P09623,B09302,2026-08-10,Service,Cash
P09624,B09303,2025-02-15,Room + Service,Digital Wallet
P09625,B09304,2024-09-05,Room,Debit Card
P09626,B09305,2025-11-18,Room + Service,UPI
P09627,B09306,2026-06-24,Room,Credit Card
P09628,B09307,2025-01-05,Room + Service,Net Banking
P09629,B09308,2025-07-25,Room,Credit Card
P09630,B09309,2026-02-12,Room,Net Banking
P09631,B09310,2024-06-26,Room,Credit Card
P09632,B09311,2025-05-29,Room,Credit Card
P09633,B09311,2025-06-09,Room,UPI
P09634,B09312,2024-04-09,Room,UPI
P09635,B09312,2024-04-17,Service,Credit Card
P09636,B09313,2024-06-15,Room + Service,UPI
P09637,B09314,2024-01-05,Service,UPI
P09638,B09315,2025-07-16,Room,Debit Card
P09639,B09316,2026-03-19,Room + Service,Debit Card
P09640,B09317,2026-07-15,Room + Service,Net Banking
P09641,B09318,2024-07-10,Room,Debit Card
P09642,B09319,2024-06-15,Room + Service,Credit Card
P09643,B09320,2024-02-05,Room + Service,UPI
P09644,B09321,2025-11-15,Room,Debit Card
P09645,B09322,2026-08-16,Room + Service,Digital Wallet
P09646,B09324,2026-02-20,Room,UPI
P09647,B09324,2026-02-26,Service,Credit Card
P09648,B09326,2026-02-12,Room,UPI
P09649,B09326,2026-02-12,Room,UPI
P09650,B09327,2026-04-02,Room,UPI
P09651,B09328,2026-05-24,Room,Debit Card
P09652,B09329,2024-12-15,Room + Service,Credit Card
P09653,B09331,2026-08-22,Room + Service,UPI
P09654,B09332,2025-10-19,Room,Digital Wallet
P09655,B09334,2026-08-09,Service,Debit Card
P09656,B09335,2026-08-29,Room + Service,Credit Card
P09657,B09336,2025-11-10,Room,Digital Wallet
P09658,B09337,2026-01-16,Room + Service,Credit Card
P09659,B09338,2026-02-06,Room,UPI
P09660,B09338,2026-01-27,Service,UPI
P09661,B09339,2026-05-07,Room + Service,UPI
P09662,B09340,2024-10-17,Service,Net Banking
P09663,B09341,2025-12-21,Room + Service,Net Banking
P09664,B09342,2026-02-22,Room + Service,Credit Card
P09665,B09343,2024-09-17,Room + Service,UPI
P09666,B09344,2025-12-19,Room,Net Banking
P09667,B09345,2026-06-02,Room + Service,Net Banking
P09668,B09346,2024-07-03,Room,UPI
P09669,B09346,2024-06-29,Service,UPI
P09670,B09347,2024-10-01,Room + Service,Net Banking
P09671,B09348,2025-05-02,Room,UPI
P09672,B09349,2026-03-27,Room,Debit Card
P09673,B09349,2026-03-20,Service,Debit Card
P09674,B09350,2024-05-28,Room,Credit Card
P09675,B09350,2024-06-09,Room,UPI
P09676,B09351,2025-05-02,Room + Service,UPI
P09677,B09352,2025-10-03,Room + Service,Credit Card
P09678,B09353,2026-02-10,Room + Service,Net Banking
P09679,B09354,2026-04-03,Room,UPI
P09680,B09355,2026-07-07,Room + Service,Digital Wallet
P09681,B09356,2026-08-19,Room,Credit Card
P09682,B09356,2026-08-12,Service,UPI
P09683,B09357,2025-07-12,Room + Service,Net Banking
P09684,B09358,2025-11-01,Room,UPI
P09685,B09359,2024-05-19,Room + Service,UPI
P09686,B09361,2024-03-25,Room + Service,Credit Card
P09687,B09362,2025-04-26,Room + Service,Digital Wallet
P09688,B09363,2024-12-23,Room + Service,UPI
P09689,B09364,2026-07-01,Room,Debit Card
P09690,B09365,2026-03-06,Room,Digital Wallet
P09691,B09366,2026-08-14,Room,Debit Card
P09692,B09367,2026-01-13,Room + Service,Credit Card
P09693,B09368,2026-03-27,Room,Credit Card
P09694,B09369,2026-05-24,Room,Debit Card
P09695,B09369,2026-05-21,Service,Net Banking
P09696,B09370,2024-10-30,Room + Service,Cash
P09697,B09371,2024-09-30,Room,UPI
P09698,B09373,2026-08-25,Room + Service,UPI
P09699,B09374,2024-11-04,Service,Credit Card
P09700,B09375,2025-03-25,Room + Service,UPI
P09701,B09376,2026-02-27,Room,UPI
P09702,B09376,2026-02-27,Room,Credit Card
P09703,B09377,2024-02-18,Service,UPI
P09704,B09378,2025-12-12,Room + Service,UPI
P09705,B09379,2025-05-11,Service,Credit Card
P09706,B09381,2025-01-13,Room + Service,UPI
P09707,B09382,2025-02-09,Room + Service,Digital Wallet
P09708,B09383,2026-01-03,Room + Service,Debit Card
P09709,B09384,2025-12-24,Room + Service,Debit Card
P09710,B09385,2026-07-31,Room,Credit Card
P09711,B09386,2024-04-13,Room + Service,Credit Card
P09712,B09387,2025-02-08,Room + Service,UPI
P09713,B09388,2024-03-14,Room,Credit Card
P09714,B09389,2025-11-22,Room,Credit Card
P09715,B09391,2026-08-01,Room,Credit Card
P09716,B09392,2024-10-13,Service,Credit Card
P09717,B09393,2025-07-01,Room,Credit Card
P09718,B09394,2026-08-13,Room + Service,Net Banking
P09719,B09395,2025-10-12,Room,Credit Card
P09720,B09395,2025-10-19,Room,Net Banking
P09721,B09396,2026-06-18,Room,UPI
P09722,B09397,2024-04-05,Room + Service,Net Banking
P09723,B09398,2025-01-16,Room + Service,UPI
P09724,B09400,2025-10-22,Room + Service,Net Banking
P09725,B09401,2024-04-23,Room + Service,Credit Card
P09726,B09402,2024-10-08,Room + Service,Debit Card
P09727,B09403,2024-12-11,Room + Service,Net Banking
P09728,B09404,2026-05-04,Room,UPI
P09729,B09405,2026-08-12,Room,Debit Card
P09730,B09405,2026-08-22,Service,Credit Card
P09731,B09406,2025-05-08,Room,Net Banking
P09732,B09406,2025-05-06,Service,Debit Card
P09733,B09407,2026-08-27,Room + Service,Net Banking
P09734,B09408,2024-09-06,Room,UPI
P09735,B09408,2024-08-28,Service,Credit Card
P09736,B09409,2025-12-04,Room,Net Banking
P09737,B09409,2025-12-26,Room,Credit Card
P09738,B09410,2025-06-23,Room + Service,Debit Card
P09739,B09411,2026-04-27,Room,Credit Card
P09740,B09411,2026-04-30,Room,Debit Card
P09741,B09412,2026-03-30,Room,UPI
P09742,B09413,2026-06-16,Room,Credit Card
P09743,B09414,2026-08-31,Room + Service,Debit Card
P09744,B09416,2026-07-30,Service,UPI
P09745,B09417,2025-12-25,Service,UPI
P09746,B09418,2024-03-02,Room + Service,UPI
P09747,B09419,2026-08-12,Room,UPI
P09748,B09420,2026-02-13,Room,Debit Card
P09749,B09421,2026-08-19,Room + Service,Credit Card
P09750,B09422,2025-03-04,Room,Credit Card
P09751,B09422,2025-03-04,Room,UPI
P09752,B09423,2025-07-25,Service,UPI
P09753,B09424,2024-12-23,Room + Service,UPI
P09754,B09425,2026-04-01,Room,Debit Card
P09755,B09425,2026-03-19,Service,Credit Card
P09756,B09426,2026-06-24,Service,UPI
P09757,B09427,2025-05-03,Room,Net Banking
P09758,B09427,2025-04-16,Service,UPI
P09759,B09428,2026-03-10,Room + Service,UPI
P09760,B09429,2025-02-27,Room,Net Banking
P09761,B09430,2026-05-01,Room,UPI
P09762,B09431,2026-06-02,Room + Service,Credit Card
P09763,B09432,2025-11-19,Room,Credit Card
P09764,B09433,2026-03-21,Room,UPI
P09765,B09434,2026-08-22,Room + Service,Credit Card
P09766,B09435,2025-01-01,Room + Service,Credit Card
P09767,B09436,2025-09-01,Room + Service,Credit Card
P09768,B09437,2025-09-20,Room + Service,UPI
P09769,B09439,2024-03-20,Room + Service,UPI
P09770,B09440,2025-11-10,Room,Digital Wallet
P09771,B09441,2026-04-13,Room,UPI
P09772,B09442,2024-04-01,Room,UPI
P09773,B09443,2024-06-06,Service,Digital Wallet
P09774,B09444,2026-03-10,Room,Credit Card
P09775,B09444,2026-03-20,Service,Credit Card
P09776,B09445,2026-07-27,Room,Net Banking
P09777,B09445,2026-07-27,Room,UPI
P09778,B09446,2025-01-07,Room + Service,UPI
P09779,B09447,2025-10-15,Room,Net Banking
P09780,B09448,2025-03-06,Service,UPI
P09781,B09449,2025-01-20,Room + Service,UPI
P09782,B09450,2025-08-14,Room,UPI
P09783,B09450,2025-08-12,Service,UPI
P09784,B09451,2025-10-29,Service,Credit Card
P09785,B09452,2025-12-04,Room,Net Banking
P09786,B09452,2025-12-03,Service,Debit Card
P09787,B09453,2025-08-13,Room + Service,Cash
P09788,B09454,2024-12-12,Service,Net Banking
P09789,B09455,2024-02-24,Room + Service,Credit Card
P09790,B09456,2026-02-09,Room,Credit Card
P09791,B09456,2026-02-14,Service,Digital Wallet
P09792,B09457,2026-07-16,Room + Service,UPI
P09793,B09458,2026-08-07,Room,Credit Card
P09794,B09458,2026-08-26,Service,UPI
P09795,B09459,2025-07-15,Room + Service,Credit Card
P09796,B09460,2026-02-20,Room + Service,Debit Card
P09797,B09461,2025-10-03,Service,Debit Card
P09798,B09462,2026-06-23,Room,Credit Card
P09799,B09462,2026-06-23,Service,Credit Card
P09800,B09463,2024-03-15,Room,UPI
P09801,B09463,2024-03-25,Service,UPI
P09802,B09464,2024-11-04,Room + Service,Credit Card
P09803,B09465,2025-01-19,Room + Service,Credit Card
P09804,B09466,2024-04-19,Service,Cash
P09805,B09468,2025-02-09,Room,Credit Card
P09806,B09469,2026-02-25,Room + Service,Net Banking
P09807,B09470,2026-07-10,Room + Service,UPI
P09808,B09471,2025-06-24,Room,Net Banking
P09809,B09472,2024-11-07,Room,UPI
P09810,B09472,2024-11-23,Service,Credit Card
P09811,B09473,2024-11-21,Room,UPI
P09812,B09473,2024-11-22,Service,UPI
P09813,B09474,2025-10-13,Room,Credit Card
P09814,B09474,2025-10-05,Service,Credit Card
P09815,B09476,2024-10-27,Room + Service,Net Banking
P09816,B09477,2025-12-14,Room + Service,UPI
P09817,B09478,2025-08-12,Room + Service,Net Banking
P09818,B09480,2026-08-03,Room,Credit Card
P09819,B09481,2025-10-15,Room,UPI
P09820,B09481,2025-10-27,Service,UPI
P09821,B09482,2026-04-28,Room,Cash
P09822,B09482,2026-05-04,Service,UPI
P09823,B09483,2024-03-04,Room,Digital Wallet
P09824,B09483,2024-03-15,Service,UPI
P09825,B09484,2024-06-12,Room + Service,Credit Card
P09826,B09485,2024-02-26,Service,Net Banking
P09827,B09486,2026-05-26,Room + Service,Credit Card
P09828,B09487,2024-03-16,Room,Debit Card
P09829,B09487,2024-03-10,Service,Debit Card
P09830,B09488,2024-09-30,Room,Credit Card
P09831,B09488,2024-10-08,Service,UPI
P09832,B09489,2026-01-08,Room + Service,UPI
P09833,B09490,2025-12-16,Room,Credit Card
P09834,B09491,2026-05-13,Service,UPI
P09835,B09492,2026-07-31,Room + Service,Debit Card
P09836,B09493,2024-12-24,Room,Digital Wallet
P09837,B09494,2026-02-15,Room + Service,UPI
P09838,B09495,2024-08-29,Room + Service,Digital Wallet
P09839,B09496,2024-10-02,Room + Service,UPI
P09840,B09497,2025-11-11,Room + Service,Credit Card
P09841,B09498,2025-12-26,Room,Credit Card
P09842,B09498,2025-12-26,Service,Debit Card
P09843,B09499,2026-07-26,Room + Service,UPI
P09844,B09500,2024-02-17,Room,UPI
P09845,B09501,2024-09-23,Room,Credit Card
P09846,B09501,2024-09-30,Room,UPI
P09847,B09502,2024-12-13,Room + Service,Cash
P09848,B09503,2026-07-05,Room + Service,Credit Card
P09849,B09504,2026-08-19,Room + Service,UPI
P09850,B09505,2026-08-21,Room,Cash
P09851,B09506,2024-03-22,Room + Service,UPI
P09852,B09507,2024-10-06,Room,UPI
P09853,B09508,2026-05-19,Room,Credit Card
P09854,B09508,2026-05-20,Room,UPI
P09855,B09509,2026-01-19,Room,Credit Card
P09856,B09510,2026-04-11,Room + Service,Net Banking
P09857,B09511,2026-01-06,Room,Cash
P09858,B09511,2026-01-05,Service,Cash
P09859,B09512,2024-04-18,Room,UPI
P09860,B09513,2026-03-19,Room + Service,Credit Card
P09861,B09514,2026-05-22,Room,Debit Card
P09862,B09515,2024-10-09,Room + Service,Credit Card
P09863,B09516,2026-05-11,Room + Service,Net Banking
P09864,B09517,2024-01-01,Room,Net Banking
P09865,B09517,2024-01-16,Room,Net Banking
P09866,B09518,2025-02-17,Room,UPI
P09867,B09519,2026-02-18,Room,UPI
P09868,B09520,2025-11-30,Room + Service,UPI
P09869,B09521,2026-03-05,Room + Service,UPI
P09870,B09522,2026-07-29,Room + Service,UPI
P09871,B09523,2026-04-02,Room,Net Banking
P09872,B09523,2026-04-13,Service,Credit Card
P09873,B09524,2026-06-08,Room,Net Banking
P09874,B09524,2026-06-20,Service,Credit Card
P09875,B09526,2024-12-23,Service,UPI
P09876,B09527,2025-06-15,Room,UPI
P09877,B09528,2025-06-07,Service,Net Banking
P09878,B09529,2026-01-04,Room + Service,Cash
P09879,B09530,2025-09-05,Room,Credit Card
P09880,B09531,2026-07-25,Room + Service,UPI
P09881,B09532,2024-03-23,Room,Debit Card
P09882,B09533,2024-07-22,Room,UPI
P09883,B09533,2024-07-21,Service,UPI
P09884,B09534,2025-06-29,Room + Service,Debit Card
P09885,B09536,2026-02-19,Room + Service,Credit Card
P09886,B09538,2026-07-18,Room,UPI
P09887,B09539,2026-08-31,Room + Service,Credit Card
P09888,B09540,2024-10-29,Room + Service,Net Banking
P09889,B09541,2025-09-12,Room,Credit Card
P09890,B09541,2025-08-30,Service,Net Banking
P09891,B09542,2026-04-30,Service,UPI
P09892,B09543,2026-06-12,Room + Service,UPI
P09893,B09544,2026-02-19,Room,Credit Card
P09894,B09545,2025-07-29,Room + Service,Credit Card
P09895,B09546,2026-01-22,Room,UPI
P09896,B09547,2024-09-18,Room,UPI
P09897,B09548,2025-08-28,Room,Credit Card
P09898,B09550,2026-07-28,Room + Service,Net Banking
P09899,B09552,2026-07-14,Service,Credit Card
P09900,B09553,2026-04-21,Room + Service,Cash
P09901,B09554,2026-08-01,Room + Service,Credit Card
P09902,B09555,2025-05-20,Room + Service,UPI
P09903,B09556,2026-04-26,Service,Net Banking
P09904,B09557,2025-06-19,Room + Service,UPI
P09905,B09558,2025-12-09,Room + Service,UPI
P09906,B09559,2026-02-08,Room + Service,Debit Card
P09907,B09560,2025-11-04,Room + Service,Net Banking
P09908,B09561,2026-03-14,Room + Service,UPI
P09909,B09562,2024-03-01,Room,Debit Card
P09910,B09563,2025-01-01,Room + Service,UPI
P09911,B09564,2024-09-25,Room,Debit Card
P09912,B09564,2024-10-06,Service,Debit Card
P09913,B09565,2026-03-05,Room,UPI
P09914,B09566,2026-06-18,Room,Credit Card
P09915,B09567,2026-06-19,Room,UPI
P09916,B09567,2026-06-12,Service,UPI
P09917,B09568,2025-07-12,Room + Service,UPI
P09918,B09569,2026-03-23,Service,Credit Card
P09919,B09570,2026-06-20,Room + Service,Credit Card
P09920,B09571,2024-09-29,Room + Service,UPI
P09921,B09572,2024-11-03,Room,UPI
P09922,B09573,2025-05-22,Room,UPI
P09923,B09575,2025-08-01,Room + Service,Cash
P09924,B09576,2026-04-30,Service,UPI
P09925,B09577,2024-09-10,Room,UPI
P09926,B09578,2024-04-29,Room,Debit Card
P09927,B09579,2026-07-17,Room + Service,Net Banking
P09928,B09580,2025-01-21,Room,Digital Wallet
P09929,B09581,2025-09-30,Room + Service,Credit Card
P09930,B09582,2025-04-30,Room + Service,Net Banking
P09931,B09583,2026-01-04,Room,Net Banking
P09932,B09584,2026-03-14,Room + Service,Debit Card
P09933,B09586,2026-04-26,Room + Service,Net Banking
P09934,B09587,2026-06-22,Room,Net Banking
P09935,B09591,2025-07-31,Room,UPI
P09936,B09591,2025-08-03,Service,Debit Card
P09937,B09592,2026-01-10,Room + Service,Net Banking
P09938,B09593,2024-02-17,Room + Service,Net Banking
P09939,B09594,2026-02-26,Room,Credit Card
P09940,B09594,2026-02-27,Service,Credit Card
P09941,B09595,2026-06-16,Room,UPI
P09942,B09596,2026-07-21,Room,Cash
P09943,B09597,2026-08-19,Room + Service,Debit Card
P09944,B09598,2026-01-30,Room,Credit Card
P09945,B09599,2026-03-13,Room + Service,Credit Card
P09946,B09600,2026-04-25,Room + Service,Credit Card
P09947,B09601,2024-05-01,Room + Service,UPI
P09948,B09602,2026-05-13,Room,Net Banking
P09949,B09603,2026-08-13,Room,Cash
P09950,B09603,2026-07-31,Service,Net Banking
P09951,B09604,2025-10-13,Room,Debit Card
P09952,B09605,2025-11-23,Room + Service,Credit Card
P09953,B09606,2025-01-06,Room,Net Banking
P09954,B09607,2024-03-22,Service,Credit Card
P09955,B09608,2024-05-16,Room + Service,Credit Card
P09956,B09609,2026-07-21,Room,UPI
P09957,B09610,2024-12-03,Room,UPI
P09958,B09610,2024-12-05,Room,Debit Card
P09959,B09611,2025-02-22,Room + Service,Debit Card
P09960,B09612,2025-12-21,Room,UPI
P09961,B09613,2026-02-17,Room + Service,UPI
P09962,B09614,2026-04-11,Room + Service,Net Banking
P09963,B09615,2026-06-27,Room,Credit Card
P09964,B09616,2026-07-12,Room + Service,Net Banking
P09965,B09617,2025-04-25,Room + Service,Credit Card
P09966,B09618,2024-12-12,Service,Cash
P09967,B09619,2025-10-07,Room,Credit Card
P09968,B09619,2025-10-03,Room,UPI
P09969,B09620,2025-02-05,Room + Service,UPI
P09970,B09621,2025-02-23,Room + Service,Credit Card
P09971,B09622,2025-02-28,Room,UPI
P09972,B09622,2025-03-06,Service,Net Banking
P09973,B09623,2025-11-05,Room + Service,Credit Card
P09974,B09624,2025-04-30,Room,UPI
P09975,B09624,2025-05-01,Service,Debit Card
P09976,B09625,2025-06-28,Room,Debit Card
P09977,B09626,2025-07-15,Room + Service,Credit Card
P09978,B09628,2026-04-30,Room,Net Banking
P09979,B09629,2024-02-13,Room,Credit Card
P09980,B09629,2024-02-27,Room,Net Banking
P09981,B09630,2026-08-02,Room + Service,UPI
P09982,B09631,2026-08-21,Room,UPI
P09983,B09632,2025-07-07,Room + Service,UPI
P09984,B09633,2026-06-23,Room,Credit Card
P09985,B09633,2026-07-11,Service,Credit Card
P09986,B09634,2025-10-05,Room + Service,Net Banking
P09987,B09635,2024-02-21,Room,UPI
P09988,B09636,2026-04-17,Room,Net Banking
P09989,B09637,2026-02-12,Room,Digital Wallet
P09990,B09637,2026-02-08,Service,Debit Card
P09991,B09638,2026-07-26,Room + Service,UPI
P09992,B09639,2026-03-15,Room,Net Banking
P09993,B09640,2026-08-24,Room + Service,Debit Card
P09994,B09641,2026-03-09,Room + Service,Net Banking
P09995,B09642,2026-06-21,Room,Debit Card
P09996,B09643,2026-07-04,Room,UPI
P09997,B09644,2025-03-30,Service,Net Banking
P09998,B09645,2025-10-19,Room + Service,UPI
P09999,B09646,2026-01-07,Room,UPI
P10000,B09646,2026-01-18,Service,UPI
P10001,B09647,2025-10-07,Room,Cash
P10002,B09648,2026-03-25,Room + Service,Net Banking
P10003,B09649,2025-09-08,Service,UPI
P10004,B09650,2026-04-04,Room,Credit Card
P10005,B09650,2026-04-05,Service,Net Banking
P10006,B09651,2026-08-30,Room + Service,Credit Card
P10007,B09653,2025-08-21,Service,UPI
P10008,B09655,2026-03-21,Room,UPI
P10009,B09655,2026-03-12,Service,Net Banking
P10010,B09656,2024-09-04,Room,UPI
P10011,B09656,2024-09-04,Service,Digital Wallet
P10012,B09657,2025-10-26,Room,UPI
P10013,B09657,2025-10-14,Service,Cash
P10014,B09659,2025-12-09,Room + Service,UPI
P10015,B09661,2026-08-01,Room + Service,UPI
P10016,B09662,2024-08-11,Room + Service,Net Banking
P10017,B09663,2025-05-28,Room + Service,UPI
P10018,B09665,2025-05-04,Room + Service,Credit Card
P10019,B09666,2026-02-21,Room + Service,Net Banking
P10020,B09667,2026-05-22,Room + Service,Net Banking
P10021,B09668,2025-08-22,Room,UPI
P10022,B09668,2025-08-22,Room,Net Banking
P10023,B09669,2025-09-14,Room + Service,Net Banking
P10024,B09670,2026-05-10,Room,Credit Card
P10025,B09670,2026-05-22,Service,Debit Card
P10026,B09671,2026-06-22,Room + Service,Debit Card
P10027,B09672,2024-12-12,Room + Service,Net Banking
P10028,B09674,2026-04-16,Room + Service,UPI
P10029,B09675,2026-08-14,Room,Credit Card
P10030,B09676,2024-02-14,Room + Service,UPI
P10031,B09677,2026-08-16,Room + Service,UPI
P10032,B09678,2024-11-28,Service,UPI
P10033,B09679,2026-03-17,Room + Service,Credit Card
P10034,B09680,2024-03-04,Room,Credit Card
P10035,B09680,2024-02-25,Room,Credit Card
P10036,B09681,2025-09-21,Room,Digital Wallet
P10037,B09681,2025-09-22,Service,UPI
P10038,B09682,2025-01-24,Room + Service,Net Banking
P10039,B09683,2025-06-01,Room,UPI
P10040,B09684,2026-01-08,Room,UPI
P10041,B09684,2026-01-13,Service,Net Banking
P10042,B09685,2026-08-06,Room,UPI
P10043,B09685,2026-07-30,Service,UPI
P10044,B09686,2025-10-29,Room,Net Banking
P10045,B09687,2024-12-01,Room,Credit Card
P10046,B09688,2025-12-10,Room,Credit Card
P10047,B09689,2024-05-14,Service,UPI
P10048,B09690,2026-04-11,Room,UPI
P10049,B09691,2024-02-09,Room + Service,UPI
P10050,B09692,2024-04-01,Room,Credit Card
P10051,B09693,2025-11-08,Room + Service,UPI
P10052,B09694,2026-02-26,Room,UPI
P10053,B09695,2025-05-28,Room + Service,Net Banking
P10054,B09696,2025-07-26,Room,UPI
P10055,B09698,2024-02-08,Room + Service,UPI
P10056,B09699,2024-06-30,Room + Service,UPI
P10057,B09700,2025-11-22,Room + Service,Debit Card
P10058,B09701,2026-01-28,Room,Net Banking
P10059,B09701,2026-01-31,Service,Digital Wallet
P10060,B09702,2026-04-11,Room,UPI
P10061,B09704,2026-01-23,Service,Credit Card
P10062,B09705,2024-04-01,Room + Service,Credit Card
P10063,B09706,2026-06-21,Room + Service,Credit Card
P10064,B09708,2024-08-02,Room,Digital Wallet
P10065,B09708,2024-07-26,Room,UPI
P10066,B09709,2025-12-29,Room + Service,Credit Card
P10067,B09710,2026-04-10,Service,UPI
P10068,B09711,2026-04-07,Room,Debit Card
P10069,B09711,2026-04-08,Room,Credit Card
P10070,B09712,2026-06-15,Room + Service,Net Banking
P10071,B09713,2026-08-03,Room,UPI
P10072,B09714,2026-07-26,Service,Credit Card
P10073,B09715,2026-08-27,Room + Service,Credit Card
P10074,B09716,2024-11-02,Room + Service,Credit Card
P10075,B09717,2025-08-14,Room,Credit Card
P10076,B09718,2024-11-23,Service,UPI
P10077,B09719,2025-08-14,Room + Service,Debit Card
P10078,B09720,2026-07-22,Room,Cash
P10079,B09720,2026-07-25,Service,Net Banking
P10080,B09721,2026-08-10,Room,Credit Card
P10081,B09722,2025-11-10,Room + Service,Credit Card
P10082,B09723,2026-01-22,Room + Service,Debit Card
P10083,B09724,2026-08-17,Room + Service,Net Banking
P10084,B09725,2024-10-05,Room,Digital Wallet
P10085,B09726,2026-04-05,Service,Net Banking
P10086,B09727,2026-01-28,Room,UPI
P10087,B09727,2026-01-30,Service,Debit Card
P10088,B09728,2026-06-08,Room + Service,Digital Wallet
P10089,B09729,2024-11-09,Service,UPI
P10090,B09730,2025-11-14,Room,Credit Card
P10091,B09731,2024-04-28,Room,UPI
P10092,B09731,2024-04-19,Service,UPI
P10093,B09734,2026-07-12,Room + Service,Net Banking
P10094,B09735,2026-07-03,Room + Service,Credit Card
P10095,B09736,2026-07-24,Room,UPI
P10096,B09737,2024-04-15,Room,UPI
P10097,B09737,2024-04-17,Service,Credit Card
P10098,B09738,2025-09-08,Room,Credit Card
P10099,B09739,2024-11-01,Room + Service,Credit Card
P10100,B09740,2026-01-08,Room,Credit Card
P10101,B09741,2026-03-21,Room,Cash
P10102,B09742,2025-01-05,Room,UPI
P10103,B09743,2026-03-26,Room,Net Banking
P10104,B09743,2026-03-24,Service,UPI
P10105,B09744,2026-06-17,Room,UPI
P10106,B09746,2025-10-16,Room,Credit Card
P10107,B09747,2025-04-19,Room + Service,Debit Card
P10108,B09748,2024-02-14,Room + Service,UPI
P10109,B09750,2025-02-10,Room + Service,Credit Card
P10110,B09751,2025-06-07,Room,Credit Card
P10111,B09752,2025-07-20,Room + Service,UPI
P10112,B09753,2026-05-27,Room,Credit Card
P10113,B09753,2026-05-04,Room,Credit Card
P10114,B09754,2026-02-21,Room,Credit Card
P10115,B09755,2026-05-20,Room + Service,UPI
P10116,B09756,2025-07-19,Room + Service,UPI
P10117,B09757,2026-04-16,Room + Service,UPI
P10118,B09758,2025-06-10,Room,UPI
P10119,B09759,2025-03-30,Room + Service,Debit Card
P10120,B09760,2025-02-08,Room + Service,Net Banking
P10121,B09761,2026-05-03,Room + Service,Credit Card
P10122,B09762,2026-07-18,Room + Service,Net Banking
P10123,B09763,2024-11-13,Room + Service,UPI
P10124,B09764,2025-03-04,Room,Debit Card
P10125,B09765,2024-08-05,Room + Service,Credit Card
P10126,B09766,2025-01-03,Room + Service,Credit Card
P10127,B09767,2024-05-29,Room,Net Banking
P10128,B09768,2025-07-18,Room + Service,Credit Card
P10129,B09769,2026-04-12,Room + Service,Debit Card
P10130,B09770,2024-01-09,Room + Service,Cash
P10131,B09771,2025-08-04,Room,Debit Card
P10132,B09772,2026-01-17,Room + Service,UPI
P10133,B09773,2026-07-21,Room + Service,UPI
P10134,B09774,2024-10-15,Room,Net Banking
P10135,B09775,2026-03-27,Service,UPI
P10136,B09776,2024-11-13,Room + Service,Debit Card
P10137,B09777,2025-01-01,Room + Service,UPI
P10138,B09778,2025-10-06,Room + Service,UPI
P10139,B09780,2025-01-06,Room + Service,UPI
P10140,B09782,2024-10-10,Service,UPI
P10141,B09786,2026-01-13,Room,UPI
P10142,B09787,2026-03-07,Room + Service,Net Banking
P10143,B09788,2024-10-12,Room,Debit Card
P10144,B09789,2026-01-01,Room,Net Banking
P10145,B09790,2026-03-23,Room,Net Banking
P10146,B09790,2026-03-23,Service,Credit Card
P10147,B09791,2024-08-14,Room,Credit Card
P10148,B09791,2024-08-21,Room,Digital Wallet
P10149,B09792,2025-12-02,Room,Credit Card
P10150,B09793,2026-04-02,Room + Service,UPI
P10151,B09794,2025-06-26,Room,Debit Card
P10152,B09795,2026-01-26,Room + Service,UPI
P10153,B09796,2026-06-07,Room,Credit Card
P10154,B09796,2026-06-10,Room,Credit Card
P10155,B09797,2026-07-03,Room,Credit Card
P10156,B09797,2026-06-27,Service,UPI
P10157,B09798,2025-05-13,Room + Service,Net Banking
P10158,B09799,2025-11-30,Room,Credit Card
P10159,B09800,2025-07-15,Room,UPI
P10160,B09800,2025-07-12,Service,Credit Card
P10161,B09801,2025-09-07,Room,Net Banking
P10162,B09801,2025-09-12,Service,Net Banking
P10163,B09802,2025-04-28,Room,Credit Card
P10164,B09802,2025-04-20,Room,Credit Card
P10165,B09803,2025-11-09,Room,UPI
P10166,B09803,2025-11-14,Service,Digital Wallet
P10167,B09804,2026-07-04,Service,Digital Wallet
P10168,B09805,2025-12-07,Room,UPI
P10169,B09806,2026-04-01,Room,Debit Card
P10170,B09807,2026-04-26,Service,Credit Card
P10171,B09808,2024-04-05,Room,UPI
P10172,B09809,2024-09-17,Room + Service,Net Banking
P10173,B09810,2024-05-09,Room + Service,UPI
P10174,B09811,2024-07-02,Room + Service,Credit Card
P10175,B09812,2026-02-14,Room + Service,Credit Card
P10176,B09813,2026-03-24,Room,Credit Card
P10177,B09814,2026-07-19,Room + Service,Credit Card
P10178,B09815,2026-08-19,Room,Digital Wallet
P10179,B09815,2026-08-19,Service,Net Banking
P10180,B09816,2025-01-04,Room,Net Banking
P10181,B09817,2024-02-11,Room,Credit Card
P10182,B09818,2024-03-26,Room + Service,Net Banking
P10183,B09820,2024-12-11,Room + Service,Credit Card
P10184,B09821,2025-02-18,Service,Cash
P10185,B09822,2025-09-11,Room + Service,Credit Card
P10186,B09823,2025-11-09,Room + Service,Debit Card
P10187,B09824,2026-05-02,Room,Debit Card
P10188,B09825,2026-04-04,Room,UPI
P10189,B09825,2026-04-07,Service,Credit Card
P10190,B09826,2026-05-16,Room,UPI
P10191,B09826,2026-05-12,Service,Net Banking
P10192,B09827,2026-08-09,Room + Service,UPI
P10193,B09828,2024-03-12,Room + Service,Credit Card
P10194,B09829,2026-07-16,Room,Digital Wallet
P10195,B09829,2026-07-17,Service,UPI
P10196,B09830,2025-03-07,Room,UPI
P10197,B09830,2025-03-05,Service,Net Banking
P10198,B09831,2026-04-17,Room,UPI
P10199,B09831,2026-04-17,Service,Credit Card
P10200,B09832,2026-01-26,Service,Net Banking
P10201,B09834,2026-07-30,Room,Debit Card
P10202,B09834,2026-08-10,Room,Net Banking
P10203,B09835,2024-05-15,Room,Cash
P10204,B09835,2024-05-16,Service,Cash
P10205,B09836,2024-06-06,Room,Net Banking
P10206,B09837,2024-07-17,Room + Service,Net Banking
P10207,B09838,2025-06-06,Room,Credit Card
P10208,B09838,2025-06-06,Service,UPI
P10209,B09839,2025-08-18,Room + Service,Cash
P10210,B09840,2025-10-07,Room,Debit Card
P10211,B09841,2025-07-03,Room + Service,UPI
P10212,B09842,2026-04-23,Room + Service,UPI
P10213,B09843,2024-02-26,Room + Service,UPI
P10214,B09844,2025-01-12,Service,UPI
P10215,B09846,2026-01-28,Room,Debit Card
P10216,B09847,2026-06-01,Room,Credit Card
P10217,B09847,2026-06-03,Service,UPI
P10218,B09848,2026-08-08,Service,Credit Card
P10219,B09849,2024-11-14,Room,UPI
P10220,B09850,2025-04-16,Room,Credit Card
P10221,B09850,2025-04-16,Service,Credit Card
P10222,B09851,2024-11-26,Room,Debit Card
P10223,B09852,2026-06-26,Room + Service,Digital Wallet
P10224,B09853,2025-07-09,Room,Credit Card
P10225,B09854,2025-12-11,Room + Service,Debit Card
P10226,B09855,2024-07-01,Room + Service,Credit Card
P10227,B09856,2025-01-18,Room,Credit Card
P10228,B09857,2024-12-04,Service,Credit Card
P10229,B09858,2025-04-26,Room,Credit Card
P10230,B09859,2024-06-14,Room + Service,Net Banking
P10231,B09860,2025-10-05,Room,Credit Card
P10232,B09860,2025-10-09,Service,Credit Card
P10233,B09861,2026-03-21,Room,Credit Card
P10234,B09862,2026-04-20,Room,Net Banking
P10235,B09862,2026-04-07,Service,UPI
P10236,B09863,2026-05-10,Room + Service,Debit Card
P10237,B09864,2026-06-15,Room,UPI
P10238,B09865,2024-05-11,Room,Credit Card
P10239,B09866,2026-05-04,Room,UPI
P10240,B09866,2026-05-02,Service,Credit Card
P10241,B09867,2025-01-11,Room,UPI
P10242,B09867,2025-01-10,Room,Net Banking
P10243,B09868,2026-01-04,Room + Service,UPI
P10244,B09869,2026-04-28,Room,UPI
P10245,B09869,2026-05-09,Room,UPI
P10246,B09870,2026-01-24,Room + Service,Credit Card
P10247,B09871,2026-06-28,Room + Service,UPI
P10248,B09872,2024-07-03,Room + Service,Credit Card
P10249,B09873,2025-11-04,Room + Service,Credit Card
P10250,B09874,2025-02-03,Room,Credit Card
P10251,B09875,2025-08-24,Room + Service,Credit Card
P10252,B09876,2024-09-23,Room,Credit Card
P10253,B09876,2024-09-15,Room,UPI
P10254,B09878,2026-05-23,Room + Service,UPI
P10255,B09879,2025-02-08,Room + Service,Net Banking
P10256,B09881,2026-03-13,Room + Service,Credit Card
P10257,B09882,2026-06-29,Room,UPI
P10258,B09882,2026-07-10,Service,Credit Card
P10259,B09883,2026-08-02,Room,Net Banking
P10260,B09884,2025-03-03,Room + Service,Cash
P10261,B09885,2024-08-19,Room + Service,Cash
P10262,B09886,2024-05-01,Room,Net Banking
P10263,B09889,2024-10-01,Service,UPI
P10264,B09890,2026-06-01,Room,Credit Card
P10265,B09890,2026-06-11,Service,Credit Card
P10266,B09891,2026-06-27,Room + Service,Credit Card
P10267,B09892,2024-02-11,Room + Service,Credit Card
P10268,B09893,2025-03-29,Room,Debit Card
P10269,B09894,2024-01-23,Room,Credit Card
P10270,B09895,2025-10-25,Room + Service,UPI
P10271,B09896,2025-12-13,Service,Credit Card
P10272,B09897,2026-01-21,Room + Service,Credit Card
P10273,B09898,2024-02-18,Room,Cash
P10274,B09899,2026-05-14,Room + Service,Credit Card
P10275,B09900,2026-01-15,Room + Service,UPI
P10276,B09901,2025-10-28,Room + Service,UPI
P10277,B09902,2026-04-11,Room,UPI
P10278,B09902,2026-04-09,Service,Debit Card
P10279,B09903,2024-12-23,Room,Net Banking
P10280,B09904,2025-09-02,Room + Service,Debit Card
P10281,B09905,2026-07-07,Room + Service,Credit Card
P10282,B09906,2026-08-09,Room,Cash
P10283,B09907,2026-01-27,Room,UPI
P10284,B09908,2024-12-15,Room + Service,Credit Card
P10285,B09909,2026-07-21,Room + Service,Net Banking
P10286,B09910,2026-02-27,Room,Credit Card
P10287,B09911,2025-10-30,Room,Credit Card
P10288,B09912,2024-07-14,Room,Credit Card
P10289,B09914,2024-10-26,Room + Service,UPI
P10290,B09915,2025-07-24,Service,UPI
P10291,B09916,2025-03-31,Room + Service,Credit Card
P10292,B09917,2026-06-26,Room,Credit Card
P10293,B09918,2026-04-14,Room + Service,Debit Card
P10294,B09920,2025-04-03,Room,UPI
P10295,B09921,2025-06-20,Room,Net Banking
P10296,B09922,2025-07-14,Service,Credit Card
P10297,B09923,2026-05-21,Room,Credit Card
P10298,B09923,2026-05-24,Service,UPI
P10299,B09924,2024-09-12,Room,UPI
P10300,B09924,2024-08-19,Service,UPI
P10301,B09925,2026-01-06,Room,UPI
P10302,B09925,2026-01-12,Service,Credit Card
P10303,B09926,2024-07-27,Room + Service,Credit Card
P10304,B09928,2026-01-02,Service,UPI
P10305,B09929,2026-05-11,Room,UPI
P10306,B09930,2025-11-14,Service,Credit Card
P10307,B09932,2025-01-08,Room + Service,Credit Card
P10308,B09933,2025-11-14,Room + Service,UPI
P10309,B09934,2026-05-28,Room,Net Banking
P10310,B09935,2026-08-22,Room,Credit Card
P10311,B09938,2026-04-29,Room,Net Banking
P10312,B09939,2024-03-03,Room + Service,Credit Card
P10313,B09940,2024-08-28,Room,Credit Card
P10314,B09941,2026-04-29,Room,Credit Card
P10315,B09942,2024-08-28,Service,UPI
P10316,B09943,2025-07-19,Room + Service,UPI
P10317,B09944,2026-03-10,Room + Service,Debit Card
P10318,B09945,2024-07-31,Room + Service,UPI
P10319,B09946,2026-03-20,Room,UPI
P10320,B09946,2026-03-18,Service,UPI
P10321,B09947,2024-02-16,Room,Credit Card
P10322,B09948,2025-12-07,Room,Net Banking
P10323,B09948,2025-12-09,Room,Net Banking
P10324,B09949,2026-03-04,Room,Digital Wallet
P10325,B09950,2024-01-18,Room + Service,Cash
P10326,B09951,2024-04-17,Room,UPI
P10327,B09951,2024-04-11,Service,UPI
P10328,B09952,2025-01-20,Room + Service,UPI
P10329,B09953,2026-07-23,Room,Credit Card
P10330,B09954,2026-05-16,Room,Credit Card
P10331,B09954,2026-05-16,Service,Net Banking
P10332,B09955,2026-02-23,Room,Digital Wallet
P10333,B09956,2025-11-02,Room + Service,Credit Card
P10334,B09958,2024-10-19,Room,UPI
P10335,B09959,2024-01-17,Room,UPI
P10336,B09960,2025-10-24,Room,Net Banking
P10337,B09960,2025-10-26,Service,UPI
P10338,B09961,2026-05-08,Service,UPI
P10339,B09962,2026-08-01,Room,UPI
P10340,B09962,2026-07-30,Service,Credit Card
P10341,B09963,2024-05-13,Room + Service,Net Banking
P10342,B09964,2025-12-27,Room,Net Banking
P10343,B09965,2026-01-19,Room,UPI
P10344,B09965,2026-01-14,Room,Digital Wallet
P10345,B09966,2026-06-28,Room + Service,Credit Card
P10346,B09967,2026-01-07,Room + Service,Credit Card
P10347,B09969,2026-04-26,Room,Net Banking
P10348,B09969,2026-03-27,Service,Net Banking
P10349,B09971,2024-01-16,Service,UPI
P10350,B09972,2025-10-30,Room,UPI
P10351,B09972,2025-11-04,Service,Digital Wallet
P10352,B09973,2025-08-22,Room,Credit Card
P10353,B09974,2026-04-01,Room + Service,Net Banking
P10354,B09975,2026-07-22,Room,UPI
P10355,B09975,2026-07-20,Service,Digital Wallet
P10356,B09976,2026-01-10,Room,Credit Card
P10357,B09977,2025-09-23,Room,Digital Wallet
P10358,B09978,2024-05-20,Room + Service,UPI
P10359,B09979,2025-11-10,Room + Service,Net Banking
P10360,B09980,2026-02-21,Room,Debit Card
P10361,B09980,2026-02-22,Service,UPI
P10362,B09981,2026-08-18,Room + Service,Credit Card
P10363,B09982,2024-10-15,Room,Cash
P10364,B09982,2024-10-15,Service,UPI
P10365,B09983,2026-05-30,Room + Service,Debit Card
P10366,B09984,2026-07-26,Room + Service,Credit Card
P10367,B09985,2026-05-30,Room + Service,Credit Card
P10368,B09987,2026-08-14,Room + Service,Net Banking
P10369,B09988,2024-03-16,Room,Credit Card
P10370,B09988,2024-03-17,Room,UPI
P10371,B09990,2026-07-05,Room + Service,Credit Card
P10372,B09991,2026-07-11,Room + Service,Net Banking
P10373,B09992,2026-08-19,Room,Credit Card
P10374,B09992,2026-08-06,Service,Net Banking
P10375,B09993,2026-01-30,Room,Net Banking
P10376,B09994,2026-02-25,Room,Credit Card
P10377,B09995,2026-05-20,Room + Service,UPI
P10378,B09996,2025-02-10,Room,Net Banking
P10379,B09996,2025-02-08,Room,Credit Card
P10380,B09997,2025-09-17,Room + Service,Debit Card
P10381,B09998,2026-02-07,Service,Credit Card
P10382,B09999,2026-07-03,Service,Credit Card
P10383,B10000,2026-08-06,Room,UPI
P10384,B10000,2026-08-17,Room,Credit Card
