room_id,hotel_id,room_number,room_type,max_occupancy,current_rate,room_status
R00001,H001,101,Premium,3,9500,Available
R00002,H001,102,Deluxe,3,8650,Available
R00003,H001,103,Family,5,13800,Available
R00004,H001,104,Deluxe,2,9600,Available
R00005,H001,105,Family,5,14450,Available
R00006,H001,106,Family,5,12400,Available
R00007,H001,107,Executive,1,10450,Available
R00008,H001,108,Executive,1,13600,Reserved
R00009,H001,109,Deluxe,2,7800,Reserved
R00010,H001,110,Premium,2,12850,Available
R00011,H001,111,Standard,1,5750,Available
R00012,H001,112,Family,5,10150,Out of Service
R00013,H001,113,Premium,2,13050,Available
R00014,H001,114,Executive,2,9850,Available
R00015,H001,115,Premium,3,8700,Available
R00016,H001,116,Premium,3,9000,Available
R00017,H001,117,Executive,1,10950,Available
R00018,H001,118,Deluxe,3,10950,Available
R00019,H001,119,Executive,2,9500,Available
R00020,H001,120,Deluxe,2,7650,Reserved
R00021,H001,121,Executive,1,12000,Available
R00022,H001,122,Suite,4,16850,Available
R00023,H001,123,Premium,2,9750,Available
R00024,H001,124,Premium,2,11950,Available
R00025,H001,125,Suite,2,15550,Available
R00026,H001,126,Suite,3,19100,Maintenance
R00027,H001,127,Deluxe,3,9250,Reserved
R00028,H001,128,Suite,3,18650,Available
R00029,H001,129,Suite,3,23250,Available
R00030,H001,130,Suite,3,20900,Available
R00031,H001,131,Suite,2,24650,Available
R00032,H001,132,Executive,1,9300,Reserved
R00033,H001,133,Premium,2,10850,Out of Service
R00034,H001,134,Deluxe,3,7150,Available
R00035,H001,135,Villa,6,32750,Available
R00036,H001,136,Deluxe,3,10300,Available
R00037,H001,137,Executive,1,9750,Available
R00038,H001,138,Deluxe,3,7750,Available
R00039,H001,139,Suite,4,24200,Available
R00040,H001,140,Suite,2,18300,Available
R00041,H001,141,Standard,2,5250,Available
R00042,H001,142,Suite,2,25650,Available
R00043,H001,143,Executive,1,11250,Available
R00044,H001,144,Villa,4,21400,Maintenance
R00045,H001,145,Deluxe,3,9900,Maintenance
R00046,H001,146,Deluxe,3,10550,Available
R00047,H001,147,Deluxe,2,10300,Available
R00048,H001,148,Suite,4,15800,Available
R00049,H001,149,Premium,2,10050,Available
R00050,H001,150,Family,3,9200,Available
R00051,H001,151,Suite,2,19250,Maintenance
R00052,H001,152,Family,5,13650,Available
R00053,H001,153,Suite,2,21800,Available
R00054,H001,154,Premium,2,10000,Available
R00055,H001,155,Suite,3,15950,Available
R00056,H001,156,Standard,1,5150,Available
R00057,H001,157,Standard,2,5450,Reserved
R00058,H001,158,Executive,2,11900,Available
R00059,H001,159,Suite,3,20450,Available
R00060,H001,160,Deluxe,3,8800,Available
R00061,H001,161,Suite,2,17900,Available
R00062,H001,162,Deluxe,3,9050,Out of Service
R00063,H001,163,Deluxe,2,10450,Reserved
R00064,H001,164,Premium,3,9400,Maintenance
R00065,H001,165,Executive,1,12700,Available
R00066,H001,166,Suite,3,15400,Available
R00067,H001,167,Standard,1,5700,Maintenance
R00068,H001,168,Executive,1,13050,Out of Service
R00069,H001,169,Suite,2,21950,Available
R00070,H001,170,Standard,2,4850,Available
R00071,H001,171,Executive,1,10900,Available
R00072,H001,172,Suite,2,21200,Available
R00073,H001,173,Deluxe,2,7100,Available
R00074,H001,174,Executive,2,9350,Available
R00075,H001,175,Deluxe,3,9600,Available
R00076,H001,176,Premium,3,13150,Available
R00077,H001,177,Deluxe,2,6650,Available
R00078,H001,178,Suite,4,25550,Available
R00079,H001,179,Executive,2,9800,Available
R00080,H001,180,Deluxe,2,10500,Available
R00081,H001,181,Standard,1,6250,Available
R00082,H001,182,Deluxe,2,8300,Available
R00083,H001,183,Villa,5,32300,Available
R00084,H001,184,Suite,4,14300,Available
R00085,H001,185,Executive,2,14650,Reserved
R00086,H001,186,Executive,2,13800,Reserved
R00087,H001,187,Suite,3,26800,Available
R00088,H001,188,Standard,1,5500,Available
R00089,H001,189,Premium,3,12500,Available
R00090,H001,190,Deluxe,2,10400,Available
R00091,H001,191,Executive,1,13150,Reserved
R00092,H001,192,Suite,3,15500,Available
R00093,H001,193,Deluxe,3,10600,Available
R00094,H001,194,Premium,3,13200,Available
R00095,H001,195,Premium,3,11800,Available
R00096,H001,196,Deluxe,3,10100,Available
R00097,H001,197,Deluxe,3,10650,Available
R00098,H001,198,Executive,2,10750,Available
R00099,H001,199,Deluxe,2,7950,Available
R00100,H001,200,Premium,2,9350,Available
R00101,H001,201,Suite,4,24000,Available
R00102,H001,202,Premium,3,12150,Available
R00103,H001,203,Deluxe,2,10850,Available
R00104,H001,204,Family,5,13300,Available
R00105,H001,205,Suite,4,15550,Available
R00106,H001,206,Suite,4,26750,Available
R00107,H001,207,Executive,1,9650,Available
R00108,H001,208,Premium,3,10900,Available
R00109,H001,209,Premium,2,11700,Available
R00110,H001,210,Suite,4,25600,Available
R00111,H001,211,Standard,2,5650,Available
R00112,H001,212,Premium,2,12850,Available
R00113,H001,213,Deluxe,3,7700,Available
R00114,H001,214,Deluxe,3,9000,Maintenance
R00115,H001,215,Executive,1,11750,Available
R00116,H001,216,Executive,2,12750,Available
R00117,H001,217,Executive,2,9900,Available
R00118,H001,218,Executive,1,11550,Available
R00119,H001,219,Deluxe,2,9950,Available
R00120,H001,220,Executive,1,13050,Available
R00121,H001,221,Deluxe,3,10400,Available
R00122,H001,222,Premium,3,11650,Available
R00123,H001,223,Deluxe,3,7900,Available
R00124,H001,224,Deluxe,3,10200,Available
R00125,H001,225,Standard,1,7050,Available
R00126,H001,226,Deluxe,3,7800,Available
R00127,H001,227,Standard,2,5450,Available
R00128,H001,228,Executive,2,12800,Available
R00129,H001,229,Suite,3,20250,Available
R00130,H001,230,Suite,3,18150,Available
R00131,H001,231,Standard,1,7100,Out of Service
R00132,H001,232,Premium,2,9850,Available
R00133,H001,233,Family,5,11100,Available
R00134,H001,234,Premium,3,11750,Maintenance
R00135,H001,235,Deluxe,2,6600,Available
R00136,H001,236,Deluxe,3,6550,Maintenance
R00137,H001,237,Suite,4,23850,Available
R00138,H001,238,Suite,3,23450,Available
R00139,H001,239,Standard,2,4850,Available
R00140,H001,240,Premium,2,13400,Available
R00141,H001,241,Premium,3,12950,Available
R00142,H001,242,Standard,1,7100,Available
R00143,H001,243,Deluxe,2,8650,Available
R00144,H001,244,Suite,3,14750,Available
R00145,H001,245,Deluxe,2,9100,Available
R00146,H001,246,Premium,3,8550,Available
R00147,H001,247,Suite,2,26700,Available
R00148,H001,248,Suite,3,20700,Reserved
R00149,H001,249,Villa,4,20200,Available
R00150,H001,250,Suite,2,15450,Available
R00151,H001,251,Premium,3,8250,Available
R00152,H001,252,Villa,5,19550,Reserved
R00153,H001,253,Deluxe,3,6550,Available
R00154,H001,254,Standard,2,5200,Available
R00155,H001,255,Standard,1,6250,Maintenance
R00156,H001,256,Standard,2,6900,Available
R00157,H001,257,Premium,2,12750,Reserved
R00158,H001,258,Deluxe,2,9650,Available
R00159,H001,259,Premium,3,13000,Available
R00160,H001,260,Executive,2,10650,Available
R00161,H001,261,Standard,2,4900,Available
R00162,H001,262,Deluxe,2,9250,Out of Service
R00163,H001,263,Suite,4,21950,Available
R00164,H001,264,Suite,4,20000,Available
R00165,H001,265,Suite,4,18000,Available
R00166,H001,266,Deluxe,3,10150,Available
R00167,H001,267,Premium,3,12300,Out of Service
R00168,H001,268,Standard,1,6450,Available
R00169,H001,269,Premium,3,11650,Available
R00170,H001,270,Premium,3,10300,Available
R00171,H001,271,Deluxe,2,8950,Available
R00172,H001,272,Deluxe,2,9550,Available
R00173,H001,273,Standard,2,5500,Available
R00174,H001,274,Executive,1,11550,Available
R00175,H001,275,Premium,2,10450,Available
R00176,H001,276,Executive,1,13000,Reserved
R00177,H001,277,Premium,3,12200,Available
R00178,H001,278,Executive,1,13350,Available
R00179,H001,279,Standard,1,5850,Available
R00180,H001,280,Premium,3,12750,Available
R00181,H001,281,Suite,2,20550,Available
R00182,H001,282,Executive,1,12000,Available
R00183,H001,283,Standard,2,6000,Available
R00184,H001,284,Premium,3,13700,Available
R00185,H001,285,Deluxe,3,7300,Available
R00186,H001,286,Premium,2,10650,Available
R00187,H001,287,Premium,3,10100,Available
R00188,H001,288,Standard,1,5800,Available
R00189,H001,289,Premium,2,10050,Available
R00190,H001,290,Premium,2,12450,Available
R00191,H001,291,Premium,3,10900,Available
R00192,H001,292,Standard,1,6550,Available
R00193,H001,293,Standard,1,5200,Available
R00194,H001,294,Suite,2,14900,Available
R00195,H001,295,Suite,2,18250,Available
R00196,H001,296,Standard,2,7100,Available
R00197,H001,297,Suite,3,19150,Available
R00198,H001,298,Deluxe,2,10000,Available
R00199,H001,299,Executive,1,12850,Available
R00200,H001,300,Deluxe,3,6900,Available
R00201,H001,301,Family,3,14550,Available
R00202,H001,302,Executive,1,10300,Out of Service
R00203,H001,303,Suite,4,22150,Out of Service
R00204,H001,304,Suite,4,26100,Reserved
R00205,H001,305,Suite,2,17450,Available
R00206,H001,306,Executive,2,14200,Available
R00207,H001,307,Suite,4,18050,Available
R00208,H001,308,Suite,4,22200,Available
R00209,H001,309,Premium,3,12650,Available
R00210,H001,310,Premium,3,11350,Available
R00211,H001,311,Family,5,9450,Available
R00212,H001,312,Standard,2,7100,Available
R00213,H001,313,Premium,2,9200,Available
R00214,H001,314,Deluxe,3,10250,Available
R00215,H001,315,Premium,2,9850,Available
R00216,H001,316,Suite,3,16900,Reserved
R00217,H001,317,Executive,2,9800,Available
R00218,H001,318,Villa,5,35400,Available
R00219,H001,319,Deluxe,3,9150,Available
R00220,H001,320,Suite,4,22450,Available
R00221,H001,321,Villa,5,25700,Available
R00222,H001,322,Premium,2,9100,Available
R00223,H001,323,Standard,2,7000,Maintenance
R00224,H001,324,Premium,3,8800,Available
R00225,H001,325,Premium,2,9450,Available
R00226,H001,326,Premium,2,11500,Available
R00227,H001,327,Deluxe,2,8350,Available
R00228,H001,328,Executive,2,11350,Available
R00229,H001,329,Deluxe,3,10650,Available
R00230,H001,330,Deluxe,3,9250,Available
R00231,H001,331,Family,5,13100,Available
R00232,H001,332,Standard,1,5100,Available
R00233,H001,333,Suite,4,18400,Reserved
R00234,H001,334,Family,5,9300,Available
R00235,H001,335,Suite,3,27350,Available
R00236,H001,336,Premium,2,9800,Available
R00237,H001,337,Executive,1,14650,Available
R00238,H001,338,Premium,3,11350,Reserved
R00239,H001,339,Premium,2,10650,Available
R00240,H001,340,Premium,3,9500,Available
R00241,H001,341,Deluxe,2,8450,Available
R00242,H001,342,Deluxe,3,8500,Available
R00243,H001,343,Premium,3,11900,Available
R00244,H001,344,Standard,1,6900,Available
R00245,H001,345,Premium,2,11550,Maintenance
R00246,H001,346,Executive,2,13450,Maintenance
R00247,H001,347,Deluxe,2,6900,Available
R00248,H001,348,Premium,2,10850,Available
R00249,H001,349,Executive,2,10300,Available
R00250,H001,350,Executive,1,13150,Available
R00251,H001,351,Deluxe,2,10950,Available
R00252,H001,352,Premium,2,9800,Maintenance
R00253,H001,353,Villa,5,32100,Available
R00254,H001,354,Executive,1,9300,Available
R00255,H001,355,Executive,1,9750,Available
R00256,H001,356,Deluxe,2,7550,Available
R00257,H001,357,Suite,2,14450,Available
R00258,H001,358,Premium,3,13450,Available
R00259,H001,359,Premium,3,13000,Available
R00260,H001,360,Premium,2,12550,Available
R00261,H001,361,Premium,2,13100,Available
R00262,H001,362,Suite,2,15950,Available
R00263,H001,363,Premium,2,13350,Maintenance
R00264,H001,364,Premium,2,12000,Available
R00265,H001,365,Premium,2,12500,Available
R00266,H001,366,Suite,4,15400,Available
R00267,H001,367,Deluxe,3,10850,Maintenance
R00268,H001,368,Premium,2,8400,Available
R00269,H001,369,Deluxe,3,7000,Available
R00270,H001,370,Premium,3,12050,Available
R00271,H001,371,Premium,2,10800,Maintenance
R00272,H001,372,Deluxe,2,9650,Available
R00273,H001,373,Premium,2,9100,Available
R00274,H001,374,Premium,3,13600,Available
R00275,H001,375,Family,4,12600,Available
R00276,H001,376,Suite,2,22550,Available
R00277,H001,377,Suite,3,17750,Available
R00278,H001,378,Executive,1,12150,Available
R00279,H001,379,Suite,4,25000,Available
R00280,H001,380,Suite,4,22700,Maintenance
R00281,H001,381,Deluxe,3,9200,Available
R00282,H001,382,Standard,2,5100,Available
R00283,H001,383,Suite,2,21250,Available
R00284,H001,384,Standard,1,4850,Available
R00285,H001,385,Premium,3,8550,Maintenance
R00286,H001,386,Deluxe,3,10850,Available
R00287,H001,387,Suite,4,17900,Available
R00288,H001,388,Suite,2,14800,Available
R00289,H001,389,Executive,1,11900,Available
R00290,H001,390,Premium,2,9200,Available
R00291,H001,391,Standard,1,4950,Available
R00292,H001,392,Deluxe,2,8000,Available
R00293,H001,393,Suite,4,14100,Available
R00294,H001,394,Deluxe,3,8750,Available
R00295,H001,395,Suite,4,26650,Available
R00296,H001,396,Deluxe,3,6700,Maintenance
R00297,H001,397,Family,4,14600,Out of Service
R00298,H001,398,Premium,3,11650,Maintenance
R00299,H001,399,Deluxe,2,8150,Available
R00300,H001,400,Deluxe,2,8300,Available
R00301,H001,401,Family,3,14650,Available
R00302,H001,402,Deluxe,3,8400,Available
R00303,H001,403,Suite,4,22300,Available
R00304,H001,404,Suite,4,24100,Available
R00305,H001,405,Standard,2,5200,Available
R00306,H001,406,Deluxe,3,10050,Available
R00307,H001,407,Villa,4,31700,Available
R00308,H001,408,Standard,1,7050,Available
R00309,H001,409,Deluxe,3,8500,Available
R00310,H001,410,Premium,3,13450,Available
R00311,H001,411,Executive,1,13150,Reserved
R00312,H001,412,Standard,1,5400,Available
R00313,H001,413,Premium,2,12450,Available
R00314,H001,414,Deluxe,3,8050,Available
R00315,H001,415,Suite,3,19250,Available
R00316,H001,416,Family,3,10200,Available
R00317,H001,417,Executive,2,11450,Available
R00318,H001,418,Family,4,10550,Available
R00319,H001,419,Executive,2,9650,Available
R00320,H001,420,Suite,2,26550,Available
R00321,H001,421,Deluxe,3,7350,Maintenance
R00322,H001,422,Executive,1,13150,Reserved
R00323,H001,423,Standard,1,5350,Available
R00324,H001,424,Executive,2,12550,Available
R00325,H001,425,Deluxe,3,7450,Available
R00326,H001,426,Suite,3,25100,Available
R00327,H001,427,Standard,1,6050,Available
R00328,H001,428,Premium,3,13250,Available
R00329,H001,429,Suite,3,15950,Available
R00330,H001,430,Standard,1,6850,Available
R00331,H001,431,Suite,4,19400,Available
R00332,H001,432,Premium,2,11900,Available
R00333,H001,433,Deluxe,2,8900,Reserved
R00334,H001,434,Premium,3,12250,Available
R00335,H001,435,Deluxe,3,9850,Available
R00336,H001,436,Deluxe,2,8950,Available
R00337,H001,437,Deluxe,3,8350,Available
R00338,H001,438,Premium,2,10850,Available
R00339,H001,439,Executive,1,12550,Available
R00340,H001,440,Standard,1,5350,Available
R00341,H001,441,Executive,1,10300,Available
R00342,H001,442,Family,4,9800,Available
R00343,H001,443,Deluxe,3,9550,Maintenance
R00344,H001,444,Deluxe,2,8450,Available
R00345,H001,445,Standard,2,5700,Available
R00346,H001,446,Deluxe,2,10850,Available
R00347,H001,447,Executive,2,9200,Available
R00348,H001,448,Executive,1,9750,Available
R00349,H001,449,Suite,2,23550,Available
R00350,H001,450,Standard,2,5400,Available
R00351,H001,451,Executive,2,13650,Available
R00352,H001,452,Executive,2,9550,Available
R00353,H001,453,Standard,1,5550,Available
R00354,H001,454,Deluxe,2,8850,Available
R00355,H001,455,Executive,2,13800,Available
R00356,H001,456,Premium,2,12600,Available
R00357,H001,457,Suite,4,23550,Available
R00358,H001,458,Standard,1,6050,Available
R00359,H001,459,Suite,2,18150,Available
R00360,H001,460,Suite,3,18450,Available
R00361,H001,461,Executive,1,14000,Reserved
R00362,H001,462,Standard,2,6000,Available
R00363,H001,463,Deluxe,3,10750,Reserved
R00364,H001,464,Executive,1,13250,Available
R00365,H001,465,Suite,2,19650,Available
R00366,H001,466,Premium,2,8550,Available
R00367,H001,467,Premium,2,13700,Available
R00368,H001,468,Suite,4,16850,Available
R00369,H001,469,Executive,1,10300,Available
R00370,H001,470,Standard,1,6100,Available
R00371,H001,471,Standard,2,6700,Available
R00372,H001,472,Standard,1,4700,Out of Service
R00373,H001,473,Deluxe,3,7800,Available
R00374,H001,474,Executive,1,11000,Available
R00375,H001,475,Executive,2,10750,Available
R00376,H001,476,Suite,3,19500,Reserved
R00377,H001,477,Executive,2,10700,Maintenance
R00378,H001,478,Family,5,9350,Available
R00379,H001,479,Standard,2,6000,Available
R00380,H001,480,Executive,2,11300,Available
R00381,H001,481,Suite,3,24800,Available
R00382,H001,482,Premium,2,12900,Available
R00383,H001,483,Executive,1,11000,Reserved
R00384,H001,484,Premium,3,10200,Available
R00385,H001,485,Standard,1,5950,Available
R00386,H001,486,Premium,3,11300,Available
R00387,H001,487,Premium,2,9250,Available
R00388,H001,488,Premium,3,13550,Reserved
R00389,H001,489,Executive,2,11850,Maintenance
R00390,H001,490,Executive,1,14500,Available
R00391,H001,491,Deluxe,3,6750,Available
R00392,H001,492,Premium,2,11600,Available
R00393,H001,493,Deluxe,2,9200,Available
R00394,H001,494,Deluxe,2,9600,Available
R00395,H001,495,Premium,2,11150,Available
R00396,H001,496,Executive,2,14050,Maintenance
R00397,H001,497,Deluxe,2,7650,Available
R00398,H001,498,Executive,1,13100,Available
R00399,H001,499,Premium,3,10550,Available
R00400,H001,500,Suite,3,23750,Available
R00401,H002,101,Deluxe,3,10000,Available
R00402,H002,102,Executive,2,12300,Available
R00403,H002,103,Suite,3,16800,Maintenance
R00404,H002,104,Standard,1,4800,Available
R00405,H002,105,Premium,3,11450,Maintenance
R00406,H002,106,Premium,2,8850,Available
R00407,H002,107,Suite,3,23450,Available
R00408,H002,108,Premium,3,9250,Available
R00409,H002,109,Executive,2,12450,Available
R00410,H002,110,Suite,4,26300,Available
R00411,H002,111,Deluxe,3,8850,Maintenance
R00412,H002,112,Deluxe,3,10500,Available
R00413,H002,113,Executive,1,12550,Available
R00414,H002,114,Premium,2,12150,Available
R00415,H002,115,Premium,3,11150,Available
R00416,H002,116,Premium,3,12550,Available
R00417,H002,117,Deluxe,2,9750,Out of Service
R00418,H002,118,Premium,3,10500,Available
R00419,H002,119,Villa,6,33100,Available
R00420,H002,120,Deluxe,2,9000,Available
R00421,H002,121,Deluxe,2,8550,Available
R00422,H002,122,Suite,2,23950,Available
R00423,H002,123,Suite,3,18250,Available
R00424,H002,124,Standard,2,4950,Available
R00425,H002,125,Suite,2,25600,Available
R00426,H002,126,Premium,3,13150,Available
R00427,H002,127,Executive,2,14050,Available
R00428,H002,128,Deluxe,2,6950,Available
R00429,H002,129,Deluxe,3,8100,Available
R00430,H002,130,Family,4,11950,Available
R00431,H002,131,Executive,2,9700,Available
R00432,H002,132,Suite,3,16300,Available
R00433,H002,133,Executive,2,13300,Available
R00434,H002,134,Suite,4,23900,Available
R00435,H002,135,Premium,3,12250,Available
R00436,H002,136,Suite,2,17000,Available
R00437,H002,137,Executive,2,11950,Maintenance
R00438,H002,138,Executive,1,12600,Available
R00439,H002,139,Premium,3,9100,Available
R00440,H002,140,Premium,3,11850,Maintenance
R00441,H002,141,Deluxe,2,9000,Available
R00442,H002,142,Family,3,14350,Available
R00443,H002,143,Standard,1,5450,Available
R00444,H002,144,Executive,2,13600,Maintenance
R00445,H002,145,Deluxe,2,8650,Out of Service
R00446,H002,146,Premium,2,10850,Available
R00447,H002,147,Villa,4,33800,Available
R00448,H002,148,Executive,2,11000,Available
R00449,H002,149,Premium,3,12300,Available
R00450,H002,150,Deluxe,2,8550,Maintenance
R00451,H002,151,Family,3,13900,Available
R00452,H002,152,Deluxe,2,7550,Available
R00453,H002,153,Premium,2,10350,Available
R00454,H002,154,Executive,2,9650,Available
R00455,H002,155,Premium,3,11000,Available
R00456,H002,156,Deluxe,2,8800,Maintenance
R00457,H002,157,Suite,2,25750,Available
R00458,H002,158,Suite,2,16350,Available
R00459,H002,159,Standard,2,5800,Available
R00460,H002,160,Suite,3,15550,Maintenance
R00461,H002,161,Villa,6,35400,Available
R00462,H002,162,Standard,2,5800,Available
R00463,H002,163,Villa,6,25300,Available
R00464,H002,164,Deluxe,2,8400,Available
R00465,H002,165,Premium,2,9950,Available
R00466,H002,166,Executive,2,13650,Reserved
R00467,H002,167,Deluxe,3,10100,Available
R00468,H002,168,Deluxe,3,8650,Available
R00469,H002,169,Suite,4,25550,Available
R00470,H002,170,Executive,1,11050,Available
R00471,H002,171,Standard,2,5500,Available
R00472,H002,172,Deluxe,3,6600,Available
R00473,H002,173,Suite,4,23700,Available
R00474,H002,174,Executive,2,13600,Available
R00475,H002,175,Deluxe,3,8700,Available
R00476,H002,176,Suite,2,20700,Available
R00477,H002,177,Villa,5,25450,Maintenance
R00478,H002,178,Deluxe,2,9900,Available
R00479,H002,179,Executive,1,14350,Available
R00480,H002,180,Premium,2,9350,Maintenance
R00481,H002,181,Premium,2,10300,Available
R00482,H002,182,Family,3,12000,Available
R00483,H002,183,Executive,2,9400,Available
R00484,H002,184,Executive,2,12650,Available
R00485,H002,185,Deluxe,2,9350,Available
R00486,H002,186,Executive,2,9350,Available
R00487,H002,187,Standard,1,5850,Available
R00488,H002,188,Family,3,12050,Available
R00489,H002,189,Premium,2,11900,Available
R00490,H002,190,Family,5,9250,Available
R00491,H002,191,Deluxe,2,10450,Maintenance
R00492,H002,192,Premium,3,10550,Available
R00493,H002,193,Deluxe,3,9950,Available
R00494,H002,194,Premium,2,8950,Available
R00495,H002,195,Deluxe,3,10000,Reserved
R00496,H002,196,Suite,3,25350,Available
R00497,H002,197,Premium,3,11100,Available
R00498,H002,198,Premium,2,9900,Available
R00499,H002,199,Family,4,11200,Out of Service
R00500,H002,200,Premium,3,13250,Available
R00501,H002,201,Deluxe,2,9000,Available
R00502,H002,202,Suite,4,21900,Reserved
R00503,H002,203,Premium,2,12200,Available
R00504,H002,204,Premium,2,11550,Maintenance
R00505,H002,205,Executive,2,14400,Available
R00506,H002,206,Executive,2,10000,Available
R00507,H002,207,Premium,2,11850,Available
R00508,H002,208,Suite,3,24950,Available
R00509,H002,209,Deluxe,3,7500,Available
R00510,H002,210,Family,3,9550,Maintenance
R00511,H002,211,Standard,2,5450,Available
R00512,H002,212,Deluxe,3,6600,Available
R00513,H002,213,Deluxe,3,8550,Available
R00514,H002,214,Deluxe,3,8700,Available
R00515,H002,215,Suite,3,23900,Available
R00516,H002,216,Villa,6,32800,Available
R00517,H002,217,Suite,3,16050,Available
R00518,H002,218,Deluxe,3,9500,Available
R00519,H002,219,Premium,3,12550,Available
R00520,H002,220,Deluxe,2,8800,Available
R00521,H002,221,Premium,3,12250,Available
R00522,H002,222,Premium,3,10400,Available
R00523,H002,223,Suite,4,17650,Available
R00524,H002,224,Deluxe,3,8400,Available
R00525,H002,225,Executive,1,12800,Available
R00526,H002,226,Standard,1,6600,Available
R00527,H002,227,Deluxe,2,9200,Maintenance
R00528,H002,228,Deluxe,2,6350,Available
R00529,H002,229,Premium,3,11750,Available
R00530,H002,230,Premium,2,10900,Available
R00531,H002,231,Suite,3,23500,Maintenance
R00532,H002,232,Executive,1,10500,Maintenance
R00533,H002,233,Premium,3,10600,Available
R00534,H002,234,Suite,3,20050,Available
R00535,H002,235,Suite,3,22900,Available
R00536,H002,236,Standard,1,5050,Available
R00537,H002,237,Premium,3,11450,Available
R00538,H002,238,Deluxe,2,10800,Available
R00539,H002,239,Executive,2,12550,Available
R00540,H002,240,Deluxe,2,9300,Available
R00541,H002,241,Family,5,13050,Available
R00542,H002,242,Executive,2,14150,Available
R00543,H002,243,Suite,2,26550,Available
R00544,H002,244,Suite,3,20700,Available
R00545,H002,245,Premium,3,11100,Maintenance
R00546,H002,246,Deluxe,3,8300,Available
R00547,H002,247,Family,3,13700,Reserved
R00548,H002,248,Suite,3,19650,Maintenance
R00549,H002,249,Executive,1,14050,Available
R00550,H002,250,Premium,3,10850,Available
R00551,H002,251,Suite,2,20650,Available
R00552,H002,252,Deluxe,3,10300,Available
R00553,H002,253,Deluxe,2,9150,Available
R00554,H002,254,Premium,3,13300,Maintenance
R00555,H002,255,Premium,2,8800,Available
R00556,H002,256,Suite,2,15800,Available
R00557,H002,257,Executive,2,11100,Available
R00558,H002,258,Premium,2,11550,Available
R00559,H002,259,Premium,3,8400,Available
R00560,H002,260,Standard,2,5350,Available
R00561,H002,261,Standard,2,7100,Available
R00562,H002,262,Deluxe,2,10450,Maintenance
R00563,H002,263,Deluxe,2,8150,Available
R00564,H002,264,Deluxe,3,8900,Available
R00565,H002,265,Premium,3,11650,Available
R00566,H002,266,Standard,1,7200,Available
R00567,H002,267,Deluxe,3,7850,Available
R00568,H002,268,Standard,2,4800,Reserved
R00569,H002,269,Deluxe,3,8100,Available
R00570,H002,270,Family,3,10550,Available
R00571,H002,271,Standard,1,5050,Available
R00572,H002,272,Deluxe,2,6400,Available
R00573,H002,273,Standard,1,6750,Available
R00574,H002,274,Executive,1,12550,Available
R00575,H002,275,Premium,2,11100,Available
R00576,H002,276,Suite,4,21450,Reserved
R00577,H002,277,Family,4,11400,Available
R00578,H002,278,Executive,1,12600,Available
R00579,H002,279,Suite,2,13900,Available
R00580,H002,280,Deluxe,2,8700,Available
R00581,H002,281,Family,3,13050,Available
R00582,H002,282,Deluxe,3,10650,Available
R00583,H002,283,Premium,2,9900,Available
R00584,H002,284,Deluxe,2,9900,Available
R00585,H002,285,Villa,4,23200,Available
R00586,H002,286,Suite,4,18700,Available
R00587,H002,287,Deluxe,2,6750,Available
R00588,H002,288,Standard,2,4600,Available
R00589,H002,289,Suite,4,21550,Available
R00590,H002,290,Standard,1,7100,Available
R00591,H002,291,Deluxe,3,9400,Available
R00592,H002,292,Premium,2,8750,Available
R00593,H002,293,Executive,1,9550,Out of Service
R00594,H002,294,Premium,3,8200,Available
R00595,H002,295,Deluxe,2,10600,Available
R00596,H002,296,Deluxe,3,6500,Available
R00597,H002,297,Deluxe,3,7050,Available
R00598,H002,298,Deluxe,3,8550,Available
R00599,H002,299,Suite,2,21600,Available
R00600,H002,300,Suite,4,18800,Available
R00601,H002,301,Suite,2,23050,Available
R00602,H002,302,Suite,3,16600,Maintenance
R00603,H002,303,Suite,3,25400,Available
R00604,H002,304,Deluxe,3,7000,Maintenance
R00605,H002,305,Suite,3,22800,Available
R00606,H002,306,Premium,3,13350,Available
R00607,H002,307,Deluxe,2,7450,Available
R00608,H002,308,Premium,3,12950,Maintenance
R00609,H002,309,Deluxe,3,6600,Available
R00610,H002,310,Premium,3,8800,Available
R00611,H002,311,Villa,4,22800,Reserved
R00612,H002,312,Suite,2,17650,Available
R00613,H002,313,Deluxe,3,6350,Maintenance
R00614,H002,314,Deluxe,2,8400,Available
R00615,H002,315,Premium,2,11300,Available
R00616,H002,316,Suite,4,24950,Available
R00617,H002,317,Suite,3,19500,Available
R00618,H002,318,Suite,4,24700,Available
R00619,H002,319,Premium,2,9750,Available
R00620,H002,320,Premium,2,11200,Available
R00621,H002,321,Suite,3,21600,Available
R00622,H002,322,Premium,3,12950,Available
R00623,H002,323,Standard,1,7200,Available
R00624,H002,324,Deluxe,3,10700,Available
R00625,H002,325,Family,3,10250,Maintenance
R00626,H002,326,Executive,1,13350,Available
R00627,H002,327,Premium,2,12550,Available
R00628,H002,328,Premium,3,11300,Available
R00629,H002,329,Premium,2,11550,Available
R00630,H002,330,Deluxe,2,9600,Reserved
R00631,H002,331,Standard,2,5450,Available
R00632,H002,332,Executive,1,10850,Available
R00633,H002,333,Standard,2,5650,Available
R00634,H002,334,Villa,5,33550,Available
R00635,H002,335,Family,4,11650,Available
R00636,H002,336,Suite,2,16600,Available
R00637,H002,337,Suite,4,21900,Available
R00638,H002,338,Deluxe,3,9900,Available
R00639,H002,339,Standard,1,5250,Available
R00640,H002,340,Executive,2,12100,Available
R00641,H002,341,Premium,2,8200,Available
R00642,H002,342,Deluxe,2,9600,Available
R00643,H002,343,Premium,3,8750,Available
R00644,H002,344,Suite,3,16400,Out of Service
R00645,H002,345,Deluxe,3,8550,Available
R00646,H002,346,Deluxe,3,9150,Reserved
R00647,H002,347,Premium,3,12650,Out of Service
R00648,H002,348,Family,3,12700,Available
R00649,H002,349,Villa,4,28250,Available
R00650,H002,350,Executive,1,13950,Available
R00651,H002,351,Deluxe,2,7700,Available
R00652,H002,352,Suite,4,22700,Maintenance
R00653,H002,353,Suite,4,14800,Maintenance
R00654,H002,354,Premium,3,10500,Available
R00655,H002,355,Deluxe,3,7750,Available
R00656,H002,356,Premium,2,11650,Maintenance
R00657,H002,357,Premium,2,11900,Available
R00658,H002,358,Deluxe,3,7000,Reserved
R00659,H002,359,Standard,1,4600,Available
R00660,H002,360,Family,3,14150,Available
R00661,H002,361,Premium,3,10650,Maintenance
R00662,H002,362,Deluxe,2,8400,Reserved
R00663,H002,363,Deluxe,2,6800,Available
R00664,H002,364,Executive,2,11050,Available
R00665,H002,365,Deluxe,2,6800,Available
R00666,H002,366,Suite,2,20500,Available
R00667,H002,367,Premium,2,9900,Available
R00668,H002,368,Premium,3,13400,Available
R00669,H002,369,Family,5,11600,Available
R00670,H002,370,Executive,1,10650,Maintenance
R00671,H002,371,Standard,1,4850,Maintenance
R00672,H002,372,Standard,2,4850,Available
R00673,H002,373,Premium,3,13350,Available
R00674,H002,374,Standard,1,5000,Available
R00675,H002,375,Executive,1,12250,Out of Service
R00676,H002,376,Suite,2,22850,Maintenance
R00677,H002,377,Executive,1,11150,Available
R00678,H002,378,Deluxe,2,8450,Available
R00679,H002,379,Premium,3,8450,Maintenance
R00680,H002,380,Deluxe,3,7750,Available
R00681,H002,381,Executive,1,9800,Available
R00682,H002,382,Family,4,9500,Available
R00683,H002,383,Premium,3,8850,Maintenance
R00684,H002,384,Executive,1,13350,Available
R00685,H002,385,Executive,2,10050,Available
R00686,H002,386,Executive,1,13000,Available
R00687,H002,387,Deluxe,3,7800,Available
R00688,H002,388,Standard,1,6800,Available
R00689,H002,389,Premium,2,8350,Available
R00690,H002,390,Executive,2,11500,Maintenance
R00691,H002,391,Premium,2,9350,Available
R00692,H002,392,Standard,1,6750,Available
R00693,H002,393,Executive,1,11550,Available
R00694,H002,394,Deluxe,3,9750,Available
R00695,H002,395,Suite,3,17050,Available
R00696,H002,396,Executive,2,13250,Available
R00697,H002,397,Deluxe,3,8650,Available
R00698,H002,398,Family,5,10650,Available
R00699,H002,399,Deluxe,3,7050,Reserved
R00700,H002,400,Executive,2,14050,Available
R00701,H002,401,Executive,1,13150,Available
R00702,H002,402,Suite,3,17250,Available
R00703,H002,403,Executive,2,12550,Available
R00704,H002,404,Executive,2,14200,Available
R00705,H002,405,Suite,2,16000,Available
R00706,H002,406,Premium,3,11150,Out of Service
R00707,H002,407,Standard,1,6950,Available
R00708,H002,408,Deluxe,2,6750,Available
R00709,H002,409,Premium,3,13050,Available
R00710,H002,410,Executive,2,12700,Available
R00711,H002,411,Premium,2,10250,Maintenance
R00712,H002,412,Standard,1,6650,Available
R00713,H002,413,Suite,2,20500,Available
R00714,H002,414,Deluxe,2,9500,Available
R00715,H002,415,Deluxe,3,6900,Available
R00716,H002,416,Executive,1,12250,Available
R00717,H002,417,Premium,3,12850,Available
R00718,H002,418,Deluxe,3,8100,Available
R00719,H002,419,Premium,3,11400,Reserved
R00720,H002,420,Suite,3,19350,Available
R00721,H002,421,Suite,3,19050,Available
R00722,H002,422,Deluxe,2,6500,Available
R00723,H002,423,Family,4,10950,Available
R00724,H002,424,Premium,2,9300,Maintenance
R00725,H002,425,Suite,3,23600,Available
R00726,H002,426,Deluxe,3,7300,Out of Service
R00727,H002,427,Villa,4,31050,Reserved
R00728,H002,428,Executive,2,13750,Available
R00729,H002,429,Family,4,12300,Available
R00730,H002,430,Standard,2,7100,Available
R00731,H003,101,Family,4,15150,Maintenance
R00732,H003,102,Deluxe,3,7350,Available
R00733,H003,103,Suite,2,13750,Available
R00734,H003,104,Deluxe,2,9050,Available
R00735,H003,105,Family,4,13550,Available
R00736,H003,106,Deluxe,2,8100,Available
R00737,H003,107,Premium,3,10100,Available
R00738,H003,108,Premium,2,10800,Reserved
R00739,H003,109,Family,5,9750,Available
R00740,H003,110,Premium,3,13550,Available
R00741,H003,111,Villa,6,30450,Available
R00742,H003,112,Premium,2,11150,Available
R00743,H003,113,Standard,2,5300,Available
R00744,H003,114,Deluxe,2,8050,Maintenance
R00745,H003,115,Standard,2,4750,Available
R00746,H003,116,Suite,4,19350,Available
R00747,H003,117,Villa,4,32100,Maintenance
R00748,H003,118,Villa,4,21350,Available
R00749,H003,119,Premium,2,11150,Available
R00750,H003,120,Suite,3,18200,Available
R00751,H003,121,Deluxe,3,6750,Available
R00752,H003,122,Family,5,10350,Available
R00753,H003,123,Family,4,10800,Available
R00754,H003,124,Standard,1,6500,Available
R00755,H003,125,Deluxe,2,6950,Available
R00756,H003,126,Suite,2,22200,Available
R00757,H003,127,Villa,5,27500,Reserved
R00758,H003,128,Deluxe,2,7700,Reserved
R00759,H003,129,Villa,6,20750,Available
R00760,H003,130,Deluxe,2,8200,Available
R00761,H003,131,Villa,5,22750,Available
R00762,H003,132,Premium,2,14350,Available
R00763,H003,133,Family,3,15600,Available
R00764,H003,134,Family,5,12250,Available
R00765,H003,135,Suite,2,20700,Available
R00766,H003,136,Villa,6,28750,Available
R00767,H003,137,Deluxe,2,9750,Maintenance
R00768,H003,138,Premium,3,9800,Available
R00769,H003,139,Family,3,12850,Out of Service
R00770,H003,140,Deluxe,3,7000,Available
R00771,H003,141,Suite,4,17600,Available
R00772,H003,142,Family,4,11250,Available
R00773,H003,143,Premium,2,13000,Available
R00774,H003,144,Suite,4,15100,Available
R00775,H003,145,Deluxe,3,7100,Available
R00776,H003,146,Villa,6,29150,Available
R00777,H003,147,Villa,6,23950,Available
R00778,H003,148,Premium,2,12650,Maintenance
R00779,H003,149,Premium,3,10650,Available
R00780,H003,150,Family,4,13600,Available
R00781,H003,151,Villa,4,30950,Available
R00782,H003,152,Suite,3,17100,Maintenance
R00783,H003,153,Villa,6,27950,Available
R00784,H003,154,Suite,4,21200,Available
R00785,H003,155,Premium,3,9500,Available
R00786,H003,156,Standard,2,4500,Available
R00787,H003,157,Premium,3,12500,Available
R00788,H003,158,Family,5,14000,Available
R00789,H003,159,Deluxe,3,6900,Available
R00790,H003,160,Deluxe,2,9550,Available
R00791,H003,161,Family,5,12600,Available
R00792,H003,162,Deluxe,2,10200,Available
R00793,H003,163,Suite,3,19500,Available
R00794,H003,164,Suite,3,19850,Available
R00795,H003,165,Premium,2,9500,Available
R00796,H003,166,Premium,2,12050,Reserved
R00797,H003,167,Suite,2,19150,Reserved
R00798,H003,168,Suite,3,14650,Available
R00799,H003,169,Standard,1,4800,Maintenance
R00800,H003,170,Villa,6,25050,Available
R00801,H003,171,Deluxe,3,9050,Maintenance
R00802,H003,172,Villa,5,30300,Available
R00803,H003,173,Premium,2,11500,Out of Service
R00804,H003,174,Deluxe,2,7950,Available
R00805,H003,175,Premium,3,13900,Available
R00806,H003,176,Premium,3,9350,Available
R00807,H003,177,Deluxe,2,10400,Available
R00808,H003,178,Deluxe,3,8000,Available
R00809,H003,179,Deluxe,2,7900,Reserved
R00810,H003,180,Deluxe,3,11150,Available
R00811,H003,181,Villa,5,32850,Available
R00812,H003,182,Suite,4,21850,Available
R00813,H003,183,Villa,5,17550,Available
R00814,H003,184,Deluxe,3,7750,Available
R00815,H003,185,Deluxe,3,9150,Available
R00816,H003,186,Premium,3,14050,Available
R00817,H003,187,Deluxe,3,8600,Available
R00818,H003,188,Standard,2,7150,Available
R00819,H003,189,Suite,4,23150,Available
R00820,H003,190,Villa,6,23500,Out of Service
R00821,H003,191,Villa,5,23000,Available
R00822,H003,192,Standard,2,5900,Available
R00823,H003,193,Premium,3,13300,Available
R00824,H003,194,Family,5,10750,Maintenance
R00825,H003,195,Premium,3,10400,Available
R00826,H003,196,Suite,3,24000,Available
R00827,H003,197,Family,4,9950,Available
R00828,H003,198,Suite,3,24350,Available
R00829,H003,199,Family,5,13650,Available
R00830,H003,200,Family,3,13450,Available
R00831,H003,201,Villa,4,32200,Available
R00832,H003,202,Premium,2,11100,Maintenance
R00833,H003,203,Suite,2,15250,Maintenance
R00834,H003,204,Suite,3,24550,Out of Service
R00835,H003,205,Suite,2,21800,Available
R00836,H003,206,Suite,2,17300,Available
R00837,H003,207,Villa,5,18050,Available
R00838,H003,208,Suite,3,19100,Available
R00839,H003,209,Villa,5,31850,Reserved
R00840,H003,210,Villa,5,24500,Available
R00841,H003,211,Deluxe,3,10600,Available
R00842,H003,212,Villa,5,31250,Reserved
R00843,H003,213,Family,4,13550,Available
R00844,H003,214,Deluxe,3,7200,Maintenance
R00845,H003,215,Deluxe,2,8500,Available
R00846,H003,216,Deluxe,3,9500,Available
R00847,H003,217,Family,5,9100,Available
R00848,H003,218,Deluxe,2,7000,Maintenance
R00849,H003,219,Deluxe,2,9450,Available
R00850,H003,220,Family,4,15150,Available
R00851,H003,221,Deluxe,2,9400,Available
R00852,H003,222,Villa,6,23700,Out of Service
R00853,H003,223,Standard,1,7200,Out of Service
R00854,H003,224,Suite,4,14500,Available
R00855,H003,225,Family,3,11700,Available
R00856,H003,226,Family,5,15450,Available
R00857,H003,227,Standard,2,6650,Available
R00858,H003,228,Standard,2,6600,Available
R00859,H003,229,Deluxe,2,7500,Available
R00860,H003,230,Villa,4,19650,Maintenance
R00861,H003,231,Suite,3,14950,Available
R00862,H003,232,Family,4,14550,Maintenance
R00863,H003,233,Suite,2,18300,Available
R00864,H003,234,Deluxe,3,7550,Available
R00865,H003,235,Family,5,15400,Available
R00866,H003,236,Family,5,15050,Available
R00867,H003,237,Deluxe,3,9600,Available
R00868,H003,238,Family,3,11000,Available
R00869,H003,239,Villa,4,18900,Maintenance
R00870,H003,240,Villa,5,28850,Available
R00871,H003,241,Family,3,13950,Maintenance
R00872,H003,242,Villa,5,33350,Available
R00873,H003,243,Suite,2,20700,Available
R00874,H003,244,Deluxe,2,9700,Available
R00875,H003,245,Premium,3,13600,Available
R00876,H003,246,Premium,2,11650,Available
R00877,H003,247,Standard,2,6150,Available
R00878,H003,248,Executive,1,13850,Available
R00879,H003,249,Deluxe,2,9800,Available
R00880,H003,250,Deluxe,3,7750,Reserved
R00881,H003,251,Deluxe,2,9150,Available
R00882,H003,252,Standard,1,6750,Out of Service
R00883,H003,253,Villa,5,20900,Reserved
R00884,H003,254,Deluxe,2,10950,Out of Service
R00885,H003,255,Premium,2,10100,Available
R00886,H003,256,Family,5,10800,Available
R00887,H003,257,Deluxe,2,7600,Available
R00888,H003,258,Deluxe,3,8250,Available
R00889,H003,259,Deluxe,2,8950,Available
R00890,H003,260,Family,5,13550,Maintenance
R00891,H003,261,Standard,1,5950,Out of Service
R00892,H003,262,Deluxe,2,7150,Available
R00893,H003,263,Villa,6,30900,Available
R00894,H003,264,Standard,2,5700,Available
R00895,H003,265,Suite,4,18000,Available
R00896,H003,266,Standard,2,4750,Available
R00897,H003,267,Villa,4,33600,Available
R00898,H003,268,Family,4,15150,Available
R00899,H003,269,Deluxe,3,7900,Available
R00900,H003,270,Suite,2,20400,Available
R00901,H003,271,Family,4,10350,Available
R00902,H003,272,Family,5,11150,Available
R00903,H003,273,Family,3,11650,Available
R00904,H003,274,Family,3,12650,Available
R00905,H003,275,Villa,5,23500,Available
R00906,H003,276,Premium,3,9100,Available
R00907,H003,277,Family,4,11050,Available
R00908,H003,278,Suite,2,21050,Available
R00909,H003,279,Premium,3,9350,Available
R00910,H003,280,Executive,2,13550,Available
R00911,H003,281,Villa,5,19800,Available
R00912,H003,282,Deluxe,2,7350,Available
R00913,H003,283,Suite,3,22900,Available
R00914,H003,284,Standard,1,6700,Available
R00915,H003,285,Deluxe,3,9600,Available
R00916,H003,286,Standard,2,6450,Available
R00917,H003,287,Deluxe,3,7200,Available
R00918,H003,288,Suite,4,14250,Reserved
R00919,H003,289,Villa,4,24700,Available
R00920,H003,290,Executive,1,9250,Available
R00921,H003,291,Family,5,14550,Available
R00922,H003,292,Villa,6,23900,Available
R00923,H003,293,Deluxe,2,8550,Available
R00924,H003,294,Villa,5,30200,Out of Service
R00925,H003,295,Suite,2,24600,Available
R00926,H003,296,Standard,2,5750,Available
R00927,H003,297,Premium,3,11550,Available
R00928,H003,298,Deluxe,2,8350,Maintenance
R00929,H003,299,Suite,4,16500,Available
R00930,H003,300,Deluxe,2,9200,Available
R00931,H003,301,Suite,4,22950,Available
R00932,H003,302,Deluxe,3,9700,Maintenance
R00933,H003,303,Suite,2,16950,Available
R00934,H003,304,Suite,4,16950,Available
R00935,H003,305,Suite,3,16250,Available
R00936,H003,306,Deluxe,3,10600,Available
R00937,H003,307,Family,3,10700,Available
R00938,H003,308,Villa,4,28450,Available
R00939,H003,309,Deluxe,2,7100,Available
R00940,H003,310,Premium,3,10100,Available
R00941,H003,311,Deluxe,2,8050,Available
R00942,H003,312,Villa,5,26850,Available
R00943,H003,313,Deluxe,3,6800,Available
R00944,H003,314,Deluxe,3,10300,Available
R00945,H003,315,Family,4,12300,Available
R00946,H003,316,Family,5,13800,Available
R00947,H003,317,Villa,5,21150,Available
R00948,H003,318,Suite,4,18700,Available
R00949,H003,319,Standard,1,5450,Maintenance
R00950,H003,320,Family,3,14050,Available
R00951,H003,321,Villa,4,17650,Available
R00952,H003,322,Deluxe,2,10600,Available
R00953,H003,323,Deluxe,3,9400,Available
R00954,H003,324,Family,4,9950,Available
R00955,H003,325,Deluxe,2,9350,Available
R00956,H003,326,Premium,3,11800,Reserved
R00957,H003,327,Suite,4,20300,Available
R00958,H003,328,Standard,2,4500,Available
R00959,H003,329,Family,3,9050,Available
R00960,H003,330,Premium,2,12150,Maintenance
R00961,H003,331,Villa,6,23100,Available
R00962,H003,332,Premium,2,11450,Available
R00963,H003,333,Deluxe,3,10750,Available
R00964,H003,334,Deluxe,2,9500,Available
R00965,H003,335,Family,3,9600,Available
R00966,H003,336,Suite,2,22800,Available
R00967,H003,337,Family,5,14050,Available
R00968,H003,338,Premium,3,10450,Available
R00969,H003,339,Suite,3,18850,Available
R00970,H003,340,Suite,3,23400,Available
R00971,H003,341,Deluxe,2,10250,Out of Service
R00972,H003,342,Villa,6,27500,Available
R00973,H003,343,Suite,4,22800,Maintenance
R00974,H003,344,Premium,2,9450,Available
R00975,H003,345,Premium,2,10200,Available
R00976,H003,346,Suite,3,15250,Maintenance
R00977,H003,347,Villa,5,26050,Available
R00978,H003,348,Suite,4,21400,Available
R00979,H003,349,Suite,2,23450,Available
R00980,H003,350,Deluxe,2,10800,Available
R00981,H003,351,Family,3,9050,Available
R00982,H003,352,Suite,4,22550,Available
R00983,H003,353,Villa,4,27850,Reserved
R00984,H003,354,Premium,3,13300,Available
R00985,H003,355,Deluxe,2,10700,Available
R00986,H003,356,Villa,5,22650,Available
R00987,H003,357,Family,4,13650,Available
R00988,H003,358,Villa,4,18950,Available
R00989,H003,359,Standard,1,6900,Available
R00990,H003,360,Suite,4,20900,Available
R00991,H003,361,Villa,5,29300,Available
R00992,H003,362,Premium,3,13600,Available
R00993,H003,363,Villa,4,18900,Maintenance
R00994,H003,364,Premium,2,12150,Maintenance
R00995,H003,365,Family,4,10600,Available
R00996,H003,366,Family,4,13700,Reserved
R00997,H003,367,Suite,3,21900,Available
R00998,H003,368,Deluxe,3,10150,Available
R00999,H003,369,Premium,3,14100,Available
R01000,H003,370,Premium,3,13550,Maintenance
R01001,H003,371,Family,4,10950,Available
R01002,H003,372,Suite,3,24100,Available
R01003,H003,373,Suite,2,13450,Available
R01004,H003,374,Deluxe,3,10200,Available
R01005,H003,375,Family,5,10100,Available
R01006,H003,376,Suite,2,14100,Available
R01007,H003,377,Deluxe,3,8500,Available
R01008,H003,378,Family,3,10750,Available
R01009,H003,379,Deluxe,3,9300,Available
R01010,H003,380,Deluxe,3,9350,Available
R01011,H003,381,Premium,2,14300,Available
R01012,H003,382,Premium,2,12150,Maintenance
R01013,H003,383,Suite,3,16550,Available
R01014,H003,384,Suite,4,21700,Available
R01015,H003,385,Villa,4,29350,Maintenance
R01016,H003,386,Villa,6,18200,Available
R01017,H003,387,Villa,4,17800,Available
R01018,H003,388,Deluxe,3,7750,Available
R01019,H003,389,Premium,2,12200,Available
R01020,H003,390,Deluxe,2,9200,Available
R01021,H003,391,Suite,2,16250,Available
R01022,H003,392,Deluxe,3,8950,Available
R01023,H003,393,Family,5,9100,Available
R01024,H003,394,Standard,2,5050,Available
R01025,H003,395,Family,4,9300,Available
R01026,H003,396,Family,4,15150,Available
R01027,H003,397,Premium,3,11100,Available
R01028,H003,398,Family,4,12400,Available
R01029,H003,399,Executive,1,14350,Maintenance
R01030,H003,400,Premium,2,9300,Available
R01031,H003,401,Family,3,12100,Available
R01032,H003,402,Family,3,11450,Reserved
R01033,H003,403,Family,5,11250,Available
R01034,H003,404,Suite,3,19950,Available
R01035,H003,405,Villa,5,33400,Available
R01036,H003,406,Deluxe,3,6800,Available
R01037,H003,407,Family,4,14550,Available
R01038,H003,408,Suite,4,17150,Available
R01039,H003,409,Standard,1,6300,Available
R01040,H003,410,Premium,2,9200,Available
R01041,H003,411,Suite,2,19150,Available
R01042,H003,412,Family,4,9700,Available
R01043,H003,413,Family,5,11550,Available
R01044,H003,414,Deluxe,3,7450,Available
R01045,H003,415,Suite,3,22250,Available
R01046,H003,416,Villa,5,23750,Available
R01047,H003,417,Premium,3,11950,Available
R01048,H003,418,Deluxe,2,10200,Maintenance
R01049,H003,419,Villa,6,27850,Available
R01050,H003,420,Family,4,11650,Available
R01051,H003,421,Suite,3,22200,Available
R01052,H003,422,Family,5,12450,Available
R01053,H003,423,Family,3,10000,Available
R01054,H003,424,Villa,6,23350,Reserved
R01055,H003,425,Family,5,12950,Maintenance
R01056,H003,426,Villa,4,23100,Maintenance
R01057,H003,427,Villa,5,22450,Available
R01058,H003,428,Executive,1,9650,Available
R01059,H003,429,Premium,3,11350,Out of Service
R01060,H003,430,Executive,1,11500,Available
R01061,H003,431,Suite,2,18950,Out of Service
R01062,H003,432,Family,3,9650,Available
R01063,H003,433,Deluxe,2,8400,Available
R01064,H003,434,Deluxe,2,10500,Available
R01065,H003,435,Premium,2,13400,Available
R01066,H003,436,Villa,4,23800,Out of Service
R01067,H003,437,Premium,2,12050,Available
R01068,H003,438,Family,5,15650,Available
R01069,H003,439,Family,5,10300,Available
R01070,H003,440,Deluxe,3,10000,Available
R01071,H003,441,Deluxe,3,9700,Available
R01072,H003,442,Family,4,14250,Available
R01073,H003,443,Family,3,11700,Available
R01074,H003,444,Suite,2,14450,Maintenance
R01075,H003,445,Deluxe,3,10900,Available
R01076,H003,446,Family,4,12000,Available
R01077,H003,447,Family,5,9450,Available
R01078,H003,448,Villa,4,16800,Available
R01079,H003,449,Premium,2,11900,Available
R01080,H003,450,Family,5,14200,Available
R01081,H003,451,Deluxe,3,9200,Available
R01082,H003,452,Deluxe,3,10900,Available
R01083,H003,453,Premium,2,12500,Reserved
R01084,H003,454,Premium,3,14250,Reserved
R01085,H003,455,Family,3,14950,Available
R01086,H003,456,Premium,2,12950,Available
R01087,H003,457,Family,5,9450,Available
R01088,H003,458,Suite,2,15400,Reserved
R01089,H003,459,Deluxe,3,10700,Available
R01090,H003,460,Premium,2,13350,Available
R01091,H003,461,Premium,2,12050,Available
R01092,H003,462,Standard,1,4550,Out of Service
R01093,H003,463,Deluxe,2,11100,Available
R01094,H003,464,Family,4,10550,Available
R01095,H003,465,Premium,2,10200,Available
R01096,H003,466,Suite,4,24350,Available
R01097,H003,467,Premium,3,11250,Available
R01098,H003,468,Family,3,14000,Available
R01099,H003,469,Standard,2,6600,Available
R01100,H003,470,Deluxe,3,10100,Available
R01101,H003,471,Suite,2,22100,Available
R01102,H003,472,Suite,2,16050,Available
R01103,H003,473,Family,3,14350,Available
R01104,H003,474,Villa,6,32500,Available
R01105,H003,475,Deluxe,2,10150,Available
R01106,H003,476,Suite,3,15000,Available
R01107,H003,477,Premium,3,14300,Available
R01108,H003,478,Premium,3,14250,Available
R01109,H003,479,Suite,3,22600,Available
R01110,H003,480,Premium,2,11300,Reserved
R01111,H004,101,Villa,5,28600,Available
R01112,H004,102,Deluxe,2,9750,Available
R01113,H004,103,Executive,2,12850,Available
R01114,H004,104,Family,5,9700,Available
R01115,H004,105,Family,4,12700,Available
R01116,H004,106,Premium,3,10450,Available
R01117,H004,107,Suite,2,19500,Reserved
R01118,H004,108,Suite,2,19700,Available
R01119,H004,109,Family,5,10600,Available
R01120,H004,110,Villa,4,22650,Available
R01121,H004,111,Suite,3,21700,Available
R01122,H004,112,Standard,1,4350,Available
R01123,H004,113,Suite,4,13100,Available
R01124,H004,114,Family,4,8600,Available
R01125,H004,115,Family,3,11350,Available
R01126,H004,116,Deluxe,2,8900,Available
R01127,H004,117,Deluxe,2,8250,Maintenance
R01128,H004,118,Suite,3,16650,Reserved
R01129,H004,119,Deluxe,3,9300,Available
R01130,H004,120,Family,4,10900,Maintenance
R01131,H004,121,Deluxe,3,8900,Reserved
R01132,H004,122,Suite,3,20050,Maintenance
R01133,H004,123,Suite,4,17400,Available
R01134,H004,124,Suite,3,13250,Available
R01135,H004,125,Executive,1,9850,Available
R01136,H004,126,Deluxe,3,9650,Available
R01137,H004,127,Suite,4,21100,Available
R01138,H004,128,Villa,5,29100,Available
R01139,H004,129,Family,4,14200,Available
R01140,H004,130,Family,4,9900,Available
R01141,H004,131,Family,5,8600,Available
R01142,H004,132,Suite,2,19350,Available
R01143,H004,133,Deluxe,2,9800,Maintenance
R01144,H004,134,Premium,2,12200,Available
R01145,H004,135,Standard,1,5550,Available
R01146,H004,136,Suite,2,18400,Available
R01147,H004,137,Suite,2,15700,Available
R01148,H004,138,Deluxe,2,6900,Available
R01149,H004,139,Standard,1,5150,Available
R01150,H004,140,Family,5,9550,Available
R01151,H004,141,Deluxe,3,9650,Available
R01152,H004,142,Premium,3,10150,Available
R01153,H004,143,Premium,2,10100,Available
R01154,H004,144,Deluxe,3,8800,Available
R01155,H004,145,Suite,4,17800,Available
R01156,H004,146,Villa,6,21650,Available
R01157,H004,147,Deluxe,2,6500,Available
R01158,H004,148,Suite,2,21850,Available
R01159,H004,149,Executive,1,9450,Available
R01160,H004,150,Deluxe,3,7000,Maintenance
R01161,H004,151,Suite,4,13300,Reserved
R01162,H004,152,Family,4,12050,Available
R01163,H004,153,Standard,2,5050,Available
R01164,H004,154,Deluxe,3,10300,Available
R01165,H004,155,Family,4,9700,Reserved
R01166,H004,156,Premium,3,11700,Available
R01167,H004,157,Premium,3,11550,Available
R01168,H004,158,Standard,1,6650,Available
R01169,H004,159,Suite,4,15100,Available
R01170,H004,160,Deluxe,2,10250,Available
R01171,H004,161,Family,3,8500,Available
R01172,H004,162,Deluxe,3,7850,Available
R01173,H004,163,Suite,2,13200,Available
R01174,H004,164,Villa,4,29500,Available
R01175,H004,165,Suite,3,20300,Available
R01176,H004,166,Suite,2,22700,Available
R01177,H004,167,Villa,6,16750,Available
R01178,H004,168,Suite,3,17500,Available
R01179,H004,169,Premium,3,12100,Available
R01180,H004,170,Family,3,11700,Available
R01181,H004,171,Standard,2,6000,Available
R01182,H004,172,Deluxe,3,7050,Available
R01183,H004,173,Deluxe,3,8850,Available
R01184,H004,174,Suite,2,22850,Available
R01185,H004,175,Villa,6,26650,Available
R01186,H004,176,Premium,2,11650,Available
R01187,H004,177,Suite,4,13250,Reserved
R01188,H004,178,Deluxe,3,10350,Available
R01189,H004,179,Premium,2,11000,Available
R01190,H004,180,Deluxe,3,10100,Available
R01191,H004,181,Family,4,11850,Available
R01192,H004,182,Suite,2,12900,Available
R01193,H004,183,Suite,3,14750,Available
R01194,H004,184,Executive,2,8850,Available
R01195,H004,185,Deluxe,2,7200,Available
R01196,H004,186,Family,3,13250,Available
R01197,H004,187,Villa,4,16150,Available
R01198,H004,188,Deluxe,3,9400,Available
R01199,H004,189,Suite,2,18500,Out of Service
R01200,H004,190,Standard,1,6350,Available
R01201,H004,191,Family,5,11550,Available
R01202,H004,192,Deluxe,3,6550,Available
R01203,H004,193,Deluxe,2,10350,Available
R01204,H004,194,Premium,2,12650,Available
R01205,H004,195,Premium,2,11350,Available
R01206,H004,196,Villa,5,26700,Available
R01207,H004,197,Family,4,12300,Reserved
R01208,H004,198,Deluxe,3,9700,Available
R01209,H004,199,Suite,3,19900,Available
R01210,H004,200,Suite,3,14300,Available
R01211,H004,201,Deluxe,3,7350,Reserved
R01212,H004,202,Suite,3,18900,Available
R01213,H004,203,Family,3,10500,Maintenance
R01214,H004,204,Family,4,13850,Available
R01215,H004,205,Villa,6,19100,Available
R01216,H004,206,Villa,4,28550,Available
R01217,H004,207,Standard,1,5500,Available
R01218,H004,208,Standard,1,5850,Available
R01219,H004,209,Family,5,14650,Reserved
R01220,H004,210,Deluxe,2,8100,Available
R01221,H004,211,Deluxe,2,7150,Available
R01222,H004,212,Premium,3,9800,Available
R01223,H004,213,Villa,6,27500,Available
R01224,H004,214,Deluxe,2,6550,Maintenance
R01225,H004,215,Executive,2,12000,Available
R01226,H004,216,Suite,3,13900,Available
R01227,H004,217,Suite,4,20600,Maintenance
R01228,H004,218,Family,5,10800,Available
R01229,H004,219,Deluxe,2,9950,Out of Service
R01230,H004,220,Family,3,12400,Available
R01231,H004,221,Executive,1,13050,Available
R01232,H004,222,Premium,3,11400,Reserved
R01233,H004,223,Executive,2,11950,Available
R01234,H004,224,Premium,3,10550,Available
R01235,H004,225,Family,3,13800,Available
R01236,H004,226,Deluxe,2,8750,Available
R01237,H004,227,Family,5,12400,Maintenance
R01238,H004,228,Suite,3,21050,Available
R01239,H004,229,Family,5,14350,Available
R01240,H004,230,Suite,3,16450,Available
R01241,H004,231,Premium,3,12200,Available
R01242,H004,232,Family,3,11300,Available
R01243,H004,233,Deluxe,3,7400,Available
R01244,H004,234,Villa,5,24800,Available
R01245,H004,235,Family,4,13500,Available
R01246,H004,236,Executive,1,12850,Reserved
R01247,H004,237,Villa,5,19800,Available
R01248,H004,238,Suite,4,12900,Available
R01249,H004,239,Premium,3,10650,Available
R01250,H004,240,Family,3,11950,Available
R01251,H004,241,Family,4,12550,Available
R01252,H004,242,Premium,3,9800,Available
R01253,H004,243,Deluxe,2,10500,Available
R01254,H004,244,Deluxe,3,8000,Available
R01255,H004,245,Family,4,12750,Available
R01256,H004,246,Villa,5,16850,Available
R01257,H004,247,Premium,3,9850,Available
R01258,H004,248,Premium,3,9750,Available
R01259,H004,249,Suite,4,23000,Available
R01260,H004,250,Suite,3,17500,Available
R01261,H004,251,Family,3,10250,Available
R01262,H004,252,Family,5,9150,Maintenance
R01263,H004,253,Standard,1,6100,Available
R01264,H004,254,Suite,4,17750,Available
R01265,H004,255,Standard,2,5950,Available
R01266,H004,256,Premium,2,12900,Available
R01267,H004,257,Family,3,9600,Maintenance
R01268,H004,258,Suite,3,17650,Maintenance
R01269,H004,259,Villa,6,26100,Reserved
R01270,H004,260,Suite,2,18850,Out of Service
R01271,H004,261,Suite,4,17000,Available
R01272,H004,262,Deluxe,2,10450,Available
R01273,H004,263,Premium,2,10450,Maintenance
R01274,H004,264,Villa,4,16950,Available
R01275,H004,265,Deluxe,3,7400,Available
R01276,H004,266,Premium,2,10200,Available
R01277,H004,267,Suite,2,14500,Available
R01278,H004,268,Executive,1,12500,Available
R01279,H004,269,Deluxe,3,6500,Maintenance
R01280,H004,270,Standard,1,4900,Maintenance
R01281,H004,271,Deluxe,2,8400,Available
R01282,H004,272,Premium,3,10750,Available
R01283,H004,273,Villa,6,30500,Maintenance
R01284,H004,274,Deluxe,2,9900,Maintenance
R01285,H004,275,Deluxe,3,9300,Available
R01286,H004,276,Suite,2,14200,Available
R01287,H004,277,Family,5,8900,Available
R01288,H004,278,Deluxe,2,7950,Available
R01289,H004,279,Executive,2,11100,Available
R01290,H004,280,Suite,4,14250,Available
R01291,H004,281,Deluxe,3,10400,Available
R01292,H004,282,Family,4,9800,Available
R01293,H004,283,Standard,2,6150,Available
R01294,H004,284,Premium,2,9300,Available
R01295,H004,285,Premium,2,13400,Available
R01296,H004,286,Family,4,13400,Maintenance
R01297,H004,287,Premium,3,8950,Reserved
R01298,H004,288,Family,4,14000,Available
R01299,H004,289,Premium,3,13150,Available
R01300,H004,290,Family,3,13950,Available
R01301,H004,291,Suite,3,20300,Available
R01302,H004,292,Villa,4,24000,Available
R01303,H004,293,Premium,2,10600,Maintenance
R01304,H004,294,Executive,1,9100,Available
R01305,H004,295,Suite,3,12800,Available
R01306,H004,296,Premium,2,12050,Available
R01307,H004,297,Villa,4,16550,Maintenance
R01308,H004,298,Family,5,13100,Available
R01309,H004,299,Premium,3,8550,Available
R01310,H004,300,Suite,3,17050,Available
R01311,H004,301,Deluxe,3,10300,Maintenance
R01312,H004,302,Family,4,10250,Available
R01313,H004,303,Premium,2,13400,Available
R01314,H004,304,Executive,1,10350,Available
R01315,H004,305,Deluxe,2,6900,Available
R01316,H004,306,Villa,5,25400,Available
R01317,H004,307,Deluxe,2,10450,Reserved
R01318,H004,308,Deluxe,2,6500,Available
R01319,H004,309,Villa,5,24750,Maintenance
R01320,H004,310,Family,4,8500,Out of Service
R01321,H004,311,Deluxe,3,6600,Maintenance
R01322,H004,312,Premium,2,12150,Available
R01323,H004,313,Deluxe,3,7100,Maintenance
R01324,H004,314,Villa,6,26950,Maintenance
R01325,H004,315,Villa,6,19900,Available
R01326,H004,316,Villa,5,23750,Available
R01327,H004,317,Deluxe,3,10500,Available
R01328,H004,318,Family,5,12500,Available
R01329,H004,319,Standard,2,5100,Maintenance
R01330,H004,320,Family,3,10250,Available
R01331,H004,321,Premium,2,13150,Available
R01332,H004,322,Villa,4,23900,Available
R01333,H004,323,Family,5,12800,Available
R01334,H004,324,Villa,5,28100,Available
R01335,H004,325,Family,5,12400,Maintenance
R01336,H004,326,Executive,2,11350,Available
R01337,H004,327,Premium,2,12950,Reserved
R01338,H004,328,Family,4,10850,Available
R01339,H004,329,Executive,2,10500,Available
R01340,H004,330,Villa,4,21400,Reserved
R01341,H004,331,Family,4,12950,Available
R01342,H004,332,Villa,4,24550,Available
R01343,H004,333,Family,3,12650,Available
R01344,H004,334,Deluxe,3,8450,Available
R01345,H004,335,Family,5,12550,Available
R01346,H004,336,Family,5,14600,Available
R01347,H004,337,Deluxe,2,8500,Available
R01348,H004,338,Villa,6,26600,Maintenance
R01349,H004,339,Deluxe,2,8450,Available
R01350,H004,340,Deluxe,3,7900,Available
R01351,H004,341,Premium,2,11850,Available
R01352,H004,342,Suite,4,14950,Available
R01353,H004,343,Villa,4,30550,Available
R01354,H004,344,Suite,2,18100,Available
R01355,H004,345,Premium,2,12950,Maintenance
R01356,H004,346,Premium,3,10000,Available
R01357,H004,347,Suite,2,17300,Available
R01358,H004,348,Deluxe,2,9350,Available
R01359,H004,349,Family,5,13200,Available
R01360,H004,350,Villa,6,26000,Available
R01361,H004,351,Deluxe,2,8150,Available
R01362,H004,352,Villa,5,23400,Maintenance
R01363,H004,353,Premium,2,12900,Available
R01364,H004,354,Premium,3,10100,Available
R01365,H004,355,Premium,2,13450,Available
R01366,H004,356,Standard,2,4900,Available
R01367,H004,357,Suite,3,18650,Available
R01368,H004,358,Family,5,13850,Available
R01369,H004,359,Villa,5,17650,Available
R01370,H004,360,Suite,2,13200,Out of Service
R01371,H004,361,Premium,2,13250,Maintenance
R01372,H004,362,Standard,1,4750,Available
R01373,H004,363,Family,3,10800,Reserved
R01374,H004,364,Premium,2,10650,Available
R01375,H004,365,Villa,6,24750,Available
R01376,H004,366,Villa,5,18350,Available
R01377,H004,367,Suite,2,19500,Available
R01378,H004,368,Premium,2,9550,Reserved
R01379,H004,369,Villa,4,30050,Available
R01380,H004,370,Deluxe,2,6900,Available
R01381,H004,371,Standard,2,4950,Available
R01382,H004,372,Deluxe,3,7650,Available
R01383,H004,373,Deluxe,2,8850,Available
R01384,H004,374,Deluxe,3,8100,Available
R01385,H004,375,Villa,5,19450,Reserved
R01386,H004,376,Family,3,11700,Available
R01387,H004,377,Villa,5,19700,Available
R01388,H004,378,Deluxe,2,10150,Available
R01389,H004,379,Standard,1,5650,Reserved
R01390,H004,380,Premium,3,9000,Maintenance
R01391,H004,381,Deluxe,2,8350,Available
R01392,H004,382,Family,5,13400,Available
R01393,H004,383,Premium,2,9300,Maintenance
R01394,H004,384,Deluxe,2,7800,Available
R01395,H004,385,Deluxe,3,9800,Available
R01396,H004,386,Premium,3,13300,Available
R01397,H004,387,Standard,1,5150,Available
R01398,H004,388,Suite,2,15700,Available
R01399,H004,389,Suite,3,22750,Available
R01400,H004,390,Family,3,12400,Available
R01401,H004,391,Deluxe,3,10400,Available
R01402,H004,392,Standard,1,5000,Available
R01403,H004,393,Deluxe,3,8350,Available
R01404,H004,394,Suite,4,13350,Available
R01405,H004,395,Family,4,13000,Available
R01406,H004,396,Family,5,10500,Available
R01407,H004,397,Deluxe,3,7700,Available
R01408,H004,398,Family,4,13650,Available
R01409,H004,399,Family,5,12450,Available
R01410,H004,400,Premium,3,13300,Available
R01411,H004,401,Deluxe,3,8150,Available
R01412,H004,402,Family,4,9600,Available
R01413,H004,403,Villa,5,31300,Available
R01414,H004,404,Family,4,13100,Available
R01415,H004,405,Premium,3,8800,Available
R01416,H004,406,Premium,3,9200,Available
R01417,H004,407,Family,3,11450,Available
R01418,H004,408,Deluxe,2,9150,Available
R01419,H004,409,Deluxe,2,10450,Available
R01420,H004,410,Deluxe,3,8600,Available
R01421,H004,411,Premium,3,11800,Available
R01422,H004,412,Family,4,14300,Available
R01423,H004,413,Family,4,13350,Available
R01424,H004,414,Family,3,12200,Available
R01425,H004,415,Deluxe,3,7900,Available
R01426,H004,416,Family,3,11500,Available
R01427,H004,417,Premium,3,10000,Available
R01428,H004,418,Deluxe,2,9000,Available
R01429,H004,419,Family,3,13550,Out of Service
R01430,H004,420,Deluxe,3,7250,Available
R01431,H005,101,Suite,3,19650,Available
R01432,H005,102,Deluxe,3,8500,Available
R01433,H005,103,Family,4,8150,Available
R01434,H005,104,Executive,2,9850,Available
R01435,H005,105,Standard,2,5850,Available
R01436,H005,106,Standard,1,5950,Available
R01437,H005,107,Premium,2,10400,Available
R01438,H005,108,Premium,3,11250,Available
R01439,H005,109,Family,5,13450,Available
R01440,H005,110,Standard,2,4150,Available
R01441,H005,111,Family,5,11250,Available
R01442,H005,112,Premium,2,10100,Available
R01443,H005,113,Family,4,10050,Available
R01444,H005,114,Suite,4,11850,Available
R01445,H005,115,Standard,2,4850,Reserved
R01446,H005,116,Premium,2,10000,Available
R01447,H005,117,Deluxe,2,8200,Available
R01448,H005,118,Villa,6,28100,Available
R01449,H005,119,Family,5,11100,Available
R01450,H005,120,Suite,3,15850,Available
R01451,H005,121,Deluxe,3,9000,Available
R01452,H005,122,Premium,2,12350,Available
R01453,H005,123,Suite,2,12700,Available
R01454,H005,124,Executive,1,11950,Available
R01455,H005,125,Suite,2,15700,Out of Service
R01456,H005,126,Family,4,10550,Available
R01457,H005,127,Suite,4,16800,Available
R01458,H005,128,Premium,2,9800,Available
R01459,H005,129,Suite,2,18300,Available
R01460,H005,130,Family,4,10100,Available
R01461,H005,131,Premium,3,11200,Available
R01462,H005,132,Executive,2,9850,Available
R01463,H005,133,Premium,2,8700,Available
R01464,H005,134,Deluxe,3,9550,Maintenance
R01465,H005,135,Suite,4,20700,Maintenance
R01466,H005,136,Villa,6,19600,Available
R01467,H005,137,Family,3,13250,Available
R01468,H005,138,Suite,4,16600,Out of Service
R01469,H005,139,Deluxe,3,6950,Available
R01470,H005,140,Family,3,7850,Available
R01471,H005,141,Executive,2,11100,Available
R01472,H005,142,Deluxe,2,6900,Available
R01473,H005,143,Family,5,13150,Available
R01474,H005,144,Deluxe,3,6150,Available
R01475,H005,145,Deluxe,3,9050,Available
R01476,H005,146,Premium,2,10450,Available
R01477,H005,147,Family,5,12750,Available
R01478,H005,148,Premium,2,11250,Available
R01479,H005,149,Deluxe,3,8800,Available
R01480,H005,150,Family,3,13200,Available
R01481,H005,151,Deluxe,3,8050,Available
R01482,H005,152,Family,3,12150,Available
R01483,H005,153,Deluxe,2,6950,Available
R01484,H005,154,Premium,2,8400,Available
R01485,H005,155,Deluxe,2,7700,Available
R01486,H005,156,Premium,3,11550,Available
R01487,H005,157,Family,3,12900,Reserved
R01488,H005,158,Villa,6,17000,Available
R01489,H005,159,Deluxe,3,6450,Available
R01490,H005,160,Deluxe,2,9000,Available
R01491,H005,161,Deluxe,2,7800,Available
R01492,H005,162,Deluxe,3,7250,Available
R01493,H005,163,Premium,3,11650,Available
R01494,H005,164,Villa,6,20000,Available
R01495,H005,165,Deluxe,3,6650,Available
R01496,H005,166,Premium,3,11950,Available
R01497,H005,167,Family,4,12700,Available
R01498,H005,168,Deluxe,3,6400,Available
R01499,H005,169,Family,4,11900,Available
R01500,H005,170,Family,3,10850,Maintenance
R01501,H005,171,Family,4,9550,Available
R01502,H005,172,Premium,2,8600,Available
R01503,H005,173,Family,3,8500,Available
R01504,H005,174,Deluxe,2,9300,Available
R01505,H005,175,Suite,3,11800,Available
R01506,H005,176,Suite,4,20450,Available
R01507,H005,177,Executive,2,9650,Available
R01508,H005,178,Premium,3,8800,Available
R01509,H005,179,Deluxe,2,9600,Available
R01510,H005,180,Suite,2,12600,Available
R01511,H005,181,Family,4,9400,Maintenance
R01512,H005,182,Suite,3,15950,Available
R01513,H005,183,Deluxe,2,9500,Available
R01514,H005,184,Premium,3,11000,Available
R01515,H005,185,Deluxe,3,8400,Available
R01516,H005,186,Villa,4,18750,Reserved
R01517,H005,187,Family,4,11650,Available
R01518,H005,188,Deluxe,2,7700,Available
R01519,H005,189,Standard,2,5300,Maintenance
R01520,H005,190,Premium,2,8200,Available
R01521,H005,191,Family,4,12900,Available
R01522,H005,192,Premium,3,10500,Available
R01523,H005,193,Standard,2,4350,Available
R01524,H005,194,Premium,2,9800,Available
R01525,H005,195,Family,5,7900,Available
R01526,H005,196,Suite,2,19350,Out of Service
R01527,H005,197,Deluxe,2,7250,Available
R01528,H005,198,Family,5,10350,Available
R01529,H005,199,Standard,2,4200,Available
R01530,H005,200,Deluxe,2,8000,Available
R01531,H005,201,Standard,2,6000,Maintenance
R01532,H005,202,Executive,1,11400,Available
R01533,H005,203,Villa,6,21650,Available
R01534,H005,204,Suite,4,13600,Reserved
R01535,H005,205,Premium,3,8100,Available
R01536,H005,206,Premium,3,9300,Available
R01537,H005,207,Family,4,12700,Available
R01538,H005,208,Standard,2,4550,Available
R01539,H005,209,Villa,4,20350,Available
R01540,H005,210,Family,3,11450,Available
R01541,H005,211,Deluxe,3,6600,Available
R01542,H005,212,Family,3,8550,Available
R01543,H005,213,Villa,6,27400,Available
R01544,H005,214,Suite,4,20600,Available
R01545,H005,215,Family,5,10700,Available
R01546,H005,216,Premium,3,8050,Available
R01547,H005,217,Suite,4,20600,Available
R01548,H005,218,Deluxe,3,7650,Available
R01549,H005,219,Premium,3,11900,Available
R01550,H005,220,Villa,5,27750,Available
R01551,H005,221,Suite,4,16050,Available
R01552,H005,222,Family,3,8300,Available
R01553,H005,223,Standard,1,5350,Reserved
R01554,H005,224,Deluxe,2,8700,Available
R01555,H005,225,Executive,2,10400,Available
R01556,H005,226,Standard,2,4450,Available
R01557,H005,227,Suite,4,14050,Maintenance
R01558,H005,228,Premium,2,11050,Available
R01559,H005,229,Villa,5,25900,Available
R01560,H005,230,Villa,5,26600,Available
R01561,H005,231,Deluxe,3,9150,Available
R01562,H005,232,Suite,4,12550,Available
R01563,H005,233,Deluxe,2,7250,Available
R01564,H005,234,Suite,2,15450,Available
R01565,H005,235,Deluxe,3,6250,Available
R01566,H005,236,Family,4,7950,Available
R01567,H005,237,Suite,3,13350,Available
R01568,H005,238,Family,4,8200,Available
R01569,H005,239,Standard,2,5500,Reserved
R01570,H005,240,Deluxe,2,6800,Available
R01571,H005,241,Premium,3,8200,Available
R01572,H005,242,Executive,1,11200,Available
R01573,H005,243,Family,5,11250,Available
R01574,H005,244,Suite,4,17800,Reserved
R01575,H005,245,Family,5,8550,Available
R01576,H005,246,Family,4,11450,Available
R01577,H005,247,Suite,2,14550,Available
R01578,H005,248,Premium,3,9500,Available
R01579,H005,249,Premium,2,8150,Available
R01580,H005,250,Villa,5,16500,Available
R01581,H005,251,Premium,3,7900,Available
R01582,H005,252,Deluxe,3,8700,Available
R01583,H005,253,Family,3,10050,Available
R01584,H005,254,Family,3,11500,Available
R01585,H005,255,Suite,4,19600,Available
R01586,H005,256,Villa,5,25750,Available
R01587,H005,257,Deluxe,3,8800,Available
R01588,H005,258,Family,3,10550,Reserved
R01589,H005,259,Executive,1,10900,Available
R01590,H005,260,Family,4,8750,Maintenance
R01591,H005,261,Executive,2,8950,Out of Service
R01592,H005,262,Premium,2,7900,Reserved
R01593,H005,263,Premium,2,7750,Available
R01594,H005,264,Deluxe,3,7650,Available
R01595,H005,265,Suite,3,13100,Reserved
R01596,H005,266,Deluxe,2,7900,Available
R01597,H005,267,Suite,4,18300,Available
R01598,H005,268,Suite,2,19550,Reserved
R01599,H005,269,Deluxe,2,6050,Available
R01600,H005,270,Suite,3,14200,Reserved
R01601,H005,271,Deluxe,3,6200,Available
R01602,H005,272,Premium,2,12200,Available
R01603,H005,273,Deluxe,2,8700,Maintenance
R01604,H005,274,Deluxe,2,8000,Reserved
R01605,H005,275,Deluxe,3,7850,Available
R01606,H005,276,Suite,4,21100,Maintenance
R01607,H005,277,Villa,5,20400,Available
R01608,H005,278,Deluxe,3,9300,Available
R01609,H005,279,Family,3,11000,Available
R01610,H005,280,Villa,5,24800,Available
R01611,H005,281,Premium,2,11300,Available
R01612,H005,282,Premium,3,12200,Available
R01613,H005,283,Premium,3,9300,Available
R01614,H005,284,Deluxe,2,8000,Available
R01615,H005,285,Family,4,12600,Available
R01616,H005,286,Family,4,8950,Available
R01617,H005,287,Villa,5,18700,Available
R01618,H005,288,Premium,3,8950,Available
R01619,H005,289,Villa,5,20150,Available
R01620,H005,290,Executive,1,8300,Available
R01621,H005,291,Deluxe,3,9550,Available
R01622,H005,292,Deluxe,2,9250,Available
R01623,H005,293,Suite,4,17050,Available
R01624,H005,294,Villa,5,15450,Available
R01625,H005,295,Villa,5,17000,Available
R01626,H005,296,Suite,2,11750,Available
R01627,H005,297,Premium,3,8550,Available
R01628,H005,298,Deluxe,2,7750,Available
R01629,H005,299,Suite,4,15550,Available
R01630,H005,300,Deluxe,2,5850,Available
R01631,H005,301,Premium,3,11800,Available
R01632,H005,302,Villa,5,23150,Available
R01633,H005,303,Family,3,9300,Available
R01634,H005,304,Deluxe,3,7300,Maintenance
R01635,H005,305,Deluxe,3,9300,Available
R01636,H005,306,Premium,3,9700,Available
R01637,H005,307,Deluxe,2,8650,Available
R01638,H005,308,Suite,2,12000,Available
R01639,H005,309,Premium,2,11300,Available
R01640,H005,310,Suite,2,15700,Available
R01641,H005,311,Suite,3,16150,Available
R01642,H005,312,Villa,6,23200,Available
R01643,H005,313,Deluxe,3,6350,Available
R01644,H005,314,Deluxe,2,6750,Available
R01645,H005,315,Premium,3,9400,Available
R01646,H005,316,Family,5,7750,Available
R01647,H005,317,Family,5,13250,Available
R01648,H005,318,Family,5,7950,Available
R01649,H005,319,Family,5,11450,Available
R01650,H005,320,Standard,2,4200,Available
R01651,H005,321,Premium,3,7800,Reserved
R01652,H005,322,Deluxe,3,9450,Available
R01653,H005,323,Deluxe,3,7600,Available
R01654,H005,324,Premium,3,12250,Available
R01655,H005,325,Family,4,10700,Available
R01656,H005,326,Executive,2,11200,Available
R01657,H005,327,Deluxe,2,6200,Available
R01658,H005,328,Family,3,10350,Out of Service
R01659,H005,329,Executive,1,9150,Available
R01660,H005,330,Villa,4,17750,Available
R01661,H005,331,Family,4,10500,Available
R01662,H005,332,Villa,4,16400,Maintenance
R01663,H005,333,Premium,3,12050,Maintenance
R01664,H005,334,Deluxe,3,7900,Available
R01665,H005,335,Standard,1,5950,Available
R01666,H005,336,Villa,6,14450,Available
R01667,H005,337,Family,4,10400,Available
R01668,H005,338,Deluxe,2,5800,Available
R01669,H005,339,Family,3,9950,Available
R01670,H005,340,Family,4,9850,Available
R01671,H005,341,Deluxe,2,8100,Available
R01672,H005,342,Family,4,12050,Available
R01673,H005,343,Deluxe,2,7000,Available
R01674,H005,344,Deluxe,2,8150,Available
R01675,H005,345,Suite,4,12650,Maintenance
R01676,H005,346,Premium,3,12350,Available
R01677,H005,347,Suite,4,20700,Maintenance
R01678,H005,348,Suite,2,16300,Available
R01679,H005,349,Deluxe,3,7450,Available
R01680,H005,350,Villa,6,21400,Available
R01681,H005,351,Suite,4,11600,Available
R01682,H005,352,Villa,6,17800,Available
R01683,H005,353,Premium,3,9550,Available
R01684,H005,354,Standard,2,5850,Reserved
R01685,H005,355,Deluxe,2,9350,Available
R01686,H005,356,Standard,2,5850,Available
R01687,H005,357,Deluxe,2,7500,Available
R01688,H005,358,Family,3,10950,Maintenance
R01689,H005,359,Deluxe,3,8350,Available
R01690,H005,360,Family,4,8250,Available
R01691,H005,361,Suite,3,13400,Available
R01692,H005,362,Deluxe,3,6350,Reserved
R01693,H005,363,Deluxe,3,6600,Available
R01694,H005,364,Villa,4,23250,Available
R01695,H005,365,Suite,3,15650,Out of Service
R01696,H005,366,Suite,3,12950,Available
R01697,H005,367,Standard,2,5700,Maintenance
R01698,H005,368,Suite,3,20000,Available
R01699,H005,369,Villa,4,15200,Available
R01700,H005,370,Suite,4,12200,Available
R01701,H005,371,Suite,4,13200,Maintenance
R01702,H005,372,Premium,3,11900,Available
R01703,H005,373,Suite,3,21000,Available
R01704,H005,374,Deluxe,3,6650,Available
R01705,H005,375,Suite,3,15400,Available
R01706,H005,376,Villa,4,20150,Available
R01707,H005,377,Villa,6,15800,Available
R01708,H005,378,Deluxe,2,8600,Maintenance
R01709,H005,379,Villa,6,23000,Available
R01710,H005,380,Family,4,11100,Available
R01711,H005,381,Deluxe,2,8550,Out of Service
R01712,H005,382,Suite,4,12000,Maintenance
R01713,H005,383,Deluxe,2,8750,Available
R01714,H005,384,Deluxe,3,7300,Available
R01715,H005,385,Family,3,11250,Available
R01716,H005,386,Family,4,10700,Available
R01717,H005,387,Family,5,13050,Available
R01718,H005,388,Suite,4,18900,Available
R01719,H005,389,Villa,4,20950,Available
R01720,H005,390,Standard,2,4400,Maintenance
R01721,H005,391,Deluxe,3,5850,Available
R01722,H005,392,Family,4,12250,Available
R01723,H005,393,Villa,6,20950,Available
R01724,H005,394,Premium,2,10050,Reserved
R01725,H005,395,Premium,2,9650,Maintenance
R01726,H005,396,Deluxe,2,7050,Available
R01727,H005,397,Deluxe,2,6200,Available
R01728,H005,398,Premium,2,9900,Available
R01729,H005,399,Family,3,10900,Available
R01730,H005,400,Deluxe,2,7300,Available
R01731,H006,101,Deluxe,3,4950,Reserved
R01732,H006,102,Deluxe,3,6950,Available
R01733,H006,103,Suite,2,9550,Reserved
R01734,H006,104,Suite,4,10100,Maintenance
R01735,H006,105,Standard,1,3550,Available
R01736,H006,106,Deluxe,3,6050,Available
R01737,H006,107,Deluxe,2,6150,Available
R01738,H006,108,Standard,2,4450,Available
R01739,H006,109,Premium,2,7700,Available
R01740,H006,110,Deluxe,3,6450,Available
R01741,H006,111,Premium,3,8450,Maintenance
R01742,H006,112,Suite,3,10300,Available
R01743,H006,113,Deluxe,2,4650,Available
R01744,H006,114,Standard,2,4650,Reserved
R01745,H006,115,Deluxe,2,5500,Available
R01746,H006,116,Premium,3,8300,Available
R01747,H006,117,Premium,2,7100,Available
R01748,H006,118,Standard,1,4000,Available
R01749,H006,119,Family,4,8050,Available
R01750,H006,120,Standard,2,3150,Reserved
R01751,H006,121,Premium,3,8400,Available
R01752,H006,122,Standard,2,5050,Available
R01753,H006,123,Standard,2,3850,Maintenance
R01754,H006,124,Standard,2,3850,Maintenance
R01755,H006,125,Suite,3,8700,Maintenance
R01756,H006,126,Premium,2,8500,Maintenance
R01757,H006,127,Deluxe,2,7100,Maintenance
R01758,H006,128,Standard,1,4900,Available
R01759,H006,129,Standard,2,3650,Available
R01760,H006,130,Standard,1,3500,Available
R01761,H006,131,Deluxe,2,5900,Available
R01762,H006,132,Premium,3,8150,Available
R01763,H006,133,Standard,1,3350,Available
R01764,H006,134,Deluxe,3,6400,Maintenance
R01765,H006,135,Deluxe,2,6100,Available
R01766,H006,136,Family,5,5750,Available
R01767,H006,137,Family,5,5600,Available
R01768,H006,138,Deluxe,3,5750,Available
R01769,H006,139,Standard,2,5000,Available
R01770,H006,140,Premium,2,8750,Maintenance
R01771,H006,141,Standard,2,3800,Available
R01772,H006,142,Deluxe,3,6450,Available
R01773,H006,143,Deluxe,3,5650,Available
R01774,H006,144,Premium,2,8100,Available
R01775,H006,145,Premium,3,7250,Available
R01776,H006,146,Suite,2,13200,Out of Service
R01777,H006,147,Deluxe,3,5400,Available
R01778,H006,148,Standard,2,3700,Available
R01779,H006,149,Premium,3,7800,Available
R01780,H006,150,Deluxe,2,4900,Reserved
R01781,H006,151,Deluxe,3,4750,Available
R01782,H006,152,Standard,1,4900,Available
R01783,H006,153,Premium,3,6550,Available
R01784,H006,154,Premium,3,6700,Maintenance
R01785,H006,155,Deluxe,2,5150,Available
R01786,H006,156,Standard,2,5000,Available
R01787,H006,157,Suite,3,12600,Available
R01788,H006,158,Deluxe,2,6700,Available
R01789,H006,159,Deluxe,2,4700,Available
R01790,H006,160,Deluxe,2,6500,Available
R01791,H006,161,Deluxe,2,6400,Reserved
R01792,H006,162,Suite,4,10150,Available
R01793,H006,163,Standard,1,3600,Available
R01794,H006,164,Standard,2,4000,Reserved
R01795,H006,165,Deluxe,2,6750,Available
R01796,H006,166,Deluxe,3,6100,Maintenance
R01797,H006,167,Standard,2,4950,Available
R01798,H006,168,Suite,3,8750,Available
R01799,H006,169,Deluxe,2,6200,Available
R01800,H006,170,Standard,2,3800,Out of Service
R01801,H006,171,Standard,1,3150,Available
R01802,H006,172,Suite,4,11900,Available
R01803,H006,173,Suite,2,11550,Available
R01804,H006,174,Suite,2,12600,Available
R01805,H006,175,Family,3,7400,Available
R01806,H006,176,Suite,2,12800,Out of Service
R01807,H006,177,Standard,2,4950,Maintenance
R01808,H006,178,Family,3,6000,Available
R01809,H006,179,Deluxe,2,5850,Available
R01810,H006,180,Suite,4,10500,Available
R01811,H006,181,Standard,1,5100,Available
R01812,H006,182,Deluxe,3,5150,Available
R01813,H006,183,Family,4,5850,Available
R01814,H006,184,Standard,1,4800,Available
R01815,H006,185,Family,3,6250,Available
R01816,H006,186,Deluxe,3,5950,Available
R01817,H006,187,Family,5,8600,Maintenance
R01818,H006,188,Standard,2,3300,Available
R01819,H006,189,Deluxe,3,5800,Available
R01820,H006,190,Premium,2,8450,Available
R01821,H006,191,Standard,1,3400,Available
R01822,H006,192,Standard,2,5000,Reserved
R01823,H006,193,Deluxe,3,7000,Available
R01824,H006,194,Standard,1,4800,Available
R01825,H006,195,Standard,2,4450,Available
R01826,H006,196,Deluxe,3,6150,Available
R01827,H006,197,Standard,1,5050,Available
R01828,H006,198,Suite,3,11150,Available
R01829,H006,199,Deluxe,2,5250,Available
R01830,H006,200,Deluxe,2,6400,Available
R01831,H006,201,Deluxe,3,7050,Available
R01832,H006,202,Premium,2,6700,Available
R01833,H006,203,Standard,1,4850,Maintenance
R01834,H006,204,Deluxe,3,4950,Reserved
R01835,H006,205,Deluxe,2,6450,Available
R01836,H006,206,Deluxe,2,5850,Available
R01837,H006,207,Deluxe,2,5500,Reserved
R01838,H006,208,Standard,1,3750,Available
R01839,H006,209,Suite,2,12350,Available
R01840,H006,210,Deluxe,2,5050,Available
R01841,H006,211,Standard,1,4700,Available
R01842,H006,212,Standard,2,4500,Available
R01843,H006,213,Standard,2,4100,Maintenance
R01844,H006,214,Family,4,7750,Reserved
R01845,H006,215,Standard,2,3650,Available
R01846,H006,216,Deluxe,2,5750,Reserved
R01847,H006,217,Deluxe,2,5450,Available
R01848,H006,218,Deluxe,2,4750,Available
R01849,H006,219,Suite,2,8800,Available
R01850,H006,220,Deluxe,3,5750,Available
R01851,H006,221,Standard,2,4200,Maintenance
R01852,H006,222,Deluxe,2,4900,Available
R01853,H006,223,Deluxe,2,6400,Available
R01854,H006,224,Standard,1,4200,Reserved
R01855,H006,225,Deluxe,3,5750,Available
R01856,H006,226,Deluxe,2,7000,Available
R01857,H006,227,Premium,2,8950,Reserved
R01858,H006,228,Suite,2,12700,Available
R01859,H006,229,Premium,2,8500,Available
R01860,H006,230,Deluxe,2,4600,Available
R01861,H006,231,Premium,3,8150,Available
R01862,H006,232,Premium,2,7400,Available
R01863,H006,233,Premium,3,8200,Reserved
R01864,H006,234,Suite,2,9850,Available
R01865,H006,235,Deluxe,3,6400,Available
R01866,H006,236,Deluxe,2,6250,Available
R01867,H006,237,Premium,3,8250,Available
R01868,H006,238,Suite,2,12950,Out of Service
R01869,H006,239,Standard,2,3150,Maintenance
R01870,H006,240,Deluxe,3,6200,Available
R01871,H006,241,Suite,3,9050,Available
R01872,H006,242,Deluxe,2,6150,Available
R01873,H006,243,Premium,3,8150,Available
R01874,H006,244,Premium,2,7900,Reserved
R01875,H006,245,Standard,2,4650,Available
R01876,H006,246,Standard,1,4050,Available
R01877,H006,247,Family,3,6700,Available
R01878,H006,248,Premium,2,7050,Available
R01879,H006,249,Deluxe,2,6950,Available
R01880,H006,250,Standard,1,3300,Out of Service
R01881,H006,251,Standard,2,4800,Reserved
R01882,H006,252,Standard,1,3200,Available
R01883,H006,253,Standard,1,4050,Available
R01884,H006,254,Standard,1,4800,Available
R01885,H006,255,Deluxe,3,6450,Available
R01886,H006,256,Standard,2,4700,Reserved
R01887,H006,257,Deluxe,3,7100,Reserved
R01888,H006,258,Family,5,7550,Available
R01889,H006,259,Suite,4,12500,Available
R01890,H006,260,Deluxe,3,6000,Maintenance
R01891,H006,261,Standard,2,4850,Available
R01892,H006,262,Premium,3,8200,Maintenance
R01893,H006,263,Standard,1,3450,Maintenance
R01894,H006,264,Standard,1,4900,Available
R01895,H006,265,Standard,2,4800,Reserved
R01896,H006,266,Standard,1,4850,Available
R01897,H006,267,Standard,1,3350,Available
R01898,H006,268,Suite,4,12150,Available
R01899,H006,269,Deluxe,2,6150,Available
R01900,H006,270,Deluxe,3,5300,Available
R01901,H006,271,Premium,2,8750,Available
R01902,H006,272,Standard,1,4700,Available
R01903,H006,273,Deluxe,3,5800,Available
R01904,H006,274,Standard,1,4250,Available
R01905,H006,275,Standard,1,3050,Available
R01906,H006,276,Suite,4,12200,Available
R01907,H006,277,Standard,2,4500,Out of Service
R01908,H006,278,Deluxe,3,6850,Reserved
R01909,H006,279,Standard,2,4350,Maintenance
R01910,H006,280,Deluxe,2,5750,Available
R01911,H007,101,Standard,1,3100,Available
R01912,H007,102,Premium,2,5850,Available
R01913,H007,103,Premium,2,6750,Available
R01914,H007,104,Deluxe,2,4100,Available
R01915,H007,105,Standard,2,3500,Available
R01916,H007,106,Suite,3,7250,Available
R01917,H007,107,Standard,2,3100,Available
R01918,H007,108,Deluxe,2,5250,Available
R01919,H007,109,Deluxe,3,5650,Available
R01920,H007,110,Deluxe,3,4950,Available
R01921,H007,111,Deluxe,3,4350,Available
R01922,H007,112,Standard,1,3900,Maintenance
R01923,H007,113,Deluxe,3,6250,Available
R01924,H007,114,Premium,2,6550,Available
R01925,H007,115,Standard,2,3900,Available
R01926,H007,116,Deluxe,2,4950,Available
R01927,H007,117,Premium,3,7200,Available
R01928,H007,118,Deluxe,3,4300,Maintenance
R01929,H007,119,Standard,2,2750,Available
R01930,H007,120,Standard,2,3650,Available
R01931,H007,121,Deluxe,3,6250,Available
R01932,H007,122,Suite,2,8850,Out of Service
R01933,H007,123,Premium,3,7450,Available
R01934,H007,124,Deluxe,2,5800,Available
R01935,H007,125,Premium,2,6900,Available
R01936,H007,126,Standard,2,2850,Available
R01937,H007,127,Standard,2,2750,Available
R01938,H007,128,Standard,2,3500,Available
R01939,H007,129,Premium,3,7400,Available
R01940,H007,130,Suite,2,10400,Available
R01941,H007,131,Premium,3,6500,Available
R01942,H007,132,Family,3,6250,Available
R01943,H007,133,Premium,2,6900,Available
R01944,H007,134,Deluxe,2,4400,Available
R01945,H007,135,Suite,3,10150,Maintenance
R01946,H007,136,Deluxe,2,5250,Maintenance
R01947,H007,137,Family,3,7550,Available
R01948,H007,138,Standard,2,3700,Available
R01949,H007,139,Standard,2,4400,Available
R01950,H007,140,Standard,2,3350,Available
R01951,H007,141,Family,4,6450,Available
R01952,H007,142,Standard,2,4050,Available
R01953,H007,143,Premium,3,7900,Available
R01954,H007,144,Standard,2,4350,Reserved
R01955,H007,145,Deluxe,2,6250,Available
R01956,H007,146,Suite,3,8300,Maintenance
R01957,H007,147,Standard,1,3150,Available
R01958,H007,148,Standard,1,4200,Available
R01959,H007,149,Premium,2,7950,Maintenance
R01960,H007,150,Standard,1,3450,Available
R01961,H007,151,Standard,2,4300,Maintenance
R01962,H007,152,Standard,1,3800,Available
R01963,H007,153,Family,3,6650,Available
R01964,H007,154,Suite,4,7900,Available
R01965,H007,155,Standard,2,4050,Available
R01966,H007,156,Family,4,6250,Reserved
R01967,H007,157,Premium,3,7950,Available
R01968,H007,158,Deluxe,3,4450,Available
R01969,H007,159,Standard,1,2800,Available
R01970,H007,160,Standard,2,4400,Maintenance
R01971,H007,161,Deluxe,3,5300,Available
R01972,H007,162,Standard,1,3050,Available
R01973,H007,163,Standard,1,2750,Reserved
R01974,H007,164,Deluxe,2,4200,Available
R01975,H007,165,Family,4,6700,Out of Service
R01976,H007,166,Family,4,5450,Available
R01977,H007,167,Deluxe,3,4900,Available
R01978,H007,168,Premium,3,7250,Available
R01979,H007,169,Deluxe,3,5150,Maintenance
R01980,H007,170,Deluxe,2,5950,Maintenance
R01981,H007,171,Deluxe,3,4950,Available
R01982,H007,172,Deluxe,3,5300,Available
R01983,H007,173,Suite,2,8100,Available
R01984,H007,174,Deluxe,3,4450,Reserved
R01985,H007,175,Premium,2,6250,Reserved
R01986,H007,176,Deluxe,3,4300,Available
R01987,H007,177,Suite,2,11450,Available
R01988,H007,178,Suite,3,9100,Available
R01989,H007,179,Family,5,5650,Available
R01990,H007,180,Standard,2,3500,Available
R01991,H007,181,Standard,1,2800,Available
R01992,H007,182,Standard,1,4150,Available
R01993,H007,183,Standard,1,2700,Available
R01994,H007,184,Deluxe,3,4800,Available
R01995,H007,185,Deluxe,2,4450,Maintenance
R01996,H007,186,Standard,2,3450,Available
R01997,H007,187,Standard,2,4450,Reserved
R01998,H007,188,Deluxe,3,5150,Reserved
R01999,H007,189,Deluxe,2,5000,Available
R02000,H007,190,Deluxe,2,5700,Available
R02001,H007,191,Standard,2,3900,Available
R02002,H007,192,Standard,1,3700,Available
R02003,H007,193,Premium,2,7100,Available
R02004,H007,194,Deluxe,3,4250,Reserved
R02005,H007,195,Suite,2,8700,Available
R02006,H007,196,Suite,2,8350,Available
R02007,H007,197,Deluxe,2,5600,Available
R02008,H007,198,Standard,2,3100,Available
R02009,H007,199,Standard,2,4350,Available
R02010,H007,200,Deluxe,3,5700,Available
R02011,H007,201,Suite,2,10500,Available
R02012,H007,202,Deluxe,2,6150,Available
R02013,H007,203,Premium,3,6150,Available
R02014,H007,204,Family,3,7350,Available
R02015,H007,205,Deluxe,2,5800,Reserved
R02016,H007,206,Deluxe,2,5450,Available
R02017,H007,207,Standard,1,3400,Available
R02018,H007,208,Deluxe,3,5400,Available
R02019,H007,209,Standard,2,2800,Available
R02020,H007,210,Standard,2,3200,Available
R02021,H007,211,Premium,3,7700,Available
R02022,H007,212,Deluxe,3,4750,Available
R02023,H007,213,Standard,1,2750,Available
R02024,H007,214,Deluxe,3,5550,Available
R02025,H007,215,Deluxe,2,4450,Available
R02026,H007,216,Premium,2,7800,Available
R02027,H007,217,Suite,4,11300,Maintenance
R02028,H007,218,Deluxe,3,4700,Available
R02029,H007,219,Standard,2,4000,Available
R02030,H007,220,Deluxe,3,6200,Available
R02031,H007,221,Premium,3,6500,Available
R02032,H007,222,Family,5,5600,Out of Service
R02033,H007,223,Deluxe,3,6100,Available
R02034,H007,224,Deluxe,3,5300,Available
R02035,H007,225,Premium,2,7850,Available
R02036,H007,226,Deluxe,3,6000,Available
R02037,H007,227,Suite,3,9200,Available
R02038,H007,228,Premium,3,7250,Maintenance
R02039,H007,229,Standard,2,2800,Available
R02040,H007,230,Standard,1,3050,Reserved
R02041,H007,231,Deluxe,3,5600,Maintenance
R02042,H007,232,Deluxe,2,6200,Available
R02043,H007,233,Suite,2,8700,Available
R02044,H007,234,Deluxe,3,4100,Reserved
R02045,H007,235,Standard,2,4450,Reserved
R02046,H007,236,Deluxe,2,5650,Available
R02047,H007,237,Deluxe,3,5100,Available
R02048,H007,238,Standard,2,4350,Available
R02049,H007,239,Standard,2,3300,Maintenance
R02050,H007,240,Deluxe,3,5250,Available
R02051,H007,241,Deluxe,3,5950,Available
R02052,H007,242,Deluxe,3,4950,Maintenance
R02053,H007,243,Standard,1,3050,Available
R02054,H007,244,Deluxe,2,5300,Available
R02055,H007,245,Deluxe,2,5400,Available
R02056,H007,246,Premium,3,7750,Available
R02057,H007,247,Standard,2,3350,Available
R02058,H007,248,Deluxe,3,6200,Available
R02059,H007,249,Family,5,5500,Available
R02060,H007,250,Premium,2,8000,Available
R02061,H007,251,Deluxe,2,4100,Available
R02062,H007,252,Deluxe,2,5850,Available
R02063,H007,253,Deluxe,2,5400,Available
R02064,H007,254,Deluxe,2,5700,Available
R02065,H007,255,Deluxe,2,5350,Reserved
R02066,H007,256,Deluxe,3,6050,Reserved
R02067,H007,257,Standard,2,2950,Available
R02068,H007,258,Deluxe,2,5050,Reserved
R02069,H007,259,Suite,2,9600,Available
R02070,H007,260,Deluxe,2,5300,Available
R02071,H008,101,Deluxe,2,4950,Out of Service
R02072,H008,102,Deluxe,3,7200,Available
R02073,H008,103,Family,5,8250,Available
R02074,H008,104,Deluxe,3,6650,Available
R02075,H008,105,Deluxe,2,6950,Available
R02076,H008,106,Suite,2,10250,Available
R02077,H008,107,Deluxe,2,7150,Available
R02078,H008,108,Deluxe,2,4800,Available
R02079,H008,109,Deluxe,2,5650,Available
R02080,H008,110,Standard,1,4300,Available
R02081,H008,111,Standard,1,4900,Available
R02082,H008,112,Deluxe,2,5650,Available
R02083,H008,113,Suite,2,8600,Available
R02084,H008,114,Deluxe,3,5500,Available
R02085,H008,115,Standard,2,3350,Available
R02086,H008,116,Standard,2,3350,Available
R02087,H008,117,Standard,1,4250,Available
R02088,H008,118,Standard,2,3550,Available
R02089,H008,119,Deluxe,3,5150,Reserved
R02090,H008,120,Premium,2,7650,Available
R02091,H008,121,Deluxe,2,5400,Reserved
R02092,H008,122,Standard,1,3750,Available
R02093,H008,123,Suite,2,11750,Available
R02094,H008,124,Deluxe,3,6350,Available
R02095,H008,125,Deluxe,3,5300,Maintenance
R02096,H008,126,Standard,2,5200,Available
R02097,H008,127,Standard,1,3400,Available
R02098,H008,128,Deluxe,3,6050,Available
R02099,H008,129,Family,3,6800,Maintenance
R02100,H008,130,Deluxe,2,7350,Maintenance
R02101,H008,131,Standard,2,3250,Reserved
R02102,H008,132,Premium,3,8650,Available
R02103,H008,133,Family,5,6450,Available
R02104,H008,134,Deluxe,2,7400,Available
R02105,H008,135,Standard,2,4900,Available
R02106,H008,136,Suite,2,12900,Maintenance
R02107,H008,137,Deluxe,2,6950,Available
R02108,H008,138,Deluxe,2,7150,Available
R02109,H008,139,Deluxe,2,6200,Reserved
R02110,H008,140,Deluxe,3,6500,Available
R02111,H008,141,Deluxe,3,7250,Available
R02112,H008,142,Standard,2,3650,Available
R02113,H008,143,Suite,2,10650,Reserved
R02114,H008,144,Deluxe,3,7000,Available
R02115,H008,145,Premium,2,7800,Maintenance
R02116,H008,146,Deluxe,3,6500,Available
R02117,H008,147,Deluxe,2,5850,Available
R02118,H008,148,Deluxe,2,5250,Available
R02119,H008,149,Suite,4,11100,Available
R02120,H008,150,Standard,1,4850,Available
R02121,H008,151,Deluxe,2,7150,Available
R02122,H008,152,Premium,2,7600,Available
R02123,H008,153,Deluxe,3,7200,Available
R02124,H008,154,Family,4,6100,Maintenance
R02125,H008,155,Deluxe,3,7200,Available
R02126,H008,156,Deluxe,3,6200,Available
R02127,H008,157,Suite,4,11050,Out of Service
R02128,H008,158,Deluxe,3,5950,Out of Service
R02129,H008,159,Suite,3,10300,Reserved
R02130,H008,160,Suite,3,13200,Reserved
R02131,H008,161,Premium,2,7200,Available
R02132,H008,162,Deluxe,3,5500,Available
R02133,H008,163,Deluxe,2,5300,Available
R02134,H008,164,Deluxe,2,5700,Available
R02135,H008,165,Premium,3,8150,Maintenance
R02136,H008,166,Standard,1,4500,Available
R02137,H008,167,Deluxe,3,5650,Available
R02138,H008,168,Suite,2,9700,Available
R02139,H008,169,Deluxe,2,7150,Maintenance
R02140,H008,170,Deluxe,3,6400,Available
R02141,H008,171,Suite,3,12450,Available
R02142,H008,172,Standard,2,4650,Available
R02143,H008,173,Premium,3,8550,Available
R02144,H008,174,Premium,3,9250,Maintenance
R02145,H008,175,Deluxe,3,6400,Available
R02146,H008,176,Deluxe,2,7200,Available
R02147,H008,177,Premium,3,7400,Available
R02148,H008,178,Standard,2,4350,Available
R02149,H008,179,Suite,2,12600,Available
R02150,H008,180,Deluxe,3,5200,Available
R02151,H008,181,Deluxe,3,7150,Available
R02152,H008,182,Standard,1,3700,Available
R02153,H008,183,Standard,2,4300,Available
R02154,H008,184,Standard,2,3750,Available
R02155,H008,185,Family,4,8400,Available
R02156,H008,186,Deluxe,3,5650,Available
R02157,H008,187,Premium,3,6600,Available
R02158,H008,188,Deluxe,2,6900,Available
R02159,H008,189,Standard,2,4150,Available
R02160,H008,190,Family,3,8900,Available
R02161,H008,191,Deluxe,3,5750,Reserved
R02162,H008,192,Premium,2,8000,Available
R02163,H008,193,Deluxe,3,5800,Available
R02164,H008,194,Deluxe,2,6200,Available
R02165,H008,195,Standard,1,5250,Reserved
R02166,H008,196,Standard,1,4300,Available
R02167,H008,197,Suite,4,9100,Maintenance
R02168,H008,198,Suite,4,9750,Available
R02169,H008,199,Suite,3,9900,Available
R02170,H008,200,Premium,2,6450,Available
R02171,H008,201,Deluxe,3,6200,Available
R02172,H008,202,Family,3,6600,Reserved
R02173,H008,203,Premium,2,7750,Available
R02174,H008,204,Premium,2,8000,Available
R02175,H008,205,Deluxe,3,5450,Available
R02176,H008,206,Standard,2,4300,Maintenance
R02177,H008,207,Suite,4,13400,Available
R02178,H008,208,Premium,2,8500,Available
R02179,H008,209,Deluxe,2,7250,Available
R02180,H008,210,Deluxe,2,7250,Maintenance
R02181,H008,211,Standard,1,3550,Available
R02182,H008,212,Premium,3,8950,Available
R02183,H008,213,Premium,2,7000,Available
R02184,H008,214,Family,4,7200,Available
R02185,H008,215,Premium,2,8750,Available
R02186,H008,216,Deluxe,3,4850,Available
R02187,H008,217,Family,3,5900,Available
R02188,H008,218,Deluxe,2,5700,Available
R02189,H008,219,Suite,3,12900,Reserved
R02190,H008,220,Standard,2,3850,Available
R02191,H008,221,Deluxe,3,5450,Available
R02192,H008,222,Premium,2,6850,Available
R02193,H008,223,Suite,2,9350,Available
R02194,H008,224,Deluxe,2,7000,Available
R02195,H008,225,Premium,3,9150,Available
R02196,H008,226,Premium,2,8200,Available
R02197,H008,227,Premium,3,8850,Available
R02198,H008,228,Standard,2,4650,Available
R02199,H008,229,Standard,1,3800,Available
R02200,H008,230,Suite,4,9650,Available
R02201,H008,231,Deluxe,3,5900,Available
R02202,H008,232,Deluxe,2,5250,Available
R02203,H008,233,Premium,3,9450,Available
R02204,H008,234,Premium,3,7650,Available
R02205,H008,235,Family,5,7600,Available
R02206,H008,236,Suite,3,13350,Available
R02207,H008,237,Deluxe,3,7350,Maintenance
R02208,H008,238,Deluxe,2,7300,Available
R02209,H008,239,Deluxe,3,6350,Available
R02210,H008,240,Premium,3,9300,Available
R02211,H008,241,Standard,1,5050,Available
R02212,H008,242,Deluxe,2,6850,Available
R02213,H008,243,Deluxe,2,5450,Available
R02214,H008,244,Family,4,6850,Available
R02215,H008,245,Standard,2,4450,Available
R02216,H008,246,Suite,4,12450,Available
R02217,H008,247,Deluxe,3,5550,Available
R02218,H008,248,Deluxe,3,5650,Available
R02219,H008,249,Suite,4,10900,Available
R02220,H008,250,Deluxe,2,5050,Available
R02221,H009,101,Standard,1,2200,Reserved
R02222,H009,102,Deluxe,2,1950,Maintenance
R02223,H009,103,Standard,2,1450,Available
R02224,H009,104,Deluxe,3,2400,Available
R02225,H009,105,Standard,1,1600,Available
R02226,H009,106,Suite,3,3650,Reserved
R02227,H009,107,Suite,4,4700,Available
R02228,H009,108,Standard,1,1450,Available
R02229,H009,109,Standard,2,2000,Out of Service
R02230,H009,110,Standard,1,1200,Out of Service
R02231,H009,111,Standard,1,1400,Reserved
R02232,H009,112,Standard,1,1150,Available
R02233,H009,113,Family,3,2800,Available
R02234,H009,114,Deluxe,3,2500,Available
R02235,H009,115,Family,4,3750,Available
R02236,H009,116,Deluxe,3,2050,Available
R02237,H009,117,Standard,2,1700,Available
R02238,H009,118,Standard,2,2050,Available
R02239,H009,119,Standard,1,1150,Maintenance
R02240,H009,120,Deluxe,2,1800,Out of Service
R02241,H009,121,Standard,1,2050,Available
R02242,H009,122,Standard,1,1400,Reserved
R02243,H009,123,Standard,1,1150,Out of Service
R02244,H009,124,Deluxe,3,3100,Available
R02245,H009,125,Suite,3,3850,Available
R02246,H009,126,Standard,1,1700,Available
R02247,H009,127,Deluxe,2,2350,Maintenance
R02248,H009,128,Standard,1,1200,Available
R02249,H009,129,Standard,1,1650,Available
R02250,H009,130,Standard,1,1400,Maintenance
R02251,H009,131,Standard,2,1100,Available
R02252,H009,132,Standard,2,1700,Available
R02253,H009,133,Standard,2,1700,Available
R02254,H009,134,Standard,2,1850,Available
R02255,H009,135,Deluxe,2,1850,Available
R02256,H009,136,Standard,2,1350,Available
R02257,H009,137,Standard,1,1800,Available
R02258,H009,138,Family,5,2650,Available
R02259,H009,139,Standard,1,1800,Available
R02260,H009,140,Deluxe,3,2500,Available
R02261,H009,141,Standard,2,1250,Available
R02262,H009,142,Standard,2,1900,Available
R02263,H009,143,Standard,2,1250,Available
R02264,H009,144,Deluxe,2,2650,Available
R02265,H009,145,Deluxe,2,3100,Available
R02266,H009,146,Deluxe,2,2700,Available
R02267,H009,147,Deluxe,2,2500,Available
R02268,H009,148,Standard,1,1900,Available
R02269,H009,149,Standard,1,1150,Available
R02270,H009,150,Deluxe,2,2750,Available
R02271,H009,151,Standard,2,1450,Available
R02272,H009,152,Standard,1,1550,Available
R02273,H009,153,Deluxe,3,2600,Available
R02274,H009,154,Deluxe,3,2300,Available
R02275,H009,155,Deluxe,3,2800,Available
R02276,H009,156,Standard,1,1300,Available
R02277,H009,157,Standard,1,2200,Available
R02278,H009,158,Suite,3,4150,Available
R02279,H009,159,Standard,1,1100,Available
R02280,H009,160,Standard,2,1800,Available
R02281,H009,161,Family,4,2800,Out of Service
R02282,H009,162,Deluxe,3,1650,Available
R02283,H009,163,Deluxe,2,1800,Available
R02284,H009,164,Standard,2,2250,Available
R02285,H009,165,Standard,1,1250,Available
R02286,H009,166,Standard,1,1550,Available
R02287,H009,167,Deluxe,2,2950,Maintenance
R02288,H009,168,Standard,1,1250,Available
R02289,H009,169,Family,4,3500,Available
R02290,H009,170,Standard,2,1900,Available
R02291,H009,171,Standard,2,1600,Available
R02292,H009,172,Standard,2,2200,Available
R02293,H009,173,Standard,1,1200,Out of Service
R02294,H009,174,Standard,2,2000,Available
R02295,H009,175,Standard,1,1900,Reserved
R02296,H009,176,Standard,2,1950,Available
R02297,H009,177,Standard,2,2250,Reserved
R02298,H009,178,Standard,1,1350,Available
R02299,H009,179,Standard,1,2100,Maintenance
R02300,H009,180,Standard,2,1900,Available
R02301,H009,181,Standard,2,1900,Available
R02302,H009,182,Suite,2,4850,Available
R02303,H009,183,Standard,1,1600,Available
R02304,H009,184,Standard,1,1700,Available
R02305,H009,185,Standard,2,1700,Available
R02306,H009,186,Deluxe,2,1850,Available
R02307,H009,187,Standard,1,1650,Available
R02308,H009,188,Deluxe,3,2450,Out of Service
R02309,H009,189,Standard,1,2200,Available
R02310,H009,190,Family,5,3650,Available
R02311,H009,191,Standard,1,2150,Available
R02312,H009,192,Standard,1,1750,Available
R02313,H009,193,Standard,1,1750,Reserved
R02314,H009,194,Deluxe,3,1900,Available
R02315,H009,195,Standard,1,1250,Available
R02316,H009,196,Standard,2,2100,Available
R02317,H009,197,Deluxe,2,3100,Available
R02318,H009,198,Family,5,2750,Available
R02319,H009,199,Standard,2,1400,Available
R02320,H009,200,Deluxe,2,2500,Available
R02321,H010,101,Deluxe,2,3300,Available
R02322,H010,102,Deluxe,2,1950,Available
R02323,H010,103,Deluxe,2,2650,Available
R02324,H010,104,Deluxe,2,3100,Available
R02325,H010,105,Standard,2,2100,Available
R02326,H010,106,Family,4,4000,Available
R02327,H010,107,Standard,1,2250,Available
R02328,H010,108,Standard,2,2350,Available
R02329,H010,109,Standard,1,2250,Available
R02330,H010,110,Deluxe,3,2400,Available
R02331,H010,111,Standard,1,1650,Available
R02332,H010,112,Family,4,3800,Available
R02333,H010,113,Deluxe,3,1750,Available
R02334,H010,114,Deluxe,2,2750,Available
R02335,H010,115,Standard,1,1800,Available
R02336,H010,116,Deluxe,2,2300,Maintenance
R02337,H010,117,Standard,2,2200,Available
R02338,H010,118,Standard,1,1350,Maintenance
R02339,H010,119,Standard,1,2250,Available
R02340,H010,120,Family,4,3950,Available
R02341,H010,121,Deluxe,2,2100,Available
R02342,H010,122,Deluxe,2,2500,Reserved
R02343,H010,123,Deluxe,2,2650,Available
R02344,H010,124,Standard,1,2000,Available
R02345,H010,125,Standard,2,2050,Available
R02346,H010,126,Deluxe,2,2750,Available
R02347,H010,127,Deluxe,3,2950,Available
R02348,H010,128,Deluxe,2,1800,Available
R02349,H010,129,Suite,2,4650,Available
R02350,H010,130,Standard,2,2050,Maintenance
R02351,H010,131,Standard,2,2250,Available
R02352,H010,132,Suite,3,5500,Available
R02353,H010,133,Deluxe,2,3150,Available
R02354,H010,134,Deluxe,3,3050,Available
R02355,H010,135,Deluxe,2,1900,Available
R02356,H010,136,Deluxe,2,2750,Available
R02357,H010,137,Standard,1,2250,Available
R02358,H010,138,Standard,2,1450,Available
R02359,H010,139,Deluxe,2,2250,Available
R02360,H010,140,Standard,1,1900,Available
R02361,H010,141,Standard,2,1900,Reserved
R02362,H010,142,Deluxe,3,2750,Maintenance
R02363,H010,143,Standard,2,1300,Available
R02364,H010,144,Standard,1,1250,Available
R02365,H010,145,Deluxe,2,2850,Available
R02366,H010,146,Standard,1,1200,Reserved
R02367,H010,147,Deluxe,3,2600,Available
R02368,H010,148,Standard,1,1800,Available
R02369,H010,149,Standard,1,1550,Available
R02370,H010,150,Deluxe,3,2750,Available
R02371,H010,151,Standard,2,1400,Available
R02372,H010,152,Deluxe,2,2050,Available
R02373,H010,153,Family,5,4300,Available
R02374,H010,154,Standard,1,1600,Available
R02375,H010,155,Standard,1,1300,Available
R02376,H010,156,Standard,1,1450,Available
R02377,H010,157,Standard,2,1900,Available
R02378,H010,158,Standard,2,1900,Reserved
R02379,H010,159,Standard,2,1550,Maintenance
R02380,H010,160,Deluxe,3,2350,Available
R02381,H010,161,Standard,2,2250,Available
R02382,H010,162,Standard,2,1500,Maintenance
R02383,H010,163,Deluxe,2,3000,Available
R02384,H010,164,Standard,2,1800,Out of Service
R02385,H010,165,Deluxe,3,2650,Available
R02386,H010,166,Family,4,2550,Available
R02387,H010,167,Standard,2,1600,Reserved
R02388,H010,168,Standard,2,2150,Available
R02389,H010,169,Standard,2,2300,Available
R02390,H010,170,Standard,2,1950,Available
R02391,H010,171,Standard,2,1800,Available
R02392,H010,172,Deluxe,3,1950,Available
R02393,H010,173,Standard,2,2150,Available
R02394,H010,174,Deluxe,2,2100,Available
R02395,H010,175,Deluxe,2,2350,Out of Service
R02396,H010,176,Suite,4,5300,Available
R02397,H010,177,Deluxe,3,2700,Available
R02398,H010,178,Deluxe,3,3250,Available
R02399,H010,179,Standard,2,1550,Maintenance
R02400,H010,180,Standard,1,2150,Available
R02401,H010,181,Deluxe,3,3050,Available
R02402,H010,182,Family,3,3850,Available
R02403,H010,183,Standard,1,1300,Available
R02404,H010,184,Standard,1,1350,Available
R02405,H010,185,Standard,2,1500,Maintenance
R02406,H010,186,Family,3,3700,Available
R02407,H010,187,Standard,2,2350,Available
R02408,H010,188,Deluxe,2,2000,Available
R02409,H010,189,Standard,1,1650,Available
R02410,H010,190,Standard,2,1850,Available
R02411,H011,101,Standard,1,4700,Available
R02412,H011,102,Executive,1,5950,Available
R02413,H011,103,Deluxe,2,4150,Available
R02414,H011,104,Executive,1,7600,Reserved
R02415,H011,105,Deluxe,3,5650,Available
R02416,H011,106,Executive,2,7300,Available
R02417,H011,107,Executive,1,7550,Reserved
R02418,H011,108,Deluxe,3,4500,Available
R02419,H011,109,Standard,2,4400,Available
R02420,H011,110,Standard,1,4800,Available
R02421,H011,111,Standard,2,4850,Available
R02422,H011,112,Standard,1,3500,Available
R02423,H011,113,Deluxe,2,7000,Available
R02424,H011,114,Deluxe,2,6100,Available
R02425,H011,115,Executive,1,6700,Available
R02426,H011,116,Standard,1,3750,Available
R02427,H011,117,Standard,2,4950,Available
R02428,H011,118,Standard,1,5000,Available
R02429,H011,119,Deluxe,3,7150,Available
R02430,H011,120,Standard,1,3400,Available
R02431,H011,121,Deluxe,2,6150,Available
R02432,H011,122,Executive,2,7550,Available
R02433,H011,123,Suite,3,9900,Available
R02434,H011,124,Standard,1,3450,Available
R02435,H011,125,Suite,3,11100,Available
R02436,H011,126,Executive,1,7100,Available
R02437,H011,127,Family,5,6350,Available
R02438,H011,128,Standard,1,4400,Available
R02439,H011,129,Standard,2,4850,Available
R02440,H011,130,Executive,1,5750,Available
R02441,H011,131,Family,5,6700,Reserved
R02442,H011,132,Standard,1,4850,Maintenance
R02443,H011,133,Deluxe,2,6800,Available
R02444,H011,134,Standard,1,4700,Available
R02445,H011,135,Family,4,5250,Available
R02446,H011,136,Executive,1,7100,Available
R02447,H011,137,Executive,2,6950,Available
R02448,H011,138,Suite,4,7900,Available
R02449,H011,139,Executive,1,6650,Available
R02450,H011,140,Suite,2,8700,Available
R02451,H011,141,Deluxe,3,5950,Available
R02452,H011,142,Executive,2,6300,Available
R02453,H011,143,Family,4,7700,Available
R02454,H011,144,Deluxe,3,4550,Available
R02455,H011,145,Deluxe,3,6050,Available
R02456,H011,146,Family,4,6250,Available
R02457,H011,147,Executive,2,8550,Maintenance
R02458,H011,148,Suite,3,11200,Available
R02459,H011,149,Deluxe,3,7100,Available
R02460,H011,150,Executive,1,8150,Available
R02461,H011,151,Deluxe,3,5850,Available
R02462,H011,152,Standard,1,5000,Available
R02463,H011,153,Standard,2,5050,Available
R02464,H011,154,Executive,2,6700,Available
R02465,H011,155,Standard,2,5050,Available
R02466,H011,156,Executive,2,6700,Available
R02467,H011,157,Standard,2,3150,Available
R02468,H011,158,Suite,3,10000,Available
R02469,H011,159,Deluxe,2,5150,Maintenance
R02470,H011,160,Deluxe,3,6700,Out of Service
R02471,H011,161,Standard,1,4400,Available
R02472,H011,162,Deluxe,2,6400,Available
R02473,H011,163,Deluxe,2,6600,Available
R02474,H011,164,Standard,2,4450,Reserved
R02475,H011,165,Standard,1,4200,Maintenance
R02476,H011,166,Executive,1,8600,Reserved
R02477,H011,167,Standard,1,4950,Reserved
R02478,H011,168,Standard,1,4550,Available
R02479,H011,169,Standard,1,3500,Available
R02480,H011,170,Standard,1,3900,Available
R02481,H011,171,Deluxe,3,4500,Available
R02482,H011,172,Suite,2,9500,Available
R02483,H011,173,Executive,1,6800,Reserved
R02484,H011,174,Family,3,7300,Available
R02485,H011,175,Standard,2,4200,Maintenance
R02486,H011,176,Standard,2,4400,Maintenance
R02487,H011,177,Executive,2,7950,Available
R02488,H011,178,Family,5,7800,Available
R02489,H011,179,Family,5,6000,Available
R02490,H011,180,Suite,4,11900,Available
R02491,H011,181,Executive,1,8150,Available
R02492,H011,182,Standard,1,4400,Available
R02493,H011,183,Deluxe,3,7100,Available
R02494,H011,184,Standard,2,3450,Available
R02495,H011,185,Deluxe,2,6250,Available
R02496,H011,186,Family,4,7450,Reserved
R02497,H011,187,Family,5,5900,Available
R02498,H011,188,Family,5,6350,Available
R02499,H011,189,Standard,2,5050,Available
R02500,H011,190,Standard,1,3350,Available
R02501,H011,191,Standard,2,3150,Available
R02502,H011,192,Executive,2,8100,Available
R02503,H011,193,Standard,1,3350,Available
R02504,H011,194,Deluxe,2,4300,Available
R02505,H011,195,Executive,2,7150,Reserved
R02506,H011,196,Standard,2,3850,Out of Service
R02507,H011,197,Standard,1,3800,Available
R02508,H011,198,Standard,1,4200,Available
R02509,H011,199,Deluxe,2,6750,Available
R02510,H011,200,Deluxe,3,6700,Available
R02511,H011,201,Standard,2,3250,Available
R02512,H011,202,Executive,1,8300,Available
R02513,H011,203,Standard,2,3500,Available
R02514,H011,204,Executive,2,6950,Available
R02515,H011,205,Deluxe,3,6300,Available
R02516,H011,206,Deluxe,3,4150,Out of Service
R02517,H011,207,Deluxe,3,6150,Available
R02518,H011,208,Family,3,7450,Available
R02519,H011,209,Suite,2,9000,Available
R02520,H011,210,Deluxe,3,4800,Reserved
R02521,H011,211,Standard,1,4650,Available
R02522,H011,212,Standard,1,4100,Available
R02523,H011,213,Executive,1,6000,Available
R02524,H011,214,Deluxe,3,4500,Available
R02525,H011,215,Executive,1,7150,Available
R02526,H011,216,Deluxe,2,5750,Available
R02527,H011,217,Executive,1,5650,Maintenance
R02528,H011,218,Executive,2,6900,Available
R02529,H011,219,Executive,1,7000,Available
R02530,H011,220,Standard,1,3150,Available
R02531,H011,221,Executive,2,6550,Available
R02532,H011,222,Deluxe,2,5800,Available
R02533,H011,223,Deluxe,3,6550,Available
R02534,H011,224,Executive,2,8500,Available
R02535,H011,225,Standard,2,3100,Available
R02536,H011,226,Standard,2,3950,Available
R02537,H011,227,Family,3,7500,Available
R02538,H011,228,Standard,1,3250,Available
R02539,H011,229,Standard,1,5100,Available
R02540,H011,230,Standard,1,4500,Reserved
R02541,H011,231,Deluxe,2,5400,Available
R02542,H011,232,Deluxe,2,4350,Available
R02543,H011,233,Deluxe,3,4500,Available
R02544,H011,234,Suite,2,9750,Out of Service
R02545,H011,235,Standard,2,4300,Available
R02546,H011,236,Standard,2,4700,Available
R02547,H011,237,Standard,1,4700,Available
R02548,H011,238,Executive,2,5750,Available
R02549,H011,239,Executive,1,7550,Available
R02550,H011,240,Executive,1,6300,Available
R02551,H011,241,Standard,2,3900,Available
R02552,H011,242,Suite,3,11150,Available
R02553,H011,243,Deluxe,2,5050,Available
R02554,H011,244,Deluxe,3,6700,Available
R02555,H011,245,Executive,1,6550,Available
R02556,H011,246,Standard,1,5000,Available
R02557,H011,247,Executive,1,8700,Available
R02558,H011,248,Suite,3,11550,Available
R02559,H011,249,Executive,1,6100,Available
R02560,H011,250,Executive,2,5700,Available
R02561,H011,251,Deluxe,2,6750,Reserved
R02562,H011,252,Family,3,6500,Available
R02563,H011,253,Standard,1,3950,Available
R02564,H011,254,Deluxe,2,6100,Available
R02565,H011,255,Family,4,8200,Available
R02566,H011,256,Executive,1,8200,Available
R02567,H011,257,Suite,4,11800,Available
R02568,H011,258,Deluxe,3,4800,Available
R02569,H011,259,Standard,2,4600,Available
R02570,H011,260,Deluxe,2,5050,Available
R02571,H011,261,Standard,1,4600,Reserved
R02572,H011,262,Suite,3,12150,Available
R02573,H011,263,Deluxe,3,6050,Available
R02574,H011,264,Deluxe,2,5300,Available
R02575,H011,265,Deluxe,3,4300,Available
R02576,H011,266,Deluxe,2,6050,Available
R02577,H011,267,Deluxe,2,4700,Available
R02578,H011,268,Executive,2,5700,Available
R02579,H011,269,Standard,1,3450,Available
R02580,H011,270,Standard,2,3700,Available
R02581,H011,271,Standard,1,3100,Available
R02582,H011,272,Deluxe,3,4950,Available
R02583,H011,273,Standard,1,3150,Available
R02584,H011,274,Executive,2,6900,Available
R02585,H011,275,Suite,2,9500,Available
R02586,H011,276,Standard,2,4350,Available
R02587,H011,277,Family,4,6800,Available
R02588,H011,278,Suite,4,8950,Available
R02589,H011,279,Deluxe,3,4200,Available
R02590,H011,280,Executive,2,7650,Available
R02591,H011,281,Deluxe,3,5300,Available
R02592,H011,282,Standard,1,3300,Available
R02593,H011,283,Family,4,6850,Available
R02594,H011,284,Standard,1,4000,Available
R02595,H011,285,Executive,2,7800,Maintenance
R02596,H011,286,Executive,2,7900,Available
R02597,H011,287,Deluxe,3,5700,Available
R02598,H011,288,Deluxe,2,5300,Available
R02599,H011,289,Deluxe,2,6550,Available
R02600,H011,290,Executive,2,6800,Reserved
R02601,H011,291,Executive,1,6850,Available
R02602,H011,292,Deluxe,2,4200,Available
R02603,H011,293,Standard,1,4200,Available
R02604,H011,294,Deluxe,3,4300,Available
R02605,H011,295,Standard,2,4850,Available
R02606,H011,296,Executive,2,6250,Reserved
R02607,H011,297,Standard,2,4750,Available
R02608,H011,298,Standard,2,3450,Available
R02609,H011,299,Deluxe,2,6050,Available
R02610,H011,300,Deluxe,3,5200,Maintenance
R02611,H011,301,Standard,2,4250,Available
R02612,H011,302,Suite,4,11400,Available
R02613,H011,303,Executive,2,8050,Available
R02614,H011,304,Executive,1,7650,Available
R02615,H011,305,Executive,2,5800,Available
R02616,H011,306,Standard,1,5100,Available
R02617,H011,307,Executive,2,7350,Available
R02618,H011,308,Family,5,8000,Available
R02619,H011,309,Executive,1,8600,Available
R02620,H011,310,Suite,3,9000,Available
R02621,H011,311,Suite,3,11700,Available
R02622,H011,312,Deluxe,3,6600,Available
R02623,H011,313,Executive,2,6900,Available
R02624,H011,314,Family,4,5800,Available
R02625,H011,315,Executive,1,8100,Available
R02626,H011,316,Deluxe,2,4600,Available
R02627,H011,317,Standard,2,4250,Available
R02628,H011,318,Suite,3,7600,Available
R02629,H011,319,Executive,1,6600,Available
R02630,H011,320,Executive,2,6250,Maintenance
R02631,H011,321,Standard,1,3700,Maintenance
R02632,H011,322,Deluxe,3,4450,Reserved
R02633,H011,323,Executive,1,6400,Reserved
R02634,H011,324,Executive,1,7750,Available
R02635,H011,325,Executive,1,6000,Available
R02636,H011,326,Standard,1,4500,Available
R02637,H011,327,Deluxe,3,5900,Maintenance
R02638,H011,328,Standard,1,4950,Available
R02639,H011,329,Family,5,7950,Available
R02640,H011,330,Family,4,7350,Available
R02641,H011,331,Standard,1,4100,Maintenance
R02642,H011,332,Suite,2,11700,Available
R02643,H011,333,Family,5,7500,Reserved
R02644,H011,334,Deluxe,2,4850,Available
R02645,H011,335,Suite,4,8300,Reserved
R02646,H011,336,Family,3,6350,Available
R02647,H011,337,Executive,2,7550,Available
R02648,H011,338,Executive,2,6750,Maintenance
R02649,H011,339,Standard,1,5100,Available
R02650,H011,340,Suite,4,9200,Available
R02651,H011,341,Standard,2,4700,Maintenance
R02652,H011,342,Deluxe,3,4250,Available
R02653,H011,343,Suite,3,11800,Maintenance
R02654,H011,344,Executive,2,7350,Available
R02655,H011,345,Standard,1,3250,Available
R02656,H011,346,Family,4,5900,Available
R02657,H011,347,Suite,2,9050,Available
R02658,H011,348,Executive,1,7800,Reserved
R02659,H011,349,Suite,3,8700,Available
R02660,H011,350,Executive,2,7950,Available
R02661,H011,351,Suite,2,8800,Available
R02662,H011,352,Executive,1,7750,Available
R02663,H011,353,Deluxe,3,6700,Available
R02664,H011,354,Executive,2,6950,Available
R02665,H011,355,Executive,1,5850,Available
R02666,H011,356,Deluxe,2,5750,Available
R02667,H011,357,Deluxe,3,6500,Available
R02668,H011,358,Standard,1,4700,Available
R02669,H011,359,Executive,1,7200,Available
R02670,H011,360,Family,5,7850,Maintenance
R02671,H011,361,Suite,4,10400,Available
R02672,H011,362,Deluxe,2,5800,Maintenance
R02673,H011,363,Family,4,5950,Maintenance
R02674,H011,364,Family,4,7000,Available
R02675,H011,365,Suite,2,12200,Available
R02676,H011,366,Standard,2,3700,Available
R02677,H011,367,Deluxe,3,6550,Maintenance
R02678,H011,368,Standard,2,4400,Available
R02679,H011,369,Family,4,6850,Available
R02680,H011,370,Deluxe,2,7050,Available
R02681,H011,371,Suite,2,9500,Available
R02682,H011,372,Deluxe,2,6200,Available
R02683,H011,373,Family,4,5200,Available
R02684,H011,374,Deluxe,3,5950,Available
R02685,H011,375,Executive,1,8300,Available
R02686,H011,376,Executive,2,6650,Maintenance
R02687,H011,377,Executive,1,5850,Available
R02688,H011,378,Family,5,6900,Reserved
R02689,H011,379,Standard,1,4600,Available
R02690,H011,380,Deluxe,3,5750,Available
R02691,H011,381,Deluxe,3,5050,Available
R02692,H011,382,Standard,2,4250,Available
R02693,H011,383,Standard,1,3600,Available
R02694,H011,384,Suite,4,10400,Available
R02695,H011,385,Standard,2,5100,Available
R02696,H011,386,Deluxe,2,4250,Available
R02697,H011,387,Executive,2,7550,Available
R02698,H011,388,Deluxe,3,5900,Reserved
R02699,H011,389,Standard,1,3450,Maintenance
R02700,H011,390,Deluxe,3,7150,Available
R02701,H011,391,Suite,2,7200,Available
R02702,H011,392,Standard,2,4400,Available
R02703,H011,393,Executive,2,7400,Available
R02704,H011,394,Deluxe,2,5750,Available
R02705,H011,395,Executive,1,6750,Available
R02706,H011,396,Deluxe,3,6950,Available
R02707,H011,397,Suite,3,10400,Available
R02708,H011,398,Executive,2,7900,Out of Service
R02709,H011,399,Standard,2,4750,Available
R02710,H011,400,Family,4,6500,Available
R02711,H011,401,Standard,1,3700,Available
R02712,H011,402,Family,3,6750,Available
R02713,H011,403,Standard,1,3950,Available
R02714,H011,404,Executive,2,8650,Available
R02715,H011,405,Deluxe,2,5950,Available
R02716,H011,406,Deluxe,3,4300,Available
R02717,H011,407,Family,4,6400,Available
R02718,H011,408,Standard,2,3800,Available
R02719,H011,409,Family,5,6650,Available
R02720,H011,410,Family,5,6150,Available
R02721,H011,411,Deluxe,3,5600,Available
R02722,H011,412,Deluxe,3,4200,Available
R02723,H011,413,Executive,2,6000,Available
R02724,H011,414,Executive,1,6300,Available
R02725,H011,415,Executive,1,6450,Available
R02726,H011,416,Standard,1,4500,Maintenance
R02727,H011,417,Standard,2,3600,Available
R02728,H011,418,Suite,4,7650,Reserved
R02729,H011,419,Standard,2,4000,Available
R02730,H011,420,Suite,3,8400,Available
R02731,H012,101,Family,3,4800,Available
R02732,H012,102,Deluxe,3,4350,Available
R02733,H012,103,Deluxe,2,5350,Available
R02734,H012,104,Family,3,6350,Maintenance
R02735,H012,105,Suite,2,7050,Available
R02736,H012,106,Standard,2,3900,Available
R02737,H012,107,Deluxe,3,4350,Out of Service
R02738,H012,108,Deluxe,2,6600,Available
R02739,H012,109,Standard,1,4450,Available
R02740,H012,110,Family,5,5100,Available
R02741,H012,111,Standard,1,3650,Available
R02742,H012,112,Deluxe,3,5100,Available
R02743,H012,113,Deluxe,3,5850,Maintenance
R02744,H012,114,Suite,4,6850,Available
R02745,H012,115,Standard,1,3000,Available
R02746,H012,116,Standard,2,4700,Available
R02747,H012,117,Deluxe,2,4550,Available
R02748,H012,118,Family,4,6200,Available
R02749,H012,119,Suite,2,10950,Available
R02750,H012,120,Standard,2,3800,Available
R02751,H012,121,Standard,1,4550,Reserved
R02752,H012,122,Standard,2,4050,Maintenance
R02753,H012,123,Standard,2,3950,Available
R02754,H012,124,Standard,2,4300,Available
R02755,H012,125,Executive,1,6600,Maintenance
R02756,H012,126,Standard,2,3350,Maintenance
R02757,H012,127,Standard,2,4450,Out of Service
R02758,H012,128,Executive,1,8050,Available
R02759,H012,129,Family,3,5000,Maintenance
R02760,H012,130,Standard,2,3700,Available
R02761,H012,131,Family,5,5650,Available
R02762,H012,132,Standard,2,3050,Available
R02763,H012,133,Deluxe,3,4950,Available
R02764,H012,134,Executive,1,7050,Available
R02765,H012,135,Deluxe,3,5650,Available
R02766,H012,136,Executive,1,5250,Available
R02767,H012,137,Standard,1,3500,Available
R02768,H012,138,Suite,4,6900,Available
R02769,H012,139,Family,5,6800,Available
R02770,H012,140,Deluxe,2,5100,Available
R02771,H012,141,Family,4,4950,Available
R02772,H012,142,Deluxe,3,5800,Available
R02773,H012,143,Suite,2,6850,Reserved
R02774,H012,144,Standard,1,4050,Available
R02775,H012,145,Deluxe,3,6350,Available
R02776,H012,146,Standard,1,3500,Available
R02777,H012,147,Standard,2,3050,Available
R02778,H012,148,Deluxe,2,6050,Available
R02779,H012,149,Deluxe,2,4100,Available
R02780,H012,150,Executive,2,7000,Available
R02781,H012,151,Executive,1,6700,Available
R02782,H012,152,Executive,2,7500,Available
R02783,H012,153,Standard,1,3400,Available
R02784,H012,154,Suite,4,10350,Maintenance
R02785,H012,155,Executive,2,6450,Maintenance
R02786,H012,156,Deluxe,2,4050,Reserved
R02787,H012,157,Executive,1,7100,Available
R02788,H012,158,Standard,2,3450,Reserved
R02789,H012,159,Deluxe,3,5950,Available
R02790,H012,160,Executive,1,7850,Available
R02791,H012,161,Family,4,6250,Available
R02792,H012,162,Standard,1,4450,Available
R02793,H012,163,Executive,2,7950,Maintenance
R02794,H012,164,Deluxe,3,6000,Available
R02795,H012,165,Standard,2,4000,Available
R02796,H012,166,Family,3,5500,Available
R02797,H012,167,Suite,2,7850,Available
R02798,H012,168,Executive,1,6050,Available
R02799,H012,169,Standard,1,3250,Available
R02800,H012,170,Family,5,6700,Maintenance
R02801,H012,171,Family,3,7250,Available
R02802,H012,172,Executive,1,6100,Available
R02803,H012,173,Deluxe,2,4750,Reserved
R02804,H012,174,Standard,2,4600,Reserved
R02805,H012,175,Deluxe,2,5550,Reserved
R02806,H012,176,Deluxe,2,5900,Available
R02807,H012,177,Standard,1,4000,Reserved
R02808,H012,178,Executive,1,7700,Reserved
R02809,H012,179,Standard,2,4650,Available
R02810,H012,180,Standard,1,3850,Available
R02811,H012,181,Executive,2,7300,Available
R02812,H012,182,Executive,2,7150,Available
R02813,H012,183,Standard,2,3350,Available
R02814,H012,184,Executive,1,7550,Available
R02815,H012,185,Executive,1,6950,Maintenance
R02816,H012,186,Standard,1,4500,Available
R02817,H012,187,Executive,1,7800,Available
R02818,H012,188,Standard,2,3100,Available
R02819,H012,189,Deluxe,2,6100,Out of Service
R02820,H012,190,Executive,2,5650,Available
R02821,H012,191,Executive,1,6450,Maintenance
R02822,H012,192,Deluxe,3,5550,Available
R02823,H012,193,Standard,2,3650,Available
R02824,H012,194,Suite,3,9900,Available
R02825,H012,195,Executive,2,6700,Available
R02826,H012,196,Deluxe,2,4700,Available
R02827,H012,197,Suite,4,10300,Available
R02828,H012,198,Standard,1,4550,Available
R02829,H012,199,Executive,2,5400,Out of Service
R02830,H012,200,Standard,1,2950,Maintenance
R02831,H012,201,Executive,1,5550,Available
R02832,H012,202,Deluxe,3,4550,Available
R02833,H012,203,Deluxe,2,4500,Available
R02834,H012,204,Family,5,5050,Available
R02835,H012,205,Standard,2,4600,Available
R02836,H012,206,Deluxe,2,5900,Available
R02837,H012,207,Standard,2,3800,Available
R02838,H012,208,Family,5,5800,Available
R02839,H012,209,Deluxe,3,4550,Available
R02840,H012,210,Deluxe,3,4750,Available
R02841,H012,211,Standard,2,3450,Available
R02842,H012,212,Executive,2,6650,Maintenance
R02843,H012,213,Suite,2,9050,Available
R02844,H012,214,Executive,2,6650,Available
R02845,H012,215,Suite,4,8000,Maintenance
R02846,H012,216,Standard,1,3250,Available
R02847,H012,217,Executive,2,6400,Out of Service
R02848,H012,218,Deluxe,2,5900,Available
R02849,H012,219,Deluxe,2,5150,Available
R02850,H012,220,Family,5,5200,Available
R02851,H012,221,Executive,2,6150,Available
R02852,H012,222,Standard,1,3300,Available
R02853,H012,223,Deluxe,2,6150,Available
R02854,H012,224,Executive,2,6000,Available
R02855,H012,225,Executive,2,6350,Available
R02856,H012,226,Standard,2,4150,Available
R02857,H012,227,Deluxe,2,6600,Available
R02858,H012,228,Standard,1,3650,Available
R02859,H012,229,Deluxe,3,5050,Available
R02860,H012,230,Standard,1,4350,Available
R02861,H012,231,Standard,2,3850,Available
R02862,H012,232,Deluxe,2,4550,Reserved
R02863,H012,233,Deluxe,3,4350,Available
R02864,H012,234,Deluxe,3,5650,Available
R02865,H012,235,Standard,1,2900,Reserved
R02866,H012,236,Deluxe,2,5300,Available
R02867,H012,237,Standard,1,4050,Available
R02868,H012,238,Deluxe,2,4050,Available
R02869,H012,239,Executive,1,6950,Available
R02870,H012,240,Family,3,5250,Reserved
R02871,H012,241,Standard,2,4400,Available
R02872,H012,242,Suite,3,8700,Available
R02873,H012,243,Standard,2,3950,Available
R02874,H012,244,Suite,3,10100,Available
R02875,H012,245,Standard,1,4050,Available
R02876,H012,246,Standard,2,3100,Available
R02877,H012,247,Standard,2,2950,Available
R02878,H012,248,Deluxe,2,4800,Available
R02879,H012,249,Executive,2,5850,Available
R02880,H012,250,Executive,1,6650,Available
R02881,H012,251,Deluxe,3,6400,Available
R02882,H012,252,Standard,2,2950,Available
R02883,H012,253,Standard,1,3350,Available
R02884,H012,254,Standard,2,2950,Available
R02885,H012,255,Deluxe,3,5700,Available
R02886,H012,256,Executive,1,5500,Available
R02887,H012,257,Deluxe,2,3850,Available
R02888,H012,258,Standard,2,3450,Available
R02889,H012,259,Deluxe,2,4800,Available
R02890,H012,260,Standard,2,3750,Available
R02891,H012,261,Deluxe,2,6400,Available
R02892,H012,262,Executive,2,6200,Available
R02893,H012,263,Standard,1,4000,Available
R02894,H012,264,Deluxe,2,6000,Available
R02895,H012,265,Executive,2,6350,Available
R02896,H012,266,Standard,1,3850,Available
R02897,H012,267,Deluxe,3,4650,Available
R02898,H012,268,Family,5,6100,Maintenance
R02899,H012,269,Standard,2,4700,Available
R02900,H012,270,Deluxe,2,5050,Available
R02901,H012,271,Executive,1,6600,Out of Service
R02902,H012,272,Family,5,6500,Available
R02903,H012,273,Family,5,5900,Available
R02904,H012,274,Suite,3,8300,Available
R02905,H012,275,Family,3,5900,Available
R02906,H012,276,Suite,3,8900,Available
R02907,H012,277,Deluxe,3,6400,Available
R02908,H012,278,Standard,2,4150,Reserved
R02909,H012,279,Deluxe,3,4300,Maintenance
R02910,H012,280,Standard,2,3350,Available
R02911,H012,281,Deluxe,3,4950,Maintenance
R02912,H012,282,Executive,1,6350,Available
R02913,H012,283,Deluxe,3,4750,Available
R02914,H012,284,Suite,3,10400,Maintenance
R02915,H012,285,Executive,1,6050,Available
R02916,H012,286,Deluxe,3,5000,Maintenance
R02917,H012,287,Deluxe,2,3950,Maintenance
R02918,H012,288,Deluxe,3,4350,Available
R02919,H012,289,Deluxe,2,5650,Available
R02920,H012,290,Deluxe,3,6050,Available
R02921,H012,291,Standard,1,3050,Available
R02922,H012,292,Suite,3,8450,Available
R02923,H012,293,Executive,2,5650,Available
R02924,H012,294,Deluxe,2,4300,Reserved
R02925,H012,295,Standard,1,3600,Available
R02926,H012,296,Deluxe,3,4100,Available
R02927,H012,297,Family,5,5050,Available
R02928,H012,298,Deluxe,3,4300,Available
R02929,H012,299,Deluxe,2,4600,Available
R02930,H012,300,Family,4,6850,Available
R02931,H012,301,Executive,1,7550,Available
R02932,H012,302,Standard,1,3450,Available
R02933,H012,303,Deluxe,2,5000,Available
R02934,H012,304,Executive,2,7950,Available
R02935,H012,305,Executive,2,6900,Available
R02936,H012,306,Deluxe,3,4050,Available
R02937,H012,307,Suite,2,10000,Available
R02938,H012,308,Suite,4,9600,Available
R02939,H012,309,Family,4,5050,Maintenance
R02940,H012,310,Executive,1,5950,Available
R02941,H012,311,Family,3,6500,Available
R02942,H012,312,Suite,2,6650,Available
R02943,H012,313,Deluxe,2,4700,Available
R02944,H012,314,Executive,2,6450,Available
R02945,H012,315,Standard,2,4650,Available
R02946,H012,316,Standard,1,3800,Available
R02947,H012,317,Deluxe,3,4400,Available
R02948,H012,318,Standard,1,3950,Available
R02949,H012,319,Standard,2,3300,Available
R02950,H012,320,Suite,3,11200,Available
R02951,H012,321,Executive,1,7400,Maintenance
R02952,H012,322,Standard,1,3150,Available
R02953,H012,323,Executive,1,6900,Available
R02954,H012,324,Deluxe,3,5250,Maintenance
R02955,H012,325,Standard,2,4400,Available
R02956,H012,326,Deluxe,3,5900,Reserved
R02957,H012,327,Deluxe,2,5700,Available
R02958,H012,328,Executive,2,5550,Available
R02959,H012,329,Standard,2,3750,Available
R02960,H012,330,Standard,1,3200,Available
R02961,H012,331,Executive,1,5500,Available
R02962,H012,332,Suite,4,7300,Available
R02963,H012,333,Suite,4,9700,Available
R02964,H012,334,Family,3,7250,Available
R02965,H012,335,Standard,1,3200,Available
R02966,H012,336,Suite,3,7550,Maintenance
R02967,H012,337,Suite,4,7900,Available
R02968,H012,338,Executive,1,7700,Available
R02969,H012,339,Deluxe,3,5200,Available
R02970,H012,340,Deluxe,2,5000,Available
R02971,H012,341,Deluxe,3,3850,Available
R02972,H012,342,Executive,2,6700,Available
R02973,H012,343,Family,3,5700,Maintenance
R02974,H012,344,Standard,2,3850,Reserved
R02975,H012,345,Family,5,7500,Maintenance
R02976,H012,346,Suite,2,9100,Available
R02977,H012,347,Standard,2,3000,Available
R02978,H012,348,Standard,1,3950,Available
R02979,H012,349,Standard,1,4000,Available
R02980,H012,350,Deluxe,3,3800,Available
R02981,H012,351,Deluxe,3,5500,Available
R02982,H012,352,Standard,1,4050,Reserved
R02983,H012,353,Standard,2,3800,Available
R02984,H012,354,Deluxe,3,6600,Available
R02985,H012,355,Suite,3,7850,Available
R02986,H012,356,Deluxe,3,4550,Available
R02987,H012,357,Deluxe,3,6450,Available
R02988,H012,358,Deluxe,2,4250,Available
R02989,H012,359,Family,4,4850,Available
R02990,H012,360,Executive,2,7950,Available
R02991,H012,361,Suite,3,7650,Reserved
R02992,H012,362,Deluxe,3,4800,Available
R02993,H012,363,Deluxe,3,4500,Available
R02994,H012,364,Standard,1,4250,Available
R02995,H012,365,Executive,2,5250,Maintenance
R02996,H012,366,Suite,3,10050,Available
R02997,H012,367,Deluxe,2,4800,Available
R02998,H012,368,Suite,2,7200,Available
R02999,H012,369,Executive,1,8000,Available
R03000,H012,370,Standard,1,3300,Out of Service
R03001,H012,371,Executive,2,6400,Available
R03002,H012,372,Standard,1,3850,Available
R03003,H012,373,Deluxe,3,4650,Reserved
R03004,H012,374,Executive,1,6450,Available
R03005,H012,375,Deluxe,3,5850,Available
R03006,H012,376,Executive,2,5650,Available
R03007,H012,377,Family,3,5000,Available
R03008,H012,378,Suite,3,8750,Available
R03009,H012,379,Family,3,7600,Available
R03010,H012,380,Family,3,7250,Maintenance
R03011,H013,101,Deluxe,2,6400,Available
R03012,H013,102,Executive,2,8600,Available
R03013,H013,103,Executive,2,8900,Available
R03014,H013,104,Standard,1,5050,Available
R03015,H013,105,Deluxe,2,6500,Available
R03016,H013,106,Deluxe,3,6800,Available
R03017,H013,107,Standard,1,3900,Reserved
R03018,H013,108,Executive,2,7900,Reserved
R03019,H013,109,Executive,2,7800,Available
R03020,H013,110,Executive,1,7750,Available
R03021,H013,111,Family,3,7950,Available
R03022,H013,112,Deluxe,3,6000,Available
R03023,H013,113,Standard,2,3250,Available
R03024,H013,114,Executive,2,8050,Available
R03025,H013,115,Suite,4,7600,Available
R03026,H013,116,Deluxe,3,5000,Available
R03027,H013,117,Standard,2,4800,Available
R03028,H013,118,Executive,2,6250,Available
R03029,H013,119,Deluxe,3,5300,Maintenance
R03030,H013,120,Executive,2,7700,Available
R03031,H013,121,Executive,1,6050,Available
R03032,H013,122,Executive,2,6550,Available
R03033,H013,123,Standard,1,5050,Available
R03034,H013,124,Family,5,6550,Available
R03035,H013,125,Suite,4,8200,Maintenance
R03036,H013,126,Executive,1,8250,Available
R03037,H013,127,Family,4,8050,Available
R03038,H013,128,Family,4,5950,Available
R03039,H013,129,Standard,2,3400,Available
R03040,H013,130,Standard,1,4100,Available
R03041,H013,131,Executive,2,8300,Available
R03042,H013,132,Suite,4,9550,Available
R03043,H013,133,Deluxe,3,4450,Available
R03044,H013,134,Deluxe,3,5450,Available
R03045,H013,135,Deluxe,3,4700,Available
R03046,H013,136,Suite,4,11800,Available
R03047,H013,137,Deluxe,2,7050,Available
R03048,H013,138,Family,3,6750,Maintenance
R03049,H013,139,Deluxe,3,6100,Maintenance
R03050,H013,140,Executive,1,7000,Available
R03051,H013,141,Family,5,7900,Available
R03052,H013,142,Executive,1,7700,Available
R03053,H013,143,Family,5,6400,Available
R03054,H013,144,Deluxe,3,4850,Available
R03055,H013,145,Family,5,7750,Available
R03056,H013,146,Deluxe,2,5350,Maintenance
R03057,H013,147,Standard,2,3550,Maintenance
R03058,H013,148,Executive,1,8350,Available
R03059,H013,149,Deluxe,2,7000,Maintenance
R03060,H013,150,Standard,1,3250,Reserved
R03061,H013,151,Standard,2,3700,Available
R03062,H013,152,Deluxe,2,5200,Available
R03063,H013,153,Deluxe,3,6000,Available
R03064,H013,154,Executive,1,5900,Available
R03065,H013,155,Standard,2,3400,Available
R03066,H013,156,Deluxe,2,6250,Available
R03067,H013,157,Deluxe,3,6000,Available
R03068,H013,158,Deluxe,2,7200,Maintenance
R03069,H013,159,Family,5,6000,Available
R03070,H013,160,Standard,1,4700,Available
R03071,H013,161,Standard,2,4800,Available
R03072,H013,162,Standard,2,4200,Reserved
R03073,H013,163,Executive,1,7700,Available
R03074,H013,164,Deluxe,2,6750,Available
R03075,H013,165,Standard,2,5200,Available
R03076,H013,166,Standard,2,3500,Available
R03077,H013,167,Deluxe,2,4650,Available
R03078,H013,168,Standard,2,3300,Available
R03079,H013,169,Standard,1,3350,Available
R03080,H013,170,Suite,2,9000,Available
R03081,H013,171,Standard,1,4000,Available
R03082,H013,172,Standard,1,5250,Available
R03083,H013,173,Deluxe,3,7100,Available
R03084,H013,174,Executive,1,7900,Available
R03085,H013,175,Deluxe,2,6650,Available
R03086,H013,176,Deluxe,3,7250,Available
R03087,H013,177,Executive,1,6400,Available
R03088,H013,178,Deluxe,2,6400,Available
R03089,H013,179,Suite,3,11150,Available
R03090,H013,180,Deluxe,2,4850,Available
R03091,H013,181,Family,3,6750,Available
R03092,H013,182,Executive,2,7150,Available
R03093,H013,183,Suite,4,11600,Available
R03094,H013,184,Suite,2,11400,Available
R03095,H013,185,Executive,2,6150,Available
R03096,H013,186,Standard,2,4050,Available
R03097,H013,187,Standard,1,4800,Available
R03098,H013,188,Deluxe,2,5450,Available
R03099,H013,189,Deluxe,2,5250,Available
R03100,H013,190,Standard,1,3600,Maintenance
R03101,H013,191,Family,5,6100,Available
R03102,H013,192,Family,4,7000,Available
R03103,H013,193,Suite,3,9100,Available
R03104,H013,194,Deluxe,3,6750,Available
R03105,H013,195,Standard,2,3350,Available
R03106,H013,196,Suite,2,9100,Available
R03107,H013,197,Family,5,7300,Available
R03108,H013,198,Suite,3,9800,Available
R03109,H013,199,Deluxe,3,6450,Available
R03110,H013,200,Standard,2,3300,Available
R03111,H013,201,Family,3,7950,Available
R03112,H013,202,Standard,2,4200,Available
R03113,H013,203,Executive,2,8400,Maintenance
R03114,H013,204,Family,5,5500,Out of Service
R03115,H013,205,Suite,2,10400,Available
R03116,H013,206,Deluxe,2,7300,Available
R03117,H013,207,Deluxe,3,5300,Available
R03118,H013,208,Deluxe,2,6150,Available
R03119,H013,209,Deluxe,2,7200,Available
R03120,H013,210,Suite,4,9850,Available
R03121,H013,211,Standard,1,3400,Available
R03122,H013,212,Suite,3,8400,Available
R03123,H013,213,Executive,1,6200,Available
R03124,H013,214,Deluxe,3,5650,Available
R03125,H013,215,Family,4,8300,Available
R03126,H013,216,Deluxe,3,6400,Available
R03127,H013,217,Deluxe,2,5850,Available
R03128,H013,218,Standard,1,3300,Available
R03129,H013,219,Family,4,7300,Available
R03130,H013,220,Standard,1,4600,Available
R03131,H013,221,Executive,2,6100,Reserved
R03132,H013,222,Deluxe,2,4650,Available
R03133,H013,223,Deluxe,2,4450,Available
R03134,H013,224,Deluxe,3,7350,Available
R03135,H013,225,Suite,2,11400,Available
R03136,H013,226,Standard,1,4850,Available
R03137,H013,227,Standard,1,4250,Reserved
R03138,H013,228,Deluxe,2,5800,Maintenance
R03139,H013,229,Executive,2,6400,Available
R03140,H013,230,Standard,2,3250,Available
R03141,H013,231,Standard,1,3750,Available
R03142,H013,232,Standard,1,4000,Available
R03143,H013,233,Deluxe,2,5250,Available
R03144,H013,234,Standard,1,3650,Available
R03145,H013,235,Executive,2,7950,Reserved
R03146,H013,236,Deluxe,3,6350,Reserved
R03147,H013,237,Deluxe,3,5850,Available
R03148,H013,238,Standard,2,3550,Available
R03149,H013,239,Executive,2,7950,Available
R03150,H013,240,Standard,2,3350,Available
R03151,H013,241,Deluxe,3,6800,Available
R03152,H013,242,Deluxe,2,4650,Maintenance
R03153,H013,243,Standard,1,3700,Available
R03154,H013,244,Family,4,7100,Reserved
R03155,H013,245,Executive,1,6850,Out of Service
R03156,H013,246,Suite,2,7650,Available
R03157,H013,247,Standard,2,4950,Reserved
R03158,H013,248,Deluxe,3,5450,Available
R03159,H013,249,Standard,1,4850,Available
R03160,H013,250,Deluxe,2,6700,Available
R03161,H013,251,Standard,1,5200,Available
R03162,H013,252,Deluxe,3,5850,Available
R03163,H013,253,Standard,1,4050,Available
R03164,H013,254,Standard,2,4050,Available
R03165,H013,255,Standard,2,4350,Reserved
R03166,H013,256,Deluxe,3,5650,Available
R03167,H013,257,Deluxe,3,6650,Available
R03168,H013,258,Standard,1,3900,Available
R03169,H013,259,Suite,3,8400,Available
R03170,H013,260,Deluxe,2,6850,Reserved
R03171,H013,261,Executive,1,7950,Available
R03172,H013,262,Standard,1,3450,Reserved
R03173,H013,263,Family,3,5900,Available
R03174,H013,264,Family,4,7550,Available
R03175,H013,265,Standard,2,5100,Available
R03176,H013,266,Standard,1,3850,Reserved
R03177,H013,267,Family,3,7600,Available
R03178,H013,268,Executive,2,7100,Available
R03179,H013,269,Executive,2,8750,Available
R03180,H013,270,Suite,2,10950,Available
R03181,H013,271,Deluxe,2,4700,Reserved
R03182,H013,272,Deluxe,2,4650,Available
R03183,H013,273,Suite,2,10150,Maintenance
R03184,H013,274,Executive,2,6950,Available
R03185,H013,275,Standard,1,4000,Available
R03186,H013,276,Suite,4,11150,Available
R03187,H013,277,Family,4,7300,Available
R03188,H013,278,Deluxe,2,5550,Maintenance
R03189,H013,279,Executive,2,6550,Maintenance
R03190,H013,280,Executive,1,5900,Available
R03191,H013,281,Suite,3,8700,Available
R03192,H013,282,Standard,1,4050,Available
R03193,H013,283,Executive,2,6800,Available
R03194,H013,284,Deluxe,3,4300,Available
R03195,H013,285,Standard,2,4700,Available
R03196,H013,286,Executive,1,6600,Available
R03197,H013,287,Standard,2,3500,Maintenance
R03198,H013,288,Standard,2,4200,Available
R03199,H013,289,Deluxe,3,5650,Available
R03200,H013,290,Standard,2,3150,Available
R03201,H013,291,Executive,1,8600,Available
R03202,H013,292,Executive,1,6350,Available
R03203,H013,293,Deluxe,2,6100,Available
R03204,H013,294,Deluxe,2,6200,Available
R03205,H013,295,Family,3,8050,Available
R03206,H013,296,Standard,1,4250,Available
R03207,H013,297,Deluxe,3,7100,Available
R03208,H013,298,Deluxe,3,6900,Maintenance
R03209,H013,299,Family,3,6300,Available
R03210,H013,300,Executive,1,8800,Maintenance
R03211,H013,301,Deluxe,2,4800,Available
R03212,H013,302,Standard,2,5150,Reserved
R03213,H013,303,Executive,1,8400,Maintenance
R03214,H013,304,Suite,4,9750,Available
R03215,H013,305,Standard,2,4400,Available
R03216,H013,306,Standard,2,5100,Available
R03217,H013,307,Standard,1,3750,Available
R03218,H013,308,Deluxe,3,7350,Available
R03219,H013,309,Executive,2,7250,Reserved
R03220,H013,310,Deluxe,3,4900,Available
R03221,H013,311,Executive,2,7950,Available
R03222,H013,312,Standard,2,5250,Available
R03223,H013,313,Standard,2,4900,Maintenance
R03224,H013,314,Executive,1,6150,Available
R03225,H013,315,Standard,2,5150,Available
R03226,H013,316,Standard,1,4700,Available
R03227,H013,317,Standard,1,4650,Available
R03228,H013,318,Standard,2,3650,Available
R03229,H013,319,Deluxe,3,4550,Available
R03230,H013,320,Deluxe,3,5250,Available
R03231,H013,321,Standard,2,3600,Out of Service
R03232,H013,322,Standard,2,3350,Available
R03233,H013,323,Deluxe,3,7000,Available
R03234,H013,324,Standard,2,4550,Available
R03235,H013,325,Family,3,5350,Available
R03236,H013,326,Executive,1,6900,Available
R03237,H013,327,Deluxe,3,7200,Available
R03238,H013,328,Standard,2,3750,Available
R03239,H013,329,Deluxe,2,6750,Available
R03240,H013,330,Standard,1,4950,Available
R03241,H013,331,Standard,1,4950,Available
R03242,H013,332,Family,4,7600,Available
R03243,H013,333,Deluxe,2,5050,Available
R03244,H013,334,Standard,1,4850,Maintenance
R03245,H013,335,Deluxe,3,5950,Available
R03246,H013,336,Family,4,8200,Available
R03247,H013,337,Family,4,7900,Available
R03248,H013,338,Standard,2,4600,Available
R03249,H013,339,Standard,1,4900,Available
R03250,H013,340,Family,3,5550,Available
R03251,H013,341,Executive,2,7450,Available
R03252,H013,342,Standard,2,4150,Available
R03253,H013,343,Family,4,5800,Maintenance
R03254,H013,344,Executive,2,6700,Available
R03255,H013,345,Family,3,7450,Available
R03256,H013,346,Executive,1,7700,Available
R03257,H013,347,Suite,4,8300,Available
R03258,H013,348,Executive,1,8250,Available
R03259,H013,349,Deluxe,3,5300,Available
R03260,H013,350,Executive,1,8250,Available
R03261,H014,101,Standard,1,2350,Maintenance
R03262,H014,102,Executive,1,5250,Reserved
R03263,H014,103,Deluxe,2,4050,Maintenance
R03264,H014,104,Premium,2,6400,Reserved
R03265,H014,105,Standard,2,3900,Available
R03266,H014,106,Premium,2,6050,Available
R03267,H014,107,Suite,2,7750,Available
R03268,H014,108,Suite,2,9450,Available
R03269,H014,109,Deluxe,3,4900,Available
R03270,H014,110,Deluxe,2,5100,Available
R03271,H014,111,Deluxe,2,5400,Available
R03272,H014,112,Family,3,5550,Out of Service
R03273,H014,113,Standard,2,3300,Available
R03274,H014,114,Executive,2,7550,Available
R03275,H014,115,Suite,3,7800,Available
R03276,H014,116,Executive,1,7350,Maintenance
R03277,H014,117,Suite,4,12050,Available
R03278,H014,118,Deluxe,2,5050,Available
R03279,H014,119,Deluxe,3,4350,Available
R03280,H014,120,Suite,4,11850,Available
R03281,H014,121,Deluxe,2,3550,Available
R03282,H014,122,Executive,2,7300,Available
R03283,H014,123,Deluxe,2,5550,Available
R03284,H014,124,Standard,1,3550,Available
R03285,H014,125,Premium,2,6400,Available
R03286,H014,126,Executive,1,7300,Available
R03287,H014,127,Family,5,6250,Available
R03288,H014,128,Premium,3,6850,Available
R03289,H014,129,Standard,1,3700,Available
R03290,H014,130,Standard,2,3350,Available
R03291,H014,131,Deluxe,3,4500,Available
R03292,H014,132,Standard,1,2650,Available
R03293,H014,133,Standard,1,3550,Maintenance
R03294,H014,134,Family,3,5500,Maintenance
R03295,H014,135,Deluxe,3,5350,Available
R03296,H014,136,Standard,1,3300,Available
R03297,H014,137,Executive,2,7350,Available
R03298,H014,138,Executive,1,7850,Available
R03299,H014,139,Executive,1,7900,Available
R03300,H014,140,Deluxe,2,4050,Available
R03301,H014,141,Executive,1,7700,Available
R03302,H014,142,Standard,2,3200,Maintenance
R03303,H014,143,Premium,2,6700,Out of Service
R03304,H014,144,Standard,2,2450,Available
R03305,H014,145,Standard,2,2800,Maintenance
R03306,H014,146,Executive,1,6000,Available
R03307,H014,147,Executive,2,5400,Maintenance
R03308,H014,148,Family,4,5950,Maintenance
R03309,H014,149,Deluxe,3,5750,Available
R03310,H014,150,Deluxe,3,4650,Available
R03311,H014,151,Family,3,5550,Available
R03312,H014,152,Deluxe,3,4550,Available
R03313,H014,153,Suite,4,7500,Available
R03314,H014,154,Standard,2,3900,Available
R03315,H014,155,Standard,2,3000,Available
R03316,H014,156,Family,3,6200,Available
R03317,H014,157,Executive,2,6200,Available
R03318,H014,158,Standard,1,3900,Available
R03319,H014,159,Deluxe,2,4250,Available
R03320,H014,160,Standard,2,3450,Available
R03321,H014,161,Deluxe,2,3900,Available
R03322,H014,162,Standard,2,3350,Available
R03323,H014,163,Executive,1,7750,Reserved
R03324,H014,164,Deluxe,2,3700,Available
R03325,H014,165,Standard,2,2750,Available
R03326,H014,166,Premium,3,5250,Available
R03327,H014,167,Suite,3,8150,Available
R03328,H014,168,Premium,3,6100,Maintenance
R03329,H014,169,Suite,4,9000,Available
R03330,H014,170,Deluxe,3,5400,Out of Service
R03331,H014,171,Executive,1,5800,Available
R03332,H014,172,Deluxe,2,3550,Available
R03333,H014,173,Executive,2,6350,Available
R03334,H014,174,Executive,2,7200,Available
R03335,H014,175,Deluxe,2,5450,Available
R03336,H014,176,Suite,3,9500,Available
R03337,H014,177,Executive,2,7500,Available
R03338,H014,178,Deluxe,2,4450,Available
R03339,H014,179,Executive,1,4900,Available
R03340,H014,180,Executive,2,6750,Available
R03341,H014,181,Executive,1,6500,Available
R03342,H014,182,Deluxe,3,3800,Available
R03343,H014,183,Standard,2,3650,Available
R03344,H014,184,Standard,2,3900,Available
R03345,H014,185,Deluxe,3,3750,Available
R03346,H014,186,Standard,2,3250,Available
R03347,H014,187,Suite,3,9650,Available
R03348,H014,188,Standard,2,2650,Available
R03349,H014,189,Deluxe,3,3550,Available
R03350,H014,190,Executive,1,7300,Available
R03351,H014,191,Deluxe,3,5300,Available
R03352,H014,192,Suite,3,10250,Available
R03353,H014,193,Deluxe,3,4800,Available
R03354,H014,194,Executive,2,6600,Available
R03355,H014,195,Standard,2,2700,Reserved
R03356,H014,196,Suite,3,7450,Available
R03357,H014,197,Premium,2,5550,Available
R03358,H014,198,Deluxe,3,4000,Available
R03359,H014,199,Deluxe,2,5450,Available
R03360,H014,200,Premium,2,5950,Available
R03361,H014,201,Standard,1,2350,Reserved
R03362,H014,202,Deluxe,3,5250,Maintenance
R03363,H014,203,Suite,4,11250,Available
R03364,H014,204,Premium,3,6700,Available
R03365,H014,205,Standard,1,2300,Available
R03366,H014,206,Suite,4,8000,Available
R03367,H014,207,Deluxe,3,5400,Available
R03368,H014,208,Executive,1,7800,Maintenance
R03369,H014,209,Standard,2,2650,Available
R03370,H014,210,Standard,2,2950,Available
R03371,H014,211,Premium,2,5200,Available
R03372,H014,212,Family,4,6100,Available
R03373,H014,213,Standard,1,2700,Available
R03374,H014,214,Executive,1,7050,Available
R03375,H014,215,Standard,1,2500,Available
R03376,H014,216,Standard,1,2500,Available
R03377,H014,217,Suite,3,8000,Available
R03378,H014,218,Deluxe,3,3850,Available
R03379,H014,219,Deluxe,3,5650,Available
R03380,H014,220,Standard,2,2800,Available
R03381,H014,221,Deluxe,2,4400,Available
R03382,H014,222,Suite,4,12300,Reserved
R03383,H014,223,Deluxe,2,4850,Available
R03384,H014,224,Standard,2,3700,Available
R03385,H014,225,Executive,1,7800,Available
R03386,H014,226,Executive,2,6850,Available
R03387,H014,227,Standard,1,2900,Available
R03388,H014,228,Executive,2,7800,Available
R03389,H014,229,Executive,2,6050,Available
R03390,H014,230,Deluxe,3,5200,Available
R03391,H014,231,Premium,2,6600,Available
R03392,H014,232,Premium,3,6650,Available
R03393,H014,233,Executive,2,5300,Available
R03394,H014,234,Suite,3,7850,Maintenance
R03395,H014,235,Executive,2,6800,Reserved
R03396,H014,236,Standard,1,2750,Available
R03397,H014,237,Deluxe,2,5450,Available
R03398,H014,238,Deluxe,2,5550,Available
R03399,H014,239,Executive,2,6850,Available
R03400,H014,240,Standard,2,2600,Available
R03401,H014,241,Executive,1,6150,Available
R03402,H014,242,Deluxe,2,4100,Maintenance
R03403,H014,243,Family,5,5000,Available
R03404,H014,244,Standard,2,3450,Available
R03405,H014,245,Deluxe,3,3800,Available
R03406,H014,246,Suite,4,7200,Available
R03407,H014,247,Executive,1,7850,Available
R03408,H014,248,Standard,2,2400,Available
R03409,H014,249,Deluxe,3,4000,Available
R03410,H014,250,Executive,2,7400,Available
R03411,H014,251,Suite,4,12200,Available
R03412,H014,252,Executive,1,5100,Available
R03413,H014,253,Premium,2,5700,Available
R03414,H014,254,Standard,2,3650,Available
R03415,H014,255,Standard,1,3100,Available
R03416,H014,256,Suite,2,9750,Available
R03417,H014,257,Deluxe,3,4050,Available
R03418,H014,258,Standard,1,3000,Maintenance
R03419,H014,259,Executive,2,6400,Available
R03420,H014,260,Deluxe,3,5200,Available
R03421,H014,261,Premium,2,6150,Available
R03422,H014,262,Premium,2,4750,Available
R03423,H014,263,Deluxe,2,3600,Available
R03424,H014,264,Family,3,4750,Available
R03425,H014,265,Standard,2,2900,Available
R03426,H014,266,Deluxe,3,5050,Available
R03427,H014,267,Standard,2,3000,Available
R03428,H014,268,Deluxe,2,3850,Available
R03429,H014,269,Executive,2,6350,Available
R03430,H014,270,Premium,2,7000,Maintenance
R03431,H014,271,Family,3,5750,Available
R03432,H014,272,Deluxe,2,5150,Available
R03433,H014,273,Premium,3,6500,Available
R03434,H014,274,Deluxe,2,3650,Available
R03435,H014,275,Executive,2,5450,Available
R03436,H014,276,Executive,2,6450,Available
R03437,H014,277,Deluxe,3,4350,Available
R03438,H014,278,Standard,2,3800,Reserved
R03439,H014,279,Deluxe,3,4000,Available
R03440,H014,280,Standard,1,3250,Available
R03441,H014,281,Executive,1,7400,Maintenance
R03442,H014,282,Premium,2,6200,Available
R03443,H014,283,Standard,2,2950,Available
R03444,H014,284,Executive,1,5000,Available
R03445,H014,285,Deluxe,3,5400,Available
R03446,H014,286,Executive,2,7850,Available
R03447,H014,287,Standard,1,3050,Available
R03448,H014,288,Standard,1,2950,Available
R03449,H014,289,Premium,2,5700,Available
R03450,H014,290,Deluxe,3,4850,Available
R03451,H014,291,Premium,2,6650,Available
R03452,H014,292,Deluxe,2,4600,Available
R03453,H014,293,Deluxe,2,4900,Available
R03454,H014,294,Standard,1,3400,Available
R03455,H014,295,Executive,1,6150,Available
R03456,H014,296,Premium,3,4400,Available
R03457,H014,297,Suite,4,7100,Out of Service
R03458,H014,298,Executive,1,7850,Available
R03459,H014,299,Executive,1,6900,Available
R03460,H014,300,Deluxe,3,5650,Available
R03461,H014,301,Deluxe,2,3900,Available
R03462,H014,302,Deluxe,2,5400,Available
R03463,H014,303,Premium,2,5700,Maintenance
R03464,H014,304,Premium,2,6400,Available
R03465,H014,305,Executive,2,4950,Available
R03466,H014,306,Premium,2,6000,Available
R03467,H014,307,Executive,1,6850,Available
R03468,H014,308,Executive,2,6600,Reserved
R03469,H014,309,Family,4,5300,Maintenance
R03470,H014,310,Deluxe,2,4250,Available
R03471,H014,311,Deluxe,2,4450,Maintenance
R03472,H014,312,Deluxe,3,3700,Available
R03473,H014,313,Executive,1,7700,Available
R03474,H014,314,Standard,2,3500,Available
R03475,H014,315,Executive,2,5750,Available
R03476,H014,316,Standard,2,2500,Available
R03477,H014,317,Executive,1,7500,Maintenance
R03478,H014,318,Standard,1,2350,Available
R03479,H014,319,Premium,2,5000,Available
R03480,H014,320,Family,5,5050,Available
R03481,H014,321,Family,4,6850,Available
R03482,H014,322,Deluxe,2,5450,Available
R03483,H014,323,Executive,1,7900,Available
R03484,H014,324,Executive,1,6900,Available
R03485,H014,325,Executive,2,5300,Available
R03486,H014,326,Deluxe,2,5450,Available
R03487,H014,327,Executive,2,7100,Available
R03488,H014,328,Deluxe,3,5550,Available
R03489,H014,329,Standard,2,2800,Available
R03490,H014,330,Suite,3,8950,Available
R03491,H014,331,Family,4,5700,Available
R03492,H014,332,Executive,1,7500,Available
R03493,H014,333,Standard,1,2650,Available
R03494,H014,334,Standard,2,2600,Available
R03495,H014,335,Executive,1,7400,Available
R03496,H014,336,Standard,1,2650,Available
R03497,H014,337,Standard,1,3150,Available
R03498,H014,338,Deluxe,2,4000,Out of Service
R03499,H014,339,Standard,2,3000,Available
R03500,H014,340,Standard,2,3300,Available
R03501,H014,341,Suite,3,12050,Available
R03502,H014,342,Family,3,6250,Available
R03503,H014,343,Executive,1,7350,Out of Service
R03504,H014,344,Family,4,6900,Available
R03505,H014,345,Standard,1,3050,Available
R03506,H014,346,Standard,2,3200,Available
R03507,H014,347,Deluxe,2,4000,Available
R03508,H014,348,Deluxe,2,4350,Available
R03509,H014,349,Executive,2,5200,Available
R03510,H014,350,Executive,2,6750,Available
R03511,H014,351,Executive,2,7550,Available
R03512,H014,352,Deluxe,3,5450,Available
R03513,H014,353,Executive,1,7500,Available
R03514,H014,354,Standard,1,2550,Available
R03515,H014,355,Premium,3,6300,Available
R03516,H014,356,Standard,1,3050,Available
R03517,H014,357,Standard,1,3850,Available
R03518,H014,358,Deluxe,2,4950,Available
R03519,H014,359,Standard,1,3850,Available
R03520,H014,360,Executive,2,7300,Maintenance
R03521,H014,361,Deluxe,2,4000,Available
R03522,H014,362,Executive,1,5150,Maintenance
R03523,H014,363,Suite,4,10650,Available
R03524,H014,364,Executive,2,6000,Available
R03525,H014,365,Deluxe,3,4100,Maintenance
R03526,H014,366,Executive,1,5800,Available
R03527,H014,367,Premium,2,5150,Available
R03528,H014,368,Deluxe,2,5550,Available
R03529,H014,369,Deluxe,2,4750,Available
R03530,H014,370,Standard,1,3700,Available
R03531,H014,371,Executive,1,5700,Reserved
R03532,H014,372,Premium,2,4750,Available
R03533,H014,373,Standard,1,3200,Available
R03534,H014,374,Deluxe,3,4200,Available
R03535,H014,375,Executive,1,4950,Available
R03536,H014,376,Family,5,5250,Available
R03537,H014,377,Standard,2,2600,Available
R03538,H014,378,Deluxe,3,4400,Available
R03539,H014,379,Deluxe,3,5500,Available
R03540,H014,380,Suite,2,8600,Available
R03541,H014,381,Premium,3,6650,Available
R03542,H014,382,Premium,3,4850,Available
R03543,H014,383,Executive,1,5200,Available
R03544,H014,384,Deluxe,2,3700,Available
R03545,H014,385,Deluxe,3,3850,Available
R03546,H014,386,Executive,1,5200,Available
R03547,H014,387,Executive,2,7800,Available
R03548,H014,388,Deluxe,2,4900,Available
R03549,H014,389,Executive,2,5900,Maintenance
R03550,H014,390,Standard,2,2550,Available
R03551,H014,391,Standard,1,3300,Available
R03552,H014,392,Standard,2,3200,Available
R03553,H014,393,Deluxe,3,3650,Maintenance
R03554,H014,394,Premium,3,6700,Available
R03555,H014,395,Executive,1,6950,Available
R03556,H014,396,Deluxe,3,5550,Available
R03557,H014,397,Executive,1,5900,Available
R03558,H014,398,Suite,3,8650,Available
R03559,H014,399,Family,5,6900,Available
R03560,H014,400,Standard,2,3750,Available
R03561,H014,401,Standard,2,3800,Available
R03562,H014,402,Premium,3,4450,Maintenance
R03563,H014,403,Deluxe,2,4200,Available
R03564,H014,404,Executive,2,6000,Maintenance
R03565,H014,405,Executive,2,6000,Available
R03566,H014,406,Deluxe,3,3800,Available
R03567,H014,407,Deluxe,3,5150,Available
R03568,H014,408,Premium,3,4750,Available
R03569,H014,409,Deluxe,3,4500,Available
R03570,H014,410,Standard,2,3900,Available
R03571,H014,411,Premium,3,5250,Available
R03572,H014,412,Standard,2,2450,Available
R03573,H014,413,Standard,1,3650,Available
R03574,H014,414,Deluxe,2,5050,Available
R03575,H014,415,Standard,2,2300,Available
R03576,H014,416,Executive,2,5650,Available
R03577,H014,417,Deluxe,2,4700,Available
R03578,H014,418,Executive,2,5350,Available
R03579,H014,419,Deluxe,3,5050,Available
R03580,H014,420,Executive,1,7350,Available
R03581,H014,421,Executive,2,6000,Available
R03582,H014,422,Executive,2,6350,Available
R03583,H014,423,Executive,1,6300,Available
R03584,H014,424,Executive,2,7200,Available
R03585,H014,425,Standard,2,3850,Available
R03586,H014,426,Family,5,4550,Out of Service
R03587,H014,427,Deluxe,3,4650,Available
R03588,H014,428,Executive,1,6750,Available
R03589,H014,429,Executive,2,5850,Available
R03590,H014,430,Standard,1,3900,Available
R03591,H014,431,Executive,2,6900,Available
R03592,H014,432,Deluxe,3,5000,Available
R03593,H014,433,Deluxe,3,4500,Available
R03594,H014,434,Executive,2,7800,Available
R03595,H014,435,Suite,4,11300,Available
R03596,H014,436,Deluxe,2,4050,Available
R03597,H014,437,Executive,2,6400,Available
R03598,H014,438,Premium,2,6900,Available
R03599,H014,439,Deluxe,3,4350,Available
R03600,H014,440,Executive,2,5050,Available
R03601,H014,441,Executive,2,7400,Available
R03602,H014,442,Deluxe,2,5600,Available
R03603,H014,443,Executive,2,6800,Maintenance
R03604,H014,444,Executive,1,7050,Available
R03605,H014,445,Standard,2,2950,Available
R03606,H014,446,Standard,2,3800,Available
R03607,H014,447,Deluxe,3,4600,Available
R03608,H014,448,Family,5,6050,Available
R03609,H014,449,Executive,2,7250,Reserved
R03610,H014,450,Executive,2,5000,Available
R03611,H014,451,Executive,1,5950,Available
R03612,H014,452,Standard,2,2650,Available
R03613,H014,453,Family,3,5700,Available
R03614,H014,454,Deluxe,3,5050,Maintenance
R03615,H014,455,Executive,1,6250,Available
R03616,H014,456,Standard,2,3750,Available
R03617,H014,457,Premium,3,5500,Available
R03618,H014,458,Suite,3,8900,Available
R03619,H014,459,Family,3,5650,Available
R03620,H014,460,Executive,2,6050,Available
R03621,H014,461,Deluxe,3,5700,Available
R03622,H014,462,Suite,2,8450,Available
R03623,H014,463,Deluxe,2,3650,Available
R03624,H014,464,Executive,1,7900,Available
R03625,H014,465,Executive,1,6050,Available
R03626,H014,466,Deluxe,3,5350,Available
R03627,H014,467,Standard,2,2750,Available
R03628,H014,468,Standard,1,3800,Available
R03629,H014,469,Family,3,5450,Available
R03630,H014,470,Deluxe,2,5100,Available
R03631,H014,471,Deluxe,3,5100,Available
R03632,H014,472,Deluxe,3,4400,Available
R03633,H014,473,Premium,2,4800,Available
R03634,H014,474,Family,5,4700,Available
R03635,H014,475,Executive,1,6750,Maintenance
R03636,H014,476,Deluxe,3,3750,Available
R03637,H014,477,Standard,1,3150,Available
R03638,H014,478,Premium,2,4700,Available
R03639,H014,479,Standard,2,2500,Available
R03640,H014,480,Premium,3,6950,Available
R03641,H015,101,Executive,2,6350,Available
R03642,H015,102,Standard,2,3600,Available
R03643,H015,103,Standard,1,3150,Available
R03644,H015,104,Standard,1,3750,Available
R03645,H015,105,Premium,2,6700,Available
R03646,H015,106,Deluxe,2,5600,Available
R03647,H015,107,Deluxe,3,5350,Available
R03648,H015,108,Standard,2,4150,Available
R03649,H015,109,Deluxe,3,4700,Available
R03650,H015,110,Premium,3,6500,Maintenance
R03651,H015,111,Executive,1,8050,Available
R03652,H015,112,Executive,2,7650,Available
R03653,H015,113,Deluxe,3,5950,Available
R03654,H015,114,Standard,1,4300,Available
R03655,H015,115,Standard,2,3850,Available
R03656,H015,116,Premium,2,7750,Available
R03657,H015,117,Executive,1,6600,Available
R03658,H015,118,Family,4,5400,Available
R03659,H015,119,Deluxe,2,5800,Available
R03660,H015,120,Deluxe,2,4950,Available
R03661,H015,121,Deluxe,2,5500,Available
R03662,H015,122,Premium,2,6350,Maintenance
R03663,H015,123,Executive,1,5950,Available
R03664,H015,124,Standard,2,3100,Reserved
R03665,H015,125,Family,4,7350,Maintenance
R03666,H015,126,Executive,2,9150,Available
R03667,H015,127,Executive,1,6650,Available
R03668,H015,128,Premium,2,7250,Available
R03669,H015,129,Executive,1,7600,Available
R03670,H015,130,Deluxe,3,5200,Available
R03671,H015,131,Deluxe,2,6450,Available
R03672,H015,132,Standard,2,4350,Maintenance
R03673,H015,133,Deluxe,2,4400,Available
R03674,H015,134,Executive,1,9600,Available
R03675,H015,135,Standard,2,3450,Available
R03676,H015,136,Deluxe,2,5450,Available
R03677,H015,137,Deluxe,2,5400,Available
R03678,H015,138,Suite,2,8900,Available
R03679,H015,139,Family,4,5400,Available
R03680,H015,140,Standard,2,4450,Available
R03681,H015,141,Family,5,6450,Out of Service
R03682,H015,142,Executive,1,6000,Maintenance
R03683,H015,143,Premium,2,8300,Available
R03684,H015,144,Deluxe,2,5900,Available
R03685,H015,145,Executive,1,7800,Available
R03686,H015,146,Standard,2,2700,Available
R03687,H015,147,Executive,1,7200,Available
R03688,H015,148,Deluxe,3,4300,Available
R03689,H015,149,Executive,2,7600,Available
R03690,H015,150,Deluxe,2,6700,Available
R03691,H015,151,Premium,3,6950,Available
R03692,H015,152,Standard,1,2850,Available
R03693,H015,153,Executive,2,7800,Available
R03694,H015,154,Executive,2,7400,Available
R03695,H015,155,Standard,1,4700,Available
R03696,H015,156,Suite,3,9200,Available
R03697,H015,157,Deluxe,2,5800,Available
R03698,H015,158,Suite,4,9350,Maintenance
R03699,H015,159,Executive,1,8250,Available
R03700,H015,160,Standard,1,3100,Available
R03701,H015,161,Executive,2,6850,Available
R03702,H015,162,Premium,2,8000,Available
R03703,H015,163,Standard,2,3150,Available
R03704,H015,164,Executive,1,6600,Available
R03705,H015,165,Standard,1,4250,Available
R03706,H015,166,Standard,1,4300,Available
R03707,H015,167,Standard,1,3850,Available
R03708,H015,168,Executive,2,7350,Available
R03709,H015,169,Standard,1,4500,Maintenance
R03710,H015,170,Executive,2,7650,Available
R03711,H015,171,Standard,1,4600,Available
R03712,H015,172,Standard,2,2950,Available
R03713,H015,173,Executive,2,6000,Available
R03714,H015,174,Premium,3,8500,Available
R03715,H015,175,Family,5,7100,Available
R03716,H015,176,Standard,2,3350,Reserved
R03717,H015,177,Standard,1,4150,Available
R03718,H015,178,Family,4,7950,Available
R03719,H015,179,Premium,2,5350,Available
R03720,H015,180,Premium,2,8150,Available
R03721,H015,181,Premium,3,6550,Available
R03722,H015,182,Deluxe,2,6800,Available
R03723,H015,183,Premium,2,6700,Available
R03724,H015,184,Family,5,5400,Available
R03725,H015,185,Deluxe,2,5450,Available
R03726,H015,186,Standard,2,3950,Available
R03727,H015,187,Executive,2,6250,Maintenance
R03728,H015,188,Deluxe,2,6000,Available
R03729,H015,189,Executive,1,7900,Available
R03730,H015,190,Premium,3,8550,Maintenance
R03731,H015,191,Executive,2,9500,Available
R03732,H015,192,Standard,2,3450,Available
R03733,H015,193,Standard,2,4200,Available
R03734,H015,194,Deluxe,2,6100,Available
R03735,H015,195,Executive,1,6950,Available
R03736,H015,196,Standard,2,4250,Available
R03737,H015,197,Executive,2,8750,Available
R03738,H015,198,Standard,2,3000,Reserved
R03739,H015,199,Premium,3,7850,Out of Service
R03740,H015,200,Deluxe,2,5250,Available
R03741,H015,201,Executive,1,9250,Available
R03742,H015,202,Executive,2,9350,Available
R03743,H015,203,Standard,1,3000,Reserved
R03744,H015,204,Family,3,6700,Maintenance
R03745,H015,205,Executive,2,8200,Reserved
R03746,H015,206,Family,3,6900,Available
R03747,H015,207,Deluxe,3,6850,Available
R03748,H015,208,Deluxe,2,4700,Reserved
R03749,H015,209,Standard,2,2950,Available
R03750,H015,210,Family,4,5900,Available
R03751,H015,211,Standard,2,3550,Available
R03752,H015,212,Standard,1,3650,Available
R03753,H015,213,Deluxe,2,5950,Available
R03754,H015,214,Deluxe,2,6250,Available
R03755,H015,215,Deluxe,2,6400,Available
R03756,H015,216,Standard,2,4650,Available
R03757,H015,217,Executive,1,8600,Available
R03758,H015,218,Premium,2,7400,Available
R03759,H015,219,Executive,1,6300,Available
R03760,H015,220,Executive,2,9400,Available
R03761,H015,221,Executive,2,6750,Available
R03762,H015,222,Suite,3,14150,Available
R03763,H015,223,Standard,1,4250,Maintenance
R03764,H015,224,Standard,1,4350,Reserved
R03765,H015,225,Executive,2,8900,Available
R03766,H015,226,Deluxe,3,5350,Available
R03767,H015,227,Deluxe,3,6600,Available
R03768,H015,228,Deluxe,3,5150,Maintenance
R03769,H015,229,Deluxe,3,4650,Available
R03770,H015,230,Deluxe,3,6550,Available
R03771,H015,231,Deluxe,3,4650,Available
R03772,H015,232,Executive,1,6650,Available
R03773,H015,233,Standard,1,4800,Available
R03774,H015,234,Deluxe,2,5950,Available
R03775,H015,235,Executive,1,7400,Available
R03776,H015,236,Suite,3,11250,Out of Service
R03777,H015,237,Standard,2,4450,Available
R03778,H015,238,Deluxe,3,4600,Available
R03779,H015,239,Premium,3,8000,Available
R03780,H015,240,Executive,1,8150,Available
R03781,H015,241,Executive,2,6750,Reserved
R03782,H015,242,Deluxe,3,4800,Available
R03783,H015,243,Family,5,6850,Available
R03784,H015,244,Family,5,7650,Available
R03785,H015,245,Deluxe,3,5200,Available
R03786,H015,246,Deluxe,2,4400,Available
R03787,H015,247,Executive,2,7200,Available
R03788,H015,248,Premium,2,8350,Available
R03789,H015,249,Deluxe,2,6900,Available
R03790,H015,250,Premium,3,6050,Available
R03791,H015,251,Deluxe,3,6050,Available
R03792,H015,252,Executive,1,6750,Available
R03793,H015,253,Executive,1,6300,Available
R03794,H015,254,Deluxe,3,5000,Available
R03795,H015,255,Executive,1,7200,Reserved
R03796,H015,256,Premium,3,7600,Available
R03797,H015,257,Deluxe,3,6350,Available
R03798,H015,258,Family,5,5400,Available
R03799,H015,259,Deluxe,2,6300,Maintenance
R03800,H015,260,Deluxe,2,4800,Available
R03801,H015,261,Standard,1,3850,Available
R03802,H015,262,Deluxe,2,5300,Available
R03803,H015,263,Executive,2,7400,Available
R03804,H015,264,Deluxe,2,5250,Available
R03805,H015,265,Deluxe,2,5550,Available
R03806,H015,266,Standard,2,4800,Available
R03807,H015,267,Deluxe,3,6950,Available
R03808,H015,268,Deluxe,2,4950,Available
R03809,H015,269,Deluxe,2,4850,Available
R03810,H015,270,Executive,2,6350,Available
R03811,H015,271,Standard,2,4150,Available
R03812,H015,272,Deluxe,2,6000,Out of Service
R03813,H015,273,Executive,2,8450,Maintenance
R03814,H015,274,Standard,2,4550,Available
R03815,H015,275,Family,5,8150,Available
R03816,H015,276,Standard,1,4700,Maintenance
R03817,H015,277,Deluxe,3,5100,Reserved
R03818,H015,278,Executive,2,9100,Reserved
R03819,H015,279,Deluxe,3,5000,Available
R03820,H015,280,Executive,2,9350,Available
R03821,H015,281,Executive,1,6600,Available
R03822,H015,282,Family,5,6650,Available
R03823,H015,283,Deluxe,2,6750,Available
R03824,H015,284,Executive,2,6300,Available
R03825,H015,285,Premium,2,7850,Available
R03826,H015,286,Executive,2,6100,Maintenance
R03827,H015,287,Standard,1,4400,Reserved
R03828,H015,288,Deluxe,3,6700,Available
R03829,H015,289,Standard,2,3700,Available
R03830,H015,290,Deluxe,2,6650,Available
R03831,H015,291,Standard,2,2800,Available
R03832,H015,292,Standard,2,3650,Available
R03833,H015,293,Deluxe,3,4800,Available
R03834,H015,294,Standard,2,3650,Available
R03835,H015,295,Family,5,8000,Available
R03836,H015,296,Premium,3,7750,Maintenance
R03837,H015,297,Executive,2,8300,Available
R03838,H015,298,Standard,1,4100,Available
R03839,H015,299,Standard,2,4500,Available
R03840,H015,300,Standard,2,4550,Available
R03841,H015,301,Suite,3,10050,Available
R03842,H015,302,Executive,2,9100,Available
R03843,H015,303,Standard,2,3150,Available
R03844,H015,304,Standard,1,3450,Available
R03845,H015,305,Deluxe,2,5600,Available
R03846,H015,306,Premium,3,6750,Out of Service
R03847,H015,307,Standard,1,4400,Available
R03848,H015,308,Deluxe,3,4950,Reserved
R03849,H015,309,Deluxe,2,6400,Available
R03850,H015,310,Executive,1,5950,Available
R03851,H015,311,Standard,2,4550,Available
R03852,H015,312,Family,3,6800,Available
R03853,H015,313,Executive,1,6900,Available
R03854,H015,314,Executive,2,7050,Available
R03855,H015,315,Deluxe,2,6800,Available
R03856,H015,316,Family,5,7700,Available
R03857,H015,317,Deluxe,3,4750,Available
R03858,H015,318,Premium,3,6800,Available
R03859,H015,319,Deluxe,3,5050,Available
R03860,H015,320,Standard,2,4300,Available
R03861,H015,321,Family,4,8450,Available
R03862,H015,322,Executive,2,7850,Available
R03863,H015,323,Deluxe,2,5750,Available
R03864,H015,324,Deluxe,2,4550,Available
R03865,H015,325,Standard,1,3850,Available
R03866,H015,326,Executive,1,6200,Out of Service
R03867,H015,327,Standard,2,3550,Available
R03868,H015,328,Deluxe,3,5850,Available
R03869,H015,329,Standard,1,3150,Available
R03870,H015,330,Standard,2,3850,Reserved
R03871,H015,331,Deluxe,2,6500,Available
R03872,H015,332,Premium,3,8450,Available
R03873,H015,333,Suite,3,10150,Available
R03874,H015,334,Executive,1,8300,Available
R03875,H015,335,Family,5,5400,Available
R03876,H015,336,Standard,2,3300,Available
R03877,H015,337,Executive,2,7200,Available
R03878,H015,338,Standard,2,3400,Available
R03879,H015,339,Executive,2,6800,Available
R03880,H015,340,Executive,1,9200,Available
R03881,H015,341,Executive,1,6800,Available
R03882,H015,342,Executive,1,6300,Available
R03883,H015,343,Deluxe,2,5350,Reserved
R03884,H015,344,Deluxe,3,5100,Maintenance
R03885,H015,345,Deluxe,2,5100,Maintenance
R03886,H015,346,Deluxe,3,5300,Available
R03887,H015,347,Premium,3,5500,Available
R03888,H015,348,Suite,4,13450,Reserved
R03889,H015,349,Deluxe,3,4450,Available
R03890,H015,350,Deluxe,2,6550,Available
R03891,H015,351,Family,4,5500,Available
R03892,H015,352,Deluxe,3,6250,Available
R03893,H015,353,Family,5,7500,Available
R03894,H015,354,Executive,1,9550,Available
R03895,H015,355,Suite,3,11750,Available
R03896,H015,356,Deluxe,2,4300,Available
R03897,H015,357,Executive,2,8450,Available
R03898,H015,358,Family,5,8100,Available
R03899,H015,359,Standard,1,3350,Available
R03900,H015,360,Suite,2,8700,Available
R03901,H015,361,Suite,4,12750,Available
R03902,H015,362,Standard,2,3950,Available
R03903,H015,363,Family,3,5550,Available
R03904,H015,364,Deluxe,3,5000,Available
R03905,H015,365,Deluxe,2,6700,Reserved
R03906,H015,366,Deluxe,2,4550,Maintenance
R03907,H015,367,Deluxe,3,6400,Available
R03908,H015,368,Standard,1,4650,Out of Service
R03909,H015,369,Deluxe,3,4550,Out of Service
R03910,H015,370,Suite,4,11800,Reserved
R03911,H015,371,Deluxe,2,4400,Available
R03912,H015,372,Standard,1,4750,Available
R03913,H015,373,Standard,2,4250,Available
R03914,H015,374,Deluxe,2,4300,Available
R03915,H015,375,Deluxe,3,5200,Available
R03916,H015,376,Standard,2,3950,Available
R03917,H015,377,Family,3,7450,Available
R03918,H015,378,Executive,2,8800,Available
R03919,H015,379,Standard,2,3750,Available
R03920,H015,380,Deluxe,3,4500,Available
R03921,H015,381,Executive,2,6650,Available
R03922,H015,382,Executive,2,7050,Available
R03923,H015,383,Executive,2,6200,Available
R03924,H015,384,Standard,1,4250,Available
R03925,H015,385,Deluxe,3,5550,Available
R03926,H015,386,Standard,1,2800,Maintenance
R03927,H015,387,Executive,1,6750,Available
R03928,H015,388,Executive,2,7950,Available
R03929,H015,389,Deluxe,3,5800,Available
R03930,H015,390,Suite,2,10000,Available
R03931,H015,391,Deluxe,2,4450,Available
R03932,H015,392,Standard,1,3750,Reserved
R03933,H015,393,Suite,3,11900,Available
R03934,H015,394,Standard,1,4750,Available
R03935,H015,395,Deluxe,3,6200,Available
R03936,H015,396,Executive,1,6500,Available
R03937,H015,397,Deluxe,3,6350,Available
R03938,H015,398,Family,4,7300,Available
R03939,H015,399,Standard,1,3200,Available
R03940,H015,400,Standard,2,2750,Available
R03941,H015,401,Standard,2,4650,Available
R03942,H015,402,Standard,1,3900,Available
R03943,H015,403,Standard,2,4150,Available
R03944,H015,404,Standard,2,4250,Available
R03945,H015,405,Standard,1,4300,Available
R03946,H015,406,Deluxe,2,5700,Available
R03947,H015,407,Standard,1,2950,Available
R03948,H015,408,Executive,2,8650,Available
R03949,H015,409,Family,4,7300,Available
R03950,H015,410,Executive,1,9100,Available
R03951,H015,411,Standard,2,4050,Available
R03952,H015,412,Standard,1,2700,Available
R03953,H015,413,Executive,1,7050,Available
R03954,H015,414,Standard,1,3050,Maintenance
R03955,H015,415,Deluxe,3,4650,Available
R03956,H015,416,Deluxe,3,4500,Available
R03957,H015,417,Executive,1,8900,Available
R03958,H015,418,Deluxe,2,4450,Available
R03959,H015,419,Deluxe,2,5450,Reserved
R03960,H015,420,Standard,2,3750,Available
R03961,H015,421,Deluxe,3,4550,Available
R03962,H015,422,Executive,2,9100,Available
R03963,H015,423,Deluxe,3,4350,Maintenance
R03964,H015,424,Deluxe,2,5600,Available
R03965,H015,425,Standard,1,4200,Reserved
R03966,H015,426,Deluxe,3,6200,Available
R03967,H015,427,Deluxe,3,5100,Available
R03968,H015,428,Deluxe,2,4900,Available
R03969,H015,429,Deluxe,2,6700,Maintenance
R03970,H015,430,Standard,2,3200,Available
R03971,H016,101,Standard,1,3000,Available
R03972,H016,102,Standard,1,2450,Available
R03973,H016,103,Deluxe,3,5900,Available
R03974,H016,104,Standard,1,3550,Available
R03975,H016,105,Deluxe,3,3900,Available
R03976,H016,106,Executive,1,5500,Available
R03977,H016,107,Deluxe,3,4200,Available
R03978,H016,108,Deluxe,3,5050,Available
R03979,H016,109,Deluxe,3,4150,Available
R03980,H016,110,Standard,2,4150,Available
R03981,H016,111,Standard,2,4150,Available
R03982,H016,112,Deluxe,2,6150,Available
R03983,H016,113,Deluxe,2,4100,Available
R03984,H016,114,Family,4,6400,Maintenance
R03985,H016,115,Premium,3,6150,Available
R03986,H016,116,Deluxe,2,5150,Available
R03987,H016,117,Premium,3,6900,Available
R03988,H016,118,Executive,1,8350,Available
R03989,H016,119,Suite,2,10750,Available
R03990,H016,120,Deluxe,3,5250,Available
R03991,H016,121,Deluxe,3,3900,Available
R03992,H016,122,Standard,2,2950,Available
R03993,H016,123,Executive,2,7000,Available
R03994,H016,124,Suite,2,10600,Reserved
R03995,H016,125,Deluxe,2,4300,Available
R03996,H016,126,Deluxe,3,4350,Available
R03997,H016,127,Deluxe,3,5600,Available
R03998,H016,128,Deluxe,3,4950,Available
R03999,H016,129,Family,3,6200,Available
R04000,H016,130,Deluxe,3,3900,Reserved
R04001,H016,131,Executive,2,5950,Available
R04002,H016,132,Standard,2,2900,Available
R04003,H016,133,Executive,2,6300,Available
R04004,H016,134,Standard,2,3900,Available
R04005,H016,135,Deluxe,2,5950,Maintenance
R04006,H016,136,Standard,1,4000,Available
R04007,H016,137,Deluxe,2,4800,Available
R04008,H016,138,Standard,2,3050,Available
R04009,H016,139,Standard,2,3350,Available
R04010,H016,140,Deluxe,3,4750,Available
R04011,H016,141,Deluxe,3,5600,Available
R04012,H016,142,Premium,2,5000,Available
R04013,H016,143,Executive,2,7850,Available
R04014,H016,144,Executive,2,6850,Available
R04015,H016,145,Suite,2,12050,Available
R04016,H016,146,Executive,1,7700,Available
R04017,H016,147,Executive,1,7050,Available
R04018,H016,148,Standard,2,2600,Available
R04019,H016,149,Standard,2,2650,Available
R04020,H016,150,Standard,2,3900,Available
R04021,H016,151,Executive,1,7700,Available
R04022,H016,152,Executive,2,8000,Available
R04023,H016,153,Family,4,6850,Available
R04024,H016,154,Standard,1,3250,Available
R04025,H016,155,Standard,1,3650,Available
R04026,H016,156,Standard,2,3600,Available
R04027,H016,157,Executive,2,7300,Available
R04028,H016,158,Premium,3,5250,Available
R04029,H016,159,Executive,1,6900,Available
R04030,H016,160,Executive,1,8200,Available
R04031,H016,161,Executive,1,7550,Available
R04032,H016,162,Suite,3,11250,Available
R04033,H016,163,Deluxe,3,4550,Reserved
R04034,H016,164,Standard,1,3450,Available
R04035,H016,165,Deluxe,2,4950,Available
R04036,H016,166,Standard,1,3850,Available
R04037,H016,167,Family,4,4950,Available
R04038,H016,168,Suite,3,8900,Available
R04039,H016,169,Executive,1,6400,Available
R04040,H016,170,Executive,2,6650,Available
R04041,H016,171,Deluxe,2,4950,Available
R04042,H016,172,Executive,1,7450,Maintenance
R04043,H016,173,Executive,1,7250,Available
R04044,H016,174,Deluxe,2,4450,Available
R04045,H016,175,Family,5,7250,Available
R04046,H016,176,Standard,2,2750,Reserved
R04047,H016,177,Suite,3,9250,Available
R04048,H016,178,Executive,2,6350,Available
R04049,H016,179,Premium,2,6400,Out of Service
R04050,H016,180,Executive,1,8100,Available
R04051,H016,181,Standard,2,2800,Reserved
R04052,H016,182,Standard,2,3500,Available
R04053,H016,183,Deluxe,2,4500,Available
R04054,H016,184,Deluxe,3,5650,Out of Service
R04055,H016,185,Deluxe,3,6050,Available
R04056,H016,186,Executive,2,7350,Available
R04057,H016,187,Deluxe,2,4350,Available
R04058,H016,188,Deluxe,3,5750,Available
R04059,H016,189,Executive,2,6300,Available
R04060,H016,190,Standard,1,2700,Available
R04061,H016,191,Deluxe,3,4000,Available
R04062,H016,192,Premium,3,4750,Available
R04063,H016,193,Suite,2,8950,Available
R04064,H016,194,Premium,2,5050,Available
R04065,H016,195,Executive,1,7750,Reserved
R04066,H016,196,Premium,2,5750,Available
R04067,H016,197,Premium,3,4950,Available
R04068,H016,198,Executive,2,7000,Available
R04069,H016,199,Executive,2,7850,Available
R04070,H016,200,Standard,2,3750,Available
R04071,H016,201,Standard,1,3400,Available
R04072,H016,202,Family,3,7000,Available
R04073,H016,203,Executive,1,8150,Available
R04074,H016,204,Deluxe,2,6200,Available
R04075,H016,205,Deluxe,2,6000,Available
R04076,H016,206,Executive,2,7750,Available
R04077,H016,207,Executive,1,7000,Reserved
R04078,H016,208,Standard,1,3900,Available
R04079,H016,209,Family,3,5350,Available
R04080,H016,210,Executive,1,8550,Reserved
R04081,H016,211,Deluxe,3,5500,Reserved
R04082,H016,212,Premium,2,6450,Available
R04083,H016,213,Standard,1,3500,Available
R04084,H016,214,Deluxe,2,6150,Reserved
R04085,H016,215,Executive,1,5850,Maintenance
R04086,H016,216,Family,4,5450,Available
R04087,H016,217,Premium,2,7450,Available
R04088,H016,218,Deluxe,2,4400,Available
R04089,H016,219,Executive,2,7100,Available
R04090,H016,220,Standard,1,3500,Available
R04091,H016,221,Standard,1,3800,Reserved
R04092,H016,222,Deluxe,3,4800,Reserved
R04093,H016,223,Standard,1,4000,Available
R04094,H016,224,Executive,1,5300,Available
R04095,H016,225,Family,5,5950,Available
R04096,H016,226,Executive,2,6550,Maintenance
R04097,H016,227,Standard,1,2500,Reserved
R04098,H016,228,Executive,1,5800,Available
R04099,H016,229,Executive,1,7750,Available
R04100,H016,230,Executive,1,8100,Reserved
R04101,H016,231,Executive,2,6500,Available
R04102,H016,232,Standard,1,2600,Reserved
R04103,H016,233,Deluxe,2,6100,Available
R04104,H016,234,Family,4,6750,Available
R04105,H016,235,Premium,2,5000,Available
R04106,H016,236,Suite,3,11250,Available
R04107,H016,237,Executive,1,6900,Available
R04108,H016,238,Standard,1,4150,Available
R04109,H016,239,Executive,1,7350,Available
R04110,H016,240,Suite,3,7850,Available
R04111,H016,241,Standard,1,2750,Available
R04112,H016,242,Suite,4,10700,Available
R04113,H016,243,Premium,3,7300,Reserved
R04114,H016,244,Executive,1,7500,Available
R04115,H016,245,Suite,4,11100,Available
R04116,H016,246,Standard,1,4200,Available
R04117,H016,247,Executive,2,5900,Available
R04118,H016,248,Deluxe,2,4050,Available
R04119,H016,249,Standard,1,2800,Available
R04120,H016,250,Deluxe,2,4650,Available
R04121,H016,251,Suite,3,8800,Available
R04122,H016,252,Standard,2,2800,Available
R04123,H016,253,Premium,3,6850,Available
R04124,H016,254,Executive,2,7900,Available
R04125,H016,255,Executive,1,7700,Available
R04126,H016,256,Executive,2,8000,Available
R04127,H016,257,Standard,1,3000,Available
R04128,H016,258,Deluxe,3,4850,Available
R04129,H016,259,Executive,1,6000,Available
R04130,H016,260,Deluxe,2,5400,Available
R04131,H016,261,Standard,2,3150,Available
R04132,H016,262,Premium,2,7450,Available
R04133,H016,263,Standard,1,3950,Reserved
R04134,H016,264,Suite,3,7700,Available
R04135,H016,265,Premium,3,6850,Maintenance
R04136,H016,266,Suite,3,7800,Available
R04137,H016,267,Suite,4,8350,Maintenance
R04138,H016,268,Standard,1,4250,Available
R04139,H016,269,Family,5,6250,Available
R04140,H016,270,Premium,3,6100,Available
R04141,H016,271,Executive,2,7800,Available
R04142,H016,272,Deluxe,2,4500,Available
R04143,H016,273,Executive,2,8000,Available
R04144,H016,274,Executive,1,7250,Available
R04145,H016,275,Suite,4,11600,Available
R04146,H016,276,Premium,2,7200,Available
R04147,H016,277,Executive,2,7450,Available
R04148,H016,278,Executive,2,6200,Available
R04149,H016,279,Deluxe,2,5650,Maintenance
R04150,H016,280,Standard,1,3750,Available
R04151,H016,281,Executive,2,5650,Reserved
R04152,H016,282,Standard,2,4200,Available
R04153,H016,283,Deluxe,3,5450,Reserved
R04154,H016,284,Premium,2,6650,Available
R04155,H016,285,Deluxe,3,4100,Available
R04156,H016,286,Premium,2,7350,Available
R04157,H016,287,Standard,2,3600,Out of Service
R04158,H016,288,Deluxe,3,4750,Available
R04159,H016,289,Premium,3,6900,Available
R04160,H016,290,Deluxe,2,5850,Available
R04161,H016,291,Standard,2,3150,Available
R04162,H016,292,Executive,2,7850,Reserved
R04163,H016,293,Premium,3,5900,Available
R04164,H016,294,Standard,1,2850,Available
R04165,H016,295,Suite,4,8550,Available
R04166,H016,296,Executive,1,5650,Available
R04167,H016,297,Premium,3,6200,Available
R04168,H016,298,Family,5,6700,Available
R04169,H016,299,Family,5,6450,Available
R04170,H016,300,Deluxe,3,5800,Available
R04171,H016,301,Deluxe,2,5800,Available
R04172,H016,302,Standard,1,3300,Reserved
R04173,H016,303,Premium,2,6350,Available
R04174,H016,304,Standard,1,2550,Available
R04175,H016,305,Premium,3,7300,Available
R04176,H016,306,Executive,1,5500,Available
R04177,H016,307,Executive,1,8400,Available
R04178,H016,308,Standard,2,4250,Available
R04179,H016,309,Executive,1,5850,Available
R04180,H016,310,Deluxe,3,5500,Available
R04181,H016,311,Standard,2,4250,Available
R04182,H016,312,Standard,2,3950,Available
R04183,H016,313,Suite,2,9750,Available
R04184,H016,314,Executive,1,6800,Reserved
R04185,H016,315,Standard,2,4000,Available
R04186,H016,316,Deluxe,3,6000,Available
R04187,H016,317,Deluxe,3,6100,Available
R04188,H016,318,Family,3,5350,Available
R04189,H016,319,Family,3,6500,Maintenance
R04190,H016,320,Premium,2,6300,Available
R04191,H016,321,Premium,3,7450,Available
R04192,H016,322,Deluxe,2,5100,Available
R04193,H016,323,Executive,2,6200,Available
R04194,H016,324,Standard,2,2750,Available
R04195,H016,325,Executive,1,8000,Available
R04196,H016,326,Standard,2,3800,Available
R04197,H016,327,Standard,2,3800,Reserved
R04198,H016,328,Executive,2,7650,Available
R04199,H016,329,Family,4,5550,Available
R04200,H016,330,Deluxe,3,3850,Available
R04201,H016,331,Executive,2,8050,Available
R04202,H016,332,Deluxe,2,4850,Available
R04203,H016,333,Standard,2,3800,Available
R04204,H016,334,Executive,2,6100,Available
R04205,H016,335,Standard,1,3600,Maintenance
R04206,H016,336,Executive,1,7350,Available
R04207,H016,337,Deluxe,3,5350,Reserved
R04208,H016,338,Premium,3,6200,Available
R04209,H016,339,Deluxe,2,5650,Out of Service
R04210,H016,340,Premium,2,6350,Maintenance
R04211,H016,341,Standard,2,3050,Maintenance
R04212,H016,342,Family,3,7250,Available
R04213,H016,343,Executive,2,7750,Reserved
R04214,H016,344,Family,4,5450,Maintenance
R04215,H016,345,Executive,1,7700,Available
R04216,H016,346,Deluxe,2,5400,Available
R04217,H016,347,Executive,2,8050,Out of Service
R04218,H016,348,Standard,2,2700,Available
R04219,H016,349,Standard,2,3450,Reserved
R04220,H016,350,Standard,2,3900,Available
R04221,H016,351,Standard,2,2500,Available
R04222,H016,352,Deluxe,2,4900,Available
R04223,H016,353,Standard,1,2950,Available
R04224,H016,354,Family,5,5850,Available
R04225,H016,355,Deluxe,2,4250,Available
R04226,H016,356,Family,4,7100,Available
R04227,H016,357,Deluxe,2,5200,Out of Service
R04228,H016,358,Family,4,5900,Available
R04229,H016,359,Executive,1,6650,Available
R04230,H016,360,Premium,2,5650,Available
R04231,H016,361,Executive,2,6700,Available
R04232,H016,362,Executive,2,6950,Available
R04233,H016,363,Standard,1,2600,Available
R04234,H016,364,Executive,2,7750,Maintenance
R04235,H016,365,Deluxe,3,4350,Available
R04236,H016,366,Executive,2,8300,Available
R04237,H016,367,Standard,1,3300,Maintenance
R04238,H016,368,Standard,1,2500,Available
R04239,H016,369,Standard,1,2600,Available
R04240,H016,370,Suite,4,12900,Available
R04241,H016,371,Executive,2,6650,Available
R04242,H016,372,Suite,3,13050,Available
R04243,H016,373,Deluxe,2,5650,Available
R04244,H016,374,Deluxe,3,4100,Available
R04245,H016,375,Deluxe,3,5050,Available
R04246,H016,376,Family,3,7150,Available
R04247,H016,377,Executive,1,8100,Available
R04248,H016,378,Deluxe,2,4650,Available
R04249,H016,379,Suite,4,11150,Available
R04250,H016,380,Deluxe,2,5550,Available
R04251,H016,381,Deluxe,3,5150,Maintenance
R04252,H016,382,Premium,3,6950,Available
R04253,H016,383,Deluxe,2,5950,Reserved
R04254,H016,384,Executive,1,5900,Out of Service
R04255,H016,385,Standard,2,3600,Maintenance
R04256,H016,386,Deluxe,3,4550,Available
R04257,H016,387,Standard,2,3550,Available
R04258,H016,388,Executive,2,7350,Available
R04259,H016,389,Deluxe,3,4700,Available
R04260,H016,390,Executive,1,7400,Available
R04261,H016,391,Executive,1,5600,Available
R04262,H016,392,Deluxe,3,4750,Available
R04263,H016,393,Standard,2,2600,Available
R04264,H016,394,Premium,2,6900,Available
R04265,H016,395,Suite,4,12500,Available
R04266,H016,396,Standard,1,3400,Maintenance
R04267,H016,397,Suite,2,10500,Available
R04268,H016,398,Deluxe,2,5900,Available
R04269,H016,399,Premium,2,5300,Available
R04270,H016,400,Standard,1,3650,Available
R04271,H017,101,Deluxe,3,3250,Available
R04272,H017,102,Standard,2,1500,Available
R04273,H017,103,Standard,2,2700,Available
R04274,H017,104,Standard,1,2300,Available
R04275,H017,105,Family,3,3800,Available
R04276,H017,106,Deluxe,2,2350,Available
R04277,H017,107,Standard,1,1600,Available
R04278,H017,108,Standard,2,2300,Available
R04279,H017,109,Standard,1,1600,Available
R04280,H017,110,Deluxe,3,2800,Available
R04281,H017,111,Standard,1,2250,Maintenance
R04282,H017,112,Standard,2,1650,Available
R04283,H017,113,Suite,3,4100,Reserved
R04284,H017,114,Family,4,3900,Available
R04285,H017,115,Family,3,3150,Available
R04286,H017,116,Deluxe,3,1950,Available
R04287,H017,117,Family,4,4150,Available
R04288,H017,118,Deluxe,2,2350,Available
R04289,H017,119,Deluxe,2,2450,Maintenance
R04290,H017,120,Suite,2,5500,Available
R04291,H017,121,Standard,2,1950,Available
R04292,H017,122,Standard,1,2450,Available
R04293,H017,123,Deluxe,2,3200,Maintenance
R04294,H017,124,Deluxe,2,2900,Available
R04295,H017,125,Deluxe,3,2900,Available
R04296,H017,126,Standard,1,2600,Available
R04297,H017,127,Deluxe,3,2350,Available
R04298,H017,128,Suite,4,4750,Available
R04299,H017,129,Deluxe,2,2700,Available
R04300,H017,130,Standard,1,2750,Maintenance
R04301,H017,131,Standard,2,1650,Out of Service
R04302,H017,132,Deluxe,2,2900,Available
R04303,H017,133,Family,4,4450,Available
R04304,H017,134,Deluxe,2,2650,Available
R04305,H017,135,Standard,2,2350,Available
R04306,H017,136,Deluxe,3,2800,Available
R04307,H017,137,Standard,2,2400,Out of Service
R04308,H017,138,Suite,2,6300,Available
R04309,H017,139,Deluxe,2,1900,Available
R04310,H017,140,Suite,2,5150,Available
R04311,H017,141,Standard,1,2200,Available
R04312,H017,142,Family,5,3200,Reserved
R04313,H017,143,Family,4,3700,Available
R04314,H017,144,Deluxe,2,2250,Available
R04315,H017,145,Family,4,4450,Available
R04316,H017,146,Standard,1,1750,Available
R04317,H017,147,Family,3,4550,Available
R04318,H017,148,Standard,2,2400,Reserved
R04319,H017,149,Standard,2,1450,Maintenance
R04320,H017,150,Standard,2,1550,Available
R04321,H017,151,Standard,1,1600,Maintenance
R04322,H017,152,Standard,1,2500,Available
R04323,H017,153,Standard,2,2150,Reserved
R04324,H017,154,Standard,2,2750,Available
R04325,H017,155,Family,5,4500,Available
R04326,H017,156,Standard,2,2550,Available
R04327,H017,157,Standard,1,1500,Available
R04328,H017,158,Standard,2,1750,Available
R04329,H017,159,Standard,2,2250,Available
R04330,H017,160,Standard,1,2650,Available
R04331,H017,161,Family,5,3100,Available
R04332,H017,162,Family,5,3500,Available
R04333,H017,163,Standard,1,2250,Available
R04334,H017,164,Family,3,3200,Maintenance
R04335,H017,165,Deluxe,3,2950,Available
R04336,H017,166,Deluxe,2,2200,Available
R04337,H017,167,Standard,2,2500,Available
R04338,H017,168,Deluxe,3,3150,Available
R04339,H017,169,Standard,2,2750,Reserved
R04340,H017,170,Family,5,4650,Reserved
R04341,H017,171,Deluxe,3,3000,Available
R04342,H017,172,Deluxe,2,3250,Available
R04343,H017,173,Standard,1,2500,Available
R04344,H017,174,Deluxe,2,2150,Available
R04345,H017,175,Standard,1,1450,Available
R04346,H017,176,Deluxe,2,1950,Available
R04347,H017,177,Family,5,3950,Reserved
R04348,H017,178,Standard,2,1400,Reserved
R04349,H017,179,Deluxe,2,2100,Available
R04350,H017,180,Deluxe,3,2800,Available
R04351,H017,181,Deluxe,2,2650,Available
R04352,H017,182,Standard,1,2200,Available
R04353,H017,183,Standard,2,2300,Available
R04354,H017,184,Standard,2,1450,Available
R04355,H017,185,Standard,2,1500,Available
R04356,H017,186,Standard,1,2250,Available
R04357,H017,187,Deluxe,2,2150,Available
R04358,H017,188,Standard,2,2050,Available
R04359,H017,189,Standard,2,2500,Available
R04360,H017,190,Standard,2,1850,Available
R04361,H017,191,Deluxe,3,2200,Available
R04362,H017,192,Standard,2,2550,Available
R04363,H017,193,Standard,1,1900,Maintenance
R04364,H017,194,Deluxe,3,3550,Available
R04365,H017,195,Deluxe,3,3400,Available
R04366,H017,196,Family,3,3350,Available
R04367,H017,197,Standard,1,2550,Available
R04368,H017,198,Standard,2,1450,Available
R04369,H017,199,Family,3,3950,Available
R04370,H017,200,Family,4,3400,Available
R04371,H017,201,Standard,2,2050,Available
R04372,H017,202,Family,5,3600,Maintenance
R04373,H017,203,Standard,1,2200,Available
R04374,H017,204,Standard,2,1600,Available
R04375,H017,205,Standard,1,2100,Out of Service
R04376,H017,206,Standard,1,1750,Available
R04377,H017,207,Standard,1,2100,Available
R04378,H017,208,Deluxe,2,2250,Available
R04379,H017,209,Deluxe,3,2550,Available
R04380,H017,210,Standard,2,2000,Available
R04381,H017,211,Standard,2,2450,Available
R04382,H017,212,Deluxe,3,3300,Available
R04383,H017,213,Family,3,3050,Available
R04384,H017,214,Standard,1,1500,Available
R04385,H017,215,Family,5,3900,Available
R04386,H017,216,Deluxe,3,2350,Available
R04387,H017,217,Standard,1,2500,Available
R04388,H017,218,Standard,1,2050,Available
R04389,H017,219,Deluxe,3,2050,Maintenance
R04390,H017,220,Standard,2,1700,Available
R04391,H017,221,Standard,1,1950,Available
R04392,H017,222,Standard,2,1600,Available
R04393,H017,223,Deluxe,3,2600,Available
R04394,H017,224,Standard,1,2150,Available
R04395,H017,225,Standard,1,1750,Maintenance
R04396,H017,226,Deluxe,3,2050,Available
R04397,H017,227,Family,4,2800,Available
R04398,H017,228,Deluxe,2,3400,Available
R04399,H017,229,Deluxe,3,1950,Available
R04400,H017,230,Standard,1,1600,Available
R04401,H017,231,Standard,1,1450,Available
R04402,H017,232,Standard,2,2500,Available
R04403,H017,233,Deluxe,3,3500,Available
R04404,H017,234,Deluxe,2,3100,Available
R04405,H017,235,Family,4,3600,Reserved
R04406,H017,236,Standard,2,1450,Available
R04407,H017,237,Standard,2,1700,Maintenance
R04408,H017,238,Standard,1,1800,Available
R04409,H017,239,Standard,2,2600,Available
R04410,H017,240,Deluxe,2,3300,Available
R04411,H017,241,Deluxe,2,2550,Available
R04412,H017,242,Deluxe,2,3450,Available
R04413,H017,243,Standard,2,2550,Available
R04414,H017,244,Deluxe,2,3100,Available
R04415,H017,245,Standard,2,1800,Available
R04416,H017,246,Standard,2,2550,Available
R04417,H017,247,Standard,1,2600,Available
R04418,H017,248,Standard,2,1450,Available
R04419,H017,249,Standard,2,2100,Available
R04420,H017,250,Standard,2,2450,Available
R04421,H017,251,Standard,2,2000,Available
R04422,H017,252,Deluxe,3,2200,Available
R04423,H017,253,Standard,1,1450,Available
R04424,H017,254,Deluxe,3,3500,Available
R04425,H017,255,Deluxe,2,3250,Available
R04426,H017,256,Family,5,2850,Available
R04427,H017,257,Deluxe,2,3500,Available
R04428,H017,258,Standard,2,1500,Available
R04429,H017,259,Standard,1,1750,Available
R04430,H017,260,Family,5,4200,Available
R04431,H017,261,Family,3,4200,Available
R04432,H017,262,Standard,2,2700,Available
R04433,H017,263,Standard,1,2000,Available
R04434,H017,264,Deluxe,2,2050,Available
R04435,H017,265,Deluxe,3,3250,Available
R04436,H017,266,Standard,1,1700,Available
R04437,H017,267,Standard,2,2400,Available
R04438,H017,268,Standard,1,1950,Maintenance
R04439,H017,269,Deluxe,3,2800,Available
R04440,H017,270,Standard,1,1650,Available
R04441,H017,271,Standard,2,2500,Available
R04442,H017,272,Standard,2,2650,Available
R04443,H017,273,Standard,2,2200,Available
R04444,H017,274,Family,5,3300,Available
R04445,H017,275,Deluxe,3,1950,Available
R04446,H017,276,Standard,1,2100,Available
R04447,H017,277,Family,4,3700,Available
R04448,H017,278,Standard,1,2400,Available
R04449,H017,279,Deluxe,3,2600,Available
R04450,H017,280,Family,5,3150,Available
R04451,H018,101,Standard,1,2250,Available
R04452,H018,102,Standard,2,1550,Available
R04453,H018,103,Standard,1,2850,Available
R04454,H018,104,Standard,2,2750,Available
R04455,H018,105,Standard,1,2750,Available
R04456,H018,106,Deluxe,2,2800,Available
R04457,H018,107,Family,5,3550,Available
R04458,H018,108,Standard,1,2900,Out of Service
R04459,H018,109,Standard,1,2050,Available
R04460,H018,110,Family,5,3700,Available
R04461,H018,111,Deluxe,2,3800,Maintenance
R04462,H018,112,Deluxe,2,2500,Available
R04463,H018,113,Standard,2,1550,Maintenance
R04464,H018,114,Standard,1,1950,Available
R04465,H018,115,Standard,1,2550,Available
R04466,H018,116,Standard,1,2200,Available
R04467,H018,117,Standard,1,2350,Available
R04468,H018,118,Standard,2,1950,Out of Service
R04469,H018,119,Standard,2,1950,Out of Service
R04470,H018,120,Deluxe,2,2950,Available
R04471,H018,121,Suite,3,5350,Available
R04472,H018,122,Standard,1,1550,Available
R04473,H018,123,Standard,1,2700,Available
R04474,H018,124,Standard,2,2100,Available
R04475,H018,125,Standard,2,2150,Reserved
R04476,H018,126,Suite,3,6450,Available
R04477,H018,127,Standard,2,2200,Maintenance
R04478,H018,128,Standard,2,2900,Available
R04479,H018,129,Standard,2,1750,Available
R04480,H018,130,Standard,2,2550,Available
R04481,H018,131,Standard,1,1700,Available
R04482,H018,132,Family,4,4150,Available
R04483,H018,133,Standard,1,2400,Available
R04484,H018,134,Standard,2,2900,Maintenance
R04485,H018,135,Deluxe,3,3200,Available
R04486,H018,136,Deluxe,2,2950,Reserved
R04487,H018,137,Standard,1,1750,Available
R04488,H018,138,Standard,1,2350,Available
R04489,H018,139,Standard,2,1650,Available
R04490,H018,140,Standard,1,2250,Available
R04491,H018,141,Family,5,4000,Reserved
R04492,H018,142,Deluxe,3,2650,Available
R04493,H018,143,Standard,2,2750,Available
R04494,H018,144,Deluxe,2,3450,Available
R04495,H018,145,Standard,2,2800,Available
R04496,H018,146,Standard,2,1750,Available
R04497,H018,147,Standard,2,1550,Available
R04498,H018,148,Suite,3,6050,Maintenance
R04499,H018,149,Standard,2,2800,Available
R04500,H018,150,Standard,1,2250,Available
R04501,H018,151,Standard,2,2750,Available
R04502,H018,152,Standard,2,2050,Available
R04503,H018,153,Deluxe,3,2550,Available
R04504,H018,154,Deluxe,2,2650,Available
R04505,H018,155,Deluxe,2,3950,Reserved
R04506,H018,156,Deluxe,2,3500,Available
R04507,H018,157,Deluxe,3,2200,Reserved
R04508,H018,158,Standard,2,2300,Available
R04509,H018,159,Standard,2,2500,Maintenance
R04510,H018,160,Standard,1,2050,Available
R04511,H018,161,Deluxe,3,3500,Available
R04512,H018,162,Standard,1,2650,Available
R04513,H018,163,Deluxe,3,3950,Available
R04514,H018,164,Deluxe,2,3350,Available
R04515,H018,165,Standard,2,2450,Out of Service
R04516,H018,166,Deluxe,2,2050,Available
R04517,H018,167,Deluxe,2,3450,Available
R04518,H018,168,Standard,2,2100,Reserved
R04519,H018,169,Family,3,4250,Available
R04520,H018,170,Standard,1,2950,Available
R04521,H018,171,Deluxe,2,3100,Available
R04522,H018,172,Deluxe,2,3700,Reserved
R04523,H018,173,Standard,1,2250,Available
R04524,H018,174,Standard,1,1900,Available
R04525,H018,175,Standard,2,2650,Available
R04526,H018,176,Standard,2,2250,Available
R04527,H018,177,Standard,2,1950,Available
R04528,H018,178,Deluxe,3,2450,Available
R04529,H018,179,Standard,2,2700,Available
R04530,H018,180,Deluxe,2,2250,Available
R04531,H018,181,Standard,2,2400,Available
R04532,H018,182,Family,3,3100,Reserved
R04533,H018,183,Standard,2,2350,Available
R04534,H018,184,Deluxe,2,4000,Available
R04535,H018,185,Deluxe,3,3050,Available
R04536,H018,186,Family,4,4150,Available
R04537,H018,187,Standard,2,2500,Available
R04538,H018,188,Deluxe,3,2600,Available
R04539,H018,189,Standard,1,2200,Available
R04540,H018,190,Deluxe,3,3950,Available
R04541,H018,191,Standard,2,2300,Available
R04542,H018,192,Deluxe,3,2100,Reserved
R04543,H018,193,Deluxe,2,3650,Available
R04544,H018,194,Standard,1,2100,Available
R04545,H018,195,Standard,1,2950,Available
R04546,H018,196,Deluxe,2,3300,Out of Service
R04547,H018,197,Standard,2,2900,Reserved
R04548,H018,198,Standard,1,2850,Available
R04549,H018,199,Standard,2,2150,Available
R04550,H018,200,Family,3,3200,Available
R04551,H018,201,Standard,1,2250,Reserved
R04552,H018,202,Family,5,4000,Maintenance
R04553,H018,203,Standard,1,2850,Maintenance
R04554,H018,204,Deluxe,2,4050,Out of Service
R04555,H018,205,Deluxe,3,2700,Available
R04556,H018,206,Standard,1,2050,Available
R04557,H018,207,Standard,1,2400,Available
R04558,H018,208,Standard,1,1950,Available
R04559,H018,209,Deluxe,2,4050,Available
R04560,H018,210,Deluxe,3,2600,Available
R04561,H018,211,Deluxe,2,2700,Available
R04562,H018,212,Suite,2,4650,Available
R04563,H018,213,Standard,1,2550,Available
R04564,H018,214,Standard,1,1700,Available
R04565,H018,215,Standard,2,2450,Reserved
R04566,H018,216,Deluxe,2,3200,Maintenance
R04567,H018,217,Family,3,4650,Available
R04568,H018,218,Standard,1,2700,Available
R04569,H018,219,Deluxe,3,3800,Available
R04570,H018,220,Standard,2,2450,Available
R04571,H018,221,Deluxe,2,3600,Available
R04572,H018,222,Deluxe,2,3200,Available
R04573,H018,223,Standard,1,2250,Available
R04574,H018,224,Standard,1,2150,Maintenance
R04575,H018,225,Deluxe,3,3250,Available
R04576,H018,226,Deluxe,2,2100,Available
R04577,H018,227,Deluxe,3,2300,Reserved
R04578,H018,228,Deluxe,3,3450,Available
R04579,H018,229,Standard,1,2600,Available
R04580,H018,230,Standard,2,2900,Reserved
R04581,H018,231,Family,5,3550,Available
R04582,H018,232,Family,4,3400,Available
R04583,H018,233,Standard,1,1750,Available
R04584,H018,234,Deluxe,3,3350,Available
R04585,H018,235,Standard,1,2550,Available
R04586,H018,236,Deluxe,2,3200,Available
R04587,H018,237,Standard,2,1800,Available
R04588,H018,238,Standard,2,2900,Available
R04589,H018,239,Deluxe,3,4000,Available
R04590,H018,240,Deluxe,3,2450,Available
R04591,H018,241,Standard,2,2750,Reserved
R04592,H018,242,Standard,1,2900,Available
R04593,H018,243,Standard,2,2050,Maintenance
R04594,H018,244,Deluxe,3,3500,Available
R04595,H018,245,Deluxe,2,2250,Available
R04596,H018,246,Deluxe,2,2750,Available
R04597,H018,247,Standard,1,2900,Available
R04598,H018,248,Standard,2,1900,Available
R04599,H018,249,Standard,2,2800,Available
R04600,H018,250,Suite,2,6050,Available
R04601,H018,251,Deluxe,3,2600,Available
R04602,H018,252,Standard,2,1800,Available
R04603,H018,253,Standard,2,2050,Available
R04604,H018,254,Standard,1,2500,Available
R04605,H018,255,Family,3,3250,Maintenance
R04606,H018,256,Family,3,4500,Available
R04607,H018,257,Standard,1,2800,Available
R04608,H018,258,Deluxe,2,2300,Maintenance
R04609,H018,259,Deluxe,3,2900,Available
R04610,H018,260,Deluxe,2,3350,Available
R04611,H018,261,Deluxe,2,2200,Available
R04612,H018,262,Standard,2,1550,Maintenance
R04613,H018,263,Standard,2,1650,Available
R04614,H018,264,Standard,2,2650,Available
R04615,H018,265,Deluxe,3,2400,Available
R04616,H018,266,Family,3,4900,Available
R04617,H018,267,Family,3,3750,Available
R04618,H018,268,Deluxe,2,2650,Available
R04619,H018,269,Standard,2,2800,Maintenance
R04620,H018,270,Deluxe,3,3550,Reserved
R04621,H019,101,Deluxe,3,4400,Available
R04622,H019,102,Family,5,6450,Maintenance
R04623,H019,103,Premium,3,6400,Available
R04624,H019,104,Premium,3,5350,Available
R04625,H019,105,Standard,2,4750,Available
R04626,H019,106,Family,5,6250,Available
R04627,H019,107,Suite,2,12250,Available
R04628,H019,108,Deluxe,3,5850,Available
R04629,H019,109,Premium,3,6350,Available
R04630,H019,110,Deluxe,3,4650,Available
R04631,H019,111,Premium,2,7650,Available
R04632,H019,112,Standard,2,4800,Available
R04633,H019,113,Family,5,6600,Available
R04634,H019,114,Suite,2,11800,Available
R04635,H019,115,Premium,2,5700,Available
R04636,H019,116,Standard,1,4550,Available
R04637,H019,117,Deluxe,2,5700,Available
R04638,H019,118,Deluxe,2,5650,Available
R04639,H019,119,Standard,2,3100,Maintenance
R04640,H019,120,Suite,3,11300,Available
R04641,H019,121,Suite,3,8350,Available
R04642,H019,122,Standard,2,3050,Available
R04643,H019,123,Deluxe,3,5300,Available
R04644,H019,124,Deluxe,3,6050,Available
R04645,H019,125,Premium,2,6450,Available
R04646,H019,126,Suite,3,10950,Available
R04647,H019,127,Standard,1,3150,Available
R04648,H019,128,Deluxe,2,5750,Available
R04649,H019,129,Deluxe,3,4500,Available
R04650,H019,130,Suite,2,8900,Available
R04651,H019,131,Premium,3,6400,Available
R04652,H019,132,Premium,3,7900,Reserved
R04653,H019,133,Deluxe,3,4150,Available
R04654,H019,134,Suite,4,11300,Maintenance
R04655,H019,135,Deluxe,3,6550,Available
R04656,H019,136,Premium,2,7550,Available
R04657,H019,137,Suite,3,9400,Reserved
R04658,H019,138,Premium,2,6100,Available
R04659,H019,139,Deluxe,2,4750,Reserved
R04660,H019,140,Premium,2,5450,Available
R04661,H019,141,Standard,2,3300,Available
R04662,H019,142,Deluxe,2,5500,Maintenance
R04663,H019,143,Suite,4,11600,Available
R04664,H019,144,Standard,2,4550,Available
R04665,H019,145,Deluxe,3,4750,Available
R04666,H019,146,Suite,4,11350,Available
R04667,H019,147,Family,5,7350,Available
R04668,H019,148,Family,5,6800,Available
R04669,H019,149,Deluxe,3,4250,Available
R04670,H019,150,Standard,2,4500,Available
R04671,H019,151,Standard,2,3950,Available
R04672,H019,152,Standard,2,3900,Reserved
R04673,H019,153,Standard,1,4000,Available
R04674,H019,154,Suite,2,12450,Available
R04675,H019,155,Suite,4,10350,Available
R04676,H019,156,Deluxe,3,5950,Out of Service
R04677,H019,157,Deluxe,3,4000,Available
R04678,H019,158,Standard,1,3150,Available
R04679,H019,159,Deluxe,2,5500,Available
R04680,H019,160,Deluxe,2,4250,Reserved
R04681,H019,161,Suite,2,13000,Available
R04682,H019,162,Suite,4,9000,Available
R04683,H019,163,Standard,2,2750,Available
R04684,H019,164,Deluxe,2,5050,Available
R04685,H019,165,Standard,1,2700,Maintenance
R04686,H019,166,Suite,4,11750,Available
R04687,H019,167,Premium,3,7850,Reserved
R04688,H019,168,Premium,2,7400,Reserved
R04689,H019,169,Deluxe,3,4200,Available
R04690,H019,170,Deluxe,2,5800,Available
R04691,H019,171,Deluxe,3,5150,Available
R04692,H019,172,Standard,1,3350,Available
R04693,H019,173,Deluxe,2,4250,Available
R04694,H019,174,Suite,2,11100,Available
R04695,H019,175,Family,5,7000,Available
R04696,H019,176,Standard,2,4150,Available
R04697,H019,177,Standard,2,3400,Available
R04698,H019,178,Suite,2,11600,Available
R04699,H019,179,Standard,2,4050,Available
R04700,H019,180,Deluxe,3,6300,Available
R04701,H019,181,Standard,2,4650,Available
R04702,H019,182,Premium,2,7750,Available
R04703,H019,183,Deluxe,2,4000,Maintenance
R04704,H019,184,Deluxe,3,5250,Available
R04705,H019,185,Deluxe,3,4550,Out of Service
R04706,H019,186,Standard,1,3250,Available
R04707,H019,187,Standard,1,3200,Available
R04708,H019,188,Deluxe,2,4600,Maintenance
R04709,H019,189,Deluxe,2,4050,Available
R04710,H019,190,Deluxe,2,5400,Maintenance
R04711,H019,191,Deluxe,2,6250,Available
R04712,H019,192,Deluxe,2,4150,Reserved
R04713,H019,193,Deluxe,2,4950,Available
R04714,H019,194,Deluxe,3,6200,Available
R04715,H019,195,Deluxe,2,6450,Available
R04716,H019,196,Premium,2,8350,Available
R04717,H019,197,Standard,2,4800,Available
R04718,H019,198,Standard,2,2850,Available
R04719,H019,199,Premium,3,5500,Available
R04720,H019,200,Premium,3,7750,Available
R04721,H019,201,Premium,3,6050,Available
R04722,H019,202,Deluxe,2,6000,Available
R04723,H019,203,Premium,2,6100,Available
R04724,H019,204,Deluxe,2,5600,Available
R04725,H019,205,Deluxe,3,5250,Maintenance
R04726,H019,206,Standard,1,2900,Available
R04727,H019,207,Deluxe,2,6400,Available
R04728,H019,208,Suite,4,8000,Available
R04729,H019,209,Standard,1,3750,Available
R04730,H019,210,Deluxe,2,6000,Reserved
R04731,H019,211,Family,3,6050,Available
R04732,H019,212,Premium,2,6550,Available
R04733,H019,213,Standard,2,2750,Available
R04734,H019,214,Standard,2,2800,Available
R04735,H019,215,Family,4,6000,Out of Service
R04736,H019,216,Deluxe,2,5150,Available
R04737,H019,217,Premium,3,6650,Available
R04738,H019,218,Standard,1,3000,Available
R04739,H019,219,Deluxe,2,5250,Available
R04740,H019,220,Deluxe,2,6000,Available
R04741,H019,221,Suite,2,8100,Available
R04742,H019,222,Deluxe,2,6200,Available
R04743,H019,223,Suite,4,13000,Out of Service
R04744,H019,224,Deluxe,2,4450,Available
R04745,H019,225,Premium,3,5850,Available
R04746,H019,226,Standard,1,4600,Reserved
R04747,H019,227,Deluxe,3,4700,Reserved
R04748,H019,228,Standard,1,4400,Available
R04749,H019,229,Deluxe,2,4250,Available
R04750,H019,230,Family,5,6700,Available
R04751,H019,231,Premium,2,8350,Available
R04752,H019,232,Standard,2,4400,Available
R04753,H019,233,Deluxe,3,6400,Available
R04754,H019,234,Suite,2,12350,Available
R04755,H019,235,Suite,4,8900,Available
R04756,H019,236,Deluxe,2,6250,Available
R04757,H019,237,Standard,2,4650,Available
R04758,H019,238,Premium,2,8150,Available
R04759,H019,239,Deluxe,2,5400,Available
R04760,H019,240,Suite,2,11050,Available
R04761,H019,241,Standard,1,4000,Available
R04762,H019,242,Deluxe,2,4000,Reserved
R04763,H019,243,Deluxe,2,4350,Available
R04764,H019,244,Suite,3,9700,Available
R04765,H019,245,Deluxe,2,4900,Available
R04766,H019,246,Suite,4,8200,Available
R04767,H019,247,Deluxe,3,6000,Available
R04768,H019,248,Deluxe,3,4300,Available
R04769,H019,249,Suite,2,11650,Available
R04770,H019,250,Deluxe,2,6600,Out of Service
R04771,H019,251,Deluxe,3,5650,Available
R04772,H019,252,Deluxe,2,5200,Available
R04773,H019,253,Premium,3,6900,Available
R04774,H019,254,Deluxe,3,5200,Out of Service
R04775,H019,255,Standard,2,4050,Available
R04776,H019,256,Family,3,6700,Available
R04777,H019,257,Family,4,5900,Available
R04778,H019,258,Premium,2,6700,Available
R04779,H019,259,Standard,2,2950,Available
R04780,H019,260,Deluxe,2,4300,Available
R04781,H019,261,Deluxe,3,5400,Available
R04782,H019,262,Deluxe,2,4500,Available
R04783,H019,263,Suite,3,11700,Available
R04784,H019,264,Suite,2,8600,Available
R04785,H019,265,Standard,1,3900,Available
R04786,H019,266,Standard,2,4000,Available
R04787,H019,267,Standard,1,3050,Available
R04788,H019,268,Deluxe,3,4000,Available
R04789,H019,269,Standard,2,2700,Available
R04790,H019,270,Standard,2,4550,Available
R04791,H019,271,Deluxe,3,4950,Available
R04792,H019,272,Premium,2,6450,Available
R04793,H019,273,Family,5,6750,Maintenance
R04794,H019,274,Premium,2,6800,Available
R04795,H019,275,Standard,1,4650,Available
R04796,H019,276,Family,4,5650,Available
R04797,H019,277,Deluxe,3,6000,Available
R04798,H019,278,Deluxe,3,6100,Available
R04799,H019,279,Family,4,5400,Maintenance
R04800,H019,280,Deluxe,2,6450,Maintenance
R04801,H019,281,Family,5,7850,Maintenance
R04802,H019,282,Deluxe,2,4750,Available
R04803,H019,283,Premium,2,8300,Available
R04804,H019,284,Premium,2,5800,Available
R04805,H019,285,Deluxe,2,5650,Available
R04806,H019,286,Deluxe,2,4400,Available
R04807,H019,287,Premium,2,5550,Available
R04808,H019,288,Standard,2,4000,Available
R04809,H019,289,Standard,2,4300,Available
R04810,H019,290,Suite,3,12250,Maintenance
R04811,H020,101,Suite,4,9850,Available
R04812,H020,102,Standard,1,5150,Available
R04813,H020,103,Deluxe,3,4850,Available
R04814,H020,104,Deluxe,3,4700,Available
R04815,H020,105,Deluxe,3,6950,Available
R04816,H020,106,Suite,2,12350,Available
R04817,H020,107,Premium,2,9100,Available
R04818,H020,108,Deluxe,2,6250,Available
R04819,H020,109,Deluxe,2,5050,Maintenance
R04820,H020,110,Family,3,7200,Out of Service
R04821,H020,111,Deluxe,2,6700,Available
R04822,H020,112,Standard,1,5550,Available
R04823,H020,113,Deluxe,3,7650,Maintenance
R04824,H020,114,Premium,2,7600,Available
R04825,H020,115,Premium,2,8600,Available
R04826,H020,116,Standard,2,3600,Available
R04827,H020,117,Family,3,7150,Available
R04828,H020,118,Standard,2,4750,Available
R04829,H020,119,Premium,2,7600,Available
R04830,H020,120,Family,3,6850,Available
R04831,H020,121,Standard,2,3200,Reserved
R04832,H020,122,Premium,2,6650,Available
R04833,H020,123,Deluxe,3,4650,Available
R04834,H020,124,Standard,2,5400,Maintenance
R04835,H020,125,Deluxe,3,5750,Available
R04836,H020,126,Deluxe,3,6100,Available
R04837,H020,127,Deluxe,3,7400,Available
R04838,H020,128,Premium,3,9250,Out of Service
R04839,H020,129,Standard,2,5400,Available
R04840,H020,130,Premium,2,6500,Available
R04841,H020,131,Deluxe,2,4850,Available
R04842,H020,132,Standard,1,5250,Available
R04843,H020,133,Deluxe,3,6050,Available
R04844,H020,134,Deluxe,2,6950,Available
R04845,H020,135,Deluxe,2,5250,Available
R04846,H020,136,Deluxe,3,5850,Available
R04847,H020,137,Premium,2,9100,Available
R04848,H020,138,Premium,2,8450,Available
R04849,H020,139,Suite,3,15250,Available
R04850,H020,140,Premium,3,7300,Available
R04851,H020,141,Deluxe,2,7050,Available
R04852,H020,142,Family,4,7950,Available
R04853,H020,143,Standard,2,3350,Available
R04854,H020,144,Standard,2,3900,Available
R04855,H020,145,Family,3,8550,Available
R04856,H020,146,Premium,3,7050,Available
R04857,H020,147,Standard,1,5600,Available
R04858,H020,148,Standard,2,3100,Available
R04859,H020,149,Premium,3,7600,Maintenance
R04860,H020,150,Standard,2,4600,Available
R04861,H020,151,Standard,1,4200,Available
R04862,H020,152,Standard,1,4900,Available
R04863,H020,153,Premium,2,6900,Out of Service
R04864,H020,154,Premium,3,7300,Available
R04865,H020,155,Deluxe,2,6350,Available
R04866,H020,156,Deluxe,2,7500,Maintenance
R04867,H020,157,Deluxe,2,6050,Available
R04868,H020,158,Standard,1,4700,Available
R04869,H020,159,Deluxe,3,5500,Available
R04870,H020,160,Premium,2,7400,Available
R04871,H020,161,Premium,2,6800,Available
R04872,H020,162,Standard,2,4350,Available
R04873,H020,163,Standard,2,4950,Available
R04874,H020,164,Deluxe,3,5550,Maintenance
R04875,H020,165,Premium,3,6800,Available
R04876,H020,166,Premium,3,8350,Available
R04877,H020,167,Premium,3,9000,Available
R04878,H020,168,Standard,2,4250,Reserved
R04879,H020,169,Premium,2,9200,Available
R04880,H020,170,Premium,3,7650,Available
R04881,H020,171,Standard,1,3400,Available
R04882,H020,172,Suite,3,15150,Available
R04883,H020,173,Deluxe,3,6600,Available
R04884,H020,174,Suite,2,15050,Available
R04885,H020,175,Deluxe,3,5800,Available
R04886,H020,176,Deluxe,3,5700,Available
R04887,H020,177,Family,3,6750,Available
R04888,H020,178,Premium,3,6350,Reserved
R04889,H020,179,Premium,3,7800,Available
R04890,H020,180,Standard,2,4050,Available
R04891,H020,181,Deluxe,3,6200,Available
R04892,H020,182,Premium,2,7000,Available
R04893,H020,183,Deluxe,3,7350,Available
R04894,H020,184,Standard,1,3700,Reserved
R04895,H020,185,Premium,3,7850,Available
R04896,H020,186,Family,5,7200,Available
R04897,H020,187,Premium,2,6950,Available
R04898,H020,188,Deluxe,3,6000,Available
R04899,H020,189,Family,3,6150,Out of Service
R04900,H020,190,Deluxe,3,4650,Available
R04901,H020,191,Suite,3,14600,Available
R04902,H020,192,Deluxe,3,6700,Available
R04903,H020,193,Standard,2,5200,Available
R04904,H020,194,Deluxe,2,7000,Available
R04905,H020,195,Standard,1,3350,Available
R04906,H020,196,Premium,2,6600,Available
R04907,H020,197,Standard,1,5000,Maintenance
R04908,H020,198,Standard,2,4700,Available
R04909,H020,199,Standard,2,3100,Maintenance
R04910,H020,200,Deluxe,2,6000,Available
R04911,H020,201,Suite,3,11600,Available
R04912,H020,202,Deluxe,3,5400,Available
R04913,H020,203,Family,3,7050,Available
R04914,H020,204,Standard,1,5450,Available
R04915,H020,205,Standard,2,4400,Out of Service
R04916,H020,206,Premium,3,8450,Available
R04917,H020,207,Family,4,6650,Available
R04918,H020,208,Premium,2,7350,Reserved
R04919,H020,209,Standard,2,3150,Available
R04920,H020,210,Premium,3,6850,Available
R04921,H020,211,Standard,1,5300,Available
R04922,H020,212,Premium,2,6250,Available
R04923,H020,213,Deluxe,3,6850,Available
R04924,H020,214,Deluxe,3,6300,Available
R04925,H020,215,Premium,3,7650,Out of Service
R04926,H020,216,Deluxe,3,5100,Available
R04927,H020,217,Premium,2,7850,Maintenance
R04928,H020,218,Standard,1,3750,Available
R04929,H020,219,Family,3,6150,Available
R04930,H020,220,Premium,3,7650,Maintenance
R04931,H020,221,Standard,2,3650,Available
R04932,H020,222,Premium,2,7650,Available
R04933,H020,223,Deluxe,3,4750,Reserved
R04934,H020,224,Premium,2,8200,Available
R04935,H020,225,Premium,2,8000,Available
R04936,H020,226,Premium,3,7500,Available
R04937,H020,227,Deluxe,3,7350,Available
R04938,H020,228,Deluxe,3,4950,Available
R04939,H020,229,Premium,2,8350,Available
R04940,H020,230,Standard,2,4300,Available
R04941,H020,231,Suite,3,15300,Available
R04942,H020,232,Deluxe,2,6650,Available
R04943,H020,233,Deluxe,3,6850,Available
R04944,H020,234,Deluxe,2,5650,Available
R04945,H020,235,Deluxe,3,6050,Available
R04946,H020,236,Standard,2,3150,Available
R04947,H020,237,Suite,4,11300,Reserved
R04948,H020,238,Deluxe,3,7050,Out of Service
R04949,H020,239,Standard,2,3550,Available
R04950,H020,240,Suite,3,9200,Available
R04951,H020,241,Deluxe,2,6650,Available
R04952,H020,242,Deluxe,3,5150,Available
R04953,H020,243,Deluxe,2,6650,Available
R04954,H020,244,Deluxe,3,5400,Available
R04955,H020,245,Suite,2,13600,Available
R04956,H020,246,Standard,2,5500,Available
R04957,H020,247,Deluxe,3,6050,Available
R04958,H020,248,Suite,3,14250,Available
R04959,H020,249,Standard,2,4100,Available
R04960,H020,250,Suite,3,10250,Available
R04961,H020,251,Deluxe,2,7150,Available
R04962,H020,252,Suite,4,12150,Available
R04963,H020,253,Premium,3,6750,Available
R04964,H020,254,Deluxe,2,7550,Available
R04965,H020,255,Standard,2,4750,Available
R04966,H020,256,Deluxe,2,6050,Available
R04967,H020,257,Premium,2,6750,Available
R04968,H020,258,Suite,4,14050,Available
R04969,H020,259,Premium,3,7650,Available
R04970,H020,260,Premium,2,9500,Available
R04971,H020,261,Standard,2,3950,Available
R04972,H020,262,Deluxe,2,5300,Maintenance
R04973,H020,263,Deluxe,3,4750,Available
R04974,H020,264,Standard,1,3850,Reserved
R04975,H020,265,Premium,3,7450,Available
R04976,H020,266,Suite,2,10750,Available
R04977,H020,267,Standard,1,4400,Available
R04978,H020,268,Standard,1,4850,Available
R04979,H020,269,Premium,3,8150,Maintenance
R04980,H020,270,Suite,2,12100,Available
R04981,H020,271,Suite,4,11250,Available
R04982,H020,272,Deluxe,2,7400,Available
R04983,H020,273,Standard,1,3750,Available
R04984,H020,274,Family,5,8350,Reserved
R04985,H020,275,Deluxe,2,7500,Available
R04986,H020,276,Deluxe,2,6150,Maintenance
R04987,H020,277,Deluxe,2,7150,Available
R04988,H020,278,Family,5,6600,Available
R04989,H020,279,Premium,2,8900,Available
R04990,H020,280,Premium,3,7250,Available
R04991,H020,281,Premium,3,6950,Available
R04992,H020,282,Suite,3,15100,Maintenance
R04993,H020,283,Deluxe,3,6150,Available
R04994,H020,284,Suite,2,9700,Available
R04995,H020,285,Deluxe,2,6350,Available
R04996,H020,286,Premium,3,7900,Reserved
R04997,H020,287,Standard,2,4700,Available
R04998,H020,288,Premium,3,8850,Available
R04999,H020,289,Suite,2,9700,Out of Service
R05000,H020,290,Standard,2,4400,Available
