usage_id,booking_id,service_id,usage_date,quantity,discount_pct,payment_status
SU00001,B05594,S0111,2024-02-03,1,0,Pending
SU00002,B01584,S0092,2024-11-03,1,0,Paid
SU00003,B04303,S0125,2025-12-13,4,0,Paid
SU00004,B08580,S0114,2026-08-06,4,5,Paid
SU00005,B04569,S0036,2026-08-06,1,0,Paid
SU00006,B05150,S0032,2025-05-19,8,0,Paid
SU00007,B05782,S0064,2026-06-08,1,0,Pending
SU00008,B04970,S0088,2026-07-10,3,0,Paid
SU00009,B02108,S0101,2026-07-25,1,5,Complimentary
SU00010,B04463,S0018,2024-12-14,5,10,Paid
SU00011,B02466,S0029,2025-05-28,3,10,Paid
SU00012,B05217,S0033,2026-07-07,3,0,Pending
SU00013,B09126,S0039,2026-04-22,6,0,Paid
SU00014,B03749,S0050,2026-05-14,4,0,Paid
SU00015,B08464,S0070,2025-05-03,2,20,Paid
SU00016,B08985,S0035,2026-05-16,8,5,Paid
SU00017,B02908,S0125,2026-08-27,2,25,Paid
SU00018,B02588,S0092,2025-11-17,3,5,Paid
SU00019,B00788,S0108,2025-05-29,6,0,Paid
SU00020,B00615,S0090,2026-02-16,3,0,Paid
SU00021,B08860,S0127,2026-08-07,4,10,Paid
SU00022,B02321,S0011,2024-11-24,3,5,Paid
SU00023,B04275,S0110,2025-11-19,2,10,Paid
SU00024,B03761,S0094,2026-02-22,1,20,Paid
SU00025,B01431,S0108,2025-03-20,4,5,Paid
SU00026,B03811,S0003,2024-02-09,6,5,Paid
SU00027,B00776,S0122,2025-09-24,4,0,Paid
SU00028,B08839,S0115,2026-08-05,1,5,Paid
SU00029,B03085,S0032,2024-05-03,8,0,Paid
SU00030,B04158,S0028,2025-03-08,3,20,Paid
SU00031,B02435,S0079,2025-10-27,8,15,Paid
SU00032,B05679,S0122,2024-09-27,3,10,Paid
SU00033,B03190,S0054,2025-05-10,2,0,Paid
SU00034,B08358,S0058,2025-03-04,3,0,Pending
SU00035,B09558,S0118,2025-12-24,3,10,Paid
SU00036,B03430,S0119,2024-01-07,5,0,Paid
SU00037,B08450,S0050,2024-11-13,1,0,Paid
SU00038,B01374,S0037,2025-09-23,1,0,Paid
SU00039,B00923,S0095,2026-06-14,5,15,Paid
SU00040,B05134,S0006,2026-03-03,6,10,Paid
SU00041,B08214,S0105,2024-07-04,10,0,Paid
SU00042,B05363,S0019,2025-04-26,5,0,Paid
SU00043,B03063,S0073,2024-06-09,1,0,Paid
SU00044,B09418,S0141,2024-03-06,3,5,Paid
SU00045,B05078,S0036,2025-06-08,1,0,Paid
SU00046,B05811,S0003,2025-09-23,5,10,Paid
SU00047,B00325,S0116,2026-03-27,1,0,Paid
SU00048,B09503,S0025,2026-07-06,1,5,Paid
SU00049,B08532,S0112,2026-07-22,1,15,Complimentary
SU00050,B04256,S0036,2026-03-21,1,10,Paid
SU00051,B00759,S0090,2024-07-15,3,0,Paid
SU00052,B02375,S0008,2025-02-04,2,0,Paid
SU00053,B08590,S0140,2025-12-15,3,15,Paid
SU00054,B03077,S0042,2024-06-04,10,5,Paid
SU00055,B06498,S0033,2026-08-28,2,0,Paid
SU00056,B02856,S0014,2025-10-26,2,20,Paid
SU00057,B05607,S0125,2026-08-27,3,0,Paid
SU00058,B03965,S0011,2025-08-15,1,10,Paid
SU00059,B04789,S0127,2026-08-09,6,10,Paid
SU00060,B06095,S0004,2025-04-18,3,0,Paid
SU00061,B03395,S0115,2026-06-11,2,5,Paid
SU00062,B08483,S0065,2024-06-04,1,0,Paid
SU00063,B08612,S0013,2026-02-03,4,10,Paid
SU00064,B06946,S0031,2026-05-12,1,5,Complimentary
SU00065,B07595,S0008,2026-06-19,1,10,Paid
SU00066,B00583,S0095,2026-02-13,3,5,Paid
SU00067,B04754,S0105,2025-12-18,8,5,Paid
SU00068,B08812,S0039,2026-02-10,2,5,Paid
SU00069,B08806,S0140,2024-04-23,1,15,Paid
SU00070,B05310,S0026,2025-05-14,5,0,Paid
SU00071,B04582,S0003,2025-11-22,6,0,Paid
SU00072,B00572,S0027,2025-03-12,2,5,Paid
SU00073,B09889,S0049,2024-09-28,1,5,Paid
SU00074,B07971,S0032,2026-07-03,5,5,Paid
SU00075,B04195,S0007,2024-11-07,1,0,Paid
SU00076,B09597,S0139,2026-08-19,2,10,Paid
SU00077,B05613,S0050,2025-01-31,3,5,Paid
SU00078,B09945,S0112,2024-08-02,3,10,Paid
SU00079,B07917,S0008,2026-03-19,3,0,Paid
SU00080,B00229,S0032,2024-03-21,2,0,Paid
SU00081,B08757,S0073,2026-03-24,2,5,Paid
SU00082,B06056,S0108,2024-12-08,3,0,Paid
SU00083,B04764,S0021,2024-08-31,2,0,Paid
SU00084,B00844,S0141,2025-12-04,2,15,Paid
SU00085,B03039,S0124,2026-01-04,2,5,Paid
SU00086,B05291,S0047,2026-01-05,1,5,Paid
SU00087,B03243,S0010,2026-08-30,1,10,Paid
SU00088,B01337,S0093,2024-06-27,3,10,Paid
SU00089,B00556,S0139,2026-02-20,4,0,Pending
SU00090,B09148,S0104,2024-11-15,1,0,Paid
SU00091,B00281,S0110,2026-02-19,2,0,Paid
SU00092,B08595,S0038,2024-12-08,1,0,Pending
SU00093,B07356,S0025,2026-04-14,3,5,Paid
SU00094,B03337,S0067,2025-06-26,1,0,Paid
SU00095,B02600,S0086,2026-03-29,5,0,Paid
SU00096,B07434,S0031,2026-08-27,3,0,Paid
SU00097,B01741,S0034,2026-05-27,5,0,Paid
SU00098,B03229,S0015,2025-08-12,3,0,Pending
SU00099,B04425,S0026,2025-11-23,6,10,Paid
SU00100,B07064,S0026,2026-06-22,6,10,Paid
SU00101,B06070,S0011,2025-08-05,6,15,Paid
SU00102,B08278,S0141,2025-12-10,1,5,Paid
SU00103,B04230,S0115,2024-02-23,3,0,Paid
SU00104,B07751,S0116,2025-04-18,1,10,Paid
SU00105,B09252,S0120,2024-02-13,2,0,Paid
SU00106,B06168,S0019,2025-04-03,2,10,Paid
SU00107,B04837,S0104,2025-07-08,1,10,Paid
SU00108,B07028,S0053,2026-08-22,2,0,Paid
SU00109,B08343,S0044,2025-02-18,1,5,Paid
SU00110,B06312,S0142,2026-04-13,5,10,Paid
SU00111,B04186,S0047,2024-05-26,2,10,Paid
SU00112,B03967,S0005,2024-02-27,3,0,Paid
SU00113,B04130,S0010,2026-03-19,3,15,Paid
SU00114,B07940,S0107,2026-06-03,6,5,Paid
SU00115,B03221,S0044,2026-06-04,1,0,Paid
SU00116,B05042,S0035,2025-10-31,2,10,Paid
SU00117,B04675,S0037,2026-07-27,2,0,Paid
SU00118,B04525,S0019,2026-01-01,3,5,Paid
SU00119,B06053,S0026,2024-06-22,3,0,Paid
SU00120,B06271,S0005,2025-12-03,1,0,Pending
SU00121,B01308,S0051,2025-09-29,3,15,Paid
SU00122,B00624,S0061,2026-02-27,2,5,Paid
SU00123,B02989,S0045,2026-08-08,1,0,Pending
SU00124,B05013,S0031,2026-03-14,2,0,Paid
SU00125,B07977,S0003,2026-05-05,2,5,Paid
SU00126,B00680,S0150,2024-12-17,1,0,Paid
SU00127,B06991,S0110,2026-06-23,2,0,Paid
SU00128,B02286,S0111,2025-05-08,1,15,Paid
SU00129,B02185,S0059,2026-03-22,1,0,Paid
SU00130,B09695,S0097,2025-05-31,4,20,Paid
SU00131,B04769,S0024,2025-06-01,3,15,Paid
SU00132,B03802,S0042,2026-01-22,2,0,Paid
SU00133,B03179,S0121,2025-07-07,1,20,Paid
SU00134,B01130,S0027,2025-09-17,4,5,Pending
SU00135,B00334,S0115,2025-12-25,4,10,Paid
SU00136,B00540,S0110,2024-12-10,3,0,Paid
SU00137,B02862,S0036,2025-10-05,1,10,Paid
SU00138,B05263,S0009,2026-05-05,1,10,Paid
SU00139,B05133,S0117,2025-09-06,3,0,Paid
SU00140,B06234,S0041,2025-01-15,3,10,Paid
SU00141,B04189,S0043,2024-03-05,2,0,Paid
SU00142,B02628,S0026,2024-09-30,8,5,Paid
SU00143,B06780,S0049,2026-07-16,2,0,Paid
SU00144,B02853,S0111,2024-06-08,2,10,Paid
SU00145,B08087,S0006,2026-08-07,6,0,Paid
SU00146,B01588,S0005,2024-10-21,1,0,Paid
SU00147,B01417,S0112,2026-06-30,2,5,Paid
SU00148,B05744,S0090,2026-01-05,1,0,Paid
SU00149,B05593,S0031,2026-08-21,1,0,Paid
SU00150,B01483,S0002,2026-08-10,5,0,Paid
SU00151,B07345,S0003,2026-01-10,1,0,Paid
SU00152,B03137,S0026,2024-10-17,8,5,Complimentary
SU00153,B03175,S0030,2024-03-18,2,15,Paid
SU00154,B02447,S0025,2024-01-20,3,20,Paid
SU00155,B06040,S0030,2025-05-03,1,10,Paid
SU00156,B07958,S0042,2026-02-09,3,5,Paid
SU00157,B06276,S0089,2024-06-24,1,15,Paid
SU00158,B03300,S0003,2025-10-13,8,10,Paid
SU00159,B03486,S0110,2024-09-21,8,0,Paid
SU00160,B03846,S0049,2025-10-22,1,10,Complimentary
SU00161,B06749,S0025,2025-06-30,2,0,Paid
SU00162,B02836,S0035,2024-06-05,3,25,Paid
SU00163,B02881,S0007,2026-01-08,3,0,Paid
SU00164,B06778,S0002,2026-06-13,1,0,Paid
SU00165,B05487,S0090,2026-03-19,3,0,Complimentary
SU00166,B02597,S0031,2026-04-16,1,0,Paid
SU00167,B02706,S0136,2026-07-25,3,5,Paid
SU00168,B01133,S0121,2026-08-13,3,0,Paid
SU00169,B01607,S0107,2025-11-08,4,15,Paid
SU00170,B06140,S0025,2026-08-29,4,10,Paid
SU00171,B00859,S0010,2024-05-18,2,0,Paid
SU00172,B07337,S0095,2026-04-17,2,0,Paid
SU00173,B03665,S0127,2026-07-20,3,15,Paid
SU00174,B08862,S0118,2025-11-05,6,15,Paid
SU00175,B00367,S0007,2025-12-31,1,15,Pending
SU00176,B09039,S0002,2025-11-10,2,0,Paid
SU00177,B01067,S0041,2026-08-03,3,0,Paid
SU00178,B00514,S0122,2026-07-09,1,15,Paid
SU00179,B03278,S0031,2026-08-09,2,15,Paid
SU00180,B07214,S0013,2026-08-04,1,20,Paid
SU00181,B02945,S0137,2025-04-14,1,15,Paid
SU00182,B04768,S0040,2024-02-24,5,0,Paid
SU00183,B04813,S0008,2026-08-24,3,5,Paid
SU00184,B09528,S0060,2025-07-04,5,5,Paid
SU00185,B08702,S0046,2025-02-09,3,10,Paid
SU00186,B04586,S0109,2025-02-11,2,5,Pending
SU00187,B05023,S0106,2025-10-12,5,0,Paid
SU00188,B04727,S0024,2025-02-08,2,20,Complimentary
SU00189,B08549,S0025,2025-09-25,1,20,Paid
SU00190,B09868,S0041,2026-01-06,2,5,Paid
SU00191,B08092,S0123,2026-08-13,4,5,Paid
SU00192,B03337,S0067,2025-06-26,1,5,Paid
SU00193,B03636,S0010,2026-08-11,5,5,Paid
SU00194,B01755,S0046,2026-08-16,3,5,Paid
SU00195,B09289,S0104,2025-01-13,4,0,Pending
SU00196,B07848,S0136,2025-01-07,2,15,Pending
SU00197,B02333,S0010,2025-03-28,1,10,Paid
SU00198,B07851,S0103,2026-04-27,2,5,Paid
SU00199,B03119,S0004,2025-05-03,2,10,Paid
SU00200,B09230,S0112,2026-06-19,5,0,Pending
SU00201,B05214,S0108,2025-07-30,3,5,Complimentary
SU00202,B02251,S0063,2024-11-01,1,5,Paid
SU00203,B08626,S0093,2024-02-08,1,15,Paid
SU00204,B08826,S0088,2026-08-11,1,10,Paid
SU00205,B06833,S0048,2026-05-23,1,10,Paid
SU00206,B04999,S0102,2026-03-03,4,10,Paid
SU00207,B09721,S0025,2026-08-14,3,15,Paid
SU00208,B05387,S0081,2026-06-14,3,5,Pending
SU00209,B06051,S0095,2026-07-17,4,10,Paid
SU00210,B07435,S0072,2024-05-05,2,20,Paid
SU00211,B04328,S0041,2024-04-02,3,10,Paid
SU00212,B07571,S0101,2026-08-30,4,15,Paid
SU00213,B04980,S0022,2026-01-05,2,0,Paid
SU00214,B09747,S0110,2025-04-18,1,10,Paid
SU00215,B08220,S0116,2025-09-01,1,0,Paid
SU00216,B04136,S0088,2026-05-16,2,25,Paid
SU00217,B07144,S0050,2024-12-26,6,15,Paid
SU00218,B02085,S0020,2026-08-11,3,0,Paid
SU00219,B02599,S0121,2026-03-02,2,0,Paid
SU00220,B04969,S0121,2025-09-01,4,10,Paid
SU00221,B07219,S0065,2026-05-31,1,25,Paid
SU00222,B04469,S0057,2026-03-16,2,0,Pending
SU00223,B02221,S0006,2026-03-20,3,10,Paid
SU00224,B01316,S0002,2026-08-05,1,10,Paid
SU00225,B03249,S0046,2026-02-15,3,0,Paid
SU00226,B03178,S0022,2024-01-10,1,0,Paid
SU00227,B03934,S0019,2024-05-18,3,5,Paid
SU00228,B00192,S0087,2025-05-20,4,20,Paid
SU00229,B08010,S0022,2025-04-22,1,25,Paid
SU00230,B00678,S0056,2026-07-06,5,5,Paid
SU00231,B06567,S0019,2025-07-13,4,15,Paid
SU00232,B04694,S0009,2025-07-01,1,10,Paid
SU00233,B08587,S0019,2025-12-02,5,15,Paid
SU00234,B08818,S0049,2024-02-25,2,5,Paid
SU00235,B09952,S0023,2025-01-27,2,15,Paid
SU00236,B02321,S0021,2024-11-24,1,5,Paid
SU00237,B00933,S0145,2026-06-02,3,0,Paid
SU00238,B04876,S0107,2024-07-31,2,15,Paid
SU00239,B03984,S0014,2025-06-16,2,10,Paid
SU00240,B04443,S0008,2025-12-30,2,5,Paid
SU00241,B08797,S0089,2024-12-14,1,10,Paid
SU00242,B06454,S0002,2025-11-25,2,10,Paid
SU00243,B00717,S0129,2025-09-05,2,0,Paid
SU00244,B00895,S0031,2025-05-31,1,5,Paid
SU00245,B08308,S0063,2024-02-05,2,10,Paid
SU00246,B08889,S0022,2026-02-05,1,10,Paid
SU00247,B00158,S0003,2025-02-22,4,0,Pending
SU00248,B05122,S0072,2024-02-11,2,15,Paid
SU00249,B05837,S0008,2025-10-07,3,0,Paid
SU00250,B09918,S0117,2026-04-15,6,0,Pending
SU00251,B00036,S0088,2026-08-28,4,10,Pending
SU00252,B08189,S0042,2026-07-29,2,5,Paid
SU00253,B09723,S0024,2026-01-22,2,0,Paid
SU00254,B01268,S0021,2024-03-28,2,5,Paid
SU00255,B08836,S0057,2026-08-19,5,10,Paid
SU00256,B05266,S0026,2025-03-17,1,5,Paid
SU00257,B08093,S0088,2025-01-03,3,25,Paid
SU00258,B05936,S0074,2025-09-22,2,10,Paid
SU00259,B00698,S0047,2024-12-08,1,10,Paid
SU00260,B02371,S0001,2025-07-03,2,10,Paid
SU00261,B01692,S0091,2025-09-14,10,25,Paid
SU00262,B05947,S0112,2025-09-29,3,10,Paid
SU00263,B09896,S0048,2025-12-12,4,25,Paid
SU00264,B07465,S0029,2025-11-06,4,0,Paid
SU00265,B05177,S0126,2026-08-08,1,5,Paid
SU00266,B07294,S0031,2025-08-22,1,0,Paid
SU00267,B05607,S0124,2026-08-27,2,0,Paid
SU00268,B08030,S0102,2025-12-04,8,10,Paid
SU00269,B02945,S0134,2025-04-14,6,0,Paid
SU00270,B09172,S0003,2026-06-12,4,15,Complimentary
SU00271,B05043,S0005,2024-01-13,1,0,Paid
SU00272,B05015,S0143,2025-12-27,1,5,Paid
SU00273,B09035,S0032,2025-02-26,6,10,Paid
SU00274,B00720,S0009,2026-02-16,1,20,Paid
SU00275,B06226,S0150,2026-03-20,3,25,Paid
SU00276,B05731,S0147,2025-12-26,2,10,Paid
SU00277,B07007,S0050,2026-03-28,2,0,Paid
SU00278,B07050,S0005,2026-04-18,3,0,Paid
SU00279,B06916,S0094,2025-10-05,2,5,Paid
SU00280,B04371,S0139,2024-11-27,1,5,Paid
SU00281,B03414,S0089,2026-05-26,2,0,Paid
SU00282,B06079,S0114,2024-12-12,3,5,Paid
SU00283,B00461,S0094,2024-04-19,3,0,Paid
SU00284,B08532,S0110,2026-07-24,5,5,Pending
SU00285,B03082,S0129,2026-02-06,3,0,Paid
SU00286,B00802,S0061,2025-12-15,1,10,Paid
SU00287,B04344,S0147,2024-05-29,4,10,Paid
SU00288,B03122,S0129,2024-07-23,2,20,Paid
SU00289,B09090,S0043,2026-02-26,2,5,Paid
SU00290,B01114,S0109,2026-07-08,2,20,Paid
SU00291,B06276,S0091,2024-06-24,3,0,Paid
SU00292,B04887,S0145,2026-02-14,6,0,Paid
SU00293,B03323,S0098,2026-08-15,1,25,Paid
SU00294,B04837,S0099,2025-07-08,2,0,Paid
SU00295,B09844,S0036,2025-02-02,3,5,Paid
SU00296,B01176,S0009,2025-07-24,1,0,Paid
SU00297,B03150,S0095,2024-12-23,5,0,Paid
SU00298,B07164,S0057,2025-05-19,6,10,Paid
SU00299,B03229,S0016,2025-08-08,10,5,Paid
SU00300,B09719,S0028,2025-08-15,2,10,Complimentary
SU00301,B06660,S0002,2026-08-11,4,0,Paid
SU00302,B09007,S0096,2026-08-30,4,20,Paid
SU00303,B06190,S0046,2025-10-30,3,0,Paid
SU00304,B06888,S0098,2024-09-20,1,0,Paid
SU00305,B02386,S0121,2025-10-25,3,10,Paid
SU00306,B09522,S0020,2026-07-27,1,0,Paid
SU00307,B06572,S0022,2025-01-01,3,0,Pending
SU00308,B04041,S0074,2025-04-19,2,5,Paid
SU00309,B00713,S0025,2024-11-21,6,15,Paid
SU00310,B00867,S0086,2026-07-09,2,0,Paid
SU00311,B06233,S0071,2026-08-08,1,0,Complimentary
SU00312,B05404,S0030,2024-05-15,1,25,Paid
SU00313,B03088,S0114,2026-08-03,3,0,Paid
SU00314,B05367,S0034,2025-09-22,2,10,Pending
SU00315,B09109,S0013,2024-06-26,1,25,Paid
SU00316,B01098,S0063,2026-04-05,1,5,Paid
SU00317,B06277,S0030,2024-02-24,2,0,Paid
SU00318,B03645,S0087,2024-04-16,3,10,Paid
SU00319,B05239,S0013,2026-03-22,2,10,Paid
SU00320,B00203,S0114,2026-04-06,8,0,Paid
SU00321,B07270,S0029,2026-04-22,4,5,Paid
SU00322,B07559,S0041,2026-02-01,2,0,Pending
SU00323,B01195,S0041,2024-03-30,5,10,Pending
SU00324,B06716,S0046,2026-08-16,1,5,Paid
SU00325,B04740,S0016,2024-09-21,3,0,Paid
SU00326,B02091,S0105,2026-08-06,2,0,Paid
SU00327,B00296,S0108,2026-02-24,3,5,Paid
SU00328,B05817,S0081,2026-02-19,2,10,Paid
SU00329,B07693,S0097,2025-11-08,5,10,Paid
SU00330,B01255,S0028,2026-08-25,1,5,Paid
SU00331,B06256,S0027,2026-05-29,1,0,Paid
SU00332,B08685,S0074,2026-05-26,2,0,Paid
SU00333,B03005,S0121,2025-03-21,1,20,Paid
SU00334,B04554,S0019,2024-06-29,1,15,Paid
SU00335,B07905,S0114,2024-11-27,8,5,Paid
SU00336,B02362,S0012,2026-07-01,2,0,Paid
SU00337,B05284,S0035,2025-02-27,6,0,Paid
SU00338,B04464,S0070,2025-02-25,5,5,Paid
SU00339,B04468,S0145,2025-11-11,4,10,Paid
SU00340,B04416,S0045,2026-06-19,1,5,Paid
SU00341,B07792,S0025,2025-09-16,2,0,Paid
SU00342,B00779,S0089,2025-08-29,1,5,Paid
SU00343,B00361,S0138,2025-05-31,3,5,Paid
SU00344,B00007,S0088,2026-04-13,2,0,Paid
SU00345,B09238,S0052,2026-04-22,3,0,Paid
SU00346,B04367,S0007,2025-02-04,2,5,Paid
SU00347,B02631,S0110,2025-08-04,3,10,Paid
SU00348,B00456,S0124,2026-03-25,2,5,Paid
SU00349,B05479,S0027,2025-10-17,3,5,Paid
SU00350,B03332,S0013,2026-04-06,2,10,Paid
SU00351,B01631,S0001,2024-09-17,4,10,Complimentary
SU00352,B07331,S0049,2025-07-28,2,10,Paid
SU00353,B08092,S0123,2026-08-13,5,15,Paid
SU00354,B03594,S0007,2026-02-03,1,0,Paid
SU00355,B01672,S0064,2024-03-17,3,20,Paid
SU00356,B03510,S0021,2025-12-21,2,0,Paid
SU00357,B01984,S0017,2026-05-15,3,5,Paid
SU00358,B06054,S0030,2025-12-01,1,5,Paid
SU00359,B04029,S0024,2026-02-04,4,10,Paid
SU00360,B04395,S0014,2026-01-08,8,0,Paid
SU00361,B01590,S0072,2026-01-25,4,5,Paid
SU00362,B07272,S0107,2025-08-01,8,15,Paid
SU00363,B03551,S0048,2024-02-19,4,0,Paid
SU00364,B02470,S0109,2025-01-04,1,0,Paid
SU00365,B00173,S0092,2024-01-25,2,0,Paid
SU00366,B06352,S0036,2024-04-23,2,5,Paid
SU00367,B08362,S0020,2026-07-15,1,10,Paid
SU00368,B05163,S0151,2024-10-22,1,15,Complimentary
SU00369,B03324,S0064,2025-06-29,5,10,Paid
SU00370,B02152,S0026,2025-07-10,3,5,Paid
SU00371,B05669,S0006,2026-04-04,3,5,Paid
SU00372,B02238,S0036,2025-11-02,1,5,Paid
SU00373,B05400,S0094,2026-06-18,1,0,Paid
SU00374,B03314,S0045,2025-10-13,1,5,Paid
SU00375,B06930,S0036,2024-04-04,1,0,Paid
SU00376,B02403,S0114,2026-07-08,5,5,Paid
SU00377,B01009,S0110,2024-12-23,5,5,Paid
SU00378,B04196,S0110,2024-05-31,2,0,Paid
SU00379,B07753,S0101,2024-10-15,1,5,Paid
SU00380,B04763,S0017,2024-07-01,2,20,Complimentary
SU00381,B07052,S0128,2025-07-13,2,5,Complimentary
SU00382,B07925,S0097,2026-06-19,6,0,Pending
SU00383,B04762,S0036,2024-01-12,1,0,Paid
SU00384,B08850,S0063,2026-03-10,2,5,Pending
SU00385,B08734,S0066,2025-03-09,1,0,Paid
SU00386,B04305,S0099,2025-01-24,1,5,Paid
SU00387,B07904,S0028,2024-08-18,4,5,Paid
SU00388,B03730,S0118,2024-12-16,1,0,Paid
SU00389,B05630,S0118,2026-08-30,8,0,Paid
SU00390,B01041,S0118,2026-03-11,1,0,Complimentary
SU00391,B08057,S0141,2026-01-15,3,5,Paid
SU00392,B01676,S0120,2026-08-07,3,5,Pending
SU00393,B06633,S0098,2025-05-23,3,0,Paid
SU00394,B08534,S0022,2026-03-27,2,10,Paid
SU00395,B06776,S0110,2026-08-27,3,20,Paid
SU00396,B06962,S0046,2024-12-04,1,5,Paid
SU00397,B09509,S0020,2026-01-25,3,10,Paid
SU00398,B03846,S0049,2025-10-25,2,0,Paid
SU00399,B05469,S0031,2026-08-26,1,0,Paid
SU00400,B04228,S0121,2025-04-04,8,0,Paid
SU00401,B07597,S0012,2025-12-25,2,10,Paid
SU00402,B08589,S0030,2026-03-31,2,0,Paid
SU00403,B02178,S0093,2024-06-11,2,0,Paid
SU00404,B00383,S0030,2026-04-21,1,20,Paid
SU00405,B03199,S0074,2025-01-15,4,0,Paid
SU00406,B04233,S0012,2026-07-21,3,0,Paid
SU00407,B07196,S0038,2026-02-18,1,0,Paid
SU00408,B05357,S0151,2026-01-17,1,5,Paid
SU00409,B06133,S0029,2026-07-06,3,10,Paid
SU00410,B04936,S0055,2026-03-27,2,0,Paid
SU00411,B02557,S0122,2024-04-10,1,0,Complimentary
SU00412,B03158,S0104,2025-01-15,1,5,Complimentary
SU00413,B07091,S0001,2024-05-29,3,5,Paid
SU00414,B03101,S0146,2026-08-11,3,0,Paid
SU00415,B06089,S0053,2025-01-21,1,5,Paid
SU00416,B09405,S0068,2026-08-21,1,5,Paid
SU00417,B06626,S0018,2025-11-26,4,10,Paid
SU00418,B09716,S0119,2024-11-05,3,15,Paid
SU00419,B06729,S0093,2024-08-01,2,0,Paid
SU00420,B00862,S0117,2025-06-26,5,0,Pending
SU00421,B08761,S0002,2024-07-31,3,5,Paid
SU00422,B03314,S0046,2025-10-17,3,0,Paid
SU00423,B01303,S0019,2026-02-16,5,0,Paid
SU00424,B07659,S0046,2026-07-16,5,0,Paid
SU00425,B07204,S0021,2026-08-30,2,0,Paid
SU00426,B00779,S0088,2025-08-29,3,0,Paid
SU00427,B01694,S0026,2024-11-02,4,0,Pending
SU00428,B07953,S0078,2026-03-31,1,25,Paid
SU00429,B09966,S0052,2026-07-02,3,10,Paid
SU00430,B04487,S0116,2025-11-15,2,0,Pending
SU00431,B08384,S0010,2026-08-27,3,0,Paid
SU00432,B04127,S0058,2026-08-30,3,0,Paid
SU00433,B03767,S0094,2024-03-30,1,20,Paid
SU00434,B01617,S0094,2024-09-20,1,0,Paid
SU00435,B01815,S0107,2026-02-26,1,5,Paid
SU00436,B07581,S0031,2025-03-20,1,0,Pending
SU00437,B01526,S0108,2026-02-18,4,15,Paid
SU00438,B00238,S0030,2025-03-11,2,0,Pending
SU00439,B00549,S0094,2026-01-19,1,10,Paid
SU00440,B02111,S0021,2024-02-19,2,0,Paid
SU00441,B00134,S0022,2026-01-09,2,0,Paid
SU00442,B08760,S0119,2024-01-19,2,15,Paid
SU00443,B04195,S0001,2024-11-06,6,15,Paid
SU00444,B05232,S0008,2025-04-05,2,0,Paid
SU00445,B02940,S0115,2026-01-23,3,15,Paid
SU00446,B02083,S0148,2024-08-02,3,10,Paid
SU00447,B02749,S0002,2026-04-13,3,5,Paid
SU00448,B00566,S0041,2025-12-07,1,0,Paid
SU00449,B00862,S0117,2025-06-29,2,15,Paid
SU00450,B09897,S0099,2026-01-22,1,10,Paid
SU00451,B01423,S0032,2026-04-11,5,25,Paid
SU00452,B03453,S0118,2025-10-24,2,0,Paid
SU00453,B08008,S0051,2025-11-20,1,0,Paid
SU00454,B07935,S0027,2026-08-03,1,0,Paid
SU00455,B04444,S0114,2024-04-24,2,0,Paid
SU00456,B04830,S0112,2026-08-18,4,5,Pending
SU00457,B06368,S0143,2025-01-26,2,0,Paid
SU00458,B05415,S0126,2025-11-09,2,0,Paid
SU00459,B06088,S0100,2026-06-15,3,15,Paid
SU00460,B06893,S0112,2026-04-02,2,5,Paid
SU00461,B03695,S0088,2025-08-05,5,10,Paid
SU00462,B02344,S0048,2024-10-17,2,20,Paid
SU00463,B01488,S0064,2025-12-07,3,10,Paid
SU00464,B07371,S0027,2026-03-06,2,5,Paid
SU00465,B05458,S0122,2026-02-28,3,5,Pending
SU00466,B08413,S0034,2024-12-03,2,10,Paid
SU00467,B07385,S0032,2026-06-11,2,10,Paid
SU00468,B07920,S0048,2025-09-21,3,10,Paid
SU00469,B07748,S0118,2025-09-01,2,0,Paid
SU00470,B05603,S0095,2025-04-19,6,10,Paid
SU00471,B00902,S0110,2026-01-19,3,0,Paid
SU00472,B05864,S0054,2026-08-13,2,5,Paid
SU00473,B08094,S0118,2024-01-30,2,0,Paid
SU00474,B00214,S0024,2025-10-01,3,10,Paid
SU00475,B08668,S0039,2026-08-20,4,5,Paid
SU00476,B00351,S0127,2026-08-22,2,0,Paid
SU00477,B04380,S0027,2026-07-24,2,10,Paid
SU00478,B01648,S0025,2026-05-15,4,5,Pending
SU00479,B07420,S0040,2025-12-20,3,5,Paid
SU00480,B03411,S0050,2026-04-21,4,20,Paid
SU00481,B07248,S0116,2025-12-05,1,10,Paid
SU00482,B08590,S0140,2025-12-16,1,5,Paid
SU00483,B03622,S0113,2025-04-12,4,5,Paid
SU00484,B00048,S0013,2024-07-27,3,5,Paid
SU00485,B03931,S0052,2025-12-03,3,10,Paid
SU00486,B09425,S0108,2026-04-08,4,5,Paid
SU00487,B02169,S0032,2026-07-22,5,15,Paid
SU00488,B09090,S0051,2026-02-27,3,5,Paid
SU00489,B03980,S0114,2026-06-07,3,20,Paid
SU00490,B01426,S0034,2024-12-07,2,5,Paid
SU00491,B08272,S0035,2025-12-04,2,0,Paid
SU00492,B09899,S0034,2026-05-13,2,10,Paid
SU00493,B04115,S0028,2026-03-08,3,0,Pending
SU00494,B05483,S0088,2026-07-24,3,5,Paid
SU00495,B05501,S0027,2024-12-22,3,5,Paid
SU00496,B01615,S0030,2026-05-29,1,10,Pending
SU00497,B03002,S0020,2026-02-25,1,0,Paid
SU00498,B02721,S0132,2025-04-26,1,0,Paid
SU00499,B07516,S0029,2025-01-29,2,15,Paid
SU00500,B03123,S0050,2024-02-18,5,15,Paid
SU00501,B09655,S0122,2026-03-24,3,0,Paid
SU00502,B03241,S0049,2026-01-08,2,0,Paid
SU00503,B00486,S0042,2024-04-07,3,5,Paid
SU00504,B09194,S0010,2026-07-09,2,10,Paid
SU00505,B03138,S0023,2026-01-20,2,20,Paid
SU00506,B07206,S0034,2026-08-18,3,5,Paid
SU00507,B09226,S0082,2024-10-06,5,0,Paid
SU00508,B04745,S0050,2025-09-20,4,20,Paid
SU00509,B06436,S0056,2025-10-27,2,15,Paid
SU00510,B04039,S0124,2025-11-14,2,0,Paid
SU00511,B09111,S0032,2025-04-11,10,20,Pending
SU00512,B05810,S0022,2026-02-14,1,15,Paid
SU00513,B04202,S0037,2025-01-23,3,0,Paid
SU00514,B04797,S0008,2026-07-31,1,5,Pending
SU00515,B03542,S0034,2026-08-01,3,5,Paid
SU00516,B08300,S0008,2025-12-01,2,0,Paid
SU00517,B08404,S0139,2024-09-18,4,10,Paid
SU00518,B01648,S0027,2026-05-15,3,0,Complimentary
SU00519,B07234,S0025,2025-10-15,3,0,Paid
SU00520,B04376,S0072,2026-07-20,1,5,Paid
SU00521,B00308,S0108,2026-07-17,4,10,Paid
SU00522,B08711,S0151,2024-02-09,1,10,Paid
SU00523,B00654,S0059,2024-01-30,5,0,Paid
SU00524,B06768,S0114,2024-08-17,8,0,Paid
SU00525,B06045,S0033,2026-08-17,3,5,Paid
SU00526,B03056,S0043,2024-07-14,4,10,Paid
SU00527,B08875,S0002,2025-01-23,1,5,Paid
SU00528,B01478,S0030,2026-04-12,1,15,Paid
SU00529,B03714,S0039,2025-04-26,2,0,Paid
SU00530,B01741,S0041,2026-05-27,1,0,Paid
SU00531,B04350,S0033,2026-08-18,2,10,Paid
SU00532,B04159,S0034,2025-09-24,3,5,Paid
SU00533,B08090,S0093,2025-04-28,1,0,Paid
SU00534,B08640,S0117,2026-04-16,6,5,Paid
SU00535,B06813,S0012,2026-04-22,1,0,Paid
SU00536,B01884,S0048,2024-10-04,3,5,Complimentary
SU00537,B03678,S0087,2026-07-27,3,5,Paid
SU00538,B08874,S0047,2026-08-04,1,5,Paid
SU00539,B02889,S0029,2025-12-18,4,0,Paid
SU00540,B08386,S0115,2026-08-07,2,0,Paid
SU00541,B02605,S0131,2025-11-18,5,0,Paid
SU00542,B00450,S0111,2025-05-11,2,5,Paid
SU00543,B01300,S0001,2024-07-20,3,5,Paid
SU00544,B01275,S0052,2026-06-26,2,10,Paid
SU00545,B01027,S0026,2024-02-19,6,0,Paid
SU00546,B05987,S0095,2026-03-29,3,10,Pending
SU00547,B00332,S0048,2026-08-26,4,15,Paid
SU00548,B06049,S0011,2024-02-26,3,5,Paid
SU00549,B00998,S0103,2026-03-22,4,5,Paid
SU00550,B01674,S0109,2024-01-10,1,5,Paid
SU00551,B08441,S0043,2024-07-03,3,0,Paid
SU00552,B03476,S0003,2024-09-05,4,15,Paid
SU00553,B00468,S0035,2026-08-09,5,5,Paid
SU00554,B08008,S0047,2025-11-21,3,10,Paid
SU00555,B02143,S0098,2026-08-11,1,0,Paid
SU00556,B09251,S0086,2025-06-15,6,0,Paid
SU00557,B07609,S0047,2025-02-05,1,5,Paid
SU00558,B03361,S0041,2026-02-10,2,5,Paid
SU00559,B02853,S0112,2024-06-10,5,0,Pending
SU00560,B09766,S0108,2025-01-02,6,10,Paid
SU00561,B04556,S0124,2026-07-29,1,0,Paid
SU00562,B01573,S0062,2026-07-06,2,0,Paid
SU00563,B06922,S0150,2024-12-02,1,5,Paid
SU00564,B00137,S0043,2025-07-16,4,10,Paid
SU00565,B00365,S0025,2026-02-07,6,0,Paid
SU00566,B09108,S0033,2026-07-18,1,5,Paid
SU00567,B05210,S0114,2026-04-06,3,10,Paid
SU00568,B06020,S0038,2025-12-15,2,15,Paid
SU00569,B02274,S0051,2024-02-20,1,15,Pending
SU00570,B09716,S0119,2024-11-05,3,0,Paid
SU00571,B04936,S0059,2026-03-28,2,5,Paid
SU00572,B04253,S0093,2025-12-15,4,0,Paid
SU00573,B02056,S0135,2025-04-17,3,5,Paid
SU00574,B07779,S0135,2024-07-23,4,25,Paid
SU00575,B00009,S0036,2024-01-31,1,10,Paid
SU00576,B04391,S0039,2026-01-12,1,0,Paid
SU00577,B00631,S0051,2024-08-10,5,0,Paid
SU00578,B08315,S0025,2024-04-12,1,10,Paid
SU00579,B04760,S0144,2026-08-07,1,5,Paid
SU00580,B00537,S0017,2024-08-15,5,15,Complimentary
SU00581,B00931,S0022,2025-02-20,1,0,Paid
SU00582,B01102,S0093,2026-07-12,4,0,Paid
SU00583,B08941,S0115,2025-08-19,2,15,Pending
SU00584,B03228,S0022,2026-04-03,1,10,Paid
SU00585,B06371,S0096,2026-03-26,4,5,Paid
SU00586,B08887,S0053,2024-04-28,1,0,Paid
SU00587,B06598,S0108,2025-07-31,2,0,Paid
SU00588,B02321,S0015,2024-11-25,2,0,Paid
SU00589,B07480,S0025,2026-01-13,6,10,Paid
SU00590,B06265,S0050,2025-11-05,3,0,Pending
SU00591,B04533,S0043,2026-04-27,1,15,Paid
SU00592,B02451,S0075,2024-11-09,2,5,Paid
SU00593,B03090,S0109,2025-06-15,3,15,Paid
SU00594,B08852,S0108,2025-10-11,3,5,Paid
SU00595,B03782,S0069,2025-05-13,1,0,Paid
SU00596,B09967,S0028,2026-01-08,2,5,Complimentary
SU00597,B04116,S0064,2025-04-11,3,0,Paid
SU00598,B03892,S0001,2025-05-06,1,0,Paid
SU00599,B08594,S0034,2024-06-16,4,5,Paid
SU00600,B02849,S0027,2026-02-16,2,20,Paid
SU00601,B02361,S0142,2026-04-12,5,10,Paid
SU00602,B09995,S0021,2026-05-22,1,0,Paid
SU00603,B07825,S0045,2024-10-16,1,20,Paid
SU00604,B08105,S0122,2026-01-24,1,5,Pending
SU00605,B06263,S0049,2026-05-09,1,0,Paid
SU00606,B02943,S0007,2026-01-01,1,0,Paid
SU00607,B07583,S0109,2025-01-23,2,15,Paid
SU00608,B05098,S0030,2025-05-16,2,15,Paid
SU00609,B07293,S0114,2025-08-14,5,0,Paid
SU00610,B09737,S0101,2024-04-15,4,10,Pending
SU00611,B00411,S0068,2026-07-18,4,0,Pending
SU00612,B07151,S0140,2026-01-08,2,10,Paid
SU00613,B06715,S0052,2026-06-24,2,15,Paid
SU00614,B08825,S0086,2026-05-28,3,0,Paid
SU00615,B00277,S0109,2025-07-18,3,5,Paid
SU00616,B00291,S0033,2025-10-21,1,0,Paid
SU00617,B06561,S0130,2025-11-27,3,15,Paid
SU00618,B03639,S0030,2025-09-26,2,15,Paid
SU00619,B05590,S0146,2026-01-08,6,20,Paid
SU00620,B05791,S0025,2024-09-10,1,0,Paid
SU00621,B04922,S0029,2026-04-27,5,10,Paid
SU00622,B04079,S0116,2025-07-05,3,15,Paid
SU00623,B05927,S0041,2024-08-21,5,0,Pending
SU00624,B05462,S0141,2025-11-30,1,10,Paid
SU00625,B04423,S0092,2026-08-03,2,15,Paid
SU00626,B01720,S0014,2026-07-11,3,10,Paid
SU00627,B06058,S0002,2024-07-16,1,5,Pending
SU00628,B01604,S0115,2024-12-19,4,15,Paid
SU00629,B04456,S0039,2026-01-29,3,5,Paid
SU00630,B01044,S0025,2026-08-22,3,0,Pending
SU00631,B03522,S0095,2025-07-24,3,0,Paid
SU00632,B03569,S0047,2024-04-26,1,0,Paid
SU00633,B02646,S0009,2026-03-31,2,10,Paid
SU00634,B01742,S0003,2026-07-15,1,0,Paid
SU00635,B05394,S0027,2026-03-23,3,10,Paid
SU00636,B04496,S0020,2026-05-25,3,15,Paid
SU00637,B05211,S0086,2024-02-11,4,0,Paid
SU00638,B07454,S0127,2026-01-01,8,5,Paid
SU00639,B01909,S0038,2026-08-30,1,10,Paid
SU00640,B04931,S0009,2026-08-19,1,10,Paid
SU00641,B00693,S0031,2026-07-29,1,25,Paid
SU00642,B07436,S0116,2026-01-14,2,15,Paid
SU00643,B00237,S0025,2024-12-10,1,0,Paid
SU00644,B06069,S0023,2024-12-24,2,0,Paid
SU00645,B01753,S0032,2026-08-07,10,25,Pending
SU00646,B08413,S0036,2024-12-04,1,0,Paid
SU00647,B05336,S0107,2026-07-13,5,15,Paid
SU00648,B03787,S0149,2026-05-17,4,5,Paid
SU00649,B04530,S0005,2026-05-12,1,20,Paid
SU00650,B04195,S0006,2024-11-08,6,10,Paid
SU00651,B06389,S0032,2026-07-04,1,0,Paid
SU00652,B00961,S0143,2024-02-24,3,20,Paid
SU00653,B04819,S0095,2024-10-17,2,0,Paid
SU00654,B07053,S0046,2026-04-28,4,0,Paid
SU00655,B03754,S0115,2026-08-10,3,10,Paid
SU00656,B05102,S0018,2025-04-17,3,15,Complimentary
SU00657,B08690,S0092,2024-04-06,1,0,Paid
SU00658,B00555,S0139,2025-12-18,3,0,Paid
SU00659,B00242,S0019,2026-08-16,2,0,Paid
SU00660,B06843,S0112,2026-04-08,3,0,Pending
SU00661,B08672,S0098,2026-01-12,2,5,Paid
SU00662,B01312,S0044,2026-07-23,1,10,Paid
SU00663,B05594,S0107,2024-02-03,4,5,Paid
SU00664,B02079,S0139,2026-04-06,3,10,Pending
SU00665,B09100,S0049,2025-02-06,2,10,Paid
SU00666,B01787,S0059,2026-08-23,5,5,Paid
SU00667,B00164,S0089,2025-12-19,1,10,Paid
SU00668,B06351,S0019,2026-02-27,1,15,Pending
SU00669,B06312,S0141,2026-04-12,1,5,Paid
SU00670,B03271,S0028,2026-07-22,5,0,Paid
SU00671,B05746,S0044,2024-01-08,2,10,Paid
SU00672,B09830,S0110,2025-03-13,2,5,Paid
SU00673,B00681,S0023,2025-03-19,1,10,Paid
SU00674,B00834,S0015,2026-02-09,3,5,Paid
SU00675,B00489,S0147,2025-05-28,5,0,Paid
SU00676,B01647,S0107,2026-07-16,5,15,Paid
SU00677,B07193,S0149,2026-01-01,1,10,Paid
SU00678,B05976,S0038,2025-01-13,2,5,Paid
SU00679,B03763,S0109,2026-05-17,3,5,Paid
SU00680,B07048,S0100,2026-01-14,3,0,Paid
SU00681,B06410,S0010,2025-12-17,5,10,Paid
SU00682,B06576,S0128,2025-10-16,1,10,Paid
SU00683,B05738,S0125,2025-05-05,3,10,Paid
SU00684,B08320,S0004,2025-03-19,4,0,Paid
SU00685,B01310,S0028,2026-08-15,5,5,Paid
SU00686,B03669,S0072,2024-11-01,4,10,Paid
SU00687,B03695,S0086,2025-08-05,5,0,Paid
SU00688,B06376,S0052,2026-01-17,2,0,Paid
SU00689,B05187,S0042,2026-05-08,3,0,Paid
SU00690,B09966,S0050,2026-06-29,3,5,Paid
SU00691,B04785,S0018,2025-08-03,1,10,Paid
SU00692,B01859,S0058,2025-04-16,2,10,Paid
SU00693,B00426,S0058,2024-03-26,1,25,Paid
SU00694,B02766,S0005,2026-07-17,1,5,Paid
SU00695,B03730,S0114,2024-12-15,4,5,Paid
SU00696,B06312,S0143,2026-04-13,2,20,Paid
SU00697,B02478,S0116,2024-04-13,2,5,Paid
SU00698,B03911,S0091,2025-10-18,3,0,Paid
SU00699,B07698,S0141,2024-09-01,1,10,Paid
SU00700,B04350,S0039,2026-08-21,2,0,Paid
SU00701,B01317,S0053,2025-08-18,1,0,Paid
SU00702,B06061,S0073,2026-08-23,1,0,Paid
SU00703,B01242,S0090,2025-12-05,3,0,Paid
SU00704,B03217,S0033,2024-12-02,1,25,Paid
SU00705,B02056,S0136,2025-04-18,2,25,Pending
SU00706,B08655,S0097,2025-07-24,5,5,Paid
SU00707,B04181,S0003,2026-01-17,3,5,Paid
SU00708,B04124,S0056,2024-11-26,10,0,Pending
SU00709,B09317,S0101,2026-07-27,2,5,Paid
SU00710,B09305,S0104,2025-12-14,2,5,Paid
SU00711,B00528,S0009,2026-08-08,2,0,Paid
SU00712,B00922,S0038,2026-04-28,2,15,Paid
SU00713,B06403,S0092,2025-07-01,3,0,Paid
SU00714,B02066,S0124,2026-07-18,1,25,Paid
SU00715,B08838,S0121,2026-04-30,2,20,Paid
SU00716,B09987,S0051,2026-08-26,2,0,Paid
SU00717,B05034,S0063,2026-01-01,2,0,Paid
SU00718,B00772,S0018,2024-03-23,2,0,Paid
SU00719,B01384,S0064,2025-05-17,5,5,Pending
SU00720,B04244,S0046,2025-11-05,4,0,Paid
SU00721,B05371,S0091,2025-04-29,5,5,Paid
SU00722,B06403,S0090,2025-07-01,5,0,Paid
SU00723,B03721,S0123,2026-02-21,2,10,Paid
SU00724,B08962,S0116,2026-06-30,1,25,Paid
SU00725,B00556,S0144,2026-02-19,3,5,Paid
SU00726,B05963,S0006,2025-08-19,3,15,Paid
SU00727,B09239,S0031,2025-02-16,2,15,Paid
SU00728,B05407,S0112,2025-09-29,3,10,Paid
SU00729,B04820,S0099,2025-01-11,2,5,Paid
SU00730,B02761,S0015,2026-03-22,1,0,Paid
SU00731,B07018,S0074,2024-01-26,3,20,Paid
SU00732,B01751,S0018,2024-09-11,1,25,Paid
SU00733,B04095,S0116,2026-05-24,2,20,Paid
SU00734,B02524,S0003,2024-01-29,8,10,Paid
SU00735,B08744,S0093,2026-05-16,3,10,Paid
SU00736,B06152,S0098,2026-06-18,1,10,Paid
SU00737,B07225,S0015,2025-02-27,1,0,Paid
SU00738,B00561,S0031,2025-05-17,1,5,Paid
SU00739,B01023,S0029,2025-01-21,5,0,Pending
SU00740,B01072,S0108,2026-02-13,2,0,Paid
SU00741,B08282,S0116,2025-06-26,1,20,Paid
SU00742,B03967,S0001,2024-02-25,3,20,Paid
SU00743,B04666,S0035,2025-05-23,10,0,Paid
SU00744,B03454,S0033,2025-12-26,3,10,Paid
SU00745,B08711,S0148,2024-02-09,3,5,Complimentary
SU00746,B09924,S0035,2024-09-10,4,0,Paid
SU00747,B08070,S0118,2026-03-28,3,0,Paid
SU00748,B09342,S0125,2026-02-28,3,0,Paid
SU00749,B07880,S0029,2024-07-20,6,10,Paid
SU00750,B01373,S0134,2025-07-27,2,0,Paid
SU00751,B08656,S0107,2024-04-17,3,0,Paid
SU00752,B04074,S0008,2025-05-28,2,0,Paid
SU00753,B09768,S0111,2025-08-15,1,5,Paid
SU00754,B06288,S0114,2024-03-18,6,0,Paid
SU00755,B04885,S0028,2025-06-11,4,5,Paid
SU00756,B03556,S0086,2026-08-25,1,15,Paid
SU00757,B04005,S0003,2026-05-30,4,20,Paid
SU00758,B09257,S0061,2025-09-04,2,0,Paid
SU00759,B06434,S0023,2024-03-17,3,0,Paid
SU00760,B02011,S0040,2026-07-14,2,0,Paid
SU00761,B03623,S0094,2024-05-15,2,20,Paid
SU00762,B04509,S0108,2026-02-12,2,20,Paid
SU00763,B05784,S0102,2026-01-21,1,10,Paid
SU00764,B06410,S0002,2025-12-16,4,10,Paid
SU00765,B07321,S0039,2025-01-10,1,5,Paid
SU00766,B03845,S0099,2024-09-16,3,15,Paid
SU00767,B03730,S0118,2024-12-16,2,15,Paid
SU00768,B06504,S0043,2025-07-07,2,0,Paid
SU00769,B03745,S0141,2026-04-20,1,0,Paid
SU00770,B01677,S0150,2024-02-03,1,0,Complimentary
SU00771,B02596,S0030,2024-02-11,2,0,Paid
SU00772,B01858,S0028,2025-04-29,3,5,Paid
SU00773,B03084,S0114,2026-08-29,1,10,Paid
SU00774,B05366,S0046,2025-05-26,2,0,Paid
SU00775,B01368,S0032,2026-01-23,4,0,Paid
SU00776,B07845,S0039,2026-05-20,5,15,Paid
SU00777,B04804,S0040,2025-09-24,4,0,Paid
SU00778,B09762,S0134,2026-08-25,5,15,Paid
SU00779,B05343,S0142,2026-01-01,3,0,Paid
SU00780,B05014,S0027,2026-08-04,2,5,Paid
SU00781,B06346,S0071,2026-04-27,1,10,Paid
SU00782,B01508,S0048,2026-05-09,5,0,Paid
SU00783,B01257,S0150,2026-03-11,2,5,Paid
SU00784,B09273,S0006,2026-06-09,5,0,Paid
SU00785,B08276,S0093,2026-02-26,4,10,Paid
SU00786,B09967,S0026,2026-01-09,3,5,Paid
SU00787,B08707,S0053,2026-07-24,1,5,Paid
SU00788,B01695,S0096,2026-08-14,10,10,Paid
SU00789,B08255,S0116,2025-12-11,1,0,Paid
SU00790,B04964,S0007,2025-08-30,3,15,Paid
SU00791,B02281,S0056,2025-02-19,3,5,Paid
SU00792,B09361,S0028,2024-03-26,3,5,Paid
SU00793,B08298,S0006,2025-06-11,2,0,Paid
SU00794,B08309,S0003,2025-01-24,4,0,Paid
SU00795,B00449,S0012,2025-08-05,1,0,Paid
SU00796,B08001,S0052,2024-09-04,1,5,Complimentary
SU00797,B00535,S0027,2026-06-28,2,10,Paid
SU00798,B08682,S0127,2024-08-07,1,5,Paid
SU00799,B06222,S0003,2024-05-13,3,0,Paid
SU00800,B06297,S0011,2025-07-24,3,10,Paid
SU00801,B07447,S0110,2025-09-05,2,5,Paid
SU00802,B08546,S0097,2024-09-14,3,0,Complimentary
SU00803,B07077,S0050,2025-01-11,2,0,Paid
SU00804,B07448,S0097,2024-12-26,5,0,Paid
SU00805,B07419,S0008,2025-06-15,1,15,Pending
SU00806,B05090,S0024,2024-07-11,3,10,Paid
SU00807,B07898,S0051,2025-11-02,2,5,Paid
SU00808,B03602,S0067,2024-12-10,1,15,Paid
SU00809,B05988,S0046,2026-08-22,3,5,Paid
SU00810,B05548,S0023,2025-12-28,2,5,Paid
SU00811,B05553,S0093,2026-07-16,3,0,Paid
SU00812,B07595,S0008,2026-06-17,2,15,Paid
SU00813,B07680,S0043,2026-07-09,3,0,Paid
SU00814,B02664,S0108,2026-07-30,2,10,Paid
SU00815,B09223,S0021,2025-03-26,1,0,Paid
SU00816,B00759,S0088,2024-07-16,3,5,Paid
SU00817,B06168,S0019,2025-04-03,1,5,Paid
SU00818,B09441,S0033,2026-04-18,1,5,Paid
SU00819,B05948,S0113,2025-10-28,5,0,Paid
SU00820,B09632,S0035,2025-07-04,3,0,Paid
SU00821,B03192,S0001,2024-02-29,3,5,Paid
SU00822,B00456,S0125,2026-03-25,1,10,Paid
SU00823,B00234,S0001,2024-01-11,4,10,Paid
SU00824,B07898,S0050,2025-11-06,2,0,Paid
SU00825,B08948,S0138,2025-11-16,2,15,Paid
SU00826,B03673,S0090,2026-08-03,1,5,Paid
SU00827,B02364,S0030,2025-06-08,1,0,Pending
SU00828,B02615,S0006,2024-03-27,5,10,Paid
SU00829,B02561,S0118,2024-05-13,6,0,Paid
SU00830,B09346,S0124,2024-07-07,2,5,Paid
SU00831,B03125,S0001,2024-10-06,4,10,Paid
SU00832,B09908,S0115,2025-01-03,3,5,Paid
SU00833,B07796,S0109,2024-05-27,3,5,Paid
SU00834,B08298,S0004,2025-06-12,1,5,Paid
SU00835,B03250,S0015,2024-09-14,1,5,Complimentary
SU00836,B00843,S0086,2026-06-26,2,15,Paid
SU00837,B03729,S0010,2025-07-15,2,0,Paid
SU00838,B04020,S0091,2025-06-27,8,10,Paid
SU00839,B07174,S0086,2026-05-27,3,10,Paid
SU00840,B09706,S0102,2026-07-14,3,5,Paid
SU00841,B04750,S0114,2025-06-04,3,0,Paid
SU00842,B08615,S0028,2026-08-24,2,15,Paid
SU00843,B05665,S0021,2026-04-03,2,0,Paid
SU00844,B05515,S0021,2025-06-26,3,0,Paid
SU00845,B01142,S0123,2025-10-09,2,15,Paid
SU00846,B02140,S0111,2026-01-23,2,10,Paid
SU00847,B08022,S0057,2025-10-21,2,10,Paid
SU00848,B00312,S0111,2025-01-22,1,0,Paid
SU00849,B02187,S0049,2024-10-18,1,25,Paid
SU00850,B02766,S0007,2026-07-16,1,5,Paid
SU00851,B02169,S0033,2026-07-22,1,5,Paid
SU00852,B07179,S0020,2025-03-11,1,0,Pending
SU00853,B08992,S0110,2026-07-27,1,5,Paid
SU00854,B09452,S0098,2025-12-18,2,0,Paid
SU00855,B09990,S0126,2026-07-14,1,0,Paid
SU00856,B09338,S0142,2026-02-23,1,10,Paid
SU00857,B00635,S0094,2026-04-01,1,0,Paid
SU00858,B03602,S0067,2024-12-10,4,0,Pending
SU00859,B05388,S0131,2026-07-26,3,20,Complimentary
SU00860,B07435,S0074,2024-05-04,1,0,Paid
SU00861,B00682,S0038,2025-09-24,1,0,Paid
SU00862,B05473,S0042,2026-05-26,3,10,Paid
SU00863,B09468,S0096,2025-03-12,4,10,Paid
SU00864,B07512,S0101,2024-10-15,4,20,Paid
SU00865,B07658,S0043,2026-05-22,4,0,Pending
SU00866,B09006,S0120,2026-08-14,2,0,Paid
SU00867,B06787,S0031,2024-06-26,1,0,Paid
SU00868,B06223,S0125,2026-03-12,2,5,Paid
SU00869,B07904,S0031,2024-08-18,1,0,Paid
SU00870,B03937,S0124,2025-03-11,1,5,Paid
SU00871,B00942,S0098,2025-01-28,2,15,Paid
SU00872,B03526,S0010,2026-07-29,4,0,Paid
SU00873,B07723,S0014,2025-12-03,8,0,Paid
SU00874,B07607,S0001,2025-04-13,2,0,Paid
SU00875,B01946,S0021,2026-08-28,2,10,Pending
SU00876,B00848,S0114,2025-08-12,3,0,Pending
SU00877,B04387,S0035,2026-06-25,6,10,Paid
SU00878,B07178,S0021,2026-08-01,2,0,Paid
SU00879,B04953,S0121,2025-11-15,8,10,Pending
SU00880,B06788,S0040,2024-02-16,4,0,Paid
SU00881,B00339,S0034,2025-12-19,3,0,Paid
SU00882,B04883,S0041,2025-11-11,3,0,Paid
SU00883,B01952,S0029,2025-01-19,2,5,Paid
SU00884,B04432,S0066,2026-07-07,3,0,Paid
SU00885,B03192,S0010,2024-03-01,2,0,Paid
SU00886,B03811,S0008,2024-02-09,1,0,Paid
SU00887,B01497,S0077,2026-06-10,3,10,Paid
SU00888,B03111,S0107,2026-04-19,1,10,Paid
SU00889,B04560,S0126,2026-02-17,1,0,Paid
SU00890,B09620,S0024,2025-02-09,2,0,Paid
SU00891,B03332,S0019,2026-04-10,4,10,Paid
SU00892,B04090,S0027,2026-07-01,5,10,Paid
SU00893,B09613,S0039,2026-02-24,2,25,Paid
SU00894,B03233,S0110,2026-01-25,1,0,Complimentary
SU00895,B04003,S0024,2025-11-25,4,10,Paid
SU00896,B02993,S0110,2026-08-16,4,0,Paid
SU00897,B06706,S0033,2025-04-16,1,5,Paid
SU00898,B03445,S0115,2026-05-03,2,0,Paid
SU00899,B03743,S0120,2024-07-28,5,10,Paid
SU00900,B08547,S0116,2024-05-21,1,0,Paid
SU00901,B09972,S0041,2025-11-02,2,10,Paid
SU00902,B00039,S0115,2026-02-21,3,0,Paid
SU00903,B07750,S0044,2026-05-27,2,10,Paid
SU00904,B03382,S0028,2026-03-28,2,10,Paid
SU00905,B00803,S0124,2024-08-23,3,5,Paid
SU00906,B08533,S0054,2026-08-16,1,10,Paid
SU00907,B06465,S0038,2026-05-25,2,5,Paid
SU00908,B00055,S0055,2025-10-04,3,0,Paid
SU00909,B02309,S0027,2025-12-05,4,10,Paid
SU00910,B02304,S0036,2025-01-15,2,0,Paid
SU00911,B01683,S0035,2026-08-05,1,10,Paid
SU00912,B09950,S0148,2024-01-20,10,10,Paid
SU00913,B02880,S0030,2024-02-16,1,0,Paid
SU00914,B06035,S0026,2025-10-18,4,0,Paid
SU00915,B01592,S0019,2026-07-25,4,5,Paid
SU00916,B01270,S0029,2025-12-30,2,0,Paid
SU00917,B07618,S0096,2026-07-24,6,10,Paid
SU00918,B04445,S0025,2024-10-27,6,0,Paid
SU00919,B03742,S0034,2025-05-29,2,10,Paid
SU00920,B01434,S0104,2025-07-21,4,5,Paid
SU00921,B07105,S0092,2025-02-21,5,15,Complimentary
SU00922,B02109,S0079,2026-08-27,4,5,Paid
SU00923,B08725,S0148,2025-04-21,4,15,Paid
SU00924,B00604,S0009,2025-07-14,1,25,Paid
SU00925,B07506,S0005,2026-02-19,1,25,Paid
SU00926,B01994,S0110,2025-08-07,6,10,Paid
SU00927,B03767,S0095,2024-03-30,5,0,Paid
SU00928,B08632,S0068,2024-11-29,5,25,Paid
SU00929,B01823,S0045,2025-02-15,3,10,Paid
SU00930,B00050,S0038,2026-01-13,1,5,Pending
SU00931,B00509,S0007,2026-01-01,1,10,Paid
SU00932,B08935,S0113,2025-04-11,5,0,Pending
SU00933,B04760,S0141,2026-08-06,2,10,Paid
SU00934,B00583,S0096,2026-02-13,3,20,Paid
SU00935,B06877,S0023,2025-05-23,1,0,Paid
SU00936,B01252,S0114,2024-11-25,5,5,Paid
SU00937,B02963,S0053,2026-08-14,2,5,Pending
SU00938,B08707,S0053,2026-07-24,3,15,Paid
SU00939,B01114,S0110,2026-07-08,1,0,Paid
SU00940,B05790,S0031,2024-02-26,2,0,Paid
SU00941,B03568,S0118,2026-06-23,2,0,Paid
SU00942,B04910,S0127,2024-01-12,4,10,Paid
SU00943,B00474,S0068,2025-06-22,5,20,Paid
SU00944,B08270,S0059,2026-05-14,2,0,Paid
SU00945,B01417,S0110,2026-07-01,1,0,Pending
SU00946,B03595,S0149,2026-03-14,4,10,Paid
SU00947,B04428,S0024,2025-03-03,2,10,Paid
SU00948,B03411,S0042,2026-04-21,6,15,Paid
SU00949,B00987,S0131,2025-04-06,2,5,Paid
SU00950,B00948,S0053,2024-07-16,1,10,Paid
SU00951,B04411,S0149,2026-01-07,4,5,Paid
SU00952,B04244,S0044,2025-11-05,1,5,Paid
SU00953,B09237,S0045,2026-03-25,3,10,Paid
SU00954,B00930,S0057,2026-08-08,1,5,Paid
SU00955,B04282,S0021,2024-05-14,1,0,Paid
SU00956,B05790,S0030,2024-02-26,2,0,Paid
SU00957,B09032,S0090,2024-12-08,3,0,Paid
SU00958,B03498,S0037,2025-08-28,1,25,Paid
SU00959,B03760,S0099,2024-09-03,1,0,Paid
SU00960,B06009,S0122,2024-10-21,4,5,Paid
SU00961,B02792,S0108,2026-06-16,4,0,Paid
SU00962,B01968,S0116,2024-08-11,1,10,Paid
SU00963,B06220,S0069,2026-04-22,1,25,Paid
SU00964,B07640,S0017,2025-05-30,2,10,Paid
SU00965,B01477,S0108,2025-12-11,4,0,Paid
SU00966,B06069,S0022,2024-12-23,1,15,Paid
SU00967,B09904,S0042,2025-09-07,6,5,Paid
SU00968,B08184,S0091,2025-04-18,5,0,Paid
SU00969,B05630,S0116,2026-08-30,1,5,Pending
SU00970,B06654,S0029,2025-12-08,4,0,Pending
SU00971,B04922,S0028,2026-04-27,5,0,Paid
SU00972,B03735,S0035,2026-08-16,4,5,Paid
SU00973,B08492,S0118,2026-05-05,6,5,Paid
SU00974,B01595,S0026,2024-09-03,2,5,Paid
SU00975,B08148,S0029,2025-03-26,6,0,Paid
SU00976,B07506,S0009,2026-02-21,3,0,Pending
SU00977,B09128,S0047,2025-04-10,1,0,Paid
SU00978,B08091,S0013,2026-04-27,2,5,Paid
SU00979,B04506,S0120,2026-03-13,3,0,Paid
SU00980,B06506,S0119,2024-03-01,4,0,Paid
SU00981,B07165,S0144,2025-12-09,1,10,Paid
SU00982,B04404,S0097,2024-07-12,3,10,Paid
SU00983,B05063,S0089,2026-08-04,1,0,Paid
SU00984,B04826,S0112,2025-05-11,3,5,Paid
SU00985,B01231,S0033,2024-03-13,1,20,Paid
SU00986,B02983,S0089,2025-03-24,2,5,Paid
SU00987,B06103,S0033,2026-03-28,1,5,Paid
SU00988,B08263,S0007,2024-12-05,1,0,Paid
SU00989,B09392,S0040,2024-10-16,3,5,Paid
SU00990,B07732,S0036,2024-11-14,2,25,Paid
SU00991,B05010,S0021,2026-06-14,1,25,Paid
SU00992,B02678,S0071,2025-05-11,1,0,Paid
SU00993,B02493,S0129,2025-11-06,3,10,Paid
SU00994,B00357,S0051,2025-04-10,2,15,Paid
SU00995,B01808,S0067,2024-10-23,3,10,Paid
SU00996,B05232,S0009,2025-04-05,2,0,Paid
SU00997,B05096,S0041,2025-10-17,5,5,Paid
SU00998,B08565,S0017,2025-04-28,5,0,Paid
SU00999,B03401,S0125,2026-05-06,3,15,Paid
SU01000,B08463,S0039,2024-12-22,2,10,Paid
SU01001,B05657,S0097,2025-10-05,1,15,Paid
SU01002,B04988,S0114,2026-06-18,1,5,Complimentary
SU01003,B02835,S0087,2024-02-23,4,0,Paid
SU01004,B02317,S0015,2025-10-16,1,20,Paid
SU01005,B06429,S0012,2024-11-09,1,5,Paid
SU01006,B00678,S0058,2026-07-07,3,15,Paid
SU01007,B09114,S0087,2026-03-26,2,5,Paid
SU01008,B01867,S0118,2026-04-15,3,10,Paid
SU01009,B07575,S0132,2024-07-10,1,10,Paid
SU01010,B02506,S0120,2024-03-18,2,20,Paid
SU01011,B03518,S0116,2025-04-15,2,25,Paid
SU01012,B04980,S0027,2026-01-04,3,5,Paid
SU01013,B09152,S0086,2025-10-23,6,0,Paid
SU01014,B01583,S0091,2024-03-29,6,20,Paid
SU01015,B01553,S0012,2026-08-26,1,0,Pending
SU01016,B03931,S0048,2025-12-04,1,0,Paid
SU01017,B08959,S0113,2024-05-14,4,10,Paid
SU01018,B09709,S0029,2026-01-07,6,5,Paid
SU01019,B09952,S0030,2025-01-24,3,5,Paid
SU01020,B01042,S0049,2026-04-12,1,0,Paid
SU01021,B07427,S0032,2026-08-17,3,20,Paid
SU01022,B06290,S0038,2024-10-04,2,5,Paid
SU01023,B07407,S0092,2025-12-21,5,10,Paid
SU01024,B08393,S0112,2026-02-11,3,0,Paid
SU01025,B01606,S0141,2024-08-29,1,5,Paid
SU01026,B06238,S0089,2026-06-23,2,10,Paid
SU01027,B08691,S0123,2024-08-20,3,0,Paid
SU01028,B07187,S0149,2026-08-03,2,5,Paid
SU01029,B01030,S0115,2025-05-02,1,0,Paid
SU01030,B04123,S0125,2024-10-02,3,0,Paid
SU01031,B03629,S0026,2025-03-27,6,0,Paid
SU01032,B00474,S0072,2025-06-21,3,5,Paid
SU01033,B08586,S0008,2025-02-10,2,15,Paid
SU01034,B01758,S0038,2026-04-19,1,5,Paid
SU01035,B03043,S0109,2025-04-01,2,0,Paid
SU01036,B03248,S0118,2024-06-25,2,5,Paid
SU01037,B01019,S0020,2025-02-25,2,15,Paid
SU01038,B08413,S0037,2024-12-02,2,5,Paid
SU01039,B08007,S0015,2025-03-19,1,10,Paid
SU01040,B09278,S0095,2025-03-15,3,0,Paid
SU01041,B05072,S0098,2025-06-26,1,10,Paid
SU01042,B05718,S0110,2025-09-07,8,0,Paid
SU01043,B03766,S0049,2026-07-22,1,5,Paid
SU01044,B01711,S0039,2025-10-28,3,10,Paid
SU01045,B07019,S0118,2025-02-01,3,10,Paid
SU01046,B07959,S0061,2026-07-20,5,10,Paid
SU01047,B08988,S0042,2025-11-04,3,10,Pending
SU01048,B03397,S0117,2025-10-27,3,10,Paid
SU01049,B01865,S0060,2024-09-25,5,15,Paid
SU01050,B05030,S0120,2024-01-11,4,0,Paid
SU01051,B00482,S0097,2026-02-05,3,5,Paid
SU01052,B05678,S0028,2026-06-07,2,5,Paid
SU01053,B01987,S0054,2024-10-01,4,0,Paid
SU01054,B08683,S0034,2025-11-13,1,10,Paid
SU01055,B02025,S0041,2026-08-13,1,10,Pending
SU01056,B09594,S0044,2026-03-10,1,15,Paid
SU01057,B08025,S0131,2025-03-24,4,0,Paid
SU01058,B06113,S0089,2026-02-27,1,10,Paid
SU01059,B08326,S0124,2026-04-10,1,0,Paid
SU01060,B05682,S0109,2026-08-23,2,10,Paid
SU01061,B04691,S0103,2025-10-27,3,15,Paid
SU01062,B06145,S0020,2026-04-13,1,5,Paid
SU01063,B04317,S0101,2025-10-21,2,0,Paid
SU01064,B00549,S0096,2026-01-19,1,25,Paid
SU01065,B09701,S0143,2026-02-08,4,0,Paid
SU01066,B04800,S0029,2026-05-19,4,0,Paid
SU01067,B07436,S0118,2026-01-13,10,0,Paid
SU01068,B05468,S0117,2025-12-03,6,5,Paid
SU01069,B07739,S0147,2026-02-23,8,20,Paid
SU01070,B07238,S0046,2025-08-30,2,20,Paid
SU01071,B06188,S0007,2024-01-14,2,10,Paid
SU01072,B09080,S0019,2026-04-23,2,10,Paid
SU01073,B08687,S0063,2024-09-27,2,0,Paid
SU01074,B04115,S0022,2026-03-08,1,15,Paid
SU01075,B00112,S0020,2026-03-14,2,0,Paid
SU01076,B02378,S0053,2024-01-07,2,0,Paid
SU01077,B02062,S0047,2025-01-29,1,15,Paid
SU01078,B06182,S0042,2024-07-01,6,0,Paid
SU01079,B08499,S0118,2025-08-04,1,5,Paid
SU01080,B02427,S0103,2025-09-26,2,0,Paid
SU01081,B01831,S0005,2025-10-01,1,0,Paid
SU01082,B05036,S0009,2026-08-18,1,25,Paid
SU01083,B08661,S0116,2026-05-08,3,15,Paid
SU01084,B01116,S0027,2026-07-08,4,10,Pending
SU01085,B07601,S0093,2026-03-01,1,5,Paid
SU01086,B00862,S0116,2025-06-26,2,10,Paid
SU01087,B09221,S0093,2026-07-21,6,5,Paid
SU01088,B05408,S0026,2024-10-03,8,10,Paid
SU01089,B04469,S0057,2026-03-17,4,10,Paid
SU01090,B06519,S0028,2026-05-17,4,5,Paid
SU01091,B00256,S0057,2024-12-25,3,0,Paid
SU01092,B00563,S0066,2026-08-19,2,10,Paid
SU01093,B02786,S0019,2026-03-07,2,10,Paid
SU01094,B06858,S0042,2025-11-14,1,0,Paid
SU01095,B05611,S0120,2024-12-29,2,5,Paid
SU01096,B08380,S0038,2024-01-08,1,10,Paid
SU01097,B02156,S0030,2026-06-15,1,10,Paid
SU01098,B06020,S0040,2025-12-18,2,0,Paid
SU01099,B06574,S0023,2026-08-30,3,0,Paid
SU01100,B07779,S0133,2024-07-23,1,0,Paid
SU01101,B03108,S0149,2026-08-30,2,10,Paid
SU01102,B05763,S0014,2026-03-27,1,5,Paid
SU01103,B05743,S0102,2026-01-13,1,0,Paid
SU01104,B01522,S0097,2024-08-17,3,0,Paid
SU01105,B00675,S0119,2024-03-09,4,0,Paid
SU01106,B05208,S0125,2025-10-02,2,0,Paid
SU01107,B01875,S0008,2026-04-03,1,0,Paid
SU01108,B08408,S0127,2026-06-17,8,10,Paid
SU01109,B04460,S0010,2026-04-17,1,15,Paid
SU01110,B07434,S0023,2026-08-30,1,5,Pending
SU01111,B05018,S0005,2026-04-07,3,0,Paid
SU01112,B08747,S0114,2026-03-31,2,10,Paid
SU01113,B00138,S0115,2026-01-11,2,0,Paid
SU01114,B05632,S0085,2026-07-29,2,10,Paid
SU01115,B07569,S0103,2026-08-25,1,5,Paid
SU01116,B07807,S0033,2025-08-09,1,20,Paid
SU01117,B08013,S0008,2025-10-07,3,0,Paid
SU01118,B04200,S0150,2025-12-12,3,10,Paid
SU01119,B06210,S0019,2026-02-28,4,5,Paid
SU01120,B01161,S0006,2026-02-17,3,10,Paid
SU01121,B03702,S0024,2025-12-10,4,15,Paid
SU01122,B04673,S0026,2026-02-21,1,10,Paid
SU01123,B03377,S0046,2026-07-26,2,0,Paid
SU01124,B07179,S0017,2025-03-10,5,10,Paid
SU01125,B02609,S0149,2024-04-30,3,0,Paid
SU01126,B05079,S0112,2026-04-18,4,0,Paid
SU01127,B01542,S0051,2024-01-26,3,25,Paid
SU01128,B03249,S0042,2026-02-15,2,15,Paid
SU01129,B04760,S0143,2026-08-07,1,10,Paid
SU01130,B08248,S0066,2024-10-03,1,10,Paid
SU01131,B09221,S0098,2026-07-20,2,5,Paid
SU01132,B02841,S0121,2026-02-12,4,25,Paid
SU01133,B06724,S0107,2025-07-20,4,10,Paid
SU01134,B01619,S0070,2025-06-06,2,15,Paid
SU01135,B00720,S0010,2026-02-19,1,0,Paid
SU01136,B02825,S0064,2026-05-10,4,15,Paid
SU01137,B08667,S0031,2025-11-21,2,0,Paid
SU01138,B05946,S0151,2025-06-28,2,0,Paid
SU01139,B09288,S0052,2024-06-05,1,5,Paid
SU01140,B08104,S0105,2024-07-14,3,0,Paid
SU01141,B03914,S0146,2024-03-04,4,10,Paid
SU01142,B00170,S0126,2025-10-13,1,10,Paid
SU01143,B07130,S0027,2024-07-07,1,0,Paid
SU01144,B09765,S0112,2024-08-09,5,0,Paid
SU01145,B05767,S0028,2024-01-01,3,0,Complimentary
SU01146,B09383,S0092,2026-01-19,4,15,Paid
SU01147,B09842,S0013,2026-04-21,1,0,Pending
SU01148,B06394,S0073,2026-05-13,1,0,Paid
SU01149,B00902,S0111,2026-01-19,1,0,Paid
SU01150,B04941,S0044,2026-07-22,1,20,Paid
SU01151,B08949,S0023,2026-01-12,1,15,Paid
SU01152,B05971,S0126,2024-05-21,3,5,Paid
SU01153,B05913,S0097,2026-02-20,1,10,Paid
SU01154,B04557,S0115,2026-08-26,2,0,Paid
SU01155,B08065,S0002,2024-04-24,2,10,Paid
SU01156,B02933,S0107,2025-11-22,8,5,Paid
SU01157,B02040,S0007,2025-05-22,2,0,Paid
SU01158,B00704,S0110,2026-07-22,2,15,Paid
SU01159,B03428,S0014,2026-08-24,6,0,Paid
SU01160,B02828,S0056,2026-04-07,10,20,Paid
SU01161,B06877,S0025,2025-05-23,3,0,Paid
SU01162,B08034,S0109,2025-10-30,8,0,Paid
SU01163,B01948,S0127,2026-06-03,10,20,Paid
SU01164,B02633,S0036,2025-06-16,1,0,Paid
SU01165,B09345,S0115,2026-06-06,3,0,Paid
SU01166,B05356,S0123,2024-10-17,5,10,Paid
SU01167,B09576,S0020,2026-05-01,1,5,Paid
SU01168,B01400,S0114,2024-02-22,2,10,Paid
SU01169,B04402,S0025,2026-06-02,1,5,Paid
SU01170,B06265,S0045,2025-11-06,1,20,Complimentary
SU01171,B08879,S0025,2026-08-24,2,0,Pending
SU01172,B06351,S0017,2026-02-28,4,0,Paid
SU01173,B01736,S0030,2026-08-23,1,0,Paid
SU01174,B02580,S0095,2026-02-20,2,0,Paid
SU01175,B06628,S0118,2026-05-17,3,10,Paid
SU01176,B08480,S0042,2025-01-20,10,0,Paid
SU01177,B06017,S0116,2025-10-24,1,25,Paid
SU01178,B05800,S0008,2026-05-23,2,15,Paid
SU01179,B00691,S0056,2026-04-23,2,0,Paid
SU01180,B06352,S0034,2024-04-22,3,0,Paid
SU01181,B00991,S0114,2026-08-21,4,10,Pending
SU01182,B01833,S0095,2025-09-27,6,5,Paid
SU01183,B04954,S0041,2025-12-26,3,5,Paid
SU01184,B03161,S0090,2024-12-27,5,0,Paid
SU01185,B09800,S0048,2025-07-13,2,0,Paid
SU01186,B01202,S0032,2026-02-12,8,5,Paid
SU01187,B05450,S0117,2025-08-19,3,20,Paid
SU01188,B09524,S0022,2026-06-23,2,5,Paid
SU01189,B06095,S0005,2025-04-17,2,10,Paid
SU01190,B07538,S0107,2025-09-12,10,0,Paid
SU01191,B04395,S0015,2026-01-06,1,15,Pending
SU01192,B02423,S0146,2024-07-17,3,0,Pending
SU01193,B08774,S0102,2024-09-25,2,15,Paid
SU01194,B01757,S0021,2024-12-17,3,10,Paid
SU01195,B09361,S0025,2024-03-24,2,5,Paid
SU01196,B04774,S0070,2024-07-02,5,0,Paid
SU01197,B06597,S0118,2024-08-11,2,0,Paid
SU01198,B02066,S0120,2026-07-18,4,10,Paid
SU01199,B05126,S0036,2026-08-22,1,0,Paid
SU01200,B02138,S0041,2025-08-19,2,5,Paid
SU01201,B02167,S0118,2025-07-29,4,10,Paid
SU01202,B01573,S0063,2026-07-06,1,20,Paid
SU01203,B06236,S0090,2026-06-20,3,15,Paid
SU01204,B05541,S0002,2026-07-29,4,15,Paid
SU01205,B01108,S0101,2024-12-14,1,15,Paid
SU01206,B07840,S0040,2026-04-04,4,10,Paid
SU01207,B06784,S0067,2025-10-31,4,0,Pending
SU01208,B07376,S0088,2025-09-17,4,10,Paid
SU01209,B02531,S0120,2026-06-22,2,5,Paid
SU01210,B00683,S0035,2025-11-29,5,10,Paid
SU01211,B03725,S0027,2026-01-15,3,0,Paid
SU01212,B09059,S0010,2026-06-08,3,0,Paid
SU01213,B02904,S0006,2026-04-11,2,10,Paid
SU01214,B02915,S0087,2025-09-27,6,0,Paid
SU01215,B08827,S0038,2026-08-30,2,5,Paid
SU01216,B08191,S0115,2025-10-11,2,0,Paid
SU01217,B01681,S0053,2025-11-01,1,10,Paid
SU01218,B06932,S0091,2025-12-30,4,5,Paid
SU01219,B07890,S0039,2024-10-29,2,5,Paid
SU01220,B02366,S0068,2025-05-02,8,20,Complimentary
SU01221,B07829,S0026,2025-03-25,6,0,Paid
SU01222,B02622,S0110,2024-05-27,3,15,Paid
SU01223,B00339,S0033,2025-12-20,2,5,Paid
SU01224,B04644,S0050,2026-05-07,1,0,Paid
SU01225,B09750,S0071,2025-02-09,2,0,Paid
SU01226,B07919,S0121,2024-05-30,3,0,Paid
SU01227,B08321,S0101,2025-10-06,2,10,Paid
SU01228,B08976,S0073,2025-07-25,1,15,Paid
SU01229,B09889,S0052,2024-10-02,1,0,Paid
SU01230,B07020,S0023,2025-08-21,1,5,Paid
SU01231,B08514,S0041,2026-06-09,2,20,Paid
SU01232,B03036,S0020,2026-03-15,2,20,Paid
SU01233,B02615,S0003,2024-03-27,1,20,Paid
SU01234,B08417,S0029,2025-10-20,3,5,Pending
SU01235,B09258,S0047,2025-11-03,2,5,Paid
SU01236,B03635,S0102,2026-05-12,1,0,Paid
SU01237,B05848,S0025,2026-03-14,5,0,Paid
SU01238,B02079,S0145,2026-04-07,1,0,Paid
SU01239,B02290,S0034,2025-07-31,4,5,Paid
SU01240,B02251,S0063,2024-10-31,2,10,Paid
SU01241,B01322,S0010,2026-03-30,2,15,Paid
SU01242,B04144,S0097,2025-08-29,4,5,Paid
SU01243,B05170,S0150,2026-01-05,3,10,Paid
SU01244,B00423,S0028,2026-07-20,5,0,Paid
SU01245,B01565,S0022,2026-01-13,1,10,Paid
SU01246,B01180,S0111,2025-07-24,2,5,Paid
SU01247,B01689,S0069,2025-07-15,1,10,Paid
SU01248,B02986,S0118,2025-07-15,4,10,Paid
SU01249,B01195,S0032,2024-03-29,6,0,Paid
SU01250,B05718,S0108,2025-09-08,2,0,Paid
SU01251,B09303,S0087,2025-02-18,5,0,Paid
SU01252,B01647,S0108,2026-07-15,2,0,Paid
SU01253,B07344,S0014,2026-05-21,8,15,Paid
SU01254,B02987,S0108,2026-04-25,4,5,Paid
SU01255,B06990,S0041,2025-07-28,3,0,Paid
SU01256,B07410,S0095,2026-02-14,3,10,Paid
SU01257,B08469,S0018,2025-07-23,4,0,Paid
SU01258,B09553,S0053,2026-05-28,1,0,Paid
SU01259,B04034,S0057,2026-08-30,2,15,Paid
SU01260,B07844,S0058,2026-04-19,1,15,Paid
SU01261,B09624,S0089,2025-04-29,1,0,Paid
SU01262,B07285,S0128,2024-11-01,1,0,Paid
SU01263,B00399,S0057,2024-01-11,4,0,Paid
SU01264,B06382,S0093,2024-04-27,5,10,Paid
SU01265,B08928,S0115,2025-12-02,4,20,Paid
SU01266,B06156,S0123,2024-08-04,3,5,Paid
SU01267,B01070,S0044,2024-08-09,1,5,Paid
SU01268,B05441,S0102,2026-03-28,5,10,Paid
SU01269,B05989,S0106,2025-04-10,2,15,Paid
SU01270,B09626,S0046,2025-07-21,1,5,Pending
SU01271,B06065,S0026,2024-03-28,2,0,Paid
SU01272,B02507,S0121,2024-03-15,1,0,Paid
SU01273,B01348,S0043,2024-11-14,3,5,Paid
SU01274,B06097,S0007,2024-02-14,1,0,Paid
SU01275,B01658,S0023,2026-01-14,1,10,Paid
SU01276,B09982,S0046,2024-10-11,4,15,Complimentary
SU01277,B06990,S0034,2025-07-27,3,0,Paid
SU01278,B03577,S0013,2026-08-08,5,5,Paid
SU01279,B06298,S0018,2025-11-02,2,5,Paid
SU01280,B08117,S0114,2025-11-20,6,0,Paid
SU01281,B05370,S0010,2025-11-19,3,5,Paid
SU01282,B07680,S0046,2026-07-08,4,10,Paid
SU01283,B02603,S0121,2026-03-26,6,5,Paid
SU01284,B07170,S0095,2024-12-10,4,5,Paid
SU01285,B05009,S0018,2025-11-07,4,0,Pending
SU01286,B03467,S0143,2026-01-22,6,5,Paid
SU01287,B07705,S0048,2024-11-07,1,5,Paid
SU01288,B09916,S0033,2025-04-02,1,0,Paid
SU01289,B05529,S0127,2026-08-21,2,5,Paid
SU01290,B01736,S0026,2026-08-21,5,0,Paid
SU01291,B00201,S0035,2025-05-03,2,0,Paid
SU01292,B09782,S0025,2024-11-09,3,0,Paid
SU01293,B08201,S0017,2025-12-06,2,5,Paid
SU01294,B07975,S0012,2025-04-10,2,5,Paid
SU01295,B09451,S0057,2025-10-28,4,15,Paid
SU01296,B09835,S0023,2024-05-16,3,5,Paid
SU01297,B08595,S0035,2024-12-07,1,10,Paid
SU01298,B01623,S0089,2026-08-02,1,10,Paid
SU01299,B00730,S0095,2025-11-23,4,0,Paid
SU01300,B05127,S0043,2024-11-27,2,20,Paid
SU01301,B02879,S0051,2024-09-08,5,20,Paid
SU01302,B09754,S0035,2026-03-09,1,10,Paid
SU01303,B00107,S0072,2026-01-01,2,10,Paid
SU01304,B08909,S0143,2026-07-09,1,5,Paid
SU01305,B00578,S0110,2026-08-05,6,0,Paid
SU01306,B08763,S0060,2025-10-31,8,15,Paid
SU01307,B09369,S0027,2026-06-01,2,5,Paid
SU01308,B08503,S0023,2025-03-09,1,15,Paid
SU01309,B03726,S0050,2025-05-29,1,0,Paid
SU01310,B09665,S0013,2025-05-24,2,10,Pending
SU01311,B00659,S0048,2025-10-21,5,0,Paid
SU01312,B00212,S0032,2024-12-08,3,20,Paid
SU01313,B05896,S0139,2026-01-02,3,0,Paid
SU01314,B09719,S0027,2025-08-16,2,5,Paid
SU01315,B09013,S0110,2026-06-07,2,20,Pending
SU01316,B08800,S0112,2026-02-19,4,0,Paid
SU01317,B02714,S0125,2026-08-25,3,10,Paid
SU01318,B01800,S0118,2026-07-07,2,0,Paid
SU01319,B05394,S0026,2026-03-23,2,15,Paid
SU01320,B07707,S0042,2025-07-18,6,0,Pending
SU01321,B09956,S0097,2025-11-01,2,0,Complimentary
SU01322,B03536,S0035,2026-06-18,4,5,Paid
SU01323,B07842,S0107,2024-10-08,1,15,Paid
SU01324,B07173,S0146,2026-02-15,3,10,Paid
SU01325,B05305,S0098,2026-07-29,1,0,Paid
SU01326,B00147,S0043,2024-11-14,3,0,Paid
SU01327,B01218,S0109,2025-09-27,1,0,Paid
SU01328,B09351,S0034,2025-05-11,3,10,Paid
SU01329,B01191,S0038,2025-05-06,1,0,Paid
SU01330,B04927,S0022,2026-01-24,1,0,Paid
SU01331,B03321,S0014,2026-02-25,4,0,Paid
SU01332,B06603,S0044,2026-05-31,2,0,Paid
SU01333,B09463,S0147,2024-04-09,4,10,Paid
SU01334,B02031,S0115,2025-07-02,6,0,Paid
SU01335,B00408,S0032,2025-02-03,2,5,Paid
SU01336,B03576,S0060,2026-08-19,5,15,Paid
SU01337,B01346,S0068,2026-02-08,5,10,Pending
SU01338,B07377,S0040,2025-11-30,1,15,Paid
SU01339,B06496,S0109,2025-12-28,3,0,Paid
SU01340,B06019,S0041,2025-11-05,2,5,Paid
SU01341,B08664,S0007,2024-08-19,1,0,Paid
SU01342,B09059,S0008,2026-06-08,1,5,Paid
SU01343,B08668,S0039,2026-08-21,5,0,Paid
SU01344,B01111,S0116,2025-06-26,1,0,Paid
SU01345,B06705,S0086,2026-08-19,4,10,Paid
SU01346,B07386,S0031,2024-10-18,2,0,Paid
SU01347,B07440,S0126,2024-12-13,1,10,Paid
SU01348,B00136,S0094,2025-06-02,2,10,Paid
SU01349,B04012,S0119,2024-02-11,4,0,Paid
SU01350,B06445,S0097,2026-02-03,3,0,Paid
SU01351,B04073,S0010,2026-08-22,3,10,Paid
SU01352,B06812,S0004,2024-05-17,2,15,Paid
SU01353,B09202,S0119,2024-08-13,3,5,Paid
SU01354,B07072,S0088,2026-06-29,5,0,Paid
SU01355,B05267,S0044,2024-02-25,2,5,Paid
SU01356,B08230,S0117,2025-09-10,4,5,Paid
SU01357,B01038,S0042,2026-08-04,8,20,Paid
SU01358,B07315,S0065,2025-08-20,1,5,Paid
SU01359,B02819,S0089,2026-02-02,2,10,Paid
SU01360,B03148,S0054,2025-08-24,1,0,Paid
SU01361,B07314,S0044,2025-05-03,1,0,Paid
SU01362,B09987,S0048,2026-08-26,5,0,Paid
SU01363,B04070,S0104,2026-05-05,4,0,Paid
SU01364,B01483,S0005,2026-08-07,2,0,Paid
SU01365,B03894,S0004,2024-09-02,2,0,Paid
SU01366,B08922,S0122,2026-06-01,2,0,Paid
SU01367,B02072,S0095,2026-07-05,5,5,Paid
SU01368,B03395,S0114,2026-06-11,2,5,Complimentary
SU01369,B02281,S0053,2025-02-19,1,5,Paid
SU01370,B01111,S0114,2025-06-26,6,15,Paid
SU01371,B01464,S0036,2025-01-26,2,0,Paid
SU01372,B06113,S0089,2026-02-28,3,5,Paid
SU01373,B05886,S0108,2025-02-04,3,0,Paid
SU01374,B07628,S0044,2026-01-15,2,15,Paid
SU01375,B09878,S0151,2026-05-25,1,5,Paid
SU01376,B03404,S0038,2025-07-03,1,20,Pending
SU01377,B01605,S0143,2025-12-02,5,5,Paid
SU01378,B01895,S0098,2024-02-17,1,15,Paid
SU01379,B09727,S0121,2026-02-03,4,0,Paid
SU01380,B02617,S0048,2025-09-12,4,0,Paid
SU01381,B05756,S0035,2026-07-05,4,0,Paid
SU01382,B04904,S0098,2025-05-24,3,20,Paid
SU01383,B04962,S0026,2026-02-16,1,10,Paid
SU01384,B05050,S0115,2025-03-20,2,10,Paid
SU01385,B02059,S0025,2026-08-16,4,5,Paid
SU01386,B01634,S0005,2025-07-22,1,15,Paid
SU01387,B08797,S0089,2024-12-14,3,10,Paid
SU01388,B03810,S0044,2026-03-20,1,15,Paid
SU01389,B04548,S0100,2026-01-28,4,10,Paid
SU01390,B09387,S0087,2025-02-12,3,0,Paid
SU01391,B07878,S0025,2025-11-10,4,0,Paid
SU01392,B06680,S0040,2026-08-20,5,0,Paid
SU01393,B05322,S0028,2024-10-23,4,15,Paid
SU01394,B06165,S0087,2026-05-23,3,0,Paid
SU01395,B00809,S0136,2024-06-22,1,0,Paid
SU01396,B09235,S0106,2024-04-26,5,5,Paid
SU01397,B00831,S0070,2025-04-12,3,0,Paid
SU01398,B04995,S0055,2026-03-12,1,0,Paid
SU01399,B04460,S0002,2026-04-18,1,10,Paid
SU01400,B08334,S0013,2024-04-22,2,5,Paid
SU01401,B09811,S0018,2024-07-04,2,0,Paid
SU01402,B05401,S0094,2026-08-30,1,10,Paid
SU01403,B05695,S0025,2026-06-16,1,10,Paid
SU01404,B09616,S0095,2026-07-14,1,10,Paid
SU01405,B02270,S0014,2026-06-29,4,0,Paid
SU01406,B04256,S0037,2026-03-20,4,5,Paid
SU01407,B03759,S0094,2026-03-03,2,10,Pending
SU01408,B08632,S0069,2024-11-28,1,5,Paid
SU01409,B04796,S0008,2026-03-26,1,5,Paid
SU01410,B01590,S0069,2026-01-25,1,0,Paid
SU01411,B08275,S0089,2024-12-28,1,0,Paid
SU01412,B02899,S0101,2024-10-11,1,0,Paid
SU01413,B06787,S0025,2024-06-25,1,10,Paid
SU01414,B05466,S0090,2026-05-03,1,5,Pending
SU01415,B09691,S0003,2024-02-11,1,0,Paid
SU01416,B05940,S0068,2025-11-04,2,10,Paid
SU01417,B02430,S0039,2025-02-23,6,0,Paid
SU01418,B07612,S0021,2025-11-25,1,10,Paid
SU01419,B08813,S0088,2026-05-29,5,0,Paid
SU01420,B00952,S0026,2026-08-22,1,0,Paid
SU01421,B01418,S0146,2026-08-23,5,0,Paid
SU01422,B04121,S0058,2026-06-28,3,0,Paid
SU01423,B00557,S0143,2026-07-08,2,10,Paid
SU01424,B07709,S0071,2026-08-30,2,5,Paid
SU01425,B01900,S0086,2025-02-21,4,0,Paid
SU01426,B06016,S0117,2025-02-25,6,0,Paid
SU01427,B01634,S0009,2025-07-22,1,0,Paid
SU01428,B02209,S0008,2025-10-09,2,5,Paid
SU01429,B03021,S0134,2026-07-09,4,0,Paid
SU01430,B00176,S0013,2024-11-07,2,0,Paid
SU01431,B04679,S0030,2025-10-25,2,5,Paid
SU01432,B00723,S0108,2025-11-08,3,5,Paid
SU01433,B07442,S0087,2026-02-09,2,0,Paid
SU01434,B03034,S0049,2026-01-15,2,0,Paid
SU01435,B03270,S0024,2026-01-25,2,5,Paid
SU01436,B01003,S0017,2024-08-20,3,5,Paid
SU01437,B03278,S0022,2026-08-09,2,5,Paid
SU01438,B09334,S0030,2026-08-11,1,10,Paid
SU01439,B00922,S0037,2026-04-29,4,0,Paid
SU01440,B01816,S0151,2026-03-30,3,10,Paid
SU01441,B05066,S0042,2026-03-17,6,5,Paid
SU01442,B03431,S0122,2026-08-18,2,5,Paid
SU01443,B01009,S0113,2024-12-23,3,5,Paid
SU01444,B02740,S0107,2024-02-25,4,0,Paid
SU01445,B00399,S0057,2024-01-13,2,5,Paid
SU01446,B02548,S0026,2024-07-26,5,5,Paid
SU01447,B08594,S0041,2024-06-17,3,10,Paid
SU01448,B00866,S0090,2024-08-04,1,20,Paid
SU01449,B06706,S0037,2025-04-19,2,0,Paid
SU01450,B06986,S0059,2026-01-04,2,0,Paid
SU01451,B08047,S0147,2024-11-12,8,10,Paid
SU01452,B07911,S0117,2024-07-13,5,5,Paid
SU01453,B01134,S0022,2025-11-19,2,0,Paid
SU01454,B08624,S0073,2024-03-26,1,0,Paid
SU01455,B05300,S0108,2025-06-07,5,25,Paid
SU01456,B03930,S0100,2026-03-07,3,15,Paid
SU01457,B02895,S0108,2025-07-14,2,0,Paid
SU01458,B06409,S0008,2025-11-15,1,10,Paid
SU01459,B09130,S0131,2025-10-08,1,10,Paid
SU01460,B04227,S0042,2026-03-15,1,0,Paid
SU01461,B09969,S0109,2026-05-04,4,0,Paid
SU01462,B07157,S0077,2025-08-03,3,25,Paid
SU01463,B08368,S0149,2026-05-11,5,10,Paid
SU01464,B00948,S0055,2024-07-17,1,5,Paid
SU01465,B01301,S0040,2025-08-21,3,0,Complimentary
SU01466,B09339,S0139,2026-05-20,4,25,Paid
SU01467,B03622,S0108,2025-04-12,3,5,Paid
SU01468,B04568,S0052,2026-06-28,3,15,Paid
SU01469,B00932,S0041,2026-01-19,2,5,Paid
SU01470,B03404,S0034,2025-06-29,4,10,Paid
SU01471,B02895,S0108,2025-07-14,3,15,Paid
SU01472,B04755,S0112,2026-03-04,5,0,Paid
SU01473,B05035,S0030,2026-07-31,3,0,Paid
SU01474,B05404,S0026,2024-05-16,3,10,Paid
SU01475,B07790,S0093,2026-01-09,4,5,Paid
SU01476,B00934,S0090,2025-04-30,4,0,Paid
SU01477,B04633,S0019,2025-11-18,1,0,Pending
SU01478,B07703,S0139,2026-08-29,1,0,Paid
SU01479,B00795,S0006,2024-10-07,2,0,Paid
SU01480,B07592,S0022,2026-02-05,1,0,Paid
SU01481,B01267,S0127,2026-08-13,8,15,Pending
SU01482,B08208,S0087,2026-03-01,2,10,Paid
SU01483,B08968,S0024,2024-01-24,1,20,Paid
SU01484,B05479,S0023,2025-10-16,1,15,Paid
SU01485,B01335,S0030,2024-05-08,1,10,Paid
SU01486,B01700,S0039,2026-08-21,3,0,Paid
SU01487,B03146,S0125,2024-11-29,6,0,Paid
SU01488,B02705,S0046,2025-10-14,3,5,Paid
SU01489,B06101,S0107,2026-06-08,8,25,Pending
SU01490,B00860,S0031,2024-12-11,1,0,Paid
SU01491,B01941,S0068,2025-05-05,10,0,Paid
SU01492,B06713,S0137,2025-10-10,1,10,Paid
SU01493,B05864,S0055,2026-08-12,2,10,Paid
SU01494,B09922,S0132,2025-07-27,1,15,Paid
SU01495,B04939,S0006,2025-02-15,4,0,Paid
SU01496,B00959,S0132,2025-07-08,2,15,Paid
SU01497,B02355,S0036,2026-08-21,1,10,Paid
SU01498,B03761,S0097,2026-02-22,5,0,Paid
SU01499,B08951,S0027,2025-05-02,2,0,Paid
SU01500,B05971,S0126,2024-05-22,1,15,Paid
SU01501,B07471,S0111,2024-04-06,1,10,Paid
SU01502,B05306,S0040,2024-12-10,3,5,Paid
SU01503,B09651,S0058,2026-08-29,1,0,Paid
SU01504,B04876,S0108,2024-07-31,4,0,Paid
SU01505,B08017,S0109,2024-07-24,8,0,Paid
SU01506,B08764,S0130,2026-07-19,2,0,Paid
SU01507,B06129,S0089,2025-07-05,2,0,Paid
SU01508,B07507,S0022,2024-08-24,1,5,Complimentary
SU01509,B08358,S0054,2025-03-04,3,0,Paid
SU01510,B06351,S0011,2026-02-25,2,15,Paid
SU01511,B07717,S0039,2026-04-19,1,5,Paid
SU01512,B00171,S0077,2026-03-07,3,10,Paid
SU01513,B00200,S0030,2024-10-16,2,0,Paid
SU01514,B02817,S0115,2026-07-25,2,0,Paid
SU01515,B01198,S0115,2026-03-20,1,20,Paid
SU01516,B03007,S0110,2026-08-30,1,15,Paid
SU01517,B05026,S0010,2026-08-21,1,25,Pending
SU01518,B01877,S0092,2026-07-31,2,0,Paid
SU01519,B04976,S0147,2025-02-13,4,15,Paid
SU01520,B03391,S0131,2026-05-27,3,20,Paid
SU01521,B00807,S0111,2024-12-24,2,5,Paid
SU01522,B00428,S0007,2024-10-01,1,0,Paid
SU01523,B00203,S0118,2026-04-05,1,25,Paid
SU01524,B09560,S0012,2025-11-12,1,20,Paid
SU01525,B06219,S0120,2025-12-22,2,10,Paid
SU01526,B06064,S0057,2024-04-21,3,20,Paid
SU01527,B07436,S0115,2026-01-14,2,0,Paid
SU01528,B08852,S0108,2025-10-11,2,10,Complimentary
SU01529,B04090,S0029,2026-07-03,5,10,Paid
SU01530,B04740,S0013,2024-09-20,3,5,Pending
SU01531,B08247,S0129,2026-06-20,1,5,Paid
SU01532,B05807,S0012,2026-08-24,1,5,Paid
SU01533,B09078,S0060,2024-12-14,2,10,Paid
SU01534,B00638,S0115,2025-05-14,2,0,Paid
SU01535,B04968,S0140,2024-08-28,3,5,Paid
SU01536,B02947,S0110,2026-08-29,1,0,Paid
SU01537,B00356,S0148,2024-10-30,4,25,Paid
SU01538,B06596,S0047,2024-08-10,1,5,Paid
SU01539,B02289,S0143,2024-01-16,2,15,Paid
SU01540,B01035,S0141,2025-07-27,3,5,Paid
SU01541,B05574,S0050,2026-04-02,3,10,Paid
SU01542,B09721,S0022,2026-08-14,2,20,Paid
SU01543,B09710,S0118,2026-04-16,3,0,Paid
SU01544,B03749,S0042,2026-05-14,4,0,Paid
SU01545,B07794,S0034,2024-03-14,3,20,Paid
SU01546,B05798,S0139,2026-08-24,1,0,Paid
SU01547,B08547,S0114,2024-05-21,4,10,Paid
SU01548,B08272,S0038,2025-12-01,1,10,Paid
SU01549,B06145,S0015,2026-04-13,1,25,Paid
SU01550,B07940,S0107,2026-06-03,1,0,Paid
SU01551,B04325,S0012,2026-01-26,1,5,Paid
SU01552,B02491,S0039,2026-07-23,4,10,Paid
SU01553,B03175,S0026,2024-03-18,2,0,Paid
SU01554,B03575,S0094,2026-07-03,2,10,Complimentary
SU01555,B02174,S0042,2026-02-02,5,10,Paid
SU01556,B01107,S0002,2026-02-17,5,15,Paid
SU01557,B05402,S0019,2025-07-22,2,0,Pending
SU01558,B06236,S0087,2026-06-19,4,0,Paid
SU01559,B00281,S0110,2026-02-21,4,10,Paid
SU01560,B05655,S0087,2026-08-20,2,0,Paid
SU01561,B09247,S0087,2025-11-02,3,10,Paid
SU01562,B07346,S0010,2026-06-02,3,0,Paid
SU01563,B02680,S0116,2026-05-17,1,5,Paid
SU01564,B04583,S0020,2026-05-20,3,10,Paid
SU01565,B02782,S0062,2024-03-07,1,5,Paid
SU01566,B09882,S0027,2026-07-11,1,0,Paid
SU01567,B03496,S0113,2024-09-18,3,15,Paid
SU01568,B09878,S0146,2026-05-25,1,10,Paid
SU01569,B09450,S0056,2025-08-13,3,10,Paid
SU01570,B00224,S0115,2024-06-14,3,10,Paid
SU01571,B09230,S0109,2026-06-20,3,15,Paid
SU01572,B03626,S0151,2024-10-03,1,25,Paid
SU01573,B03659,S0050,2026-07-27,2,20,Paid
SU01574,B01897,S0056,2026-07-28,1,5,Complimentary
SU01575,B03622,S0111,2025-04-11,1,10,Paid
SU01576,B01856,S0042,2024-03-09,4,10,Paid
SU01577,B07801,S0101,2024-12-09,4,15,Paid
SU01578,B02830,S0010,2025-08-07,2,10,Paid
SU01579,B01139,S0025,2026-07-31,3,0,Paid
SU01580,B05038,S0103,2024-03-29,2,0,Paid
SU01581,B09474,S0052,2025-10-13,2,10,Paid
SU01582,B06464,S0111,2025-08-18,2,10,Pending
SU01583,B09812,S0133,2026-02-14,1,5,Paid
SU01584,B03208,S0045,2025-11-26,2,20,Paid
SU01585,B05032,S0089,2024-04-29,1,0,Paid
SU01586,B06314,S0142,2026-03-01,4,15,Paid
SU01587,B04930,S0127,2026-07-30,10,10,Pending
SU01588,B03931,S0047,2025-12-05,1,10,Paid
SU01589,B00221,S0028,2026-06-01,2,15,Paid
SU01590,B02135,S0115,2025-05-21,5,5,Paid
SU01591,B06603,S0051,2026-05-27,4,10,Paid
SU01592,B09899,S0036,2026-05-11,3,10,Paid
SU01593,B00042,S0125,2026-08-20,1,5,Pending
SU01594,B04269,S0092,2025-09-28,1,0,Paid
SU01595,B07012,S0017,2025-01-15,6,5,Paid
SU01596,B00556,S0145,2026-02-20,5,0,Paid
SU01597,B06107,S0031,2025-01-31,2,10,Paid
SU01598,B08923,S0013,2026-03-13,1,0,Pending
SU01599,B06676,S0094,2025-09-05,2,15,Paid
SU01600,B09848,S0099,2026-08-19,3,20,Paid
SU01601,B09659,S0030,2025-12-17,1,0,Paid
SU01602,B06328,S0035,2026-03-07,6,15,Paid
SU01603,B03754,S0116,2026-08-10,3,0,Paid
SU01604,B09120,S0060,2025-11-26,1,10,Paid
SU01605,B05415,S0125,2025-11-09,5,0,Paid
SU01606,B02754,S0141,2026-08-16,2,0,Paid
SU01607,B06767,S0050,2026-05-20,2,25,Paid
SU01608,B08347,S0014,2024-02-01,5,0,Paid
SU01609,B03820,S0029,2026-03-05,5,5,Paid
SU01610,B02341,S0027,2024-11-28,1,5,Paid
SU01611,B00412,S0001,2025-02-20,2,10,Paid
SU01612,B07057,S0099,2024-09-05,1,5,Paid
SU01613,B00213,S0041,2025-01-28,1,0,Paid
SU01614,B08001,S0048,2024-09-03,3,10,Paid
SU01615,B01502,S0041,2024-05-17,2,0,Paid
SU01616,B06518,S0026,2025-03-17,2,0,Paid
SU01617,B05150,S0032,2025-05-19,3,5,Paid
SU01618,B07225,S0011,2025-03-02,3,0,Paid
SU01619,B02600,S0087,2026-03-28,2,5,Pending
SU01620,B05659,S0043,2026-05-19,1,10,Paid
SU01621,B08362,S0020,2026-07-14,1,20,Paid
SU01622,B09961,S0039,2026-05-18,2,5,Paid
SU01623,B01200,S0147,2024-05-04,3,10,Paid
SU01624,B07998,S0043,2025-07-01,4,15,Paid
SU01625,B00399,S0054,2024-01-13,1,10,Paid
SU01626,B05621,S0013,2026-08-10,1,0,Paid
SU01627,B07357,S0033,2024-11-13,2,10,Paid
SU01628,B02566,S0116,2026-08-24,1,5,Paid
SU01629,B05835,S0030,2026-02-18,1,5,Paid
SU01630,B06380,S0024,2025-11-03,2,15,Paid
SU01631,B03339,S0057,2026-02-21,4,0,Paid
SU01632,B07246,S0022,2026-07-29,1,5,Paid
SU01633,B00153,S0098,2025-12-09,1,0,Paid
SU01634,B09624,S0090,2025-04-30,1,0,Paid
SU01635,B09809,S0045,2024-10-07,2,20,Paid
SU01636,B09227,S0021,2026-05-28,2,5,Paid
SU01637,B07798,S0098,2026-08-20,1,20,Paid
SU01638,B06328,S0041,2026-03-06,2,0,Paid
SU01639,B03039,S0125,2026-01-04,2,10,Complimentary
SU01640,B06098,S0033,2024-11-16,2,10,Paid
SU01641,B00117,S0007,2024-07-05,3,0,Paid
SU01642,B04102,S0060,2026-07-19,2,0,Paid
SU01643,B04564,S0146,2024-07-14,3,10,Paid
SU01644,B05292,S0028,2026-02-08,1,0,Complimentary
SU01645,B00208,S0025,2025-12-02,3,0,Paid
SU01646,B02032,S0030,2026-02-05,2,10,Paid
SU01647,B04612,S0093,2025-08-26,1,0,Paid
SU01648,B05699,S0146,2024-04-19,4,15,Paid
SU01649,B02802,S0002,2026-05-17,1,0,Paid
SU01650,B09640,S0008,2026-08-26,1,15,Paid
SU01651,B03327,S0087,2025-12-05,3,0,Paid
SU01652,B00587,S0029,2025-01-25,4,15,Paid
SU01653,B07295,S0122,2024-01-19,1,10,Paid
SU01654,B05164,S0058,2025-07-25,1,0,Pending
SU01655,B03451,S0037,2025-12-07,2,5,Paid
SU01656,B03652,S0107,2026-01-22,4,25,Paid
SU01657,B02451,S0080,2024-11-07,3,10,Paid
SU01658,B08582,S0110,2026-08-26,4,0,Complimentary
SU01659,B07646,S0044,2026-01-24,3,15,Paid
SU01660,B04969,S0125,2025-09-02,3,5,Paid
SU01661,B03066,S0132,2026-07-31,1,20,Paid
SU01662,B02207,S0001,2024-03-26,1,20,Paid
SU01663,B03629,S0030,2025-03-26,1,0,Paid
SU01664,B01269,S0142,2024-07-04,1,0,Paid
SU01665,B06720,S0049,2025-01-03,1,0,Paid
SU01666,B02317,S0020,2025-10-17,3,5,Paid
SU01667,B08533,S0054,2026-08-16,4,25,Paid
SU01668,B04244,S0044,2025-11-05,1,5,Paid
SU01669,B09489,S0142,2026-01-14,4,0,Pending
SU01670,B08398,S0023,2026-07-03,1,10,Paid
SU01671,B09803,S0072,2025-11-18,4,0,Pending
SU01672,B04429,S0030,2026-05-03,2,5,Paid
SU01673,B00103,S0125,2026-07-09,2,0,Paid
SU01674,B02230,S0002,2024-12-03,1,15,Paid
SU01675,B01098,S0066,2026-04-05,1,15,Pending
SU01676,B07000,S0013,2025-12-09,5,0,Pending
SU01677,B09748,S0094,2024-02-22,2,5,Paid
SU01678,B06983,S0114,2025-05-09,5,10,Paid
SU01679,B06944,S0035,2025-05-11,4,0,Paid
SU01680,B04668,S0109,2024-05-22,2,5,Paid
SU01681,B01998,S0100,2026-08-09,1,0,Paid
SU01682,B06672,S0008,2025-10-21,2,0,Paid
SU01683,B02318,S0027,2025-04-18,5,0,Pending
SU01684,B04442,S0067,2024-02-18,1,20,Paid
SU01685,B05272,S0017,2024-02-21,1,10,Paid
SU01686,B00049,S0008,2025-08-03,2,5,Paid
SU01687,B08148,S0027,2025-03-26,2,5,Paid
SU01688,B06850,S0095,2026-03-24,1,5,Paid
SU01689,B04071,S0127,2024-08-05,1,15,Paid
SU01690,B09087,S0029,2026-05-16,3,5,Paid
SU01691,B00418,S0048,2024-06-12,1,0,Paid
SU01692,B04781,S0118,2026-08-04,6,0,Paid
SU01693,B06134,S0026,2026-08-22,4,0,Paid
SU01694,B06780,S0048,2026-07-17,3,10,Paid
SU01695,B07241,S0053,2026-04-13,2,5,Paid
SU01696,B07695,S0026,2026-02-23,4,10,Paid
SU01697,B07617,S0115,2026-01-12,6,0,Paid
SU01698,B07852,S0095,2024-06-15,3,0,Paid
SU01699,B03369,S0017,2025-06-18,3,20,Paid
SU01700,B06612,S0115,2026-08-21,6,0,Paid
SU01701,B04963,S0028,2026-06-29,3,0,Paid
SU01702,B05360,S0046,2025-03-07,2,20,Paid
SU01703,B08953,S0106,2025-01-20,6,0,Paid
SU01704,B06874,S0103,2024-03-27,4,0,Paid
SU01705,B00711,S0115,2024-12-31,2,0,Paid
SU01706,B03659,S0042,2026-07-25,3,10,Paid
SU01707,B02345,S0032,2026-04-08,2,10,Paid
SU01708,B08940,S0119,2024-03-14,2,5,Paid
SU01709,B06748,S0027,2024-09-04,3,5,Pending
SU01710,B05283,S0112,2026-04-10,3,5,Paid
SU01711,B07429,S0122,2026-06-06,3,0,Paid
SU01712,B05530,S0128,2025-08-31,1,5,Paid
SU01713,B01348,S0047,2024-11-14,1,5,Paid
SU01714,B06612,S0115,2026-08-22,3,0,Paid
SU01715,B07072,S0087,2026-06-30,3,5,Paid
SU01716,B01952,S0031,2025-01-16,3,10,Paid
SU01717,B04560,S0127,2026-02-17,2,10,Paid
SU01718,B06557,S0039,2026-08-14,3,10,Pending
SU01719,B03179,S0120,2025-07-07,4,20,Paid
SU01720,B05237,S0087,2024-09-24,2,5,Paid
SU01721,B01167,S0019,2024-12-20,1,15,Paid
SU01722,B00264,S0078,2026-08-18,3,5,Paid
SU01723,B04375,S0034,2026-03-08,2,0,Paid
SU01724,B07220,S0099,2025-11-13,1,10,Paid
SU01725,B09724,S0123,2026-08-30,1,0,Paid
SU01726,B03847,S0047,2026-01-25,1,5,Paid
SU01727,B01795,S0050,2025-11-30,5,0,Pending
SU01728,B04946,S0030,2024-01-19,1,0,Paid
SU01729,B03353,S0123,2024-12-22,1,0,Paid
SU01730,B02319,S0021,2026-07-04,1,5,Paid
SU01731,B03647,S0112,2025-11-15,5,0,Paid
SU01732,B09227,S0015,2026-05-30,2,5,Paid
SU01733,B07138,S0032,2024-11-23,2,5,Paid
SU01734,B02036,S0002,2024-11-14,2,0,Paid
SU01735,B06822,S0096,2025-04-19,2,5,Paid
SU01736,B04874,S0007,2026-05-17,2,5,Paid
SU01737,B07805,S0112,2026-04-07,4,5,Paid
SU01738,B09872,S0145,2024-07-02,2,0,Paid
SU01739,B06828,S0002,2024-07-13,2,0,Pending
SU01740,B07204,S0017,2026-08-30,1,0,Paid
SU01741,B06215,S0111,2025-10-16,1,25,Paid
SU01742,B09316,S0099,2026-03-30,1,0,Paid
SU01743,B07128,S0022,2026-08-13,2,0,Complimentary
SU01744,B07766,S0029,2025-09-06,2,10,Paid
SU01745,B00005,S0042,2025-07-06,1,5,Paid
SU01746,B02108,S0102,2026-07-25,2,25,Paid
SU01747,B03398,S0116,2025-10-22,1,0,Paid
SU01748,B07795,S0008,2026-02-15,1,0,Paid
SU01749,B03128,S0046,2026-02-27,3,0,Pending
SU01750,B03530,S0006,2026-03-31,3,5,Paid
SU01751,B04965,S0006,2025-11-12,5,10,Paid
SU01752,B04823,S0005,2025-01-14,2,0,Paid
SU01753,B04144,S0097,2025-08-30,2,20,Paid
SU01754,B04972,S0032,2025-03-13,1,20,Paid
SU01755,B00168,S0015,2026-08-18,2,10,Paid
SU01756,B08542,S0087,2025-06-17,2,0,Paid
SU01757,B09860,S0122,2025-10-10,3,0,Pending
SU01758,B05361,S0132,2025-10-27,2,10,Paid
SU01759,B04882,S0126,2025-12-06,2,0,Paid
SU01760,B01612,S0117,2024-02-26,3,0,Paid
SU01761,B09531,S0104,2026-07-25,1,0,Paid
SU01762,B09739,S0012,2024-11-14,1,0,Paid
SU01763,B09495,S0003,2024-08-28,8,10,Paid
SU01764,B05660,S0088,2026-07-23,2,0,Paid
SU01765,B02009,S0066,2024-03-25,1,0,Paid
SU01766,B01640,S0117,2025-11-28,3,15,Paid
SU01767,B01946,S0013,2026-08-29,4,5,Paid
SU01768,B02839,S0108,2024-10-27,2,0,Paid
SU01769,B02041,S0010,2026-07-11,2,10,Paid
SU01770,B01760,S0059,2024-03-21,4,0,Paid
SU01771,B03546,S0038,2024-10-24,1,25,Pending
SU01772,B00075,S0088,2025-11-09,5,5,Paid
SU01773,B02706,S0136,2026-07-24,4,0,Paid
SU01774,B05779,S0023,2026-02-06,1,10,Complimentary
SU01775,B05395,S0120,2024-08-31,1,10,Paid
SU01776,B05164,S0060,2025-07-23,1,0,Paid
SU01777,B07688,S0036,2024-09-17,1,0,Pending
SU01778,B05959,S0092,2025-06-29,2,10,Paid
SU01779,B06041,S0054,2025-09-09,2,0,Paid
SU01780,B04907,S0092,2024-04-12,4,15,Paid
SU01781,B05985,S0112,2026-02-10,4,0,Paid
SU01782,B07228,S0110,2026-03-24,2,10,Paid
SU01783,B00753,S0092,2025-06-08,1,0,Paid
SU01784,B09563,S0027,2025-01-01,2,0,Paid
SU01785,B06656,S0056,2025-12-01,5,0,Paid
SU01786,B08338,S0097,2026-08-03,3,5,Pending
SU01787,B02787,S0006,2026-04-28,3,0,Paid
SU01788,B00083,S0122,2025-01-18,2,5,Paid
SU01789,B07937,S0029,2024-11-09,4,0,Paid
SU01790,B02088,S0098,2026-03-11,1,25,Paid
SU01791,B07403,S0122,2026-08-22,2,0,Paid
SU01792,B09340,S0124,2024-10-22,1,10,Paid
SU01793,B01077,S0035,2024-12-11,1,15,Paid
SU01794,B03969,S0029,2024-09-22,5,5,Paid
SU01795,B05034,S0064,2026-01-01,2,10,Paid
SU01796,B01800,S0115,2026-07-09,3,10,Paid
SU01797,B00245,S0061,2025-07-30,3,5,Paid
SU01798,B04909,S0069,2026-07-21,1,25,Paid
SU01799,B04545,S0037,2025-10-17,1,0,Paid
SU01800,B01927,S0120,2026-05-22,2,5,Paid
SU01801,B06095,S0005,2025-04-18,3,20,Paid
SU01802,B04797,S0007,2026-07-30,1,10,Paid
SU01803,B09421,S0036,2026-08-28,1,25,Paid
SU01804,B09563,S0031,2025-01-01,3,0,Paid
SU01805,B09714,S0112,2026-07-26,2,10,Paid
SU01806,B02772,S0028,2025-01-22,1,0,Paid
SU01807,B03743,S0121,2024-07-28,2,5,Pending
SU01808,B05619,S0124,2025-08-30,2,15,Paid
SU01809,B03553,S0107,2026-08-19,3,0,Paid
SU01810,B00721,S0103,2025-11-07,3,0,Paid
SU01811,B08448,S0015,2025-06-28,1,5,Pending
SU01812,B05462,S0138,2025-12-03,1,0,Paid
SU01813,B05208,S0125,2025-10-03,6,5,Paid
SU01814,B08223,S0059,2026-01-04,5,15,Paid
SU01815,B09995,S0021,2026-05-22,1,0,Paid
SU01816,B01214,S0006,2025-12-06,5,25,Paid
SU01817,B03563,S0013,2024-12-18,2,15,Paid
SU01818,B02735,S0013,2025-11-27,5,0,Paid
SU01819,B01059,S0037,2024-07-04,1,25,Paid
SU01820,B05575,S0073,2025-07-15,1,0,Paid
SU01821,B02727,S0106,2025-11-15,2,0,Paid
SU01822,B01567,S0143,2026-07-31,3,0,Paid
SU01823,B02649,S0116,2025-04-07,1,5,Paid
SU01824,B01561,S0022,2024-09-09,1,0,Pending
SU01825,B05343,S0145,2025-12-30,5,5,Paid
SU01826,B02655,S0002,2026-02-26,4,0,Paid
SU01827,B03967,S0005,2024-02-26,2,0,Paid
SU01828,B01171,S0099,2025-08-04,1,15,Paid
SU01829,B05336,S0108,2026-07-15,2,0,Paid
SU01830,B08057,S0139,2026-01-16,4,0,Paid
SU01831,B03482,S0095,2025-05-23,5,20,Paid
SU01832,B00605,S0109,2025-11-29,8,15,Paid
SU01833,B02056,S0132,2025-04-16,2,5,Paid
SU01834,B06049,S0021,2024-02-24,1,10,Paid
SU01835,B08154,S0015,2026-01-07,2,5,Paid
SU01836,B05763,S0020,2026-03-26,2,25,Paid
SU01837,B02489,S0107,2025-07-13,2,5,Paid
SU01838,B04986,S0107,2026-04-29,8,10,Paid
SU01839,B01880,S0125,2025-12-26,5,10,Paid
SU01840,B03306,S0109,2026-04-28,2,0,Paid
SU01841,B03491,S0025,2025-12-26,8,0,Paid
SU01842,B05126,S0040,2026-08-22,3,15,Paid
SU01843,B07111,S0114,2025-06-30,1,0,Paid
SU01844,B00408,S0038,2025-02-02,3,15,Paid
SU01845,B06670,S0046,2024-04-20,3,0,Paid
SU01846,B01021,S0030,2025-03-11,2,10,Paid
SU01847,B02187,S0044,2024-10-17,1,15,Paid
SU01848,B04556,S0124,2026-07-30,2,0,Paid
SU01849,B01384,S0065,2025-05-17,1,5,Paid
SU01850,B09431,S0118,2026-06-05,6,5,Paid
SU01851,B02919,S0110,2025-06-10,3,5,Paid
SU01852,B07937,S0022,2024-11-09,1,0,Paid
SU01853,B04860,S0008,2026-08-08,2,10,Paid
SU01854,B07919,S0122,2024-05-29,4,15,Paid
SU01855,B05009,S0014,2025-11-08,2,5,Paid
SU01856,B01546,S0096,2025-04-09,2,15,Pending
SU01857,B07920,S0051,2025-09-20,3,10,Paid
SU01858,B02281,S0057,2025-02-19,2,0,Paid
SU01859,B02716,S0009,2026-07-23,1,25,Paid
SU01860,B02664,S0107,2026-07-30,4,5,Paid
SU01861,B02684,S0019,2024-05-14,2,5,Complimentary
SU01862,B04250,S0119,2025-02-16,5,10,Paid
SU01863,B04476,S0109,2026-07-04,3,10,Paid
SU01864,B09592,S0012,2026-01-27,1,5,Paid
SU01865,B07172,S0022,2025-12-08,2,10,Paid
SU01866,B05911,S0037,2026-08-22,3,0,Paid
SU01867,B04861,S0123,2025-03-24,2,10,Paid
SU01868,B08564,S0045,2025-03-25,1,0,Paid
SU01869,B06238,S0086,2026-06-23,4,10,Paid
SU01870,B09875,S0042,2025-09-26,3,5,Paid
SU01871,B04745,S0051,2025-09-20,4,10,Paid
SU01872,B01956,S0149,2025-02-15,1,0,Paid
SU01873,B07880,S0026,2024-07-20,3,0,Paid
SU01874,B06816,S0126,2025-07-30,1,0,Paid
SU01875,B04814,S0006,2025-11-13,6,5,Paid
SU01876,B00932,S0036,2026-01-19,1,10,Pending
SU01877,B01840,S0026,2026-01-14,8,10,Paid
SU01878,B02436,S0094,2024-01-18,3,0,Paid
SU01879,B07187,S0151,2026-08-04,1,5,Paid
SU01880,B05916,S0115,2026-07-02,4,15,Paid
SU01881,B05604,S0044,2025-08-29,1,0,Paid
SU01882,B05933,S0038,2026-01-22,1,5,Paid
SU01883,B07950,S0017,2026-08-16,2,5,Paid
SU01884,B01123,S0025,2025-03-21,8,0,Paid
SU01885,B01644,S0117,2025-10-14,5,0,Paid
SU01886,B07990,S0046,2025-09-28,2,10,Paid
SU01887,B00432,S0049,2026-08-06,1,0,Paid
SU01888,B05926,S0115,2025-11-25,3,10,Paid
SU01889,B00560,S0035,2024-05-05,1,5,Paid
SU01890,B00958,S0086,2026-06-23,1,0,Paid
SU01891,B03626,S0147,2024-10-04,2,0,Pending
SU01892,B03197,S0099,2026-06-15,1,0,Paid
SU01893,B02554,S0006,2026-02-20,5,10,Paid
SU01894,B04770,S0116,2026-03-17,1,0,Paid
SU01895,B04072,S0093,2026-03-17,8,5,Paid
SU01896,B09622,S0120,2025-04-08,2,10,Paid
SU01897,B08883,S0132,2026-02-01,1,10,Paid
SU01898,B00579,S0116,2024-09-18,1,20,Paid
SU01899,B05414,S0007,2024-06-10,2,25,Paid
SU01900,B07568,S0056,2024-10-08,4,10,Paid
SU01901,B01342,S0123,2025-01-12,4,0,Paid
SU01902,B09944,S0031,2026-03-09,1,10,Pending
SU01903,B03845,S0099,2024-09-16,1,10,Paid
SU01904,B03813,S0074,2026-04-26,1,0,Paid
SU01905,B08883,S0134,2026-02-01,5,15,Paid
SU01906,B00682,S0041,2025-09-21,2,25,Paid
SU01907,B09890,S0048,2026-06-11,2,25,Paid
SU01908,B02591,S0025,2026-05-25,3,0,Paid
SU01909,B08858,S0097,2024-03-20,4,5,Paid
SU01910,B04013,S0039,2024-03-20,2,0,Pending
SU01911,B05847,S0010,2026-01-24,5,5,Complimentary
SU01912,B04623,S0010,2026-07-15,5,10,Paid
SU01913,B02433,S0103,2025-11-03,4,5,Paid
SU01914,B03941,S0012,2026-07-18,2,0,Paid
SU01915,B00408,S0040,2025-02-01,4,0,Paid
SU01916,B00453,S0147,2026-04-10,3,5,Paid
SU01917,B05738,S0125,2025-05-02,6,0,Paid
SU01918,B09080,S0013,2026-04-21,4,5,Paid
SU01919,B09559,S0095,2026-02-14,8,15,Paid
SU01920,B07276,S0029,2025-05-15,3,15,Paid
SU01921,B06593,S0148,2026-07-22,1,0,Paid
SU01922,B07647,S0146,2024-01-19,3,5,Paid
SU01923,B01986,S0001,2025-04-03,2,10,Paid
SU01924,B03228,S0025,2026-04-05,2,10,Paid
SU01925,B06100,S0111,2025-12-09,1,5,Paid
SU01926,B09774,S0150,2024-11-03,1,0,Paid
SU01927,B08882,S0115,2025-06-20,4,5,Paid
SU01928,B03065,S0149,2025-07-13,1,10,Complimentary
SU01929,B08509,S0097,2026-06-09,2,15,Paid
SU01930,B04797,S0005,2026-07-31,2,15,Paid
SU01931,B00044,S0089,2025-01-22,1,5,Paid
SU01932,B06925,S0025,2026-03-02,8,15,Paid
SU01933,B01077,S0036,2024-12-11,2,20,Paid
SU01934,B07578,S0013,2024-10-27,5,5,Paid
SU01935,B09516,S0014,2026-05-25,1,5,Paid
SU01936,B08792,S0116,2025-07-28,2,15,Paid
SU01937,B02229,S0116,2024-11-12,1,5,Pending
SU01938,B00529,S0043,2024-10-17,3,10,Paid
SU01939,B06874,S0106,2024-03-27,4,5,Paid
SU01940,B05390,S0039,2024-05-02,2,0,Paid
SU01941,B06556,S0119,2024-11-24,3,0,Complimentary
SU01942,B06508,S0008,2026-01-09,1,15,Paid
SU01943,B07534,S0088,2026-01-28,3,0,Paid
SU01944,B03408,S0140,2025-06-04,1,10,Paid
SU01945,B02912,S0055,2026-04-16,1,15,Paid
SU01946,B08732,S0127,2025-08-12,2,0,Paid
SU01947,B09634,S0036,2025-10-09,2,20,Paid
SU01948,B07561,S0020,2026-02-15,2,0,Paid
SU01949,B06834,S0022,2026-03-09,3,5,Paid
SU01950,B01035,S0144,2025-07-31,1,10,Paid
SU01951,B08812,S0032,2026-02-09,3,10,Complimentary
SU01952,B01053,S0115,2026-08-12,5,0,Paid
SU01953,B08595,S0032,2024-12-07,2,5,Paid
SU01954,B09575,S0019,2025-08-30,4,5,Paid
SU01955,B07357,S0034,2024-11-15,2,5,Paid
SU01956,B08423,S0131,2026-02-14,1,0,Paid
SU01957,B01696,S0094,2024-03-07,1,10,Paid
SU01958,B04346,S0124,2025-02-11,2,5,Pending
SU01959,B06202,S0046,2024-12-15,3,0,Paid
SU01960,B05378,S0116,2024-07-24,1,5,Paid
SU01961,B09722,S0027,2025-11-18,1,15,Paid
SU01962,B09363,S0114,2024-12-24,1,0,Paid
SU01963,B01414,S0068,2024-02-18,4,5,Paid
SU01964,B07155,S0021,2026-06-14,1,0,Paid
SU01965,B08380,S0041,2024-01-07,2,15,Paid
SU01966,B01426,S0040,2024-12-06,5,0,Complimentary
SU01967,B02507,S0120,2024-03-15,2,10,Paid
SU01968,B00001,S0110,2024-04-11,2,5,Paid
SU01969,B00326,S0150,2025-12-18,1,0,Paid
SU01970,B08261,S0022,2026-05-17,3,0,Paid
SU01971,B01818,S0119,2024-07-23,4,15,Paid
SU01972,B04823,S0010,2025-01-14,2,0,Paid
SU01973,B03207,S0096,2024-08-01,3,0,Paid
SU01974,B07407,S0086,2025-12-20,2,15,Paid
SU01975,B01346,S0072,2026-02-07,3,0,Paid
SU01976,B02405,S0039,2025-04-23,3,0,Paid
SU01977,B09928,S0041,2026-01-02,4,5,Paid
SU01978,B08190,S0109,2024-04-16,3,0,Paid
SU01979,B00411,S0068,2026-07-20,2,0,Paid
SU01980,B03667,S0035,2024-03-15,2,5,Paid
SU01981,B09142,S0145,2026-07-15,4,15,Complimentary
SU01982,B04723,S0061,2025-01-26,2,5,Paid
SU01983,B04351,S0002,2025-01-06,5,15,Pending
SU01984,B04751,S0120,2026-02-16,2,5,Paid
SU01985,B04668,S0113,2024-05-20,3,10,Paid
SU01986,B07703,S0144,2026-08-28,1,10,Paid
SU01987,B06997,S0010,2026-04-15,3,10,Paid
SU01988,B00423,S0027,2026-07-20,2,10,Complimentary
SU01989,B05291,S0050,2025-12-31,4,5,Paid
SU01990,B08508,S0120,2026-04-08,3,5,Paid
SU01991,B08601,S0026,2026-08-21,4,10,Paid
SU01992,B07580,S0025,2024-12-04,3,0,Paid
SU01993,B08914,S0125,2026-05-13,4,0,Paid
SU01994,B07880,S0022,2024-07-19,2,5,Paid
SU01995,B04532,S0090,2024-03-26,3,5,Paid
SU01996,B02742,S0105,2026-08-21,2,25,Paid
SU01997,B02804,S0022,2026-04-09,2,15,Paid
SU01998,B06978,S0045,2024-06-27,2,5,Paid
SU01999,B01611,S0015,2026-06-24,2,0,Paid
SU02000,B05217,S0036,2026-07-07,2,25,Paid
SU02001,B01649,S0109,2025-06-20,3,5,Paid
SU02002,B03129,S0117,2024-03-15,1,0,Paid
SU02003,B01274,S0034,2025-12-22,1,0,Paid
SU02004,B09555,S0013,2025-06-16,1,10,Paid
SU02005,B05519,S0126,2026-01-05,2,15,Paid
SU02006,B05167,S0026,2025-06-01,5,0,Paid
SU02007,B07292,S0006,2026-03-02,5,15,Paid
SU02008,B06968,S0150,2026-05-14,2,0,Paid
SU02009,B08127,S0025,2026-06-12,6,5,Paid
SU02010,B04576,S0103,2025-11-27,2,10,Pending
SU02011,B07676,S0150,2024-12-04,1,10,Paid
SU02012,B00720,S0009,2026-02-18,2,5,Paid
SU02013,B08201,S0017,2025-12-05,1,10,Paid
SU02014,B00557,S0141,2026-07-08,2,5,Paid
SU02015,B07385,S0038,2026-06-11,3,0,Paid
SU02016,B01268,S0011,2024-03-28,2,0,Paid
SU02017,B02631,S0112,2025-08-05,2,5,Paid
SU02018,B02849,S0025,2026-02-18,6,0,Paid
SU02019,B04840,S0140,2025-09-29,1,0,Paid
SU02020,B01296,S0048,2025-12-16,5,5,Paid
SU02021,B05800,S0010,2026-05-25,5,0,Paid
SU02022,B00862,S0114,2025-06-25,1,20,Paid
SU02023,B00367,S0003,2026-01-01,1,0,Paid
SU02024,B02963,S0056,2026-08-14,4,5,Paid
SU02025,B03884,S0070,2024-08-21,4,25,Paid
SU02026,B06531,S0042,2024-12-06,3,10,Paid
SU02027,B02053,S0030,2024-03-11,1,20,Paid
SU02028,B00036,S0092,2026-08-30,3,0,Paid
SU02029,B02560,S0090,2026-06-05,5,0,Paid
SU02030,B00324,S0025,2025-05-15,5,0,Paid
SU02031,B07943,S0013,2025-04-03,5,10,Paid
SU02032,B08351,S0040,2026-04-15,4,0,Paid
SU02033,B00716,S0118,2025-04-29,8,25,Complimentary
SU02034,B02991,S0112,2026-05-22,2,15,Paid
SU02035,B03956,S0073,2024-11-23,3,0,Paid
SU02036,B09829,S0151,2026-08-02,2,0,Paid
SU02037,B07477,S0013,2024-06-03,2,0,Paid
SU02038,B09847,S0036,2026-06-04,1,15,Paid
SU02039,B01568,S0148,2025-08-23,4,10,Paid
SU02040,B06778,S0008,2026-06-13,1,25,Paid
SU02041,B01150,S0135,2026-08-12,1,0,Paid
SU02042,B01335,S0022,2024-05-10,2,0,Paid
SU02043,B08683,S0041,2025-11-14,1,5,Paid
SU02044,B08488,S0030,2026-02-18,1,20,Paid
SU02045,B07588,S0094,2024-02-02,1,5,Paid
SU02046,B06219,S0127,2025-12-22,5,0,Paid
SU02047,B09498,S0022,2025-12-29,1,0,Paid
SU02048,B08188,S0063,2026-01-24,1,15,Paid
SU02049,B05249,S0089,2026-06-16,1,0,Paid
SU02050,B03441,S0110,2026-08-17,8,15,Paid
SU02051,B00474,S0074,2025-06-22,2,0,Paid
SU02052,B02789,S0027,2024-02-27,3,0,Paid
SU02053,B02378,S0059,2024-01-08,4,25,Paid
SU02054,B02664,S0110,2026-08-01,1,0,Paid
SU02055,B04509,S0108,2026-02-12,3,15,Paid
SU02056,B07597,S0021,2025-12-24,1,0,Paid
SU02057,B08444,S0034,2025-11-02,3,5,Paid
SU02058,B02501,S0007,2024-11-27,1,0,Paid
SU02059,B00287,S0037,2024-11-13,2,5,Paid
SU02060,B07070,S0034,2026-05-24,1,0,Paid
SU02061,B06127,S0059,2026-02-24,4,0,Paid
SU02062,B09238,S0043,2026-04-22,5,15,Paid
SU02063,B01574,S0041,2026-08-12,1,5,Pending
SU02064,B01257,S0146,2026-03-10,3,0,Paid
SU02065,B09533,S0005,2024-07-30,2,5,Paid
SU02066,B00640,S0022,2024-02-23,1,0,Paid
SU02067,B06772,S0064,2024-06-24,4,0,Paid
SU02068,B05843,S0143,2026-02-02,2,10,Paid
SU02069,B09404,S0040,2026-05-24,3,10,Paid
SU02070,B06849,S0096,2026-01-27,5,0,Paid
SU02071,B05973,S0039,2024-03-09,2,10,Paid
SU02072,B04621,S0114,2026-02-10,2,5,Paid
SU02073,B08676,S0039,2025-06-15,10,15,Paid
SU02074,B06400,S0107,2026-04-06,1,10,Paid
SU02075,B00529,S0051,2024-10-17,2,10,Paid
SU02076,B05250,S0094,2025-11-28,1,10,Paid
SU02077,B06526,S0026,2025-11-28,8,0,Paid
SU02078,B07180,S0136,2025-10-18,4,0,Paid
SU02079,B04072,S0098,2026-03-17,2,5,Paid
SU02080,B05812,S0091,2025-08-21,4,0,Pending
SU02081,B07142,S0049,2026-02-22,1,0,Paid
SU02082,B02066,S0120,2026-07-17,2,10,Paid
SU02083,B09539,S0116,2026-08-29,1,0,Paid
SU02084,B08221,S0150,2026-04-07,1,5,Paid
SU02085,B00249,S0009,2025-10-09,1,5,Paid
SU02086,B09053,S0004,2025-06-07,3,0,Paid
SU02087,B00729,S0025,2026-08-28,3,10,Pending
SU02088,B06156,S0120,2024-08-04,1,5,Paid
SU02089,B02805,S0118,2025-06-06,4,10,Paid
SU02090,B08321,S0103,2025-10-06,3,5,Paid
SU02091,B03139,S0024,2024-11-01,3,0,Paid
SU02092,B09739,S0014,2024-11-16,4,10,Paid
SU02093,B05548,S0030,2025-12-29,1,25,Paid
SU02094,B01695,S0098,2026-08-14,2,0,Paid
SU02095,B04181,S0010,2026-01-17,5,5,Paid
SU02096,B06487,S0039,2024-09-07,1,10,Paid
SU02097,B09466,S0015,2024-04-20,2,20,Paid
SU02098,B06938,S0056,2025-03-14,3,15,Paid
SU02099,B00222,S0130,2026-06-28,4,0,Pending
SU02100,B03833,S0052,2026-04-23,2,20,Paid
SU02101,B07036,S0141,2025-11-06,2,10,Paid
SU02102,B03332,S0020,2026-04-09,2,0,Paid
SU02103,B00492,S0089,2026-02-26,2,10,Paid
SU02104,B04665,S0040,2025-02-04,1,10,Paid
SU02105,B07729,S0043,2025-10-12,4,0,Paid
SU02106,B02755,S0086,2024-07-24,3,10,Paid
SU02107,B08566,S0042,2025-10-28,2,5,Paid
SU02108,B04780,S0047,2026-06-17,2,0,Paid
SU02109,B05335,S0042,2026-02-10,3,20,Paid
SU02110,B09151,S0059,2026-07-24,2,0,Paid
SU02111,B00581,S0053,2025-11-06,1,0,Paid
SU02112,B07615,S0098,2025-08-18,1,0,Paid
SU02113,B09925,S0109,2026-01-15,4,0,Paid
SU02114,B05407,S0111,2025-09-28,1,0,Paid
SU02115,B06624,S0110,2026-04-07,1,20,Paid
SU02116,B02049,S0006,2025-10-17,4,0,Complimentary
SU02117,B09451,S0060,2025-10-28,3,10,Pending
SU02118,B08127,S0029,2026-06-15,2,10,Paid
SU02119,B00987,S0131,2025-04-06,3,0,Paid
SU02120,B01847,S0024,2025-06-18,6,0,Paid
SU02121,B08860,S0121,2026-08-07,1,5,Paid
SU02122,B02032,S0026,2026-02-02,4,10,Paid
SU02123,B09843,S0042,2024-03-13,1,10,Paid
SU02124,B04300,S0011,2024-08-25,3,10,Paid
SU02125,B07225,S0016,2025-03-03,1,15,Pending
SU02126,B08747,S0116,2026-03-31,1,0,Paid
SU02127,B09108,S0035,2026-07-17,4,0,Paid
SU02128,B00623,S0109,2025-10-28,5,0,Paid
SU02129,B03946,S0127,2026-08-26,3,10,Paid
SU02130,B05987,S0095,2026-03-28,1,5,Paid
SU02131,B07407,S0087,2025-12-20,3,5,Paid
SU02132,B04114,S0024,2024-02-27,2,25,Paid
SU02133,B04180,S0086,2026-05-08,4,0,Paid
SU02134,B05536,S0052,2026-06-29,2,20,Paid
SU02135,B02419,S0051,2024-04-21,4,5,Paid
SU02136,B00263,S0068,2025-10-15,2,10,Paid
SU02137,B01601,S0042,2025-02-10,4,5,Paid
SU02138,B01232,S0088,2025-04-28,5,0,Paid
SU02139,B08206,S0093,2025-01-29,4,10,Paid
SU02140,B02566,S0114,2026-08-25,1,10,Paid
SU02141,B09349,S0020,2026-03-30,2,10,Paid
SU02142,B07176,S0089,2026-08-13,1,10,Paid
SU02143,B02890,S0029,2026-07-22,3,0,Paid
SU02144,B02532,S0096,2026-08-28,2,0,Paid
SU02145,B00811,S0127,2024-06-18,1,0,Paid
SU02146,B08908,S0003,2026-05-10,10,10,Paid
SU02147,B05077,S0024,2025-12-25,2,0,Paid
SU02148,B05655,S0090,2026-08-21,5,0,Paid
SU02149,B00996,S0112,2024-01-22,3,10,Paid
SU02150,B03068,S0116,2025-05-04,2,15,Paid
SU02151,B00059,S0132,2026-08-28,3,10,Paid
SU02152,B03397,S0118,2025-10-27,3,20,Paid
SU02153,B01494,S0088,2026-08-05,1,5,Paid
SU02154,B02596,S0028,2024-02-16,3,5,Pending
SU02155,B05326,S0105,2026-05-07,2,5,Paid
SU02156,B04930,S0121,2026-07-30,1,0,Paid
SU02157,B02079,S0140,2026-04-06,3,0,Paid
SU02158,B02912,S0056,2026-04-20,3,10,Paid
SU02159,B06048,S0047,2026-01-15,3,0,Paid
SU02160,B04969,S0121,2025-09-01,2,15,Paid
SU02161,B05106,S0111,2025-09-25,1,0,Paid
SU02162,B00886,S0048,2026-06-02,2,0,Paid
SU02163,B05191,S0023,2025-12-13,1,15,Paid
SU02164,B05430,S0049,2024-12-20,1,10,Paid
SU02165,B07357,S0035,2024-11-12,4,15,Paid
SU02166,B08221,S0148,2026-04-05,1,10,Paid
SU02167,B05640,S0114,2024-09-19,3,0,Paid
SU02168,B02510,S0115,2026-07-20,3,0,Paid
SU02169,B07957,S0063,2026-01-02,1,5,Paid
SU02170,B02636,S0074,2025-12-31,1,10,Paid
SU02171,B03812,S0003,2025-02-18,5,5,Paid
SU02172,B08913,S0053,2025-04-19,2,5,Paid
SU02173,B08782,S0028,2025-02-03,1,0,Paid
SU02174,B03191,S0073,2025-09-08,1,5,Paid
SU02175,B08188,S0061,2026-01-25,2,15,Paid
SU02176,B01044,S0025,2026-08-22,10,0,Paid
SU02177,B05955,S0091,2025-05-04,2,10,Paid
SU02178,B03554,S0023,2025-12-04,1,0,Paid
SU02179,B06377,S0005,2026-08-21,1,5,Paid
SU02180,B09474,S0051,2025-10-14,2,10,Paid
SU02181,B01319,S0031,2024-12-21,3,0,Paid
SU02182,B04390,S0064,2024-02-08,3,20,Paid
SU02183,B08690,S0088,2024-04-07,2,5,Paid
SU02184,B04775,S0035,2025-01-14,5,0,Paid
SU02185,B03685,S0010,2025-09-25,4,0,Paid
SU02186,B02437,S0014,2024-03-25,2,15,Paid
SU02187,B06736,S0114,2025-10-18,8,10,Pending
SU02188,B07566,S0020,2026-04-04,1,0,Paid
SU02189,B07646,S0046,2026-01-24,2,0,Paid
SU02190,B00266,S0010,2025-01-25,5,10,Paid
SU02191,B09097,S0051,2025-10-25,4,10,Paid
SU02192,B08764,S0130,2026-07-18,3,5,Paid
SU02193,B01140,S0116,2026-08-07,3,5,Paid
SU02194,B06631,S0117,2024-11-18,3,10,Pending
SU02195,B09213,S0044,2026-04-29,1,15,Paid
SU02196,B09923,S0008,2026-05-27,2,0,Paid
SU02197,B05720,S0029,2026-02-02,2,0,Paid
SU02198,B04314,S0026,2025-10-30,1,10,Paid
SU02199,B06377,S0007,2026-08-20,2,0,Paid
SU02200,B01331,S0023,2025-01-06,2,15,Complimentary
SU02201,B00844,S0142,2025-12-04,1,10,Paid
SU02202,B09154,S0067,2024-12-13,2,0,Paid
SU02203,B02827,S0108,2026-08-01,5,15,Pending
SU02204,B05510,S0116,2025-10-24,1,5,Paid
SU02205,B04874,S0003,2026-05-15,1,5,Pending
SU02206,B00932,S0035,2026-01-21,10,0,Paid
SU02207,B09881,S0098,2026-03-13,2,10,Paid
SU02208,B06816,S0127,2025-08-02,5,5,Pending
SU02209,B07012,S0015,2025-01-15,2,10,Paid
SU02210,B05731,S0148,2025-12-23,2,15,Paid
SU02211,B04269,S0091,2025-09-28,1,5,Pending
SU02212,B02789,S0030,2024-02-28,1,5,Paid
SU02213,B05406,S0018,2025-08-14,1,10,Paid
SU02214,B01781,S0133,2024-06-09,1,5,Paid
SU02215,B00155,S0100,2025-05-21,2,0,Paid
SU02216,B08461,S0031,2026-03-29,2,0,Paid
SU02217,B07150,S0069,2025-10-29,2,0,Pending
SU02218,B01003,S0011,2024-08-19,4,0,Paid
SU02219,B07353,S0096,2024-10-30,6,10,Paid
SU02220,B09197,S0134,2026-02-22,5,5,Paid
SU02221,B07695,S0026,2026-02-22,6,5,Paid
SU02222,B03832,S0149,2026-03-25,3,5,Pending
SU02223,B09862,S0147,2026-04-17,4,10,Paid
SU02224,B05519,S0125,2026-01-06,2,5,Pending
SU02225,B02103,S0096,2026-01-23,6,10,Paid
SU02226,B03398,S0114,2025-10-21,2,15,Paid
SU02227,B02313,S0027,2025-04-24,2,10,Paid
SU02228,B02445,S0009,2026-05-29,3,10,Paid
SU02229,B02670,S0059,2025-04-02,3,5,Paid
SU02230,B02543,S0049,2024-01-22,1,10,Paid
SU02231,B06927,S0151,2026-08-05,3,5,Pending
SU02232,B09962,S0007,2026-07-29,1,5,Pending
SU02233,B06835,S0040,2026-03-01,2,20,Paid
SU02234,B09960,S0044,2025-10-26,1,5,Paid
SU02235,B04058,S0116,2026-06-22,1,0,Paid
SU02236,B09542,S0014,2026-05-05,6,5,Paid
SU02237,B01377,S0116,2026-01-06,1,0,Paid
SU02238,B06920,S0030,2026-01-31,1,15,Paid
SU02239,B06070,S0017,2025-08-05,4,25,Paid
SU02240,B07890,S0032,2024-10-29,2,15,Paid
SU02241,B02656,S0010,2025-12-07,5,5,Paid
SU02242,B03922,S0028,2024-07-08,2,0,Paid
SU02243,B00263,S0067,2025-10-15,1,25,Paid
SU02244,B01070,S0051,2024-08-10,2,0,Paid
SU02245,B06839,S0068,2025-10-17,1,0,Paid
SU02246,B06154,S0104,2025-05-04,3,5,Paid
SU02247,B00848,S0115,2025-08-11,1,0,Paid
SU02248,B02353,S0094,2026-04-15,2,10,Paid
SU02249,B08908,S0003,2026-05-10,1,5,Paid
SU02250,B07345,S0008,2026-01-10,1,15,Paid
SU02251,B03751,S0142,2026-01-02,4,0,Paid
SU02252,B04454,S0069,2024-02-11,1,5,Pending
SU02253,B03328,S0048,2026-02-05,4,10,Paid
SU02254,B09243,S0051,2026-07-07,3,0,Paid
SU02255,B02382,S0091,2026-02-01,2,20,Paid
SU02256,B03464,S0147,2026-07-04,6,0,Paid
SU02257,B07053,S0046,2026-04-27,1,0,Paid
SU02258,B02121,S0044,2026-08-18,1,15,Pending
SU02259,B02706,S0132,2026-07-24,2,15,Paid
SU02260,B07530,S0110,2026-07-19,2,0,Paid
SU02261,B04355,S0001,2025-04-01,5,10,Paid
SU02262,B08848,S0115,2025-11-19,6,5,Paid
SU02263,B09513,S0037,2026-04-11,2,0,Paid
SU02264,B03364,S0007,2025-04-16,3,10,Pending
SU02265,B01873,S0121,2025-01-09,3,5,Paid
SU02266,B02127,S0042,2025-11-25,10,0,Pending
SU02267,B05101,S0062,2026-02-27,1,10,Paid
SU02268,B04367,S0004,2025-02-03,2,15,Paid
SU02269,B04430,S0109,2025-12-24,1,5,Paid
SU02270,B03735,S0035,2026-08-20,3,5,Paid
SU02271,B02478,S0119,2024-04-13,4,5,Paid
SU02272,B07651,S0094,2025-08-30,2,5,Pending
SU02273,B00172,S0147,2024-03-19,10,5,Paid
SU02274,B00426,S0058,2024-03-28,2,0,Paid
SU02275,B06820,S0151,2026-03-16,1,5,Paid
SU02276,B00373,S0041,2025-11-13,4,5,Paid
SU02277,B02792,S0112,2026-06-17,4,0,Paid
SU02278,B06721,S0008,2026-04-06,2,5,Paid
SU02279,B06416,S0026,2025-12-27,3,15,Paid
SU02280,B03298,S0099,2025-11-19,1,15,Pending
SU02281,B02214,S0025,2025-11-05,2,10,Paid
SU02282,B08280,S0074,2024-10-11,2,0,Paid
SU02283,B00386,S0030,2025-01-22,1,20,Paid
SU02284,B08646,S0116,2024-06-06,1,10,Paid
SU02285,B05033,S0098,2024-12-09,1,5,Paid
SU02286,B05579,S0016,2025-02-16,2,0,Paid
SU02287,B01082,S0070,2024-01-26,4,10,Paid
SU02288,B05491,S0089,2025-04-08,1,15,Paid
SU02289,B03951,S0039,2026-07-28,1,20,Pending
SU02290,B01155,S0118,2024-03-29,1,0,Paid
SU02291,B07326,S0067,2025-10-06,2,5,Paid
SU02292,B02378,S0057,2024-01-08,5,10,Paid
SU02293,B00187,S0047,2025-01-30,1,0,Paid
SU02294,B03276,S0124,2025-05-14,1,0,Paid
SU02295,B02858,S0029,2024-03-04,2,0,Paid
SU02296,B01440,S0144,2026-03-01,2,10,Paid
SU02297,B09181,S0125,2025-04-29,4,15,Paid
SU02298,B06798,S0090,2026-02-11,8,5,Paid
SU02299,B03307,S0127,2026-04-18,5,10,Paid
SU02300,B00262,S0036,2025-05-27,1,0,Paid
SU02301,B09998,S0053,2026-03-04,2,0,Paid
SU02302,B04363,S0007,2024-11-25,2,0,Paid
SU02303,B09942,S0059,2024-09-03,2,0,Paid
SU02304,B08879,S0023,2026-08-24,1,20,Paid
SU02305,B02371,S0001,2025-07-05,2,15,Paid
SU02306,B00105,S0094,2024-12-05,1,15,Paid
SU02307,B08711,S0149,2024-02-09,2,0,Paid
SU02308,B06134,S0027,2026-08-21,2,10,Paid
SU02309,B06752,S0115,2024-11-02,4,0,Paid
SU02310,B09144,S0032,2024-10-11,4,15,Pending
SU02311,B05817,S0085,2026-02-19,1,0,Paid
SU02312,B01909,S0037,2026-08-30,1,10,Paid
SU02313,B07953,S0075,2026-03-31,1,0,Paid
SU02314,B04826,S0111,2025-05-09,2,10,Paid
SU02315,B04090,S0025,2026-07-03,4,15,Paid
SU02316,B07388,S0009,2026-02-02,1,0,Paid
SU02317,B00029,S0067,2026-07-06,3,0,Paid
SU02318,B00152,S0096,2025-02-26,4,5,Paid
SU02319,B09899,S0035,2026-05-13,6,0,Paid
SU02320,B02371,S0006,2025-07-07,3,15,Paid
SU02321,B00572,S0022,2025-03-12,2,0,Paid
SU02322,B03280,S0026,2025-11-08,2,5,Paid
SU02323,B03984,S0012,2025-06-16,2,5,Paid
SU02324,B00057,S0115,2025-10-26,1,0,Pending
SU02325,B07143,S0092,2024-06-26,1,0,Paid
SU02326,B05748,S0061,2025-11-07,1,5,Paid
SU02327,B01312,S0050,2026-07-24,2,0,Paid
SU02328,B01891,S0046,2025-08-30,1,5,Paid
SU02329,B06379,S0053,2025-07-17,1,15,Paid
SU02330,B00686,S0022,2026-04-04,2,15,Paid
SU02331,B03065,S0150,2025-07-14,3,5,Pending
SU02332,B02057,S0135,2025-09-28,6,0,Paid
SU02333,B07600,S0061,2025-12-19,1,5,Paid
SU02334,B03445,S0118,2026-05-03,6,0,Paid
SU02335,B02204,S0098,2024-08-27,1,5,Paid
SU02336,B08081,S0038,2025-07-09,1,10,Paid
SU02337,B08598,S0036,2026-08-29,2,0,Paid
SU02338,B08620,S0090,2026-08-03,8,5,Paid
SU02339,B00594,S0120,2025-12-30,3,20,Paid
SU02340,B05473,S0044,2026-05-25,2,0,Paid
SU02341,B01192,S0108,2025-10-13,3,10,Paid
SU02342,B01858,S0023,2025-04-25,2,0,Complimentary
SU02343,B07629,S0118,2026-08-17,4,0,Paid
SU02344,B05227,S0100,2026-01-21,1,5,Paid
SU02345,B06877,S0031,2025-05-24,3,5,Complimentary
SU02346,B05180,S0122,2025-09-26,1,5,Paid
SU02347,B08626,S0094,2024-02-08,1,0,Paid
SU02348,B06845,S0028,2025-05-07,4,0,Paid
SU02349,B02480,S0005,2026-03-13,1,10,Paid
SU02350,B07795,S0005,2026-02-14,3,15,Paid
SU02351,B02700,S0138,2024-01-29,2,15,Paid
SU02352,B04190,S0001,2025-03-14,2,5,Paid
SU02353,B02220,S0021,2026-07-14,1,10,Paid
SU02354,B06269,S0006,2026-08-02,2,10,Paid
SU02355,B03183,S0150,2024-11-22,3,10,Paid
SU02356,B09036,S0126,2025-10-23,1,10,Pending
SU02357,B02270,S0015,2026-06-29,3,0,Paid
SU02358,B04180,S0087,2026-05-08,1,10,Paid
SU02359,B03398,S0114,2025-10-21,3,0,Paid
SU02360,B06123,S0114,2025-10-23,4,0,Paid
SU02361,B05995,S0108,2024-04-29,5,10,Paid
SU02362,B06195,S0068,2024-11-19,3,0,Paid
SU02363,B04448,S0020,2025-03-18,1,0,Paid
SU02364,B08375,S0044,2026-04-10,3,5,Paid
SU02365,B01774,S0089,2025-04-07,1,5,Paid
SU02366,B08184,S0091,2025-04-18,5,15,Paid
SU02367,B07955,S0092,2025-12-29,3,15,Paid
SU02368,B04573,S0006,2025-07-13,3,15,Paid
SU02369,B05565,S0129,2024-07-29,2,10,Paid
SU02370,B09960,S0045,2025-10-26,2,0,Paid
SU02371,B05578,S0017,2024-12-02,3,0,Paid
SU02372,B09568,S0127,2025-07-28,4,15,Paid
SU02373,B01042,S0042,2026-04-10,1,5,Paid
SU02374,B07796,S0112,2024-05-28,3,0,Paid
SU02375,B02486,S0019,2025-09-24,3,5,Paid
SU02376,B02382,S0086,2026-02-01,2,5,Paid
SU02377,B03181,S0103,2026-07-05,3,0,Paid
SU02378,B04923,S0150,2026-06-30,1,0,Paid
SU02379,B00029,S0069,2026-07-05,2,0,Paid
SU02380,B08668,S0036,2026-08-21,1,15,Paid
SU02381,B04401,S0033,2025-11-26,2,5,Paid
SU02382,B04709,S0092,2025-01-13,1,10,Paid
SU02383,B03527,S0143,2026-08-28,5,10,Paid
SU02384,B08328,S0006,2024-03-04,1,20,Paid
SU02385,B07821,S0123,2026-01-07,2,0,Paid
SU02386,B07351,S0089,2025-11-04,1,0,Paid
SU02387,B03304,S0023,2025-01-19,2,15,Paid
SU02388,B02582,S0043,2025-03-23,2,0,Paid
SU02389,B09032,S0090,2024-12-08,1,5,Paid
SU02390,B08028,S0035,2024-02-20,1,5,Paid
SU02391,B09534,S0140,2025-07-03,2,5,Paid
SU02392,B06868,S0057,2026-01-21,3,15,Paid
SU02393,B01352,S0052,2025-10-23,1,10,Paid
SU02394,B07178,S0019,2026-08-02,5,5,Paid
SU02395,B09679,S0026,2026-03-16,3,20,Paid
SU02396,B01833,S0096,2025-09-27,2,0,Paid
SU02397,B00781,S0034,2024-04-19,5,0,Paid
SU02398,B07251,S0006,2026-02-19,4,5,Paid
SU02399,B03632,S0026,2025-12-11,4,10,Paid
SU02400,B07560,S0038,2026-07-03,2,15,Paid
SU02401,B05746,S0044,2024-01-08,1,20,Paid
SU02402,B01751,S0013,2024-09-11,2,15,Complimentary
SU02403,B01040,S0064,2025-09-15,1,0,Paid
SU02404,B00701,S0008,2026-01-04,2,0,Paid
SU02405,B01232,S0089,2025-04-28,1,0,Paid
SU02406,B07465,S0022,2025-11-06,1,15,Paid
SU02407,B01723,S0039,2026-06-12,8,0,Paid
SU02408,B09292,S0141,2025-05-11,2,10,Paid
SU02409,B02095,S0040,2026-08-01,3,0,Paid
SU02410,B05077,S0028,2025-12-24,5,10,Paid
SU02411,B02235,S0030,2026-06-24,1,0,Paid
SU02412,B01341,S0039,2026-07-03,6,5,Paid
SU02413,B04241,S0023,2026-07-17,1,0,Paid
SU02414,B07638,S0143,2025-12-24,3,15,Paid
SU02415,B09837,S0042,2024-08-07,1,0,Paid
SU02416,B02183,S0051,2025-11-14,4,0,Paid
SU02417,B01089,S0003,2026-08-02,6,0,Paid
SU02418,B03557,S0131,2026-01-29,4,5,Paid
SU02419,B06605,S0019,2026-05-29,1,0,Paid
SU02420,B00468,S0036,2026-08-08,1,0,Paid
SU02421,B01984,S0012,2026-05-15,2,5,Pending
SU02422,B00265,S0024,2025-03-31,4,5,Paid
SU02423,B04317,S0101,2025-10-21,1,0,Paid
SU02424,B01925,S0151,2026-08-06,1,0,Paid
SU02425,B00617,S0049,2024-02-12,3,15,Paid
SU02426,B04001,S0127,2026-06-01,2,5,Paid
SU02427,B09935,S0045,2026-08-28,3,10,Paid
SU02428,B04564,S0147,2024-07-13,8,0,Paid
SU02429,B08180,S0115,2026-03-20,2,0,Paid
SU02430,B05305,S0096,2026-07-29,4,15,Paid
SU02431,B09346,S0124,2024-07-07,2,0,Paid
SU02432,B04123,S0127,2024-10-02,3,5,Paid
SU02433,B07556,S0052,2025-03-31,1,15,Paid
SU02434,B00404,S0137,2025-06-29,1,0,Paid
SU02435,B02345,S0038,2026-04-11,1,5,Paid
SU02436,B04475,S0036,2026-02-16,1,0,Paid
SU02437,B05526,S0056,2025-12-20,2,0,Paid
SU02438,B00718,S0097,2025-01-27,1,15,Paid
SU02439,B02759,S0109,2024-11-27,4,0,Paid
SU02440,B00176,S0019,2024-11-06,1,0,Pending
SU02441,B07859,S0103,2026-01-21,4,10,Paid
SU02442,B03691,S0061,2024-12-26,3,5,Paid
SU02443,B07160,S0105,2025-10-28,3,15,Paid
SU02444,B06886,S0023,2025-05-26,1,5,Paid
SU02445,B00773,S0094,2024-10-01,1,10,Complimentary
SU02446,B03739,S0025,2026-08-26,4,0,Paid
SU02447,B03884,S0070,2024-08-21,2,0,Pending
SU02448,B05695,S0023,2026-06-17,1,10,Paid
SU02449,B06178,S0086,2026-07-13,3,5,Paid
SU02450,B01997,S0008,2025-09-07,1,10,Paid
SU02451,B07794,S0039,2024-03-14,1,15,Paid
SU02452,B09250,S0086,2026-08-29,2,10,Paid
SU02453,B07673,S0024,2025-01-18,4,0,Paid
SU02454,B03147,S0038,2024-12-12,1,0,Pending
SU02455,B07523,S0095,2025-12-06,3,5,Paid
SU02456,B05338,S0148,2024-02-06,5,20,Paid
SU02457,B00951,S0026,2026-07-07,8,5,Paid
SU02458,B06291,S0127,2026-01-12,8,0,Paid
SU02459,B06912,S0002,2025-03-30,6,5,Paid
SU02460,B08796,S0040,2025-10-29,3,0,Paid
SU02461,B06200,S0049,2024-06-28,2,0,Paid
SU02462,B00037,S0146,2025-01-02,1,0,Paid
SU02463,B08384,S0006,2026-08-29,2,0,Paid
SU02464,B09634,S0037,2025-10-05,4,0,Paid
SU02465,B08176,S0107,2026-01-16,5,10,Paid
SU02466,B00384,S0019,2025-11-10,2,10,Pending
SU02467,B02394,S0022,2024-04-25,1,0,Paid
SU02468,B05908,S0108,2024-10-10,1,0,Paid
SU02469,B03252,S0125,2026-08-14,5,0,Paid
SU02470,B09005,S0050,2026-05-30,6,20,Paid
SU02471,B02871,S0032,2024-12-26,4,0,Paid
SU02472,B06898,S0052,2026-03-22,1,5,Paid
SU02473,B03089,S0073,2024-10-02,1,10,Paid
SU02474,B05311,S0006,2024-05-30,1,0,Complimentary
SU02475,B09946,S0107,2026-04-04,4,5,Paid
SU02476,B02510,S0118,2026-07-21,6,10,Paid
SU02477,B09803,S0072,2025-11-18,3,5,Paid
SU02478,B05563,S0144,2025-11-05,1,0,Paid
SU02479,B07857,S0092,2025-06-19,1,0,Paid
SU02480,B03812,S0005,2025-02-20,1,0,Paid
SU02481,B01729,S0034,2026-05-30,1,0,Paid
SU02482,B07574,S0015,2025-01-08,2,15,Pending
SU02483,B06041,S0058,2025-09-10,3,0,Paid
SU02484,B03435,S0026,2025-01-29,3,0,Paid
SU02485,B06336,S0057,2026-06-14,3,15,Paid
SU02486,B09495,S0004,2024-08-31,2,0,Paid
SU02487,B00418,S0049,2024-06-13,1,20,Paid
SU02488,B07986,S0107,2025-07-08,4,10,Paid
SU02489,B05694,S0086,2026-05-18,2,10,Paid
SU02490,B01345,S0088,2025-08-15,4,0,Paid
SU02491,B01006,S0089,2026-02-17,2,20,Paid
SU02492,B07914,S0127,2025-06-03,4,25,Paid
SU02493,B04909,S0067,2026-07-21,3,10,Paid
SU02494,B01736,S0031,2026-08-24,1,0,Paid
SU02495,B02727,S0105,2025-11-16,8,0,Paid
SU02496,B04936,S0058,2026-03-29,3,10,Paid
SU02497,B04967,S0064,2025-05-27,2,0,Paid
SU02498,B04544,S0098,2025-03-29,1,20,Paid
SU02499,B06946,S0028,2026-05-11,3,0,Paid
SU02500,B01352,S0042,2025-10-24,3,10,Paid
SU02501,B02266,S0089,2026-04-22,1,0,Paid
SU02502,B00717,S0131,2025-09-05,5,0,Paid
SU02503,B06283,S0028,2026-07-15,3,0,Paid
SU02504,B04395,S0021,2026-01-08,1,5,Paid
SU02505,B06019,S0041,2025-11-05,1,5,Paid
SU02506,B06642,S0120,2025-11-17,2,5,Paid
SU02507,B06100,S0110,2025-12-10,1,5,Paid
SU02508,B08714,S0025,2025-11-06,3,5,Paid
SU02509,B05722,S0014,2026-01-14,8,5,Paid
SU02510,B06227,S0087,2026-07-11,4,0,Paid
SU02511,B01722,S0096,2026-04-16,5,5,Paid
SU02512,B08825,S0092,2026-05-28,1,5,Complimentary
SU02513,B06682,S0028,2024-02-09,2,0,Paid
SU02514,B07270,S0023,2026-04-21,2,15,Paid
SU02515,B00181,S0118,2024-10-24,4,20,Paid
SU02516,B01178,S0053,2025-09-13,1,20,Paid
SU02517,B05387,S0083,2026-06-13,5,20,Paid
SU02518,B02294,S0053,2026-03-07,1,20,Paid
SU02519,B03032,S0091,2024-08-19,2,10,Pending
SU02520,B04744,S0111,2026-02-01,1,10,Paid
SU02521,B05343,S0141,2026-01-01,2,15,Paid
SU02522,B08498,S0007,2026-02-24,1,0,Paid
SU02523,B06370,S0110,2026-01-29,2,10,Paid
SU02524,B00171,S0077,2026-03-07,4,10,Paid
SU02525,B00906,S0003,2026-08-23,5,0,Paid
SU02526,B00361,S0138,2025-06-01,1,0,Paid
SU02527,B02142,S0093,2026-06-11,4,10,Paid
SU02528,B07426,S0054,2026-06-08,4,0,Paid
SU02529,B05204,S0097,2026-02-13,4,10,Paid
SU02530,B05563,S0145,2025-11-07,1,10,Paid
SU02531,B03754,S0115,2026-08-10,4,0,Paid
SU02532,B06764,S0015,2026-04-19,1,5,Paid
SU02533,B00434,S0072,2026-03-07,1,5,Paid
SU02534,B00495,S0008,2026-02-21,1,0,Paid
SU02535,B05960,S0036,2026-02-21,1,10,Complimentary
SU02536,B09772,S0097,2026-01-15,2,0,Pending
SU02537,B02826,S0061,2026-06-26,4,10,Paid
SU02538,B09254,S0040,2024-10-02,5,0,Paid
SU02539,B08586,S0003,2025-02-13,3,0,Paid
SU02540,B05424,S0064,2025-03-15,3,10,Paid
SU02541,B08488,S0022,2026-02-16,3,25,Pending
SU02542,B04695,S0071,2026-07-03,1,15,Paid
SU02543,B05953,S0026,2025-12-01,5,15,Paid
SU02544,B06077,S0007,2025-11-18,1,0,Pending
SU02545,B01689,S0072,2025-07-15,1,5,Paid
SU02546,B00818,S0117,2026-04-24,3,5,Paid
SU02547,B00441,S0093,2026-03-19,1,10,Paid
SU02548,B07197,S0021,2025-07-15,1,20,Paid
SU02549,B07322,S0025,2025-08-09,4,10,Paid
SU02550,B05837,S0001,2025-10-07,6,5,Paid
SU02551,B09314,S0051,2024-01-10,2,0,Paid
SU02552,B00104,S0147,2026-02-25,5,15,Paid
SU02553,B06380,S0023,2025-10-31,1,0,Paid
SU02554,B05584,S0001,2025-10-27,3,10,Paid
SU02555,B08318,S0150,2024-09-13,2,0,Paid
SU02556,B03298,S0099,2025-11-19,2,0,Paid
SU02557,B06835,S0039,2026-02-28,4,0,Paid
SU02558,B03769,S0149,2025-06-11,2,5,Paid
SU02559,B05103,S0140,2026-08-05,2,0,Paid
SU02560,B06971,S0042,2024-09-07,1,5,Paid
SU02561,B04257,S0003,2024-12-03,4,15,Paid
SU02562,B04392,S0058,2026-06-29,1,10,Paid
SU02563,B05546,S0001,2025-01-04,3,5,Paid
SU02564,B02485,S0060,2025-11-08,3,15,Paid
SU02565,B01121,S0036,2026-06-14,3,5,Complimentary
SU02566,B03509,S0016,2025-04-28,3,15,Paid
SU02567,B01505,S0028,2025-03-16,2,10,Paid
SU02568,B03396,S0115,2026-08-26,2,10,Paid
SU02569,B00116,S0045,2026-01-11,1,5,Paid
SU02570,B09603,S0141,2026-08-23,1,5,Paid
SU02571,B04143,S0034,2024-02-05,3,5,Paid
SU02572,B05971,S0123,2024-05-20,5,0,Pending
SU02573,B05182,S0002,2024-10-14,5,10,Paid
SU02574,B03340,S0055,2026-03-23,1,5,Paid
SU02575,B07295,S0124,2024-01-19,1,10,Paid
SU02576,B02709,S0009,2025-10-15,1,15,Paid
SU02577,B08800,S0108,2026-02-20,1,5,Paid
SU02578,B07420,S0035,2025-12-19,8,15,Paid
SU02579,B07332,S0122,2025-10-27,5,5,Paid
SU02580,B04960,S0050,2026-01-31,2,10,Paid
SU02581,B07331,S0049,2025-07-29,1,0,Paid
SU02582,B06403,S0088,2025-06-30,1,10,Paid
SU02583,B00430,S0116,2026-05-10,2,10,Paid
SU02584,B09515,S0050,2024-10-24,3,0,Paid
SU02585,B03600,S0014,2026-08-17,8,10,Paid
SU02586,B00902,S0110,2026-01-19,4,5,Paid
SU02587,B09777,S0035,2025-01-16,2,10,Paid
SU02588,B02428,S0102,2025-10-17,10,15,Paid
SU02589,B08690,S0090,2024-04-06,3,0,Paid
SU02590,B06319,S0067,2026-03-03,2,5,Pending
SU02591,B01074,S0047,2026-03-11,3,10,Paid
SU02592,B05398,S0142,2025-12-15,2,5,Pending
SU02593,B02851,S0030,2024-11-28,1,20,Paid
SU02594,B05151,S0019,2025-07-01,2,0,Paid
SU02595,B01309,S0066,2025-10-21,2,10,Paid
SU02596,B02531,S0127,2026-06-23,4,5,Paid
SU02597,B07413,S0012,2026-06-15,1,20,Paid
SU02598,B04437,S0023,2026-05-24,2,0,Paid
SU02599,B01167,S0020,2024-12-20,1,0,Paid
SU02600,B03659,S0044,2026-07-25,2,5,Paid
SU02601,B01617,S0096,2024-09-20,3,20,Paid
SU02602,B06016,S0114,2025-02-25,2,5,Paid
SU02603,B02857,S0011,2026-01-28,2,20,Paid
SU02604,B05289,S0026,2026-08-08,5,0,Paid
SU02605,B08724,S0035,2025-08-02,4,15,Paid
SU02606,B01725,S0025,2024-06-01,8,0,Paid
SU02607,B02545,S0058,2024-07-28,2,5,Paid
SU02608,B00603,S0028,2024-12-24,1,0,Paid
SU02609,B05857,S0078,2025-08-17,1,5,Paid
SU02610,B07566,S0013,2026-04-04,5,0,Paid
SU02611,B03604,S0146,2026-04-09,3,10,Paid
SU02612,B05603,S0094,2025-04-19,1,5,Paid
SU02613,B08742,S0103,2026-05-20,2,15,Paid
SU02614,B03587,S0096,2025-03-09,1,15,Pending
SU02615,B09755,S0035,2026-05-25,3,5,Paid
SU02616,B06667,S0025,2026-04-29,1,0,Paid
SU02617,B00817,S0048,2024-02-04,4,25,Paid
SU02618,B01682,S0115,2026-06-24,2,0,Pending
SU02619,B01949,S0112,2025-08-04,3,0,Paid
SU02620,B05855,S0150,2025-05-26,1,0,Paid
SU02621,B08059,S0097,2025-04-06,5,10,Paid
SU02622,B03809,S0107,2025-10-01,2,0,Paid
SU02623,B01230,S0032,2026-03-18,4,5,Paid
SU02624,B08420,S0116,2026-07-18,1,5,Paid
SU02625,B06054,S0026,2025-11-30,2,5,Paid
SU02626,B05197,S0131,2026-04-12,3,25,Paid
SU02627,B07239,S0042,2026-02-08,4,10,Paid
SU02628,B04201,S0029,2026-01-25,5,25,Paid
SU02629,B02591,S0029,2026-05-25,2,10,Paid
SU02630,B01337,S0095,2024-06-27,8,15,Complimentary
SU02631,B05378,S0119,2024-07-25,4,5,Paid
SU02632,B04242,S0017,2024-11-02,2,15,Paid
SU02633,B03358,S0031,2026-07-10,1,0,Paid
SU02634,B00584,S0022,2026-08-27,1,5,Paid
SU02635,B00611,S0006,2025-12-14,3,0,Complimentary
SU02636,B04422,S0003,2026-01-25,2,0,Paid
SU02637,B02535,S0033,2026-05-28,1,10,Paid
SU02638,B09860,S0126,2025-10-09,3,25,Paid
SU02639,B01728,S0092,2025-04-18,1,5,Paid
SU02640,B04111,S0049,2025-11-13,2,15,Paid
SU02641,B04290,S0142,2024-03-12,3,0,Paid
SU02642,B07609,S0044,2025-02-05,1,0,Paid
SU02643,B07337,S0095,2026-04-17,3,10,Paid
SU02644,B09632,S0041,2025-07-07,5,20,Paid
SU02645,B02157,S0096,2025-06-26,3,15,Paid
SU02646,B08112,S0035,2025-12-29,6,0,Paid
SU02647,B05532,S0015,2025-11-15,1,0,Paid
SU02648,B01229,S0088,2024-12-12,2,0,Paid
SU02649,B00373,S0033,2025-11-11,3,0,Paid
SU02650,B08889,S0024,2026-02-04,3,0,Paid
SU02651,B02440,S0013,2026-08-18,2,0,Complimentary
SU02652,B06090,S0020,2025-05-16,1,20,Paid
SU02653,B08022,S0058,2025-10-21,3,5,Paid
SU02654,B02491,S0033,2026-07-24,2,0,Pending
SU02655,B01902,S0086,2026-07-17,5,0,Paid
SU02656,B02208,S0005,2025-03-28,3,5,Paid
SU02657,B06082,S0107,2026-01-31,2,5,Paid
SU02658,B03813,S0072,2026-04-25,2,0,Paid
SU02659,B02171,S0025,2025-02-26,6,5,Complimentary
SU02660,B06271,S0009,2025-12-06,3,0,Paid
SU02661,B04525,S0011,2025-12-30,3,5,Paid
SU02662,B02788,S0044,2026-07-09,1,25,Paid
SU02663,B04798,S0100,2024-07-30,2,0,Paid
SU02664,B02989,S0042,2026-08-07,3,10,Paid
SU02665,B02940,S0118,2026-01-23,10,5,Paid
SU02666,B07095,S0025,2025-12-13,2,5,Paid
SU02667,B09956,S0097,2025-11-01,3,15,Paid
SU02668,B06671,S0051,2025-04-07,2,10,Paid
SU02669,B00495,S0003,2026-02-23,4,5,Paid
SU02670,B02828,S0057,2026-04-05,1,0,Paid
SU02671,B03974,S0088,2025-06-29,4,10,Paid
SU02672,B03145,S0039,2024-03-07,10,15,Paid
SU02673,B08420,S0114,2026-07-17,4,10,Paid
SU02674,B09404,S0034,2026-05-24,2,10,Paid
SU02675,B07253,S0046,2025-11-22,1,0,Paid
SU02676,B08156,S0019,2026-06-03,4,10,Paid
SU02677,B07593,S0052,2026-05-10,1,10,Paid
SU02678,B03613,S0064,2026-02-23,5,5,Paid
SU02679,B06298,S0011,2025-11-04,6,15,Paid
SU02680,B05564,S0132,2024-12-25,1,5,Paid
SU02681,B04304,S0120,2026-07-14,3,10,Pending
SU02682,B03174,S0092,2025-11-29,2,5,Paid
SU02683,B04670,S0138,2026-02-21,1,5,Paid
SU02684,B00219,S0150,2024-11-01,1,5,Paid
SU02685,B05804,S0028,2026-05-22,2,5,Paid
SU02686,B08942,S0116,2025-12-05,2,10,Paid
SU02687,B08668,S0032,2026-08-18,2,10,Pending
SU02688,B00712,S0070,2025-11-17,6,5,Paid
SU02689,B01998,S0105,2026-08-09,2,0,Paid
SU02690,B02172,S0009,2024-11-25,1,10,Paid
SU02691,B07935,S0029,2026-07-31,2,15,Complimentary
SU02692,B03089,S0073,2024-10-03,2,25,Paid
SU02693,B03278,S0029,2026-08-09,4,0,Paid
SU02694,B07691,S0010,2025-11-06,3,0,Paid
SU02695,B01607,S0107,2025-11-08,6,10,Paid
SU02696,B07167,S0063,2024-04-29,1,0,Paid
SU02697,B01142,S0121,2025-10-09,6,5,Paid
SU02698,B02364,S0025,2025-06-07,6,20,Paid
SU02699,B00795,S0001,2024-10-08,4,10,Paid
SU02700,B09405,S0067,2026-08-22,5,0,Paid
SU02701,B04437,S0030,2026-05-25,2,5,Paid
SU02702,B07341,S0052,2026-06-09,1,0,Paid
SU02703,B08626,S0094,2024-02-08,2,0,Paid
SU02704,B02995,S0110,2024-08-12,2,15,Paid
SU02705,B01798,S0090,2024-12-05,2,5,Paid
SU02706,B08477,S0025,2026-07-09,2,0,Paid
SU02707,B07492,S0019,2026-01-24,1,25,Paid
SU02708,B03085,S0033,2024-05-03,2,0,Paid
SU02709,B08975,S0009,2026-01-25,1,0,Pending
SU02710,B06595,S0065,2024-12-22,1,0,Paid
SU02711,B01619,S0072,2025-06-10,6,10,Paid
SU02712,B05892,S0141,2024-08-18,1,5,Paid
SU02713,B06156,S0125,2024-08-05,3,10,Paid
SU02714,B01889,S0129,2024-12-05,1,0,Paid
SU02715,B03191,S0071,2025-09-10,2,0,Pending
SU02716,B01620,S0013,2026-03-01,3,5,Paid
SU02717,B09895,S0151,2025-10-28,2,10,Paid
SU02718,B01792,S0115,2025-12-29,3,10,Paid
SU02719,B06653,S0122,2025-08-08,3,0,Pending
SU02720,B04390,S0065,2024-02-09,1,25,Paid
SU02721,B06024,S0035,2026-04-11,3,10,Paid
SU02722,B00576,S0109,2025-10-29,2,0,Paid
SU02723,B04005,S0002,2026-05-27,4,5,Paid
SU02724,B08804,S0149,2026-04-25,3,0,Paid
SU02725,B06498,S0041,2026-08-28,3,10,Paid
SU02726,B04021,S0019,2026-01-30,4,0,Paid
SU02727,B02108,S0101,2026-07-25,1,15,Paid
SU02728,B09267,S0108,2026-01-04,2,5,Paid
SU02729,B06562,S0048,2026-01-10,2,5,Paid
SU02730,B01792,S0114,2025-12-31,6,5,Paid
SU02731,B09179,S0038,2025-09-06,2,5,Paid
SU02732,B08116,S0014,2025-07-10,6,0,Paid
SU02733,B05272,S0018,2024-02-20,1,0,Paid
SU02734,B00639,S0115,2026-06-10,3,0,Paid
SU02735,B06018,S0086,2026-07-26,4,10,Paid
SU02736,B08992,S0108,2026-07-27,3,5,Paid
SU02737,B00580,S0032,2024-06-18,2,20,Paid
SU02738,B09458,S0095,2026-08-29,2,0,Pending
SU02739,B05133,S0115,2025-09-05,2,0,Pending
SU02740,B00172,S0150,2024-03-19,1,5,Paid
SU02741,B04930,S0124,2026-07-30,2,5,Paid
SU02742,B07750,S0044,2026-05-27,3,10,Paid
SU02743,B08523,S0126,2024-08-16,1,5,Pending
SU02744,B09815,S0136,2026-08-27,5,5,Pending
SU02745,B01669,S0125,2025-02-11,5,5,Paid
SU02746,B06927,S0151,2026-08-04,3,0,Paid
SU02747,B08526,S0109,2024-01-30,6,15,Paid
SU02748,B09995,S0021,2026-05-19,2,0,Paid
SU02749,B02796,S0148,2026-02-16,5,15,Paid
SU02750,B04613,S0033,2025-10-12,1,0,Paid
SU02751,B09995,S0021,2026-05-22,2,15,Paid
SU02752,B04114,S0025,2024-02-27,4,10,Paid
SU02753,B07653,S0087,2026-08-18,1,0,Paid
SU02754,B02049,S0008,2025-10-20,2,5,Paid
SU02755,B07410,S0096,2026-02-14,8,5,Paid
SU02756,B01739,S0006,2026-08-04,3,0,Paid
SU02757,B03479,S0071,2026-05-16,1,0,Paid
SU02758,B06974,S0149,2025-02-05,3,10,Paid
SU02759,B08211,S0112,2024-09-18,2,5,Paid
SU02760,B02689,S0012,2026-06-19,1,0,Paid
SU02761,B08205,S0100,2026-03-14,1,0,Paid
SU02762,B06487,S0039,2024-09-09,2,5,Paid
SU02763,B02201,S0043,2025-12-02,2,15,Paid
SU02764,B04620,S0071,2026-05-25,2,15,Paid
SU02765,B03673,S0088,2026-08-03,3,0,Paid
SU02766,B03446,S0066,2024-09-11,3,0,Paid
SU02767,B06277,S0024,2024-02-24,3,5,Paid
SU02768,B02772,S0025,2025-01-18,3,5,Paid
SU02769,B00939,S0061,2026-08-14,1,0,Paid
SU02770,B08588,S0026,2026-01-07,5,0,Pending
SU02771,B07910,S0023,2026-01-18,1,5,Paid
SU02772,B00324,S0026,2025-05-14,2,10,Paid
SU02773,B00579,S0119,2024-09-19,3,5,Paid
SU02774,B04312,S0020,2024-11-10,1,0,Paid
SU02775,B05557,S0098,2026-07-11,2,5,Paid
SU02776,B00492,S0086,2026-02-26,3,0,Paid
SU02777,B02547,S0109,2026-08-30,5,0,Paid
SU02778,B07529,S0120,2026-02-22,2,20,Paid
SU02779,B00559,S0090,2026-03-28,3,5,Paid
SU02780,B06521,S0059,2024-10-07,3,0,Paid
SU02781,B05438,S0151,2026-06-03,1,5,Paid
SU02782,B05193,S0009,2026-08-25,1,0,Paid
SU02783,B03849,S0091,2025-09-22,6,15,Paid
SU02784,B00615,S0091,2026-02-15,6,0,Complimentary
SU02785,B05483,S0090,2026-07-23,1,15,Pending
SU02786,B03634,S0144,2025-12-27,1,5,Paid
SU02787,B07605,S0012,2026-04-17,1,15,Pending
SU02788,B03549,S0112,2026-03-27,3,0,Paid
SU02789,B03003,S0023,2026-08-03,1,10,Paid
SU02790,B04633,S0020,2025-11-17,1,5,Paid
SU02791,B00578,S0110,2026-08-05,1,0,Pending
SU02792,B08998,S0009,2025-12-23,1,10,Paid
SU02793,B00164,S0087,2025-12-19,1,5,Paid
SU02794,B05631,S0099,2026-03-09,1,10,Paid
SU02795,B00670,S0049,2024-04-19,1,5,Paid
SU02796,B04043,S0009,2025-07-05,1,5,Paid
SU02797,B05035,S0022,2026-07-31,2,10,Paid
SU02798,B01220,S0039,2026-08-30,10,5,Paid
SU02799,B09904,S0050,2025-09-07,2,0,Pending
SU02800,B06541,S0058,2025-02-18,2,0,Paid
SU02801,B05127,S0042,2024-11-28,2,25,Paid
SU02802,B09726,S0123,2026-04-11,4,0,Paid
SU02803,B09731,S0125,2024-04-29,4,15,Paid
SU02804,B03312,S0111,2025-03-02,1,10,Paid
SU02805,B06632,S0033,2025-10-25,1,10,Paid
SU02806,B03397,S0118,2025-10-28,4,15,Paid
SU02807,B03299,S0010,2025-06-05,5,15,Paid
SU02808,B00495,S0009,2026-02-20,2,5,Paid
SU02809,B06904,S0051,2024-01-30,2,5,Pending
SU02810,B04873,S0034,2024-01-27,5,15,Paid
SU02811,B09556,S0087,2026-04-24,5,0,Paid
SU02812,B03453,S0118,2025-10-24,4,10,Paid
SU02813,B03826,S0048,2026-05-07,2,5,Paid
SU02814,B02477,S0020,2026-05-05,1,0,Pending
SU02815,B06541,S0057,2025-02-18,1,15,Paid
SU02816,B08133,S0052,2024-06-01,1,10,Paid
SU02817,B06097,S0004,2024-02-15,1,0,Paid
SU02818,B01604,S0115,2024-12-20,2,5,Paid
SU02819,B09428,S0052,2026-03-22,2,0,Paid
SU02820,B04524,S0006,2025-11-05,3,0,Paid
SU02821,B02319,S0012,2026-07-05,1,5,Paid
SU02822,B05346,S0007,2025-12-21,1,15,Paid
SU02823,B05198,S0054,2025-10-16,3,5,Paid
SU02824,B04434,S0066,2026-03-23,2,15,Paid
SU02825,B04771,S0107,2026-07-19,8,0,Paid
SU02826,B07106,S0051,2025-11-01,5,20,Paid
SU02827,B02943,S0007,2026-01-02,2,10,Paid
SU02828,B08053,S0007,2026-05-24,1,15,Paid
SU02829,B02884,S0110,2026-02-11,4,0,Paid
SU02830,B03275,S0047,2025-02-12,2,0,Paid
SU02831,B04181,S0007,2026-01-15,1,5,Complimentary
SU02832,B07449,S0082,2026-03-25,4,15,Paid
SU02833,B02849,S0023,2026-02-18,1,0,Pending
SU02834,B01154,S0020,2026-04-06,2,0,Paid
SU02835,B07256,S0044,2026-06-19,1,25,Paid
SU02836,B03140,S0087,2025-10-03,2,15,Paid
SU02837,B05022,S0106,2024-04-06,3,5,Paid
SU02838,B02596,S0024,2024-02-12,4,10,Paid
SU02839,B01176,S0003,2025-07-23,1,5,Paid
SU02840,B04477,S0127,2026-08-05,1,0,Paid
SU02841,B01759,S0037,2026-08-15,2,0,Paid
SU02842,B07989,S0107,2025-03-09,2,5,Paid
SU02843,B07275,S0108,2026-03-22,2,5,Paid
SU02844,B03136,S0033,2026-08-29,1,15,Paid
SU02845,B00462,S0108,2026-04-16,2,10,Paid
SU02846,B03190,S0053,2025-05-09,2,0,Paid
SU02847,B03635,S0105,2026-05-12,3,0,Paid
SU02848,B02084,S0131,2024-01-08,5,10,Paid
SU02849,B03121,S0027,2024-08-28,3,10,Paid
SU02850,B02476,S0040,2024-09-02,3,0,Paid
SU02851,B05720,S0027,2026-02-01,4,0,Paid
SU02852,B04426,S0127,2024-12-20,1,0,Pending
SU02853,B01797,S0067,2024-06-17,2,5,Pending
SU02854,B00421,S0002,2026-08-04,4,15,Paid
SU02855,B07035,S0126,2025-08-08,2,0,Paid
SU02856,B01757,S0012,2024-12-19,1,0,Paid
SU02857,B04286,S0035,2026-08-18,8,0,Paid
SU02858,B06692,S0126,2026-08-23,1,0,Paid
SU02859,B05184,S0124,2026-08-15,2,5,Paid
SU02860,B08668,S0038,2026-08-18,3,5,Paid
SU02861,B06763,S0049,2025-11-08,1,0,Paid
SU02862,B00045,S0115,2026-03-04,4,0,Paid
SU02863,B08794,S0098,2026-08-25,1,20,Paid
SU02864,B06002,S0006,2024-06-30,4,5,Paid
SU02865,B00765,S0104,2026-06-17,1,5,Paid
SU02866,B02205,S0047,2024-07-14,3,5,Paid
SU02867,B04988,S0118,2026-06-20,2,0,Paid
SU02868,B06621,S0123,2026-08-28,5,0,Paid
SU02869,B09224,S0052,2026-02-06,2,15,Paid
SU02870,B03333,S0028,2026-05-30,2,5,Paid
SU02871,B04465,S0030,2025-11-20,1,5,Paid
SU02872,B06154,S0106,2025-04-30,1,5,Paid
SU02873,B07765,S0116,2026-07-26,3,0,Paid
SU02874,B02268,S0118,2026-08-12,5,5,Paid
SU02875,B02999,S0114,2026-05-01,4,0,Paid
SU02876,B03250,S0019,2024-09-13,2,0,Paid
SU02877,B01841,S0107,2025-01-23,3,0,Paid
SU02878,B03387,S0007,2026-08-30,1,5,Paid
SU02879,B03475,S0108,2024-12-16,3,0,Paid
SU02880,B03239,S0118,2025-06-23,3,25,Paid
SU02881,B03334,S0030,2026-07-27,1,15,Paid
SU02882,B04292,S0128,2025-03-27,1,5,Paid
SU02883,B04701,S0118,2026-05-16,8,0,Paid
SU02884,B08617,S0147,2026-05-22,1,10,Complimentary
SU02885,B00966,S0094,2024-05-05,2,15,Paid
SU02886,B08619,S0125,2025-01-26,2,20,Paid
SU02887,B05753,S0088,2025-08-07,1,5,Paid
SU02888,B00635,S0093,2026-04-02,2,15,Pending
SU02889,B07677,S0032,2025-10-26,5,5,Pending
SU02890,B03940,S0012,2026-03-22,2,0,Paid
SU02891,B03721,S0123,2026-02-21,2,5,Paid
SU02892,B06983,S0115,2025-05-10,3,10,Paid
SU02893,B09133,S0117,2025-12-07,5,5,Paid
SU02894,B08170,S0108,2026-07-05,5,15,Paid
SU02895,B01666,S0029,2026-05-15,2,0,Paid
SU02896,B00189,S0049,2024-11-24,1,0,Paid
SU02897,B08748,S0126,2025-03-26,3,0,Paid
SU02898,B07460,S0090,2026-07-26,3,0,Paid
SU02899,B00457,S0114,2024-03-26,8,5,Paid
SU02900,B05801,S0001,2025-05-29,2,0,Pending
SU02901,B04589,S0052,2026-07-20,2,0,Paid
SU02902,B06364,S0039,2024-02-18,2,5,Paid
SU02903,B08941,S0117,2025-08-20,6,15,Paid
SU02904,B04409,S0106,2026-06-12,4,0,Paid
SU02905,B05963,S0008,2025-08-18,1,0,Paid
SU02906,B02103,S0097,2026-01-22,3,0,Paid
SU02907,B07424,S0030,2025-09-06,2,0,Paid
SU02908,B08350,S0116,2025-12-30,1,10,Paid
SU02909,B06095,S0005,2025-04-17,1,0,Paid
SU02910,B00155,S0102,2025-05-21,8,10,Paid
SU02911,B07971,S0036,2026-07-01,2,15,Paid
SU02912,B05976,S0039,2025-01-12,2,10,Paid
SU02913,B03845,S0105,2024-09-16,8,0,Paid
SU02914,B06039,S0064,2025-07-05,5,0,Paid
SU02915,B06676,S0097,2025-09-05,4,5,Paid
SU02916,B02702,S0028,2024-01-08,4,0,Paid
SU02917,B05186,S0034,2026-01-26,4,10,Paid
SU02918,B05911,S0032,2026-08-23,5,0,Paid
SU02919,B00041,S0148,2026-01-31,1,15,Paid
SU02920,B00471,S0108,2025-02-02,4,15,Paid
SU02921,B08355,S0032,2024-02-09,8,15,Paid
SU02922,B05128,S0047,2026-02-20,2,0,Paid
SU02923,B06686,S0032,2025-10-30,10,5,Paid
SU02924,B08324,S0037,2026-04-05,2,5,Complimentary
SU02925,B03039,S0120,2026-01-05,3,0,Paid
SU02926,B06695,S0135,2026-03-31,4,0,Paid
SU02927,B00646,S0046,2026-04-19,5,5,Paid
SU02928,B02636,S0070,2025-12-31,3,5,Paid
SU02929,B09474,S0052,2025-10-14,3,5,Paid
SU02930,B08936,S0027,2025-11-11,5,10,Paid
SU02931,B04933,S0033,2026-04-07,2,0,Paid
SU02932,B00176,S0011,2024-11-05,2,15,Paid
SU02933,B06472,S0116,2026-06-02,1,10,Paid
SU02934,B04632,S0124,2026-04-27,1,10,Paid
SU02935,B01647,S0110,2026-07-17,4,15,Paid
SU02936,B00432,S0050,2026-08-10,3,0,Paid
SU02937,B09242,S0052,2026-05-15,2,10,Paid
SU02938,B00838,S0074,2025-10-04,2,0,Pending
SU02939,B06389,S0033,2026-07-02,1,10,Paid
SU02940,B02060,S0150,2024-07-28,2,5,Paid
SU02941,B09841,S0022,2025-07-13,3,10,Paid
SU02942,B07955,S0089,2025-12-28,1,5,Paid
SU02943,B08486,S0053,2026-08-27,1,15,Paid
SU02944,B09181,S0124,2025-04-30,2,0,Paid
SU02945,B02329,S0104,2024-08-31,2,0,Paid
SU02946,B08152,S0057,2025-10-29,2,10,Paid
SU02947,B05125,S0022,2026-06-01,3,5,Paid
SU02948,B08151,S0053,2025-07-20,3,0,Paid
SU02949,B08587,S0019,2025-11-30,5,0,Paid
SU02950,B02752,S0036,2024-11-16,3,20,Paid
SU02951,B01992,S0003,2026-07-19,10,0,Paid
SU02952,B01588,S0006,2024-10-21,2,10,Paid
SU02953,B05879,S0092,2026-07-04,3,0,Pending
SU02954,B00772,S0021,2024-03-22,2,0,Pending
SU02955,B00906,S0008,2026-08-25,1,10,Pending
SU02956,B07775,S0088,2025-12-12,3,0,Paid
SU02957,B05054,S0031,2026-06-09,1,0,Paid
SU02958,B00683,S0040,2025-11-28,5,5,Paid
SU02959,B01232,S0088,2025-04-28,1,5,Paid
SU02960,B08234,S0122,2024-02-04,3,10,Paid
SU02961,B04933,S0039,2026-04-10,5,10,Paid
SU02962,B05336,S0110,2026-07-14,3,20,Paid
SU02963,B04165,S0048,2024-02-29,3,15,Paid
SU02964,B01649,S0107,2025-06-21,4,15,Pending
SU02965,B01072,S0110,2026-02-13,4,5,Paid
SU02966,B03663,S0130,2025-07-06,6,10,Paid
SU02967,B08575,S0094,2026-04-09,1,0,Paid
SU02968,B02085,S0015,2026-08-11,1,5,Pending
SU02969,B03276,S0126,2025-05-14,1,0,Paid
SU02970,B01905,S0011,2024-05-24,2,15,Paid
SU02971,B01117,S0108,2024-04-03,3,0,Paid
SU02972,B04978,S0096,2026-08-20,10,0,Pending
SU02973,B08844,S0020,2026-06-14,1,0,Paid
SU02974,B05049,S0026,2026-05-10,8,0,Paid
SU02975,B06478,S0127,2024-02-07,3,0,Paid
SU02976,B03397,S0116,2025-10-27,2,20,Paid
SU02977,B02591,S0031,2026-05-27,1,0,Paid
SU02978,B01107,S0007,2026-02-19,1,10,Paid
SU02979,B01061,S0071,2024-01-15,2,0,Paid
SU02980,B07451,S0121,2024-09-24,1,0,Paid
SU02981,B09516,S0017,2026-05-24,3,0,Paid
SU02982,B09521,S0009,2026-03-04,2,5,Complimentary
SU02983,B00124,S0016,2024-02-17,3,15,Paid
SU02984,B02002,S0130,2026-05-15,2,15,Paid
SU02985,B06319,S0074,2026-03-03,2,15,Paid
SU02986,B07971,S0038,2026-07-04,1,20,Paid
SU02987,B08655,S0093,2025-07-24,5,25,Complimentary
SU02988,B06615,S0118,2026-08-27,2,15,Paid
SU02989,B07240,S0122,2024-04-04,2,10,Paid
SU02990,B06996,S0047,2024-01-19,3,10,Paid
SU02991,B06502,S0109,2025-09-10,6,15,Paid
SU02992,B03916,S0061,2024-12-11,2,15,Paid
SU02993,B09070,S0115,2024-11-08,2,5,Paid
SU02994,B03725,S0027,2026-01-15,2,0,Paid
SU02995,B01291,S0050,2026-02-21,5,0,Paid
SU02996,B07961,S0038,2026-01-10,2,20,Paid
SU02997,B09729,S0123,2024-12-01,5,0,Paid
SU02998,B04924,S0040,2026-08-19,4,0,Paid
SU02999,B08286,S0027,2025-08-20,1,10,Paid
SU03000,B05150,S0038,2025-05-20,1,0,Paid
SU03001,B05296,S0049,2025-01-25,2,0,Paid
SU03002,B01415,S0113,2025-06-01,4,0,Complimentary
SU03003,B06531,S0049,2024-12-05,1,10,Paid
SU03004,B05945,S0118,2026-01-30,5,0,Paid
SU03005,B04354,S0047,2026-08-08,2,5,Paid
SU03006,B02643,S0052,2026-08-09,1,0,Paid
SU03007,B07394,S0123,2024-10-18,5,15,Pending
SU03008,B04434,S0065,2026-03-23,3,15,Paid
SU03009,B09928,S0041,2025-12-28,2,10,Paid
SU03010,B01275,S0052,2026-06-28,3,25,Paid
SU03011,B07532,S0102,2024-04-28,2,5,Paid
SU03012,B02580,S0097,2026-02-20,2,0,Paid
SU03013,B05014,S0030,2026-08-05,1,0,Paid
SU03014,B08725,S0151,2025-04-20,1,5,Pending
SU03015,B05129,S0123,2024-09-11,5,15,Paid
SU03016,B02433,S0100,2025-11-02,1,15,Paid
SU03017,B07928,S0144,2026-05-28,2,10,Paid
SU03018,B08959,S0112,2024-05-17,2,0,Paid
SU03019,B01836,S0098,2025-09-28,1,15,Paid
SU03020,B07928,S0138,2026-05-28,2,5,Paid
SU03021,B09722,S0026,2025-11-17,6,20,Paid
SU03022,B08474,S0093,2024-09-25,5,10,Paid
SU03023,B02704,S0140,2024-07-28,1,0,Paid
SU03024,B04621,S0117,2026-02-10,5,5,Paid
SU03025,B09251,S0088,2025-06-15,4,10,Paid
SU03026,B09896,S0052,2025-12-11,3,5,Paid
SU03027,B01725,S0025,2024-05-31,5,0,Paid
SU03028,B07261,S0098,2026-05-13,1,0,Paid
SU03029,B09581,S0028,2025-10-06,2,10,Paid
SU03030,B03636,S0003,2026-08-11,2,25,Paid
SU03031,B02787,S0005,2026-04-26,2,0,Pending
SU03032,B08840,S0094,2025-10-14,1,25,Paid
SU03033,B01883,S0093,2024-08-28,5,15,Paid
SU03034,B00541,S0002,2026-01-10,3,0,Pending
SU03035,B08500,S0098,2025-09-23,1,15,Paid
SU03036,B05441,S0103,2026-03-29,3,5,Paid
SU03037,B00672,S0030,2026-08-13,1,0,Paid
SU03038,B02678,S0074,2025-05-13,2,5,Paid
SU03039,B04089,S0068,2026-01-05,2,0,Paid
SU03040,B08636,S0101,2024-12-17,1,5,Paid
SU03041,B06433,S0068,2024-10-08,1,0,Paid
SU03042,B01414,S0069,2024-02-18,1,5,Paid
SU03043,B03837,S0121,2026-04-02,1,0,Paid
SU03044,B08590,S0144,2025-12-15,3,0,Paid
SU03045,B05291,S0044,2026-01-01,2,15,Paid
SU03046,B04509,S0112,2026-02-12,3,25,Paid
SU03047,B01759,S0038,2026-08-15,1,0,Pending
SU03048,B04415,S0141,2025-11-13,2,10,Paid
SU03049,B08206,S0094,2025-01-29,1,0,Paid
SU03050,B05113,S0097,2024-06-02,4,0,Paid
SU03051,B09737,S0101,2024-04-15,2,5,Paid
SU03052,B06858,S0051,2025-11-15,2,15,Paid
SU03053,B00937,S0003,2026-07-03,5,0,Paid
SU03054,B02079,S0139,2026-04-07,1,0,Paid
SU03055,B04837,S0102,2025-07-09,1,10,Paid
SU03056,B07348,S0009,2026-05-29,1,10,Paid
SU03057,B08454,S0005,2024-03-23,1,0,Paid
SU03058,B03956,S0072,2024-11-22,4,0,Paid
SU03059,B04940,S0145,2025-09-12,4,0,Paid
SU03060,B07125,S0130,2024-11-24,4,5,Paid
SU03061,B08659,S0090,2026-08-09,1,20,Paid
SU03062,B02167,S0116,2025-07-29,1,0,Pending
SU03063,B05936,S0070,2025-09-22,2,20,Paid
SU03064,B01824,S0088,2025-04-30,5,25,Paid
SU03065,B00091,S0047,2025-04-09,1,0,Pending
SU03066,B00468,S0035,2026-08-09,3,5,Paid
SU03067,B01373,S0137,2025-07-26,1,5,Paid
SU03068,B01241,S0089,2024-04-23,1,10,Paid
SU03069,B05525,S0041,2025-11-29,2,0,Paid
SU03070,B02902,S0104,2026-03-11,1,5,Paid
SU03071,B00798,S0053,2024-05-10,1,10,Pending
SU03072,B00512,S0028,2026-06-28,5,0,Paid
SU03073,B01925,S0148,2026-08-05,3,5,Paid
SU03074,B08505,S0129,2026-02-10,3,0,Paid
SU03075,B05404,S0024,2024-05-13,3,5,Paid
SU03076,B05875,S0066,2025-06-30,2,10,Paid
SU03077,B01041,S0117,2026-03-11,1,5,Paid
SU03078,B03204,S0053,2026-05-19,1,20,Paid
SU03079,B06930,S0035,2024-04-01,2,20,Paid
SU03080,B00243,S0025,2024-09-28,1,0,Paid
SU03081,B03595,S0150,2026-03-13,1,10,Paid
SU03082,B01896,S0132,2026-04-24,3,5,Paid
SU03083,B02782,S0064,2024-03-05,1,10,Paid
SU03084,B09558,S0117,2025-12-23,4,10,Paid
SU03085,B01984,S0021,2026-05-14,1,15,Paid
SU03086,B05118,S0010,2024-06-21,2,5,Paid
SU03087,B00131,S0147,2025-06-22,3,0,Paid
SU03088,B02323,S0034,2025-03-02,1,15,Paid
SU03089,B03742,S0041,2025-05-29,3,10,Paid
SU03090,B02150,S0008,2024-03-17,3,5,Paid
SU03091,B00953,S0124,2025-01-02,1,0,Paid
SU03092,B06986,S0057,2026-01-04,5,5,Paid
SU03093,B09331,S0118,2026-08-28,3,5,Pending
SU03094,B09765,S0112,2024-08-12,2,0,Paid
SU03095,B05614,S0008,2025-09-20,2,20,Paid
SU03096,B07245,S0115,2026-02-17,4,0,Paid
SU03097,B02127,S0050,2025-11-26,2,10,Paid
SU03098,B01824,S0088,2025-04-29,1,25,Complimentary
SU03099,B07364,S0020,2026-05-03,1,5,Paid
SU03100,B08332,S0122,2025-06-21,5,10,Paid
SU03101,B08353,S0050,2024-08-11,4,5,Pending
SU03102,B03140,S0092,2025-10-03,5,0,Paid
SU03103,B03324,S0064,2025-06-25,4,20,Pending
SU03104,B05455,S0037,2024-07-30,1,0,Paid
SU03105,B09766,S0113,2025-01-02,3,5,Paid
SU03106,B05750,S0012,2026-06-24,1,10,Paid
SU03107,B04505,S0022,2026-03-01,1,0,Paid
SU03108,B06448,S0148,2026-07-01,5,0,Paid
SU03109,B03925,S0040,2026-06-16,2,5,Paid
SU03110,B00712,S0069,2025-11-17,1,0,Pending
SU03111,B08794,S0093,2026-08-25,3,0,Paid
SU03112,B08267,S0025,2024-03-25,8,0,Paid
SU03113,B09151,S0058,2026-07-23,3,0,Paid
SU03114,B02721,S0135,2025-04-27,2,10,Pending
SU03115,B00826,S0002,2024-04-08,2,5,Paid
SU03116,B08844,S0017,2026-06-12,6,0,Paid
SU03117,B01911,S0062,2026-08-02,2,5,Paid
SU03118,B04778,S0087,2026-04-23,3,10,Paid
SU03119,B09377,S0033,2024-02-21,1,10,Paid
SU03120,B00325,S0117,2026-03-26,5,5,Paid
SU03121,B08435,S0026,2025-03-21,1,10,Paid
SU03122,B09185,S0037,2026-01-15,1,25,Paid
SU03123,B03061,S0064,2025-07-08,2,10,Paid
SU03124,B07454,S0120,2026-01-01,4,0,Paid
SU03125,B02557,S0127,2024-04-10,1,0,Paid
SU03126,B07988,S0049,2026-03-25,1,5,Paid
SU03127,B00936,S0049,2025-10-21,2,10,Paid
SU03128,B06908,S0022,2026-03-13,1,15,Paid
SU03129,B02517,S0144,2024-03-21,1,5,Paid
SU03130,B04613,S0035,2025-10-11,1,5,Paid
SU03131,B04781,S0114,2026-08-05,8,10,Complimentary
SU03132,B04573,S0004,2025-07-12,3,15,Paid
SU03133,B09436,S0035,2025-09-01,3,5,Paid
SU03134,B05274,S0108,2026-04-02,3,5,Paid
SU03135,B03105,S0003,2026-03-10,2,25,Paid
SU03136,B07749,S0118,2026-07-01,8,0,Paid
SU03137,B09004,S0150,2024-05-29,1,5,Paid
SU03138,B03117,S0036,2024-02-10,2,25,Paid
SU03139,B02498,S0022,2026-03-11,1,5,Paid
SU03140,B00308,S0112,2026-07-18,2,10,Paid
SU03141,B08763,S0055,2025-10-30,1,0,Paid
SU03142,B00074,S0088,2025-08-23,2,20,Paid
SU03143,B05009,S0013,2025-11-07,1,0,Paid
SU03144,B01856,S0047,2024-03-11,2,0,Paid
SU03145,B07723,S0020,2025-12-01,2,5,Paid
SU03146,B03969,S0029,2024-09-24,3,10,Paid
SU03147,B07833,S0071,2025-10-01,1,10,Pending
SU03148,B09292,S0138,2025-05-12,2,5,Paid
SU03149,B07765,S0115,2026-07-26,2,5,Paid
SU03150,B01861,S0003,2025-08-06,3,0,Paid
SU03151,B00333,S0125,2025-09-16,4,0,Pending
SU03152,B05124,S0045,2026-01-23,1,0,Paid
SU03153,B04268,S0006,2024-07-11,5,15,Paid
SU03154,B07138,S0041,2024-11-23,2,10,Paid
SU03155,B04058,S0114,2026-06-22,3,10,Paid
SU03156,B09115,S0123,2026-05-02,4,0,Paid
SU03157,B01070,S0052,2024-08-10,1,0,Paid
SU03158,B00822,S0095,2024-11-17,6,5,Paid
SU03159,B03332,S0019,2026-04-09,2,0,Paid
SU03160,B00029,S0074,2026-07-05,3,10,Paid
SU03161,B01264,S0040,2025-12-17,4,20,Paid
SU03162,B07800,S0113,2025-11-02,2,0,Paid
SU03163,B02260,S0030,2026-05-08,2,20,Paid
SU03164,B08136,S0025,2026-02-07,8,0,Paid
SU03165,B06858,S0048,2025-11-15,1,5,Paid
SU03166,B07827,S0017,2026-03-16,3,20,Paid
SU03167,B01470,S0108,2026-06-27,2,0,Paid
SU03168,B01284,S0036,2025-02-03,3,10,Paid
SU03169,B02457,S0086,2025-01-02,6,0,Paid
SU03170,B01245,S0067,2025-11-01,5,5,Paid
SU03171,B03940,S0013,2026-03-22,4,0,Paid
SU03172,B08425,S0118,2025-02-02,1,10,Paid
SU03173,B03265,S0119,2024-11-14,3,0,Paid
SU03174,B02580,S0093,2026-02-21,10,10,Paid
SU03175,B03033,S0049,2025-09-23,1,20,Paid
SU03176,B02883,S0088,2025-05-10,2,5,Paid
SU03177,B06001,S0025,2026-01-09,4,5,Paid
SU03178,B03201,S0023,2024-10-06,2,0,Paid
SU03179,B02127,S0050,2025-11-22,3,15,Paid
SU03180,B04363,S0005,2024-11-27,1,15,Paid
SU03181,B09671,S0051,2026-06-26,3,5,Paid
SU03182,B01155,S0119,2024-03-29,5,10,Paid
SU03183,B03772,S0151,2026-08-14,1,5,Paid
SU03184,B09036,S0121,2025-10-24,1,5,Paid
SU03185,B00508,S0016,2025-02-06,1,20,Paid
SU03186,B08641,S0002,2026-08-15,5,5,Paid
SU03187,B05267,S0049,2024-02-26,1,0,Paid
SU03188,B08874,S0046,2026-08-06,3,0,Paid
SU03189,B07936,S0090,2024-03-13,4,0,Paid
SU03190,B06992,S0124,2026-08-18,1,0,Paid
SU03191,B03178,S0022,2024-01-08,1,0,Paid
SU03192,B07489,S0110,2026-02-16,1,5,Paid
SU03193,B01284,S0038,2025-02-01,1,15,Paid
SU03194,B06393,S0117,2025-02-22,2,0,Paid
SU03195,B00404,S0133,2025-06-29,5,25,Paid
SU03196,B03653,S0107,2026-05-21,1,0,Paid
SU03197,B07253,S0045,2025-11-19,2,5,Paid
SU03198,B01238,S0145,2025-09-14,6,20,Paid
SU03199,B01489,S0114,2026-08-23,1,5,Pending
SU03200,B06252,S0104,2025-09-19,4,5,Paid
SU03201,B01191,S0040,2025-05-05,2,0,Paid
SU03202,B04941,S0052,2026-07-21,1,0,Paid
SU03203,B04140,S0107,2024-02-28,8,15,Paid
SU03204,B01981,S0027,2025-03-14,5,0,Paid
SU03205,B06957,S0069,2025-11-11,1,0,Paid
SU03206,B01949,S0110,2025-08-04,2,10,Paid
SU03207,B03355,S0123,2026-08-15,6,0,Paid
SU03208,B05195,S0095,2026-03-16,1,5,Paid
SU03209,B01723,S0037,2026-06-11,1,10,Paid
SU03210,B04171,S0038,2026-01-14,2,10,Paid
SU03211,B00266,S0008,2025-01-24,1,15,Paid
SU03212,B02735,S0021,2025-11-30,3,5,Paid
SU03213,B02633,S0034,2025-06-15,1,0,Paid
SU03214,B02028,S0068,2026-03-31,4,15,Paid
SU03215,B07486,S0012,2025-04-07,1,0,Paid
SU03216,B02955,S0038,2026-04-30,1,5,Paid
SU03217,B02646,S0009,2026-03-31,1,0,Paid
SU03218,B09020,S0005,2026-07-26,1,5,Paid
SU03219,B09885,S0105,2024-08-19,4,5,Paid
SU03220,B08905,S0105,2026-02-27,2,0,Paid
SU03221,B07027,S0142,2025-11-25,4,15,Paid
SU03222,B01370,S0127,2025-10-25,3,15,Paid
SU03223,B09972,S0041,2025-11-03,2,20,Paid
SU03224,B03730,S0114,2024-12-15,6,0,Paid
SU03225,B09212,S0128,2026-02-15,2,10,Paid
SU03226,B00640,S0023,2024-02-21,1,5,Paid
SU03227,B09586,S0030,2026-05-02,3,0,Paid
SU03228,B07157,S0078,2025-08-03,2,5,Paid
SU03229,B06665,S0121,2025-11-11,4,5,Paid
SU03230,B02010,S0044,2025-04-24,3,20,Paid
SU03231,B07919,S0125,2024-05-29,4,0,Paid
SU03232,B04220,S0054,2024-09-10,3,10,Paid
SU03233,B04539,S0009,2025-07-25,1,5,Paid
SU03234,B03641,S0095,2026-06-16,2,5,Complimentary
SU03235,B05180,S0123,2025-09-24,5,0,Paid
SU03236,B07710,S0025,2024-04-07,2,10,Paid
SU03237,B03607,S0098,2026-04-29,2,5,Paid
SU03238,B04931,S0005,2026-08-18,3,15,Paid
SU03239,B00439,S0032,2026-08-29,2,0,Paid
SU03240,B06878,S0024,2024-08-25,4,10,Paid
SU03241,B04443,S0008,2025-12-31,1,0,Paid
SU03242,B00581,S0056,2025-11-10,1,0,Paid
SU03243,B06653,S0124,2025-08-10,2,0,Paid
SU03244,B02311,S0148,2026-07-07,1,0,Paid
SU03245,B03577,S0012,2026-08-09,2,20,Paid
SU03246,B05920,S0086,2026-04-09,3,15,Paid
SU03247,B05495,S0067,2025-03-22,1,0,Paid
SU03248,B08703,S0121,2025-09-02,4,15,Paid
SU03249,B09952,S0023,2025-01-24,1,0,Paid
SU03250,B07301,S0029,2025-06-04,6,10,Paid
SU03251,B06322,S0028,2026-08-23,2,0,Paid
SU03252,B09088,S0017,2025-05-23,2,15,Paid
SU03253,B03034,S0044,2026-01-16,2,0,Paid
SU03254,B05706,S0048,2026-07-29,2,10,Paid
SU03255,B01815,S0107,2026-02-26,5,10,Paid
SU03256,B03412,S0051,2026-06-29,3,10,Paid
SU03257,B00295,S0044,2025-09-18,1,0,Paid
SU03258,B00233,S0063,2025-10-06,1,10,Paid
SU03259,B01171,S0101,2025-08-04,5,0,Paid
SU03260,B09721,S0025,2026-08-13,4,10,Paid
SU03261,B03126,S0074,2026-06-17,3,10,Paid
SU03262,B01539,S0121,2025-12-04,6,10,Paid
SU03263,B03641,S0093,2026-06-16,2,10,Paid
SU03264,B02374,S0003,2025-01-07,3,25,Paid
SU03265,B03825,S0037,2024-12-26,2,5,Paid
SU03266,B08792,S0114,2025-07-28,1,0,Paid
SU03267,B07738,S0146,2025-02-16,5,0,Paid
SU03268,B07021,S0137,2026-02-04,1,0,Paid
SU03269,B03033,S0050,2025-09-24,1,0,Paid
SU03270,B06422,S0113,2025-05-12,5,15,Paid
SU03271,B06797,S0042,2025-06-09,5,5,Pending
SU03272,B02056,S0135,2025-04-16,6,5,Paid
SU03273,B02715,S0012,2026-05-05,1,5,Paid
SU03274,B04744,S0112,2026-02-02,2,5,Paid
SU03275,B09879,S0103,2025-02-25,4,0,Paid
SU03276,B02564,S0066,2026-05-14,2,5,Paid
SU03277,B09951,S0006,2024-04-16,2,20,Paid
SU03278,B09024,S0093,2026-07-18,1,5,Paid
SU03279,B04389,S0052,2024-01-13,1,0,Paid
SU03280,B03179,S0127,2025-07-07,4,15,Paid
SU03281,B02701,S0053,2026-08-16,1,5,Paid
SU03282,B08798,S0069,2025-04-11,2,0,Paid
SU03283,B03538,S0052,2024-11-05,1,0,Paid
SU03284,B03687,S0087,2026-05-08,6,5,Paid
SU03285,B03659,S0048,2026-07-28,2,10,Complimentary
SU03286,B09434,S0126,2026-08-23,2,0,Paid
SU03287,B07753,S0105,2024-10-13,1,0,Paid
SU03288,B07342,S0146,2026-07-28,2,0,Paid
SU03289,B03335,S0093,2026-08-21,3,0,Pending
SU03290,B03009,S0024,2026-01-11,5,5,Paid
SU03291,B06729,S0096,2024-08-01,4,0,Paid
SU03292,B00771,S0015,2024-05-26,1,5,Pending
SU03293,B01136,S0116,2025-12-23,2,10,Paid
SU03294,B06920,S0031,2026-01-31,1,0,Paid
SU03295,B05383,S0115,2026-01-09,3,5,Paid
SU03296,B08534,S0022,2026-03-26,3,0,Paid
SU03297,B03946,S0120,2026-08-27,4,5,Paid
SU03298,B07994,S0002,2026-08-08,3,10,Paid
SU03299,B03642,S0023,2026-08-07,2,5,Paid
SU03300,B09455,S0140,2024-03-04,1,5,Paid
SU03301,B04253,S0097,2025-12-15,5,0,Pending
SU03302,B09088,S0018,2025-05-24,2,10,Paid
SU03303,B07033,S0094,2026-03-13,1,5,Paid
SU03304,B06858,S0043,2025-11-14,4,0,Paid
SU03305,B01811,S0032,2024-09-09,4,0,Paid
SU03306,B06805,S0030,2026-01-29,1,0,Paid
SU03307,B05272,S0012,2024-02-19,1,10,Paid
SU03308,B00357,S0044,2025-04-09,2,20,Paid
SU03309,B03953,S0109,2026-02-14,2,5,Paid
SU03310,B06620,S0127,2026-07-18,2,15,Paid
SU03311,B06918,S0043,2026-01-06,3,0,Paid
SU03312,B03011,S0120,2024-08-07,1,0,Paid
SU03313,B04625,S0022,2026-06-07,3,25,Paid
SU03314,B02447,S0027,2024-01-18,1,10,Paid
SU03315,B05054,S0029,2026-06-10,4,0,Paid
SU03316,B04788,S0038,2025-11-04,3,0,Paid
SU03317,B00392,S0124,2026-07-01,1,10,Pending
SU03318,B06004,S0051,2025-01-15,4,0,Paid
SU03319,B03695,S0089,2025-08-05,1,0,Paid
SU03320,B04294,S0111,2024-11-15,1,0,Paid
SU03321,B01592,S0013,2026-07-27,3,5,Paid
SU03322,B00238,S0023,2025-03-12,1,15,Paid
SU03323,B03125,S0003,2024-10-05,2,0,Complimentary
SU03324,B03426,S0122,2026-02-10,4,5,Paid
SU03325,B03694,S0062,2025-04-10,3,5,Paid
SU03326,B04492,S0108,2025-12-13,2,10,Paid
SU03327,B03103,S0148,2024-11-15,3,10,Complimentary
SU03328,B07798,S0098,2026-08-20,1,5,Paid
SU03329,B03908,S0119,2024-03-01,3,10,Paid
SU03330,B07509,S0102,2025-10-25,5,10,Paid
SU03331,B06226,S0148,2026-03-19,3,0,Paid
SU03332,B00615,S0088,2026-02-16,3,15,Paid
SU03333,B04739,S0121,2026-08-04,1,0,Paid
SU03334,B07889,S0117,2024-02-26,1,5,Paid
SU03335,B01014,S0035,2025-07-07,2,5,Paid
SU03336,B04368,S0039,2024-01-07,3,10,Paid
SU03337,B00895,S0028,2025-05-31,5,0,Paid
SU03338,B00357,S0043,2025-04-12,1,0,Paid
SU03339,B09375,S0124,2025-04-26,1,0,Pending
SU03340,B03631,S0042,2024-10-07,1,5,Paid
SU03341,B03639,S0023,2025-09-28,2,0,Paid
SU03342,B06397,S0006,2026-04-12,4,0,Paid
SU03343,B04587,S0036,2024-01-14,1,5,Paid
SU03344,B01606,S0144,2024-08-31,1,5,Paid
SU03345,B00283,S0107,2026-02-23,4,0,Paid
SU03346,B04455,S0116,2024-07-19,1,10,Complimentary
SU03347,B09918,S0114,2026-04-15,1,0,Paid
SU03348,B02574,S0149,2026-08-11,4,5,Paid
SU03349,B06460,S0088,2025-08-07,2,20,Paid
SU03350,B01629,S0081,2024-05-07,2,0,Paid
SU03351,B06713,S0135,2025-10-10,4,0,Paid
SU03352,B06611,S0116,2026-06-03,2,5,Paid
SU03353,B00394,S0122,2025-07-23,4,10,Paid
SU03354,B09494,S0115,2026-03-16,3,0,Paid
SU03355,B09991,S0021,2026-07-14,2,0,Paid
SU03356,B08327,S0023,2024-03-23,1,5,Paid
SU03357,B02592,S0044,2024-05-30,2,10,Paid
SU03358,B07458,S0055,2026-07-14,1,5,Paid
SU03359,B00187,S0049,2025-01-29,3,15,Paid
SU03360,B04770,S0117,2026-03-18,10,20,Paid
SU03361,B02550,S0008,2025-06-18,2,20,Paid
SU03362,B07365,S0025,2026-02-02,2,0,Paid
SU03363,B04365,S0119,2024-11-19,3,20,Paid
SU03364,B00670,S0043,2024-04-20,3,20,Paid
SU03365,B03402,S0108,2026-07-03,4,0,Pending
SU03366,B07805,S0107,2026-04-07,4,15,Paid
SU03367,B08002,S0108,2025-10-21,4,10,Paid
SU03368,B08125,S0103,2026-08-13,4,10,Paid
SU03369,B04075,S0049,2026-05-09,2,10,Pending
SU03370,B08102,S0133,2025-12-28,1,5,Paid
SU03371,B09513,S0032,2026-04-12,5,5,Paid
SU03372,B09552,S0072,2026-07-21,1,25,Paid
SU03373,B03876,S0015,2025-06-22,1,5,Pending
SU03374,B05057,S0060,2025-09-25,8,0,Paid
SU03375,B07208,S0100,2026-07-19,2,5,Pending
SU03376,B00803,S0123,2024-08-24,1,10,Complimentary
SU03377,B05832,S0135,2025-03-23,3,0,Paid
SU03378,B01602,S0049,2026-02-19,2,5,Paid
SU03379,B08514,S0034,2026-06-09,2,0,Paid
SU03380,B08380,S0040,2024-01-07,5,0,Paid
SU03381,B02747,S0008,2025-12-27,2,0,Paid
SU03382,B02383,S0088,2025-09-06,2,5,Pending
SU03383,B03962,S0060,2026-04-06,1,5,Paid
SU03384,B06541,S0059,2025-02-18,1,0,Paid
SU03385,B05203,S0005,2025-12-13,1,0,Paid
SU03386,B03536,S0041,2026-06-14,2,0,Paid
SU03387,B05128,S0042,2026-02-19,3,0,Paid
SU03388,B08911,S0033,2024-12-29,1,5,Paid
SU03389,B06496,S0107,2025-12-28,5,5,Paid
SU03390,B08164,S0124,2025-05-19,2,5,Paid
SU03391,B03522,S0093,2025-07-24,6,0,Paid
SU03392,B05054,S0031,2026-06-09,2,0,Paid
SU03393,B07892,S0039,2026-08-28,10,0,Paid
SU03394,B09722,S0025,2025-11-18,4,5,Paid
SU03395,B08089,S0026,2024-03-04,2,0,Paid
SU03396,B08724,S0032,2025-08-01,8,10,Paid
SU03397,B00599,S0109,2024-03-11,3,5,Paid
SU03398,B08515,S0015,2026-07-14,2,5,Pending
SU03399,B00973,S0132,2026-08-07,2,0,Paid
SU03400,B08792,S0115,2025-07-28,2,0,Paid
SU03401,B00584,S0028,2026-08-29,4,25,Paid
SU03402,B05495,S0073,2025-03-24,1,0,Paid
SU03403,B00411,S0074,2026-07-18,2,20,Paid
SU03404,B00607,S0117,2026-04-18,10,0,Paid
SU03405,B02555,S0034,2026-07-28,3,0,Paid
SU03406,B09303,S0087,2025-02-17,2,10,Paid
SU03407,B02623,S0002,2026-05-01,1,5,Paid
SU03408,B01846,S0028,2026-05-16,1,0,Paid
SU03409,B06575,S0028,2025-11-29,3,5,Paid
SU03410,B04413,S0059,2025-11-08,1,0,Paid
SU03411,B02695,S0022,2024-10-06,2,0,Paid
SU03412,B05357,S0147,2026-01-17,6,10,Paid
SU03413,B06608,S0097,2026-07-24,2,15,Paid
SU03414,B06599,S0056,2026-07-07,10,0,Complimentary
SU03415,B07764,S0114,2025-11-19,3,0,Paid
SU03416,B09483,S0055,2024-03-16,1,0,Paid
SU03417,B04289,S0003,2026-07-09,3,25,Paid
SU03418,B01532,S0106,2026-04-16,3,10,Paid
SU03419,B08785,S0038,2026-04-06,2,5,Paid
SU03420,B01144,S0108,2026-04-29,3,15,Paid
SU03421,B03969,S0026,2024-09-25,3,5,Pending
SU03422,B00714,S0028,2026-04-10,2,0,Paid
SU03423,B00516,S0132,2026-05-30,3,0,Paid
SU03424,B07057,S0106,2024-09-04,5,15,Paid
SU03425,B03141,S0046,2025-11-12,4,5,Paid
SU03426,B07534,S0087,2026-01-28,1,15,Paid
SU03427,B09443,S0088,2024-06-07,4,0,Paid
SU03428,B01340,S0048,2026-02-14,5,10,Paid
SU03429,B00581,S0055,2025-11-09,1,20,Paid
SU03430,B09238,S0052,2026-04-21,3,0,Paid
SU03431,B06946,S0028,2026-05-11,5,10,Paid
SU03432,B03954,S0112,2026-06-07,1,0,Paid
SU03433,B09219,S0092,2026-07-27,1,0,Paid
SU03434,B00304,S0124,2024-11-08,1,0,Paid
SU03435,B07131,S0096,2026-01-06,2,15,Pending
SU03436,B07951,S0136,2025-01-17,1,0,Paid
SU03437,B05082,S0090,2026-03-02,2,15,Paid
SU03438,B03650,S0036,2025-08-02,2,10,Paid
SU03439,B02927,S0142,2024-06-22,4,5,Paid
SU03440,B02187,S0043,2024-10-17,2,5,Paid
SU03441,B00374,S0025,2025-01-17,2,10,Paid
SU03442,B04924,S0038,2026-08-15,2,15,Paid
SU03443,B00170,S0125,2025-10-13,3,0,Paid
SU03444,B04188,S0005,2025-05-06,1,5,Paid
SU03445,B05025,S0087,2026-04-19,2,0,Paid
SU03446,B06723,S0064,2025-04-13,4,10,Paid
SU03447,B02734,S0047,2025-08-27,3,0,Paid
SU03448,B05259,S0034,2026-08-22,2,0,Paid
SU03449,B05292,S0022,2026-02-10,1,0,Paid
SU03450,B01180,S0108,2025-07-24,2,0,Paid
SU03451,B00835,S0022,2025-02-12,3,0,Paid
SU03452,B03248,S0118,2024-06-25,10,10,Paid
SU03453,B00832,S0032,2025-12-29,3,10,Pending
SU03454,B04839,S0062,2024-01-16,1,0,Paid
SU03455,B06016,S0116,2025-02-25,1,10,Paid
SU03456,B03248,S0118,2024-06-27,5,0,Paid
SU03457,B06782,S0010,2025-06-12,4,10,Paid
SU03458,B04623,S0007,2026-07-14,2,10,Paid
SU03459,B00701,S0009,2026-01-06,1,10,Paid
SU03460,B02050,S0005,2026-04-02,3,5,Paid
SU03461,B06578,S0064,2026-03-19,1,5,Paid
SU03462,B06522,S0003,2026-05-04,1,10,Paid
SU03463,B05095,S0024,2024-03-24,4,0,Paid
SU03464,B03757,S0102,2024-10-24,10,0,Paid
SU03465,B04775,S0034,2025-01-14,3,0,Paid
SU03466,B05620,S0086,2026-05-21,1,0,Paid
SU03467,B05394,S0028,2026-03-24,3,10,Paid
SU03468,B00855,S0046,2025-11-16,2,5,Paid
SU03469,B06020,S0034,2025-12-17,1,5,Paid
SU03470,B09978,S0106,2024-05-18,3,5,Paid
SU03471,B05319,S0072,2026-08-23,4,15,Paid
SU03472,B08781,S0038,2026-02-25,2,0,Paid
SU03473,B05476,S0107,2026-03-02,8,0,Paid
SU03474,B01225,S0108,2026-02-28,5,5,Paid
SU03475,B01835,S0151,2025-11-04,1,0,Paid
SU03476,B08840,S0098,2025-10-13,1,5,Paid
SU03477,B07445,S0143,2026-08-10,2,5,Paid
SU03478,B08191,S0114,2025-10-10,2,10,Paid
SU03479,B06134,S0031,2026-08-19,1,5,Paid
SU03480,B04618,S0105,2024-11-02,5,5,Paid
SU03481,B06409,S0002,2025-11-15,3,20,Paid
SU03482,B08264,S0002,2026-02-13,3,10,Paid
SU03483,B08157,S0093,2026-08-27,4,0,Paid
SU03484,B07504,S0112,2024-08-07,5,5,Paid
SU03485,B02740,S0107,2024-02-24,6,10,Paid
SU03486,B03309,S0012,2026-05-08,1,5,Paid
SU03487,B02924,S0120,2026-01-16,2,5,Paid
SU03488,B09778,S0008,2025-10-08,1,10,Paid
SU03489,B06939,S0024,2025-11-26,3,0,Paid
SU03490,B08004,S0040,2024-02-02,4,0,Complimentary
SU03491,B07444,S0077,2026-06-28,3,25,Paid
SU03492,B01413,S0114,2025-03-10,1,0,Paid
SU03493,B01505,S0029,2025-03-15,5,25,Paid
SU03494,B00850,S0048,2026-02-16,1,5,Complimentary
SU03495,B09375,S0124,2025-04-25,1,15,Paid
SU03496,B02483,S0003,2026-08-18,4,20,Paid
SU03497,B03948,S0027,2025-11-05,5,0,Paid
SU03498,B07561,S0011,2026-02-17,1,0,Paid
SU03499,B08310,S0058,2026-02-10,1,5,Paid
SU03500,B02527,S0146,2026-04-27,5,0,Paid
SU03501,B07758,S0109,2025-06-06,2,10,Paid
SU03502,B04344,S0150,2024-05-30,3,5,Paid
SU03503,B03700,S0059,2026-05-22,5,0,Paid
SU03504,B05258,S0086,2026-07-27,5,5,Pending
SU03505,B01396,S0050,2026-01-21,4,0,Paid
SU03506,B01285,S0006,2025-09-11,5,5,Paid
SU03507,B09104,S0002,2024-08-24,2,5,Complimentary
SU03508,B09851,S0117,2024-11-28,8,5,Paid
SU03509,B04294,S0113,2024-11-15,3,15,Paid
SU03510,B00631,S0043,2024-08-12,1,5,Paid
SU03511,B04360,S0092,2026-06-20,1,0,Paid
SU03512,B08798,S0068,2025-04-11,2,15,Paid
SU03513,B08455,S0090,2026-08-23,6,5,Paid
SU03514,B03950,S0060,2024-06-26,1,15,Paid
SU03515,B06006,S0008,2026-01-20,1,10,Paid
SU03516,B08062,S0028,2024-05-23,3,0,Paid
SU03517,B02930,S0044,2026-04-17,2,0,Paid
SU03518,B01493,S0114,2025-11-06,6,5,Paid
SU03519,B00477,S0108,2026-02-26,2,10,Paid
SU03520,B01603,S0092,2026-08-20,5,5,Paid
SU03521,B05163,S0148,2024-10-21,1,25,Paid
SU03522,B06987,S0032,2024-09-16,4,5,Paid
SU03523,B07675,S0089,2026-05-06,1,0,Paid
SU03524,B02109,S0077,2026-08-27,6,0,Complimentary
SU03525,B00630,S0142,2025-07-28,1,0,Paid
SU03526,B07656,S0022,2025-10-30,1,10,Paid
SU03527,B09105,S0012,2024-10-30,1,0,Paid
SU03528,B07073,S0016,2024-06-06,6,0,Paid
SU03529,B03701,S0066,2025-08-14,3,10,Pending
SU03530,B08863,S0028,2026-03-01,1,10,Pending
SU03531,B00153,S0093,2025-12-09,2,5,Pending
SU03532,B02863,S0013,2026-04-30,2,5,Pending
SU03533,B07964,S0049,2025-11-27,2,10,Paid
SU03534,B00840,S0097,2024-11-19,6,0,Paid
SU03535,B03484,S0017,2026-07-08,1,5,Paid
SU03536,B09379,S0023,2025-05-11,3,0,Paid
SU03537,B01447,S0107,2026-04-23,8,0,Paid
SU03538,B02676,S0116,2025-12-12,1,0,Paid
SU03539,B01483,S0008,2026-08-08,1,5,Paid
SU03540,B02779,S0018,2024-07-12,3,0,Paid
SU03541,B01600,S0051,2026-01-07,3,5,Pending
SU03542,B03119,S0002,2025-05-02,5,0,Paid
SU03543,B06282,S0010,2026-03-02,2,5,Paid
SU03544,B02484,S0127,2025-11-08,2,5,Pending
SU03545,B09689,S0004,2024-05-13,5,0,Paid
SU03546,B01837,S0147,2026-05-09,5,0,Paid
SU03547,B00976,S0046,2024-12-17,5,10,Paid
SU03548,B09044,S0022,2026-02-25,1,0,Paid
SU03549,B03965,S0012,2025-08-15,1,0,Paid
SU03550,B07749,S0114,2026-07-01,4,15,Paid
SU03551,B01469,S0116,2025-09-14,1,15,Paid
SU03552,B04195,S0005,2024-11-06,2,10,Paid
SU03553,B09235,S0101,2024-04-26,2,20,Paid
SU03554,B04354,S0048,2026-08-06,2,0,Paid
SU03555,B09453,S0092,2025-08-25,3,0,Pending
SU03556,B08277,S0095,2026-05-25,4,5,Paid
SU03557,B01423,S0036,2026-04-09,3,5,Paid
SU03558,B06645,S0090,2025-05-29,6,5,Paid
SU03559,B04311,S0124,2024-06-19,1,0,Paid
SU03560,B00283,S0112,2026-02-20,4,15,Paid
SU03561,B02270,S0013,2026-06-27,3,5,Paid
SU03562,B05297,S0114,2025-06-03,1,10,Paid
SU03563,B02416,S0110,2024-02-23,2,5,Paid
SU03564,B09895,S0147,2025-10-28,6,20,Paid
SU03565,B06497,S0069,2025-11-02,2,0,Paid
SU03566,B05210,S0115,2026-04-04,6,5,Paid
SU03567,B01649,S0109,2025-06-21,2,0,Paid
SU03568,B02756,S0050,2024-07-12,1,0,Paid
SU03569,B09165,S0028,2026-03-28,1,15,Paid
SU03570,B04262,S0097,2026-03-05,3,0,Paid
SU03571,B09523,S0027,2026-04-12,3,0,Paid
SU03572,B07918,S0115,2026-05-08,3,0,Paid
SU03573,B08404,S0140,2024-09-17,2,10,Paid
SU03574,B09727,S0121,2026-02-03,1,20,Paid
SU03575,B09954,S0023,2026-05-15,2,10,Paid
SU03576,B03693,S0038,2025-10-03,2,5,Paid
SU03577,B03375,S0088,2025-12-14,3,0,Paid
SU03578,B03426,S0122,2026-02-10,1,10,Pending
SU03579,B05761,S0093,2026-02-16,1,0,Paid
SU03580,B03177,S0051,2025-04-18,4,5,Paid
SU03581,B08384,S0002,2026-08-27,2,5,Pending
SU03582,B07658,S0050,2026-05-27,3,5,Paid
SU03583,B03577,S0017,2026-08-12,2,0,Paid
SU03584,B00530,S0051,2025-12-11,2,0,Paid
SU03585,B08351,S0038,2026-04-14,1,10,Paid
SU03586,B04977,S0026,2026-05-13,3,0,Paid
SU03587,B07477,S0011,2024-06-04,6,5,Paid
SU03588,B04960,S0043,2026-01-30,4,5,Paid
SU03589,B07442,S0091,2026-02-09,3,5,Paid
SU03590,B01313,S0039,2026-01-02,1,0,Pending
SU03591,B02591,S0027,2026-05-26,2,10,Paid
SU03592,B06572,S0027,2025-01-01,3,0,Paid
SU03593,B05754,S0040,2025-02-12,1,5,Paid
SU03594,B05493,S0094,2024-12-05,1,10,Paid
SU03595,B03007,S0107,2026-08-29,4,15,Pending
SU03596,B03613,S0066,2026-02-23,1,0,Paid
SU03597,B07213,S0022,2026-06-09,2,0,Paid
SU03598,B07423,S0149,2024-05-11,3,15,Paid
SU03599,B09872,S0144,2024-06-30,2,0,Paid
SU03600,B01942,S0140,2026-07-10,1,0,Paid
SU03601,B07909,S0037,2024-02-29,1,0,Pending
SU03602,B02316,S0088,2024-01-13,2,5,Paid
SU03603,B09120,S0059,2025-11-26,3,5,Paid
SU03604,B09704,S0037,2026-02-12,1,10,Paid
SU03605,B00152,S0098,2025-02-26,1,10,Paid
SU03606,B02882,S0034,2024-02-29,2,0,Paid
SU03607,B01134,S0025,2025-11-16,2,0,Paid
SU03608,B02949,S0139,2026-03-16,3,0,Paid
SU03609,B07226,S0025,2025-11-04,1,15,Paid
SU03610,B02306,S0048,2025-07-04,5,0,Paid
SU03611,B00416,S0046,2025-10-17,2,5,Paid
SU03612,B05680,S0061,2026-02-13,1,0,Paid
SU03613,B04779,S0038,2025-01-06,1,10,Paid
SU03614,B06911,S0005,2024-01-30,2,20,Paid
SU03615,B05736,S0108,2026-08-21,3,0,Paid
SU03616,B07956,S0151,2025-05-01,2,0,Paid
SU03617,B09362,S0119,2025-04-28,2,5,Paid
SU03618,B02751,S0059,2025-01-24,5,15,Paid
SU03619,B01171,S0106,2025-08-03,1,0,Paid
SU03620,B08394,S0114,2026-08-19,8,25,Paid
SU03621,B02929,S0037,2024-05-22,1,0,Pending
SU03622,B09250,S0092,2026-08-28,2,15,Paid
SU03623,B03275,S0044,2025-02-11,3,5,Paid
SU03624,B07073,S0019,2024-06-10,1,0,Paid
SU03625,B04476,S0108,2026-07-04,6,0,Paid
SU03626,B09481,S0097,2025-10-27,2,5,Paid
SU03627,B03154,S0031,2026-04-03,1,15,Paid
SU03628,B02727,S0100,2025-11-15,3,0,Paid
SU03629,B04368,S0036,2024-01-06,1,5,Paid
SU03630,B09579,S0120,2026-08-03,1,10,Paid
SU03631,B06633,S0093,2025-05-23,5,0,Paid
SU03632,B03497,S0098,2026-06-30,3,20,Paid
SU03633,B05339,S0104,2024-12-31,3,0,Paid
SU03634,B01450,S0124,2026-07-17,2,10,Paid
SU03635,B09556,S0087,2026-04-26,1,15,Paid
SU03636,B09726,S0122,2026-04-13,1,5,Paid
SU03637,B02568,S0002,2026-01-06,3,15,Paid
SU03638,B04843,S0109,2026-08-25,1,0,Paid
SU03639,B09449,S0052,2025-01-20,1,0,Paid
SU03640,B02946,S0151,2026-07-14,1,0,Paid
SU03641,B03421,S0105,2025-04-10,6,5,Paid
SU03642,B03078,S0150,2026-04-18,1,5,Paid
SU03643,B04402,S0029,2026-06-04,4,5,Paid
SU03644,B02346,S0125,2024-11-15,4,15,Complimentary
SU03645,B02091,S0105,2026-08-08,3,10,Paid
SU03646,B08277,S0096,2026-05-26,3,0,Pending
SU03647,B05571,S0091,2025-06-29,8,10,Paid
SU03648,B05587,S0020,2025-01-02,2,25,Paid
SU03649,B07739,S0149,2026-02-22,1,5,Paid
SU03650,B05577,S0036,2024-10-18,1,10,Paid
SU03651,B09446,S0047,2025-01-07,2,10,Paid
SU03652,B00665,S0150,2026-05-17,2,15,Paid
SU03653,B07552,S0039,2026-03-03,2,0,Paid
SU03654,B01761,S0115,2026-03-12,2,5,Paid
SU03655,B01669,S0126,2025-02-11,2,10,Paid
SU03656,B06626,S0017,2025-11-27,4,20,Paid
SU03657,B08036,S0114,2026-06-29,5,15,Paid
SU03658,B08402,S0049,2025-02-01,2,10,Paid
SU03659,B06287,S0095,2024-09-08,2,0,Paid
SU03660,B09334,S0026,2026-08-12,8,20,Paid
SU03661,B06434,S0023,2024-03-18,3,15,Paid
SU03662,B02114,S0031,2025-05-26,3,15,Paid
SU03663,B03737,S0073,2025-10-09,2,15,Paid
SU03664,B05613,S0047,2025-02-01,1,15,Paid
SU03665,B09079,S0097,2026-02-11,3,0,Paid
SU03666,B01144,S0108,2026-04-28,6,5,Paid
SU03667,B00858,S0067,2025-12-07,1,5,Paid
SU03668,B07568,S0055,2024-10-08,2,5,Paid
SU03669,B08861,S0115,2024-04-04,5,0,Paid
SU03670,B04860,S0007,2026-08-08,1,0,Paid
SU03671,B01308,S0050,2025-09-29,1,10,Paid
SU03672,B07489,S0110,2026-02-16,3,0,Paid
SU03673,B06116,S0125,2025-02-24,2,0,Paid
SU03674,B01574,S0032,2026-08-13,10,20,Pending
SU03675,B06058,S0008,2024-07-13,3,0,Paid
SU03676,B05264,S0110,2024-06-16,2,15,Paid
SU03677,B05509,S0031,2024-05-29,1,0,Paid
SU03678,B08579,S0100,2026-05-20,2,0,Complimentary
SU03679,B06671,S0045,2025-04-06,2,0,Paid
SU03680,B08407,S0087,2026-03-08,1,0,Paid
SU03681,B00593,S0008,2026-05-02,1,5,Pending
SU03682,B00612,S0053,2025-12-21,1,0,Paid
SU03683,B07815,S0048,2026-06-29,4,0,Pending
SU03684,B03791,S0039,2026-05-09,2,10,Paid
SU03685,B07549,S0109,2026-03-15,3,10,Paid
SU03686,B09553,S0058,2026-05-28,2,0,Paid
SU03687,B01514,S0007,2024-09-28,1,5,Paid
SU03688,B04629,S0023,2024-12-13,1,0,Paid
SU03689,B09111,S0035,2025-04-11,2,0,Paid
SU03690,B00916,S0114,2026-01-23,4,10,Paid
SU03691,B08796,S0040,2025-10-24,4,10,Paid
SU03692,B01463,S0105,2024-06-30,4,10,Paid
SU03693,B02493,S0128,2025-11-06,2,0,Paid
SU03694,B03779,S0110,2025-11-21,2,0,Paid
SU03695,B09966,S0047,2026-07-01,2,10,Paid
SU03696,B07301,S0024,2025-06-06,3,10,Paid
SU03697,B01504,S0066,2026-08-25,2,5,Paid
SU03698,B04967,S0063,2025-05-28,1,5,Paid
SU03699,B08548,S0113,2024-07-17,5,5,Paid
SU03700,B01751,S0018,2024-09-12,2,0,Complimentary
SU03701,B07238,S0043,2025-08-29,3,10,Paid
SU03702,B03837,S0125,2026-04-02,4,0,Paid
SU03703,B00144,S0125,2025-10-31,1,15,Paid
SU03704,B05095,S0027,2024-03-25,2,5,Paid
SU03705,B00060,S0130,2025-04-06,4,0,Paid
SU03706,B09605,S0059,2025-11-27,2,5,Paid
SU03707,B00777,S0092,2026-04-22,5,0,Paid
SU03708,B08957,S0057,2025-10-11,2,10,Paid
SU03709,B05050,S0119,2025-03-20,3,5,Paid
SU03710,B07959,S0065,2026-07-22,3,0,Paid
SU03711,B06980,S0038,2026-01-11,1,10,Pending
SU03712,B08267,S0031,2024-03-26,1,0,Paid
SU03713,B06901,S0087,2025-12-14,1,5,Paid
SU03714,B02036,S0007,2024-11-13,3,0,Paid
SU03715,B08323,S0118,2026-08-10,2,10,Paid
SU03716,B06317,S0062,2025-06-30,2,0,Paid
SU03717,B03124,S0004,2024-08-21,3,10,Paid
SU03718,B07330,S0031,2024-12-06,1,5,Paid
SU03719,B05014,S0022,2026-08-05,2,20,Paid
SU03720,B07671,S0061,2025-09-26,1,10,Paid
SU03721,B05779,S0031,2026-02-05,1,0,Paid
SU03722,B06066,S0022,2025-04-21,1,5,Paid
SU03723,B07913,S0006,2026-06-08,6,0,Paid
SU03724,B06241,S0009,2026-01-20,2,0,Paid
SU03725,B08815,S0104,2026-03-04,3,0,Paid
SU03726,B08126,S0073,2026-05-14,2,10,Paid
SU03727,B02569,S0034,2025-10-10,2,0,Paid
SU03728,B06315,S0125,2024-01-07,2,5,Paid
SU03729,B09146,S0021,2026-08-24,3,10,Paid
SU03730,B01798,S0091,2024-12-05,5,5,Paid
SU03731,B00877,S0089,2026-05-30,2,25,Paid
SU03732,B08017,S0113,2024-07-24,4,5,Paid
SU03733,B02001,S0133,2026-03-25,1,20,Paid
SU03734,B02183,S0047,2025-11-19,2,0,Paid
SU03735,B05878,S0142,2024-12-22,3,5,Paid
SU03736,B00564,S0050,2024-10-18,6,15,Paid
SU03737,B07804,S0010,2025-07-04,3,25,Paid
SU03738,B02360,S0106,2025-10-19,3,0,Paid
SU03739,B09393,S0001,2025-07-06,3,10,Paid
SU03740,B09818,S0099,2024-04-23,3,0,Paid
SU03741,B06009,S0125,2024-10-18,2,5,Paid
SU03742,B09087,S0030,2026-05-15,1,10,Paid
SU03743,B04486,S0063,2025-03-14,1,20,Paid
SU03744,B08923,S0014,2026-03-14,2,0,Paid
SU03745,B06137,S0032,2026-04-29,6,0,Paid
SU03746,B03677,S0037,2025-10-07,4,5,Paid
SU03747,B05602,S0003,2026-08-30,1,20,Paid
SU03748,B07576,S0025,2026-02-02,4,20,Paid
SU03749,B03441,S0108,2026-08-17,1,5,Paid
SU03750,B06902,S0108,2026-05-30,3,0,Paid
SU03751,B01387,S0135,2026-02-28,2,0,Pending
SU03752,B07381,S0037,2026-07-02,1,0,Paid
SU03753,B08325,S0047,2024-12-21,1,0,Paid
SU03754,B04713,S0103,2024-08-02,3,5,Paid
SU03755,B06817,S0143,2025-12-14,3,10,Paid
SU03756,B01019,S0019,2025-02-27,2,25,Paid
SU03757,B06209,S0041,2024-08-30,2,15,Paid
SU03758,B08091,S0014,2026-04-29,1,0,Paid
SU03759,B07966,S0127,2026-07-10,2,5,Paid
SU03760,B06928,S0090,2024-03-30,3,0,Paid
SU03761,B02595,S0050,2025-04-20,2,10,Paid
SU03762,B09474,S0049,2025-10-13,2,0,Paid
SU03763,B09601,S0004,2024-05-19,3,5,Paid
SU03764,B02391,S0147,2024-10-26,4,5,Paid
SU03765,B04943,S0013,2026-02-28,4,15,Paid
SU03766,B05347,S0048,2026-01-07,3,5,Paid
SU03767,B06222,S0002,2024-05-15,3,10,Paid
SU03768,B03422,S0027,2026-01-27,4,10,Paid
SU03769,B02164,S0118,2025-01-16,5,0,Paid
SU03770,B09293,S0126,2026-01-27,1,0,Paid
SU03771,B02237,S0043,2026-06-11,2,20,Paid
SU03772,B03792,S0088,2026-08-13,4,5,Paid
SU03773,B08304,S0053,2024-12-13,1,5,Paid
SU03774,B03213,S0032,2024-04-12,3,0,Paid
SU03775,B02639,S0092,2026-01-07,3,0,Complimentary
SU03776,B00485,S0076,2025-04-09,1,5,Paid
SU03777,B05450,S0115,2025-08-20,2,5,Paid
SU03778,B08036,S0118,2026-07-02,2,0,Paid
SU03779,B02430,S0035,2025-02-24,3,10,Paid
SU03780,B00212,S0040,2024-12-06,5,10,Pending
SU03781,B08158,S0005,2025-01-29,1,10,Paid
SU03782,B02989,S0052,2026-08-09,1,10,Paid
SU03783,B02341,S0025,2024-11-28,5,0,Paid
SU03784,B03845,S0099,2024-09-16,1,0,Paid
SU03785,B06751,S0098,2026-07-12,3,0,Paid
SU03786,B05372,S0016,2025-06-21,1,10,Paid
SU03787,B02373,S0107,2025-10-26,8,10,Paid
SU03788,B09282,S0148,2024-11-11,5,5,Paid
SU03789,B03861,S0026,2024-03-20,3,5,Paid
SU03790,B07492,S0011,2026-01-22,3,0,Paid
SU03791,B08469,S0021,2025-07-26,1,0,Pending
SU03792,B09187,S0117,2026-01-08,8,5,Paid
SU03793,B03139,S0031,2024-11-04,1,10,Paid
SU03794,B08075,S0018,2024-05-29,2,15,Paid
SU03795,B01615,S0027,2026-05-30,2,10,Paid
SU03796,B07781,S0041,2026-01-10,1,5,Paid
SU03797,B00558,S0021,2026-01-29,1,0,Paid
SU03798,B06288,S0116,2024-03-18,1,0,Paid
SU03799,B06791,S0126,2026-07-26,1,5,Paid
SU03800,B04647,S0086,2026-07-23,3,20,Complimentary
SU03801,B02428,S0104,2025-10-17,3,5,Paid
SU03802,B00552,S0087,2026-07-10,3,0,Paid
SU03803,B02849,S0026,2026-02-14,8,0,Paid
SU03804,B08039,S0027,2024-08-28,1,15,Paid
SU03805,B05277,S0109,2025-10-29,5,20,Paid
SU03806,B05482,S0128,2026-05-23,2,10,Paid
SU03807,B08193,S0031,2025-07-22,1,10,Paid
SU03808,B06330,S0098,2024-07-16,2,0,Paid
SU03809,B04640,S0040,2026-04-17,1,5,Paid
SU03810,B09251,S0087,2025-06-16,3,10,Paid
SU03811,B00548,S0128,2024-11-17,1,15,Paid
SU03812,B06079,S0114,2024-12-10,2,0,Paid
SU03813,B00510,S0035,2026-02-25,6,5,Paid
SU03814,B03665,S0124,2026-07-20,1,5,Paid
SU03815,B09482,S0094,2026-05-08,2,0,Paid
SU03816,B08697,S0053,2025-06-10,2,0,Paid
SU03817,B06763,S0052,2025-11-06,1,5,Paid
SU03818,B08127,S0022,2026-06-13,1,0,Paid
SU03819,B05982,S0003,2024-01-17,5,10,Paid
SU03820,B08949,S0025,2026-01-11,2,20,Paid
SU03821,B06789,S0023,2024-10-21,1,0,Pending
SU03822,B03742,S0032,2025-05-26,3,10,Paid
SU03823,B02137,S0028,2025-11-11,5,10,Paid
SU03824,B03526,S0008,2026-07-27,2,5,Paid
SU03825,B00290,S0106,2025-01-02,1,0,Paid
SU03826,B01939,S0086,2026-06-04,4,10,Paid
SU03827,B00856,S0025,2026-01-03,4,10,Pending
SU03828,B09054,S0038,2025-07-19,1,15,Paid
SU03829,B02796,S0151,2026-02-18,3,10,Paid
SU03830,B03731,S0092,2026-07-30,4,0,Paid
SU03831,B04981,S0022,2026-06-07,1,0,Paid
SU03832,B04988,S0115,2026-06-18,2,10,Paid
SU03833,B01034,S0139,2024-12-21,3,10,Paid
SU03834,B08896,S0086,2026-03-19,3,10,Pending
SU03835,B05020,S0111,2024-12-30,2,15,Paid
SU03836,B07516,S0031,2025-01-27,1,0,Paid
SU03837,B02720,S0097,2024-06-27,5,0,Paid
SU03838,B04575,S0097,2026-02-03,1,0,Paid
SU03839,B03798,S0146,2025-03-20,4,5,Paid
SU03840,B08748,S0126,2025-03-28,2,0,Paid
SU03841,B05926,S0118,2025-11-24,1,5,Complimentary
SU03842,B08911,S0037,2024-12-28,3,15,Paid
SU03843,B06624,S0110,2026-04-06,2,5,Paid
SU03844,B09408,S0032,2024-09-22,3,0,Paid
SU03845,B05404,S0030,2024-05-14,3,5,Pending
SU03846,B00290,S0100,2025-01-02,2,0,Paid
SU03847,B00267,S0099,2025-07-04,1,0,Paid
SU03848,B01096,S0020,2024-10-29,2,0,Paid
SU03849,B06332,S0016,2025-05-28,5,0,Paid
SU03850,B09322,S0073,2026-08-20,3,10,Pending
SU03851,B09663,S0113,2025-05-28,4,5,Paid
SU03852,B05005,S0002,2025-08-05,1,20,Paid
SU03853,B04555,S0012,2025-11-21,2,5,Pending
SU03854,B02166,S0115,2025-06-11,4,0,Pending
SU03855,B02378,S0059,2024-01-08,3,0,Paid
SU03856,B06395,S0059,2026-02-23,4,15,Paid
SU03857,B02922,S0008,2026-05-17,1,0,Paid
SU03858,B03350,S0061,2025-02-21,2,5,Paid
SU03859,B05289,S0025,2026-08-08,1,0,Complimentary
SU03860,B08839,S0114,2026-08-05,3,0,Paid
SU03861,B06346,S0074,2026-04-28,4,0,Paid
SU03862,B01583,S0089,2024-03-29,1,10,Paid
SU03863,B04976,S0151,2025-02-12,2,0,Paid
SU03864,B09174,S0114,2026-08-27,2,5,Paid
SU03865,B09160,S0003,2024-02-24,1,0,Paid
SU03866,B00810,S0101,2024-10-29,3,10,Paid
SU03867,B03890,S0044,2024-02-18,3,0,Paid
SU03868,B04314,S0027,2025-10-28,2,0,Paid
SU03869,B00054,S0096,2025-08-30,5,0,Paid
SU03870,B04484,S0125,2026-02-18,3,20,Paid
SU03871,B00079,S0110,2025-12-17,3,10,Paid
SU03872,B07613,S0014,2026-08-16,3,0,Paid
SU03873,B02561,S0117,2024-05-13,3,5,Paid
SU03874,B04969,S0127,2025-09-02,2,10,Pending
SU03875,B00033,S0015,2025-11-16,1,0,Paid
SU03876,B05600,S0068,2024-01-24,3,10,Pending
SU03877,B02409,S0050,2026-06-13,3,10,Paid
SU03878,B02263,S0068,2024-10-28,1,5,Paid
SU03879,B03817,S0137,2026-04-07,1,10,Paid
SU03880,B05329,S0107,2024-03-14,8,10,Paid
SU03881,B01795,S0045,2025-12-01,1,10,Paid
SU03882,B01379,S0022,2025-12-17,1,10,Paid
SU03883,B01723,S0040,2026-06-12,3,15,Paid
SU03884,B06416,S0026,2025-12-28,1,10,Paid
SU03885,B01655,S0050,2025-12-02,2,0,Paid
SU03886,B07827,S0021,2026-03-17,1,15,Paid
SU03887,B03767,S0097,2024-03-30,4,0,Paid
SU03888,B02129,S0134,2025-05-08,6,0,Paid
SU03889,B02274,S0049,2024-02-21,1,20,Paid
SU03890,B03776,S0031,2025-03-13,1,15,Paid
SU03891,B01554,S0139,2024-05-16,4,0,Paid
SU03892,B07672,S0064,2025-12-06,3,0,Paid
SU03893,B07265,S0055,2025-05-14,3,5,Paid
SU03894,B09224,S0048,2026-02-05,4,0,Pending
SU03895,B08968,S0028,2024-01-25,4,0,Paid
SU03896,B03146,S0126,2024-11-26,1,5,Paid
SU03897,B07381,S0038,2026-07-03,3,0,Pending
SU03898,B04100,S0053,2025-07-14,1,0,Paid
SU03899,B08406,S0056,2026-01-29,5,0,Paid
SU03900,B06765,S0015,2026-06-13,3,0,Paid
SU03901,B04642,S0136,2025-04-28,1,10,Paid
SU03902,B03337,S0070,2025-06-27,4,0,Paid
SU03903,B07058,S0037,2025-10-01,1,0,Pending
SU03904,B08597,S0086,2026-05-14,4,0,Paid
SU03905,B07523,S0093,2025-12-06,3,5,Pending
SU03906,B04963,S0023,2026-06-30,1,20,Pending
SU03907,B01616,S0090,2024-03-15,1,15,Paid
SU03908,B04292,S0128,2025-03-27,2,5,Paid
SU03909,B04152,S0102,2026-03-12,4,5,Paid
SU03910,B01737,S0020,2025-08-30,1,0,Paid
SU03911,B09437,S0127,2025-09-28,5,15,Paid
SU03912,B02617,S0042,2025-09-17,2,5,Paid
SU03913,B03783,S0053,2026-03-02,1,0,Paid
SU03914,B03618,S0012,2024-07-26,2,0,Paid
SU03915,B04539,S0003,2025-07-25,8,10,Paid
SU03916,B07586,S0101,2026-08-17,3,20,Paid
SU03917,B08536,S0048,2026-04-26,2,15,Paid
SU03918,B05724,S0003,2024-10-07,1,20,Paid
SU03919,B05553,S0097,2026-07-16,3,0,Paid
SU03920,B00292,S0044,2025-12-26,2,0,Pending
SU03921,B09242,S0049,2026-05-16,2,20,Paid
SU03922,B08576,S0045,2026-06-22,2,0,Pending
SU03923,B05433,S0033,2025-05-29,1,5,Paid
SU03924,B00961,S0141,2024-02-24,1,20,Paid
SU03925,B01334,S0105,2026-08-05,2,15,Paid
SU03926,B00885,S0007,2026-02-14,1,0,Pending
SU03927,B05464,S0129,2024-12-10,4,0,Paid
SU03928,B07636,S0088,2025-03-18,1,0,Paid
SU03929,B09185,S0034,2026-01-16,4,5,Paid
SU03930,B04456,S0041,2026-02-03,2,0,Paid
SU03931,B05893,S0116,2026-03-01,1,5,Paid
SU03932,B02436,S0093,2024-01-17,2,15,Paid
SU03933,B08433,S0059,2024-11-18,3,0,Paid
SU03934,B08219,S0015,2025-07-29,1,0,Paid
SU03935,B05318,S0007,2026-06-21,1,20,Pending
SU03936,B05388,S0130,2026-07-25,4,5,Paid
SU03937,B02652,S0102,2026-08-25,3,25,Paid
SU03938,B03561,S0112,2026-02-28,3,10,Paid
SU03939,B05940,S0071,2025-11-06,2,0,Paid
SU03940,B02168,S0064,2026-07-18,3,10,Paid
SU03941,B05725,S0027,2025-05-25,3,0,Paid
SU03942,B05201,S0057,2026-06-04,1,10,Paid
SU03943,B09709,S0026,2026-01-09,1,0,Pending
SU03944,B07944,S0036,2026-04-17,2,10,Paid
SU03945,B08065,S0002,2024-04-27,1,5,Paid
SU03946,B00079,S0107,2025-12-17,1,5,Paid
SU03947,B09620,S0027,2025-02-09,2,0,Paid
SU03948,B05148,S0112,2025-01-11,2,15,Paid
SU03949,B04788,S0040,2025-11-03,4,0,Paid
SU03950,B03290,S0096,2024-01-08,2,5,Paid
SU03951,B05524,S0019,2026-07-08,3,25,Paid
SU03952,B05284,S0036,2025-02-26,1,0,Paid
SU03953,B05536,S0050,2026-06-29,5,10,Complimentary
SU03954,B07353,S0093,2024-10-30,2,10,Paid
SU03955,B08028,S0039,2024-02-20,4,0,Paid
SU03956,B03917,S0046,2026-02-10,2,10,Paid
SU03957,B08435,S0026,2025-03-20,10,5,Paid
SU03958,B07839,S0105,2025-06-30,8,0,Pending
SU03959,B04834,S0024,2025-08-01,4,10,Paid
SU03960,B03499,S0088,2026-03-20,2,10,Paid
SU03961,B08111,S0014,2025-11-14,3,0,Paid
SU03962,B08374,S0112,2025-05-04,2,10,Paid
SU03963,B08700,S0039,2024-03-01,2,10,Paid
SU03964,B02834,S0088,2024-11-17,4,5,Paid
SU03965,B09202,S0116,2024-08-13,2,0,Paid
SU03966,B05885,S0052,2024-10-06,3,0,Paid
SU03967,B08174,S0140,2025-12-24,3,0,Paid
SU03968,B02463,S0062,2026-08-22,1,0,Paid
SU03969,B04302,S0062,2026-05-29,3,0,Paid
SU03970,B03568,S0114,2026-06-23,3,15,Pending
SU03971,B00426,S0058,2024-03-27,3,5,Paid
SU03972,B04999,S0099,2026-03-04,1,5,Paid
SU03973,B01138,S0107,2025-02-26,3,10,Paid
SU03974,B05437,S0150,2026-08-28,1,5,Pending
SU03975,B04217,S0048,2026-07-24,2,5,Paid
SU03976,B07398,S0007,2026-08-27,3,20,Paid
SU03977,B09649,S0045,2025-09-10,1,0,Pending
SU03978,B05025,S0090,2026-04-20,1,5,Paid
SU03979,B05810,S0026,2026-02-13,5,10,Paid
SU03980,B01217,S0136,2026-06-12,4,10,Paid
SU03981,B04766,S0035,2026-01-27,3,15,Paid
SU03982,B07127,S0017,2026-08-24,3,0,Paid
SU03983,B02351,S0017,2025-12-10,4,15,Paid
SU03984,B06171,S0093,2025-06-18,5,5,Paid
SU03985,B06220,S0067,2026-04-20,5,0,Paid
SU03986,B07832,S0056,2026-02-27,3,0,Paid
SU03987,B02880,S0024,2024-02-16,2,0,Paid
SU03988,B05753,S0086,2025-08-07,3,0,Paid
SU03989,B00256,S0059,2024-12-26,2,20,Paid
SU03990,B02144,S0115,2024-09-12,3,15,Paid
SU03991,B01373,S0135,2025-07-25,3,0,Paid
SU03992,B00644,S0109,2026-02-18,8,20,Paid
SU03993,B01505,S0024,2025-03-14,4,0,Paid
SU03994,B04319,S0114,2026-08-04,1,5,Paid
SU03995,B04645,S0074,2024-03-11,2,0,Paid
SU03996,B06150,S0104,2026-05-09,3,15,Paid
SU03997,B01312,S0050,2026-07-24,3,10,Paid
SU03998,B02558,S0089,2024-09-27,1,5,Paid
SU03999,B03454,S0039,2025-12-22,2,0,Paid
SU04000,B08064,S0017,2026-08-27,2,0,Paid
SU04001,B02481,S0060,2025-04-05,6,20,Paid
SU04002,B08520,S0074,2024-06-02,2,0,Paid
SU04003,B06731,S0007,2025-12-21,2,15,Paid
SU04004,B04933,S0041,2026-04-07,2,0,Pending
SU04005,B07035,S0121,2025-08-08,1,10,Paid
SU04006,B02509,S0141,2024-09-05,1,10,Paid
SU04007,B04324,S0019,2025-09-20,3,0,Paid
SU04008,B08659,S0092,2026-08-09,1,0,Paid
SU04009,B00479,S0029,2026-06-03,4,5,Paid
SU04010,B04043,S0005,2025-07-04,1,10,Paid
SU04011,B01039,S0080,2024-01-12,1,15,Paid
SU04012,B06082,S0112,2026-02-02,5,0,Paid
SU04013,B05184,S0126,2026-08-15,1,0,Paid
SU04014,B01998,S0100,2026-08-09,2,10,Complimentary
SU04015,B08949,S0024,2026-01-13,3,10,Paid
SU04016,B06905,S0036,2025-07-06,1,5,Paid
SU04017,B09313,S0109,2024-06-15,3,5,Paid
SU04018,B09597,S0142,2026-08-19,2,10,Paid
SU04019,B06982,S0083,2026-01-29,1,5,Paid
SU04020,B02806,S0015,2025-12-03,1,10,Paid
SU04021,B07567,S0037,2026-07-29,5,5,Paid
SU04022,B00326,S0148,2025-12-19,2,15,Paid
SU04023,B06320,S0065,2026-08-03,4,0,Paid
SU04024,B00212,S0032,2024-12-06,4,10,Paid
SU04025,B01380,S0135,2026-08-22,4,10,Paid
SU04026,B03551,S0043,2024-02-18,2,20,Paid
SU04027,B09019,S0032,2026-04-07,8,0,Paid
SU04028,B00196,S0059,2025-11-09,3,5,Paid
SU04029,B05074,S0066,2026-04-05,1,0,Paid
SU04030,B07521,S0096,2026-03-01,4,0,Paid
SU04031,B01001,S0138,2026-05-08,1,15,Paid
SU04032,B09648,S0098,2026-03-24,2,0,Paid
SU04033,B05863,S0038,2026-04-27,2,5,Paid
SU04034,B09316,S0101,2026-03-30,2,0,Paid
SU04035,B04633,S0011,2025-11-16,2,15,Paid
SU04036,B01797,S0074,2024-06-17,1,0,Paid
SU04037,B01666,S0022,2026-05-15,1,0,Paid
SU04038,B07109,S0003,2026-05-03,2,5,Paid
SU04039,B06041,S0056,2025-09-07,5,5,Paid
SU04040,B04117,S0032,2026-02-26,1,5,Paid
SU04041,B04876,S0113,2024-07-30,2,5,Pending
SU04042,B07826,S0037,2026-04-20,1,0,Paid
SU04043,B01671,S0026,2026-08-30,2,5,Paid
SU04044,B02229,S0117,2024-11-11,8,5,Paid
SU04045,B06178,S0090,2026-07-14,2,10,Paid
SU04046,B03125,S0006,2024-10-03,3,0,Pending
SU04047,B06394,S0069,2026-05-13,2,10,Paid
SU04048,B08172,S0022,2025-11-25,3,5,Paid
SU04049,B09541,S0037,2025-10-08,3,0,Paid
SU04050,B03325,S0025,2025-09-04,1,20,Pending
SU04051,B05748,S0064,2025-11-06,2,0,Paid
SU04052,B00242,S0013,2026-08-14,1,10,Paid
SU04053,B07122,S0085,2026-07-26,1,0,Paid
SU04054,B08332,S0127,2025-06-21,3,5,Paid
SU04055,B07321,S0037,2025-01-12,3,0,Paid
SU04056,B08117,S0114,2025-11-18,4,0,Paid
SU04057,B06290,S0038,2024-10-05,2,20,Paid
SU04058,B04837,S0103,2025-07-08,1,10,Paid
SU04059,B03900,S0128,2024-10-16,2,5,Paid
SU04060,B04807,S0112,2024-01-20,2,0,Paid
SU04061,B04102,S0059,2026-07-19,5,15,Paid
SU04062,B08718,S0010,2024-05-30,1,15,Paid
SU04063,B04095,S0116,2026-05-24,1,5,Paid
SU04064,B00978,S0033,2025-02-19,2,5,Paid
SU04065,B01559,S0030,2025-02-15,1,20,Paid
SU04066,B02004,S0051,2026-05-03,1,5,Paid
SU04067,B07117,S0032,2025-02-12,6,15,Paid
SU04068,B09657,S0027,2025-11-06,4,0,Paid
SU04069,B08165,S0079,2024-07-28,4,5,Paid
SU04070,B04801,S0028,2026-07-10,4,0,Paid
SU04071,B09900,S0114,2026-02-04,1,5,Paid
SU04072,B03761,S0094,2026-02-22,2,25,Paid
SU04073,B09623,S0043,2025-11-07,3,10,Paid
SU04074,B08167,S0018,2025-06-16,3,0,Paid
SU04075,B01941,S0073,2025-05-05,1,0,Paid
SU04076,B01775,S0048,2025-11-30,4,10,Paid
SU04077,B02018,S0096,2024-09-17,3,10,Paid
SU04078,B06364,S0033,2024-02-20,3,0,Paid
SU04079,B05406,S0014,2025-08-15,10,0,Paid
SU04080,B02783,S0138,2026-04-15,1,0,Paid
SU04081,B02193,S0048,2026-07-22,1,5,Paid
SU04082,B03271,S0022,2026-07-25,1,0,Paid
SU04083,B01375,S0057,2025-02-27,1,0,Paid
SU04084,B09571,S0031,2024-10-03,1,15,Paid
SU04085,B06142,S0114,2026-07-26,2,20,Paid
SU04086,B00230,S0007,2024-12-13,1,0,Paid
SU04087,B07607,S0007,2025-04-10,1,10,Paid
SU04088,B06670,S0048,2024-04-19,3,10,Paid
SU04089,B01176,S0009,2025-07-24,2,0,Paid
SU04090,B03563,S0017,2024-12-22,1,0,Paid
SU04091,B00822,S0096,2024-11-17,3,0,Paid
SU04092,B06610,S0104,2025-07-31,3,0,Paid
SU04093,B03966,S0096,2025-10-21,10,10,Paid
SU04094,B02577,S0151,2026-08-23,1,15,Paid
SU04095,B05571,S0087,2025-06-30,3,5,Paid
SU04096,B05927,S0036,2024-08-21,1,0,Paid
SU04097,B03341,S0116,2026-03-24,1,5,Paid
SU04098,B03845,S0103,2024-09-16,3,0,Paid
SU04099,B03201,S0027,2024-10-06,3,5,Paid
SU04100,B05848,S0030,2026-03-13,2,0,Paid
SU04101,B06439,S0126,2026-07-09,2,0,Paid
SU04102,B08567,S0111,2025-10-29,2,5,Paid
SU04103,B06368,S0144,2025-01-27,5,10,Paid
SU04104,B08949,S0028,2026-01-11,4,15,Pending
SU04105,B07322,S0028,2025-08-09,3,10,Paid
SU04106,B02514,S0022,2026-08-25,1,10,Paid
SU04107,B09458,S0097,2026-08-30,3,15,Paid
SU04108,B05339,S0105,2024-12-31,1,0,Paid
SU04109,B07394,S0127,2024-10-16,4,5,Paid
SU04110,B00922,S0034,2026-05-03,5,25,Paid
SU04111,B08462,S0112,2026-05-19,5,25,Paid
SU04112,B06031,S0058,2025-04-03,1,5,Complimentary
SU04113,B02354,S0145,2026-05-28,3,0,Paid
SU04114,B09747,S0109,2025-04-18,2,15,Pending
SU04115,B04618,S0106,2024-11-02,2,0,Pending
SU04116,B00612,S0059,2025-12-20,2,5,Paid
SU04117,B05823,S0032,2024-05-26,3,15,Paid
SU04118,B09176,S0015,2026-08-16,1,0,Paid
SU04119,B00352,S0115,2025-01-14,3,0,Paid
SU04120,B04904,S0097,2025-05-23,3,0,Paid
SU04121,B00964,S0137,2026-08-25,1,10,Pending
SU04122,B05587,S0021,2025-01-01,1,5,Paid
SU04123,B06886,S0031,2025-05-27,1,15,Paid
SU04124,B00232,S0137,2025-05-19,1,0,Paid
SU04125,B03866,S0118,2025-12-20,3,10,Paid
SU04126,B09081,S0138,2025-06-25,1,5,Paid
SU04127,B08523,S0123,2024-08-16,3,10,Paid
SU04128,B08785,S0033,2026-04-04,1,10,Pending
SU04129,B06304,S0094,2025-07-02,3,20,Paid
SU04130,B02125,S0040,2025-03-20,3,0,Paid
SU04131,B04290,S0143,2024-03-13,2,20,Paid
SU04132,B04261,S0107,2025-07-07,4,15,Paid
SU04133,B09850,S0124,2025-04-16,1,0,Paid
SU04134,B04271,S0141,2026-08-22,2,5,Paid
SU04135,B00540,S0112,2024-12-12,2,15,Paid
SU04136,B04428,S0031,2025-03-03,1,10,Paid
SU04137,B06948,S0089,2024-07-11,3,5,Paid
SU04138,B02849,S0025,2026-02-16,1,5,Paid
SU04139,B08686,S0066,2026-08-23,2,5,Paid
SU04140,B06860,S0100,2024-02-25,4,15,Paid
SU04141,B08188,S0065,2026-01-26,4,0,Paid
SU04142,B03734,S0025,2026-05-08,3,0,Paid
SU04143,B05310,S0030,2025-05-14,2,0,Pending
SU04144,B00246,S0030,2025-10-20,1,10,Paid
SU04145,B07821,S0127,2026-01-05,8,0,Paid
SU04146,B09123,S0041,2025-06-08,2,5,Paid
SU04147,B08163,S0046,2026-07-24,1,10,Paid
SU04148,B01992,S0009,2026-07-19,1,5,Paid
SU04149,B07209,S0139,2025-07-31,4,0,Paid
SU04150,B07143,S0089,2024-06-26,2,0,Paid
SU04151,B07087,S0099,2026-07-07,1,0,Paid
SU04152,B02314,S0026,2024-02-23,8,15,Paid
SU04153,B00975,S0139,2026-08-28,1,5,Paid
SU04154,B09962,S0009,2026-08-01,1,0,Paid
SU04155,B09722,S0022,2025-11-17,1,15,Paid
SU04156,B04405,S0039,2025-06-13,6,0,Paid
SU04157,B07758,S0110,2025-06-07,1,0,Paid
SU04158,B06225,S0006,2024-08-06,1,0,Paid
SU04159,B02319,S0021,2026-07-05,2,0,Paid
SU04160,B01739,S0005,2026-08-07,1,0,Paid
SU04161,B02798,S0056,2024-08-26,3,0,Paid
SU04162,B00865,S0015,2025-11-24,1,25,Pending
SU04163,B08646,S0118,2024-06-07,8,0,Paid
SU04164,B09353,S0117,2026-03-06,2,0,Paid
SU04165,B07745,S0114,2026-03-29,4,0,Paid
SU04166,B09123,S0039,2025-06-10,5,0,Pending
SU04167,B01140,S0114,2026-08-07,4,5,Paid
SU04168,B04233,S0021,2026-07-22,1,0,Paid
SU04169,B03595,S0147,2026-03-12,4,5,Paid
SU04170,B03078,S0146,2026-04-19,4,0,Complimentary
SU04171,B09069,S0059,2024-12-20,4,5,Paid
SU04172,B06845,S0030,2025-05-06,2,10,Paid
SU04173,B07575,S0136,2024-07-10,3,5,Paid
SU04174,B02549,S0015,2025-02-20,1,0,Paid
SU04175,B03051,S0112,2026-06-19,1,10,Paid
SU04176,B04199,S0007,2025-07-02,2,5,Paid
SU04177,B08866,S0003,2024-08-23,3,0,Paid
SU04178,B09843,S0052,2024-03-15,1,5,Paid
SU04179,B07055,S0139,2025-10-15,6,10,Paid
SU04180,B08560,S0032,2024-09-08,8,5,Paid
SU04181,B01167,S0016,2024-12-25,1,10,Paid
SU04182,B00913,S0102,2024-08-29,4,5,Paid
SU04183,B04486,S0063,2025-03-16,1,0,Paid
SU04184,B02606,S0129,2026-02-18,1,25,Paid
SU04185,B08568,S0030,2026-08-12,2,25,Paid
SU04186,B02404,S0036,2024-04-16,1,0,Paid
SU04187,B06154,S0100,2025-05-04,3,0,Paid
SU04188,B04005,S0009,2026-05-24,1,5,Paid
SU04189,B07324,S0001,2025-03-30,1,25,Paid
SU04190,B02701,S0056,2026-08-14,1,20,Paid
SU04191,B06895,S0062,2026-08-14,3,10,Paid
SU04192,B08542,S0086,2025-06-17,2,0,Paid
SU04193,B06792,S0029,2025-01-10,4,5,Paid
SU04194,B00295,S0043,2025-09-17,5,0,Paid
SU04195,B01045,S0017,2026-04-18,3,10,Paid
SU04196,B03849,S0091,2025-09-20,6,5,Paid
SU04197,B00799,S0105,2025-01-30,2,10,Paid
SU04198,B08914,S0125,2026-05-14,1,5,Paid
SU04199,B02631,S0113,2025-08-05,4,15,Paid
SU04200,B04781,S0116,2026-08-04,1,10,Paid
SU04201,B05854,S0149,2025-01-07,1,10,Paid
SU04202,B09067,S0143,2026-01-15,3,10,Paid
SU04203,B09161,S0015,2025-05-26,1,0,Paid
SU04204,B03563,S0019,2024-12-16,5,0,Paid
SU04205,B08597,S0092,2026-05-14,2,10,Paid
SU04206,B05406,S0017,2025-08-13,4,5,Paid
SU04207,B06605,S0020,2026-05-29,1,0,Paid
SU04208,B07999,S0095,2024-01-28,2,25,Paid
SU04209,B01056,S0103,2026-06-19,4,15,Paid
SU04210,B06825,S0045,2026-03-17,3,0,Paid
SU04211,B01734,S0097,2026-05-04,3,5,Paid
SU04212,B06371,S0093,2026-03-26,1,10,Paid
SU04213,B07928,S0144,2026-05-29,1,20,Paid
SU04214,B09161,S0021,2025-05-28,2,10,Pending
SU04215,B03601,S0073,2024-09-17,2,20,Paid
SU04216,B05459,S0123,2026-08-28,5,0,Paid
SU04217,B09640,S0003,2026-08-25,6,10,Paid
SU04218,B01300,S0004,2024-07-19,1,0,Paid
SU04219,B05327,S0048,2024-07-09,4,0,Pending
SU04220,B03349,S0056,2026-08-17,1,20,Paid
SU04221,B05614,S0009,2025-09-19,1,10,Paid
SU04222,B07919,S0121,2024-05-30,4,20,Paid
SU04223,B07263,S0139,2025-10-10,1,0,Paid
SU04224,B04183,S0033,2025-04-24,1,5,Paid
SU04225,B06976,S0041,2025-01-26,2,10,Paid
SU04226,B06947,S0026,2026-08-29,6,10,Paid
SU04227,B01651,S0124,2025-12-23,2,5,Paid
SU04228,B00478,S0031,2026-03-09,1,0,Paid
SU04229,B01102,S0097,2026-07-12,6,15,Paid
SU04230,B09924,S0035,2024-09-11,8,0,Paid
SU04231,B05630,S0116,2026-08-30,1,25,Paid
SU04232,B09914,S0011,2024-11-11,3,0,Paid
SU04233,B04490,S0010,2024-10-13,2,5,Complimentary
SU04234,B06295,S0055,2026-08-22,3,0,Paid
SU04235,B05300,S0112,2025-06-07,2,0,Pending
SU04236,B07863,S0097,2026-05-31,2,0,Paid
SU04237,B04545,S0033,2025-10-18,1,5,Paid
SU04238,B00997,S0116,2025-09-09,2,0,Paid
SU04239,B08102,S0136,2025-12-28,4,5,Pending
SU04240,B03898,S0060,2025-07-08,1,0,Paid
SU04241,B05855,S0148,2025-05-26,4,0,Paid
SU04242,B09963,S0151,2024-05-21,2,0,Complimentary
SU04243,B03213,S0033,2024-04-13,1,20,Complimentary
SU04244,B00542,S0108,2026-05-19,3,0,Paid
SU04245,B08171,S0107,2026-08-26,5,0,Paid
SU04246,B02475,S0012,2026-03-25,3,25,Paid
SU04247,B02835,S0090,2024-02-23,5,25,Paid
SU04248,B08755,S0078,2026-02-25,3,15,Paid
SU04249,B08796,S0033,2025-10-27,1,10,Paid
SU04250,B02470,S0110,2025-01-02,2,10,Pending
SU04251,B01873,S0126,2025-01-08,2,15,Paid
SU04252,B00266,S0006,2025-01-25,5,5,Paid
SU04253,B05318,S0005,2026-06-20,1,0,Paid
SU04254,B03309,S0012,2026-05-09,3,20,Paid
SU04255,B00779,S0089,2025-08-29,3,15,Paid
SU04256,B04324,S0016,2025-09-19,8,5,Paid
SU04257,B01953,S0031,2025-03-22,3,0,Paid
SU04258,B08165,S0079,2024-07-28,8,0,Paid
SU04259,B07951,S0135,2025-01-17,4,10,Paid
SU04260,B06212,S0023,2026-06-23,2,0,Paid
SU04261,B03280,S0022,2025-11-06,2,15,Paid
SU04262,B08092,S0124,2026-08-13,1,10,Paid
SU04263,B03522,S0095,2025-07-24,4,5,Paid
SU04264,B09147,S0137,2024-01-04,1,0,Paid
SU04265,B04330,S0109,2024-02-08,4,0,Paid
SU04266,B04724,S0095,2025-08-11,2,0,Paid
SU04267,B03042,S0023,2026-05-19,1,15,Paid
SU04268,B03810,S0042,2026-03-21,2,10,Paid
SU04269,B07038,S0048,2024-01-12,4,20,Paid
SU04270,B08131,S0013,2026-08-12,2,0,Paid
SU04271,B04354,S0046,2026-08-06,1,0,Paid
SU04272,B06324,S0096,2026-07-13,10,5,Paid
SU04273,B05281,S0145,2026-03-04,4,0,Paid
SU04274,B05550,S0054,2024-11-07,4,0,Paid
SU04275,B03073,S0107,2024-10-16,4,0,Paid
SU04276,B04021,S0011,2026-01-31,3,0,Paid
SU04277,B00629,S0023,2025-03-27,1,0,Paid
SU04278,B09971,S0011,2024-01-24,4,10,Paid
SU04279,B02875,S0093,2024-11-12,6,10,Paid
SU04280,B03310,S0117,2026-04-10,10,0,Paid
SU04281,B09057,S0114,2024-03-23,2,0,Paid
SU04282,B04525,S0019,2026-01-01,1,0,Paid
SU04283,B08568,S0023,2026-08-12,1,0,Paid
SU04284,B00865,S0020,2025-11-26,1,20,Paid
SU04285,B01190,S0106,2026-03-09,3,0,Paid
SU04286,B08899,S0003,2026-08-02,1,10,Paid
SU04287,B00564,S0043,2024-10-16,1,15,Paid
SU04288,B08722,S0114,2026-08-24,8,0,Paid
SU04289,B04727,S0024,2025-02-08,5,5,Paid
SU04290,B01924,S0143,2026-07-09,2,10,Paid
SU04291,B04532,S0086,2024-03-26,1,5,Paid
SU04292,B04402,S0027,2026-06-02,3,0,Complimentary
SU04293,B06796,S0118,2025-03-14,1,0,Paid
SU04294,B00507,S0010,2026-08-26,2,0,Paid
SU04295,B07061,S0061,2025-04-27,3,15,Paid
SU04296,B03637,S0059,2025-03-09,2,0,Paid
SU04297,B09821,S0117,2025-02-27,10,20,Paid
SU04298,B05456,S0102,2024-01-31,5,5,Paid
SU04299,B09265,S0123,2025-12-05,5,15,Paid
SU04300,B09814,S0108,2026-08-01,3,20,Pending
SU04301,B02004,S0046,2026-05-03,2,10,Paid
SU04302,B05243,S0121,2025-09-21,8,10,Paid
SU04303,B06511,S0118,2025-12-16,5,10,Paid
SU04304,B04926,S0022,2024-02-08,1,5,Paid
SU04305,B01510,S0059,2025-08-21,1,0,Paid
SU04306,B04525,S0013,2026-01-02,3,5,Paid
SU04307,B04994,S0109,2026-08-10,1,0,Paid
SU04308,B01879,S0002,2025-08-21,2,5,Paid
SU04309,B07607,S0005,2025-04-13,3,10,Paid
SU04310,B05832,S0132,2025-03-23,2,5,Paid
SU04311,B09370,S0115,2024-11-13,4,0,Paid
SU04312,B00599,S0108,2024-03-12,6,10,Paid
SU04313,B07381,S0039,2026-07-04,5,5,Paid
SU04314,B06466,S0033,2026-08-27,3,10,Paid
SU04315,B00424,S0073,2024-12-27,1,0,Paid
SU04316,B05759,S0004,2024-01-19,2,10,Paid
SU04317,B05532,S0013,2025-11-10,1,5,Paid
SU04318,B07612,S0021,2025-11-22,2,0,Paid
SU04319,B00180,S0051,2026-03-21,1,0,Paid
SU04320,B01040,S0062,2025-09-14,1,15,Paid
SU04321,B03051,S0110,2026-06-18,4,0,Paid
SU04322,B04834,S0031,2025-08-02,1,5,Paid
SU04323,B00351,S0125,2026-08-21,1,10,Paid
SU04324,B07660,S0047,2026-08-26,1,0,Paid
SU04325,B09135,S0145,2025-11-20,1,15,Paid
SU04326,B07509,S0104,2025-10-26,4,0,Paid
SU04327,B05606,S0028,2026-08-02,2,20,Paid
SU04328,B06302,S0025,2026-05-22,8,5,Paid
SU04329,B04353,S0116,2026-05-12,2,5,Paid
SU04330,B07283,S0039,2025-07-07,6,10,Paid
SU04331,B06400,S0110,2026-04-06,3,0,Pending
SU04332,B01040,S0063,2025-09-15,1,10,Paid
SU04333,B07470,S0031,2026-06-24,1,15,Paid
SU04334,B01464,S0034,2025-01-25,3,5,Paid
SU04335,B08817,S0053,2024-06-30,1,0,Paid
SU04336,B03937,S0121,2025-03-13,3,10,Paid
SU04337,B06954,S0005,2026-03-05,3,0,Paid
SU04338,B00245,S0066,2025-08-01,1,0,Paid
SU04339,B03873,S0020,2026-02-04,2,5,Paid
SU04340,B08922,S0124,2026-06-01,3,0,Paid
SU04341,B03751,S0138,2026-01-02,2,15,Paid
SU04342,B08685,S0069,2026-05-28,3,0,Paid
SU04343,B00909,S0010,2026-08-30,5,0,Paid
SU04344,B09392,S0035,2024-10-16,2,10,Paid
SU04345,B05218,S0040,2026-02-23,3,10,Paid
SU04346,B09620,S0030,2025-02-08,3,0,Paid
SU04347,B07259,S0104,2025-03-21,1,10,Paid
SU04348,B08108,S0039,2024-11-03,2,0,Paid
SU04349,B09831,S0121,2026-04-15,4,0,Paid
SU04350,B07877,S0051,2026-08-12,3,0,Paid
SU04351,B08899,S0008,2026-07-31,1,0,Paid
SU04352,B05916,S0114,2026-07-02,3,10,Paid
SU04353,B05519,S0124,2026-01-05,3,0,Paid
SU04354,B07852,S0094,2024-06-17,1,5,Paid
SU04355,B04733,S0056,2026-01-06,2,10,Paid
SU04356,B04688,S0118,2026-08-28,4,5,Pending
SU04357,B02009,S0066,2024-03-25,2,20,Paid
SU04358,B04891,S0034,2026-01-30,3,10,Paid
SU04359,B07011,S0060,2025-07-17,8,0,Paid
SU04360,B08390,S0052,2025-10-26,1,20,Paid
SU04361,B01671,S0026,2026-08-30,3,5,Paid
SU04362,B01698,S0030,2024-04-03,1,5,Complimentary
SU04363,B01998,S0106,2026-08-07,2,10,Paid
SU04364,B06466,S0036,2026-08-30,1,5,Pending
SU04365,B04404,S0094,2024-07-10,1,5,Paid
SU04366,B01231,S0036,2024-03-14,1,0,Paid
SU04367,B07790,S0094,2026-01-08,1,15,Paid
SU04368,B02616,S0006,2025-01-26,3,0,Paid
SU04369,B00736,S0050,2026-07-31,1,0,Paid
SU04370,B07295,S0120,2024-01-19,4,5,Paid
SU04371,B03983,S0021,2026-02-24,1,0,Paid
SU04372,B06891,S0109,2025-08-19,4,0,Paid
SU04373,B08195,S0093,2025-06-02,3,5,Paid
SU04374,B00726,S0012,2025-02-26,1,25,Paid
SU04375,B09510,S0056,2026-05-10,10,20,Paid
SU04376,B04748,S0050,2026-03-07,5,0,Pending
SU04377,B01957,S0134,2026-06-10,4,25,Paid
SU04378,B01021,S0031,2025-03-08,1,15,Paid
SU04379,B09082,S0067,2026-05-02,1,5,Pending
SU04380,B09219,S0086,2026-07-27,3,0,Paid
SU04381,B04694,S0002,2025-07-05,2,0,Paid
SU04382,B05448,S0071,2026-08-17,1,5,Paid
SU04383,B08136,S0028,2026-02-07,1,10,Paid
SU04384,B07636,S0091,2025-03-18,5,5,Paid
SU04385,B03596,S0072,2024-12-21,3,5,Paid
SU04386,B00243,S0022,2024-09-28,2,0,Paid
SU04387,B01938,S0149,2026-04-03,3,20,Paid
SU04388,B01253,S0035,2025-02-26,10,10,Paid
SU04389,B05815,S0037,2026-01-21,1,25,Paid
SU04390,B06245,S0072,2026-06-02,5,20,Paid
SU04391,B00533,S0148,2025-12-27,4,5,Paid
SU04392,B09616,S0093,2026-07-14,2,5,Paid
SU04393,B04473,S0094,2024-10-29,1,5,Pending
SU04394,B06245,S0072,2026-06-01,6,10,Paid
SU04395,B01513,S0069,2026-08-27,1,0,Pending
SU04396,B05264,S0111,2024-06-16,3,0,Paid
SU04397,B03999,S0147,2026-03-11,6,15,Paid
SU04398,B04525,S0017,2025-12-30,1,0,Paid
SU04399,B09752,S0073,2025-07-28,2,20,Paid
SU04400,B02443,S0029,2026-02-02,3,5,Paid
SU04401,B03587,S0095,2025-03-09,4,5,Paid
SU04402,B03364,S0001,2025-04-15,4,0,Paid
SU04403,B02149,S0003,2026-08-25,1,0,Paid
SU04404,B01294,S0062,2025-11-02,3,10,Pending
SU04405,B08722,S0114,2026-08-23,1,10,Paid
SU04406,B02209,S0008,2025-10-08,2,0,Complimentary
SU04407,B07358,S0082,2024-11-27,5,0,Paid
SU04408,B09155,S0141,2025-11-24,1,5,Paid
SU04409,B09935,S0048,2026-08-27,5,0,Pending
SU04410,B07571,S0102,2026-08-30,3,0,Paid
SU04411,B05099,S0013,2024-09-06,2,10,Paid
SU04412,B01962,S0129,2025-06-20,2,5,Paid
SU04413,B02981,S0127,2026-04-06,2,10,Paid
SU04414,B03069,S0014,2025-10-15,6,15,Pending
SU04415,B07937,S0025,2024-11-09,1,0,Paid
SU04416,B06650,S0030,2025-12-23,1,0,Paid
SU04417,B01838,S0003,2025-10-24,1,5,Paid
SU04418,B03299,S0003,2025-06-03,2,15,Paid
SU04419,B05509,S0025,2024-06-02,1,0,Paid
SU04420,B09554,S0118,2026-08-05,3,15,Paid
SU04421,B07562,S0066,2024-06-26,2,10,Paid
SU04422,B06368,S0144,2025-01-26,4,10,Paid
SU04423,B07201,S0011,2025-03-04,5,10,Paid
SU04424,B08188,S0062,2026-01-24,2,15,Paid
SU04425,B08866,S0008,2024-08-22,2,10,Paid
SU04426,B08431,S0026,2026-04-17,1,5,Paid
SU04427,B09939,S0119,2024-03-23,3,25,Paid
SU04428,B07333,S0006,2026-05-24,2,5,Paid
SU04429,B09155,S0144,2025-11-25,3,5,Pending
SU04430,B09837,S0043,2024-08-10,1,5,Paid
SU04431,B02294,S0055,2026-03-07,1,15,Paid
SU04432,B04995,S0058,2026-03-13,2,0,Pending
SU04433,B04781,S0114,2026-08-04,8,0,Pending
SU04434,B04674,S0117,2026-02-26,2,20,Paid
SU04435,B00345,S0037,2026-08-26,1,0,Pending
SU04436,B08633,S0121,2025-08-06,8,20,Paid
SU04437,B00578,S0107,2026-08-05,5,10,Paid
SU04438,B03828,S0087,2026-07-16,1,5,Paid
SU04439,B02644,S0030,2025-10-25,1,15,Pending
SU04440,B04712,S0047,2025-01-14,1,0,Paid
SU04441,B08990,S0045,2024-05-02,1,15,Paid
SU04442,B04840,S0141,2025-10-01,2,15,Paid
SU04443,B03575,S0096,2026-07-03,6,0,Paid
SU04444,B09795,S0101,2026-01-29,3,5,Paid
SU04445,B06011,S0041,2025-04-12,1,0,Paid
SU04446,B08128,S0140,2025-05-20,1,0,Paid
SU04447,B01013,S0094,2025-11-15,3,5,Paid
SU04448,B02028,S0072,2026-04-02,5,10,Paid
SU04449,B02989,S0042,2026-08-09,3,0,Paid
SU04450,B03329,S0062,2025-12-18,1,15,Paid
SU04451,B00718,S0098,2025-01-27,2,0,Paid
SU04452,B06960,S0086,2025-11-10,2,5,Paid
SU04453,B07719,S0053,2026-08-28,1,5,Pending
SU04454,B06630,S0057,2026-08-13,5,0,Paid
SU04455,B03847,S0044,2026-01-25,1,10,Paid
SU04456,B04194,S0101,2026-01-08,2,0,Paid
SU04457,B04724,S0093,2025-08-13,10,10,Paid
SU04458,B06238,S0087,2026-06-23,4,5,Pending
SU04459,B06826,S0116,2025-12-26,1,10,Paid
SU04460,B01997,S0003,2025-09-07,10,10,Paid
SU04461,B08341,S0149,2026-07-28,2,5,Paid
SU04462,B05205,S0034,2025-04-03,3,0,Paid
SU04463,B00613,S0100,2026-08-27,1,5,Paid
SU04464,B05327,S0042,2024-07-07,2,10,Complimentary
SU04465,B07226,S0031,2025-11-07,2,0,Pending
SU04466,B06762,S0045,2024-12-06,1,5,Paid
SU04467,B06475,S0108,2025-11-24,2,0,Paid
SU04468,B04327,S0040,2026-08-10,2,15,Paid
SU04469,B05106,S0112,2025-09-25,6,10,Paid
SU04470,B04836,S0150,2025-12-23,1,0,Paid
SU04471,B07253,S0042,2025-11-18,5,0,Paid
SU04472,B06059,S0034,2024-12-16,4,0,Complimentary
SU04473,B00983,S0090,2026-08-15,2,5,Paid
SU04474,B02760,S0140,2024-04-13,1,5,Paid
SU04475,B05294,S0046,2025-02-27,4,5,Paid
SU04476,B01561,S0031,2024-09-09,3,10,Pending
SU04477,B01985,S0010,2024-03-18,3,0,Paid
SU04478,B08735,S0027,2026-02-26,2,0,Paid
SU04479,B02791,S0021,2025-08-10,3,0,Paid
SU04480,B02711,S0150,2026-01-27,2,15,Paid
SU04481,B02917,S0035,2026-05-25,4,15,Pending
SU04482,B08494,S0009,2026-01-16,3,5,Complimentary
SU04483,B04666,S0033,2025-05-22,1,25,Paid
SU04484,B04668,S0108,2024-05-22,2,0,Paid
SU04485,B01443,S0033,2026-05-24,1,0,Pending
SU04486,B07761,S0046,2026-07-02,2,5,Paid
SU04487,B03375,S0092,2025-12-14,2,0,Paid
SU04488,B08214,S0103,2024-07-04,4,5,Paid
SU04489,B05316,S0148,2024-07-24,6,0,Paid
SU04490,B06838,S0041,2025-08-21,1,0,Paid
SU04491,B09005,S0044,2026-05-29,2,0,Paid
SU04492,B01370,S0125,2025-10-25,3,0,Pending
SU04493,B03031,S0067,2024-01-16,3,10,Paid
SU04494,B06186,S0115,2024-12-03,3,5,Pending
SU04495,B03417,S0049,2025-06-14,1,10,Paid
SU04496,B04942,S0112,2026-08-30,3,15,Paid
SU04497,B03543,S0033,2024-12-22,1,15,Paid
SU04498,B01840,S0024,2026-01-15,3,10,Paid
SU04499,B03866,S0118,2025-12-19,2,10,Paid
SU04500,B01304,S0093,2025-09-11,3,15,Pending
SU04501,B07983,S0084,2026-08-16,1,25,Paid
SU04502,B05963,S0001,2025-08-20,2,5,Pending
SU04503,B08195,S0094,2025-06-02,2,5,Pending
SU04504,B04882,S0122,2025-12-06,5,15,Paid
SU04505,B01669,S0122,2025-02-12,1,20,Paid
SU04506,B05330,S0022,2026-05-11,1,25,Pending
SU04507,B07407,S0091,2025-12-21,3,0,Paid
SU04508,B00956,S0025,2026-02-01,4,5,Paid
SU04509,B02213,S0118,2025-06-06,3,0,Paid
SU04510,B02460,S0033,2025-10-27,2,10,Paid
SU04511,B02451,S0077,2024-11-07,5,10,Paid
SU04512,B06325,S0007,2024-12-28,1,0,Paid
SU04513,B05043,S0010,2024-01-12,2,5,Paid
SU04514,B04589,S0044,2026-07-20,1,0,Paid
SU04515,B03011,S0126,2024-08-07,1,0,Paid
SU04516,B00041,S0149,2026-01-31,2,10,Paid
SU04517,B03103,S0151,2024-11-17,1,0,Paid
SU04518,B03617,S0037,2025-12-22,1,0,Paid
SU04519,B05855,S0147,2025-05-26,3,20,Paid
SU04520,B00410,S0008,2026-04-28,3,0,Paid
SU04521,B02415,S0025,2025-03-16,1,20,Paid
SU04522,B04281,S0112,2024-03-05,3,10,Pending
SU04523,B02125,S0039,2025-03-17,2,0,Paid
SU04524,B03667,S0035,2024-03-17,1,15,Paid
SU04525,B07718,S0125,2026-07-31,2,5,Paid
SU04526,B03570,S0045,2025-02-02,3,0,Paid
SU04527,B05745,S0087,2026-05-27,4,10,Pending
SU04528,B07962,S0026,2026-02-27,1,15,Paid
SU04529,B04475,S0037,2026-02-15,1,0,Paid
SU04530,B08034,S0109,2025-10-28,8,0,Paid
SU04531,B09656,S0121,2024-09-15,4,10,Paid
SU04532,B07949,S0023,2026-04-12,3,0,Paid
SU04533,B05930,S0002,2026-01-10,5,20,Paid
SU04534,B06817,S0144,2025-12-14,3,0,Paid
SU04535,B06713,S0134,2025-10-10,6,5,Paid
SU04536,B02073,S0035,2024-11-01,4,15,Paid
SU04537,B06221,S0014,2026-08-08,3,10,Paid
SU04538,B08026,S0042,2025-05-04,1,0,Paid
SU04539,B05563,S0141,2025-11-07,1,5,Paid
SU04540,B09992,S0012,2026-08-18,1,20,Paid
SU04541,B01238,S0140,2025-09-14,2,10,Paid
SU04542,B00981,S0093,2025-02-18,5,15,Paid
SU04543,B00697,S0050,2025-02-25,2,20,Paid
SU04544,B08298,S0009,2025-06-12,1,0,Paid
SU04545,B09369,S0026,2026-05-31,3,15,Paid
SU04546,B02089,S0113,2025-04-02,5,10,Paid
SU04547,B01559,S0022,2025-02-14,1,5,Paid
SU04548,B06488,S0115,2024-09-24,4,5,Paid
SU04549,B05696,S0052,2026-08-30,1,0,Paid
SU04550,B09174,S0116,2026-08-25,2,10,Paid
SU04551,B01606,S0142,2024-08-31,3,5,Pending
SU04552,B05450,S0118,2025-08-18,5,10,Paid
SU04553,B09570,S0006,2026-06-24,4,15,Paid
SU04554,B02664,S0109,2026-07-31,2,0,Paid
SU04555,B02185,S0054,2026-03-20,1,5,Paid
SU04556,B06058,S0003,2024-07-14,5,10,Paid
SU04557,B04802,S0092,2026-08-23,3,0,Paid
SU04558,B06256,S0030,2026-05-29,2,5,Paid
SU04559,B03668,S0021,2024-11-16,2,20,Paid
SU04560,B05278,S0147,2025-04-29,1,0,Paid
SU04561,B09607,S0049,2024-03-30,2,0,Paid
SU04562,B05467,S0012,2024-09-26,1,15,Paid
SU04563,B03490,S0046,2026-08-08,3,10,Paid
SU04564,B01819,S0054,2025-07-13,3,10,Paid
SU04565,B05660,S0087,2026-07-23,2,0,Paid
SU04566,B07530,S0112,2026-07-18,4,0,Paid
SU04567,B00273,S0030,2025-11-17,3,10,Paid
SU04568,B03280,S0031,2025-11-05,1,5,Paid
SU04569,B04623,S0007,2026-07-14,1,5,Paid
SU04570,B06661,S0143,2026-03-20,4,5,Paid
SU04571,B09282,S0150,2024-11-10,1,15,Paid
SU04572,B02726,S0088,2025-07-03,3,5,Paid
SU04573,B05102,S0012,2025-04-16,1,0,Paid
SU04574,B07779,S0135,2024-07-23,4,0,Paid
SU04575,B08794,S0093,2026-08-24,1,0,Paid
SU04576,B05771,S0007,2024-06-08,1,15,Paid
SU04577,B06090,S0016,2025-05-17,3,5,Paid
SU04578,B08530,S0021,2025-10-10,3,0,Paid
SU04579,B09141,S0074,2026-06-06,3,10,Paid
SU04580,B08061,S0124,2026-08-23,1,0,Paid
SU04581,B02498,S0030,2026-03-10,1,20,Paid
SU04582,B03945,S0021,2024-02-12,1,10,Paid
SU04583,B04164,S0024,2025-12-27,3,0,Paid
SU04584,B09097,S0049,2025-10-23,1,5,Paid
SU04585,B02269,S0117,2024-01-23,4,0,Pending
SU04586,B04860,S0009,2026-08-09,1,10,Complimentary
SU04587,B08457,S0097,2025-10-25,2,5,Paid
SU04588,B03563,S0020,2024-12-17,1,5,Paid
SU04589,B03314,S0050,2025-10-15,2,0,Paid
SU04590,B00162,S0102,2026-01-26,6,10,Paid
SU04591,B05346,S0006,2025-12-19,4,0,Paid
SU04592,B06736,S0115,2025-10-18,3,0,Paid
SU04593,B02131,S0020,2026-02-18,2,5,Paid
SU04594,B01592,S0019,2026-07-26,5,5,Paid
SU04595,B00840,S0095,2024-11-20,5,0,Paid
SU04596,B04936,S0059,2026-03-27,1,0,Paid
SU04597,B05154,S0127,2026-08-16,4,10,Paid
SU04598,B09266,S0100,2026-07-28,2,10,Paid
SU04599,B09543,S0073,2026-07-01,1,15,Paid
SU04600,B08901,S0127,2025-01-08,1,10,Pending
SU04601,B00430,S0115,2026-05-10,2,10,Paid
SU04602,B01750,S0033,2026-07-26,1,15,Paid
SU04603,B04573,S0007,2025-07-13,1,20,Paid
SU04604,B08600,S0096,2026-02-22,2,0,Paid
SU04605,B03570,S0045,2025-01-31,1,10,Paid
SU04606,B06896,S0005,2026-07-25,1,0,Paid
SU04607,B02390,S0150,2025-10-29,1,5,Paid
SU04608,B02705,S0048,2025-10-15,3,25,Paid
SU04609,B02851,S0031,2024-11-27,1,0,Paid
SU04610,B02549,S0016,2025-02-19,6,5,Paid
SU04611,B00614,S0089,2025-12-20,2,0,Paid
SU04612,B03766,S0045,2026-07-24,2,0,Paid
SU04613,B00133,S0022,2025-02-02,1,10,Paid
SU04614,B01651,S0125,2025-12-23,6,10,Paid
SU04615,B08306,S0003,2025-11-04,6,0,Pending
SU04616,B06630,S0060,2026-08-13,3,5,Pending
SU04617,B09795,S0100,2026-01-29,3,10,Paid
SU04618,B03348,S0151,2026-06-14,2,15,Paid
SU04619,B06680,S0036,2026-08-17,1,0,Paid
SU04620,B05146,S0086,2026-04-10,2,10,Paid
SU04621,B01111,S0117,2025-06-26,10,15,Paid
SU04622,B02963,S0055,2026-08-14,1,5,Paid
SU04623,B00207,S0023,2026-05-15,2,5,Paid
SU04624,B04107,S0107,2026-02-25,3,0,Paid
SU04625,B08567,S0108,2025-10-28,4,10,Paid
SU04626,B08764,S0129,2026-07-18,1,5,Paid
SU04627,B07513,S0054,2026-06-01,2,0,Paid
SU04628,B07861,S0097,2026-06-14,5,25,Paid
SU04629,B01276,S0101,2026-08-25,1,0,Paid
SU04630,B03566,S0032,2026-01-30,6,10,Paid
SU04631,B08298,S0003,2025-06-12,8,0,Pending
SU04632,B03575,S0093,2026-07-03,3,10,Paid
SU04633,B02959,S0094,2024-12-11,1,0,Paid
SU04634,B06905,S0037,2025-07-05,1,0,Paid
SU04635,B05913,S0097,2026-02-20,3,10,Paid
SU04636,B05637,S0110,2026-06-18,1,10,Paid
SU04637,B02946,S0149,2026-07-10,2,0,Paid
SU04638,B09499,S0114,2026-07-27,3,25,Paid
SU04639,B04954,S0036,2025-12-27,2,0,Paid
SU04640,B03394,S0115,2026-04-09,6,0,Paid
SU04641,B04032,S0033,2026-03-29,1,0,Paid
SU04642,B05145,S0143,2025-08-10,2,10,Paid
SU04643,B06922,S0151,2024-12-02,1,10,Paid
SU04644,B02590,S0014,2026-04-11,3,0,Paid
SU04645,B00964,S0133,2026-08-26,2,5,Paid
SU04646,B05470,S0142,2025-11-20,4,0,Paid
SU04647,B07220,S0104,2025-11-13,3,5,Paid
SU04648,B09807,S0098,2026-04-28,2,0,Paid
SU04649,B00758,S0148,2024-06-16,10,10,Paid
SU04650,B08585,S0006,2024-11-22,3,5,Paid
SU04651,B01276,S0103,2026-08-25,3,0,Paid
SU04652,B00397,S0055,2026-05-04,2,10,Paid
SU04653,B03481,S0028,2026-04-11,1,25,Paid
SU04654,B04454,S0068,2024-02-12,4,20,Paid
SU04655,B04296,S0091,2025-02-09,3,15,Paid
SU04656,B00082,S0095,2024-07-09,2,10,Paid
SU04657,B01805,S0114,2026-04-15,1,0,Paid
SU04658,B09503,S0029,2026-07-05,2,0,Paid
SU04659,B06098,S0034,2024-11-16,1,0,Paid
SU04660,B04429,S0027,2026-05-02,1,10,Paid
SU04661,B02583,S0021,2026-03-01,1,0,Paid
SU04662,B05458,S0127,2026-02-27,10,5,Paid
SU04663,B08651,S0103,2026-05-08,1,10,Paid
SU04664,B04571,S0030,2024-09-08,3,10,Paid
SU04665,B03296,S0074,2026-04-29,3,10,Paid
SU04666,B02425,S0046,2026-01-30,1,0,Paid
SU04667,B04748,S0051,2026-03-07,4,5,Paid
SU04668,B06056,S0110,2024-12-08,1,0,Paid
SU04669,B07124,S0052,2025-10-19,1,0,Paid
SU04670,B06507,S0113,2025-03-05,2,5,Paid
SU04671,B00177,S0031,2026-02-14,1,0,Paid
SU04672,B02251,S0061,2024-10-31,3,10,Pending
SU04673,B05973,S0032,2024-03-09,2,0,Paid
SU04674,B06974,S0147,2025-02-03,3,10,Paid
SU04675,B03375,S0086,2025-12-14,2,0,Paid
SU04676,B02533,S0093,2025-09-02,3,10,Paid
SU04677,B00726,S0020,2025-02-26,1,5,Paid
SU04678,B03064,S0127,2026-08-01,8,25,Pending
SU04679,B00295,S0048,2025-09-16,4,0,Paid
SU04680,B02816,S0027,2025-03-30,4,5,Paid
SU04681,B08318,S0146,2024-09-12,2,10,Paid
SU04682,B07200,S0112,2024-12-20,1,5,Paid
SU04683,B09459,S0134,2025-07-25,4,0,Paid
SU04684,B07977,S0007,2026-05-04,1,5,Paid
SU04685,B03642,S0027,2026-08-07,5,0,Paid
SU04686,B08656,S0109,2024-04-18,2,0,Paid
SU04687,B09305,S0100,2025-12-14,3,25,Paid
SU04688,B09775,S0014,2026-03-24,3,10,Paid
SU04689,B06939,S0027,2025-11-21,2,20,Pending
SU04690,B00987,S0131,2025-04-07,5,20,Paid
SU04691,B04155,S0124,2026-04-19,2,0,Paid
SU04692,B01371,S0111,2025-03-29,1,0,Paid
SU04693,B07302,S0017,2026-06-27,3,0,Paid
SU04694,B00159,S0017,2025-08-02,4,5,Paid
SU04695,B09357,S0033,2025-07-19,1,0,Pending
SU04696,B05590,S0146,2026-01-08,2,0,Paid
SU04697,B05500,S0122,2026-06-27,2,10,Paid
SU04698,B08191,S0117,2025-10-11,8,5,Paid
SU04699,B01919,S0097,2024-02-02,6,10,Pending
SU04700,B00410,S0007,2026-04-24,1,5,Paid
SU04701,B00113,S0107,2026-07-12,2,5,Paid
SU04702,B06834,S0031,2026-03-08,1,0,Paid
SU04703,B02427,S0099,2025-09-27,2,20,Paid
SU04704,B05128,S0045,2026-02-21,3,0,Paid
SU04705,B07637,S0113,2025-08-18,4,5,Paid
SU04706,B00452,S0027,2026-02-25,5,5,Paid
SU04707,B08532,S0108,2026-07-23,1,5,Pending
SU04708,B05210,S0117,2026-04-05,5,0,Paid
SU04709,B04927,S0025,2026-01-23,1,10,Paid
SU04710,B09108,S0038,2026-07-17,1,0,Paid
SU04711,B00513,S0034,2024-09-30,3,25,Paid
SU04712,B09614,S0017,2026-04-11,1,25,Paid
SU04713,B01176,S0006,2025-07-25,4,0,Paid
SU04714,B03570,S0052,2025-02-02,1,5,Paid
SU04715,B08637,S0022,2024-08-14,1,5,Paid
SU04716,B02008,S0114,2026-02-05,5,5,Paid
SU04717,B05695,S0026,2026-06-17,1,5,Paid
SU04718,B03208,S0042,2025-11-25,4,0,Paid
SU04719,B05562,S0037,2026-08-30,3,5,Paid
SU04720,B03304,S0026,2025-01-20,10,5,Paid
SU04721,B02418,S0123,2026-07-31,4,10,Paid
SU04722,B06099,S0135,2026-06-22,3,0,Paid
SU04723,B04241,S0030,2026-07-16,2,10,Paid
SU04724,B04365,S0114,2024-11-19,5,10,Pending
SU04725,B09775,S0013,2026-03-24,5,20,Paid
SU04726,B00382,S0026,2026-01-04,3,5,Paid
SU04727,B04009,S0092,2024-12-20,4,0,Paid
SU04728,B09223,S0021,2025-03-26,3,5,Paid
SU04729,B00434,S0069,2026-03-06,3,5,Paid
SU04730,B08734,S0062,2025-03-09,2,10,Pending
SU04731,B08465,S0013,2025-03-24,3,5,Paid
SU04732,B02195,S0109,2026-03-18,4,15,Pending
SU04733,B08905,S0103,2026-02-27,1,15,Paid
SU04734,B00054,S0095,2025-08-30,4,0,Paid
SU04735,B09026,S0112,2026-03-06,2,0,Paid
SU04736,B06312,S0141,2026-04-13,3,5,Paid
SU04737,B05052,S0100,2026-07-11,3,20,Paid
SU04738,B04690,S0093,2024-10-22,6,5,Paid
SU04739,B03177,S0046,2025-04-16,5,0,Paid
SU04740,B04005,S0005,2026-05-27,1,5,Complimentary
SU04741,B04266,S0017,2025-04-27,3,0,Paid
SU04742,B01469,S0117,2025-09-15,8,20,Paid
SU04743,B04837,S0102,2025-07-09,2,0,Paid
SU04744,B01674,S0110,2024-01-12,3,5,Paid
SU04745,B01539,S0124,2025-12-04,1,15,Paid
SU04746,B02025,S0040,2026-08-11,2,5,Paid
SU04747,B05167,S0023,2025-06-01,1,0,Paid
SU04748,B01769,S0017,2026-03-08,4,10,Paid
SU04749,B08856,S0028,2024-06-12,4,0,Paid
SU04750,B08080,S0115,2025-05-29,5,5,Paid
SU04751,B08446,S0116,2024-03-23,1,5,Paid
SU04752,B06974,S0146,2025-02-04,2,5,Paid
SU04753,B09211,S0108,2025-12-07,5,5,Paid
SU04754,B01140,S0114,2026-08-07,1,15,Paid
SU04755,B07070,S0037,2026-05-24,3,5,Paid
SU04756,B02543,S0050,2024-01-23,3,5,Pending
SU04757,B03121,S0026,2024-08-28,5,0,Paid
SU04758,B05126,S0036,2026-08-22,1,0,Paid
SU04759,B03845,S0102,2024-09-17,6,0,Paid
SU04760,B05265,S0005,2024-08-31,1,0,Paid
SU04761,B03809,S0112,2025-10-01,4,5,Paid
SU04762,B08615,S0025,2026-08-23,10,15,Paid
SU04763,B01929,S0088,2025-04-14,2,0,Paid
SU04764,B08417,S0027,2025-10-21,4,5,Paid
SU04765,B09520,S0023,2025-12-01,1,15,Paid
SU04766,B02512,S0134,2024-11-23,1,0,Paid
SU04767,B02650,S0013,2026-05-01,3,20,Paid
SU04768,B01339,S0146,2026-03-08,4,15,Paid
SU04769,B00363,S0094,2026-04-16,2,0,Paid
SU04770,B04496,S0013,2026-05-25,2,0,Paid
SU04771,B04452,S0079,2024-06-17,2,5,Paid
SU04772,B07182,S0012,2025-11-02,3,10,Paid
SU04773,B04328,S0037,2024-04-02,1,0,Paid
SU04774,B03467,S0143,2026-01-24,4,0,Paid
SU04775,B04070,S0099,2026-05-04,1,10,Paid
SU04776,B06406,S0086,2025-03-31,6,0,Paid
SU04777,B02612,S0029,2025-11-08,3,5,Pending
SU04778,B03074,S0110,2026-06-02,3,0,Paid
SU04779,B06228,S0134,2026-08-21,2,0,Paid
SU04780,B04600,S0112,2026-08-10,5,0,Paid
SU04781,B05527,S0057,2026-02-21,2,10,Paid
SU04782,B07282,S0039,2025-04-23,4,5,Paid
SU04783,B09138,S0116,2025-02-28,2,25,Paid
SU04784,B09110,S0117,2024-03-02,1,10,Paid
SU04785,B02146,S0019,2025-07-06,2,0,Paid
SU04786,B08586,S0007,2025-02-14,2,5,Paid
SU04787,B05427,S0096,2026-03-06,2,0,Pending
SU04788,B00555,S0140,2025-12-18,1,10,Paid
SU04789,B08715,S0089,2026-03-03,1,0,Paid
SU04790,B03330,S0059,2024-03-10,2,5,Paid
SU04791,B01030,S0115,2025-05-01,2,0,Paid
SU04792,B01841,S0111,2025-01-24,1,10,Paid
SU04793,B00122,S0033,2024-09-30,2,0,Paid
SU04794,B08431,S0030,2026-04-18,1,0,Paid
SU04795,B00164,S0086,2025-12-19,4,0,Paid
SU04796,B05101,S0063,2026-02-27,1,5,Paid
SU04797,B02268,S0115,2026-08-12,6,5,Pending
SU04798,B08027,S0050,2025-10-19,3,0,Paid
SU04799,B03446,S0065,2024-09-10,4,10,Complimentary
SU04800,B04314,S0022,2025-10-28,1,0,Paid
SU04801,B07698,S0143,2024-09-02,2,15,Paid
SU04802,B03984,S0011,2025-06-16,4,0,Paid
SU04803,B07113,S0034,2024-10-28,2,10,Paid
SU04804,B00320,S0015,2025-04-11,1,0,Paid
SU04805,B02279,S0067,2026-04-14,2,5,Paid
SU04806,B07580,S0027,2024-12-01,1,5,Paid
SU04807,B06762,S0047,2024-12-07,1,15,Paid
SU04808,B06436,S0059,2025-10-29,2,5,Paid
SU04809,B04108,S0032,2025-07-13,5,0,Paid
SU04810,B08812,S0036,2026-02-07,1,0,Paid
SU04811,B06320,S0066,2026-08-03,2,10,Paid
SU04812,B08200,S0028,2024-05-24,1,0,Paid
SU04813,B09483,S0058,2024-03-15,1,0,Complimentary
SU04814,B05840,S0085,2026-07-14,1,0,Pending
SU04815,B06109,S0118,2024-05-21,1,10,Pending
SU04816,B07259,S0106,2025-03-24,4,0,Paid
SU04817,B08180,S0116,2026-03-20,1,10,Pending
SU04818,B06913,S0006,2024-03-07,1,10,Paid
SU04819,B02625,S0019,2026-02-05,4,0,Pending
SU04820,B00045,S0116,2026-03-07,2,15,Paid
SU04821,B02853,S0112,2024-06-09,3,5,Paid
SU04822,B08919,S0018,2025-11-08,1,0,Paid
SU04823,B03538,S0050,2024-11-03,1,5,Paid
SU04824,B02237,S0043,2026-06-10,2,0,Paid
SU04825,B07428,S0112,2026-07-13,3,0,Paid
SU04826,B04354,S0045,2026-08-07,3,0,Paid
SU04827,B09416,S0040,2026-07-27,1,5,Paid
SU04828,B05066,S0048,2026-03-18,6,25,Paid
SU04829,B07071,S0085,2025-06-06,3,0,Paid
SU04830,B08039,S0030,2024-08-28,1,5,Paid
SU04831,B03772,S0147,2026-08-16,2,0,Paid
SU04832,B05531,S0004,2024-09-25,3,10,Paid
SU04833,B06404,S0008,2025-08-30,2,15,Paid
SU04834,B06551,S0010,2026-08-28,3,5,Paid
SU04835,B00670,S0048,2024-04-19,1,5,Paid
SU04836,B07058,S0036,2025-10-04,2,0,Pending
SU04837,B05644,S0013,2026-03-05,3,5,Paid
SU04838,B04242,S0019,2024-11-01,1,15,Paid
SU04839,B02169,S0033,2026-07-22,1,10,Paid
SU04840,B04082,S0097,2026-01-11,6,10,Paid
SU04841,B01067,S0032,2026-08-02,3,15,Paid
SU04842,B03725,S0031,2026-01-17,3,0,Paid
SU04843,B09842,S0021,2026-04-24,3,0,Paid
SU04844,B03911,S0092,2025-10-17,2,15,Paid
SU04845,B07566,S0019,2026-04-08,3,15,Paid
SU04846,B07740,S0010,2024-01-11,4,0,Paid
SU04847,B07755,S0141,2025-03-27,1,10,Pending
SU04848,B03263,S0123,2024-06-14,3,5,Paid
SU04849,B09543,S0071,2026-07-02,1,5,Paid
SU04850,B00196,S0060,2025-11-10,3,20,Paid
SU04851,B04415,S0144,2025-11-14,2,15,Paid
SU04852,B08886,S0005,2026-02-06,2,5,Paid
SU04853,B03300,S0002,2025-10-13,4,25,Paid
SU04854,B04112,S0013,2026-02-04,2,0,Paid
SU04855,B07321,S0032,2025-01-10,4,0,Paid
SU04856,B08453,S0115,2026-01-07,3,10,Paid
SU04857,B01877,S0089,2026-07-31,3,5,Paid
SU04858,B05722,S0019,2026-01-14,1,0,Paid
SU04859,B08786,S0023,2026-08-12,1,10,Paid
SU04860,B08752,S0086,2024-07-05,5,0,Paid
SU04861,B02129,S0135,2025-05-09,2,5,Paid
SU04862,B00164,S0086,2025-12-19,3,10,Pending
SU04863,B07518,S0120,2025-12-24,2,0,Pending
SU04864,B06940,S0103,2024-02-23,4,20,Paid
SU04865,B05823,S0038,2024-05-25,2,10,Paid
SU04866,B05368,S0014,2026-07-25,5,10,Paid
SU04867,B05525,S0041,2025-11-27,2,10,Paid
SU04868,B02649,S0118,2025-04-07,2,0,Paid
SU04869,B03960,S0038,2025-11-22,1,0,Paid
SU04870,B06780,S0049,2026-07-17,1,5,Paid
SU04871,B01896,S0132,2026-04-24,2,5,Paid
SU04872,B08170,S0108,2026-07-05,6,0,Paid
SU04873,B09307,S0123,2025-01-16,1,20,Paid
SU04874,B06165,S0088,2026-05-24,1,5,Paid
SU04875,B02549,S0019,2025-02-18,2,15,Paid
SU04876,B05810,S0030,2026-02-14,1,5,Paid
SU04877,B08221,S0151,2026-04-06,1,5,Paid
SU04878,B07733,S0008,2025-10-12,3,0,Paid
SU04879,B07986,S0110,2025-07-08,4,5,Pending
SU04880,B09235,S0105,2024-04-26,1,5,Paid
SU04881,B01274,S0032,2025-12-16,3,0,Paid
SU04882,B08959,S0110,2024-05-15,3,0,Paid
SU04883,B02403,S0118,2026-07-07,4,5,Paid
SU04884,B06268,S0114,2026-06-16,1,0,Paid
SU04885,B01344,S0141,2024-04-14,2,0,Paid
SU04886,B06454,S0003,2025-11-23,3,0,Paid
SU04887,B09807,S0098,2026-04-28,2,5,Paid
SU04888,B08887,S0057,2024-04-29,4,10,Paid
SU04889,B07386,S0023,2024-10-20,2,5,Paid
SU04890,B03450,S0013,2026-02-13,4,0,Pending
SU04891,B04214,S0026,2025-04-23,1,0,Paid
SU04892,B09054,S0032,2025-07-18,3,10,Paid
SU04893,B04813,S0007,2026-08-23,1,10,Paid
SU04894,B02373,S0111,2025-10-26,1,20,Paid
SU04895,B08564,S0043,2025-03-26,4,5,Paid
SU04896,B03217,S0033,2024-12-02,1,5,Pending
SU04897,B02811,S0006,2025-12-09,3,0,Paid
SU04898,B05631,S0103,2026-03-09,1,5,Paid
SU04899,B03010,S0115,2026-05-11,3,0,Paid
SU04900,B08148,S0031,2025-03-28,1,0,Paid
SU04901,B06863,S0068,2025-12-25,2,0,Paid
SU04902,B06787,S0029,2024-06-25,5,0,Paid
SU04903,B07330,S0022,2024-12-06,1,5,Paid
SU04904,B06730,S0094,2025-04-23,1,0,Paid
SU04905,B05388,S0129,2026-07-25,1,0,Paid
SU04906,B08193,S0023,2025-07-22,1,25,Paid
SU04907,B05330,S0028,2026-05-12,1,10,Paid
SU04908,B09969,S0108,2026-05-05,3,5,Paid
SU04909,B04451,S0112,2025-11-02,5,0,Paid
SU04910,B07846,S0033,2026-08-04,1,0,Paid
SU04911,B00439,S0036,2026-08-29,1,15,Pending
SU04912,B02740,S0111,2024-02-25,2,20,Paid
SU04913,B09397,S0019,2024-04-07,4,0,Paid
SU04914,B09992,S0013,2026-08-19,5,0,Paid
SU04915,B03813,S0073,2026-04-27,3,5,Paid
SU04916,B07543,S0118,2025-04-15,4,10,Paid
SU04917,B00109,S0036,2024-09-12,1,0,Paid
SU04918,B01637,S0088,2026-05-04,2,15,Paid
SU04919,B06053,S0028,2024-06-22,4,10,Paid
SU04920,B03130,S0124,2026-03-04,3,5,Paid
SU04921,B01649,S0110,2025-06-21,1,10,Paid
SU04922,B05424,S0062,2025-03-15,1,0,Pending
SU04923,B04365,S0115,2024-11-19,4,10,Paid
SU04924,B03417,S0046,2025-06-15,4,10,Paid
SU04925,B03177,S0042,2025-04-15,3,5,Paid
SU04926,B02314,S0024,2024-02-27,5,10,Paid
SU04927,B07839,S0105,2025-06-30,10,0,Complimentary
SU04928,B02190,S0040,2026-03-01,3,0,Paid
SU04929,B04885,S0027,2025-06-14,1,5,Paid
SU04930,B00162,S0104,2026-01-25,3,5,Paid
SU04931,B00536,S0051,2026-08-24,4,0,Paid
SU04932,B04280,S0107,2026-08-03,4,15,Paid
SU04933,B06220,S0073,2026-04-21,2,5,Paid
SU04934,B09731,S0120,2024-04-28,3,5,Paid
SU04935,B04025,S0114,2026-06-26,6,5,Paid
SU04936,B04124,S0055,2024-11-25,1,15,Paid
SU04937,B00108,S0121,2024-04-05,4,5,Paid
SU04938,B04179,S0145,2026-03-04,8,5,Paid
SU04939,B09109,S0014,2024-06-25,1,5,Paid
SU04940,B01699,S0092,2025-05-01,2,10,Paid
SU04941,B07572,S0119,2025-05-07,2,0,Paid
SU04942,B07173,S0146,2026-02-15,2,0,Paid
SU04943,B00165,S0108,2026-03-13,2,5,Paid
SU04944,B05082,S0088,2026-03-01,1,5,Pending
SU04945,B02486,S0019,2025-09-23,2,0,Paid
SU04946,B04917,S0068,2024-10-01,6,0,Paid
SU04947,B00807,S0108,2024-12-24,1,5,Paid
SU04948,B07551,S0024,2025-09-24,3,0,Paid
SU04949,B08292,S0017,2024-07-14,4,10,Paid
SU04950,B00915,S0114,2025-01-20,8,0,Paid
SU04951,B00629,S0029,2025-03-31,3,5,Paid
SU04952,B00036,S0089,2026-08-28,3,10,Paid
SU04953,B02451,S0077,2024-11-08,2,5,Paid
SU04954,B04694,S0005,2025-07-05,1,10,Paid
SU04955,B05685,S0049,2026-03-08,2,10,Paid
SU04956,B03381,S0047,2024-04-02,1,10,Paid
SU04957,B07977,S0007,2026-05-02,3,5,Paid
SU04958,B08470,S0096,2026-03-22,1,0,Paid
SU04959,B01559,S0023,2025-02-16,2,5,Paid
SU04960,B00997,S0115,2025-09-09,2,10,Paid
SU04961,B02825,S0065,2026-05-09,1,0,Paid
SU04962,B02199,S0050,2025-11-23,4,5,Paid
SU04963,B06087,S0114,2026-08-25,2,10,Paid
SU04964,B09586,S0023,2026-05-01,3,10,Complimentary
SU04965,B02473,S0114,2025-05-19,2,0,Paid
SU04966,B08688,S0021,2024-02-04,1,0,Pending
SU04967,B08085,S0052,2026-08-06,1,0,Paid
SU04968,B06980,S0038,2026-01-12,2,5,Paid
SU04969,B03346,S0105,2026-04-29,6,0,Paid
SU04970,B08997,S0017,2025-03-31,3,15,Paid
SU04971,B01540,S0009,2024-09-15,1,10,Pending
SU04972,B00836,S0065,2025-09-26,1,5,Paid
SU04973,B03356,S0074,2024-04-29,1,10,Paid
SU04974,B09873,S0124,2025-11-14,2,10,Paid
SU04975,B02150,S0007,2024-03-20,2,5,Paid
SU04976,B07943,S0014,2025-04-03,1,0,Paid
SU04977,B03530,S0006,2026-03-31,3,15,Paid
SU04978,B04474,S0036,2025-11-28,2,0,Paid
SU04979,B05281,S0138,2026-03-01,2,20,Paid
SU04980,B07315,S0065,2025-08-19,4,0,Paid
SU04981,B02823,S0073,2025-01-27,1,10,Paid
SU04982,B09428,S0051,2026-03-22,1,0,Pending
SU04983,B04837,S0100,2025-07-08,1,10,Paid
SU04984,B00222,S0129,2026-06-26,5,10,Paid
SU04985,B01948,S0121,2026-06-04,6,0,Paid
SU04986,B01578,S0142,2026-03-20,2,5,Paid
SU04987,B06631,S0119,2024-11-18,4,10,Paid
SU04988,B02363,S0095,2024-12-18,1,0,Pending
SU04989,B08732,S0125,2025-08-12,3,0,Paid
SU04990,B04922,S0025,2026-04-26,6,5,Paid
SU04991,B00711,S0119,2024-12-31,4,10,Paid
SU04992,B02237,S0042,2026-06-11,4,0,Paid
SU04993,B02883,S0086,2025-05-11,5,15,Paid
SU04994,B05139,S0029,2026-07-12,6,0,Paid
SU04995,B09603,S0138,2026-08-21,1,0,Paid
SU04996,B06908,S0029,2026-03-13,4,0,Paid
SU04997,B04738,S0111,2025-10-02,1,15,Paid
SU04998,B00550,S0008,2026-03-17,2,10,Paid
SU04999,B08864,S0093,2025-07-14,1,5,Paid
SU05000,B01888,S0122,2025-10-08,2,15,Paid
SU05001,B00915,S0117,2025-01-20,5,5,Paid
SU05002,B09141,S0069,2026-06-06,2,0,Paid
SU05003,B03270,S0023,2026-01-27,1,5,Paid
SU05004,B03683,S0097,2026-01-31,2,5,Pending
SU05005,B09154,S0069,2024-12-14,2,0,Paid
SU05006,B07272,S0108,2025-08-01,1,0,Paid
SU05007,B08517,S0010,2025-05-26,2,0,Paid
SU05008,B06683,S0119,2024-07-23,1,0,Paid
SU05009,B04814,S0003,2025-11-14,1,0,Pending
SU05010,B03622,S0109,2025-04-13,2,25,Paid
SU05011,B03160,S0006,2024-11-03,3,15,Paid
SU05012,B04058,S0116,2026-06-22,1,0,Paid
SU05013,B06190,S0043,2025-10-25,2,5,Paid
SU05014,B05199,S0103,2026-03-12,4,0,Paid
SU05015,B01601,S0051,2025-02-08,1,0,Paid
SU05016,B01443,S0033,2026-05-24,1,15,Paid
SU05017,B07647,S0149,2024-01-19,3,15,Paid
SU05018,B07193,S0149,2026-01-01,2,0,Paid
SU05019,B01044,S0022,2026-08-20,3,0,Paid
SU05020,B00856,S0025,2026-01-05,4,20,Paid
SU05021,B01085,S0022,2024-07-15,1,5,Paid
SU05022,B08229,S0125,2025-07-23,6,0,Paid
SU05023,B01088,S0032,2026-03-22,6,5,Paid
SU05024,B03018,S0065,2026-07-17,4,0,Paid
SU05025,B06534,S0087,2026-05-24,1,0,Paid
SU05026,B03633,S0051,2025-08-12,4,10,Paid
SU05027,B00515,S0128,2026-08-23,2,0,Paid
SU05028,B02791,S0021,2025-08-10,1,0,Paid
SU05029,B02134,S0092,2025-02-18,2,0,Paid
SU05030,B05282,S0040,2024-07-19,4,0,Paid
SU05031,B01741,S0037,2026-05-27,2,0,Pending
SU05032,B05697,S0113,2024-06-01,6,0,Paid
SU05033,B06741,S0012,2025-05-13,1,5,Paid
SU05034,B04828,S0101,2026-08-26,1,0,Paid
SU05035,B04613,S0037,2025-10-12,2,20,Paid
SU05036,B08509,S0095,2026-06-09,2,5,Complimentary
SU05037,B09116,S0106,2026-08-07,3,5,Paid
SU05038,B02433,S0100,2025-11-03,2,0,Paid
SU05039,B05342,S0116,2026-08-20,1,0,Paid
SU05040,B08237,S0059,2025-11-23,1,0,Paid
SU05041,B03962,S0060,2026-04-07,1,0,Paid
SU05042,B08747,S0116,2026-03-31,1,5,Pending
SU05043,B02443,S0029,2026-02-01,3,0,Paid
SU05044,B05358,S0031,2024-06-06,3,5,Pending
SU05045,B03085,S0037,2024-05-03,5,10,Paid
SU05046,B07935,S0031,2026-07-31,2,10,Complimentary
SU05047,B05828,S0094,2026-03-24,1,20,Paid
SU05048,B05948,S0113,2025-10-29,3,20,Paid
SU05049,B03873,S0019,2026-02-06,2,5,Paid
SU05050,B07265,S0057,2025-05-14,5,15,Pending
SU05051,B09134,S0107,2026-08-30,1,15,Paid
SU05052,B03316,S0017,2026-02-24,6,5,Paid
SU05053,B02592,S0043,2024-06-02,1,15,Paid
SU05054,B06573,S0056,2026-06-20,2,0,Paid
SU05055,B04879,S0024,2025-07-19,2,15,Paid
SU05056,B09339,S0138,2026-05-19,1,5,Complimentary
SU05057,B09583,S0025,2026-01-05,4,5,Pending
SU05058,B08270,S0054,2026-05-12,3,20,Paid
SU05059,B09533,S0006,2024-07-28,2,20,Paid
SU05060,B02942,S0092,2025-02-11,2,5,Paid
SU05061,B04971,S0093,2026-08-29,10,5,Paid
SU05062,B07509,S0100,2025-10-27,2,5,Paid
SU05063,B07389,S0006,2026-06-17,3,0,Pending
SU05064,B01469,S0114,2025-09-15,1,0,Paid
SU05065,B05967,S0125,2026-01-30,4,0,Paid
SU05066,B08653,S0022,2026-08-29,3,5,Paid
SU05067,B07538,S0109,2025-09-12,2,5,Paid
SU05068,B09247,S0086,2025-11-02,3,0,Paid
SU05069,B00675,S0118,2024-03-09,6,5,Paid
SU05070,B09369,S0030,2026-05-31,1,10,Paid
SU05071,B08667,S0023,2025-11-21,1,5,Paid
SU05072,B06379,S0053,2025-07-19,1,15,Paid
SU05073,B06308,S0090,2025-09-02,3,5,Paid
SU05074,B03051,S0108,2026-06-17,4,5,Paid
SU05075,B03693,S0035,2025-09-29,3,0,Paid
SU05076,B02165,S0011,2025-01-29,2,0,Paid
SU05077,B03817,S0137,2026-04-07,1,0,Paid
SU05078,B09755,S0032,2026-05-24,8,10,Paid
SU05079,B07673,S0030,2025-01-19,1,0,Paid
SU05080,B06427,S0087,2026-02-28,5,15,Pending
SU05081,B09701,S0138,2026-02-07,1,0,Paid
SU05082,B01805,S0116,2026-04-15,1,25,Paid
SU05083,B00205,S0096,2024-12-27,3,0,Paid
SU05084,B05699,S0147,2024-04-17,2,0,Paid
SU05085,B05930,S0009,2026-01-12,2,0,Paid
SU05086,B07019,S0117,2025-02-01,5,5,Paid
SU05087,B09884,S0111,2025-03-12,1,0,Paid
SU05088,B04180,S0088,2026-05-09,4,10,Pending
SU05089,B09963,S0151,2024-05-21,2,0,Paid
SU05090,B04558,S0030,2026-05-06,2,0,Paid
SU05091,B09962,S0009,2026-08-01,1,5,Pending
SU05092,B06250,S0084,2025-05-20,2,5,Paid
SU05093,B02280,S0072,2026-06-21,5,0,Paid
SU05094,B04939,S0009,2025-02-15,1,0,Paid
SU05095,B09524,S0029,2026-06-23,2,5,Pending
SU05096,B00707,S0098,2025-12-23,1,10,Paid
SU05097,B00611,S0003,2025-12-14,1,5,Paid
SU05098,B00674,S0114,2026-05-06,1,0,Paid
SU05099,B03952,S0109,2024-02-14,2,5,Paid
SU05100,B01149,S0108,2026-01-29,2,15,Paid
SU05101,B09003,S0031,2024-10-21,2,0,Pending
SU05102,B01916,S0030,2026-08-17,1,10,Pending
SU05103,B00217,S0019,2026-07-11,4,10,Paid
SU05104,B05577,S0036,2024-10-18,3,5,Paid
SU05105,B00558,S0013,2026-01-29,4,0,Paid
SU05106,B00639,S0114,2026-06-10,5,25,Paid
SU05107,B07084,S0149,2025-11-14,4,0,Paid
SU05108,B06626,S0011,2025-11-23,3,10,Paid
SU05109,B06906,S0138,2025-09-12,2,10,Paid
SU05110,B00504,S0082,2026-07-20,3,10,Paid
SU05111,B05287,S0131,2025-09-05,2,15,Paid
SU05112,B06606,S0127,2026-07-15,10,10,Paid
SU05113,B05721,S0027,2026-06-24,3,0,Pending
SU05114,B02207,S0006,2024-03-26,1,5,Paid
SU05115,B08723,S0043,2024-12-19,1,5,Paid
SU05116,B02801,S0122,2026-01-29,3,10,Paid
SU05117,B06713,S0133,2025-10-10,1,5,Paid
SU05118,B08703,S0124,2025-09-02,3,10,Paid
SU05119,B00339,S0032,2025-12-19,6,0,Paid
SU05120,B01688,S0046,2026-02-04,3,10,Paid
SU05121,B07337,S0097,2026-04-17,2,0,Paid
SU05122,B06646,S0116,2026-07-08,2,15,Paid
SU05123,B06215,S0107,2025-10-16,5,10,Pending
SU05124,B08234,S0125,2024-02-03,2,0,Paid
SU05125,B06205,S0039,2026-06-05,10,5,Paid
SU05126,B06216,S0016,2024-11-04,2,5,Paid
SU05127,B01102,S0093,2026-07-12,2,5,Paid
SU05128,B09616,S0098,2026-07-14,2,10,Pending
SU05129,B00672,S0030,2026-08-13,3,10,Paid
SU05130,B04150,S0146,2026-02-15,3,0,Paid
SU05131,B00922,S0033,2026-04-28,2,0,Paid
SU05132,B03826,S0049,2026-05-09,2,0,Paid
SU05133,B08309,S0007,2025-01-23,1,10,Paid
SU05134,B03381,S0044,2024-04-02,1,10,Paid
SU05135,B04966,S0090,2024-07-31,2,0,Paid
SU05136,B03088,S0118,2026-08-02,3,10,Paid
SU05137,B08299,S0137,2025-08-10,2,5,Paid
SU05138,B04826,S0111,2025-05-10,3,0,Paid
SU05139,B04112,S0017,2026-02-08,5,5,Paid
SU05140,B08068,S0066,2026-03-04,2,0,Paid
SU05141,B09669,S0096,2025-10-21,8,0,Paid
SU05142,B07988,S0048,2026-03-25,4,5,Paid
SU05143,B09012,S0024,2025-10-25,4,10,Complimentary
SU05144,B00560,S0037,2024-05-03,1,10,Paid
SU05145,B07945,S0032,2026-07-29,6,10,Paid
SU05146,B05069,S0003,2024-02-07,4,0,Paid
SU05147,B01352,S0047,2025-10-23,1,20,Complimentary
SU05148,B03822,S0035,2026-03-13,3,0,Paid
SU05149,B02357,S0090,2026-08-15,8,15,Paid
SU05150,B02220,S0019,2026-07-16,5,0,Paid
SU05151,B05366,S0052,2025-05-27,2,5,Pending
SU05152,B00984,S0043,2024-08-08,5,15,Paid
SU05153,B08957,S0054,2025-10-10,2,10,Pending
SU05154,B06792,S0022,2025-01-11,1,0,Paid
SU05155,B05912,S0123,2025-12-10,3,25,Complimentary
SU05156,B00975,S0145,2026-08-27,2,0,Paid
SU05157,B06666,S0026,2025-08-16,3,5,Paid
SU05158,B07368,S0006,2025-10-05,2,5,Paid
SU05159,B09381,S0119,2025-01-31,2,10,Pending
SU05160,B04405,S0039,2025-06-13,4,0,Paid
SU05161,B01544,S0012,2025-03-23,1,5,Paid
SU05162,B01770,S0026,2026-03-28,8,0,Paid
SU05163,B06901,S0090,2025-12-14,4,20,Paid
SU05164,B07661,S0083,2025-03-18,3,5,Paid
SU05165,B05476,S0107,2026-03-02,4,10,Paid
SU05166,B06208,S0116,2025-08-03,1,5,Paid
SU05167,B07124,S0052,2025-10-18,3,0,Paid
SU05168,B04688,S0115,2026-08-29,4,0,Paid
SU05169,B03853,S0107,2026-07-18,5,0,Paid
SU05170,B07569,S0104,2026-08-25,2,0,Paid
SU05171,B04734,S0039,2026-07-14,5,15,Paid
SU05172,B02745,S0030,2026-05-06,1,0,Paid
SU05173,B03653,S0110,2026-05-20,2,0,Paid
SU05174,B03103,S0149,2024-11-15,2,0,Paid
SU05175,B04851,S0015,2026-03-28,1,10,Paid
SU05176,B09862,S0150,2026-04-18,1,25,Paid
SU05177,B08757,S0074,2026-03-22,2,0,Paid
SU05178,B02444,S0099,2025-10-28,1,0,Paid
SU05179,B07324,S0008,2025-03-31,2,10,Paid
SU05180,B01856,S0047,2024-03-10,2,5,Paid
SU05181,B03809,S0113,2025-10-01,5,5,Paid
SU05182,B08560,S0041,2024-09-08,4,5,Paid
SU05183,B07183,S0110,2026-03-04,1,5,Paid
SU05184,B06830,S0010,2025-11-03,2,0,Paid
SU05185,B05170,S0151,2026-01-05,1,15,Paid
SU05186,B04260,S0017,2025-05-03,3,10,Complimentary
SU05187,B08526,S0109,2024-01-30,8,5,Paid
SU05188,B05401,S0096,2026-08-30,4,15,Paid
SU05189,B05296,S0049,2025-01-27,1,10,Paid
SU05190,B00005,S0051,2025-07-06,2,10,Paid
SU05191,B03280,S0025,2025-11-08,1,10,Paid
SU05192,B09982,S0048,2024-10-13,2,20,Pending
SU05193,B06814,S0092,2025-11-26,1,15,Paid
SU05194,B04977,S0030,2026-05-13,1,15,Paid
SU05195,B05491,S0088,2025-04-08,2,0,Paid
SU05196,B02476,S0035,2024-09-02,6,0,Paid
SU05197,B08091,S0017,2026-04-29,5,5,Paid
SU05198,B02608,S0032,2025-09-21,2,0,Paid
SU05199,B09510,S0055,2026-05-09,1,0,Paid
SU05200,B09142,S0143,2026-07-15,3,15,Paid
SU05201,B03965,S0020,2025-08-15,1,0,Paid
SU05202,B03932,S0030,2026-03-30,2,10,Paid
SU05203,B06955,S0003,2026-08-18,2,15,Paid
SU05204,B05269,S0087,2024-03-24,2,10,Paid
SU05205,B03456,S0114,2026-05-20,2,0,Paid
SU05206,B05490,S0034,2026-04-02,5,0,Paid
SU05207,B05073,S0124,2025-07-29,1,20,Paid
SU05208,B03463,S0146,2025-10-12,2,0,Paid
SU05209,B01309,S0064,2025-10-19,2,0,Paid
SU05210,B02012,S0089,2026-08-26,1,0,Paid
SU05211,B05287,S0129,2025-09-06,3,20,Paid
SU05212,B06057,S0106,2025-04-27,3,10,Paid
SU05213,B05419,S0110,2025-07-08,3,0,Paid
SU05214,B02600,S0089,2026-03-29,1,0,Paid
SU05215,B06268,S0116,2026-06-16,3,20,Paid
SU05216,B03723,S0032,2024-08-10,2,5,Paid
SU05217,B01313,S0039,2026-01-02,1,5,Paid
SU05218,B01160,S0100,2025-12-31,2,10,Paid
SU05219,B02533,S0096,2025-09-02,1,0,Paid
SU05220,B07037,S0114,2026-07-23,3,5,Paid
SU05221,B08763,S0058,2025-10-30,1,5,Paid
SU05222,B00941,S0093,2024-09-24,1,10,Paid
SU05223,B06295,S0053,2026-08-22,1,0,Paid
SU05224,B01489,S0118,2026-08-22,2,0,Paid
SU05225,B07553,S0033,2026-05-02,3,0,Paid
SU05226,B08852,S0109,2025-10-11,3,0,Paid
SU05227,B00009,S0038,2024-01-30,2,0,Paid
SU05228,B08264,S0010,2026-02-14,2,10,Paid
SU05229,B00983,S0090,2026-08-12,4,10,Pending
SU05230,B09362,S0118,2025-04-28,3,0,Paid
SU05231,B01528,S0109,2025-10-14,5,5,Paid
SU05232,B03693,S0038,2025-09-30,2,0,Paid
SU05233,B02527,S0151,2026-04-27,1,25,Paid
SU05234,B02463,S0063,2026-08-24,1,10,Paid
SU05235,B05801,S0006,2025-05-28,5,0,Paid
SU05236,B04940,S0143,2025-09-12,5,25,Paid
SU05237,B00469,S0032,2026-01-19,2,25,Paid
SU05238,B05395,S0120,2024-08-31,4,0,Paid
SU05239,B03525,S0107,2026-06-03,10,10,Paid
SU05240,B07335,S0049,2025-12-26,1,10,Paid
SU05241,B07963,S0026,2026-06-15,8,5,Paid
SU05242,B09235,S0106,2024-04-26,3,5,Paid
SU05243,B03025,S0060,2024-10-06,4,0,Paid
SU05244,B08415,S0027,2026-08-30,3,10,Paid
SU05245,B00859,S0004,2024-05-15,2,10,Paid
SU05246,B07732,S0035,2024-11-14,4,0,Pending
SU05247,B01805,S0115,2026-04-15,4,0,Paid
SU05248,B09307,S0125,2025-01-17,2,0,Paid
SU05249,B03356,S0070,2024-04-26,1,5,Paid
SU05250,B01605,S0145,2025-12-01,6,10,Paid
SU05251,B02555,S0033,2026-07-28,1,10,Paid
SU05252,B00741,S0151,2024-06-07,1,0,Paid
SU05253,B05383,S0115,2026-01-09,2,5,Paid
SU05254,B02031,S0114,2025-07-01,2,5,Paid
SU05255,B07413,S0020,2026-06-16,2,0,Paid
SU05256,B04463,S0015,2024-12-18,1,0,Paid
SU05257,B02452,S0028,2024-07-11,4,5,Paid
SU05258,B04182,S0034,2026-08-09,1,0,Paid
SU05259,B03051,S0110,2026-06-19,2,0,Paid
SU05260,B02747,S0009,2025-12-26,2,0,Paid
SU05261,B01762,S0100,2024-06-24,3,0,Paid
SU05262,B09491,S0009,2026-05-16,2,5,Pending
SU05263,B08517,S0004,2025-06-01,2,5,Paid
SU05264,B02495,S0052,2026-01-21,1,25,Paid
SU05265,B07310,S0039,2026-05-19,6,5,Paid
SU05266,B05615,S0059,2025-10-11,4,0,Paid
SU05267,B09076,S0001,2024-11-17,2,5,Paid
SU05268,B01110,S0042,2025-11-18,2,5,Paid
SU05269,B03650,S0035,2025-08-02,10,10,Paid
SU05270,B08911,S0036,2024-12-27,1,5,Pending
SU05271,B01299,S0114,2025-12-16,1,0,Paid
SU05272,B08734,S0061,2025-03-10,1,5,Paid
SU05273,B03204,S0056,2026-05-17,6,0,Paid
SU05274,B07256,S0042,2026-06-17,6,0,Paid
SU05275,B05936,S0070,2025-09-20,3,0,Paid
SU05276,B06019,S0035,2025-11-06,4,0,Paid
SU05277,B03231,S0131,2024-12-19,4,25,Paid
SU05278,B06196,S0015,2024-09-27,1,10,Complimentary
SU05279,B03125,S0003,2024-10-03,4,0,Paid
SU05280,B00983,S0088,2026-08-12,4,0,Paid
SU05281,B08065,S0007,2024-04-28,3,15,Paid
SU05282,B09067,S0140,2026-01-15,1,5,Paid
SU05283,B04774,S0069,2024-07-03,1,0,Pending
SU05284,B06236,S0090,2026-06-20,2,5,Paid
SU05285,B05528,S0034,2025-10-19,4,5,Paid
SU05286,B04044,S0097,2026-06-28,5,0,Paid
SU05287,B07750,S0042,2026-05-26,2,15,Paid
SU05288,B01179,S0009,2026-06-09,1,25,Paid
SU05289,B03314,S0044,2025-10-13,2,0,Paid
SU05290,B02005,S0085,2026-06-23,1,5,Paid
SU05291,B04575,S0095,2026-02-03,3,5,Paid
SU05292,B09866,S0095,2026-05-27,3,10,Paid
SU05293,B04460,S0009,2026-04-17,1,5,Paid
SU05294,B00566,S0041,2025-12-05,5,5,Paid
SU05295,B09743,S0133,2026-04-02,4,5,Paid
SU05296,B03744,S0126,2026-01-11,1,5,Paid
SU05297,B02437,S0015,2024-03-25,1,0,Paid
SU05298,B03723,S0032,2024-08-12,6,0,Paid
SU05299,B01045,S0012,2026-04-17,2,0,Paid
SU05300,B02270,S0017,2026-06-28,5,10,Paid
SU05301,B02564,S0065,2026-05-14,4,0,Paid
SU05302,B00367,S0002,2025-12-29,3,0,Paid
SU05303,B04220,S0053,2024-09-11,1,5,Paid
SU05304,B01967,S0027,2026-02-11,4,5,Paid
SU05305,B01013,S0093,2025-11-15,10,10,Paid
SU05306,B06637,S0003,2026-08-18,4,10,Paid
SU05307,B09797,S0057,2026-07-30,2,0,Paid
SU05308,B02403,S0115,2026-07-09,3,10,Paid
SU05309,B02034,S0012,2026-08-19,2,0,Paid
SU05310,B00792,S0002,2026-01-01,3,5,Paid
SU05311,B09757,S0055,2026-05-24,2,5,Paid
SU05312,B09762,S0136,2026-08-26,2,15,Paid
SU05313,B02047,S0026,2026-03-20,8,10,Paid
SU05314,B08566,S0046,2025-10-30,1,5,Paid
SU05315,B03935,S0007,2024-01-19,3,10,Paid
SU05316,B07949,S0031,2026-04-10,3,5,Paid
SU05317,B09359,S0050,2024-05-19,5,10,Pending
SU05318,B00623,S0108,2025-10-28,1,10,Paid
SU05319,B05487,S0091,2026-03-19,3,5,Paid
SU05320,B09276,S0118,2025-10-10,3,10,Pending
SU05321,B02134,S0089,2025-02-18,3,0,Paid
SU05322,B09278,S0093,2025-03-17,3,0,Paid
SU05323,B01239,S0087,2026-05-11,5,10,Paid
SU05324,B01206,S0025,2024-06-18,3,0,Paid
SU05325,B00741,S0146,2024-06-08,1,20,Paid
SU05326,B07935,S0025,2026-07-31,4,0,Paid
SU05327,B09334,S0026,2026-08-11,2,15,Paid
SU05328,B08667,S0027,2025-11-20,4,0,Paid
SU05329,B03677,S0040,2025-10-10,4,10,Paid
SU05330,B02229,S0115,2024-11-12,2,0,Paid
SU05331,B02448,S0140,2024-04-08,1,15,Paid
SU05332,B03010,S0115,2026-05-11,2,0,Paid
SU05333,B01891,S0049,2025-08-28,2,0,Paid
SU05334,B08409,S0110,2026-08-25,2,5,Pending
SU05335,B06496,S0107,2025-12-27,3,10,Paid
SU05336,B03544,S0092,2024-01-25,2,5,Paid
SU05337,B07910,S0024,2026-01-17,3,5,Paid
SU05338,B03415,S0037,2024-09-09,4,5,Paid
SU05339,B04192,S0112,2025-07-18,2,10,Paid
SU05340,B07909,S0038,2024-03-03,1,0,Paid
SU05341,B04453,S0151,2026-04-17,1,15,Pending
SU05342,B01683,S0038,2026-08-10,1,5,Paid
SU05343,B05631,S0104,2026-03-09,4,15,Paid
SU05344,B01835,S0146,2025-11-03,2,5,Paid
SU05345,B00479,S0028,2026-06-02,5,0,Paid
SU05346,B00956,S0029,2026-02-01,6,10,Paid
SU05347,B09621,S0036,2025-02-24,1,5,Paid
SU05348,B03487,S0045,2025-10-19,1,15,Paid
SU05349,B07532,S0106,2024-04-28,4,0,Paid
SU05350,B04545,S0036,2025-10-18,1,0,Paid
SU05351,B06498,S0038,2026-08-28,1,5,Pending
SU05352,B08275,S0090,2024-12-28,1,5,Paid
SU05353,B06344,S0041,2026-03-20,2,5,Paid
SU05354,B06171,S0098,2025-06-19,1,10,Paid
SU05355,B02971,S0035,2025-11-01,3,10,Paid
SU05356,B02676,S0118,2025-12-14,3,0,Paid
SU05357,B02197,S0089,2025-03-09,2,5,Paid
SU05358,B02062,S0045,2025-01-30,2,20,Paid
SU05359,B07812,S0151,2025-08-19,1,0,Paid
SU05360,B04973,S0050,2024-09-29,3,0,Paid
SU05361,B05018,S0008,2026-04-06,2,0,Paid
SU05362,B06506,S0114,2024-03-01,2,10,Paid
SU05363,B07512,S0101,2024-10-15,4,15,Paid
SU05364,B05396,S0051,2025-10-06,2,0,Paid
SU05365,B07609,S0046,2025-02-07,1,10,Paid
SU05366,B04532,S0086,2024-03-26,4,10,Paid
SU05367,B08237,S0060,2025-11-23,5,10,Paid
SU05368,B06118,S0023,2026-06-17,1,10,Paid
SU05369,B02409,S0042,2026-06-17,2,15,Paid
SU05370,B06142,S0114,2026-07-24,1,10,Paid
SU05371,B07013,S0013,2026-05-19,3,5,Paid
SU05372,B09187,S0116,2026-01-08,3,10,Paid
SU05373,B02856,S0018,2025-10-25,2,25,Paid
SU05374,B06796,S0118,2025-03-16,3,0,Paid
SU05375,B07638,S0143,2025-12-20,4,20,Paid
SU05376,B09006,S0121,2026-08-12,1,25,Paid
SU05377,B05159,S0044,2026-08-24,1,15,Paid
SU05378,B03352,S0129,2024-12-31,1,0,Paid
SU05379,B01179,S0006,2026-06-07,1,15,Paid
SU05380,B03626,S0147,2024-10-02,5,20,Paid
SU05381,B02457,S0088,2025-01-02,5,0,Paid
SU05382,B09406,S0116,2025-05-11,1,0,Paid
SU05383,B08404,S0145,2024-09-16,3,10,Paid
SU05384,B06298,S0014,2025-10-30,1,5,Paid
SU05385,B07235,S0126,2025-12-31,1,10,Pending
SU05386,B05009,S0017,2025-11-07,3,20,Paid
SU05387,B07781,S0033,2026-01-09,2,0,Paid
SU05388,B09189,S0093,2025-11-20,6,15,Paid
SU05389,B05087,S0040,2026-06-10,3,20,Paid
SU05390,B05709,S0037,2026-06-05,4,0,Paid
SU05391,B06302,S0025,2026-05-21,3,0,Pending
SU05392,B06125,S0092,2026-07-28,3,5,Paid
SU05393,B03337,S0073,2025-06-25,1,15,Paid
SU05394,B07461,S0118,2026-08-28,3,0,Paid
SU05395,B04943,S0021,2026-02-28,1,5,Paid
SU05396,B02526,S0058,2025-07-26,2,25,Paid
SU05397,B00615,S0087,2026-02-15,4,0,Paid
SU05398,B03343,S0097,2025-06-09,1,10,Paid
SU05399,B05520,S0022,2024-10-06,1,0,Paid
SU05400,B05323,S0122,2026-06-06,1,0,Paid
SU05401,B01198,S0114,2026-03-20,6,10,Pending
SU05402,B09139,S0072,2024-06-28,5,10,Paid
SU05403,B04286,S0041,2026-08-14,3,5,Paid
SU05404,B00534,S0036,2026-01-13,2,15,Paid
SU05405,B04508,S0124,2024-08-09,1,5,Paid
SU05406,B06207,S0028,2025-03-06,1,0,Paid
SU05407,B09176,S0017,2026-08-16,3,10,Paid
SU05408,B02056,S0132,2025-04-18,1,10,Paid
SU05409,B06328,S0037,2026-03-08,4,5,Paid
SU05410,B01483,S0009,2026-08-07,1,0,Paid
SU05411,B02008,S0116,2026-02-06,2,0,Paid
SU05412,B08198,S0009,2026-05-28,1,5,Paid
SU05413,B05122,S0067,2024-02-12,3,5,Paid
SU05414,B05876,S0115,2025-11-21,3,5,Paid
SU05415,B07742,S0036,2025-02-05,3,5,Paid
SU05416,B08624,S0071,2024-03-27,2,0,Paid
SU05417,B05589,S0031,2025-04-05,1,10,Pending
SU05418,B04742,S0032,2026-02-02,2,15,Paid
SU05419,B02188,S0150,2025-03-27,1,0,Paid
SU05420,B05604,S0047,2025-08-29,1,0,Paid
SU05421,B05623,S0053,2025-10-21,1,10,Paid
SU05422,B06171,S0093,2025-06-19,10,0,Paid
SU05423,B03732,S0119,2025-02-14,4,0,Paid
SU05424,B07014,S0048,2026-07-06,2,20,Paid
SU05425,B05313,S0010,2025-12-11,5,10,Paid
SU05426,B03179,S0120,2025-07-07,1,25,Paid
SU05427,B01585,S0036,2024-01-07,3,10,Paid
SU05428,B01131,S0033,2026-05-09,1,0,Paid
SU05429,B07927,S0142,2024-12-04,2,0,Paid
SU05430,B09621,S0035,2025-02-24,6,10,Paid
SU05431,B08772,S0094,2025-07-21,1,0,Paid
SU05432,B03620,S0098,2026-03-21,1,0,Paid
SU05433,B07592,S0024,2026-02-04,1,5,Paid
SU05434,B09878,S0148,2026-05-24,2,0,Paid
SU05435,B02932,S0149,2025-05-27,5,20,Paid
SU05436,B06939,S0026,2025-11-25,1,20,Paid
SU05437,B07891,S0038,2026-07-27,3,5,Paid
SU05438,B09885,S0105,2024-08-19,5,10,Paid
SU05439,B05124,S0051,2026-01-22,5,10,Paid
SU05440,B03491,S0027,2025-12-26,2,0,Paid
SU05441,B07437,S0110,2026-07-02,8,5,Pending
SU05442,B05559,S0061,2025-10-20,3,0,Paid
SU05443,B08150,S0042,2026-07-28,8,0,Paid
SU05444,B03769,S0146,2025-06-10,2,0,Paid
SU05445,B01064,S0120,2025-12-14,2,5,Paid
SU05446,B03965,S0013,2025-08-14,2,10,Paid
SU05447,B01503,S0037,2025-01-10,1,10,Paid
SU05448,B02358,S0021,2026-08-29,3,5,Paid
SU05449,B05756,S0032,2026-07-05,6,20,Paid
SU05450,B06219,S0124,2025-12-22,2,0,Paid
SU05451,B03450,S0021,2026-02-11,1,5,Paid
SU05452,B08013,S0007,2025-10-06,2,0,Paid
SU05453,B00776,S0124,2025-09-23,3,0,Pending
SU05454,B02153,S0066,2026-08-03,2,10,Paid
SU05455,B08781,S0035,2026-03-01,8,15,Paid
SU05456,B02403,S0114,2026-07-08,3,15,Paid
SU05457,B01982,S0115,2024-07-02,3,20,Paid
SU05458,B06901,S0087,2025-12-14,1,0,Paid
SU05459,B08839,S0118,2026-08-05,5,10,Paid
SU05460,B07796,S0108,2024-05-29,3,0,Paid
SU05461,B00033,S0020,2025-11-17,2,5,Paid
SU05462,B03621,S0106,2024-09-28,3,10,Paid
SU05463,B08896,S0089,2026-03-19,1,15,Pending
SU05464,B09201,S0118,2024-04-10,3,5,Paid
SU05465,B06746,S0120,2025-08-15,2,0,Pending
SU05466,B01719,S0005,2026-02-22,2,20,Paid
SU05467,B06017,S0115,2025-10-21,4,5,Pending
SU05468,B05028,S0070,2024-12-09,1,20,Paid
SU05469,B07055,S0141,2025-10-15,2,0,Paid
SU05470,B02382,S0090,2026-02-01,3,0,Paid
SU05471,B08647,S0020,2024-06-13,1,0,Paid
SU05472,B06249,S0046,2026-08-25,3,0,Paid
SU05473,B07742,S0034,2025-02-03,4,15,Paid
SU05474,B07290,S0012,2026-06-17,2,5,Paid
SU05475,B05201,S0058,2026-06-04,1,10,Paid
SU05476,B02716,S0010,2026-07-24,5,5,Paid
SU05477,B00429,S0019,2026-01-07,2,5,Paid
SU05478,B01412,S0114,2026-07-25,4,10,Paid
SU05479,B08338,S0093,2026-08-04,6,5,Paid
SU05480,B02756,S0049,2024-07-13,1,0,Paid
SU05481,B09661,S0148,2026-08-07,4,15,Paid
SU05482,B02174,S0049,2026-02-02,2,5,Paid
SU05483,B09474,S0044,2025-10-13,1,5,Paid
SU05484,B08351,S0032,2026-04-16,3,10,Paid
SU05485,B05869,S0023,2026-05-19,1,5,Paid
SU05486,B08022,S0060,2025-10-22,8,15,Pending
SU05487,B07348,S0006,2026-06-02,1,0,Paid
SU05488,B05777,S0055,2024-02-28,1,10,Paid
SU05489,B01917,S0025,2024-12-03,1,5,Paid
SU05490,B05078,S0037,2025-06-05,3,5,Paid
SU05491,B01574,S0040,2026-08-14,5,5,Paid
SU05492,B05402,S0020,2025-07-20,1,5,Paid
SU05493,B09341,S0122,2025-12-23,3,10,Paid
SU05494,B03315,S0038,2025-02-04,1,0,Paid
SU05495,B02194,S0042,2026-08-30,4,25,Complimentary
SU05496,B09159,S0064,2026-04-09,2,10,Paid
SU05497,B09539,S0116,2026-08-29,2,0,Paid
SU05498,B00774,S0098,2025-04-27,1,5,Paid
SU05499,B05039,S0115,2025-06-30,1,10,Paid
SU05500,B02607,S0033,2025-06-18,1,0,Paid
SU05501,B07635,S0023,2026-02-03,2,20,Paid
SU05502,B01151,S0124,2026-02-18,2,5,Paid
SU05503,B09763,S0019,2024-11-13,2,0,Paid
SU05504,B05820,S0146,2024-05-08,4,0,Paid
SU05505,B09265,S0125,2025-12-03,3,5,Pending
SU05506,B06170,S0028,2024-07-13,1,0,Paid
SU05507,B01082,S0067,2024-01-27,3,0,Paid
SU05508,B03793,S0009,2024-10-15,1,0,Paid
SU05509,B09492,S0007,2026-07-30,2,0,Paid
SU05510,B09737,S0099,2024-04-16,1,5,Paid
SU05511,B08879,S0029,2026-08-23,5,0,Paid
SU05512,B02643,S0045,2026-08-09,3,15,Paid
SU05513,B06292,S0062,2026-08-08,1,0,Paid
SU05514,B04781,S0118,2026-08-04,6,15,Paid
SU05515,B06924,S0027,2025-05-26,4,0,Paid
SU05516,B09581,S0024,2025-10-05,2,0,Complimentary
SU05517,B06610,S0104,2025-07-31,2,0,Paid
SU05518,B00719,S0033,2025-08-05,3,0,Paid
SU05519,B03333,S0028,2026-05-28,2,10,Paid
SU05520,B04121,S0058,2026-06-29,2,10,Paid
SU05521,B06801,S0023,2026-02-28,1,0,Paid
SU05522,B09079,S0098,2026-02-11,3,5,Paid
SU05523,B04713,S0105,2024-08-02,5,25,Paid
SU05524,B05784,S0104,2026-01-22,2,10,Pending
SU05525,B07582,S0049,2025-06-21,1,0,Paid
SU05526,B07524,S0099,2026-01-17,1,10,Paid
SU05527,B07320,S0050,2026-05-16,4,10,Paid
SU05528,B09981,S0007,2026-08-27,1,15,Paid
SU05529,B07782,S0023,2025-01-28,2,5,Paid
SU05530,B05091,S0109,2025-12-24,1,10,Paid
SU05531,B00795,S0008,2024-10-07,3,0,Paid
SU05532,B02452,S0031,2024-07-13,1,20,Paid
SU05533,B09661,S0150,2026-08-08,1,0,Paid
SU05534,B08255,S0117,2025-12-10,8,0,Paid
SU05535,B01028,S0025,2024-12-26,2,10,Paid
SU05536,B04897,S0138,2025-10-14,3,5,Paid
SU05537,B00082,S0093,2024-07-09,2,5,Paid
SU05538,B05284,S0038,2025-02-26,1,10,Paid
SU05539,B00487,S0108,2024-05-26,4,10,Paid
SU05540,B07896,S0097,2024-10-22,5,0,Paid
SU05541,B09324,S0108,2026-02-24,3,5,Paid
SU05542,B05036,S0002,2026-08-15,5,5,Paid
SU05543,B00719,S0037,2025-08-07,1,5,Paid
SU05544,B03865,S0031,2024-05-09,2,15,Paid
SU05545,B01206,S0022,2024-06-18,2,5,Paid
SU05546,B05351,S0015,2026-01-20,1,0,Paid
SU05547,B02298,S0009,2024-05-25,1,5,Paid
SU05548,B09924,S0037,2024-09-10,5,10,Paid
SU05549,B09040,S0151,2026-02-27,2,0,Paid
SU05550,B07614,S0129,2026-02-14,4,0,Paid
SU05551,B02940,S0117,2026-01-22,8,5,Paid
SU05552,B02034,S0015,2026-08-17,3,10,Paid
SU05553,B01144,S0110,2026-04-29,2,10,Paid
SU05554,B03236,S0051,2026-06-06,3,0,Paid
SU05555,B08108,S0035,2024-11-01,10,15,Paid
SU05556,B05437,S0147,2026-08-28,4,5,Paid
SU05557,B00854,S0051,2025-07-01,4,5,Paid
SU05558,B05947,S0111,2025-09-29,3,0,Paid
SU05559,B03052,S0048,2024-05-27,1,0,Paid
SU05560,B00599,S0111,2024-03-11,2,0,Paid
SU05561,B05799,S0010,2026-02-19,3,20,Paid
SU05562,B00265,S0023,2025-03-30,1,0,Paid
SU05563,B04375,S0041,2026-03-11,2,0,Paid
SU05564,B01478,S0031,2026-04-12,2,10,Paid
SU05565,B00252,S0039,2025-11-01,10,0,Paid
SU05566,B07918,S0118,2026-05-07,8,5,Paid
SU05567,B03579,S0005,2026-01-13,2,15,Pending
SU05568,B01478,S0026,2026-04-14,3,10,Paid
SU05569,B09113,S0038,2026-02-01,2,15,Paid
SU05570,B05046,S0126,2026-02-04,1,20,Paid
SU05571,B00823,S0122,2026-02-27,3,10,Paid
SU05572,B09170,S0074,2026-01-16,1,10,Paid
SU05573,B06053,S0028,2024-06-21,2,10,Paid
SU05574,B06079,S0114,2024-12-12,1,0,Paid
SU05575,B04227,S0046,2026-03-15,2,0,Paid
SU05576,B06944,S0033,2025-05-10,1,0,Pending
SU05577,B08374,S0112,2025-05-04,2,0,Paid
SU05578,B05375,S0064,2024-06-29,4,15,Paid
SU05579,B04455,S0118,2024-07-21,3,5,Paid
SU05580,B09123,S0036,2025-06-10,2,0,Paid
SU05581,B07235,S0124,2026-01-01,1,0,Paid
SU05582,B08251,S0042,2024-07-20,1,5,Paid
SU05583,B00604,S0010,2025-07-16,4,10,Paid
SU05584,B01692,S0088,2025-09-14,2,0,Paid
SU05585,B01019,S0011,2025-02-25,3,0,Pending
SU05586,B08327,S0024,2024-03-21,2,0,Pending
SU05587,B05065,S0032,2026-08-26,3,10,Paid
SU05588,B02912,S0058,2026-04-16,2,5,Paid
SU05589,B00266,S0003,2025-01-24,6,5,Paid
SU05590,B04923,S0150,2026-06-28,1,5,Paid
SU05591,B04314,S0030,2025-10-28,3,5,Paid
SU05592,B00234,S0007,2024-01-12,1,5,Paid
SU05593,B00659,S0044,2025-10-22,1,15,Paid
SU05594,B02901,S0100,2025-01-28,3,0,Paid
SU05595,B04260,S0017,2025-05-05,2,5,Paid
SU05596,B01655,S0052,2025-12-01,1,0,Pending
SU05597,B09900,S0114,2026-02-04,2,5,Paid
SU05598,B00867,S0092,2026-07-09,1,20,Pending
SU05599,B05632,S0085,2026-07-29,3,0,Paid
SU05600,B02459,S0086,2025-05-28,5,25,Paid
SU05601,B08964,S0147,2025-04-21,1,0,Paid
SU05602,B06662,S0119,2024-09-21,2,15,Paid
SU05603,B08008,S0051,2025-11-21,3,10,Paid
SU05604,B04780,S0049,2026-06-17,1,5,Paid
SU05605,B03657,S0104,2025-10-28,1,10,Paid
SU05606,B00728,S0041,2026-07-16,1,0,Paid
SU05607,B06012,S0022,2025-10-27,1,15,Paid
SU05608,B00136,S0093,2025-06-02,2,5,Paid
SU05609,B09823,S0041,2025-11-18,2,5,Paid
SU05610,B08518,S0133,2025-10-01,2,5,Paid
SU05611,B02316,S0089,2024-01-12,2,5,Pending
SU05612,B08910,S0044,2025-04-06,1,10,Paid
SU05613,B07429,S0120,2026-06-06,4,5,Paid
SU05614,B07595,S0006,2026-06-20,3,0,Paid
SU05615,B09356,S0026,2026-08-19,1,10,Paid
SU05616,B01304,S0093,2025-09-11,1,0,Paid
SU05617,B02239,S0039,2026-07-22,6,0,Paid
SU05618,B09114,S0092,2026-03-26,4,0,Paid
SU05619,B01520,S0103,2024-01-15,1,15,Paid
SU05620,B03069,S0020,2025-10-17,3,5,Paid
SU05621,B00245,S0061,2025-07-31,2,10,Paid
SU05622,B09335,S0035,2026-08-30,3,5,Pending
SU05623,B08571,S0087,2025-09-12,5,25,Paid
SU05624,B02085,S0017,2026-08-12,3,15,Paid
SU05625,B06626,S0012,2025-11-24,1,10,Paid
SU05626,B09129,S0029,2024-11-11,3,10,Paid
SU05627,B09844,S0034,2025-02-06,5,25,Paid
SU05628,B00565,S0055,2026-08-11,1,5,Paid
SU05629,B01529,S0112,2025-12-06,5,5,Paid
SU05630,B01400,S0116,2024-02-22,1,5,Paid
SU05631,B00233,S0063,2025-10-06,1,0,Paid
SU05632,B01735,S0145,2026-04-28,3,0,Paid
SU05633,B05750,S0021,2026-06-24,2,0,Paid
SU05634,B08013,S0001,2025-10-06,4,5,Paid
SU05635,B02001,S0132,2026-03-25,2,5,Paid
SU05636,B05838,S0066,2025-11-10,1,0,Paid
SU05637,B06072,S0066,2024-11-25,1,10,Pending
SU05638,B07900,S0090,2025-11-10,10,15,Paid
SU05639,B03981,S0115,2026-08-22,2,0,Paid
SU05640,B05808,S0087,2025-01-24,4,5,Paid
SU05641,B05322,S0024,2024-10-23,3,10,Paid
SU05642,B09502,S0112,2024-12-29,3,0,Paid
SU05643,B08562,S0117,2025-04-21,4,10,Paid
SU05644,B00591,S0002,2026-07-14,3,0,Paid
SU05645,B09110,S0119,2024-03-01,3,15,Pending
SU05646,B01133,S0122,2026-08-13,2,5,Paid
SU05647,B07162,S0029,2026-06-04,4,10,Paid
SU05648,B00950,S0025,2026-05-17,2,0,Paid
SU05649,B08138,S0056,2025-05-21,5,0,Paid
SU05650,B02547,S0112,2026-08-30,3,25,Paid
SU05651,B03794,S0106,2026-02-07,1,5,Paid
SU05652,B05106,S0108,2025-09-25,1,5,Pending
SU05653,B02917,S0034,2026-05-26,5,5,Paid
SU05654,B07665,S0008,2026-07-25,2,10,Paid
SU05655,B01454,S0042,2024-04-25,3,0,Paid
SU05656,B03531,S0008,2026-05-16,1,0,Paid
SU05657,B02020,S0035,2025-08-27,2,0,Pending
SU05658,B01239,S0087,2026-05-12,5,0,Paid
SU05659,B02113,S0017,2024-04-24,3,5,Paid
SU05660,B02127,S0051,2025-11-23,5,0,Paid
SU05661,B06038,S0020,2024-10-26,2,0,Paid
SU05662,B04071,S0126,2024-08-06,2,20,Paid
SU05663,B01258,S0028,2026-05-20,3,0,Paid
SU05664,B03700,S0054,2026-05-21,2,5,Paid
SU05665,B02088,S0097,2026-03-10,2,10,Pending
SU05666,B08127,S0022,2026-06-17,1,5,Paid
SU05667,B05316,S0149,2024-07-24,1,10,Paid
SU05668,B00569,S0022,2026-03-23,2,0,Paid
SU05669,B06430,S0114,2026-08-20,2,0,Paid
SU05670,B00237,S0030,2024-12-10,1,10,Paid
SU05671,B08435,S0029,2025-03-24,2,0,Paid
SU05672,B01334,S0105,2026-08-05,2,0,Paid
SU05673,B09506,S0008,2024-03-28,3,15,Paid
SU05674,B03379,S0001,2024-10-17,5,10,Paid
SU05675,B04228,S0120,2025-04-02,3,10,Pending
SU05676,B05568,S0144,2024-06-12,4,5,Paid
SU05677,B00792,S0002,2026-01-01,3,0,Complimentary
SU05678,B09687,S0096,2024-11-30,3,25,Paid
SU05679,B09095,S0093,2026-07-03,1,0,Paid
SU05680,B04310,S0114,2024-01-10,2,25,Paid
SU05681,B01680,S0019,2024-07-03,2,0,Complimentary
SU05682,B08514,S0036,2026-06-06,1,5,Paid
SU05683,B01076,S0034,2024-08-26,1,10,Paid
SU05684,B08002,S0113,2025-10-20,3,10,Complimentary
SU05685,B01220,S0033,2026-08-29,2,25,Paid
SU05686,B08484,S0092,2024-02-04,1,5,Paid
SU05687,B07169,S0035,2026-07-06,6,10,Pending
SU05688,B08513,S0136,2026-04-12,3,5,Paid
SU05689,B06803,S0017,2025-12-21,2,5,Paid
SU05690,B05012,S0051,2025-05-30,5,15,Pending
SU05691,B03083,S0087,2026-03-11,3,25,Paid
SU05692,B01697,S0123,2026-03-19,4,5,Paid
SU05693,B05757,S0115,2026-06-26,3,0,Pending
SU05694,B05620,S0086,2026-05-21,6,20,Paid
SU05695,B05342,S0116,2026-08-20,2,0,Paid
SU05696,B06502,S0110,2025-09-10,1,10,Paid
SU05697,B07609,S0046,2025-02-02,1,15,Paid
SU05698,B03810,S0049,2026-03-20,1,5,Paid
SU05699,B01325,S0059,2025-10-05,1,0,Paid
SU05700,B05600,S0068,2024-01-25,10,0,Paid
SU05701,B03241,S0043,2026-01-08,1,20,Paid
SU05702,B01252,S0114,2024-11-25,3,0,Paid
SU05703,B07292,S0005,2026-03-01,3,10,Paid
SU05704,B08607,S0012,2024-02-02,1,10,Paid
SU05705,B01490,S0033,2025-04-22,1,5,Paid
SU05706,B09324,S0108,2026-02-25,3,10,Paid
SU05707,B04993,S0135,2024-06-23,2,15,Paid
SU05708,B00156,S0069,2026-02-07,1,5,Paid
SU05709,B08540,S0065,2026-05-23,4,15,Pending
SU05710,B09214,S0043,2026-08-30,2,20,Paid
SU05711,B00602,S0063,2025-02-27,2,5,Paid
SU05712,B08911,S0033,2024-12-25,1,0,Paid
SU05713,B03033,S0043,2025-09-26,1,0,Paid
SU05714,B08803,S0126,2026-06-21,2,20,Paid
SU05715,B03341,S0115,2026-03-27,3,5,Paid
SU05716,B02917,S0033,2026-05-26,1,5,Paid
SU05717,B03710,S0113,2025-06-09,5,15,Paid
SU05718,B07778,S0091,2026-02-05,1,0,Paid
SU05719,B07465,S0030,2025-11-07,1,5,Paid
SU05720,B02689,S0014,2026-06-18,5,5,Paid
SU05721,B09831,S0127,2026-04-16,10,10,Paid
SU05722,B03097,S0095,2026-06-02,4,20,Pending
SU05723,B07437,S0108,2026-07-03,2,25,Paid
SU05724,B03846,S0043,2025-10-22,4,5,Pending
SU05725,B01834,S0073,2025-11-19,1,0,Paid
SU05726,B07935,S0030,2026-08-03,1,5,Paid
SU05727,B08786,S0028,2026-08-11,1,20,Paid
SU05728,B04472,S0114,2026-06-19,3,5,Pending
SU05729,B06132,S0022,2026-03-11,3,0,Paid
SU05730,B05438,S0149,2026-06-03,3,5,Paid
SU05731,B04800,S0027,2026-05-15,3,0,Paid
SU05732,B00995,S0103,2024-01-06,4,0,Paid
SU05733,B08404,S0142,2024-09-18,2,20,Paid
SU05734,B08477,S0026,2026-07-09,2,0,Paid
SU05735,B07259,S0101,2025-03-21,2,0,Pending
SU05736,B08900,S0098,2024-03-12,2,0,Paid
SU05737,B02888,S0050,2026-08-05,3,0,Paid
SU05738,B05201,S0059,2026-06-04,2,10,Pending
SU05739,B01965,S0009,2025-01-11,1,20,Paid
SU05740,B03579,S0007,2026-01-12,1,10,Complimentary
SU05741,B02473,S0117,2025-05-19,1,0,Paid
SU05742,B02197,S0088,2025-03-07,4,5,Paid
SU05743,B03267,S0090,2026-08-14,6,0,Paid
SU05744,B06802,S0132,2024-11-23,1,10,Paid
SU05745,B01407,S0098,2025-02-06,3,10,Paid
SU05746,B00059,S0135,2026-08-29,5,0,Paid
SU05747,B02762,S0013,2026-08-06,3,0,Paid
SU05748,B08022,S0058,2025-10-21,3,0,Paid
SU05749,B00665,S0148,2026-05-19,1,0,Paid
SU05750,B01476,S0125,2026-05-14,6,5,Paid
SU05751,B01114,S0107,2026-07-08,2,0,Paid
SU05752,B05974,S0120,2026-02-12,3,15,Paid
SU05753,B02485,S0057,2025-11-09,3,5,Paid
SU05754,B04444,S0114,2024-04-23,8,5,Pending
SU05755,B00509,S0008,2026-01-01,2,10,Paid
SU05756,B02426,S0092,2025-01-10,1,10,Pending
SU05757,B01139,S0025,2026-07-28,3,0,Paid
SU05758,B07262,S0032,2025-01-22,3,10,Pending
SU05759,B06779,S0133,2025-11-10,2,0,Paid
SU05760,B02201,S0046,2025-12-02,1,0,Paid
SU05761,B06274,S0072,2025-06-11,1,5,Paid
SU05762,B05577,S0037,2024-10-16,5,15,Paid
SU05763,B00536,S0052,2026-08-22,1,0,Paid
SU05764,B04073,S0003,2026-08-24,4,5,Complimentary
SU05765,B09800,S0051,2025-07-12,5,0,Paid
SU05766,B00469,S0040,2026-01-18,1,0,Paid
SU05767,B08941,S0118,2025-08-20,3,15,Paid
SU05768,B05316,S0151,2024-07-24,1,20,Paid
SU05769,B09463,S0150,2024-04-10,3,0,Paid
SU05770,B01433,S0104,2025-01-15,2,0,Pending
SU05771,B06353,S0030,2026-02-20,3,0,Paid
SU05772,B04834,S0029,2025-08-03,4,5,Paid
SU05773,B04458,S0123,2026-04-06,3,25,Paid
SU05774,B01648,S0029,2026-05-15,1,0,Paid
SU05775,B01919,S0097,2024-02-02,3,15,Pending
SU05776,B09641,S0116,2026-03-05,1,0,Paid
SU05777,B04242,S0021,2024-11-02,1,0,Pending
SU05778,B01603,S0089,2026-08-20,1,10,Paid
SU05779,B09978,S0103,2024-05-16,3,10,Paid
SU05780,B05197,S0130,2026-04-11,1,5,Paid
SU05781,B00384,S0020,2025-11-07,2,15,Paid
SU05782,B00927,S0114,2026-08-23,5,0,Paid
SU05783,B01131,S0039,2026-05-07,4,0,Paid
SU05784,B00995,S0106,2024-01-07,1,0,Paid
SU05785,B04116,S0066,2025-04-10,1,15,Paid
SU05786,B02900,S0108,2025-03-24,3,15,Paid
SU05787,B07447,S0107,2025-09-04,4,0,Pending
SU05788,B08541,S0062,2025-01-13,2,0,Paid
SU05789,B01449,S0025,2026-06-02,4,5,Paid
SU05790,B02895,S0111,2025-07-14,1,25,Paid
SU05791,B07635,S0026,2026-02-03,2,10,Paid
SU05792,B07192,S0113,2024-05-30,3,0,Paid
SU05793,B03594,S0002,2026-02-02,2,10,Paid
SU05794,B06596,S0050,2024-08-11,3,5,Paid
SU05795,B07980,S0123,2025-05-04,2,15,Paid
SU05796,B09859,S0123,2024-06-22,6,25,Paid
SU05797,B07876,S0049,2026-06-28,1,10,Paid
SU05798,B01093,S0063,2025-09-08,1,0,Paid
SU05799,B05815,S0040,2026-01-22,3,15,Paid
SU05800,B02986,S0115,2025-07-15,3,10,Paid
SU05801,B00144,S0123,2025-10-31,5,0,Paid
SU05802,B03937,S0122,2025-03-12,3,15,Paid
SU05803,B06216,S0021,2024-11-02,2,5,Paid
SU05804,B03799,S0025,2025-10-27,8,5,Paid
SU05805,B03298,S0106,2025-11-19,5,15,Paid
SU05806,B09871,S0043,2026-06-30,3,0,Paid
SU05807,B05259,S0037,2026-08-23,1,0,Paid
SU05808,B00854,S0050,2025-07-02,2,5,Paid
SU05809,B06893,S0110,2026-03-31,5,0,Paid
SU05810,B02125,S0034,2025-03-18,4,15,Paid
SU05811,B00823,S0121,2026-02-26,3,20,Paid
SU05812,B05930,S0006,2026-01-12,5,0,Paid
SU05813,B00431,S0071,2026-06-22,1,10,Paid
SU05814,B04813,S0009,2026-08-23,1,5,Paid
SU05815,B05253,S0030,2025-01-03,1,0,Paid
SU05816,B02706,S0137,2026-07-23,1,5,Paid
SU05817,B06538,S0106,2026-08-28,6,15,Paid
SU05818,B01020,S0020,2026-06-05,1,15,Paid
SU05819,B01016,S0045,2026-03-09,2,10,Paid
SU05820,B05396,S0043,2025-10-07,3,5,Paid
SU05821,B05242,S0015,2025-12-06,2,0,Paid
SU05822,B02483,S0006,2026-08-19,2,0,Paid
SU05823,B03781,S0094,2025-10-02,1,10,Paid
SU05824,B08047,S0151,2024-11-09,3,0,Paid
SU05825,B07663,S0135,2025-06-14,1,10,Paid
SU05826,B08029,S0055,2025-07-16,1,5,Paid
SU05827,B08924,S0027,2024-06-16,5,0,Paid
SU05828,B07659,S0052,2026-07-15,1,15,Paid
SU05829,B07149,S0064,2026-05-02,3,0,Paid
SU05830,B02184,S0027,2026-01-31,2,0,Paid
SU05831,B05670,S0126,2026-08-30,2,5,Paid
SU05832,B03679,S0125,2026-06-29,3,10,Pending
SU05833,B08154,S0012,2026-01-07,3,0,Paid
SU05834,B01733,S0138,2026-02-03,1,10,Paid
SU05835,B01738,S0043,2026-06-30,1,0,Pending
SU05836,B09831,S0120,2026-04-18,4,5,Paid
SU05837,B00259,S0099,2026-02-26,1,5,Paid
SU05838,B06290,S0034,2024-10-04,1,0,Paid
SU05839,B02805,S0115,2025-06-06,2,10,Paid
SU05840,B09681,S0149,2025-09-29,2,10,Paid
SU05841,B09820,S0132,2024-12-20,2,0,Paid
SU05842,B01769,S0021,2026-03-09,2,20,Paid
SU05843,B07185,S0047,2025-03-12,1,5,Paid
SU05844,B00231,S0087,2025-09-03,2,5,Paid
SU05845,B07772,S0118,2026-07-31,4,5,Paid
SU05846,B08256,S0046,2024-02-07,3,0,Paid
SU05847,B05023,S0105,2025-10-12,5,0,Paid
SU05848,B07007,S0045,2026-03-30,3,5,Paid
SU05849,B09978,S0105,2024-05-17,2,10,Paid
SU05850,B01257,S0147,2026-03-12,4,20,Paid
SU05851,B09592,S0017,2026-01-26,3,25,Paid
SU05852,B02377,S0005,2024-10-30,1,10,Paid
SU05853,B02646,S0007,2026-04-02,1,0,Paid
SU05854,B05234,S0037,2026-05-25,2,5,Pending
SU05855,B07647,S0149,2024-01-19,2,0,Paid
SU05856,B09925,S0112,2026-01-15,5,5,Paid
SU05857,B06454,S0008,2025-11-21,1,0,Paid
SU05858,B02754,S0143,2026-08-16,4,0,Complimentary
SU05859,B05066,S0045,2026-03-17,1,10,Paid
SU05860,B09076,S0010,2024-11-17,1,5,Paid
SU05861,B03232,S0050,2025-10-16,4,0,Paid
SU05862,B03035,S0019,2025-10-08,2,0,Paid
SU05863,B03101,S0150,2026-08-12,3,0,Paid
SU05864,B04825,S0020,2024-12-26,1,5,Pending
SU05865,B08585,S0010,2024-11-23,1,0,Paid
SU05866,B03018,S0061,2026-07-19,4,10,Paid
SU05867,B06496,S0108,2025-12-27,3,0,Paid
SU05868,B01412,S0116,2026-07-26,2,5,Paid
SU05869,B08929,S0115,2026-02-19,4,0,Paid
SU05870,B06573,S0054,2026-06-20,3,0,Paid
SU05871,B02474,S0008,2025-10-14,2,0,Complimentary
SU05872,B01374,S0040,2025-09-23,5,10,Paid
SU05873,B05531,S0004,2024-09-24,4,0,Paid
SU05874,B04429,S0026,2026-05-02,5,10,Paid
SU05875,B03887,S0027,2026-02-25,3,20,Paid
SU05876,B07349,S0022,2026-08-13,1,0,Paid
SU05877,B09449,S0042,2025-01-19,3,0,Paid
SU05878,B09930,S0045,2025-11-18,1,0,Paid
SU05879,B06941,S0120,2026-01-25,2,5,Paid
SU05880,B01907,S0093,2025-10-29,1,5,Paid
SU05881,B01958,S0096,2026-01-28,8,5,Paid
SU05882,B04454,S0068,2024-02-12,5,0,Paid
SU05883,B06997,S0008,2026-04-16,2,5,Paid
SU05884,B06584,S0109,2026-03-25,1,5,Complimentary
SU05885,B02830,S0004,2025-08-07,2,10,Paid
SU05886,B07561,S0019,2026-02-16,2,10,Paid
SU05887,B00275,S0040,2025-02-10,5,5,Paid
SU05888,B04764,S0014,2024-08-30,10,0,Paid
SU05889,B02411,S0061,2024-09-15,2,15,Paid
SU05890,B07327,S0149,2026-01-08,4,5,Paid
SU05891,B04393,S0107,2026-08-30,2,10,Paid
SU05892,B08765,S0037,2025-07-03,1,0,Pending
SU05893,B00643,S0123,2025-01-02,3,0,Paid
SU05894,B01819,S0054,2025-07-13,4,10,Paid
SU05895,B09998,S0055,2026-03-02,1,20,Paid
SU05896,B07594,S0009,2025-12-04,2,0,Paid
SU05897,B06815,S0124,2026-08-20,2,10,Paid
SU05898,B02918,S0105,2024-03-05,3,5,Paid
SU05899,B05399,S0117,2026-02-08,2,5,Pending
SU05900,B05980,S0033,2026-08-01,1,0,Pending
SU05901,B01948,S0122,2026-06-03,5,10,Paid
SU05902,B09418,S0139,2024-03-06,5,0,Pending
SU05903,B04289,S0008,2026-07-11,2,0,Paid
SU05904,B00715,S0149,2024-11-15,3,5,Paid
SU05905,B09487,S0070,2024-03-31,4,25,Paid
SU05906,B00789,S0056,2025-08-18,10,10,Paid
SU05907,B06533,S0040,2026-01-25,6,0,Paid
SU05908,B02391,S0151,2024-10-26,2,0,Paid
SU05909,B02315,S0046,2025-12-21,3,0,Pending
SU05910,B00917,S0094,2024-09-03,3,0,Paid
SU05911,B01531,S0049,2025-12-09,1,0,Paid
SU05912,B02059,S0029,2026-08-16,2,0,Paid
SU05913,B05463,S0049,2026-08-20,2,10,Complimentary
SU05914,B07101,S0014,2025-10-22,4,5,Paid
SU05915,B01320,S0026,2024-02-14,6,10,Paid
SU05916,B00609,S0089,2026-08-20,2,0,Paid
SU05917,B06059,S0034,2024-12-16,2,10,Paid
SU05918,B08590,S0138,2025-12-16,1,0,Pending
SU05919,B08272,S0041,2025-12-02,2,0,Paid
SU05920,B01255,S0027,2026-08-24,4,5,Paid
SU05921,B07831,S0148,2025-12-27,5,0,Paid
SU05922,B09461,S0053,2025-09-30,1,15,Paid
SU05923,B09270,S0096,2026-04-15,1,10,Paid
SU05924,B00914,S0021,2026-03-08,2,0,Paid
SU05925,B03676,S0023,2024-05-11,2,0,Paid
SU05926,B06113,S0088,2026-02-28,3,10,Paid
SU05927,B01305,S0098,2026-04-08,1,25,Paid
SU05928,B01401,S0096,2026-08-05,2,10,Paid
SU05929,B05409,S0009,2024-11-09,3,0,Paid
SU05930,B07290,S0020,2026-06-18,1,0,Paid
SU05931,B03812,S0005,2025-02-17,2,0,Paid
SU05932,B07890,S0034,2024-10-29,1,5,Paid
SU05933,B08210,S0094,2025-10-16,2,20,Paid
SU05934,B03374,S0125,2025-02-16,4,5,Paid
SU05935,B03605,S0149,2024-02-15,2,0,Paid
SU05936,B09520,S0031,2025-12-01,2,5,Paid
SU05937,B06117,S0090,2026-03-01,2,25,Paid
SU05938,B06972,S0116,2025-03-18,1,0,Paid
SU05939,B07901,S0061,2024-12-22,1,0,Paid
SU05940,B06377,S0010,2026-08-18,1,0,Paid
SU05941,B00351,S0126,2026-08-22,2,0,Paid
SU05942,B07853,S0027,2025-12-15,3,0,Paid
SU05943,B01763,S0116,2025-03-11,1,0,Paid
SU05944,B08887,S0056,2024-04-29,8,5,Paid
SU05945,B09176,S0013,2026-08-18,5,0,Paid
SU05946,B06065,S0030,2024-03-30,1,5,Paid
SU05947,B00172,S0149,2024-03-19,2,10,Paid
SU05948,B03490,S0044,2026-08-09,1,5,Paid
SU05949,B07207,S0020,2026-04-02,2,15,Paid
SU05950,B05363,S0012,2025-04-26,1,10,Paid
SU05951,B08122,S0106,2026-06-27,2,0,Paid
SU05952,B05904,S0040,2024-02-02,3,10,Paid
SU05953,B03096,S0093,2026-03-12,2,0,Paid
SU05954,B00646,S0050,2026-04-20,2,10,Paid
SU05955,B05274,S0108,2026-04-02,6,0,Paid
SU05956,B05394,S0031,2026-03-23,2,0,Paid
SU05957,B00408,S0038,2025-02-01,1,0,Paid
SU05958,B04022,S0114,2026-07-27,1,10,Paid
SU05959,B05570,S0121,2025-02-07,2,5,Paid
SU05960,B07074,S0123,2024-08-17,4,0,Paid
SU05961,B02467,S0115,2026-05-19,1,0,Paid
SU05962,B04832,S0038,2024-05-03,2,5,Paid
SU05963,B06376,S0049,2026-01-18,1,20,Paid
SU05964,B03564,S0013,2025-06-30,2,0,Paid
SU05965,B05027,S0033,2024-11-17,1,15,Paid
SU05966,B06038,S0016,2024-10-28,2,5,Paid
SU05967,B04282,S0014,2024-05-17,3,10,Paid
SU05968,B04999,S0103,2026-03-03,4,5,Pending
SU05969,B01340,S0051,2026-02-14,1,10,Paid
SU05970,B01406,S0106,2026-08-16,3,15,Paid
SU05971,B03145,S0034,2024-03-06,2,5,Paid
SU05972,B00513,S0039,2024-09-30,8,10,Paid
SU05973,B05360,S0047,2025-03-07,2,15,Paid
SU05974,B03671,S0088,2025-11-13,5,0,Pending
SU05975,B00674,S0114,2026-05-06,4,5,Paid
SU05976,B02704,S0139,2024-07-27,3,10,Paid
SU05977,B00802,S0064,2025-12-14,1,25,Paid
SU05978,B02047,S0030,2026-03-19,3,0,Paid
SU05979,B07368,S0002,2025-10-06,2,10,Pending
SU05980,B09584,S0028,2026-03-21,2,0,Paid
SU05981,B05572,S0093,2026-03-15,4,5,Paid
SU05982,B01315,S0045,2026-06-17,1,0,Pending
SU05983,B06963,S0015,2026-03-20,1,5,Paid
SU05984,B09122,S0028,2024-10-09,2,5,Pending
SU05985,B07282,S0039,2025-04-24,4,10,Paid
SU05986,B03249,S0049,2026-02-18,2,15,Paid
SU05987,B04646,S0072,2026-02-23,4,10,Paid
SU05988,B05307,S0054,2026-05-14,2,5,Paid
SU05989,B01068,S0041,2025-11-29,3,0,Paid
SU05990,B01528,S0112,2025-10-16,4,15,Paid
SU05991,B05177,S0124,2026-08-08,1,0,Paid
SU05992,B09793,S0030,2026-04-10,1,5,Pending
SU05993,B07697,S0038,2026-08-02,1,5,Paid
SU05994,B08450,S0051,2024-11-16,2,0,Paid
SU05995,B04746,S0130,2026-03-13,4,0,Paid
SU05996,B03522,S0097,2025-07-24,2,0,Paid
SU05997,B05570,S0122,2025-02-07,2,5,Paid
SU05998,B06852,S0068,2026-06-05,5,20,Paid
SU05999,B01013,S0094,2025-11-13,1,20,Paid
SU06000,B07915,S0008,2025-09-27,1,0,Pending
SU06001,B03941,S0017,2026-07-18,4,0,Paid
SU06002,B00988,S0033,2024-12-02,1,0,Paid
SU06003,B00840,S0096,2024-11-20,6,0,Paid
SU06004,B06558,S0028,2025-12-24,4,10,Paid
SU06005,B09179,S0039,2025-09-07,8,10,Paid
SU06006,B08940,S0116,2024-03-15,1,0,Paid
SU06007,B05887,S0110,2026-07-14,4,0,Paid
SU06008,B07699,S0025,2026-06-20,5,5,Paid
SU06009,B07507,S0025,2024-08-21,4,15,Paid
SU06010,B01887,S0022,2024-12-23,1,5,Paid
SU06011,B05750,S0012,2026-06-22,2,0,Paid
SU06012,B06764,S0013,2026-04-19,2,5,Paid
SU06013,B07430,S0041,2026-07-21,2,5,Pending
SU06014,B00534,S0032,2026-01-13,3,5,Paid
SU06015,B05819,S0002,2025-08-13,1,10,Paid
SU06016,B03974,S0092,2025-06-27,5,10,Paid
SU06017,B02003,S0045,2026-01-31,1,0,Paid
SU06018,B02049,S0010,2025-10-18,1,15,Paid
SU06019,B09826,S0028,2026-05-25,3,10,Paid
SU06020,B05443,S0030,2026-05-13,1,0,Paid
SU06021,B05311,S0003,2024-06-01,8,10,Paid
SU06022,B04768,S0039,2024-02-23,4,0,Paid
SU06023,B02223,S0003,2026-08-26,1,10,Complimentary
SU06024,B05946,S0150,2025-06-28,1,0,Paid
SU06025,B09814,S0108,2026-07-29,6,15,Paid
SU06026,B06438,S0038,2026-06-28,1,0,Paid
SU06027,B08826,S0088,2026-08-11,3,20,Paid
SU06028,B02809,S0042,2024-10-15,3,0,Paid
SU06029,B04164,S0027,2025-12-25,2,0,Paid
SU06030,B09434,S0120,2026-08-21,1,0,Paid
SU06031,B09359,S0052,2024-05-21,1,5,Paid
SU06032,B07764,S0116,2025-11-19,1,0,Paid
SU06033,B04839,S0065,2024-01-15,4,5,Paid
SU06034,B05591,S0025,2026-02-22,10,15,Pending
SU06035,B07242,S0149,2024-09-27,2,0,Paid
SU06036,B04002,S0122,2026-08-05,4,0,Paid
SU06037,B05946,S0148,2025-06-28,2,10,Paid
SU06038,B09117,S0107,2024-04-26,2,0,Paid
SU06039,B04740,S0017,2024-09-22,1,5,Paid
SU06040,B09148,S0104,2024-11-14,4,10,Paid
SU06041,B09882,S0031,2026-07-11,2,0,Paid
SU06042,B07401,S0123,2026-03-21,4,0,Paid
SU06043,B07554,S0025,2026-04-04,1,20,Paid
SU06044,B05807,S0020,2026-08-26,2,0,Paid
SU06045,B07456,S0041,2026-01-27,1,10,Paid
SU06046,B08095,S0143,2025-06-28,3,20,Paid
SU06047,B00279,S0014,2026-08-22,3,10,Paid
SU06048,B09608,S0021,2024-05-19,3,10,Paid
SU06049,B04301,S0150,2026-02-01,1,15,Paid
SU06050,B02383,S0087,2025-09-05,1,5,Paid
SU06051,B04897,S0141,2025-10-13,2,0,Paid
SU06052,B07749,S0118,2026-06-30,1,25,Paid
SU06053,B02932,S0149,2025-05-28,3,10,Paid
SU06054,B03310,S0118,2026-04-10,3,15,Complimentary
SU06055,B04789,S0120,2026-08-09,2,10,Paid
SU06056,B01880,S0126,2025-12-26,1,5,Paid
SU06057,B02806,S0017,2025-12-04,6,10,Paid
SU06058,B02420,S0102,2026-03-08,4,0,Paid
SU06059,B08715,S0087,2026-03-05,3,10,Paid
SU06060,B03323,S0093,2026-08-14,4,20,Paid
SU06061,B04880,S0142,2024-03-02,5,25,Paid
SU06062,B09575,S0018,2025-08-27,2,10,Paid
SU06063,B07673,S0027,2025-01-20,3,0,Paid
SU06064,B06446,S0048,2026-03-30,3,0,Paid
SU06065,B09641,S0115,2026-03-05,5,20,Paid
SU06066,B02796,S0150,2026-02-18,1,15,Paid
SU06067,B07246,S0023,2026-07-29,1,0,Paid
SU06068,B01345,S0089,2025-08-15,1,0,Paid
SU06069,B04843,S0112,2026-08-26,3,20,Paid
SU06070,B03701,S0062,2025-08-15,2,0,Paid
SU06071,B03378,S0032,2024-09-19,5,0,Paid
SU06072,B00654,S0058,2024-02-03,1,15,Paid
SU06073,B05947,S0108,2025-09-29,4,0,Paid
SU06074,B00043,S0086,2024-12-11,5,5,Paid
SU06075,B05342,S0118,2026-08-20,3,0,Paid
SU06076,B02088,S0098,2026-03-10,1,5,Paid
SU06077,B04775,S0041,2025-01-15,3,0,Paid
SU06078,B03981,S0114,2026-08-23,4,0,Paid
SU06079,B07465,S0022,2025-11-06,3,25,Paid
SU06080,B02989,S0049,2026-08-07,1,20,Paid
SU06081,B05191,S0031,2025-12-15,2,25,Paid
SU06082,B03487,S0043,2025-10-18,4,5,Paid
SU06083,B04753,S0104,2024-10-21,2,0,Paid
SU06084,B00373,S0037,2025-11-14,1,5,Paid
SU06085,B07325,S0024,2025-03-31,5,0,Paid
SU06086,B02938,S0144,2025-04-03,2,0,Paid
SU06087,B05232,S0006,2025-04-01,1,15,Paid
SU06088,B06485,S0020,2024-05-16,1,0,Paid
SU06089,B01401,S0098,2026-08-05,3,10,Paid
SU06090,B09190,S0021,2025-07-19,2,0,Paid
SU06091,B00020,S0001,2024-07-23,2,10,Paid
SU06092,B06968,S0150,2026-05-16,1,0,Paid
SU06093,B06689,S0075,2025-07-31,2,20,Paid
SU06094,B06968,S0147,2026-05-15,1,15,Paid
SU06095,B04187,S0048,2024-04-09,5,0,Paid
SU06096,B05106,S0110,2025-09-23,1,10,Paid
SU06097,B09828,S0147,2024-04-01,4,5,Paid
SU06098,B06436,S0053,2025-10-26,1,20,Paid
SU06099,B08160,S0029,2024-03-21,3,5,Paid
SU06100,B05291,S0043,2026-01-04,2,10,Paid
SU06101,B03918,S0007,2024-08-29,3,15,Paid
SU06102,B08049,S0108,2026-06-05,2,5,Paid
SU06103,B09974,S0104,2026-05-08,1,0,Paid
SU06104,B04757,S0118,2026-07-15,2,5,Paid
SU06105,B02149,S0009,2026-08-26,1,10,Paid
SU06106,B06380,S0026,2025-10-31,3,10,Paid
SU06107,B02811,S0005,2025-12-11,1,10,Paid
SU06108,B08112,S0035,2025-12-28,2,0,Paid
SU06109,B00351,S0123,2026-08-21,1,25,Paid
SU06110,B01735,S0145,2026-04-26,4,15,Paid
SU06111,B00915,S0114,2025-01-20,1,0,Paid
SU06112,B03631,S0049,2024-10-08,1,0,Paid
SU06113,B07579,S0021,2026-05-10,2,0,Paid
SU06114,B09314,S0043,2024-01-11,1,0,Paid
SU06115,B02248,S0130,2026-08-02,5,15,Paid
SU06116,B01046,S0087,2025-08-19,2,15,Paid
SU06117,B06147,S0006,2025-10-31,6,0,Paid
SU06118,B00714,S0023,2026-04-08,3,10,Paid
SU06119,B01133,S0120,2026-08-14,3,5,Paid
SU06120,B09169,S0056,2024-10-22,8,20,Pending
SU06121,B07299,S0105,2026-01-25,2,0,Pending
SU06122,B02636,S0074,2025-12-31,2,0,Paid
SU06123,B09679,S0026,2026-03-15,2,5,Pending
SU06124,B02924,S0121,2026-01-16,8,5,Complimentary
SU06125,B01373,S0133,2025-07-26,1,20,Paid
SU06126,B03719,S0140,2025-11-18,2,15,Paid
SU06127,B07484,S0121,2026-07-30,2,5,Paid
SU06128,B06040,S0023,2025-05-07,1,10,Paid
SU06129,B01758,S0035,2026-04-16,4,0,Paid
SU06130,B06918,S0046,2026-01-05,3,10,Paid
SU06131,B02552,S0121,2025-09-12,2,0,Paid
SU06132,B02882,S0033,2024-02-29,1,5,Paid
SU06133,B07307,S0116,2025-07-05,2,0,Paid
SU06134,B09729,S0127,2024-12-03,4,5,Paid
SU06135,B02985,S0087,2025-09-23,2,15,Paid
SU06136,B00335,S0053,2024-11-11,1,5,Paid
SU06137,B00042,S0122,2026-08-18,4,5,Paid
SU06138,B09592,S0019,2026-01-26,2,5,Paid
SU06139,B05864,S0056,2026-08-11,6,5,Paid
SU06140,B07345,S0009,2026-01-11,1,0,Paid
SU06141,B03007,S0108,2026-08-30,5,5,Paid
SU06142,B08070,S0118,2026-03-28,1,0,Paid
SU06143,B06576,S0129,2025-10-16,1,15,Paid
SU06144,B00508,S0017,2025-02-06,2,20,Pending
SU06145,B07577,S0143,2026-05-04,4,0,Paid
SU06146,B01631,S0004,2024-09-15,2,25,Paid
SU06147,B07590,S0147,2026-07-27,2,5,Paid
SU06148,B04824,S0009,2024-09-17,2,15,Paid
SU06149,B02355,S0040,2026-08-21,3,15,Paid
SU06150,B03198,S0046,2025-11-28,1,0,Paid
SU06151,B05647,S0099,2026-08-13,1,5,Paid
SU06152,B06049,S0014,2024-02-25,10,0,Paid
SU06153,B06902,S0107,2026-05-29,1,0,Paid
SU06154,B05638,S0010,2026-03-19,3,0,Paid
SU06155,B09214,S0043,2026-08-30,5,5,Paid
SU06156,B03215,S0027,2024-09-13,3,0,Paid
SU06157,B08784,S0081,2025-12-01,5,0,Paid
SU06158,B02149,S0002,2026-08-25,6,10,Paid
SU06159,B08812,S0036,2026-02-10,1,10,Paid
SU06160,B01021,S0025,2025-03-11,3,25,Paid
SU06161,B08853,S0133,2024-09-19,4,0,Paid
SU06162,B05099,S0018,2024-09-07,2,10,Paid
SU06163,B06840,S0135,2024-11-26,1,10,Paid
SU06164,B06119,S0092,2024-02-25,1,10,Paid
SU06165,B07316,S0046,2024-01-16,2,5,Paid
SU06166,B02243,S0057,2026-03-15,6,0,Paid
SU06167,B07133,S0115,2025-10-07,4,0,Paid
SU06168,B04887,S0143,2026-02-12,6,10,Paid
SU06169,B05005,S0009,2025-08-07,1,5,Paid
SU06170,B08959,S0113,2024-05-16,1,0,Paid
SU06171,B00541,S0009,2026-01-11,1,0,Paid
SU06172,B03263,S0121,2024-06-12,2,10,Paid
SU06173,B08251,S0051,2024-07-20,4,0,Paid
SU06174,B08099,S0029,2026-03-26,3,15,Paid
SU06175,B08915,S0029,2025-01-24,5,10,Paid
SU06176,B00441,S0095,2026-03-19,2,15,Paid
SU06177,B02762,S0019,2026-08-05,2,0,Paid
SU06178,B06618,S0091,2024-08-29,4,0,Paid
SU06179,B02345,S0036,2026-04-10,1,5,Paid
SU06180,B08970,S0141,2026-03-02,1,5,Paid
SU06181,B00763,S0125,2025-10-27,2,20,Paid
SU06182,B08802,S0012,2026-03-25,1,5,Paid
SU06183,B03484,S0015,2026-07-05,1,0,Paid
SU06184,B05178,S0058,2026-05-15,3,5,Pending
SU06185,B06376,S0048,2026-01-21,2,0,Complimentary
SU06186,B00934,S0087,2025-05-01,5,5,Pending
SU06187,B04312,S0020,2024-11-10,1,5,Paid
SU06188,B01679,S0031,2024-03-02,1,5,Paid
SU06189,B01726,S0060,2025-12-14,1,0,Paid
SU06190,B04858,S0021,2026-01-09,1,5,Paid
SU06191,B03190,S0056,2025-05-11,3,0,Paid
SU06192,B00811,S0123,2024-06-20,5,10,Paid
SU06193,B07173,S0147,2026-02-16,3,5,Complimentary
SU06194,B09484,S0023,2024-06-08,1,10,Paid
SU06195,B03642,S0023,2026-08-07,1,0,Pending
SU06196,B04555,S0017,2025-11-23,3,0,Paid
SU06197,B06277,S0029,2024-02-22,2,5,Complimentary
SU06198,B08804,S0150,2026-04-23,1,0,Paid
SU06199,B07871,S0031,2026-06-07,3,10,Paid
SU06200,B04286,S0041,2026-08-16,2,10,Paid
SU06201,B06000,S0110,2024-10-13,2,10,Paid
SU06202,B05475,S0030,2025-04-30,2,15,Pending
SU06203,B05678,S0031,2026-06-07,1,5,Paid
SU06204,B01190,S0105,2026-03-11,4,5,Paid
SU06205,B03763,S0112,2026-05-18,6,10,Paid
SU06206,B05245,S0010,2025-01-15,1,20,Paid
SU06207,B02582,S0051,2025-03-23,6,5,Paid
SU06208,B06591,S0023,2025-11-04,1,0,Paid
SU06209,B07859,S0106,2026-01-21,3,5,Paid
SU06210,B07675,S0090,2026-05-05,5,10,Paid
SU06211,B03145,S0035,2024-03-07,6,20,Paid
SU06212,B03108,S0146,2026-08-30,4,0,Pending
SU06213,B03649,S0100,2024-10-29,1,20,Paid
SU06214,B08541,S0062,2025-01-14,1,0,Paid
SU06215,B08141,S0086,2026-08-26,3,5,Pending
SU06216,B04718,S0008,2025-01-28,2,5,Paid
SU06217,B09359,S0043,2024-05-18,2,5,Paid
SU06218,B08323,S0118,2026-08-10,5,0,Paid
SU06219,B06631,S0114,2024-11-18,3,20,Paid
SU06220,B06944,S0032,2025-05-11,5,15,Paid
SU06221,B07983,S0082,2026-08-18,1,5,Paid
SU06222,B07809,S0019,2024-08-28,4,5,Paid
SU06223,B09719,S0029,2025-08-17,4,10,Paid
SU06224,B04221,S0028,2025-06-20,3,10,Paid
SU06225,B00382,S0029,2026-01-06,2,15,Pending
SU06226,B04463,S0017,2024-12-19,3,20,Paid
SU06227,B03743,S0120,2024-07-27,3,25,Paid
SU06228,B04823,S0002,2025-01-16,2,5,Paid
SU06229,B03178,S0024,2024-01-10,5,15,Paid
SU06230,B00659,S0043,2025-10-23,4,0,Paid
SU06231,B07637,S0108,2025-08-18,4,0,Paid
SU06232,B04108,S0036,2025-07-12,1,0,Paid
SU06233,B09173,S0114,2026-07-07,5,0,Paid
SU06234,B04862,S0024,2024-09-01,4,20,Paid
SU06235,B02463,S0062,2026-08-21,1,0,Paid
SU06236,B00584,S0025,2026-08-28,5,15,Paid
SU06237,B04451,S0110,2025-11-02,4,5,Paid
SU06238,B00229,S0038,2024-03-21,1,25,Pending
SU06239,B04845,S0109,2026-06-12,5,5,Paid
SU06240,B02745,S0023,2026-05-06,1,10,Paid
SU06241,B09407,S0022,2026-08-28,1,10,Paid
SU06242,B03898,S0060,2025-07-07,4,5,Paid
SU06243,B06137,S0032,2026-04-30,2,5,Paid
SU06244,B09292,S0142,2025-05-13,3,0,Paid
SU06245,B00138,S0116,2026-01-11,2,5,Paid
SU06246,B03156,S0121,2025-11-04,1,5,Paid
SU06247,B06878,S0024,2024-08-23,4,0,Paid
SU06248,B05043,S0005,2024-01-11,1,10,Paid
SU06249,B05128,S0044,2026-02-20,2,0,Paid
SU06250,B02374,S0004,2025-01-07,2,0,Pending
SU06251,B07594,S0006,2025-12-04,5,20,Pending
SU06252,B08323,S0114,2026-08-14,3,15,Paid
SU06253,B02680,S0116,2026-05-17,2,5,Paid
SU06254,B04943,S0013,2026-02-27,5,25,Paid
SU06255,B08636,S0099,2024-12-19,2,0,Paid
SU06256,B04121,S0060,2026-06-29,3,0,Paid
SU06257,B01025,S0031,2026-02-23,1,10,Paid
SU06258,B00082,S0098,2024-07-09,1,0,Paid
SU06259,B06190,S0051,2025-10-25,4,0,Paid
SU06260,B02028,S0072,2026-03-31,4,5,Paid
SU06261,B01891,S0046,2025-08-29,3,0,Paid
SU06262,B03201,S0029,2024-10-06,3,0,Paid
SU06263,B01077,S0038,2024-12-09,1,0,Paid
SU06264,B04243,S0051,2024-12-18,5,0,Paid
SU06265,B02306,S0051,2025-07-02,5,10,Paid
SU06266,B00771,S0012,2024-05-26,2,0,Paid
SU06267,B00135,S0034,2024-01-09,1,0,Paid
SU06268,B09560,S0018,2025-11-13,1,5,Paid
SU06269,B02692,S0098,2026-03-03,2,0,Paid
SU06270,B05779,S0029,2026-02-06,2,0,Paid
SU06271,B08945,S0030,2024-03-17,2,5,Paid
SU06272,B09750,S0073,2025-02-10,1,0,Pending
SU06273,B00267,S0099,2025-07-02,1,20,Paid
SU06274,B08941,S0116,2025-08-20,1,15,Paid
SU06275,B00979,S0105,2026-02-18,2,15,Paid
SU06276,B08395,S0124,2026-06-09,3,20,Paid
SU06277,B01605,S0140,2025-12-01,2,0,Paid
SU06278,B08655,S0094,2025-07-24,1,0,Paid
SU06279,B07012,S0017,2025-01-15,5,0,Paid
SU06280,B00624,S0063,2026-03-02,1,0,Paid
SU06281,B09460,S0070,2026-02-21,1,5,Paid
SU06282,B04722,S0032,2024-06-19,2,10,Paid
SU06283,B01002,S0009,2024-06-07,2,25,Paid
SU06284,B07656,S0023,2025-10-28,1,0,Paid
SU06285,B05760,S0125,2025-07-24,4,0,Paid
SU06286,B07572,S0119,2025-05-07,2,15,Paid
SU06287,B04358,S0011,2024-09-17,1,20,Complimentary
SU06288,B00829,S0034,2025-02-12,3,0,Paid
SU06289,B02150,S0002,2024-03-19,2,10,Paid
SU06290,B00646,S0047,2026-04-20,1,20,Paid
SU06291,B07201,S0016,2025-03-04,3,10,Paid
SU06292,B01674,S0109,2024-01-11,3,20,Paid
SU06293,B04783,S0013,2026-05-18,2,5,Paid
SU06294,B04751,S0122,2026-02-17,3,5,Pending
SU06295,B08474,S0097,2024-09-25,3,10,Paid
SU06296,B03960,S0040,2025-11-23,2,10,Paid
SU06297,B01985,S0004,2024-03-17,4,10,Pending
SU06298,B03186,S0132,2025-12-03,1,20,Paid
SU06299,B04722,S0038,2024-06-19,1,0,Paid
SU06300,B05572,S0093,2026-03-15,6,0,Paid
SU06301,B02174,S0044,2026-01-31,1,0,Paid
SU06302,B09179,S0033,2025-09-05,1,10,Paid
SU06303,B08611,S0145,2024-12-04,2,15,Paid
SU06304,B01596,S0032,2026-03-30,3,0,Paid
SU06305,B08452,S0023,2025-05-14,1,0,Paid
SU06306,B03484,S0019,2026-07-06,3,0,Paid
SU06307,B04206,S0094,2026-05-12,3,10,Paid
SU06308,B08482,S0114,2025-03-23,2,10,Pending
SU06309,B09134,S0108,2026-08-30,6,5,Paid
SU06310,B03089,S0068,2024-10-03,1,5,Paid
SU06311,B01018,S0088,2025-07-01,5,15,Paid
SU06312,B02225,S0088,2025-07-19,4,20,Paid
SU06313,B07310,S0033,2026-05-23,2,10,Paid
SU06314,B03536,S0032,2026-06-14,3,15,Paid
SU06315,B01138,S0113,2025-03-01,1,10,Paid
SU06316,B07297,S0033,2025-11-14,1,10,Paid
SU06317,B00913,S0099,2024-08-29,1,0,Paid
SU06318,B07647,S0147,2024-01-19,2,0,Paid
SU06319,B04775,S0033,2025-01-15,2,0,Paid
SU06320,B04203,S0016,2024-02-09,6,5,Paid
SU06321,B08175,S0108,2025-09-05,4,15,Paid
SU06322,B09418,S0144,2024-03-06,3,0,Paid
SU06323,B07046,S0009,2026-06-01,1,0,Paid
SU06324,B05027,S0035,2024-11-16,3,5,Paid
SU06325,B09506,S0010,2024-03-27,4,10,Paid
SU06326,B01730,S0146,2026-08-13,3,10,Pending
SU06327,B05236,S0096,2026-04-24,2,0,Pending
SU06328,B08201,S0019,2025-12-07,2,0,Paid
SU06329,B03079,S0122,2026-02-23,4,10,Paid
SU06330,B00557,S0138,2026-07-07,1,10,Paid
SU06331,B05124,S0045,2026-01-23,1,0,Paid
SU06332,B07249,S0108,2026-05-05,2,0,Paid
SU06333,B00671,S0031,2026-06-04,1,0,Paid
SU06334,B00586,S0116,2026-05-10,1,5,Paid
SU06335,B04748,S0044,2026-03-09,2,0,Paid
SU06336,B02536,S0037,2026-06-20,5,25,Pending
SU06337,B02244,S0104,2026-01-18,1,5,Paid
SU06338,B04604,S0038,2024-06-20,1,0,Paid
SU06339,B05205,S0039,2025-04-04,2,0,Paid
SU06340,B01123,S0031,2025-03-20,1,10,Paid
SU06341,B04530,S0008,2026-05-12,2,25,Paid
SU06342,B01260,S0073,2026-07-06,3,0,Paid
SU06343,B08158,S0001,2025-01-29,4,0,Paid
SU06344,B04413,S0053,2025-11-08,1,5,Paid
SU06345,B06191,S0050,2025-12-17,4,15,Paid
SU06346,B08866,S0004,2024-08-21,2,0,Paid
SU06347,B04482,S0088,2026-05-26,5,15,Paid
SU06348,B06336,S0054,2026-06-14,2,0,Paid
SU06349,B06718,S0133,2025-06-23,2,20,Paid
SU06350,B07908,S0103,2026-02-27,4,0,Paid
SU06351,B02114,S0026,2025-05-26,4,0,Paid
SU06352,B03501,S0118,2026-08-03,4,25,Paid
SU06353,B03163,S0102,2024-10-07,3,0,Paid
SU06354,B01554,S0145,2024-05-17,5,15,Pending
SU06355,B05631,S0106,2026-03-09,5,25,Paid
SU06356,B07595,S0009,2026-06-21,1,0,Paid
SU06357,B03033,S0045,2025-09-25,3,5,Paid
SU06358,B02297,S0107,2024-03-04,2,10,Paid
SU06359,B07136,S0033,2026-02-24,1,0,Paid
SU06360,B00759,S0086,2024-07-16,4,15,Paid
SU06361,B04676,S0034,2026-08-30,4,10,Paid
SU06362,B08792,S0118,2025-07-28,3,5,Paid
SU06363,B02495,S0051,2026-01-21,3,10,Paid
SU06364,B06432,S0065,2024-07-25,2,0,Paid
SU06365,B05482,S0130,2026-05-22,5,0,Paid
SU06366,B08590,S0139,2025-12-15,4,10,Paid
SU06367,B08433,S0056,2024-11-18,1,5,Paid
SU06368,B06245,S0069,2026-06-04,3,25,Paid
SU06369,B06127,S0054,2026-02-24,2,5,Paid
SU06370,B06409,S0006,2025-11-15,4,5,Paid
SU06371,B09210,S0147,2025-09-15,3,0,Paid
SU06372,B01992,S0002,2026-07-20,4,5,Paid
SU06373,B09108,S0038,2026-07-18,1,25,Paid
SU06374,B01515,S0126,2025-03-18,1,25,Paid
SU06375,B04722,S0036,2024-06-19,1,0,Paid
SU06376,B02194,S0046,2026-08-30,3,15,Pending
SU06377,B08188,S0061,2026-01-25,3,10,Paid
SU06378,B06519,S0031,2026-05-18,3,10,Paid
SU06379,B01465,S0004,2025-09-21,3,10,Paid
SU06380,B04744,S0109,2026-02-03,3,0,Paid
SU06381,B09700,S0050,2025-12-06,3,10,Paid
SU06382,B08156,S0020,2026-06-05,3,0,Paid
SU06383,B08600,S0097,2026-02-22,4,0,Pending
SU06384,B00187,S0052,2025-01-28,1,20,Paid
SU06385,B04620,S0067,2026-05-23,1,5,Paid
SU06386,B00147,S0048,2024-11-12,4,5,Paid
SU06387,B07781,S0033,2026-01-09,1,0,Paid
SU06388,B01790,S0032,2024-12-15,2,0,Paid
SU06389,B01531,S0047,2025-12-09,1,10,Paid
SU06390,B08169,S0107,2025-09-28,2,0,Paid
SU06391,B04099,S0057,2024-10-14,3,0,Paid
SU06392,B02618,S0026,2026-01-30,3,0,Paid
SU06393,B01027,S0025,2024-02-17,4,5,Paid
SU06394,B02008,S0118,2026-02-06,3,0,Paid
SU06395,B08683,S0041,2025-11-13,1,0,Pending
SU06396,B05429,S0019,2024-08-08,4,0,Paid
SU06397,B07833,S0073,2025-10-02,1,0,Paid
SU06398,B03213,S0036,2024-04-10,3,5,Paid
SU06399,B06230,S0059,2024-04-28,1,10,Paid
SU06400,B04080,S0037,2024-11-18,3,0,Paid
SU06401,B05921,S0093,2024-08-21,4,20,Paid
SU06402,B04926,S0027,2024-02-09,2,10,Paid
SU06403,B08040,S0037,2025-01-16,4,5,Paid
SU06404,B06787,S0028,2024-06-25,3,5,Paid
SU06405,B01807,S0101,2025-11-20,1,0,Paid
SU06406,B08676,S0038,2025-06-14,2,20,Paid
SU06407,B03309,S0015,2026-05-08,2,0,Paid
SU06408,B03483,S0046,2026-04-14,2,0,Paid
SU06409,B06427,S0088,2026-02-28,3,0,Paid
SU06410,B03417,S0043,2025-06-19,2,5,Paid
SU06411,B04391,S0032,2026-01-11,4,10,Paid
SU06412,B07677,S0038,2025-10-24,1,15,Paid
SU06413,B04109,S0009,2026-03-16,1,10,Paid
SU06414,B00728,S0039,2026-07-16,1,0,Paid
SU06415,B03645,S0088,2024-04-16,5,5,Paid
SU06416,B01019,S0015,2025-02-25,2,25,Paid
SU06417,B04077,S0114,2024-02-07,2,0,Paid
SU06418,B09451,S0053,2025-10-31,3,5,Paid
SU06419,B01346,S0070,2026-02-07,1,0,Paid
SU06420,B09618,S0009,2024-12-11,2,0,Paid
SU06421,B09555,S0021,2025-06-17,1,0,Paid
SU06422,B07526,S0148,2026-01-19,2,15,Paid
SU06423,B00245,S0063,2025-07-31,2,0,Paid
SU06424,B05722,S0013,2026-01-13,1,20,Paid
SU06425,B05756,S0039,2026-07-04,4,10,Paid
SU06426,B00985,S0151,2025-12-02,1,15,Pending
SU06427,B04780,S0049,2026-06-17,1,5,Paid
SU06428,B02481,S0057,2025-04-05,6,10,Paid
SU06429,B04367,S0007,2025-02-03,1,5,Paid
SU06430,B07070,S0039,2026-05-23,1,5,Paid
SU06431,B01448,S0035,2026-07-07,8,10,Paid
SU06432,B08168,S0045,2025-10-31,3,0,Paid
SU06433,B05252,S0048,2025-02-28,4,0,Paid
SU06434,B09081,S0145,2025-06-24,4,0,Paid
SU06435,B08112,S0038,2025-12-29,1,15,Pending
SU06436,B00578,S0109,2026-08-04,2,10,Paid
SU06437,B00429,S0015,2026-01-08,2,10,Paid
SU06438,B01014,S0038,2025-07-07,2,10,Paid
SU06439,B05350,S0015,2025-11-30,2,5,Paid
SU06440,B05531,S0009,2024-09-25,1,10,Paid
SU06441,B04648,S0013,2026-05-18,2,15,Paid
SU06442,B03890,S0045,2024-02-19,1,5,Paid
SU06443,B05263,S0007,2026-05-07,1,0,Paid
SU06444,B04025,S0114,2026-06-25,4,10,Paid
SU06445,B03952,S0112,2024-02-15,3,5,Paid
SU06446,B04799,S0119,2025-02-24,2,0,Paid
SU06447,B08951,S0028,2025-05-05,2,5,Paid
SU06448,B04702,S0056,2026-08-12,10,10,Paid
SU06449,B07554,S0029,2026-04-04,5,0,Paid
SU06450,B06132,S0026,2026-03-06,4,0,Paid
SU06451,B01596,S0033,2026-03-30,1,0,Paid
SU06452,B06409,S0002,2025-11-15,3,5,Paid
SU06453,B03767,S0098,2024-03-30,2,0,Paid
SU06454,B03759,S0097,2026-03-05,2,20,Paid
SU06455,B02220,S0020,2026-07-13,3,15,Pending
SU06456,B04095,S0114,2026-05-24,1,0,Paid
SU06457,B04754,S0102,2025-12-18,2,0,Paid
SU06458,B08026,S0043,2025-05-05,2,5,Paid
SU06459,B04630,S0017,2025-05-31,4,5,Paid
SU06460,B03283,S0108,2026-08-26,5,0,Paid
SU06461,B03837,S0124,2026-04-02,2,0,Paid
SU06462,B02761,S0011,2026-03-23,4,5,Paid
SU06463,B01763,S0118,2025-03-11,3,5,Paid
SU06464,B00310,S0097,2026-04-23,4,10,Paid
SU06465,B06302,S0023,2026-05-22,1,0,Paid
SU06466,B04126,S0054,2026-08-12,1,0,Paid
SU06467,B07651,S0096,2025-08-26,4,5,Paid
SU06468,B07539,S0042,2026-05-12,3,0,Paid
SU06469,B09896,S0050,2025-12-12,4,0,Paid
SU06470,B02057,S0135,2025-09-26,5,0,Paid
SU06471,B04875,S0042,2026-08-26,2,0,Paid
SU06472,B08645,S0114,2026-02-13,2,0,Paid
SU06473,B07442,S0086,2026-02-09,3,0,Paid
SU06474,B03250,S0020,2024-09-14,1,0,Paid
SU06475,B04336,S0108,2026-05-07,2,10,Paid
SU06476,B04188,S0005,2025-05-06,1,0,Paid
SU06477,B03413,S0026,2026-01-17,4,5,Paid
SU06478,B05791,S0023,2024-09-11,2,0,Paid
SU06479,B08505,S0131,2026-02-10,5,0,Paid
SU06480,B01080,S0022,2024-12-19,1,0,Paid
SU06481,B05750,S0017,2026-06-22,3,15,Paid
SU06482,B01340,S0046,2026-02-13,1,0,Paid
SU06483,B08030,S0106,2025-12-04,5,15,Paid
SU06484,B01646,S0117,2025-10-24,2,10,Paid
SU06485,B01570,S0052,2025-02-23,1,0,Paid
SU06486,B06212,S0027,2026-06-22,2,10,Paid
SU06487,B05973,S0034,2024-03-08,4,0,Paid
SU06488,B07057,S0104,2024-09-05,4,5,Paid
SU06489,B05305,S0098,2026-07-31,1,15,Paid
SU06490,B00381,S0090,2026-04-22,6,0,Paid
SU06491,B06626,S0020,2025-11-23,2,5,Paid
SU06492,B09032,S0088,2024-12-07,3,0,Paid
SU06493,B08472,S0071,2024-01-12,1,0,Paid
SU06494,B04748,S0047,2026-03-07,1,15,Paid
SU06495,B00316,S0041,2026-02-18,4,0,Paid
SU06496,B08237,S0058,2025-11-25,2,10,Paid
SU06497,B01962,S0131,2025-06-22,3,0,Paid
SU06498,B07603,S0021,2026-02-04,1,15,Paid
SU06499,B06972,S0117,2025-03-18,3,0,Paid
SU06500,B05786,S0140,2026-08-29,1,0,Paid
SU06501,B04117,S0032,2026-02-25,6,5,Paid
SU06502,B01887,S0027,2024-12-20,3,10,Paid
SU06503,B08007,S0012,2025-03-17,3,5,Paid
SU06504,B07844,S0060,2026-04-19,1,0,Paid
SU06505,B03644,S0002,2026-03-04,3,5,Paid
SU06506,B05403,S0034,2024-03-17,2,20,Paid
SU06507,B07940,S0107,2026-06-03,8,5,Paid
SU06508,B08257,S0052,2025-10-17,2,15,Paid
SU06509,B09298,S0110,2025-12-07,6,0,Paid
SU06510,B09897,S0100,2026-01-22,5,25,Complimentary
SU06511,B01283,S0088,2024-09-27,3,0,Paid
SU06512,B07248,S0118,2025-12-05,5,0,Paid
SU06513,B02648,S0001,2024-12-17,4,25,Paid
SU06514,B09743,S0132,2026-04-02,2,10,Paid
SU06515,B03075,S0124,2024-08-14,1,5,Paid
SU06516,B07063,S0029,2026-03-21,4,15,Paid
SU06517,B04424,S0144,2024-10-31,2,0,Pending
SU06518,B01689,S0074,2025-07-14,1,5,Paid
SU06519,B03851,S0043,2025-09-17,2,15,Paid
SU06520,B09946,S0108,2026-04-03,3,10,Paid
SU06521,B07291,S0110,2024-05-31,1,10,Paid
SU06522,B05006,S0109,2026-04-12,2,0,Paid
SU06523,B04972,S0033,2025-03-11,1,10,Paid
SU06524,B04842,S0099,2026-07-24,3,0,Paid
SU06525,B07435,S0067,2024-05-04,2,10,Paid
SU06526,B03323,S0094,2026-08-15,1,0,Paid
SU06527,B02398,S0005,2024-07-27,2,5,Paid
SU06528,B07935,S0028,2026-08-03,1,20,Complimentary
SU06529,B00486,S0047,2024-04-09,1,15,Paid
SU06530,B07926,S0044,2026-08-17,2,5,Paid
SU06531,B07812,S0151,2025-08-19,1,10,Paid
SU06532,B02995,S0113,2024-08-12,2,0,Paid
SU06533,B00559,S0088,2026-03-28,4,5,Paid
SU06534,B08509,S0093,2026-06-09,2,25,Paid
SU06535,B06002,S0002,2024-07-02,2,0,Paid
SU06536,B07219,S0063,2026-05-31,1,25,Paid
SU06537,B06906,S0145,2025-09-11,1,0,Paid
SU06538,B00310,S0095,2026-04-23,6,15,Paid
SU06539,B08620,S0089,2026-08-01,3,0,Paid
SU06540,B08571,S0086,2025-09-11,4,0,Complimentary
SU06541,B02231,S0112,2025-07-09,3,0,Pending
SU06542,B00983,S0086,2026-08-14,4,20,Paid
SU06543,B06097,S0001,2024-02-15,2,5,Paid
SU06544,B04938,S0146,2026-06-01,4,15,Paid
SU06545,B05048,S0107,2026-03-21,2,0,Paid
SU06546,B07452,S0116,2025-01-02,1,0,Paid
SU06547,B01410,S0115,2026-04-01,3,5,Pending
SU06548,B05528,S0036,2025-10-19,2,0,Pending
SU06549,B08223,S0056,2026-01-05,1,0,Paid
SU06550,B00345,S0034,2026-08-26,3,0,Paid
SU06551,B00945,S0113,2025-06-11,3,10,Paid
SU06552,B07740,S0004,2024-01-12,5,15,Paid
SU06553,B05792,S0140,2025-10-22,1,0,Paid
SU06554,B08014,S0121,2026-06-24,5,10,Paid
SU06555,B06422,S0107,2025-05-11,2,5,Paid
SU06556,B02560,S0086,2026-06-04,2,15,Paid
SU06557,B02888,S0042,2026-08-06,10,5,Paid
SU06558,B06353,S0029,2026-02-19,4,25,Pending
SU06559,B07253,S0050,2025-11-19,3,10,Pending
SU06560,B01508,S0049,2026-05-08,2,0,Paid
SU06561,B04171,S0033,2026-01-13,1,0,Pending
SU06562,B03006,S0116,2026-06-15,1,5,Paid
SU06563,B06598,S0111,2025-07-30,2,5,Paid
SU06564,B01754,S0046,2026-07-07,2,0,Paid
SU06565,B08962,S0116,2026-06-30,1,25,Paid
SU06566,B08454,S0002,2024-03-23,6,15,Paid
SU06567,B03659,S0044,2026-07-26,1,0,Pending
SU06568,B06734,S0010,2025-05-19,2,20,Paid
SU06569,B09554,S0118,2026-08-05,2,0,Paid
SU06570,B08368,S0150,2026-05-12,3,15,Paid
SU06571,B03925,S0034,2026-06-17,2,0,Paid
SU06572,B03607,S0097,2026-04-29,6,10,Paid
SU06573,B02432,S0069,2024-12-16,2,20,Paid
SU06574,B07416,S0003,2025-11-22,2,15,Pending
SU06575,B06410,S0005,2025-12-16,1,10,Paid
SU06576,B09008,S0031,2024-01-22,2,15,Pending
SU06577,B09016,S0106,2026-03-22,2,0,Paid
SU06578,B00203,S0114,2026-04-06,6,5,Paid
SU06579,B06549,S0109,2024-05-05,1,15,Paid
SU06580,B07101,S0017,2025-10-24,6,0,Paid
SU06581,B08338,S0095,2026-08-06,3,5,Paid
SU06582,B08092,S0124,2026-08-13,1,10,Paid
SU06583,B07665,S0009,2026-07-24,1,5,Paid
SU06584,B05467,S0021,2024-09-27,1,0,Paid
SU06585,B01753,S0037,2026-08-08,2,15,Paid
SU06586,B00647,S0002,2026-07-14,5,0,Paid
SU06587,B03181,S0099,2026-07-05,1,0,Paid
SU06588,B05996,S0140,2024-10-07,1,20,Paid
SU06589,B06834,S0027,2026-03-06,3,0,Paid
SU06590,B07156,S0027,2026-08-12,3,5,Pending
SU06591,B04980,S0023,2026-01-05,2,0,Paid
SU06592,B00586,S0116,2026-05-11,1,15,Paid
SU06593,B08395,S0124,2026-06-08,3,10,Paid
SU06594,B07473,S0031,2026-04-01,2,10,Paid
SU06595,B02437,S0020,2024-03-25,2,0,Paid
SU06596,B09536,S0098,2026-03-27,3,5,Paid
SU06597,B05370,S0002,2025-11-20,2,15,Paid
SU06598,B00224,S0116,2024-06-14,1,0,Paid
SU06599,B05207,S0097,2026-02-19,3,0,Paid
SU06600,B05643,S0088,2024-10-10,5,0,Paid
SU06601,B08261,S0026,2026-05-15,5,15,Paid
SU06602,B05274,S0112,2026-04-02,4,15,Paid
SU06603,B09373,S0022,2026-08-23,1,15,Complimentary
SU06604,B06396,S0071,2024-09-23,1,0,Paid
SU06605,B06912,S0002,2025-03-30,4,0,Paid
SU06606,B06074,S0088,2025-07-19,1,10,Paid
SU06607,B01439,S0041,2024-06-22,2,10,Paid
SU06608,B03671,S0086,2025-11-13,3,15,Paid
SU06609,B02700,S0143,2024-01-29,4,0,Paid
SU06610,B05509,S0031,2024-05-28,1,10,Paid
SU06611,B05002,S0041,2024-12-01,5,15,Paid
SU06612,B01612,S0118,2024-02-27,8,0,Paid
SU06613,B05287,S0131,2025-09-05,2,15,Paid
SU06614,B05936,S0072,2025-09-21,4,5,Paid
SU06615,B06632,S0035,2025-10-25,2,20,Paid
SU06616,B07715,S0094,2024-06-21,1,10,Paid
SU06617,B01717,S0099,2025-05-16,2,0,Paid
SU06618,B09378,S0033,2025-12-13,1,0,Paid
SU06619,B01648,S0026,2026-05-15,2,5,Paid
SU06620,B06393,S0115,2025-02-20,3,10,Paid
SU06621,B05943,S0087,2025-08-08,5,0,Paid
SU06622,B08786,S0028,2026-08-08,2,5,Paid
SU06623,B04613,S0032,2025-10-11,2,10,Paid
SU06624,B02178,S0093,2024-06-11,8,5,Paid
SU06625,B09489,S0140,2026-01-16,2,10,Paid
SU06626,B09314,S0043,2024-01-11,2,0,Paid
SU06627,B05878,S0143,2024-12-18,3,0,Paid
SU06628,B02723,S0062,2024-12-30,1,15,Paid
SU06629,B02535,S0032,2026-05-28,1,5,Paid
SU06630,B06882,S0121,2025-09-29,1,5,Paid
SU06631,B04348,S0120,2025-06-22,2,5,Paid
SU06632,B01879,S0002,2025-08-21,3,0,Paid
SU06633,B03534,S0107,2026-05-23,2,5,Paid
SU06634,B09651,S0058,2026-08-29,1,10,Paid
SU06635,B00336,S0131,2025-08-09,2,10,Paid
SU06636,B06902,S0107,2026-05-29,3,10,Paid
SU06637,B01822,S0048,2026-08-03,2,10,Paid
SU06638,B08970,S0144,2026-03-02,2,5,Paid
SU06639,B07387,S0112,2025-12-16,3,15,Paid
SU06640,B04032,S0041,2026-03-30,1,5,Paid
SU06641,B04485,S0045,2026-06-15,1,10,Paid
SU06642,B08406,S0054,2026-01-28,2,5,Paid
SU06643,B04751,S0125,2026-02-15,5,5,Paid
SU06644,B00457,S0114,2024-03-28,6,10,Paid
SU06645,B03727,S0052,2026-06-01,1,0,Paid
SU06646,B07881,S0112,2024-12-27,3,15,Paid
SU06647,B06677,S0100,2026-08-08,2,0,Paid
SU06648,B06441,S0036,2025-11-15,1,15,Paid
SU06649,B09798,S0041,2025-05-21,4,0,Paid
SU06650,B09416,S0034,2026-07-25,1,0,Paid
SU06651,B04799,S0118,2025-02-25,2,20,Paid
SU06652,B07903,S0088,2026-04-05,1,0,Paid
SU06653,B05778,S0031,2025-12-06,2,0,Paid
SU06654,B03398,S0118,2025-10-21,1,0,Paid
SU06655,B09377,S0036,2024-02-20,1,5,Pending
SU06656,B05050,S0119,2025-03-21,6,5,Paid
SU06657,B08175,S0113,2025-09-04,3,0,Paid
SU06658,B00381,S0090,2026-04-22,6,5,Paid
SU06659,B00482,S0096,2026-02-06,5,10,Paid
SU06660,B02764,S0122,2025-06-12,1,5,Paid
SU06661,B03995,S0004,2025-06-21,3,5,Paid
SU06662,B02939,S0135,2025-05-09,6,0,Paid
SU06663,B00449,S0021,2025-08-04,2,25,Paid
SU06664,B03645,S0086,2024-04-16,2,25,Paid
SU06665,B07460,S0090,2026-07-26,2,0,Paid
SU06666,B02753,S0025,2026-01-08,1,10,Paid
SU06667,B09175,S0017,2026-07-01,3,5,Paid
SU06668,B07434,S0026,2026-08-28,5,5,Paid
SU06669,B05326,S0099,2026-05-07,1,5,Paid
SU06670,B05995,S0112,2024-04-29,2,15,Paid
SU06671,B04764,S0015,2024-08-30,3,10,Paid
SU06672,B09905,S0107,2026-07-29,3,0,Paid
SU06673,B02180,S0032,2025-10-04,5,10,Paid
SU06674,B04582,S0006,2025-11-21,3,10,Paid
SU06675,B03169,S0041,2025-07-09,1,0,Paid
SU06676,B03649,S0099,2024-10-29,2,5,Pending
SU06677,B00432,S0042,2026-08-08,3,10,Paid
SU06678,B07359,S0082,2025-11-28,3,0,Pending
SU06679,B01792,S0115,2025-12-30,1,0,Paid
SU06680,B08261,S0031,2026-05-15,3,0,Paid
SU06681,B04679,S0031,2025-10-25,1,5,Paid
SU06682,B09220,S0112,2024-08-13,3,20,Pending
SU06683,B09922,S0136,2025-07-23,1,5,Paid
SU06684,B00335,S0055,2024-11-13,1,5,Paid
SU06685,B05105,S0109,2024-01-19,3,5,Paid
SU06686,B00630,S0138,2025-07-29,2,0,Paid
SU06687,B04993,S0137,2024-06-23,2,0,Paid
SU06688,B02240,S0038,2024-05-05,1,10,Paid
SU06689,B05939,S0072,2025-05-28,3,0,Paid
SU06690,B03117,S0039,2024-02-12,4,0,Paid
SU06691,B01313,S0040,2025-12-30,2,5,Paid
SU06692,B09379,S0024,2025-05-14,4,5,Paid
SU06693,B09881,S0093,2026-03-13,2,0,Paid
SU06694,B03273,S0110,2026-06-22,3,0,Paid
SU06695,B06233,S0072,2026-08-09,1,0,Paid
SU06696,B02509,S0138,2024-09-04,3,10,Paid
SU06697,B00410,S0008,2026-04-26,1,10,Pending
SU06698,B07385,S0039,2026-06-11,4,5,Paid
SU06699,B00029,S0068,2026-07-05,3,5,Pending
SU06700,B00020,S0007,2024-07-25,1,0,Paid
SU06701,B07982,S0072,2025-12-05,4,10,Pending
SU06702,B02128,S0005,2026-01-21,2,0,Paid
SU06703,B05467,S0011,2024-09-27,1,25,Complimentary
SU06704,B08796,S0040,2025-10-27,2,0,Paid
SU06705,B00310,S0094,2026-04-22,1,0,Paid
SU06706,B09224,S0052,2026-02-05,1,20,Paid
SU06707,B06165,S0090,2026-05-24,6,25,Paid
SU06708,B08711,S0148,2024-02-09,1,0,Paid
SU06709,B09152,S0089,2025-10-23,1,5,Paid
SU06710,B07156,S0027,2026-08-11,2,5,Paid
SU06711,B05976,S0033,2025-01-10,1,5,Pending
SU06712,B06957,S0071,2025-11-11,3,15,Paid
SU06713,B08795,S0009,2025-08-30,2,10,Paid
SU06714,B06327,S0112,2025-10-13,4,15,Paid
SU06715,B09406,S0116,2025-05-10,1,0,Paid
SU06716,B04414,S0139,2024-04-01,5,10,Paid
SU06717,B03760,S0103,2024-09-02,6,0,Paid
SU06718,B05491,S0090,2025-04-09,3,0,Paid
SU06719,B07084,S0149,2025-11-14,4,5,Paid
SU06720,B05706,S0048,2026-07-27,4,20,Paid
SU06721,B00644,S0112,2026-02-20,4,0,Paid
SU06722,B04468,S0142,2025-11-10,1,10,Paid
SU06723,B00454,S0123,2024-02-21,5,0,Paid
SU06724,B01701,S0063,2024-06-25,2,5,Paid
SU06725,B07620,S0126,2025-02-01,3,10,Paid
SU06726,B09844,S0033,2025-02-04,2,0,Paid
SU06727,B05532,S0013,2025-11-15,3,10,Paid
SU06728,B02581,S0064,2024-12-30,5,0,Paid
SU06729,B07166,S0062,2026-08-18,1,20,Paid
SU06730,B03096,S0097,2026-03-12,3,0,Paid
SU06731,B00126,S0140,2026-04-28,2,0,Paid
SU06732,B05706,S0042,2026-07-27,10,5,Paid
SU06733,B01528,S0113,2025-10-15,3,15,Paid
SU06734,B03406,S0028,2026-03-02,3,5,Paid
SU06735,B08589,S0029,2026-03-28,4,10,Paid
SU06736,B01749,S0003,2026-05-02,4,10,Pending
SU06737,B06954,S0010,2026-03-06,5,20,Paid
SU06738,B09601,S0003,2024-05-19,4,5,Paid
SU06739,B02841,S0126,2026-02-13,2,5,Paid
SU06740,B02207,S0002,2024-03-24,4,15,Complimentary
SU06741,B01131,S0039,2026-05-08,10,5,Paid
SU06742,B08338,S0094,2026-08-03,1,10,Paid
SU06743,B05274,S0109,2026-04-02,3,5,Paid
SU06744,B03450,S0012,2026-02-12,2,5,Paid
SU06745,B00088,S0006,2026-08-19,4,15,Paid
SU06746,B02384,S0087,2026-02-17,1,0,Paid
SU06747,B00691,S0056,2026-04-24,8,5,Paid
SU06748,B00221,S0029,2026-05-31,6,0,Paid
SU06749,B02964,S0020,2024-07-21,2,5,Paid
SU06750,B03767,S0097,2024-03-30,4,0,Paid
SU06751,B04985,S0014,2025-07-03,4,5,Paid
SU06752,B02525,S0024,2025-08-29,1,5,Paid
SU06753,B00451,S0091,2025-11-20,8,0,Paid
SU06754,B06410,S0007,2025-12-15,3,0,Paid
SU06755,B00334,S0116,2025-12-25,1,0,Paid
SU06756,B08430,S0029,2026-01-24,1,0,Paid
SU06757,B02419,S0052,2024-04-22,2,0,Paid
SU06758,B04050,S0092,2026-05-26,5,0,Paid
SU06759,B00138,S0118,2026-01-12,2,0,Paid
SU06760,B07335,S0049,2025-12-24,1,0,Paid
SU06761,B00156,S0072,2026-02-08,2,0,Pending
SU06762,B00759,S0086,2024-07-15,2,0,Paid
SU06763,B05291,S0042,2026-01-02,3,5,Paid
SU06764,B00038,S0149,2025-02-16,2,5,Paid
SU06765,B03059,S0138,2024-09-07,1,10,Paid
SU06766,B06014,S0100,2025-07-06,1,15,Paid
SU06767,B04857,S0124,2025-03-25,1,0,Paid
SU06768,B05137,S0039,2025-05-15,3,5,Pending
SU06769,B05643,S0087,2024-10-10,2,15,Paid
SU06770,B04283,S0025,2025-02-13,4,5,Paid
SU06771,B06269,S0007,2026-08-02,1,0,Paid
SU06772,B05815,S0036,2026-01-19,1,5,Paid
SU06773,B03180,S0058,2026-02-21,1,0,Paid
SU06774,B00578,S0110,2026-08-04,5,10,Paid
SU06775,B00926,S0100,2026-07-07,4,0,Paid
SU06776,B07014,S0049,2026-07-10,1,10,Paid
SU06777,B07704,S0039,2024-03-10,4,5,Paid
SU06778,B04692,S0035,2026-02-05,8,0,Pending
SU06779,B02192,S0051,2026-03-02,3,0,Paid
SU06780,B02489,S0108,2025-07-14,2,5,Paid
SU06781,B00354,S0027,2026-01-02,2,0,Complimentary
SU06782,B03622,S0108,2025-04-12,2,10,Paid
SU06783,B08887,S0058,2024-04-29,2,0,Pending
SU06784,B06634,S0117,2026-03-05,2,20,Paid
SU06785,B00709,S0120,2026-08-06,3,0,Paid
SU06786,B00772,S0020,2024-03-22,2,5,Paid
SU06787,B06992,S0120,2026-08-18,5,0,Paid
SU06788,B09239,S0027,2025-02-16,1,10,Paid
SU06789,B07559,S0035,2026-02-03,1,25,Paid
SU06790,B04967,S0063,2025-05-29,2,0,Paid
SU06791,B07442,S0086,2026-02-09,1,10,Paid
SU06792,B08013,S0006,2025-10-07,5,0,Paid
SU06793,B09403,S0027,2024-12-10,4,5,Paid
SU06794,B09245,S0146,2024-02-02,4,25,Paid
SU06795,B07168,S0032,2026-02-15,4,0,Paid
SU06796,B07632,S0087,2026-06-29,1,20,Paid
SU06797,B07223,S0021,2026-06-04,2,0,Paid
SU06798,B07478,S0086,2024-09-25,5,0,Paid
SU06799,B09151,S0053,2026-07-23,2,0,Paid
SU06800,B06114,S0062,2026-04-01,1,25,Paid
SU06801,B08928,S0116,2025-12-03,1,20,Paid
SU06802,B03892,S0008,2025-05-06,1,0,Pending
SU06803,B00861,S0094,2025-02-11,1,0,Paid
SU06804,B04185,S0124,2026-02-28,2,10,Complimentary
SU06805,B04885,S0027,2025-06-14,4,0,Pending
SU06806,B06100,S0107,2025-12-10,1,0,Paid
SU06807,B08464,S0070,2025-05-01,4,0,Paid
SU06808,B05791,S0025,2024-09-10,10,0,Paid
SU06809,B08842,S0029,2025-01-09,2,5,Paid
SU06810,B06398,S0015,2026-05-09,2,10,Complimentary
SU06811,B04142,S0125,2025-12-09,4,15,Paid
SU06812,B07567,S0032,2026-07-29,1,0,Paid
SU06813,B08600,S0098,2026-02-22,2,0,Paid
SU06814,B07133,S0116,2025-10-05,1,0,Paid
SU06815,B09126,S0036,2026-04-22,3,0,Paid
SU06816,B03820,S0031,2026-03-05,3,5,Paid
SU06817,B06764,S0017,2026-04-19,1,0,Paid
SU06818,B09393,S0003,2025-07-05,2,0,Paid
SU06819,B09646,S0036,2026-01-19,2,0,Pending
SU06820,B04555,S0014,2025-11-20,6,0,Paid
SU06821,B02316,S0087,2024-01-12,4,0,Paid
SU06822,B06337,S0116,2026-01-15,2,10,Complimentary
SU06823,B03393,S0116,2026-08-22,1,5,Paid
SU06824,B03538,S0050,2024-11-04,1,0,Paid
SU06825,B06045,S0040,2026-08-20,2,5,Paid
SU06826,B02493,S0128,2025-11-07,1,5,Paid
SU06827,B07767,S0046,2025-10-07,1,10,Pending
SU06828,B05174,S0032,2024-07-29,3,5,Paid
SU06829,B04962,S0022,2026-02-17,1,20,Paid
SU06830,B04812,S0007,2026-03-09,2,15,Paid
SU06831,B04160,S0035,2026-02-02,4,0,Paid
SU06832,B03479,S0071,2026-05-17,1,10,Paid
SU06833,B08508,S0127,2026-04-08,4,0,Paid
SU06834,B04009,S0089,2024-12-18,2,10,Paid
SU06835,B05604,S0052,2025-08-29,1,20,Paid
SU06836,B01672,S0062,2024-03-17,1,10,Paid
SU06837,B06815,S0121,2026-08-21,2,25,Paid
SU06838,B09669,S0096,2025-10-20,5,0,Paid
SU06839,B06816,S0127,2025-08-01,3,15,Paid
SU06840,B06776,S0107,2026-08-27,5,20,Paid
SU06841,B02314,S0022,2024-02-26,1,0,Paid
SU06842,B08969,S0145,2025-08-19,1,0,Paid
SU06843,B07594,S0003,2025-12-03,5,5,Paid
SU06844,B04624,S0026,2024-11-07,2,5,Paid
SU06845,B09727,S0120,2026-02-03,2,15,Paid
SU06846,B06195,S0073,2024-11-20,1,10,Paid
SU06847,B06190,S0052,2025-10-28,1,0,Paid
SU06848,B01812,S0034,2025-06-10,5,0,Paid
SU06849,B07765,S0115,2026-07-26,3,0,Paid
SU06850,B06815,S0127,2026-08-21,4,25,Paid
SU06851,B09343,S0038,2024-09-22,1,0,Paid
SU06852,B06805,S0031,2026-01-30,1,0,Paid
SU06853,B08444,S0033,2025-11-02,3,10,Paid
SU06854,B01471,S0005,2026-08-12,2,0,Paid
SU06855,B09693,S0040,2025-11-07,5,0,Paid
SU06856,B07204,S0015,2026-08-30,3,0,Paid
SU06857,B02754,S0145,2026-08-16,2,5,Paid
SU06858,B04670,S0141,2026-02-21,1,5,Paid
SU06859,B03358,S0029,2026-07-09,5,0,Paid
SU06860,B04195,S0001,2024-11-06,3,5,Paid
SU06861,B00177,S0031,2026-02-13,2,10,Paid
SU06862,B04474,S0032,2025-11-24,1,10,Paid
SU06863,B08075,S0016,2024-05-29,6,25,Paid
SU06864,B07586,S0099,2026-08-15,2,5,Paid
SU06865,B03531,S0006,2026-05-15,4,0,Paid
SU06866,B00404,S0132,2025-06-29,1,5,Paid
SU06867,B02613,S0027,2026-03-04,1,5,Paid
SU06868,B07661,S0081,2025-03-16,3,0,Paid
SU06869,B00608,S0019,2026-06-07,1,5,Paid
SU06870,B05470,S0142,2025-11-20,2,0,Paid
SU06871,B05254,S0116,2025-11-14,1,15,Pending
SU06872,B00252,S0036,2025-10-31,1,0,Paid
SU06873,B00137,S0047,2025-07-17,1,10,Paid
SU06874,B06172,S0114,2025-09-24,3,0,Paid
SU06875,B06190,S0050,2025-10-29,4,0,Paid
SU06876,B03887,S0027,2026-02-22,1,10,Pending
SU06877,B04621,S0116,2026-02-08,1,5,Paid
SU06878,B04123,S0122,2024-10-01,3,10,Paid
SU06879,B06791,S0125,2026-07-27,3,15,Paid
SU06880,B03310,S0115,2026-04-09,2,0,Paid
SU06881,B00600,S0101,2026-05-16,5,10,Paid
SU06882,B05779,S0028,2026-02-05,2,0,Paid
SU06883,B05438,S0147,2026-05-31,2,15,Paid
SU06884,B02049,S0006,2025-10-19,3,10,Paid
SU06885,B00458,S0048,2025-03-23,2,5,Paid
SU06886,B07841,S0056,2026-05-22,5,10,Paid
SU06887,B07122,S0084,2026-07-25,1,0,Paid
SU06888,B02388,S0051,2024-07-24,3,0,Paid
SU06889,B09655,S0124,2026-03-24,1,10,Paid
SU06890,B05176,S0010,2025-11-30,3,5,Paid
SU06891,B04055,S0099,2025-10-25,1,0,Paid
SU06892,B05146,S0092,2026-04-13,2,10,Paid
SU06893,B07087,S0106,2026-07-07,4,15,Paid
SU06894,B06242,S0030,2026-08-23,1,20,Paid
SU06895,B05005,S0001,2025-08-07,3,25,Paid
SU06896,B05727,S0070,2025-12-29,3,5,Paid
SU06897,B04744,S0109,2026-02-03,3,10,Paid
SU06898,B03255,S0027,2025-12-16,2,0,Paid
SU06899,B02532,S0098,2026-08-28,1,5,Paid
SU06900,B02912,S0056,2026-04-19,2,0,Paid
SU06901,B06525,S0100,2025-11-04,5,10,Paid
SU06902,B02614,S0005,2026-06-12,2,10,Paid
SU06903,B06196,S0016,2024-09-28,2,0,Paid
SU06904,B09060,S0084,2026-08-08,1,5,Paid
SU06905,B05352,S0114,2026-06-19,4,0,Paid
SU06906,B04085,S0015,2025-06-19,1,10,Paid
SU06907,B05145,S0142,2025-08-12,1,15,Paid
SU06908,B03119,S0005,2025-05-03,2,10,Pending
SU06909,B09108,S0034,2026-07-18,1,5,Paid
SU06910,B00883,S0149,2024-04-19,1,15,Paid
SU06911,B03011,S0124,2024-08-07,2,20,Paid
SU06912,B00407,S0054,2026-08-29,1,10,Paid
SU06913,B05734,S0047,2026-02-11,1,15,Paid
SU06914,B08090,S0095,2025-04-28,3,0,Pending
SU06915,B01959,S0037,2026-03-03,5,10,Paid
SU06916,B04498,S0112,2026-02-27,3,0,Paid
SU06917,B02495,S0049,2026-01-23,3,10,Paid
SU06918,B03379,S0002,2024-10-16,2,15,Paid
SU06919,B04803,S0056,2024-02-29,3,5,Complimentary
SU06920,B06427,S0092,2026-02-28,3,0,Paid
SU06921,B04792,S0145,2026-05-03,5,0,Pending
SU06922,B05379,S0009,2025-01-20,1,0,Paid
SU06923,B07646,S0050,2026-01-25,2,15,Paid
SU06924,B06972,S0117,2025-03-18,2,25,Paid
SU06925,B00924,S0127,2025-11-16,8,5,Paid
SU06926,B01341,S0041,2026-07-03,4,10,Pending
SU06927,B09078,S0056,2024-12-13,6,0,Pending
SU06928,B05927,S0036,2024-08-20,2,15,Paid
SU06929,B09370,S0118,2024-11-13,3,5,Paid
SU06930,B08424,S0025,2026-08-13,2,0,Paid
SU06931,B02736,S0039,2026-06-17,2,0,Paid
SU06932,B07117,S0033,2025-02-08,2,10,Paid
SU06933,B05310,S0030,2025-05-14,2,5,Paid
SU06934,B09223,S0020,2025-03-27,1,10,Paid
SU06935,B00524,S0005,2024-07-28,1,0,Paid
SU06936,B03851,S0044,2025-09-17,2,0,Paid
SU06937,B06406,S0089,2025-04-01,1,10,Paid
SU06938,B00847,S0109,2026-08-24,8,0,Paid
SU06939,B05208,S0126,2025-10-02,1,0,Paid
SU06940,B07246,S0031,2026-07-29,2,10,Paid
SU06941,B01102,S0098,2026-07-12,1,5,Paid
SU06942,B01139,S0028,2026-07-31,2,5,Paid
SU06943,B02370,S0098,2024-12-07,1,0,Paid
SU06944,B05187,S0048,2026-05-09,1,20,Paid
SU06945,B01136,S0115,2025-12-22,2,20,Paid
SU06946,B03275,S0046,2025-02-12,1,10,Paid
SU06947,B03932,S0025,2026-03-28,6,0,Paid
SU06948,B00996,S0107,2024-01-21,10,0,Paid
SU06949,B02025,S0039,2026-08-13,8,15,Paid
SU06950,B09482,S0093,2026-05-08,1,0,Paid
SU06951,B05667,S0118,2026-07-21,10,20,Paid
SU06952,B07435,S0071,2024-05-05,2,0,Paid
SU06953,B03870,S0030,2025-12-28,2,10,Paid
SU06954,B05625,S0013,2026-08-10,4,0,Paid
SU06955,B03320,S0118,2026-08-20,8,0,Paid
SU06956,B03922,S0026,2024-07-07,2,5,Paid
SU06957,B07345,S0002,2026-01-10,6,5,Paid
SU06958,B09727,S0120,2026-02-01,4,10,Paid
SU06959,B02279,S0074,2026-04-11,3,15,Paid
SU06960,B02481,S0055,2025-04-07,1,20,Paid
SU06961,B02150,S0007,2024-03-16,3,15,Paid
SU06962,B06431,S0019,2024-12-13,2,0,Paid
SU06963,B05022,S0104,2024-04-06,2,5,Paid
SU06964,B02847,S0067,2026-04-11,2,0,Paid
SU06965,B05368,S0015,2026-07-23,1,5,Paid
SU06966,B04071,S0126,2024-08-06,1,10,Paid
SU06967,B01197,S0043,2025-01-12,1,0,Paid
SU06968,B01474,S0006,2026-04-16,5,0,Paid
SU06969,B07608,S0017,2025-10-25,3,0,Paid
SU06970,B09401,S0009,2024-05-02,3,0,Paid
SU06971,B04415,S0143,2025-11-13,5,5,Pending
SU06972,B01276,S0101,2026-08-25,1,5,Pending
SU06973,B08654,S0048,2024-10-16,3,0,Paid
SU06974,B05200,S0093,2025-12-06,2,5,Paid
SU06975,B02767,S0051,2026-01-10,4,5,Paid
SU06976,B08536,S0049,2026-04-25,1,5,Paid
SU06977,B09051,S0094,2026-06-22,1,10,Paid
SU06978,B03721,S0125,2026-02-21,4,15,Paid
SU06979,B05078,S0034,2025-06-08,5,10,Paid
SU06980,B04486,S0065,2025-03-15,5,0,Pending
SU06981,B02595,S0046,2025-04-19,2,0,Paid
SU06982,B07764,S0117,2025-11-19,4,5,Pending
SU06983,B04560,S0121,2026-02-16,3,10,Paid
SU06984,B04676,S0039,2026-08-30,3,5,Paid
SU06985,B04602,S0046,2026-04-02,5,0,Paid
SU06986,B01619,S0067,2025-06-05,2,0,Paid
SU06987,B08285,S0054,2025-01-19,1,10,Paid
SU06988,B09115,S0121,2026-04-30,3,0,Paid
SU06989,B01383,S0073,2025-03-04,1,10,Paid
SU06990,B08373,S0010,2025-02-26,5,15,Paid
SU06991,B01926,S0046,2025-10-26,4,5,Paid
SU06992,B07549,S0112,2026-03-15,5,0,Paid
SU06993,B02632,S0039,2025-05-10,8,10,Paid
SU06994,B05785,S0108,2026-06-05,3,20,Paid
SU06995,B05668,S0023,2026-08-15,2,5,Paid
SU06996,B09804,S0039,2026-07-10,5,0,Paid
SU06997,B06395,S0058,2026-02-23,1,5,Paid
SU06998,B01532,S0099,2026-04-16,2,5,Paid
SU06999,B02466,S0026,2025-05-27,2,5,Paid
SU07000,B03566,S0032,2026-02-01,2,20,Paid
SU07001,B06205,S0032,2026-06-05,6,0,Paid
SU07002,B03950,S0054,2024-06-26,1,5,Paid
SU07003,B04561,S0013,2026-04-05,4,0,Paid
SU07004,B04643,S0049,2026-02-11,1,0,Paid
SU07005,B04057,S0062,2024-11-19,3,5,Paid
SU07006,B00688,S0115,2025-12-13,2,15,Paid
SU07007,B08425,S0119,2025-02-01,3,0,Paid
SU07008,B09100,S0046,2025-02-06,1,0,Paid
SU07009,B01676,S0124,2026-08-10,1,25,Paid
SU07010,B08140,S0019,2026-07-15,4,5,Paid
SU07011,B09446,S0042,2025-01-10,10,15,Paid
SU07012,B00876,S0091,2025-06-01,10,0,Paid
SU07013,B05036,S0006,2026-08-17,3,10,Paid
SU07014,B09164,S0098,2026-03-16,1,0,Paid
SU07015,B02423,S0149,2024-07-18,5,5,Paid
SU07016,B04042,S0047,2026-01-30,1,5,Paid
SU07017,B04304,S0121,2026-07-14,4,5,Paid
SU07018,B09774,S0149,2024-11-03,1,0,Paid
SU07019,B08985,S0037,2026-05-16,2,0,Paid
SU07020,B08051,S0040,2026-01-28,3,0,Paid
SU07021,B01842,S0064,2025-06-21,3,15,Paid
SU07022,B07570,S0096,2026-01-14,6,5,Paid
SU07023,B04921,S0039,2025-05-02,1,0,Paid
SU07024,B04717,S0094,2025-02-04,2,5,Paid
SU07025,B00056,S0005,2025-12-17,2,10,Paid
SU07026,B02948,S0025,2026-02-01,3,25,Paid
SU07027,B04495,S0114,2026-02-14,2,5,Paid
SU07028,B01897,S0053,2026-07-27,1,15,Paid
SU07029,B07038,S0046,2024-01-12,2,10,Paid
SU07030,B03315,S0040,2025-02-04,2,5,Pending
SU07031,B08669,S0096,2024-07-17,10,5,Paid
SU07032,B02319,S0020,2026-07-06,1,20,Paid
SU07033,B02900,S0108,2025-03-24,3,0,Paid
SU07034,B07137,S0033,2024-06-04,2,15,Paid
SU07035,B01064,S0120,2025-12-12,5,5,Paid
SU07036,B02551,S0053,2026-08-25,3,5,Paid
SU07037,B08864,S0094,2025-07-14,2,15,Paid
SU07038,B04798,S0104,2024-07-29,5,0,Paid
SU07039,B07656,S0026,2025-10-28,10,0,Paid
SU07040,B07871,S0026,2026-06-06,3,10,Paid
SU07041,B03108,S0151,2026-08-30,1,0,Paid
SU07042,B05104,S0005,2026-07-22,1,10,Paid
SU07043,B08220,S0118,2025-09-01,3,0,Paid
SU07044,B02139,S0109,2025-12-11,2,15,Paid
SU07045,B07725,S0112,2025-10-06,3,0,Paid
SU07046,B05318,S0009,2026-06-16,1,10,Paid
SU07047,B07844,S0054,2026-04-20,4,0,Paid
SU07048,B06479,S0032,2025-08-18,1,0,Paid
SU07049,B08449,S0013,2026-04-04,2,0,Paid
SU07050,B08908,S0010,2026-05-10,4,10,Paid
SU07051,B07037,S0118,2026-07-23,1,10,Paid
SU07052,B09761,S0115,2026-05-19,1,0,Paid
SU07053,B01107,S0009,2026-02-20,2,10,Paid
SU07054,B05667,S0116,2026-07-21,1,0,Paid
SU07055,B07226,S0030,2025-11-07,1,0,Paid
SU07056,B02950,S0064,2024-09-09,2,0,Paid
SU07057,B01709,S0127,2026-07-15,2,10,Paid
SU07058,B01655,S0048,2025-12-02,4,20,Paid
SU07059,B01752,S0040,2025-11-25,5,0,Paid
SU07060,B04164,S0024,2025-12-26,2,10,Paid
SU07061,B08915,S0027,2025-01-26,5,0,Paid
SU07062,B02907,S0038,2026-07-08,2,15,Paid
SU07063,B06569,S0125,2025-09-15,6,10,Paid
SU07064,B03245,S0093,2025-03-27,2,15,Paid
SU07065,B03766,S0051,2026-07-23,6,0,Paid
SU07066,B07516,S0029,2025-01-31,4,0,Paid
SU07067,B06765,S0017,2026-06-12,6,10,Paid
SU07068,B06130,S0030,2024-04-07,1,5,Paid
SU07069,B05224,S0036,2026-07-31,1,0,Paid
SU07070,B01074,S0048,2026-03-11,1,5,Paid
SU07071,B06768,S0114,2024-08-16,3,0,Paid
SU07072,B09107,S0104,2025-04-26,2,0,Paid
SU07073,B05722,S0014,2026-01-14,2,5,Paid
SU07074,B05947,S0111,2025-09-29,2,0,Paid
SU07075,B00407,S0055,2026-08-30,1,0,Paid
SU07076,B07916,S0010,2025-12-27,3,0,Paid
SU07077,B01025,S0030,2026-02-20,1,25,Paid
SU07078,B08587,S0020,2025-12-02,2,5,Paid
SU07079,B09881,S0096,2026-03-13,4,15,Paid
SU07080,B00851,S0050,2026-05-08,4,10,Paid
SU07081,B02143,S0095,2026-08-11,1,0,Paid
SU07082,B02983,S0089,2025-03-24,1,0,Pending
SU07083,B04149,S0010,2026-06-19,3,10,Paid
SU07084,B03808,S0108,2024-09-19,4,5,Paid
SU07085,B04258,S0007,2026-02-21,2,5,Pending
SU07086,B04277,S0046,2024-01-07,2,10,Paid
SU07087,B02186,S0045,2024-02-12,1,5,Paid
SU07088,B05529,S0123,2026-08-21,6,5,Paid
SU07089,B08276,S0096,2026-02-26,8,5,Paid
SU07090,B01413,S0116,2025-03-10,3,10,Paid
SU07091,B08043,S0132,2025-06-22,1,0,Paid
SU07092,B08601,S0028,2026-08-23,1,20,Paid
SU07093,B05378,S0116,2024-07-26,1,0,Paid
SU07094,B05039,S0118,2025-06-30,4,0,Paid
SU07095,B02135,S0115,2025-05-21,3,5,Paid
SU07096,B07532,S0102,2024-04-28,3,15,Paid
SU07097,B01755,S0052,2026-08-16,2,5,Pending
SU07098,B06898,S0051,2026-03-22,1,15,Paid
SU07099,B03837,S0125,2026-04-02,6,10,Paid
SU07100,B01478,S0028,2026-04-13,1,5,Paid
SU07101,B01510,S0058,2025-08-24,1,0,Paid
SU07102,B08654,S0045,2024-10-15,1,0,Pending
SU07103,B09230,S0107,2026-06-19,2,5,Paid
SU07104,B03234,S0140,2026-02-22,1,0,Pending
SU07105,B07321,S0036,2025-01-10,1,10,Pending
SU07106,B05142,S0017,2024-09-30,3,0,Paid
SU07107,B03984,S0020,2025-06-14,1,10,Paid
SU07108,B08847,S0042,2026-06-12,2,0,Paid
SU07109,B03960,S0038,2025-11-18,1,5,Paid
SU07110,B01331,S0024,2025-01-05,3,0,Paid
SU07111,B04961,S0074,2026-04-02,2,0,Paid
SU07112,B07982,S0069,2025-12-05,1,0,Paid
SU07113,B08074,S0111,2024-01-29,1,0,Paid
SU07114,B05200,S0097,2025-12-06,2,0,Paid
SU07115,B08268,S0071,2025-02-20,1,0,Paid
SU07116,B00253,S0099,2026-03-17,2,10,Paid
SU07117,B07830,S0020,2025-08-14,3,0,Paid
SU07118,B08781,S0038,2026-02-26,2,5,Paid
SU07119,B05913,S0098,2026-02-20,2,0,Paid
SU07120,B01647,S0108,2026-07-15,3,0,Paid
SU07121,B04411,S0147,2026-01-06,2,10,Paid
SU07122,B08252,S0146,2025-09-26,5,15,Paid
SU07123,B06432,S0064,2024-07-25,1,10,Paid
SU07124,B02844,S0015,2024-07-23,1,0,Paid
SU07125,B08229,S0127,2025-07-23,8,20,Paid
SU07126,B02146,S0014,2025-07-07,1,0,Paid
SU07127,B01304,S0094,2025-09-11,1,5,Paid
SU07128,B04415,S0145,2025-11-14,4,0,Paid
SU07129,B02612,S0027,2025-11-08,3,5,Paid
SU07130,B02475,S0013,2026-03-26,3,5,Paid
SU07131,B08454,S0001,2024-03-22,3,25,Paid
SU07132,B07207,S0021,2026-03-31,1,0,Paid
SU07133,B04506,S0122,2026-03-13,1,5,Paid
SU07134,B01035,S0144,2025-07-31,2,5,Paid
SU07135,B08644,S0029,2025-11-15,1,20,Paid
SU07136,B07475,S0029,2026-07-16,5,5,Pending
SU07137,B02364,S0024,2025-06-08,5,5,Paid
SU07138,B02354,S0143,2026-05-28,5,0,Paid
SU07139,B02598,S0059,2024-09-13,5,10,Paid
SU07140,B04107,S0110,2026-02-26,8,5,Paid
SU07141,B09843,S0047,2024-03-16,1,5,Paid
SU07142,B09935,S0046,2026-08-27,2,5,Paid
SU07143,B01675,S0027,2025-11-25,2,0,Paid
SU07144,B07011,S0053,2025-07-15,2,10,Paid
SU07145,B07999,S0096,2024-01-28,6,0,Paid
SU07146,B01754,S0044,2026-07-06,1,0,Paid
SU07147,B05455,S0033,2024-07-29,2,5,Paid
SU07148,B01186,S0109,2024-01-22,2,20,Paid
SU07149,B00137,S0046,2025-07-17,1,10,Paid
SU07150,B06271,S0007,2025-12-05,1,0,Paid
SU07151,B08633,S0122,2025-08-06,2,10,Paid
SU07152,B02214,S0030,2025-11-03,1,10,Paid
SU07153,B02787,S0010,2026-04-26,1,25,Paid
SU07154,B08724,S0037,2025-08-02,1,0,Pending
SU07155,B06739,S0014,2026-08-04,2,20,Paid
SU07156,B06295,S0060,2026-08-22,3,5,Pending
SU07157,B08474,S0095,2024-09-25,3,0,Paid
SU07158,B04041,S0071,2025-04-19,2,5,Paid
SU07159,B06882,S0127,2025-09-29,1,10,Paid
SU07160,B01594,S0032,2024-04-15,4,5,Paid
SU07161,B02003,S0047,2026-01-30,1,20,Paid
SU07162,B05627,S0007,2025-10-03,1,15,Paid
SU07163,B08550,S0020,2026-01-09,1,0,Paid
SU07164,B08342,S0141,2025-09-21,3,0,Paid
SU07165,B00929,S0013,2026-04-27,3,0,Paid
SU07166,B01145,S0108,2026-07-04,4,0,Paid
SU07167,B03064,S0122,2026-08-01,3,10,Pending
SU07168,B09822,S0012,2025-09-10,2,5,Paid
SU07169,B03817,S0134,2026-04-07,6,20,Paid
SU07170,B08090,S0097,2025-04-28,4,5,Pending
SU07171,B07665,S0008,2026-07-25,1,10,Paid
SU07172,B09299,S0082,2026-02-18,2,0,Paid
SU07173,B03435,S0030,2025-01-29,1,10,Paid
SU07174,B07713,S0014,2026-06-19,5,5,Paid
SU07175,B07133,S0115,2025-10-09,3,20,Paid
SU07176,B01725,S0023,2024-05-31,2,10,Paid
SU07177,B01331,S0029,2025-01-05,4,5,Paid
SU07178,B00599,S0112,2024-03-12,3,5,Paid
SU07179,B06901,S0086,2025-12-13,3,10,Paid
SU07180,B07879,S0100,2025-10-19,2,0,Paid
SU07181,B04112,S0014,2026-02-07,6,5,Paid
SU07182,B08156,S0020,2026-06-04,2,15,Paid
SU07183,B09975,S0012,2026-07-22,1,0,Paid
SU07184,B07320,S0048,2026-05-16,3,5,Paid
SU07185,B03401,S0120,2026-05-07,5,0,Paid
SU07186,B08620,S0090,2026-08-04,1,0,Paid
SU07187,B01699,S0092,2025-05-02,4,10,Paid
SU07188,B07423,S0149,2024-05-12,2,10,Paid
SU07189,B07824,S0115,2024-08-07,6,0,Paid
SU07190,B08761,S0007,2024-08-01,1,0,Paid
SU07191,B00874,S0006,2025-11-17,5,5,Paid
SU07192,B01615,S0022,2026-05-31,2,5,Paid
SU07193,B08304,S0058,2024-12-13,1,0,Paid
SU07194,B02453,S0116,2025-10-07,1,0,Paid
SU07195,B00493,S0086,2026-08-12,3,0,Paid
SU07196,B02554,S0007,2026-02-22,1,5,Paid
SU07197,B04200,S0151,2025-12-13,3,5,Paid
SU07198,B09782,S0027,2024-11-13,3,0,Paid
SU07199,B05537,S0061,2025-01-14,3,5,Pending
SU07200,B01667,S0110,2025-06-10,3,20,Paid
SU07201,B09324,S0107,2026-02-26,4,5,Paid
SU07202,B00798,S0054,2024-05-10,2,10,Paid
SU07203,B05433,S0041,2025-05-28,1,0,Paid
SU07204,B08078,S0087,2025-06-03,4,0,Paid
SU07205,B04056,S0042,2026-05-04,8,10,Paid
SU07206,B05426,S0034,2024-10-26,4,0,Paid
SU07207,B04414,S0138,2024-03-31,1,0,Paid
SU07208,B06632,S0034,2025-10-24,1,25,Paid
SU07209,B08455,S0086,2026-08-21,1,25,Paid
SU07210,B03032,S0086,2024-08-20,5,20,Paid
SU07211,B06941,S0126,2026-01-25,1,5,Paid
SU07212,B09780,S0042,2025-01-17,5,0,Paid
SU07213,B08464,S0074,2025-04-30,2,15,Pending
SU07214,B09339,S0143,2026-05-20,4,10,Paid
SU07215,B05914,S0094,2026-08-20,1,0,Paid
SU07216,B00756,S0091,2025-08-15,5,5,Paid
SU07217,B09196,S0118,2025-08-21,1,0,Paid
SU07218,B04038,S0024,2025-09-27,1,20,Paid
SU07219,B08921,S0024,2026-01-06,4,15,Paid
SU07220,B08984,S0049,2025-11-14,1,15,Paid
SU07221,B09042,S0028,2026-07-08,2,15,Paid
SU07222,B06657,S0022,2026-05-12,1,10,Paid
SU07223,B02185,S0056,2026-03-21,3,20,Paid
SU07224,B03772,S0151,2026-08-16,1,0,Paid
SU07225,B06430,S0114,2026-08-19,3,0,Paid
SU07226,B07080,S0088,2026-01-14,3,10,Complimentary
SU07227,B07200,S0113,2024-12-20,4,0,Paid
SU07228,B07651,S0097,2025-08-28,1,5,Paid
SU07229,B05572,S0094,2026-03-15,1,5,Pending
SU07230,B04066,S0109,2026-03-30,1,0,Paid
SU07231,B01245,S0073,2025-10-31,2,0,Paid
SU07232,B04284,S0046,2024-12-06,3,0,Paid
SU07233,B07911,S0115,2024-07-14,3,0,Paid
SU07234,B03481,S0028,2026-04-11,3,5,Paid
SU07235,B00281,S0109,2026-02-21,6,15,Complimentary
SU07236,B04314,S0027,2025-10-27,5,10,Paid
SU07237,B04854,S0096,2024-07-18,3,15,Paid
SU07238,B02839,S0107,2024-10-26,8,10,Paid
SU07239,B00434,S0067,2026-03-08,3,0,Paid
SU07240,B02765,S0006,2026-05-27,4,0,Paid
SU07241,B08067,S0021,2025-11-17,3,5,Pending
SU07242,B03086,S0114,2026-01-02,3,10,Paid
SU07243,B06330,S0098,2024-07-16,1,0,Paid
SU07244,B08963,S0088,2024-11-16,2,10,Paid
SU07245,B04218,S0096,2025-06-18,4,15,Paid
SU07246,B04739,S0127,2026-08-04,5,5,Paid
SU07247,B02183,S0042,2025-11-18,4,0,Paid
SU07248,B00308,S0109,2026-07-20,3,0,Paid
SU07249,B07591,S0028,2026-01-20,4,0,Paid
SU07250,B06793,S0062,2024-07-15,1,5,Paid
SU07251,B00095,S0121,2026-07-27,2,10,Paid
SU07252,B03378,S0037,2024-09-19,1,0,Paid
SU07253,B07302,S0015,2026-06-28,2,5,Paid
SU07254,B08424,S0023,2026-08-13,3,10,Paid
SU07255,B07510,S0019,2025-06-06,2,0,Paid
SU07256,B06058,S0007,2024-07-13,1,15,Paid
SU07257,B04463,S0017,2024-12-16,6,5,Paid
SU07258,B05845,S0114,2026-07-30,1,5,Paid
SU07259,B04847,S0015,2025-09-16,2,10,Paid
SU07260,B03273,S0107,2026-06-23,6,0,Paid
SU07261,B01921,S0025,2025-02-02,2,0,Paid
SU07262,B07035,S0126,2025-08-08,2,15,Paid
SU07263,B08762,S0137,2024-08-25,1,5,Paid
SU07264,B00826,S0008,2024-04-08,2,10,Paid
SU07265,B03982,S0055,2025-12-22,2,15,Paid
SU07266,B02930,S0048,2026-04-17,1,5,Paid
SU07267,B03980,S0114,2026-06-07,6,15,Paid
SU07268,B08974,S0008,2026-01-02,1,5,Paid
SU07269,B05449,S0117,2025-05-11,3,10,Paid
SU07270,B01284,S0034,2025-02-02,3,5,Paid
SU07271,B04640,S0041,2026-04-19,2,0,Paid
SU07272,B04705,S0120,2026-04-09,1,5,Paid
SU07273,B00441,S0096,2026-03-19,8,0,Paid
SU07274,B05375,S0063,2024-06-29,1,0,Pending
SU07275,B07089,S0061,2026-08-04,2,0,Paid
SU07276,B04064,S0128,2024-02-18,1,25,Paid
SU07277,B03413,S0022,2026-01-18,1,5,Paid
SU07278,B07426,S0060,2026-06-07,5,0,Paid
SU07279,B07760,S0109,2026-03-23,1,20,Paid
SU07280,B05487,S0086,2026-03-19,2,0,Paid
SU07281,B02940,S0116,2026-01-24,2,0,Paid
SU07282,B06188,S0001,2024-01-13,6,10,Paid
SU07283,B08688,S0018,2024-02-05,2,10,Complimentary
SU07284,B03069,S0011,2025-10-13,1,0,Paid
SU07285,B03468,S0028,2025-02-10,2,0,Paid
SU07286,B08151,S0057,2025-07-17,1,0,Paid
SU07287,B09114,S0087,2026-03-26,3,0,Paid
SU07288,B07165,S0144,2025-12-11,5,0,Paid
SU07289,B03853,S0110,2026-07-18,4,0,Paid
SU07290,B08786,S0029,2026-08-13,4,0,Paid
SU07291,B03396,S0115,2026-08-26,2,0,Paid
SU07292,B05286,S0031,2024-12-11,1,5,Paid
SU07293,B02977,S0123,2024-12-15,3,15,Paid
SU07294,B04090,S0026,2026-07-03,2,10,Paid
SU07295,B02811,S0002,2025-12-10,6,25,Paid
SU07296,B07129,S0038,2026-08-30,2,0,Paid
SU07297,B04570,S0090,2026-08-28,2,15,Paid
SU07298,B04501,S0065,2025-08-21,3,0,Pending
SU07299,B00704,S0108,2026-07-23,2,0,Paid
SU07300,B05548,S0025,2025-12-29,2,0,Paid
SU07301,B05929,S0036,2025-03-12,1,5,Paid
SU07302,B05037,S0133,2024-06-21,3,10,Paid
SU07303,B03905,S0095,2024-08-13,5,0,Paid
SU07304,B02876,S0012,2026-04-04,3,0,Paid
SU07305,B06590,S0124,2026-03-26,1,0,Paid
SU07306,B08425,S0117,2025-01-31,2,15,Paid
SU07307,B09830,S0112,2025-03-12,4,0,Paid
SU07308,B09346,S0120,2024-07-07,3,25,Paid
SU07309,B09807,S0093,2026-04-28,10,0,Paid
SU07310,B09279,S0127,2026-05-23,6,5,Paid
SU07311,B00996,S0109,2024-01-22,1,5,Paid
SU07312,B03642,S0022,2026-08-06,1,10,Paid
SU07313,B04264,S0044,2024-01-06,2,5,Paid
SU07314,B08304,S0054,2024-12-14,1,5,Paid
SU07315,B04826,S0111,2025-05-10,1,0,Paid
SU07316,B01033,S0056,2025-12-05,3,0,Paid
SU07317,B05587,S0018,2025-01-01,1,0,Complimentary
SU07318,B05424,S0061,2025-03-15,2,5,Paid
SU07319,B03914,S0147,2024-03-05,4,0,Paid
SU07320,B03296,S0067,2026-04-30,2,15,Paid
SU07321,B01809,S0019,2025-12-27,2,5,Paid
SU07322,B05978,S0126,2026-03-23,1,5,Paid
SU07323,B06972,S0115,2025-03-18,2,5,Paid
SU07324,B06103,S0033,2026-03-27,1,0,Paid
SU07325,B01413,S0117,2025-03-11,6,5,Paid
SU07326,B06220,S0071,2026-04-20,2,5,Paid
SU07327,B08077,S0089,2026-08-15,1,10,Paid
SU07328,B09320,S0047,2024-02-22,2,5,Paid
SU07329,B09129,S0026,2024-11-11,8,0,Pending
SU07330,B08979,S0009,2024-11-06,1,5,Paid
SU07331,B01276,S0103,2026-08-25,2,0,Paid
SU07332,B08449,S0017,2026-04-02,6,20,Paid
SU07333,B08656,S0109,2024-04-17,2,0,Paid
SU07334,B09019,S0035,2026-04-06,10,10,Paid
SU07335,B08346,S0096,2025-10-30,3,10,Paid
SU07336,B02585,S0002,2024-10-30,3,10,Paid
SU07337,B00482,S0096,2026-02-05,8,10,Paid
SU07338,B03914,S0147,2024-03-05,3,10,Paid
SU07339,B03601,S0071,2024-09-17,2,0,Paid
SU07340,B06297,S0015,2025-07-24,1,0,Paid
SU07341,B07337,S0097,2026-04-17,5,0,Paid
SU07342,B05231,S0019,2026-08-30,2,0,Paid
SU07343,B01889,S0128,2024-12-05,1,10,Paid
SU07344,B02370,S0095,2024-12-07,5,0,Paid
SU07345,B02867,S0115,2026-04-02,1,0,Pending
SU07346,B04070,S0105,2026-05-05,6,5,Paid
SU07347,B05509,S0027,2024-05-31,5,5,Paid
SU07348,B00454,S0125,2024-02-21,6,10,Paid
SU07349,B06027,S0133,2025-10-28,5,15,Paid
SU07350,B00693,S0025,2026-07-30,5,20,Paid
SU07351,B00646,S0043,2026-04-18,3,10,Paid
SU07352,B08866,S0001,2024-08-25,4,0,Paid
SU07353,B02345,S0041,2026-04-10,3,20,Paid
SU07354,B04707,S0028,2024-03-16,5,0,Paid
SU07355,B00717,S0130,2025-09-06,3,0,Paid
SU07356,B09316,S0099,2026-03-30,1,0,Paid
SU07357,B09943,S0097,2025-08-05,4,5,Paid
SU07358,B07642,S0063,2026-06-23,1,5,Paid
SU07359,B06081,S0118,2026-07-26,1,10,Paid
SU07360,B07288,S0114,2025-12-25,2,10,Pending
SU07361,B05335,S0052,2026-02-11,1,0,Paid
SU07362,B08632,S0069,2024-11-29,1,20,Paid
SU07363,B09591,S0020,2025-08-02,2,15,Paid
SU07364,B04891,S0041,2026-01-30,4,0,Paid
SU07365,B03825,S0033,2024-12-23,1,15,Paid
SU07366,B05519,S0126,2026-01-06,2,5,Paid
SU07367,B07445,S0140,2026-08-10,2,10,Paid
SU07368,B09382,S0044,2025-02-17,1,25,Complimentary
SU07369,B01607,S0111,2025-11-08,3,5,Paid
SU07370,B01030,S0114,2025-05-02,2,15,Paid
SU07371,B05761,S0098,2026-02-16,1,0,Paid
SU07372,B07635,S0028,2026-02-04,1,5,Pending
SU07373,B06389,S0038,2026-07-04,1,0,Paid
SU07374,B07509,S0103,2025-10-25,5,0,Paid
SU07375,B04835,S0008,2025-04-27,1,5,Paid
SU07376,B08101,S0006,2026-06-25,4,5,Paid
SU07377,B06295,S0058,2026-08-22,2,15,Pending
SU07378,B02028,S0073,2026-04-02,2,5,Paid
SU07379,B09709,S0027,2026-01-08,1,10,Paid
SU07380,B06617,S0124,2026-08-24,1,5,Pending
SU07381,B00806,S0108,2024-01-14,6,0,Paid
SU07382,B09724,S0123,2026-08-30,2,0,Paid
SU07383,B09400,S0041,2025-11-13,2,25,Paid
SU07384,B01467,S0100,2026-04-19,5,0,Paid
SU07385,B00761,S0039,2024-04-20,8,0,Paid
SU07386,B00352,S0116,2025-01-14,1,0,Paid
SU07387,B07775,S0092,2025-12-12,2,15,Paid
SU07388,B04518,S0087,2026-05-17,3,15,Paid
SU07389,B06346,S0074,2026-04-27,4,5,Paid
SU07390,B06389,S0035,2026-07-01,2,0,Paid
SU07391,B00921,S0013,2026-08-21,3,10,Paid
SU07392,B05381,S0003,2026-04-06,3,15,Paid
SU07393,B04986,S0108,2026-04-29,2,10,Paid
SU07394,B09729,S0120,2024-12-01,1,10,Paid
SU07395,B08402,S0043,2025-02-01,4,0,Paid
SU07396,B05916,S0118,2026-07-02,1,5,Paid
SU07397,B05905,S0101,2025-04-16,2,10,Paid
SU07398,B07483,S0038,2025-05-31,2,25,Paid
SU07399,B03324,S0063,2025-06-28,2,10,Paid
SU07400,B04562,S0043,2024-10-11,1,10,Pending
SU07401,B05209,S0106,2024-12-17,2,0,Paid
SU07402,B07069,S0106,2026-04-04,4,0,Paid
SU07403,B02618,S0023,2026-02-02,1,5,Paid
SU07404,B00246,S0022,2025-10-19,1,5,Paid
SU07405,B00506,S0107,2026-03-06,3,15,Paid
SU07406,B05272,S0015,2024-02-18,1,0,Paid
SU07407,B00728,S0040,2026-07-17,4,5,Pending
SU07408,B06109,S0117,2024-05-20,5,0,Paid
SU07409,B01730,S0148,2026-08-13,2,10,Paid
SU07410,B08595,S0039,2024-12-07,4,0,Paid
SU07411,B01896,S0133,2026-04-25,4,15,Paid
SU07412,B09304,S0108,2024-09-05,2,5,Paid
SU07413,B06731,S0005,2025-12-20,2,20,Paid
SU07414,B01889,S0131,2024-12-05,3,0,Paid
SU07415,B00407,S0054,2026-08-29,3,5,Complimentary
SU07416,B08975,S0005,2026-01-27,1,0,Paid
SU07417,B09655,S0122,2026-03-26,2,0,Paid
SU07418,B05919,S0024,2024-03-22,4,0,Paid
SU07419,B03979,S0105,2024-10-13,6,15,Paid
SU07420,B08412,S0126,2025-02-17,1,0,Paid
SU07421,B05623,S0054,2025-10-21,1,25,Paid
SU07422,B07435,S0073,2024-05-05,1,10,Paid
SU07423,B02907,S0036,2026-07-08,1,5,Paid
SU07424,B07215,S0023,2026-08-30,1,0,Pending
SU07425,B09543,S0074,2026-07-01,4,15,Paid
SU07426,B08934,S0115,2026-07-26,3,10,Paid
SU07427,B04267,S0055,2024-02-19,2,0,Paid
SU07428,B07911,S0119,2024-07-14,4,5,Paid
SU07429,B04186,S0051,2024-05-25,1,0,Paid
SU07430,B08769,S0118,2026-03-26,5,5,Paid
SU07431,B05981,S0027,2026-08-28,3,0,Paid
SU07432,B06622,S0118,2025-10-12,3,0,Pending
SU07433,B00638,S0114,2025-05-14,5,20,Paid
SU07434,B00930,S0055,2026-08-10,1,0,Paid
SU07435,B06677,S0106,2026-08-08,4,10,Paid
SU07436,B00577,S0108,2026-06-19,3,0,Paid
SU07437,B04025,S0114,2026-06-26,1,0,Paid
SU07438,B07283,S0035,2025-07-07,1,5,Paid
SU07439,B03850,S0049,2025-03-21,1,15,Paid
SU07440,B04863,S0065,2025-03-22,3,5,Paid
SU07441,B04685,S0072,2026-08-29,3,10,Pending
SU07442,B07932,S0053,2024-12-15,1,10,Paid
SU07443,B01739,S0002,2026-08-07,4,10,Paid
SU07444,B01427,S0035,2025-09-30,8,5,Paid
SU07445,B02949,S0143,2026-03-13,6,15,Paid
SU07446,B08928,S0117,2025-12-02,5,20,Paid
SU07447,B07913,S0003,2026-06-08,4,0,Paid
SU07448,B01232,S0089,2025-04-28,1,5,Paid
SU07449,B02235,S0029,2026-06-22,5,5,Paid
SU07450,B03659,S0044,2026-07-25,1,5,Paid
SU07451,B01732,S0003,2025-04-24,6,5,Paid
SU07452,B00310,S0093,2026-04-24,2,0,Paid
SU07453,B07580,S0024,2024-12-01,6,0,Paid
SU07454,B06352,S0039,2024-04-24,4,0,Paid
SU07455,B02225,S0091,2025-07-18,2,5,Paid
SU07456,B08512,S0033,2026-02-28,2,5,Paid
SU07457,B06315,S0125,2024-01-07,2,10,Paid
SU07458,B04164,S0026,2025-12-28,2,15,Paid
SU07459,B05069,S0006,2024-02-07,4,25,Paid
SU07460,B00628,S0012,2025-12-08,2,10,Paid
SU07461,B07101,S0021,2025-10-24,1,0,Paid
SU07462,B00929,S0021,2026-04-29,1,10,Paid
SU07463,B05530,S0128,2025-08-31,2,5,Paid
SU07464,B07613,S0019,2026-08-17,2,15,Paid
SU07465,B03241,S0046,2026-01-09,5,5,Paid
SU07466,B07603,S0017,2026-02-07,2,15,Paid
SU07467,B00447,S0075,2024-05-17,5,0,Paid
SU07468,B00302,S0087,2026-07-05,1,10,Paid
SU07469,B00275,S0037,2025-02-08,5,5,Paid
SU07470,B03131,S0106,2025-08-04,1,5,Paid
SU07471,B07807,S0036,2025-08-10,1,0,Paid
SU07472,B02092,S0097,2025-03-03,3,0,Paid
SU07473,B02310,S0028,2026-06-04,3,10,Paid
SU07474,B01884,S0051,2024-10-04,2,5,Paid
SU07475,B00482,S0098,2026-02-05,1,0,Pending
SU07476,B04621,S0117,2026-02-09,10,0,Pending
SU07477,B04012,S0115,2024-02-11,3,0,Paid
SU07478,B00950,S0028,2026-05-16,4,0,Paid
SU07479,B04754,S0106,2025-12-17,3,10,Paid
SU07480,B09859,S0126,2024-06-20,1,0,Paid
SU07481,B03477,S0066,2026-03-06,1,0,Paid
SU07482,B04102,S0058,2026-07-18,1,0,Paid
SU07483,B06353,S0028,2026-02-19,1,5,Paid
SU07484,B08080,S0115,2025-05-29,3,10,Paid
SU07485,B03870,S0027,2025-12-27,2,5,Paid
SU07486,B09795,S0102,2026-01-29,3,10,Paid
SU07487,B04042,S0046,2026-01-30,3,0,Paid
SU07488,B06242,S0025,2026-08-24,2,0,Paid
SU07489,B02194,S0045,2026-08-30,2,5,Paid
SU07490,B05375,S0065,2024-06-29,2,10,Paid
SU07491,B07443,S0102,2025-10-29,2,10,Paid
SU07492,B01776,S0119,2024-07-03,3,0,Paid
SU07493,B09769,S0148,2026-04-19,3,5,Paid
SU07494,B03867,S0110,2026-04-27,1,10,Paid
SU07495,B07606,S0114,2024-07-07,2,10,Paid
SU07496,B02023,S0110,2026-05-23,8,25,Paid
SU07497,B00953,S0125,2025-01-02,3,25,Paid
SU07498,B01379,S0023,2025-12-17,2,0,Paid
SU07499,B02880,S0022,2024-02-14,1,5,Paid
SU07500,B02908,S0125,2026-08-27,4,0,Paid
SU07501,B04679,S0026,2025-10-26,5,0,Paid
SU07502,B00032,S0036,2024-12-28,3,10,Paid
SU07503,B02624,S0052,2025-10-22,2,0,Paid
SU07504,B08378,S0109,2025-11-16,6,0,Paid
SU07505,B07846,S0039,2026-08-04,1,0,Paid
SU07506,B03953,S0107,2026-02-14,2,15,Paid
SU07507,B01754,S0044,2026-07-06,1,0,Pending
SU07508,B03684,S0056,2025-01-10,4,0,Paid
SU07509,B06750,S0108,2026-05-07,3,0,Paid
SU07510,B03514,S0115,2026-04-03,1,5,Paid
SU07511,B03483,S0047,2026-04-14,1,5,Paid
SU07512,B09872,S0138,2024-06-29,1,0,Paid
SU07513,B01401,S0094,2026-08-05,1,5,Paid
SU07514,B05372,S0021,2025-06-21,1,10,Paid
SU07515,B07798,S0097,2026-08-20,4,15,Paid
SU07516,B01021,S0031,2025-03-11,2,10,Paid
SU07517,B08879,S0027,2026-08-23,1,0,Paid
SU07518,B02342,S0030,2026-08-22,1,0,Paid
SU07519,B01900,S0090,2025-02-21,2,0,Paid
SU07520,B02991,S0107,2026-05-22,4,5,Paid
SU07521,B00882,S0008,2025-09-15,1,5,Paid
SU07522,B05820,S0150,2024-05-08,2,10,Paid
SU07523,B04503,S0144,2026-08-23,5,0,Paid
SU07524,B07521,S0098,2026-03-01,2,10,Paid
SU07525,B01559,S0031,2025-02-16,1,10,Paid
SU07526,B04850,S0009,2025-06-03,2,0,Paid
SU07527,B07661,S0082,2025-03-16,3,25,Paid
SU07528,B04819,S0093,2024-10-17,1,0,Paid
SU07529,B01701,S0062,2024-06-26,2,0,Paid
SU07530,B02623,S0003,2026-05-02,4,10,Paid
SU07531,B06125,S0088,2026-07-28,5,5,Paid
SU07532,B00413,S0014,2024-05-02,3,0,Pending
SU07533,B00631,S0047,2024-08-08,1,0,Paid
SU07534,B05458,S0125,2026-02-27,4,5,Paid
SU07535,B01145,S0107,2026-07-05,4,5,Paid
SU07536,B09414,S0029,2026-08-29,4,0,Paid
SU07537,B07602,S0052,2024-07-05,1,5,Complimentary
SU07538,B07026,S0070,2025-03-07,6,15,Paid
SU07539,B01957,S0132,2026-06-08,1,0,Paid
SU07540,B01474,S0008,2026-04-16,2,0,Paid
SU07541,B00075,S0087,2025-11-10,1,0,Paid
SU07542,B08935,S0111,2025-04-12,1,0,Paid
SU07543,B07731,S0041,2026-02-07,2,10,Pending
SU07544,B05548,S0023,2025-12-29,3,10,Paid
SU07545,B04662,S0010,2026-07-27,3,0,Paid
SU07546,B01410,S0114,2026-04-01,8,0,Pending
SU07547,B03259,S0026,2025-11-03,3,0,Paid
SU07548,B04847,S0016,2025-09-17,4,0,Paid
SU07549,B02723,S0062,2024-12-31,1,0,Paid
SU07550,B05946,S0147,2025-06-28,1,20,Paid
SU07551,B02585,S0008,2024-10-29,2,0,Paid
SU07552,B07622,S0023,2024-09-01,2,10,Paid
SU07553,B06803,S0011,2025-12-21,2,0,Paid
SU07554,B08583,S0113,2025-02-06,6,10,Paid
SU07555,B07684,S0028,2025-01-03,3,0,Paid
SU07556,B03501,S0116,2026-08-03,1,0,Paid
SU07557,B05278,S0147,2025-04-29,6,0,Paid
SU07558,B04876,S0110,2024-07-30,1,10,Paid
SU07559,B01312,S0050,2026-07-24,3,5,Paid
SU07560,B00137,S0045,2025-07-18,1,5,Pending
SU07561,B09141,S0073,2026-06-06,2,25,Complimentary
SU07562,B05273,S0143,2025-11-01,1,0,Paid
SU07563,B03396,S0118,2026-08-26,2,0,Paid
SU07564,B06923,S0151,2025-08-26,1,5,Paid
SU07565,B00172,S0147,2024-03-19,1,0,Complimentary
SU07566,B07322,S0030,2025-08-08,1,10,Paid
SU07567,B08935,S0110,2025-04-14,2,10,Pending
SU07568,B06274,S0070,2025-06-11,4,5,Pending
SU07569,B02012,S0090,2026-08-25,3,10,Paid
SU07570,B02960,S0098,2026-02-21,1,0,Paid
SU07571,B02798,S0055,2024-08-27,1,5,Paid
SU07572,B03293,S0047,2025-11-25,2,5,Paid
SU07573,B01153,S0115,2025-01-08,3,0,Paid
SU07574,B01367,S0141,2026-08-26,1,10,Paid
SU07575,B07756,S0023,2025-07-21,2,15,Paid
SU07576,B08992,S0107,2026-07-27,10,0,Paid
SU07577,B07477,S0019,2024-06-04,5,5,Paid
SU07578,B07894,S0022,2026-02-08,1,0,Paid
SU07579,B01110,S0048,2025-11-18,6,10,Paid
SU07580,B07675,S0092,2026-05-06,4,5,Paid
SU07581,B04635,S0095,2025-02-28,1,5,Paid
SU07582,B09173,S0114,2026-07-07,2,5,Paid
SU07583,B05546,S0008,2025-01-04,2,5,Paid
SU07584,B07265,S0053,2025-05-14,2,15,Paid
SU07585,B00188,S0025,2025-05-18,5,10,Paid
SU07586,B01730,S0151,2026-08-13,1,5,Paid
SU07587,B05083,S0112,2026-04-01,2,0,Paid
SU07588,B05913,S0096,2026-02-20,5,25,Paid
SU07589,B09424,S0003,2025-01-14,3,0,Paid
SU07590,B08725,S0148,2025-04-22,4,10,Paid
SU07591,B06336,S0059,2026-06-15,4,0,Paid
SU07592,B05462,S0144,2025-12-01,3,0,Paid
SU07593,B04783,S0021,2026-05-17,2,10,Paid
SU07594,B03025,S0058,2024-10-08,2,25,Paid
SU07595,B03681,S0114,2024-04-02,3,20,Paid
SU07596,B07185,S0052,2025-03-12,1,5,Paid
SU07597,B09231,S0017,2026-08-01,1,0,Paid
SU07598,B08972,S0116,2025-07-18,1,5,Paid
SU07599,B05154,S0122,2026-08-16,1,0,Paid
SU07600,B00278,S0124,2026-05-15,2,5,Paid
SU07601,B06569,S0125,2025-09-16,4,10,Paid
SU07602,B08320,S0007,2025-03-19,1,10,Paid
SU07603,B06436,S0058,2025-10-28,2,15,Paid
SU07604,B01244,S0126,2024-09-04,3,5,Paid
SU07605,B01232,S0091,2025-04-28,1,10,Paid
SU07606,B06932,S0090,2025-12-30,4,10,Paid
SU07607,B04837,S0105,2025-07-08,4,5,Paid
SU07608,B02105,S0109,2026-07-19,5,5,Paid
SU07609,B04718,S0004,2025-01-27,2,10,Paid
SU07610,B01279,S0031,2025-08-20,1,10,Paid
SU07611,B04448,S0020,2025-03-15,2,15,Paid
SU07612,B02789,S0028,2024-02-26,3,0,Paid
SU07613,B05125,S0022,2026-05-30,3,0,Paid
SU07614,B05838,S0063,2025-11-09,1,5,Paid
SU07615,B01717,S0100,2025-05-16,4,0,Complimentary
SU07616,B06924,S0022,2025-05-25,1,5,Paid
SU07617,B05934,S0035,2026-04-25,1,5,Paid
SU07618,B07260,S0101,2025-10-27,3,0,Paid
SU07619,B08176,S0110,2026-01-16,8,10,Paid
SU07620,B01573,S0063,2026-07-07,1,5,Paid
SU07621,B02726,S0086,2025-07-03,5,5,Paid
SU07622,B00242,S0020,2026-08-18,1,10,Paid
SU07623,B02786,S0020,2026-03-07,1,0,Paid
SU07624,B08448,S0021,2025-07-01,2,10,Paid
SU07625,B09550,S0150,2026-08-09,2,5,Complimentary
SU07626,B00124,S0018,2024-02-18,1,5,Paid
SU07627,B00428,S0007,2024-10-02,2,5,Paid
SU07628,B09221,S0093,2026-07-21,1,10,Paid
SU07629,B07066,S0097,2026-04-05,3,25,Paid
SU07630,B09227,S0014,2026-05-29,6,0,Paid
SU07631,B02858,S0029,2024-03-03,6,5,Paid
SU07632,B09868,S0034,2026-01-05,1,25,Paid
SU07633,B02857,S0012,2026-01-27,1,0,Paid
SU07634,B08707,S0054,2026-07-24,2,0,Paid
SU07635,B06766,S0141,2024-04-26,2,15,Paid
SU07636,B01980,S0112,2024-11-05,5,5,Paid
SU07637,B08388,S0004,2025-05-22,2,10,Paid
SU07638,B00117,S0009,2024-07-05,1,0,Paid
SU07639,B06181,S0061,2025-07-12,4,0,Paid
SU07640,B04376,S0068,2026-07-22,1,10,Paid
SU07641,B04543,S0097,2026-07-25,5,0,Paid
SU07642,B08527,S0099,2026-06-02,1,20,Paid
SU07643,B00890,S0023,2025-10-25,2,25,Paid
SU07644,B04269,S0090,2025-09-28,2,5,Paid
SU07645,B06302,S0031,2026-05-21,2,10,Paid
SU07646,B09097,S0049,2025-10-24,2,5,Paid
SU07647,B07594,S0008,2025-12-03,2,20,Paid
SU07648,B08435,S0027,2025-03-24,1,5,Paid
SU07649,B07357,S0035,2024-11-14,2,15,Paid
SU07650,B03815,S0060,2024-09-04,2,10,Paid
SU07651,B07991,S0107,2026-05-30,5,0,Paid
SU07652,B04447,S0115,2026-07-16,3,5,Paid
SU07653,B06882,S0121,2025-09-29,3,10,Paid
SU07654,B06212,S0026,2026-06-22,8,10,Paid
SU07655,B04642,S0133,2025-04-28,2,10,Paid
SU07656,B04691,S0099,2025-10-27,1,0,Paid
SU07657,B08889,S0029,2026-02-03,1,0,Complimentary
SU07658,B09097,S0048,2025-10-22,4,10,Pending
SU07659,B01195,S0036,2024-03-30,2,0,Paid
SU07660,B07821,S0121,2026-01-07,1,0,Paid
SU07661,B08364,S0063,2026-03-06,1,15,Paid
SU07662,B04157,S0143,2026-01-21,3,0,Paid
SU07663,B04083,S0054,2024-10-08,2,0,Paid
SU07664,B08620,S0087,2026-08-04,2,10,Paid
SU07665,B00901,S0085,2024-12-12,1,5,Paid
SU07666,B03766,S0049,2026-07-23,1,15,Paid
SU07667,B00741,S0148,2024-06-08,5,0,Paid
SU07668,B00552,S0086,2026-07-10,3,25,Paid
SU07669,B07878,S0023,2025-11-11,1,0,Paid
SU07670,B06141,S0144,2026-06-21,3,15,Paid
SU07671,B08026,S0048,2025-05-03,3,5,Paid
SU07672,B05101,S0063,2026-02-27,1,0,Paid
SU07673,B07196,S0034,2026-02-17,2,20,Paid
SU07674,B09193,S0047,2026-05-13,1,0,Paid
SU07675,B09760,S0015,2025-02-24,1,0,Paid
SU07676,B00643,S0122,2025-01-02,4,0,Paid
SU07677,B09813,S0009,2026-03-27,2,5,Pending
SU07678,B06618,S0091,2024-08-29,3,0,Paid
SU07679,B00640,S0031,2024-02-23,2,5,Paid
SU07680,B05640,S0115,2024-09-19,2,10,Paid
SU07681,B05054,S0023,2026-06-10,2,15,Paid
SU07682,B07988,S0052,2026-03-26,1,5,Paid
SU07683,B09357,S0040,2025-07-18,3,20,Paid
SU07684,B01794,S0049,2025-10-03,2,10,Paid
SU07685,B07185,S0046,2025-03-12,1,5,Paid
SU07686,B06947,S0022,2026-08-29,3,5,Paid
SU07687,B04063,S0124,2026-06-09,2,5,Paid
SU07688,B07740,S0008,2024-01-13,2,25,Paid
SU07689,B00415,S0028,2025-08-28,5,10,Paid
SU07690,B05905,S0101,2025-04-16,1,10,Paid
SU07691,B03366,S0029,2025-12-29,5,0,Paid
SU07692,B08537,S0024,2024-09-26,5,15,Paid
SU07693,B07582,S0042,2025-06-23,1,10,Paid
SU07694,B09759,S0012,2025-03-29,3,0,Paid
SU07695,B06337,S0118,2026-01-14,3,10,Paid
SU07696,B08915,S0031,2025-01-23,1,0,Pending
SU07697,B01998,S0106,2026-08-09,5,5,Paid
SU07698,B07405,S0053,2025-10-01,2,5,Paid
SU07699,B01782,S0050,2026-08-07,1,10,Paid
SU07700,B02178,S0097,2024-06-11,1,10,Paid
SU07701,B03075,S0127,2024-08-13,4,0,Pending
SU07702,B05987,S0096,2026-03-29,5,5,Paid
SU07703,B09435,S0138,2024-12-31,3,15,Paid
SU07704,B08970,S0144,2026-03-02,2,15,Paid
SU07705,B04680,S0030,2026-03-12,1,0,Paid
SU07706,B02295,S0055,2026-06-25,1,0,Paid
SU07707,B02670,S0056,2025-03-30,5,10,Paid
SU07708,B02964,S0021,2024-07-23,1,10,Paid
SU07709,B01664,S0034,2026-01-30,1,10,Paid
SU07710,B08250,S0068,2024-10-13,1,0,Paid
SU07711,B03271,S0031,2026-07-24,3,0,Paid
SU07712,B05996,S0145,2024-10-08,4,0,Paid
SU07713,B09175,S0021,2026-06-30,2,25,Paid
SU07714,B08343,S0049,2025-02-18,1,0,Paid
SU07715,B03743,S0120,2024-07-27,2,5,Paid
SU07716,B09393,S0008,2025-07-06,2,0,Complimentary
SU07717,B07204,S0015,2026-08-30,1,20,Paid
SU07718,B04586,S0109,2025-02-11,3,5,Pending
SU07719,B06762,S0047,2024-12-06,1,10,Paid
SU07720,B09513,S0041,2026-04-10,5,0,Paid
SU07721,B09307,S0123,2025-01-16,3,10,Paid
SU07722,B02876,S0020,2026-04-06,1,10,Paid
SU07723,B03772,S0149,2026-08-13,4,10,Paid
SU07724,B04858,S0011,2026-01-09,2,10,Paid
SU07725,B05907,S0037,2026-01-26,5,10,Paid
SU07726,B03283,S0108,2026-08-29,4,5,Paid
SU07727,B02623,S0008,2026-05-01,1,15,Paid
SU07728,B02255,S0126,2026-08-23,1,25,Paid
SU07729,B00287,S0034,2024-11-12,3,10,Paid
SU07730,B06896,S0006,2026-07-24,2,5,Paid
SU07731,B07213,S0026,2026-06-08,3,0,Paid
SU07732,B01461,S0130,2026-08-21,3,5,Paid
SU07733,B07293,S0117,2025-08-14,2,15,Paid
SU07734,B06462,S0022,2026-02-13,1,25,Paid
SU07735,B07851,S0105,2026-04-27,3,10,Paid
SU07736,B00572,S0028,2025-03-12,1,25,Paid
SU07737,B08609,S0115,2025-01-17,4,0,Paid
SU07738,B08535,S0022,2026-08-28,1,0,Paid
SU07739,B04443,S0005,2026-01-01,3,10,Pending
SU07740,B09593,S0035,2024-03-20,6,5,Paid
SU07741,B08734,S0063,2025-03-08,2,5,Paid
SU07742,B00913,S0106,2024-08-28,1,15,Paid
SU07743,B05666,S0057,2026-06-21,2,5,Paid
SU07744,B03704,S0037,2025-07-23,2,0,Paid
SU07745,B06436,S0053,2025-10-26,2,5,Paid
SU07746,B03736,S0024,2024-01-13,3,0,Paid
SU07747,B06069,S0024,2024-12-24,2,0,Paid
SU07748,B05546,S0005,2025-01-04,1,20,Paid
SU07749,B00273,S0026,2025-11-18,2,0,Pending
SU07750,B07110,S0101,2026-07-08,4,0,Paid
SU07751,B05912,S0123,2025-12-11,3,0,Paid
SU07752,B07073,S0011,2024-06-11,2,10,Paid
SU07753,B04743,S0029,2025-10-10,3,5,Paid
SU07754,B03493,S0098,2025-09-29,1,10,Paid
SU07755,B06790,S0028,2025-08-22,1,20,Paid
SU07756,B04733,S0060,2026-01-07,8,10,Pending
SU07757,B07274,S0107,2026-08-19,6,10,Paid
SU07758,B05276,S0064,2025-02-14,4,0,Paid
SU07759,B06684,S0146,2024-05-12,1,5,Paid
SU07760,B00555,S0143,2025-12-18,2,15,Paid
SU07761,B09575,S0015,2025-08-30,1,10,Paid
SU07762,B00507,S0005,2026-08-25,1,5,Paid
SU07763,B08356,S0039,2025-10-06,5,10,Paid
SU07764,B05099,S0013,2024-09-07,3,15,Paid
SU07765,B09378,S0041,2025-12-13,4,15,Paid
SU07766,B09873,S0124,2025-11-18,2,15,Paid
SU07767,B03365,S0031,2025-11-15,1,10,Paid
SU07768,B05857,S0078,2025-08-17,1,0,Paid
SU07769,B00878,S0036,2026-07-13,1,0,Paid
SU07770,B00866,S0088,2024-08-04,4,10,Paid
SU07771,B02754,S0140,2026-08-13,2,25,Pending
SU07772,B09644,S0003,2025-04-05,3,0,Paid
SU07773,B05609,S0038,2025-11-02,1,0,Paid
SU07774,B01726,S0058,2025-12-12,1,0,Paid
SU07775,B04500,S0110,2025-01-23,4,10,Paid
SU07776,B04647,S0092,2026-07-22,2,5,Paid
SU07777,B03418,S0118,2026-07-22,3,5,Paid
SU07778,B09531,S0101,2026-07-25,5,0,Paid
SU07779,B08068,S0063,2026-03-05,2,5,Paid
SU07780,B03884,S0073,2024-08-21,1,5,Paid
SU07781,B04030,S0120,2024-02-29,2,0,Paid
SU07782,B05044,S0044,2024-02-08,2,0,Paid
SU07783,B06955,S0009,2026-08-18,1,0,Paid
SU07784,B05983,S0103,2025-01-04,5,0,Pending
SU07785,B01450,S0126,2026-07-19,1,0,Paid
SU07786,B00631,S0050,2024-08-11,4,0,Paid
SU07787,B00007,S0086,2026-04-13,1,5,Paid
SU07788,B09146,S0015,2026-08-26,3,5,Pending
SU07789,B04411,S0147,2026-01-08,3,10,Pending
SU07790,B07128,S0029,2026-08-12,4,0,Paid
SU07791,B02220,S0014,2026-07-18,10,0,Paid
SU07792,B06791,S0121,2026-07-27,3,10,Paid
SU07793,B04262,S0097,2026-03-05,3,10,Complimentary
SU07794,B00615,S0091,2026-02-15,4,0,Paid
SU07795,B02409,S0045,2026-06-12,2,10,Paid
SU07796,B03641,S0098,2026-06-16,1,15,Paid
SU07797,B05208,S0125,2025-10-02,2,0,Paid
SU07798,B07678,S0116,2025-04-24,1,5,Paid
SU07799,B04566,S0062,2024-07-22,2,15,Paid
SU07800,B08277,S0093,2026-05-26,10,5,Paid
SU07801,B04621,S0117,2026-02-08,3,10,Paid
SU07802,B06378,S0030,2025-04-02,1,15,Paid
SU07803,B02711,S0149,2026-01-27,1,10,Paid
SU07804,B01649,S0111,2025-06-20,2,5,Paid
SU07805,B03710,S0110,2025-06-09,1,25,Paid
SU07806,B08174,S0140,2025-12-24,3,5,Paid
SU07807,B09381,S0119,2025-01-31,6,10,Paid
SU07808,B06797,S0043,2025-06-09,2,0,Paid
SU07809,B03029,S0085,2026-04-09,1,0,Paid
SU07810,B00509,S0005,2025-12-31,1,25,Paid
SU07811,B08126,S0072,2026-05-14,5,20,Paid
SU07812,B02088,S0095,2026-03-10,4,10,Paid
SU07813,B09452,S0096,2025-12-18,1,5,Paid
SU07814,B04995,S0056,2026-03-12,6,0,Paid
SU07815,B04727,S0022,2025-02-08,1,10,Paid
SU07816,B01237,S0112,2024-03-01,4,5,Paid
SU07817,B03525,S0109,2026-06-03,1,10,Paid
SU07818,B08783,S0009,2026-08-16,3,5,Paid
SU07819,B09837,S0051,2024-08-08,3,10,Paid
SU07820,B03209,S0046,2026-05-21,1,5,Paid
SU07821,B07889,S0118,2024-02-26,5,0,Paid
SU07822,B06695,S0136,2026-03-31,2,0,Paid
SU07823,B02726,S0086,2025-07-02,2,10,Paid
SU07824,B09737,S0102,2024-04-16,4,0,Paid
SU07825,B06692,S0124,2026-08-25,1,5,Paid
SU07826,B08900,S0095,2024-03-11,10,5,Complimentary
SU07827,B03735,S0039,2026-08-20,4,10,Pending
SU07828,B02310,S0023,2026-06-03,1,0,Paid
SU07829,B07236,S0102,2025-10-02,8,0,Paid
SU07830,B09085,S0030,2025-04-09,1,10,Paid
SU07831,B00233,S0065,2025-10-06,4,0,Paid
SU07832,B09734,S0145,2026-08-18,8,10,Paid
SU07833,B04978,S0094,2026-08-20,2,20,Paid
SU07834,B01823,S0051,2025-02-15,4,5,Paid
SU07835,B09293,S0123,2026-01-28,4,0,Paid
SU07836,B02061,S0068,2024-11-29,3,10,Pending
SU07837,B00924,S0124,2025-11-13,2,15,Paid
SU07838,B03749,S0049,2026-05-14,1,15,Paid
SU07839,B02753,S0029,2026-01-08,1,25,Paid
SU07840,B03935,S0004,2024-01-18,4,0,Paid
SU07841,B01681,S0057,2025-11-03,3,10,Paid
SU07842,B05277,S0109,2025-10-30,4,20,Paid
SU07843,B08830,S0087,2025-03-12,2,5,Paid
SU07844,B02815,S0130,2024-04-21,3,0,Paid
SU07845,B06622,S0118,2025-10-12,4,5,Paid
SU07846,B01848,S0122,2025-11-26,4,0,Paid
SU07847,B09946,S0107,2026-04-04,5,5,Paid
SU07848,B03174,S0092,2025-11-29,2,0,Paid
SU07849,B09755,S0034,2026-05-23,3,15,Paid
SU07850,B08655,S0094,2025-07-24,1,0,Paid
SU07851,B08033,S0044,2025-06-13,2,0,Paid
SU07852,B07331,S0052,2025-07-31,2,25,Paid
SU07853,B05509,S0024,2024-05-29,2,10,Paid
SU07854,B02832,S0089,2025-07-19,1,10,Paid
SU07855,B00009,S0033,2024-01-29,1,5,Paid
SU07856,B07909,S0041,2024-02-29,1,10,Paid
SU07857,B05919,S0030,2024-03-22,3,10,Paid
SU07858,B02394,S0024,2024-04-25,3,0,Paid
SU07859,B05339,S0104,2024-12-31,1,0,Paid
SU07860,B00547,S0020,2025-10-14,1,5,Paid
SU07861,B00567,S0091,2026-03-15,5,15,Paid
SU07862,B05370,S0005,2025-11-19,2,20,Paid
SU07863,B04812,S0002,2026-03-09,3,0,Paid
SU07864,B09115,S0122,2026-05-01,2,0,Paid
SU07865,B05686,S0034,2024-06-25,2,5,Paid
SU07866,B09900,S0114,2026-02-05,8,20,Paid
SU07867,B07340,S0125,2024-03-02,2,10,Paid
SU07868,B02049,S0010,2025-10-18,3,0,Paid
SU07869,B04957,S0026,2024-10-28,5,5,Paid
SU07870,B09405,S0071,2026-08-22,1,0,Paid
SU07871,B04814,S0002,2025-11-14,4,10,Paid
SU07872,B09818,S0106,2024-04-23,3,0,Paid
SU07873,B04883,S0036,2025-11-12,1,5,Paid
SU07874,B07558,S0041,2025-07-31,1,0,Paid
SU07875,B02570,S0004,2024-12-04,1,10,Paid
SU07876,B00376,S0030,2026-04-09,1,0,Paid
SU07877,B08406,S0056,2026-01-29,3,10,Paid
SU07878,B02111,S0019,2024-02-19,3,10,Paid
SU07879,B01070,S0048,2024-08-10,1,20,Complimentary
SU07880,B00885,S0003,2026-02-13,2,15,Pending
SU07881,B04203,S0012,2024-02-09,3,5,Paid
SU07882,B07419,S0004,2025-06-15,5,10,Paid
SU07883,B09892,S0123,2024-03-10,4,5,Paid
SU07884,B06825,S0052,2026-03-16,2,0,Paid
SU07885,B05253,S0031,2025-01-03,1,10,Paid
SU07886,B04662,S0008,2026-07-27,1,10,Paid
SU07887,B06111,S0040,2026-04-24,3,0,Pending
SU07888,B02586,S0024,2025-01-11,2,25,Paid
SU07889,B07723,S0014,2025-12-03,8,0,Paid
SU07890,B01453,S0091,2025-12-09,1,5,Paid
SU07891,B00231,S0089,2025-09-03,1,5,Paid
SU07892,B09170,S0067,2026-01-15,2,5,Paid
SU07893,B03358,S0023,2026-07-10,2,10,Paid
SU07894,B02884,S0112,2026-02-11,2,0,Paid
SU07895,B05224,S0032,2026-07-31,1,20,Paid
SU07896,B09942,S0060,2024-09-03,4,0,Paid
SU07897,B03094,S0046,2025-11-29,3,20,Paid
SU07898,B00103,S0127,2026-07-09,5,10,Paid
SU07899,B01374,S0035,2025-09-25,1,0,Paid
SU07900,B00547,S0018,2025-10-15,1,10,Paid
SU07901,B08329,S0058,2025-06-18,1,10,Paid
SU07902,B03810,S0042,2026-03-19,5,10,Paid
SU07903,B04143,S0036,2024-02-04,2,5,Paid
SU07904,B01089,S0009,2026-08-04,3,5,Paid
SU07905,B09984,S0031,2026-07-27,1,5,Paid
SU07906,B03215,S0022,2024-09-15,1,0,Paid
SU07907,B03671,S0087,2025-11-13,3,15,Paid
SU07908,B08774,S0101,2024-09-25,1,5,Paid
SU07909,B04691,S0099,2025-10-28,1,5,Paid
SU07910,B06840,S0134,2024-11-26,3,0,Paid
SU07911,B00756,S0088,2025-08-15,1,0,Paid
SU07912,B03430,S0119,2024-01-07,2,0,Paid
SU07913,B08958,S0008,2026-07-11,3,5,Paid
SU07914,B07397,S0038,2024-02-24,1,0,Paid
SU07915,B00029,S0072,2026-07-06,4,10,Paid
SU07916,B08712,S0031,2025-12-09,1,5,Paid
SU07917,B00530,S0051,2025-12-13,5,5,Paid
SU07918,B04341,S0033,2026-03-18,2,5,Paid
SU07919,B09112,S0033,2025-12-12,1,5,Pending
SU07920,B07028,S0053,2026-08-20,1,10,Paid
SU07921,B08150,S0048,2026-07-31,4,5,Paid
SU07922,B03266,S0139,2025-10-01,3,10,Paid
SU07923,B07872,S0114,2025-10-06,8,0,Paid
SU07924,B08848,S0114,2025-11-19,4,0,Paid
SU07925,B08973,S0106,2025-12-14,4,0,Paid
SU07926,B05259,S0033,2026-08-21,1,0,Paid
SU07927,B09392,S0038,2024-10-16,1,0,Paid
SU07928,B03595,S0146,2026-03-14,5,5,Paid
SU07929,B02836,S0033,2024-06-06,1,5,Pending
SU07930,B09914,S0011,2024-11-12,3,10,Paid
SU07931,B07658,S0051,2026-05-26,2,20,Paid
SU07932,B06147,S0003,2025-10-30,5,5,Paid
SU07933,B00678,S0057,2026-07-07,1,0,Paid
SU07934,B01228,S0139,2025-08-21,3,5,Paid
SU07935,B06501,S0112,2025-11-18,4,5,Pending
SU07936,B05190,S0054,2024-11-27,5,0,Paid
SU07937,B05456,S0102,2024-01-30,2,0,Paid
SU07938,B02285,S0010,2026-05-31,3,10,Paid
SU07939,B09107,S0105,2025-04-26,1,0,Paid
SU07940,B09648,S0096,2026-03-26,4,15,Paid
SU07941,B07163,S0029,2026-08-19,5,0,Paid
SU07942,B03880,S0088,2025-06-03,4,5,Paid
SU07943,B02483,S0006,2026-08-19,1,5,Paid
SU07944,B01257,S0149,2026-03-13,5,10,Paid
SU07945,B04962,S0027,2026-02-17,2,10,Paid
SU07946,B01244,S0126,2024-09-08,1,10,Paid
SU07947,B01275,S0046,2026-06-26,2,0,Paid
SU07948,B03500,S0102,2026-06-24,3,25,Paid
SU07949,B07728,S0014,2025-03-06,3,20,Paid
SU07950,B05702,S0114,2025-06-10,6,20,Paid
SU07951,B06429,S0013,2024-11-06,2,20,Paid
SU07952,B01260,S0068,2026-07-08,2,5,Paid
SU07953,B06911,S0006,2024-02-04,1,10,Paid
SU07954,B05876,S0114,2025-11-21,4,0,Paid
SU07955,B06191,S0050,2025-12-17,3,5,Paid
SU07956,B00302,S0087,2026-07-05,1,5,Paid
SU07957,B09174,S0116,2026-08-27,1,0,Paid
SU07958,B08187,S0119,2025-04-12,2,5,Paid
SU07959,B06393,S0114,2025-02-23,3,25,Paid
SU07960,B07571,S0099,2026-08-30,1,0,Paid
SU07961,B07080,S0090,2026-01-14,8,0,Paid
SU07962,B01713,S0023,2026-03-13,1,0,Paid
SU07963,B04033,S0107,2026-07-10,10,5,Paid
SU07964,B07371,S0022,2026-03-08,2,15,Paid
SU07965,B01500,S0092,2025-11-15,3,15,Paid
SU07966,B02788,S0047,2026-07-10,3,0,Paid
SU07967,B08501,S0115,2025-10-07,6,20,Paid
SU07968,B05819,S0004,2025-08-13,3,5,Paid
SU07969,B00566,S0032,2025-12-04,4,15,Paid
SU07970,B00343,S0010,2025-06-23,4,0,Paid
SU07971,B07742,S0041,2025-02-05,4,20,Paid
SU07972,B02115,S0028,2026-04-24,5,5,Paid
SU07973,B03986,S0098,2026-02-24,2,0,Paid
SU07974,B09159,S0061,2026-04-09,2,10,Paid
SU07975,B09454,S0144,2024-12-26,3,10,Paid
SU07976,B04826,S0112,2025-05-09,5,0,Paid
SU07977,B06950,S0005,2026-01-11,3,10,Pending
SU07978,B06180,S0114,2024-11-30,8,0,Paid
SU07979,B02904,S0008,2026-04-10,1,0,Paid
SU07980,B06686,S0032,2025-10-27,5,5,Paid
SU07981,B01741,S0037,2026-05-26,4,20,Paid
SU07982,B01819,S0054,2025-07-13,4,0,Paid
SU07983,B07337,S0094,2026-04-17,2,0,Paid
SU07984,B06249,S0051,2026-08-25,3,0,Paid
SU07985,B09223,S0014,2025-03-30,3,5,Pending
SU07986,B03705,S0061,2026-01-18,2,0,Paid
SU07987,B02716,S0002,2026-07-25,2,10,Paid
SU07988,B00709,S0125,2026-08-04,3,0,Paid
SU07989,B06602,S0015,2024-07-03,2,0,Paid
SU07990,B00059,S0137,2026-08-30,2,0,Paid
SU07991,B01956,S0151,2025-02-16,2,5,Paid
SU07992,B02507,S0122,2024-03-16,5,10,Paid
SU07993,B07353,S0093,2024-11-01,4,0,Paid
SU07994,B02972,S0134,2024-12-05,5,5,Paid
SU07995,B08663,S0029,2026-06-25,4,0,Paid
SU07996,B00688,S0114,2025-12-14,4,0,Paid
SU07997,B02781,S0118,2026-05-14,5,10,Paid
SU07998,B09754,S0041,2026-03-09,5,0,Paid
SU07999,B04159,S0033,2025-09-23,1,0,Paid
SU08000,B00034,S0100,2025-05-22,1,10,Paid
SU08001,B04651,S0041,2026-07-30,3,10,Paid
SU08002,B07460,S0089,2026-07-26,1,5,Paid
SU08003,B09987,S0042,2026-08-26,5,0,Pending
SU08004,B03559,S0063,2026-07-18,1,0,Paid
SU08005,B07523,S0096,2025-12-06,8,20,Paid
SU08006,B03714,S0036,2025-04-26,2,10,Paid
SU08007,B04624,S0028,2024-11-09,5,15,Paid
SU08008,B07420,S0035,2025-12-21,4,5,Paid
SU08009,B01432,S0013,2026-07-04,4,0,Paid
SU08010,B08689,S0014,2026-07-01,2,10,Paid
SU08011,B05091,S0107,2025-12-24,5,5,Paid
SU08012,B06892,S0110,2025-09-22,2,10,Paid
SU08013,B00850,S0049,2026-02-13,1,15,Pending
SU08014,B06352,S0037,2024-04-24,4,10,Paid
SU08015,B00339,S0039,2025-12-19,10,0,Paid
SU08016,B00998,S0104,2026-03-22,3,10,Paid
SU08017,B09004,S0151,2024-05-31,2,10,Pending
SU08018,B08697,S0055,2025-06-08,3,15,Paid
SU08019,B04475,S0033,2026-02-16,1,20,Paid
SU08020,B01817,S0101,2026-05-30,3,0,Paid
SU08021,B08585,S0002,2024-11-22,3,0,Pending
SU08022,B09104,S0001,2024-08-24,1,25,Paid
SU08023,B08895,S0022,2025-02-04,1,15,Paid
SU08024,B09057,S0119,2024-03-24,2,0,Paid
SU08025,B06466,S0037,2026-08-29,1,5,Paid
SU08026,B08715,S0087,2026-03-05,5,15,Pending
SU08027,B00895,S0026,2025-05-30,2,5,Paid
SU08028,B00793,S0022,2026-04-20,3,5,Paid
SU08029,B06905,S0038,2025-07-05,1,0,Paid
SU08030,B09197,S0136,2026-02-23,2,5,Paid
SU08031,B08674,S0127,2026-04-03,2,20,Paid
SU08032,B07467,S0013,2025-11-11,4,0,Paid
SU08033,B00157,S0001,2024-12-20,6,5,Paid
SU08034,B09130,S0130,2025-10-07,4,5,Paid
SU08035,B09217,S0117,2024-02-17,1,0,Paid
SU08036,B03884,S0069,2024-08-22,1,5,Paid
SU08037,B02139,S0108,2025-12-10,3,5,Paid
SU08038,B09267,S0108,2026-01-04,5,15,Paid
SU08039,B03270,S0029,2026-01-27,3,10,Paid
SU08040,B03008,S0045,2024-02-18,3,10,Paid
SU08041,B09564,S0049,2024-10-10,1,10,Paid
SU08042,B06719,S0005,2025-11-11,1,20,Paid
SU08043,B07141,S0040,2024-11-15,5,0,Paid
SU08044,B03617,S0039,2025-12-23,8,0,Pending
SU08045,B09731,S0124,2024-04-26,1,5,Pending
SU08046,B03364,S0005,2025-04-15,1,5,Paid
SU08047,B09860,S0120,2025-10-09,3,0,Paid
SU08048,B03143,S0096,2025-10-07,1,20,Paid
SU08049,B05550,S0057,2024-11-08,1,0,Paid
SU08050,B05282,S0038,2024-07-19,1,5,Paid
SU08051,B03952,S0113,2024-02-18,2,0,Paid
SU08052,B09183,S0079,2026-06-09,3,10,Pending
SU08053,B00923,S0097,2026-06-12,3,0,Paid
SU08054,B00945,S0113,2025-06-11,5,0,Paid
SU08055,B05713,S0126,2026-03-30,2,0,Paid
SU08056,B01385,S0113,2025-09-27,2,20,Paid
SU08057,B06505,S0094,2026-08-04,1,5,Paid
SU08058,B03426,S0123,2026-02-11,4,5,Paid
SU08059,B04820,S0103,2025-01-12,5,5,Paid
SU08060,B01754,S0052,2026-07-08,2,0,Paid
SU08061,B09521,S0003,2026-03-06,3,0,Paid
SU08062,B03058,S0043,2026-08-18,2,0,Paid
SU08063,B05708,S0148,2025-11-14,4,15,Paid
SU08064,B01351,S0109,2025-11-28,3,15,Paid
SU08065,B00910,S0004,2025-03-23,2,0,Paid
SU08066,B09292,S0139,2025-05-13,2,0,Paid
SU08067,B01075,S0098,2026-05-09,2,0,Paid
SU08068,B02574,S0150,2026-08-10,1,0,Paid
SU08069,B05808,S0092,2025-01-24,1,0,Complimentary
SU08070,B03321,S0017,2026-02-25,3,0,Paid
SU08071,B01511,S0002,2025-12-26,2,0,Pending
SU08072,B07543,S0118,2025-04-15,8,0,Paid
SU08073,B07753,S0102,2024-10-14,5,10,Paid
SU08074,B07816,S0069,2026-08-11,2,0,Paid
SU08075,B05759,S0004,2024-01-19,1,10,Paid
SU08076,B00083,S0124,2025-01-19,1,0,Paid
SU08077,B09142,S0143,2026-07-14,2,10,Paid
SU08078,B06830,S0003,2025-11-01,2,0,Paid
SU08079,B00092,S0112,2025-09-09,3,5,Paid
SU08080,B03794,S0102,2026-02-06,2,0,Paid
SU08081,B07364,S0020,2026-05-04,1,0,Paid
SU08082,B02058,S0114,2026-01-30,2,5,Paid
SU08083,B07028,S0058,2026-08-21,1,10,Paid
SU08084,B08725,S0151,2025-04-20,1,20,Paid
SU08085,B05193,S0003,2026-08-29,6,15,Paid
SU08086,B06570,S0036,2025-11-25,1,0,Paid
SU08087,B02294,S0053,2026-03-07,2,0,Paid
SU08088,B04804,S0038,2025-09-24,1,0,Paid
SU08089,B07722,S0102,2026-04-23,8,0,Paid
SU08090,B07037,S0118,2026-07-21,5,10,Paid
SU08091,B01897,S0054,2026-07-28,5,5,Paid
SU08092,B03270,S0027,2026-01-24,3,5,Paid
SU08093,B02317,S0017,2025-10-16,4,0,Paid
SU08094,B08918,S0099,2026-05-08,2,10,Paid
SU08095,B07921,S0106,2026-05-19,3,5,Paid
SU08096,B04405,S0035,2025-06-13,2,15,Paid
SU08097,B02435,S0079,2025-10-27,6,0,Paid
SU08098,B00637,S0117,2025-01-15,6,0,Paid
SU08099,B00968,S0060,2026-06-26,1,10,Paid
SU08100,B06839,S0070,2025-10-17,4,20,Paid
SU08101,B00614,S0089,2025-12-20,2,5,Paid
SU08102,B01448,S0032,2026-07-06,2,0,Pending
SU08103,B04544,S0093,2025-03-30,10,0,Paid
SU08104,B08001,S0051,2024-08-31,3,0,Paid
SU08105,B07802,S0110,2026-06-28,8,20,Paid
SU08106,B02902,S0104,2026-03-11,1,0,Paid
SU08107,B08504,S0086,2025-01-06,2,15,Paid
SU08108,B00232,S0134,2025-05-21,6,10,Paid
SU08109,B09457,S0028,2026-07-18,2,5,Paid
SU08110,B07764,S0117,2025-11-19,4,5,Paid
SU08111,B00131,S0148,2025-06-22,1,0,Paid
SU08112,B05800,S0010,2026-05-24,2,25,Paid
SU08113,B05541,S0002,2026-07-30,2,10,Paid
SU08114,B05886,S0107,2025-02-03,2,20,Paid
SU08115,B05974,S0125,2026-02-12,3,20,Paid
SU08116,B01962,S0129,2025-06-23,4,25,Paid
SU08117,B09109,S0018,2024-06-26,1,0,Paid
SU08118,B05350,S0018,2025-11-30,1,0,Paid
SU08119,B09843,S0052,2024-03-17,2,0,Complimentary
SU08120,B00573,S0025,2026-05-15,8,0,Paid
SU08121,B02237,S0048,2026-06-11,2,10,Paid
SU08122,B09623,S0050,2025-11-07,2,0,Paid
SU08123,B04642,S0134,2025-04-28,3,0,Paid
SU08124,B05615,S0053,2025-10-11,2,20,Paid
SU08125,B03121,S0026,2024-08-27,1,15,Paid
SU08126,B06553,S0011,2025-09-27,3,0,Paid
SU08127,B01959,S0032,2026-02-27,8,0,Paid
SU08128,B05866,S0108,2026-08-25,4,10,Paid
SU08129,B07449,S0082,2026-03-24,4,0,Paid
SU08130,B03101,S0150,2026-08-14,2,10,Paid
SU08131,B03584,S0103,2026-07-22,3,5,Paid
SU08132,B08419,S0030,2024-09-16,2,5,Paid
SU08133,B05001,S0123,2026-07-10,4,0,Paid
SU08134,B04739,S0123,2026-08-03,2,10,Pending
SU08135,B00628,S0012,2025-12-09,3,5,Paid
SU08136,B05869,S0026,2026-05-21,2,0,Paid
SU08137,B03469,S0102,2025-03-18,2,0,Paid
SU08138,B05609,S0040,2025-11-03,2,0,Paid
SU08139,B01569,S0074,2026-01-24,4,10,Paid
SU08140,B03736,S0023,2024-01-13,1,0,Pending
SU08141,B03505,S0114,2026-06-10,1,5,Paid
SU08142,B09192,S0034,2024-12-31,1,10,Paid
SU08143,B05772,S0040,2026-06-22,3,15,Paid
SU08144,B02412,S0111,2025-06-20,1,0,Paid
SU08145,B07269,S0099,2026-08-26,1,25,Paid
SU08146,B02437,S0020,2024-03-25,1,0,Paid
SU08147,B03481,S0022,2026-04-11,1,5,Paid
SU08148,B00911,S0138,2024-03-19,1,5,Paid
SU08149,B00932,S0035,2026-01-22,3,0,Paid
SU08150,B01243,S0023,2026-04-25,2,0,Paid
SU08151,B05772,S0035,2026-06-19,2,10,Paid
SU08152,B05356,S0121,2024-10-18,2,20,Paid
SU08153,B04635,S0097,2025-03-01,2,0,Paid
SU08154,B09093,S0113,2025-01-08,2,5,Paid
SU08155,B06456,S0114,2026-08-12,1,10,Paid
SU08156,B01098,S0063,2026-04-05,2,5,Paid
SU08157,B09882,S0029,2026-07-12,1,0,Paid
SU08158,B02827,S0112,2026-08-01,4,0,Paid
SU08159,B06573,S0053,2026-06-20,1,0,Paid
SU08160,B05363,S0018,2025-04-26,4,0,Paid
SU08161,B04074,S0008,2025-05-29,1,5,Paid
SU08162,B07395,S0110,2026-07-28,2,0,Complimentary
SU08163,B09848,S0103,2026-08-19,2,15,Paid
SU08164,B05103,S0145,2026-08-09,2,10,Paid
SU08165,B03969,S0026,2024-09-25,4,15,Paid
SU08166,B09462,S0002,2026-06-25,1,15,Paid
SU08167,B05778,S0022,2025-12-07,1,0,Paid
SU08168,B05303,S0007,2026-01-26,1,25,Paid
SU08169,B08349,S0006,2026-08-14,2,0,Paid
SU08170,B09012,S0024,2025-10-25,2,15,Paid
SU08171,B05693,S0053,2026-01-13,1,10,Paid
SU08172,B00567,S0087,2026-03-15,3,10,Paid
SU08173,B08612,S0020,2026-02-02,2,0,Paid
SU08174,B03932,S0031,2026-03-27,2,5,Paid
SU08175,B07891,S0037,2026-07-26,5,0,Paid
SU08176,B08939,S0053,2025-06-23,2,5,Paid
SU08177,B07236,S0099,2025-10-01,1,5,Paid
SU08178,B02998,S0128,2025-07-04,2,5,Paid
SU08179,B09871,S0046,2026-06-30,1,5,Paid
SU08180,B02425,S0043,2026-01-30,4,0,Paid
SU08181,B01314,S0021,2025-05-21,1,0,Paid
SU08182,B01297,S0047,2026-05-09,3,5,Paid
SU08183,B04283,S0030,2025-02-15,3,0,Paid
SU08184,B05481,S0102,2025-11-28,3,0,Paid
SU08185,B01895,S0093,2024-02-16,10,0,Paid
SU08186,B07895,S0023,2026-03-21,1,0,Paid
SU08187,B04029,S0025,2026-02-07,1,0,Paid
SU08188,B02382,S0089,2026-02-01,1,5,Paid
SU08189,B00710,S0029,2024-11-04,6,10,Paid
SU08190,B00318,S0046,2024-12-14,3,5,Paid
SU08191,B05544,S0118,2026-04-28,3,0,Paid
SU08192,B05449,S0118,2025-05-11,8,0,Paid
SU08193,B08926,S0151,2024-10-03,1,0,Paid
SU08194,B02272,S0105,2024-07-28,2,15,Paid
SU08195,B08034,S0110,2025-10-29,1,0,Paid
SU08196,B05232,S0009,2025-04-05,2,15,Paid
SU08197,B09015,S0014,2025-12-14,10,0,Paid
SU08198,B08734,S0065,2025-03-10,1,0,Pending
SU08199,B01701,S0063,2024-06-24,2,0,Paid
SU08200,B01219,S0039,2026-07-14,4,10,Paid
SU08201,B04031,S0093,2025-05-08,6,0,Paid
SU08202,B00249,S0005,2025-10-09,1,10,Paid
SU08203,B03012,S0025,2025-01-13,3,5,Paid
SU08204,B04127,S0057,2026-08-30,2,20,Paid
SU08205,B09529,S0118,2026-01-03,4,10,Paid
SU08206,B01907,S0097,2025-10-29,6,0,Paid
SU08207,B05112,S0002,2024-01-16,5,10,Paid
SU08208,B04897,S0142,2025-10-13,4,10,Paid
SU08209,B02495,S0043,2026-01-21,2,0,Paid
SU08210,B05029,S0145,2025-11-15,10,10,Paid
SU08211,B03401,S0120,2026-05-08,3,10,Paid
SU08212,B09831,S0126,2026-04-17,2,0,Paid
SU08213,B01128,S0066,2024-11-17,2,5,Paid
SU08214,B06023,S0064,2025-07-14,3,5,Paid
SU08215,B07197,S0021,2025-07-15,1,15,Paid
SU08216,B09787,S0025,2026-03-25,3,10,Paid
SU08217,B06206,S0019,2024-09-18,1,0,Paid
SU08218,B09967,S0022,2026-01-12,2,5,Paid
SU08219,B03346,S0099,2026-04-29,1,5,Paid
SU08220,B02083,S0147,2024-08-01,3,10,Paid
SU08221,B00200,S0023,2024-10-17,1,15,Paid
SU08222,B04246,S0023,2026-07-23,1,0,Paid
SU08223,B01692,S0089,2025-09-13,2,0,Paid
SU08224,B02839,S0112,2024-10-27,5,0,Paid
SU08225,B04438,S0025,2025-12-03,2,0,Paid
SU08226,B06511,S0115,2025-12-13,2,10,Paid
SU08227,B00646,S0043,2026-04-19,5,5,Paid
SU08228,B02844,S0021,2024-07-21,1,10,Paid
SU08229,B02209,S0008,2025-10-09,1,10,Pending
SU08230,B07371,S0031,2026-03-08,1,10,Paid
SU08231,B06406,S0091,2025-04-01,3,0,Paid
SU08232,B03395,S0118,2026-06-11,3,10,Paid
SU08233,B03826,S0044,2026-05-09,2,0,Paid
SU08234,B05925,S0095,2024-10-19,3,0,Paid
SU08235,B07907,S0061,2024-01-21,2,20,Paid
SU08236,B02466,S0027,2025-05-28,1,0,Paid
SU08237,B08645,S0117,2026-02-13,3,15,Paid
SU08238,B00949,S0034,2026-01-08,4,5,Paid
SU08239,B00883,S0147,2024-04-20,4,0,Paid
SU08240,B00937,S0007,2026-07-03,2,5,Paid
SU08241,B08010,S0024,2025-04-22,1,10,Paid
SU08242,B07467,S0013,2025-11-12,1,5,Paid
SU08243,B01494,S0088,2026-08-03,1,0,Paid
SU08244,B05418,S0042,2025-12-25,5,5,Paid
SU08245,B07262,S0039,2025-01-25,5,20,Paid
SU08246,B06202,S0047,2024-12-15,2,0,Paid
SU08247,B09761,S0118,2026-05-19,10,10,Paid
SU08248,B09461,S0057,2025-10-01,2,0,Pending
SU08249,B07187,S0149,2026-08-02,1,0,Paid
SU08250,B06092,S0005,2026-03-04,2,10,Paid
SU08251,B05006,S0109,2026-04-12,8,0,Complimentary
SU08252,B02255,S0122,2026-08-24,4,0,Paid
SU08253,B04070,S0102,2026-05-04,1,0,Paid
SU08254,B03106,S0072,2026-04-14,4,10,Paid
SU08255,B00049,S0001,2025-08-02,3,0,Paid
SU08256,B08842,S0025,2025-01-09,3,0,Paid
SU08257,B00320,S0013,2025-04-11,2,10,Paid
SU08258,B01871,S0124,2025-04-28,1,10,Pending
SU08259,B06431,S0018,2024-12-15,3,15,Paid
SU08260,B06064,S0060,2024-04-21,4,0,Paid
SU08261,B06043,S0035,2024-11-21,2,0,Paid
SU08262,B01095,S0135,2026-08-07,4,10,Paid
SU08263,B09773,S0028,2026-08-05,2,0,Paid
SU08264,B09512,S0058,2024-05-06,1,0,Paid
SU08265,B04666,S0033,2025-05-22,1,0,Paid
SU08266,B09847,S0038,2026-06-03,1,10,Paid
SU08267,B09224,S0047,2026-02-05,2,20,Paid
SU08268,B05900,S0077,2026-03-06,2,5,Paid
SU08269,B00365,S0030,2026-02-09,1,5,Paid
SU08270,B00213,S0040,2025-01-27,2,10,Complimentary
SU08271,B03009,S0030,2026-01-12,1,5,Paid
SU08272,B06469,S0047,2024-12-21,1,5,Paid
SU08273,B08219,S0012,2025-07-25,2,5,Complimentary
SU08274,B09637,S0052,2026-02-12,2,5,Paid
SU08275,B09935,S0047,2026-08-28,1,5,Paid
SU08276,B04780,S0048,2026-06-15,6,5,Paid
SU08277,B00050,S0038,2026-01-11,3,10,Paid
SU08278,B05494,S0112,2026-01-29,2,15,Paid
SU08279,B06364,S0035,2024-02-18,4,5,Paid
SU08280,B07878,S0029,2025-11-11,1,10,Paid
SU08281,B07833,S0072,2025-10-04,4,10,Paid
SU08282,B03582,S0108,2025-11-11,3,5,Paid
SU08283,B02190,S0036,2026-02-26,1,0,Paid
SU08284,B07526,S0149,2026-01-20,3,15,Paid
SU08285,B00326,S0148,2025-12-17,4,0,Paid
SU08286,B00558,S0011,2026-01-31,2,5,Paid
SU08287,B00177,S0025,2026-02-13,2,0,Paid
SU08288,B09104,S0002,2024-08-23,3,10,Paid
SU08289,B08375,S0052,2026-04-10,2,5,Paid
SU08290,B06226,S0146,2026-03-21,4,5,Paid
SU08291,B01284,S0038,2025-01-31,1,10,Paid
SU08292,B09016,S0105,2026-03-21,1,5,Paid
SU08293,B00213,S0035,2025-01-26,3,0,Paid
SU08294,B01002,S0007,2024-06-07,2,20,Paid
SU08295,B01918,S0027,2026-03-04,2,0,Paid
SU08296,B00981,S0097,2025-02-18,2,20,Paid
SU08297,B04153,S0089,2026-08-14,2,0,Complimentary
SU08298,B08148,S0029,2025-03-28,6,10,Paid
SU08299,B02452,S0024,2024-07-11,2,5,Paid
SU08300,B09183,S0078,2026-06-09,1,0,Pending
SU08301,B01600,S0052,2026-01-06,1,5,Paid
SU08302,B08723,S0051,2024-12-19,2,5,Paid
SU08303,B05456,S0105,2024-01-30,4,0,Paid
SU08304,B01493,S0118,2025-11-08,4,5,Paid
SU08305,B03532,S0101,2024-02-13,1,0,Paid
SU08306,B01965,S0002,2025-01-14,1,10,Paid
SU08307,B01837,S0147,2026-05-10,2,10,Pending
SU08308,B00611,S0009,2025-12-13,2,5,Paid
SU08309,B04053,S0114,2025-08-20,8,15,Paid
SU08310,B05455,S0041,2024-07-28,4,0,Paid
SU08311,B04387,S0033,2026-06-23,1,0,Paid
SU08312,B01667,S0110,2025-06-12,4,0,Paid
SU08313,B07751,S0114,2025-04-19,3,10,Paid
SU08314,B05459,S0124,2026-08-27,1,5,Pending
SU08315,B03570,S0050,2025-01-30,2,5,Paid
SU08316,B04647,S0087,2026-07-22,4,5,Paid
SU08317,B03774,S0015,2025-10-24,1,5,Pending
SU08318,B06816,S0126,2025-08-02,2,5,Paid
SU08319,B07029,S0096,2025-08-07,3,10,Paid
SU08320,B00256,S0056,2024-12-24,4,0,Paid
SU08321,B06049,S0018,2024-02-25,3,0,Paid
SU08322,B09242,S0047,2026-05-16,1,5,Pending
SU08323,B03430,S0115,2024-01-07,3,20,Paid
SU08324,B08040,S0036,2025-01-10,1,0,Paid
SU08325,B04685,S0074,2026-08-29,2,0,Paid
SU08326,B01356,S0037,2026-03-25,2,5,Paid
SU08327,B09374,S0019,2024-11-26,2,5,Paid
SU08328,B02138,S0038,2025-08-20,1,5,Paid
SU08329,B06939,S0024,2025-11-21,4,0,Paid
SU08330,B01542,S0045,2024-01-23,1,15,Paid
SU08331,B03183,S0147,2024-11-25,8,5,Paid
SU08332,B00506,S0108,2026-03-07,2,5,Paid
SU08333,B05260,S0040,2025-10-30,4,15,Paid
SU08334,B04835,S0009,2025-04-27,1,10,Paid
SU08335,B06877,S0027,2025-05-22,2,0,Paid
SU08336,B00352,S0118,2025-01-13,4,10,Paid
SU08337,B02550,S0001,2025-06-15,5,15,Paid
SU08338,B00423,S0031,2026-07-17,1,25,Paid
SU08339,B02624,S0049,2025-10-20,1,10,Paid
SU08340,B05632,S0082,2026-07-29,1,5,Paid
SU08341,B09226,S0082,2024-10-06,3,0,Paid
SU08342,B03263,S0124,2024-06-14,1,10,Paid
SU08343,B04750,S0118,2025-06-03,6,10,Paid
SU08344,B02878,S0065,2026-08-05,1,5,Complimentary
SU08345,B00042,S0125,2026-08-20,2,0,Paid
SU08346,B09426,S0054,2026-06-23,5,0,Paid
SU08347,B00018,S0113,2025-08-21,2,0,Paid
SU08348,B04781,S0116,2026-08-04,1,0,Paid
SU08349,B00661,S0018,2024-12-20,2,0,Paid
SU08350,B06684,S0151,2024-05-12,2,20,Paid
SU08351,B09128,S0051,2025-04-10,3,0,Paid
SU08352,B06617,S0126,2026-08-25,1,0,Paid
SU08353,B07921,S0104,2026-05-18,1,10,Paid
SU08354,B04757,S0115,2026-07-15,3,15,Paid
SU08355,B02011,S0036,2026-07-16,1,15,Paid
SU08356,B03673,S0086,2026-08-03,5,0,Paid
SU08357,B02787,S0009,2026-04-29,1,15,Paid
SU08358,B09884,S0113,2025-03-13,5,15,Paid
SU08359,B00611,S0005,2025-12-13,1,5,Paid
SU08360,B08466,S0148,2025-11-15,6,0,Paid
SU08361,B03239,S0114,2025-06-23,1,0,Paid
SU08362,B00424,S0067,2024-12-25,5,5,Paid
SU08363,B04495,S0115,2026-02-14,6,0,Paid
SU08364,B08181,S0115,2026-06-25,3,0,Paid
SU08365,B00416,S0043,2025-10-17,4,15,Paid
SU08366,B05282,S0037,2024-07-19,5,0,Paid
SU08367,B09510,S0057,2026-05-09,6,10,Paid
SU08368,B06312,S0139,2026-04-12,3,10,Paid
SU08369,B04775,S0036,2025-01-15,2,20,Paid
SU08370,B08280,S0067,2024-10-12,4,0,Paid
SU08371,B02294,S0058,2026-03-07,2,15,Paid
SU08372,B04992,S0059,2026-06-11,2,10,Pending
SU08373,B04301,S0147,2026-02-01,6,0,Paid
SU08374,B08895,S0025,2025-02-05,3,0,Paid
SU08375,B04710,S0127,2025-09-19,2,0,Pending
SU08376,B07436,S0118,2026-01-14,10,20,Paid
SU08377,B05886,S0113,2025-02-03,6,15,Paid
SU08378,B04768,S0032,2024-02-23,5,0,Paid
SU08379,B09458,S0094,2026-08-29,1,0,Paid
SU08380,B07341,S0042,2026-06-09,3,5,Paid
SU08381,B05322,S0022,2024-10-23,1,5,Paid
SU08382,B09515,S0042,2024-10-21,4,5,Paid
SU08383,B06356,S0040,2025-02-04,2,10,Pending
SU08384,B03476,S0007,2024-09-04,1,10,Paid
SU08385,B07538,S0112,2025-09-12,1,5,Paid
SU08386,B06650,S0029,2025-12-24,3,0,Paid
SU08387,B01296,S0042,2025-12-15,1,0,Paid
SU08388,B08562,S0114,2025-04-20,4,5,Paid
SU08389,B06022,S0037,2026-08-22,4,10,Paid
SU08390,B02510,S0118,2026-07-22,4,15,Paid
SU08391,B08171,S0109,2026-08-26,6,25,Paid
SU08392,B06964,S0132,2026-06-21,1,0,Paid
SU08393,B09414,S0031,2026-08-30,2,15,Paid
SU08394,B08679,S0033,2026-08-22,2,0,Paid
SU08395,B00855,S0045,2025-11-14,3,5,Paid
SU08396,B00767,S0011,2024-07-11,5,10,Paid
SU08397,B01553,S0013,2026-08-26,3,0,Paid
SU08398,B03817,S0136,2026-04-07,5,0,Paid
SU08399,B09125,S0108,2026-07-15,2,15,Paid
SU08400,B06013,S0093,2026-07-04,6,20,Paid
SU08401,B05870,S0037,2025-09-07,2,15,Paid
SU08402,B00367,S0002,2025-12-31,4,0,Paid
SU08403,B02717,S0088,2025-07-01,4,0,Paid
SU08404,B00680,S0150,2024-12-18,3,0,Paid
SU08405,B01938,S0151,2026-04-05,2,5,Paid
SU08406,B02483,S0002,2026-08-19,4,0,Paid
SU08407,B09130,S0130,2025-10-08,3,5,Paid
SU08408,B02129,S0136,2025-05-09,2,0,Paid
SU08409,B04597,S0045,2025-12-02,1,10,Paid
SU08410,B07671,S0065,2025-09-26,4,5,Paid
SU08411,B07633,S0121,2026-07-31,2,20,Paid
SU08412,B09831,S0120,2026-04-16,2,5,Paid
SU08413,B04575,S0094,2026-02-02,1,20,Paid
SU08414,B01810,S0142,2026-05-18,4,15,Paid
SU08415,B00411,S0071,2026-07-21,1,5,Pending
SU08416,B07668,S0088,2026-07-28,1,15,Paid
SU08417,B05387,S0082,2026-06-14,4,5,Paid
SU08418,B08887,S0059,2024-04-27,2,0,Paid
SU08419,B01762,S0100,2024-06-24,2,0,Paid
SU08420,B08196,S0137,2024-04-08,1,0,Paid
SU08421,B06533,S0036,2026-01-25,3,0,Paid
SU08422,B07898,S0050,2025-11-05,3,0,Paid
SU08423,B06941,S0126,2026-01-26,1,15,Paid
SU08424,B02144,S0119,2024-09-10,1,10,Paid
SU08425,B03435,S0024,2025-02-01,4,0,Paid
SU08426,B07233,S0052,2025-08-12,1,0,Paid
SU08427,B05381,S0009,2026-04-08,1,10,Paid
SU08428,B03026,S0137,2026-07-03,1,5,Paid
SU08429,B00213,S0034,2025-01-26,3,0,Paid
SU08430,B05254,S0117,2025-11-14,6,0,Paid
SU08431,B09999,S0092,2026-07-02,5,15,Paid
SU08432,B03267,S0092,2026-08-14,5,0,Pending
SU08433,B02156,S0023,2026-06-15,1,10,Paid
SU08434,B07631,S0029,2025-02-04,5,0,Paid
SU08435,B03875,S0005,2026-08-11,1,5,Paid
SU08436,B00339,S0036,2025-12-20,1,25,Pending
SU08437,B04658,S0110,2024-03-19,3,10,Paid
SU08438,B04267,S0057,2024-02-18,3,5,Paid
SU08439,B01805,S0118,2026-04-15,6,10,Paid
SU08440,B05144,S0067,2024-11-29,1,5,Paid
SU08441,B07530,S0110,2026-07-18,4,5,Paid
SU08442,B01131,S0040,2026-05-09,4,20,Paid
SU08443,B07601,S0097,2026-03-01,4,5,Paid
SU08444,B06211,S0095,2026-03-02,5,5,Paid
SU08445,B05929,S0041,2025-03-13,1,10,Paid
SU08446,B01936,S0112,2026-05-25,4,0,Paid
SU08447,B02332,S0123,2025-01-02,3,10,Paid
SU08448,B07642,S0066,2026-06-21,3,5,Paid
SU08449,B02025,S0032,2026-08-14,3,15,Paid
SU08450,B09450,S0058,2025-08-11,1,0,Paid
SU08451,B09797,S0053,2026-07-28,2,10,Paid
SU08452,B08753,S0120,2024-12-31,2,10,Paid
SU08453,B08230,S0116,2025-09-10,1,25,Paid
SU08454,B09630,S0107,2026-08-02,3,5,Paid
SU08455,B09016,S0099,2026-03-21,1,5,Paid
SU08456,B08190,S0113,2024-04-15,4,10,Paid
SU08457,B06660,S0003,2026-08-10,4,5,Paid
SU08458,B09761,S0116,2026-05-19,1,0,Paid
SU08459,B02369,S0121,2026-05-31,3,0,Paid
SU08460,B01418,S0147,2026-08-23,1,5,Paid
SU08461,B09461,S0058,2025-09-30,1,10,Paid
SU08462,B01607,S0111,2025-11-08,2,0,Paid
SU08463,B07219,S0062,2026-06-02,1,10,Paid
SU08464,B06750,S0110,2026-05-08,4,5,Paid
SU08465,B02537,S0098,2026-05-13,1,10,Paid
SU08466,B01352,S0050,2025-10-23,1,5,Paid
SU08467,B08924,S0026,2024-06-16,4,25,Paid
SU08468,B05679,S0121,2024-09-27,3,0,Paid
SU08469,B02787,S0006,2026-04-27,4,10,Paid
SU08470,B00728,S0035,2026-07-15,8,20,Paid
SU08471,B09142,S0143,2026-07-14,6,0,Pending
SU08472,B08251,S0042,2024-07-18,8,25,Paid
SU08473,B06332,S0018,2025-05-29,2,0,Paid
SU08474,B01325,S0060,2025-10-05,4,5,Pending
SU08475,B06012,S0029,2025-10-27,2,5,Paid
SU08476,B09160,S0004,2024-02-24,1,5,Paid
SU08477,B08915,S0028,2025-01-24,4,10,Paid
SU08478,B02571,S0106,2024-12-24,3,10,Paid
SU08479,B07501,S0119,2024-11-05,3,5,Paid
SU08480,B01000,S0005,2025-12-24,3,0,Paid
SU08481,B07766,S0027,2025-09-06,5,0,Paid
SU08482,B09058,S0072,2024-06-09,3,0,Paid
SU08483,B07231,S0047,2026-08-30,1,15,Paid
SU08484,B07479,S0030,2025-07-21,2,20,Paid
SU08485,B04920,S0050,2024-02-09,3,0,Pending
SU08486,B06460,S0089,2025-08-07,1,0,Pending
SU08487,B04455,S0119,2024-07-20,2,0,Paid
SU08488,B00957,S0040,2025-12-04,2,0,Paid
SU08489,B03312,S0108,2025-03-02,5,10,Paid
SU08490,B04532,S0086,2024-03-26,6,5,Paid
SU08491,B04368,S0038,2024-01-08,1,25,Paid
SU08492,B00688,S0115,2025-12-14,2,0,Paid
SU08493,B08689,S0013,2026-07-02,5,15,Paid
SU08494,B02554,S0005,2026-02-19,2,20,Pending
SU08495,B09234,S0073,2025-10-11,2,5,Paid
SU08496,B04333,S0043,2026-04-15,4,10,Paid
SU08497,B01090,S0016,2024-08-15,6,5,Paid
SU08498,B05594,S0111,2024-02-03,1,10,Paid
SU08499,B05568,S0140,2024-06-12,1,15,Paid
SU08500,B08988,S0048,2025-11-03,3,5,Paid
SU08501,B05930,S0008,2026-01-10,2,15,Paid
SU08502,B08424,S0026,2026-08-12,8,25,Paid
SU08503,B08541,S0063,2025-01-15,2,5,Paid
SU08504,B09464,S0060,2024-11-04,5,5,Paid
SU08505,B09522,S0014,2026-07-27,2,10,Paid
SU08506,B09450,S0059,2025-08-12,2,25,Paid
SU08507,B06666,S0023,2025-08-13,1,15,Paid
SU08508,B04368,S0039,2024-01-09,10,0,Paid
SU08509,B08895,S0025,2025-02-04,5,5,Paid
SU08510,B03874,S0103,2026-06-29,6,10,Paid
SU08511,B02286,S0110,2025-05-11,1,5,Paid
SU08512,B03153,S0073,2025-11-07,1,20,Paid
SU08513,B02489,S0111,2025-07-14,1,5,Paid
SU08514,B07693,S0096,2025-11-09,5,5,Paid
SU08515,B08399,S0052,2026-07-04,1,20,Paid
SU08516,B08327,S0023,2024-03-21,1,0,Paid
SU08517,B06423,S0087,2026-06-08,5,5,Paid
SU08518,B04674,S0116,2026-02-24,1,5,Paid
SU08519,B00675,S0114,2024-03-10,5,5,Paid
SU08520,B00611,S0009,2025-12-13,1,5,Paid
SU08521,B00813,S0030,2025-05-30,1,0,Paid
SU08522,B02342,S0028,2026-08-22,2,25,Pending
SU08523,B01171,S0104,2025-08-03,1,0,Paid
SU08524,B03173,S0050,2025-10-01,3,5,Paid
SU08525,B04116,S0065,2025-04-11,2,0,Paid
SU08526,B01368,S0032,2026-01-25,2,0,Paid
SU08527,B00279,S0020,2026-08-19,1,5,Paid
SU08528,B04336,S0107,2026-05-07,4,15,Paid
SU08529,B01043,S0002,2026-07-01,3,5,Paid
SU08530,B04212,S0039,2024-01-31,2,5,Pending
SU08531,B09960,S0051,2025-10-25,1,5,Pending
SU08532,B07951,S0132,2025-01-17,1,10,Paid
SU08533,B07600,S0065,2025-12-19,2,20,Pending
SU08534,B06939,S0031,2025-11-26,1,5,Complimentary
SU08535,B00423,S0023,2026-07-18,1,0,Paid
SU08536,B09276,S0118,2025-10-09,8,5,Paid
SU08537,B01469,S0115,2025-09-16,5,10,Paid
SU08538,B03402,S0109,2026-07-02,3,0,Pending
SU08539,B01159,S0136,2026-05-09,4,10,Paid
SU08540,B03197,S0102,2026-06-15,10,5,Paid
SU08541,B06736,S0118,2025-10-18,3,15,Paid
SU08542,B01952,S0022,2025-01-19,1,0,Paid
SU08543,B03205,S0151,2026-07-17,3,10,Pending
SU08544,B09231,S0014,2026-07-31,8,10,Paid
SU08545,B05925,S0098,2024-10-21,1,0,Paid
SU08546,B05807,S0017,2026-08-23,1,5,Paid
SU08547,B01093,S0061,2025-09-09,1,15,Paid
SU08548,B05869,S0028,2026-05-18,2,15,Paid
SU08549,B00728,S0040,2026-07-18,1,5,Paid
SU08550,B09528,S0060,2025-07-06,4,0,Paid
SU08551,B07128,S0025,2026-08-09,2,0,Paid
SU08552,B00354,S0028,2026-01-03,4,0,Paid
SU08553,B07436,S0116,2026-01-16,1,0,Paid
SU08554,B04495,S0117,2026-02-15,6,15,Pending
SU08555,B09842,S0012,2026-04-21,2,5,Paid
SU08556,B05607,S0123,2026-08-27,2,0,Paid
SU08557,B06423,S0088,2026-06-08,1,5,Paid
SU08558,B06602,S0016,2024-07-05,3,15,Paid
SU08559,B02282,S0041,2025-03-25,4,10,Paid
SU08560,B07672,S0064,2025-12-03,1,10,Paid
SU08561,B05234,S0033,2026-05-25,2,5,Paid
SU08562,B08067,S0021,2025-11-16,3,20,Paid
SU08563,B08747,S0116,2026-04-01,3,10,Paid
SU08564,B03147,S0039,2024-12-17,4,0,Paid
SU08565,B08292,S0016,2024-07-13,5,20,Paid
SU08566,B02664,S0109,2026-08-01,2,25,Paid
SU08567,B00638,S0116,2025-05-14,1,0,Paid
SU08568,B06150,S0106,2026-05-07,2,10,Paid
SU08569,B00876,S0088,2025-06-01,1,10,Paid
SU08570,B07169,S0033,2026-07-06,3,0,Paid
SU08571,B09721,S0025,2026-08-13,4,0,Paid
SU08572,B08402,S0043,2025-02-01,2,10,Paid
SU08573,B09487,S0070,2024-03-31,2,10,Paid
SU08574,B03633,S0050,2025-08-10,3,15,Paid
SU08575,B01148,S0010,2025-12-11,1,10,Paid
SU08576,B02783,S0138,2026-04-15,1,5,Paid
SU08577,B00671,S0025,2026-06-04,4,15,Paid
SU08578,B02411,S0062,2024-09-15,1,5,Paid
SU08579,B06000,S0111,2024-10-13,1,0,Paid
SU08580,B06960,S0088,2025-11-11,2,5,Paid
SU08581,B01670,S0026,2026-05-03,2,15,Paid
SU08582,B09975,S0020,2026-07-23,1,0,Paid
SU08583,B08999,S0138,2024-08-16,1,5,Paid
SU08584,B04157,S0140,2026-01-20,3,15,Paid
SU08585,B00680,S0146,2024-12-16,3,0,Paid
SU08586,B08914,S0125,2026-05-12,2,0,Paid
SU08587,B04360,S0086,2026-06-21,3,0,Paid
SU08588,B01457,S0109,2025-09-17,1,5,Paid
SU08589,B02414,S0124,2024-07-14,1,0,Paid
SU08590,B07467,S0014,2025-11-11,6,5,Paid
SU08591,B01640,S0116,2025-11-27,1,10,Paid
SU08592,B05010,S0012,2026-06-16,1,5,Paid
SU08593,B02618,S0025,2026-01-31,10,15,Pending
SU08594,B04038,S0025,2025-09-30,3,20,Paid
SU08595,B08633,S0127,2025-08-06,4,5,Paid
SU08596,B01266,S0043,2026-06-26,1,0,Paid
SU08597,B00807,S0111,2024-12-24,2,5,Paid
SU08598,B08901,S0122,2025-01-09,1,5,Paid
SU08599,B03306,S0108,2026-04-27,2,5,Paid
SU08600,B01759,S0037,2026-08-15,1,0,Paid
SU08601,B02603,S0126,2026-03-26,1,5,Paid
SU08602,B09570,S0002,2026-06-24,1,15,Paid
SU08603,B00146,S0041,2025-11-19,3,5,Paid
SU08604,B00059,S0135,2026-08-30,3,0,Paid
SU08605,B06463,S0031,2026-04-18,1,0,Paid
SU08606,B01776,S0116,2024-07-03,2,0,Paid
SU08607,B00761,S0033,2024-04-18,2,15,Paid
SU08608,B03623,S0098,2024-05-15,2,0,Paid
SU08609,B09771,S0114,2025-08-05,2,10,Paid
SU08610,B00883,S0151,2024-04-19,1,0,Paid
SU08611,B08886,S0006,2026-02-08,3,0,Complimentary
SU08612,B06378,S0029,2025-04-06,5,0,Paid
SU08613,B08765,S0037,2025-07-04,4,0,Paid
SU08614,B02634,S0045,2024-12-26,1,10,Paid
SU08615,B01894,S0066,2025-02-12,1,5,Paid
SU08616,B09110,S0116,2024-03-01,3,0,Paid
SU08617,B07707,S0049,2025-07-17,1,25,Paid
SU08618,B02629,S0036,2025-02-19,1,20,Paid
SU08619,B05954,S0041,2026-04-18,2,5,Paid
SU08620,B02427,S0105,2025-09-26,4,15,Paid
SU08621,B01383,S0068,2025-03-04,4,0,Paid
SU08622,B09407,S0023,2026-08-28,1,5,Paid
SU08623,B03478,S0130,2024-03-28,3,5,Paid
SU08624,B07307,S0118,2025-07-05,2,5,Paid
SU08625,B05292,S0025,2026-02-10,2,0,Paid
SU08626,B01318,S0059,2026-08-17,3,5,Paid
SU08627,B09219,S0086,2026-07-28,1,0,Paid
SU08628,B02709,S0010,2025-10-16,2,5,Paid
SU08629,B09066,S0040,2025-11-20,4,5,Paid
SU08630,B06429,S0016,2024-11-10,3,20,Paid
SU08631,B03510,S0019,2025-12-22,2,0,Pending
SU08632,B04087,S0025,2025-10-12,1,5,Paid
SU08633,B02211,S0043,2026-08-18,1,0,Paid
SU08634,B00333,S0123,2025-09-16,1,10,Paid
SU08635,B09168,S0012,2025-10-28,1,20,Paid
SU08636,B00573,S0026,2026-05-14,8,10,Paid
SU08637,B04583,S0019,2026-05-21,4,5,Paid
SU08638,B04832,S0037,2024-05-02,2,0,Paid
SU08639,B05249,S0087,2026-06-16,1,0,Paid
SU08640,B07257,S0060,2025-10-20,3,15,Paid
SU08641,B02919,S0109,2025-06-10,2,0,Paid
SU08642,B03075,S0127,2024-08-13,2,20,Paid
SU08643,B01467,S0105,2026-04-19,3,0,Paid
SU08644,B02729,S0119,2025-03-21,2,20,Paid
SU08645,B03997,S0150,2024-12-06,2,5,Paid
SU08646,B00961,S0139,2024-02-24,4,10,Paid
SU08647,B06061,S0074,2026-08-22,3,15,Paid
SU08648,B09902,S0100,2026-04-10,2,0,Paid
SU08649,B08624,S0067,2024-03-24,3,0,Paid
SU08650,B01622,S0089,2026-05-13,1,10,Paid
SU08651,B09253,S0028,2025-01-24,1,15,Paid
SU08652,B05976,S0039,2025-01-12,3,15,Paid
SU08653,B00707,S0094,2025-12-24,1,5,Pending
SU08654,B02811,S0008,2025-12-10,1,5,Paid
SU08655,B08975,S0006,2026-01-28,2,15,Paid
SU08656,B06028,S0134,2026-04-27,10,0,Paid
SU08657,B07848,S0134,2025-01-07,1,0,Paid
SU08658,B06344,S0034,2026-03-18,3,0,Paid
SU08659,B09597,S0145,2026-08-19,1,5,Pending
SU08660,B09393,S0002,2025-07-08,4,0,Complimentary
SU08661,B06544,S0116,2025-07-25,2,20,Paid
SU08662,B02822,S0151,2024-11-04,2,0,Paid
SU08663,B03498,S0032,2025-08-28,6,0,Pending
SU08664,B09200,S0117,2024-12-20,6,10,Paid
SU08665,B02009,S0064,2024-03-24,6,0,Paid
SU08666,B05933,S0035,2026-01-22,2,0,Paid
SU08667,B02435,S0077,2025-10-29,1,5,Paid
SU08668,B06048,S0045,2026-01-15,1,5,Paid
SU08669,B04872,S0010,2026-01-23,4,0,Paid
SU08670,B09991,S0012,2026-07-16,1,0,Paid
SU08671,B00405,S0126,2026-07-09,1,25,Paid
SU08672,B03468,S0027,2025-02-08,4,20,Paid
SU08673,B09954,S0030,2026-05-14,2,5,Complimentary
SU08674,B04101,S0073,2025-12-22,2,5,Paid
SU08675,B04116,S0064,2025-04-11,3,5,Paid
SU08676,B07387,S0110,2025-12-13,1,0,Paid
SU08677,B09048,S0115,2026-08-21,1,0,Paid
SU08678,B09432,S0086,2025-11-23,3,0,Paid
SU08679,B07863,S0095,2026-05-30,1,5,Paid
SU08680,B08459,S0091,2024-07-31,3,0,Paid
SU08681,B06045,S0039,2026-08-23,4,0,Paid
SU08682,B02857,S0017,2026-01-29,4,25,Paid
SU08683,B02185,S0059,2026-03-24,3,5,Paid
SU08684,B01965,S0008,2025-01-13,1,10,Pending
SU08685,B07940,S0107,2026-06-03,3,0,Paid
SU08686,B06463,S0029,2026-04-18,2,0,Paid
SU08687,B01216,S0098,2025-04-15,1,0,Paid
SU08688,B01494,S0089,2026-08-04,3,10,Paid
SU08689,B04673,S0029,2026-02-22,1,0,Paid
SU08690,B01255,S0025,2026-08-20,3,0,Paid
SU08691,B06196,S0015,2024-09-27,2,0,Pending
SU08692,B02815,S0130,2024-04-20,2,20,Paid
SU08693,B09124,S0117,2025-08-24,1,5,Paid
SU08694,B09324,S0110,2026-02-26,2,0,Paid
SU08695,B06315,S0124,2024-01-07,1,0,Paid
SU08696,B09056,S0078,2026-06-21,5,10,Paid
SU08697,B07509,S0102,2025-10-26,1,0,Paid
SU08698,B06099,S0133,2026-06-23,4,0,Paid
SU08699,B08218,S0031,2025-11-24,2,15,Paid
SU08700,B06138,S0107,2025-10-28,5,10,Paid
SU08701,B02827,S0107,2026-08-01,3,0,Paid
SU08702,B06504,S0050,2025-07-07,3,15,Paid
SU08703,B04250,S0117,2025-02-16,3,5,Paid
SU08704,B03036,S0020,2026-03-19,3,0,Paid
SU08705,B07425,S0038,2025-09-23,1,10,Paid
SU08706,B09497,S0150,2025-12-02,2,10,Paid
SU08707,B09774,S0149,2024-11-03,2,5,Paid
SU08708,B04872,S0005,2026-01-22,2,0,Paid
SU08709,B05345,S0005,2024-08-24,1,15,Paid
SU08710,B08388,S0006,2025-05-22,1,25,Paid
SU08711,B04934,S0014,2026-05-09,2,5,Paid
SU08712,B04340,S0055,2026-02-16,2,5,Paid
SU08713,B09461,S0056,2025-10-01,1,10,Paid
SU08714,B07824,S0115,2024-08-07,2,0,Paid
SU08715,B04433,S0005,2026-04-09,1,10,Paid
SU08716,B03732,S0115,2025-02-14,2,0,Paid
SU08717,B06557,S0039,2026-08-15,6,5,Paid
SU08718,B01238,S0143,2025-09-14,1,0,Paid
SU08719,B00923,S0096,2026-06-14,1,5,Paid
SU08720,B08252,S0151,2025-09-26,3,10,Paid
SU08721,B05647,S0106,2026-08-13,3,0,Paid
SU08722,B02558,S0092,2024-09-28,5,5,Paid
SU08723,B07073,S0016,2024-06-08,8,0,Paid
SU08724,B03129,S0116,2024-03-16,1,20,Paid
SU08725,B00546,S0042,2025-05-05,3,20,Paid
SU08726,B04492,S0112,2025-12-13,5,0,Paid
SU08727,B05417,S0059,2025-09-05,5,0,Paid
SU08728,B06858,S0044,2025-11-15,1,0,Paid
SU08729,B08042,S0017,2025-10-03,1,0,Paid
SU08730,B07190,S0136,2025-07-15,3,0,Complimentary
SU08731,B01944,S0009,2026-07-01,2,5,Paid
SU08732,B03796,S0008,2026-03-13,1,15,Paid
SU08733,B03649,S0101,2024-10-29,5,10,Paid
SU08734,B08879,S0030,2026-08-23,1,10,Paid
SU08735,B07162,S0025,2026-06-07,3,5,Paid
SU08736,B01674,S0108,2024-01-10,1,15,Paid
SU08737,B09800,S0042,2025-07-14,10,5,Paid
SU08738,B09747,S0113,2025-04-18,1,0,Paid
SU08739,B05093,S0092,2025-09-14,2,5,Pending
SU08740,B09560,S0011,2025-11-13,1,5,Paid
SU08741,B09441,S0032,2026-04-18,3,15,Paid
SU08742,B01819,S0059,2025-07-13,5,5,Paid
SU08743,B05146,S0090,2026-04-11,2,15,Pending
SU08744,B07937,S0022,2024-11-09,1,0,Paid
SU08745,B00985,S0148,2025-12-04,2,0,Paid
SU08746,B02701,S0058,2026-08-16,2,5,Paid
SU08747,B03435,S0028,2025-01-31,3,10,Paid
SU08748,B09006,S0126,2026-08-12,2,25,Paid
SU08749,B01532,S0105,2026-04-16,8,10,Paid
SU08750,B09925,S0108,2026-01-15,5,5,Paid
SU08751,B02623,S0009,2026-04-30,1,0,Paid
SU08752,B04304,S0122,2026-07-14,3,0,Complimentary
SU08753,B07342,S0148,2026-07-28,4,15,Paid
SU08754,B07176,S0087,2026-08-13,3,0,Paid
SU08755,B09674,S0105,2026-04-23,10,0,Paid
SU08756,B04110,S0050,2026-07-31,3,0,Paid
SU08757,B01817,S0104,2026-05-30,2,10,Paid
SU08758,B05462,S0145,2025-12-03,8,15,Paid
SU08759,B03923,S0025,2026-01-03,6,5,Paid
SU08760,B09057,S0114,2024-03-23,4,0,Paid
SU08761,B09645,S0040,2025-11-05,3,0,Paid
SU08762,B01781,S0133,2024-06-07,2,15,Paid
SU08763,B04665,S0035,2025-02-03,3,5,Paid
SU08764,B09534,S0141,2025-07-02,2,5,Paid
SU08765,B01003,S0012,2024-08-19,1,15,Paid
SU08766,B08769,S0118,2026-03-28,1,5,Paid
SU08767,B04129,S0115,2026-05-30,5,10,Paid
SU08768,B07509,S0102,2025-10-27,10,10,Pending
SU08769,B09066,S0040,2025-11-19,2,0,Paid
SU08770,B00781,S0032,2024-04-19,3,10,Paid
SU08771,B01006,S0086,2026-02-17,2,0,Paid
SU08772,B02859,S0057,2024-06-29,1,10,Paid
SU08773,B02752,S0039,2024-11-16,3,0,Paid
SU08774,B06778,S0010,2026-06-12,1,25,Paid
SU08775,B06574,S0030,2026-08-30,1,10,Paid
SU08776,B02999,S0116,2026-05-02,1,0,Paid
SU08777,B04186,S0046,2024-05-26,3,0,Paid
SU08778,B00259,S0099,2026-02-25,3,20,Pending
SU08779,B04358,S0020,2024-09-19,1,0,Paid
SU08780,B01179,S0003,2026-06-07,10,5,Paid
SU08781,B07249,S0109,2026-05-05,1,0,Paid
SU08782,B06522,S0007,2026-05-04,2,10,Paid
SU08783,B09922,S0137,2025-07-26,1,15,Paid
SU08784,B00949,S0039,2026-01-09,6,10,Paid
SU08785,B09522,S0015,2026-07-29,1,5,Pending
SU08786,B05342,S0114,2026-08-20,1,5,Paid
SU08787,B07206,S0032,2026-08-19,2,10,Paid
SU08788,B06579,S0116,2025-09-08,1,5,Paid
SU08789,B07292,S0009,2026-03-02,2,5,Paid
SU08790,B03494,S0053,2026-03-03,1,20,Paid
SU08791,B01046,S0086,2025-08-21,4,5,Paid
SU08792,B04646,S0068,2026-02-22,8,0,Paid
SU08793,B05464,S0129,2024-12-10,2,0,Paid
SU08794,B09187,S0118,2026-01-08,1,0,Paid
SU08795,B09902,S0101,2026-04-10,1,0,Paid
SU08796,B09069,S0060,2024-12-23,2,5,Paid
SU08797,B04159,S0040,2025-09-24,4,15,Pending
SU08798,B06408,S0146,2026-08-16,4,15,Paid
SU08799,B06891,S0109,2025-08-19,3,0,Paid
SU08800,B07809,S0020,2024-08-26,1,10,Paid
SU08801,B00944,S0027,2026-03-14,2,10,Paid
SU08802,B07765,S0118,2026-07-26,3,0,Paid
SU08803,B08487,S0056,2025-09-21,3,0,Paid
SU08804,B08036,S0118,2026-07-02,2,0,Paid
SU08805,B08470,S0095,2026-03-21,3,0,Paid
SU08806,B07422,S0037,2024-03-04,1,10,Paid
SU08807,B09793,S0031,2026-04-10,1,10,Paid
SU08808,B00847,S0108,2026-08-24,2,0,Paid
SU08809,B07208,S0102,2026-07-20,3,5,Paid
SU08810,B04066,S0107,2026-03-30,2,0,Paid
SU08811,B07321,S0035,2025-01-10,2,10,Paid
SU08812,B01371,S0113,2025-03-31,2,10,Paid
SU08813,B03956,S0068,2024-11-21,4,10,Paid
SU08814,B04573,S0005,2025-07-12,1,0,Paid
SU08815,B03741,S0023,2026-08-17,1,15,Paid
SU08816,B06661,S0144,2026-03-18,4,0,Paid
SU08817,B04174,S0019,2026-07-31,3,10,Paid
SU08818,B02295,S0059,2026-06-26,4,0,Paid
SU08819,B03182,S0123,2026-08-07,4,5,Paid
SU08820,B01489,S0118,2026-08-22,3,0,Paid
SU08821,B07937,S0023,2024-11-08,1,5,Paid
SU08822,B02549,S0019,2025-02-24,3,10,Paid
SU08823,B07020,S0029,2025-08-18,3,20,Paid
SU08824,B06330,S0098,2024-07-16,1,0,Paid
SU08825,B00781,S0033,2024-04-19,2,10,Paid
SU08826,B00524,S0003,2024-07-27,3,0,Paid
SU08827,B07957,S0063,2026-01-02,2,5,Paid
SU08828,B04166,S0021,2026-03-02,2,5,Pending
SU08829,B02079,S0142,2026-04-05,2,0,Paid
SU08830,B03070,S0092,2024-08-30,1,0,Paid
SU08831,B03490,S0045,2026-08-11,1,10,Paid
SU08832,B00082,S0093,2024-07-09,2,0,Paid
SU08833,B03880,S0087,2025-06-03,5,0,Paid
SU08834,B06438,S0039,2026-07-01,10,0,Paid
SU08835,B05493,S0097,2024-12-01,2,5,Pending
SU08836,B05034,S0063,2026-01-01,2,0,Paid
SU08837,B04244,S0051,2025-11-05,3,0,Paid
SU08838,B00942,S0097,2025-01-28,2,0,Paid
SU08839,B00176,S0011,2024-11-04,4,20,Paid
SU08840,B04851,S0012,2026-03-25,3,5,Paid
SU08841,B07622,S0025,2024-09-02,1,0,Paid
SU08842,B01927,S0123,2026-05-22,5,15,Paid
SU08843,B07416,S0006,2025-11-18,1,5,Paid
SU08844,B03960,S0036,2025-11-18,1,15,Paid
SU08845,B06991,S0112,2026-06-22,3,10,Paid
SU08846,B09571,S0022,2024-10-02,1,0,Paid
SU08847,B05887,S0108,2026-07-14,6,0,Paid
SU08848,B06449,S0065,2026-08-25,4,0,Paid
SU08849,B06593,S0149,2026-07-21,4,0,Pending
SU08850,B06492,S0099,2025-04-17,2,15,Paid
SU08851,B09534,S0141,2025-07-02,2,15,Paid
SU08852,B09078,S0056,2024-12-13,8,5,Paid
SU08853,B01088,S0034,2026-03-21,3,20,Paid
SU08854,B03812,S0001,2025-02-17,3,25,Paid
SU08855,B01467,S0105,2026-04-19,1,10,Paid
SU08856,B05542,S0097,2026-04-03,2,20,Paid
SU08857,B03916,S0063,2024-12-11,2,0,Paid
SU08858,B07574,S0020,2025-01-09,1,0,Paid
SU08859,B09564,S0043,2024-10-11,3,0,Paid
SU08860,B07763,S0098,2026-01-29,3,5,Paid
SU08861,B03370,S0046,2026-04-20,2,0,Paid
SU08862,B01353,S0050,2026-01-13,3,5,Pending
SU08863,B06688,S0009,2026-06-05,1,10,Paid
SU08864,B08362,S0013,2026-07-13,2,5,Paid
SU08865,B08689,S0017,2026-07-02,2,0,Paid
SU08866,B00916,S0115,2026-01-23,5,15,Paid
SU08867,B06930,S0032,2024-04-02,1,0,Paid
SU08868,B05978,S0127,2026-03-26,3,10,Paid
SU08869,B06623,S0049,2025-06-09,1,10,Paid
SU08870,B02615,S0009,2024-03-27,3,5,Paid
SU08871,B06319,S0071,2026-03-03,1,0,Paid
SU08872,B05387,S0081,2026-06-13,1,0,Paid
SU08873,B06279,S0087,2024-08-13,4,0,Paid
SU08874,B02350,S0007,2025-02-19,1,0,Paid
SU08875,B08527,S0106,2026-06-02,5,5,Paid
SU08876,B03998,S0146,2025-08-25,2,10,Pending
SU08877,B03910,S0092,2026-07-03,4,5,Paid
SU08878,B03864,S0068,2026-05-09,3,0,Paid
SU08879,B06951,S0048,2026-02-14,1,0,Paid
SU08880,B09835,S0026,2024-05-18,2,0,Paid
SU08881,B09484,S0030,2024-06-10,2,5,Paid
SU08882,B02621,S0022,2024-03-28,2,5,Complimentary
SU08883,B02705,S0047,2025-10-15,1,20,Paid
SU08884,B04142,S0127,2025-12-09,4,25,Paid
SU08885,B08958,S0007,2026-07-08,1,0,Paid
SU08886,B03513,S0042,2026-08-28,3,20,Paid
SU08887,B03306,S0112,2026-04-28,5,0,Paid
SU08888,B00474,S0069,2025-06-22,1,10,Paid
SU08889,B03363,S0074,2025-03-04,3,0,Paid
SU08890,B08594,S0039,2024-06-16,5,5,Pending
SU08891,B01115,S0029,2026-08-20,5,0,Paid
SU08892,B03959,S0027,2024-05-25,4,15,Paid
SU08893,B08470,S0098,2026-03-22,2,0,Complimentary
SU08894,B04201,S0028,2026-01-26,5,0,Paid
SU08895,B06169,S0017,2026-07-04,4,0,Complimentary
SU08896,B08021,S0027,2025-01-29,3,15,Paid
SU08897,B03208,S0047,2025-11-24,2,5,Pending
SU08898,B09613,S0036,2026-02-23,2,5,Paid
SU08899,B06165,S0086,2026-05-22,3,10,Paid
SU08900,B02904,S0002,2026-04-12,3,5,Paid
SU08901,B08825,S0086,2026-05-28,2,0,Paid
SU08902,B09007,S0098,2026-08-30,1,25,Paid
SU08903,B04764,S0014,2024-09-01,1,10,Paid
SU08904,B06317,S0064,2025-06-30,6,5,Paid
SU08905,B05019,S0009,2026-07-21,3,10,Paid
SU08906,B00021,S0001,2025-05-06,1,10,Paid
SU08907,B09765,S0113,2024-08-10,2,10,Paid
SU08908,B04973,S0050,2024-09-30,2,0,Paid
SU08909,B06579,S0114,2025-09-08,1,20,Paid
SU08910,B03763,S0107,2026-05-19,2,10,Paid
SU08911,B01390,S0106,2026-01-11,4,0,Pending
SU08912,B05637,S0110,2026-06-18,4,0,Paid
SU08913,B02960,S0098,2026-02-21,1,10,Paid
SU08914,B08599,S0093,2025-03-08,2,15,Paid
SU08915,B06389,S0040,2026-07-01,2,5,Pending
SU08916,B06764,S0017,2026-04-16,1,10,Paid
SU08917,B05237,S0089,2024-09-24,2,0,Paid
SU08918,B00232,S0134,2025-05-21,6,5,Paid
SU08919,B03850,S0043,2025-03-21,4,15,Paid
SU08920,B05986,S0095,2025-12-16,2,10,Paid
SU08921,B00988,S0032,2024-12-01,3,10,Paid
SU08922,B01776,S0119,2024-07-03,4,10,Paid
SU08923,B00901,S0084,2024-12-12,1,0,Paid
SU08924,B01235,S0024,2025-06-26,2,0,Paid
SU08925,B03586,S0121,2026-08-24,3,15,Paid
SU08926,B03025,S0054,2024-10-05,1,10,Paid
SU08927,B02710,S0029,2024-04-09,5,10,Paid
SU08928,B02199,S0042,2025-11-23,8,5,Paid
SU08929,B07442,S0089,2026-02-09,2,15,Paid
SU08930,B04477,S0120,2026-08-05,2,15,Paid
SU08931,B00690,S0003,2025-04-22,6,0,Paid
SU08932,B01510,S0058,2025-08-23,1,5,Pending
SU08933,B00651,S0063,2026-01-10,2,5,Paid
SU08934,B09839,S0130,2025-08-14,3,5,Paid
SU08935,B05983,S0101,2025-01-04,3,5,Pending
SU08936,B06735,S0112,2024-09-19,2,10,Paid
SU08937,B09421,S0034,2026-08-28,1,0,Paid
SU08938,B01868,S0097,2026-08-13,2,15,Paid
SU08939,B05506,S0040,2026-04-13,3,15,Paid
SU08940,B08945,S0031,2024-03-18,2,10,Paid
SU08941,B03900,S0129,2024-10-15,1,0,Paid
SU08942,B08880,S0098,2024-10-09,3,5,Paid
SU08943,B01082,S0071,2024-01-26,1,5,Paid
SU08944,B05954,S0033,2026-04-19,3,10,Paid
SU08945,B04102,S0053,2026-07-18,1,5,Paid
SU08946,B04845,S0110,2026-06-12,2,15,Paid
SU08947,B08329,S0058,2025-06-18,1,10,Paid
SU08948,B04555,S0014,2025-11-22,4,10,Paid
SU08949,B07123,S0042,2025-05-20,2,15,Paid
SU08950,B07829,S0030,2025-03-24,1,5,Paid
SU08951,B07668,S0087,2026-07-28,5,0,Pending
SU08952,B03344,S0051,2024-09-25,4,5,Paid
SU08953,B08433,S0053,2024-11-19,1,0,Paid
SU08954,B05249,S0086,2026-06-16,1,25,Paid
SU08955,B06225,S0009,2024-08-05,1,15,Paid
SU08956,B04835,S0007,2025-04-26,1,10,Paid
SU08957,B06518,S0031,2025-03-17,1,10,Paid
SU08958,B01260,S0072,2026-07-07,4,0,Paid
SU08959,B04988,S0115,2026-06-19,2,5,Paid
SU08960,B01531,S0042,2025-12-11,3,15,Paid
SU08961,B07543,S0119,2025-04-15,5,20,Paid
SU08962,B06575,S0025,2025-12-01,4,0,Paid
SU08963,B07852,S0096,2024-06-15,3,5,Paid
SU08964,B07910,S0029,2026-01-18,3,0,Paid
SU08965,B00905,S0100,2025-11-03,2,5,Paid
SU08966,B08483,S0062,2024-06-03,2,0,Paid
SU08967,B08489,S0100,2025-03-15,3,10,Paid
SU08968,B02237,S0048,2026-06-09,1,5,Paid
SU08969,B08600,S0095,2026-02-22,5,15,Paid
SU08970,B02398,S0008,2024-07-29,2,0,Paid
SU08971,B05394,S0022,2026-03-21,1,0,Pending
SU08972,B04492,S0108,2025-12-12,4,0,Paid
SU08973,B02141,S0107,2026-07-01,1,0,Paid
SU08974,B07413,S0021,2026-06-15,2,5,Paid
SU08975,B01596,S0041,2026-03-30,1,15,Complimentary
SU08976,B09187,S0114,2026-01-08,4,5,Paid
SU08977,B05693,S0055,2026-01-12,2,5,Paid
SU08978,B00863,S0147,2025-01-01,4,5,Paid
SU08979,B02574,S0151,2026-08-10,1,0,Paid
SU08980,B02004,S0048,2026-05-02,4,10,Paid
SU08981,B08669,S0096,2024-07-17,2,5,Paid
SU08982,B02006,S0128,2025-09-02,1,20,Paid
SU08983,B06600,S0040,2026-08-28,3,5,Paid
SU08984,B05379,S0008,2025-01-20,2,15,Paid
SU08985,B07041,S0071,2025-03-13,2,0,Paid
SU08986,B02109,S0079,2026-08-27,1,10,Paid
SU08987,B07401,S0120,2026-03-21,4,25,Paid
SU08988,B07496,S0009,2026-02-27,1,0,Paid
SU08989,B05840,S0084,2026-07-14,1,0,Paid
SU08990,B08298,S0004,2025-06-12,2,10,Paid
SU08991,B07300,S0049,2026-06-15,1,5,Paid
SU08992,B09646,S0041,2026-01-18,3,0,Pending
SU08993,B05387,S0082,2026-06-14,1,0,Paid
SU08994,B07420,S0034,2025-12-20,2,20,Paid
SU08995,B05424,S0062,2025-03-14,2,0,Paid
SU08996,B09634,S0039,2025-10-06,5,5,Paid
SU08997,B01400,S0115,2024-02-23,2,5,Paid
SU08998,B05934,S0035,2026-04-26,5,15,Paid
SU08999,B04149,S0003,2026-06-19,6,5,Paid
SU09000,B09666,S0095,2026-03-18,10,0,Paid
SU09001,B03621,S0100,2024-09-28,4,0,Paid
SU09002,B05928,S0036,2026-03-13,1,10,Paid
SU09003,B06638,S0011,2024-08-16,5,0,Paid
SU09004,B06344,S0036,2026-03-19,1,0,Paid
SU09005,B05724,S0008,2024-10-02,3,0,Paid
SU09006,B00988,S0036,2024-12-02,1,0,Paid
SU09007,B02726,S0090,2025-07-02,1,15,Paid
SU09008,B05015,S0140,2025-12-26,1,0,Paid
SU09009,B00531,S0056,2024-06-08,3,0,Paid
SU09010,B03144,S0027,2024-02-03,3,0,Paid
SU09011,B06223,S0121,2026-03-12,2,10,Paid
SU09012,B01616,S0090,2024-03-15,3,0,Paid
SU09013,B03042,S0023,2026-05-19,1,0,Paid
SU09014,B07653,S0092,2026-08-17,1,20,Paid
SU09015,B07649,S0001,2025-06-30,2,10,Paid
SU09016,B05892,S0139,2024-08-18,2,15,Pending
SU09017,B06852,S0069,2026-06-05,1,10,Paid
SU09018,B06597,S0114,2024-08-11,3,10,Paid
SU09019,B06620,S0122,2026-07-19,2,5,Paid
SU09020,B05445,S0119,2025-02-18,4,0,Paid
SU09021,B08320,S0007,2025-03-19,2,15,Complimentary
SU09022,B09775,S0015,2026-03-25,2,10,Paid
SU09023,B03865,S0030,2024-05-09,2,15,Pending
SU09024,B04351,S0005,2025-01-03,3,10,Paid
SU09025,B09196,S0118,2025-08-20,8,10,Paid
SU09026,B06370,S0107,2026-01-29,3,0,Pending
SU09027,B03241,S0047,2026-01-09,1,0,Paid
SU09028,B00277,S0107,2025-07-18,10,0,Paid
SU09029,B08398,S0028,2026-07-03,5,5,Paid
SU09030,B08656,S0107,2024-04-17,5,25,Pending
SU09031,B06434,S0023,2024-03-17,3,0,Paid
SU09032,B03805,S0022,2024-05-23,1,10,Paid
SU09033,B06098,S0041,2024-11-16,1,0,Paid
SU09034,B08375,S0046,2026-04-12,4,0,Paid
SU09035,B02341,S0030,2024-11-25,2,10,Paid
SU09036,B08171,S0110,2026-08-26,1,10,Paid
SU09037,B03574,S0096,2025-11-30,4,5,Paid
SU09038,B03870,S0025,2025-12-27,4,0,Paid
SU09039,B04075,S0042,2026-05-09,10,15,Paid
SU09040,B08752,S0088,2024-07-06,5,0,Paid
SU09041,B08473,S0109,2024-10-06,5,5,Complimentary
SU09042,B03514,S0114,2026-04-04,1,0,Paid
SU09043,B08364,S0062,2026-03-06,1,10,Paid
SU09044,B01670,S0023,2026-05-05,1,0,Paid
SU09045,B03025,S0059,2024-10-08,2,15,Paid
SU09046,B05604,S0048,2025-08-29,3,5,Paid
SU09047,B06904,S0052,2024-01-27,1,0,Paid
SU09048,B04109,S0010,2026-03-14,3,0,Paid
SU09049,B09113,S0041,2026-02-03,2,10,Paid
SU09050,B06095,S0006,2025-04-17,1,10,Paid
SU09051,B04726,S0025,2024-02-01,8,10,Paid
SU09052,B08020,S0111,2024-07-03,1,0,Paid
SU09053,B03349,S0058,2026-08-18,1,5,Paid
SU09054,B02202,S0049,2024-04-22,2,0,Paid
SU09055,B08459,S0089,2024-08-02,3,5,Paid
SU09056,B07784,S0040,2026-05-11,1,0,Paid
SU09057,B09342,S0123,2026-02-28,3,15,Paid
SU09058,B03693,S0035,2025-10-03,6,10,Paid
SU09059,B01036,S0055,2025-09-10,1,20,Paid
SU09060,B06066,S0024,2025-04-25,5,5,Paid
SU09061,B04562,S0045,2024-10-11,1,5,Paid
SU09062,B05586,S0020,2024-08-17,1,20,Paid
SU09063,B07174,S0092,2026-05-27,2,0,Paid
SU09064,B05541,S0003,2026-07-28,2,5,Paid
SU09065,B01157,S0020,2026-07-24,1,5,Paid
SU09066,B08857,S0024,2025-04-27,1,25,Paid
SU09067,B02157,S0093,2025-06-26,8,0,Paid
SU09068,B05025,S0092,2026-04-19,4,0,Paid
SU09069,B03929,S0099,2025-12-14,3,10,Paid
SU09070,B00546,S0052,2025-05-02,1,10,Paid
SU09071,B06276,S0086,2024-06-24,1,0,Paid
SU09072,B01898,S0038,2025-11-08,2,15,Paid
SU09073,B02558,S0092,2024-09-27,2,0,Paid
SU09074,B08099,S0027,2026-03-27,1,10,Paid
SU09075,B04473,S0093,2024-10-29,6,0,Paid
SU09076,B02451,S0075,2024-11-06,2,0,Paid
SU09077,B07407,S0088,2025-12-21,1,0,Paid
SU09078,B09351,S0034,2025-05-13,4,5,Paid
SU09079,B00694,S0022,2026-08-22,1,15,Paid
SU09080,B02171,S0029,2025-03-01,3,0,Paid
SU09081,B00686,S0027,2026-04-05,2,5,Paid
SU09082,B05526,S0058,2025-12-20,1,5,Paid
SU09083,B03379,S0002,2024-10-16,2,10,Paid
SU09084,B02804,S0025,2026-04-09,5,0,Paid
SU09085,B06409,S0002,2025-11-14,5,10,Paid
SU09086,B02939,S0132,2025-05-09,1,5,Paid
SU09087,B01985,S0010,2024-03-17,1,15,Paid
SU09088,B09359,S0049,2024-05-21,1,5,Paid
SU09089,B00616,S0046,2026-05-22,2,10,Paid
SU09090,B06666,S0025,2025-08-12,1,0,Paid
SU09091,B08798,S0073,2025-04-09,2,20,Pending
SU09092,B02053,S0030,2024-03-10,1,10,Paid
SU09093,B09787,S0025,2026-03-24,5,5,Paid
SU09094,B00495,S0008,2026-02-19,2,0,Complimentary
SU09095,B01859,S0056,2025-04-17,1,10,Paid
SU09096,B04981,S0031,2026-06-09,2,10,Paid
SU09097,B03240,S0102,2025-11-30,2,0,Paid
SU09098,B04452,S0076,2024-06-19,1,0,Paid
SU09099,B04029,S0022,2026-02-03,1,0,Paid
SU09100,B08158,S0001,2025-01-29,4,0,Paid
SU09101,B01921,S0031,2025-02-04,1,10,Paid
SU09102,B05593,S0028,2026-08-21,2,10,Paid
SU09103,B00647,S0003,2026-07-12,2,0,Paid
SU09104,B06295,S0057,2026-08-22,1,25,Paid
SU09105,B02403,S0118,2026-07-06,8,0,Paid
SU09106,B08191,S0116,2025-10-11,2,15,Paid
SU09107,B07069,S0106,2026-04-04,4,5,Paid
SU09108,B03863,S0025,2025-10-13,1,0,Paid
SU09109,B04569,S0035,2026-08-01,3,0,Paid
SU09110,B07717,S0036,2026-04-22,3,10,Paid
SU09111,B09844,S0037,2025-02-03,4,15,Paid
SU09112,B00175,S0006,2025-03-30,4,20,Paid
SU09113,B03522,S0094,2025-07-24,3,5,Paid
SU09114,B06823,S0114,2026-06-20,2,10,Paid
SU09115,B00507,S0002,2026-08-26,4,20,Pending
SU09116,B00345,S0037,2026-08-28,2,5,Paid
SU09117,B02158,S0107,2026-03-08,2,0,Paid
SU09118,B01114,S0108,2026-07-08,4,10,Paid
SU09119,B09384,S0037,2025-12-21,2,5,Paid
SU09120,B02433,S0104,2025-11-03,2,5,Paid
SU09121,B01499,S0007,2026-08-20,2,0,Paid
SU09122,B09337,S0052,2026-02-09,1,15,Paid
SU09123,B03355,S0124,2026-08-15,1,5,Paid
SU09124,B00712,S0071,2025-11-17,1,0,Paid
SU09125,B04646,S0067,2026-02-23,1,0,Paid
SU09126,B07256,S0048,2026-06-17,4,0,Paid
SU09127,B06655,S0118,2026-01-04,3,5,Paid
SU09128,B06908,S0027,2026-03-11,2,15,Paid
SU09129,B03325,S0028,2025-09-05,2,10,Paid
SU09130,B08479,S0063,2026-02-17,2,20,Paid
SU09131,B06140,S0028,2026-08-28,2,15,Paid
SU09132,B07166,S0066,2026-08-18,1,10,Paid
SU09133,B01889,S0131,2024-12-05,4,20,Paid
SU09134,B03772,S0149,2026-08-17,2,15,Pending
SU09135,B00037,S0146,2024-12-31,4,15,Paid
SU09136,B09990,S0127,2026-07-14,1,5,Paid
SU09137,B05203,S0006,2025-12-14,2,10,Paid
SU09138,B08267,S0023,2024-03-26,1,10,Paid
SU09139,B06038,S0020,2024-10-26,1,10,Paid
SU09140,B09710,S0115,2026-04-18,6,0,Paid
SU09141,B04070,S0104,2026-05-05,1,15,Pending
SU09142,B00339,S0035,2025-12-20,8,0,Paid
SU09143,B09706,S0100,2026-07-14,4,5,Paid
SU09144,B07925,S0096,2026-06-21,1,5,Paid
SU09145,B03115,S0102,2026-03-30,5,20,Paid
SU09146,B03490,S0048,2026-08-05,4,0,Paid
SU09147,B09700,S0043,2025-12-06,5,10,Paid
SU09148,B06806,S0033,2025-11-23,2,0,Complimentary
SU09149,B03171,S0028,2025-12-21,2,10,Paid
SU09150,B02701,S0054,2026-08-16,2,0,Paid
SU09151,B06755,S0066,2025-04-30,1,0,Paid
SU09152,B05869,S0022,2026-05-19,2,20,Paid
SU09153,B01587,S0086,2024-07-08,4,0,Paid
SU09154,B02492,S0090,2024-01-04,6,5,Paid
SU09155,B02823,S0073,2025-01-28,1,0,Paid
SU09156,B09672,S0039,2024-12-25,1,10,Paid
SU09157,B03366,S0027,2025-12-28,4,5,Paid
SU09158,B08781,S0033,2026-02-27,1,10,Paid
SU09159,B02636,S0071,2025-12-31,1,10,Paid
SU09160,B00700,S0003,2025-07-27,10,0,Paid
SU09161,B07937,S0026,2024-11-08,10,15,Paid
SU09162,B05413,S0074,2024-10-28,4,5,Paid
SU09163,B09521,S0008,2026-03-04,1,0,Paid
SU09164,B07123,S0043,2025-05-20,4,5,Paid
SU09165,B04696,S0066,2024-03-25,3,0,Paid
SU09166,B04444,S0114,2024-04-23,3,5,Paid
SU09167,B06470,S0002,2025-10-10,4,10,Paid
SU09168,B09446,S0048,2025-01-11,3,10,Paid
SU09169,B07422,S0039,2024-03-04,10,5,Paid
SU09170,B03997,S0146,2024-12-06,5,15,Paid
SU09171,B08684,S0092,2026-04-13,5,5,Paid
SU09172,B09097,S0051,2025-10-22,5,10,Paid
SU09173,B02789,S0023,2024-02-27,1,10,Paid
SU09174,B09645,S0036,2025-11-05,1,0,Paid
SU09175,B05390,S0035,2024-05-01,5,5,Paid
SU09176,B05924,S0127,2025-06-06,3,25,Paid
SU09177,B02005,S0082,2026-06-23,2,5,Paid
SU09178,B09106,S0095,2025-07-22,4,0,Paid
SU09179,B07167,S0061,2024-04-28,2,10,Pending
SU09180,B01160,S0101,2025-12-31,3,5,Pending
SU09181,B09464,S0058,2024-11-02,2,5,Paid
SU09182,B03529,S0029,2026-07-20,2,10,Paid
SU09183,B00560,S0032,2024-05-06,4,25,Paid
SU09184,B02946,S0147,2026-07-14,8,0,Paid
SU09185,B06110,S0009,2025-11-24,1,15,Paid
SU09186,B02378,S0057,2024-01-08,3,5,Paid
SU09187,B02343,S0105,2025-09-21,2,15,Paid
SU09188,B05724,S0001,2024-10-04,2,5,Paid
SU09189,B03171,S0022,2025-12-22,2,10,Paid
SU09190,B04190,S0004,2025-03-15,1,15,Paid
SU09191,B01812,S0038,2025-06-10,1,0,Paid
SU09192,B07843,S0132,2026-02-18,1,0,Paid
SU09193,B05372,S0015,2025-06-21,2,10,Paid
SU09194,B09293,S0122,2026-01-27,3,20,Paid
SU09195,B01450,S0124,2026-07-19,1,0,Pending
SU09196,B04453,S0149,2026-04-17,5,10,Paid
SU09197,B05513,S0094,2024-12-04,1,0,Paid
SU09198,B07935,S0030,2026-08-04,2,0,Paid
SU09199,B06823,S0118,2026-06-20,4,0,Paid
SU09200,B06821,S0035,2026-05-10,10,5,Pending
SU09201,B06353,S0026,2026-02-19,10,15,Paid
SU09202,B04179,S0142,2026-03-03,2,5,Pending
SU09203,B05022,S0101,2024-04-06,1,0,Pending
SU09204,B06869,S0100,2024-02-08,3,0,Paid
SU09205,B08092,S0124,2026-08-12,3,5,Paid
SU09206,B04114,S0027,2024-02-26,2,0,Paid
SU09207,B02943,S0003,2026-01-03,1,5,Paid
SU09208,B07977,S0002,2026-05-05,1,5,Paid
SU09209,B07875,S0022,2026-05-01,2,5,Paid
SU09210,B03006,S0116,2026-06-15,3,5,Paid
SU09211,B09560,S0021,2025-11-13,1,10,Paid
SU09212,B09763,S0014,2024-11-14,4,25,Paid
SU09213,B01726,S0053,2025-12-11,1,5,Paid
SU09214,B06796,S0117,2025-03-15,2,0,Paid
SU09215,B02695,S0024,2024-10-06,5,5,Paid
SU09216,B07994,S0003,2026-08-08,2,5,Paid
SU09217,B06392,S0108,2026-05-24,2,5,Paid
SU09218,B02599,S0121,2026-03-02,4,25,Paid
SU09219,B07884,S0117,2025-11-19,3,0,Paid
SU09220,B03463,S0151,2025-10-12,2,20,Paid
SU09221,B08366,S0033,2026-08-23,2,25,Pending
SU09222,B07173,S0148,2026-02-14,2,10,Paid
SU09223,B09734,S0139,2026-08-19,5,0,Paid
SU09224,B02469,S0145,2026-08-26,2,0,Paid
SU09225,B05992,S0109,2024-12-30,3,10,Paid
SU09226,B02678,S0072,2025-05-11,6,10,Paid
SU09227,B01158,S0055,2025-06-08,1,0,Paid
SU09228,B05159,S0042,2026-08-24,1,5,Paid
SU09229,B08562,S0116,2025-04-21,1,5,Paid
SU09230,B06023,S0064,2025-07-17,3,0,Paid
SU09231,B06567,S0013,2025-07-13,5,0,Paid
SU09232,B02590,S0013,2026-04-12,1,25,Paid
SU09233,B05212,S0140,2026-01-09,1,10,Paid
SU09234,B01082,S0074,2024-01-26,4,15,Paid
SU09235,B01686,S0096,2026-01-31,3,0,Paid
SU09236,B04064,S0131,2024-02-18,1,15,Paid
SU09237,B08517,S0003,2025-05-27,5,5,Paid
SU09238,B02409,S0042,2026-06-11,8,0,Paid
SU09239,B07480,S0030,2026-01-11,1,5,Paid
SU09240,B08800,S0110,2026-02-23,3,10,Paid
SU09241,B01351,S0110,2025-11-29,3,10,Paid
SU09242,B01310,S0029,2026-08-17,4,20,Paid
SU09243,B08898,S0038,2026-08-06,1,10,Paid
SU09244,B04959,S0032,2024-04-05,2,5,Paid
SU09245,B02481,S0053,2025-04-07,1,0,Paid
SU09246,B03577,S0020,2026-08-12,2,0,Paid
SU09247,B07436,S0115,2026-01-14,4,0,Paid
SU09248,B05229,S0139,2026-05-17,4,15,Paid
SU09249,B09756,S0020,2025-07-23,1,5,Paid
SU09250,B09107,S0099,2025-04-26,3,0,Paid
SU09251,B09649,S0044,2025-09-10,3,0,Paid
SU09252,B00862,S0116,2025-06-28,2,5,Paid
SU09253,B02023,S0110,2026-05-23,6,5,Paid
SU09254,B09470,S0020,2026-07-09,1,0,Paid
SU09255,B03855,S0106,2024-11-02,4,5,Paid
SU09256,B06095,S0009,2025-04-18,1,10,Paid
SU09257,B07073,S0011,2024-06-07,2,5,Complimentary
SU09258,B06932,S0091,2025-12-30,1,0,Paid
SU09259,B07560,S0033,2026-07-03,1,5,Paid
SU09260,B02831,S0118,2024-11-28,3,10,Paid
SU09261,B00731,S0127,2026-04-24,2,5,Paid
SU09262,B07397,S0035,2024-02-22,5,10,Paid
SU09263,B06138,S0108,2025-10-28,4,5,Paid
SU09264,B06446,S0043,2026-03-31,3,10,Paid
SU09265,B06852,S0074,2026-06-05,3,0,Paid
SU09266,B03384,S0044,2025-02-27,2,5,Paid
SU09267,B09210,S0148,2025-09-15,8,0,Paid
SU09268,B02056,S0135,2025-04-16,3,0,Paid
SU09269,B08644,S0028,2025-11-13,5,5,Paid
SU09270,B00353,S0090,2025-09-02,1,0,Paid
SU09271,B06098,S0037,2024-11-17,1,10,Paid
SU09272,B02426,S0086,2025-01-11,3,0,Paid
SU09273,B09737,S0105,2024-04-15,1,0,Paid
SU09274,B09484,S0022,2024-06-10,1,0,Paid
SU09275,B01116,S0031,2026-07-07,1,15,Paid
SU09276,B00971,S0056,2026-07-25,5,10,Paid
SU09277,B09813,S0002,2026-03-26,2,0,Paid
SU09278,B00385,S0015,2026-01-22,1,0,Paid
SU09279,B07859,S0099,2026-01-20,1,0,Paid
SU09280,B07915,S0006,2025-09-28,5,0,Paid
SU09281,B09856,S0047,2025-01-29,2,0,Paid
SU09282,B01878,S0116,2025-01-23,2,5,Paid
SU09283,B02533,S0097,2025-09-03,2,0,Paid
SU09284,B00113,S0112,2026-07-12,3,0,Paid
SU09285,B05553,S0097,2026-07-16,4,0,Paid
SU09286,B07307,S0115,2025-07-04,3,5,Paid
SU09287,B02670,S0055,2025-04-03,1,0,Paid
SU09288,B05586,S0017,2024-08-16,4,20,Paid
SU09289,B02613,S0022,2026-03-06,3,10,Paid
SU09290,B07219,S0066,2026-06-03,1,5,Paid
SU09291,B02210,S0094,2026-06-15,2,10,Paid
SU09292,B04318,S0021,2026-06-02,3,0,Paid
SU09293,B04180,S0092,2026-05-08,4,0,Paid
SU09294,B02736,S0034,2026-06-18,1,0,Paid
SU09295,B02947,S0110,2026-08-28,3,5,Paid
SU09296,B09616,S0095,2026-07-14,1,0,Paid
SU09297,B04003,S0026,2025-11-27,2,5,Paid
SU09298,B09027,S0035,2025-02-01,3,0,Paid
SU09299,B01669,S0120,2025-02-12,3,5,Paid
SU09300,B07520,S0115,2025-05-12,1,10,Paid
SU09301,B02618,S0028,2026-01-31,1,5,Paid
SU09302,B06492,S0101,2025-04-18,3,10,Paid
SU09303,B03078,S0147,2026-04-19,3,0,Paid
SU09304,B03249,S0048,2026-02-14,3,15,Paid
SU09305,B00586,S0116,2026-05-11,1,0,Paid
SU09306,B07731,S0037,2026-02-06,3,5,Paid
SU09307,B04798,S0100,2024-07-29,4,5,Paid
SU09308,B02294,S0053,2026-03-07,1,0,Paid
SU09309,B09129,S0023,2024-11-07,1,5,Paid
SU09310,B03343,S0095,2025-06-09,1,5,Paid
SU09311,B01178,S0060,2025-09-12,6,10,Paid
SU09312,B06891,S0110,2025-08-19,2,0,Paid
SU09313,B03561,S0109,2026-02-28,1,10,Paid
SU09314,B09278,S0095,2025-03-15,2,5,Paid
SU09315,B08229,S0127,2025-07-24,2,0,Paid
SU09316,B03739,S0029,2026-08-24,3,5,Paid
SU09317,B00155,S0102,2025-05-21,5,5,Paid
SU09318,B07463,S0018,2025-02-26,3,10,Pending
SU09319,B02299,S0010,2024-12-19,4,5,Paid
SU09320,B02744,S0035,2026-02-17,8,0,Paid
SU09321,B04830,S0112,2026-08-19,5,25,Pending
SU09322,B08475,S0045,2025-09-14,2,5,Paid
SU09323,B03807,S0082,2026-07-18,3,0,Pending
SU09324,B07886,S0131,2026-06-01,3,5,Complimentary
SU09325,B04486,S0065,2025-03-15,4,0,Paid
SU09326,B07428,S0112,2026-07-14,3,0,Paid
SU09327,B02105,S0107,2026-07-19,5,15,Paid
SU09328,B04490,S0002,2024-10-13,4,20,Complimentary
SU09329,B05234,S0040,2026-05-24,5,0,Paid
SU09330,B01925,S0150,2026-08-07,1,25,Paid
SU09331,B02459,S0087,2025-05-30,5,10,Paid
SU09332,B04317,S0104,2025-10-21,4,0,Paid
SU09333,B06778,S0006,2026-06-13,4,0,Paid
SU09334,B02205,S0052,2024-07-13,2,20,Paid
SU09335,B00377,S0025,2025-03-12,2,5,Paid
SU09336,B07844,S0053,2026-04-22,1,0,Paid
SU09337,B07318,S0090,2025-06-29,4,0,Paid
SU09338,B01652,S0108,2026-07-09,5,0,Paid
SU09339,B01927,S0125,2026-05-22,1,0,Paid
SU09340,B07256,S0051,2026-06-18,5,15,Paid
SU09341,B09241,S0006,2025-02-21,2,0,Paid
SU09342,B07454,S0121,2026-01-02,4,0,Paid
SU09343,B03222,S0044,2025-11-11,1,0,Paid
SU09344,B08122,S0100,2026-06-27,4,5,Paid
SU09345,B07945,S0036,2026-07-31,2,0,Paid
SU09346,B03265,S0119,2024-11-14,4,20,Paid
SU09347,B00124,S0016,2024-02-18,4,0,Paid
SU09348,B09804,S0038,2026-07-11,2,5,Paid
SU09349,B06606,S0123,2026-07-17,2,10,Paid
SU09350,B03797,S0126,2024-09-12,2,10,Paid
SU09351,B02474,S0006,2025-10-13,5,15,Paid
SU09352,B04270,S0054,2024-01-29,3,20,Paid
SU09353,B04451,S0110,2025-11-02,4,10,Pending
SU09354,B04143,S0041,2024-02-05,1,0,Paid
SU09355,B05781,S0043,2025-10-15,1,15,Paid
SU09356,B09485,S0001,2024-03-12,5,0,Paid
SU09357,B04936,S0060,2026-03-29,3,0,Paid
SU09358,B06851,S0032,2025-04-18,5,0,Paid
SU09359,B03580,S0060,2026-05-22,6,5,Paid
SU09360,B09787,S0022,2026-03-27,2,0,Paid
SU09361,B04475,S0041,2026-02-16,3,10,Paid
SU09362,B00485,S0077,2025-04-09,5,0,Pending
SU09363,B00180,S0045,2026-03-22,3,0,Paid
SU09364,B01894,S0061,2025-02-12,4,15,Paid
SU09365,B08958,S0002,2026-07-09,4,0,Paid
SU09366,B02998,S0131,2025-07-04,2,5,Paid
SU09367,B09487,S0069,2024-03-27,1,5,Paid
SU09368,B00593,S0007,2026-05-02,1,5,Paid
SU09369,B08261,S0022,2026-05-14,2,0,Paid
SU09370,B01096,S0018,2024-10-28,3,10,Paid
SU09371,B05756,S0032,2026-07-05,5,0,Paid
SU09372,B05058,S0014,2025-10-27,1,5,Pending
SU09373,B01003,S0017,2024-08-21,2,10,Paid
SU09374,B03052,S0049,2024-05-27,1,25,Paid
SU09375,B06927,S0148,2026-08-05,3,0,Paid
SU09376,B05929,S0037,2025-03-11,3,10,Paid
SU09377,B08850,S0065,2026-03-09,6,10,Paid
SU09378,B09129,S0030,2024-11-10,2,10,Paid
SU09379,B00864,S0036,2025-03-19,2,10,Paid
SU09380,B06715,S0048,2026-06-30,4,5,Paid
SU09381,B07663,S0137,2025-06-12,1,25,Pending
SU09382,B01212,S0046,2026-06-29,2,0,Paid
SU09383,B03371,S0116,2026-03-10,1,15,Paid
SU09384,B04696,S0062,2024-03-23,2,0,Paid
SU09385,B02617,S0049,2025-09-17,2,10,Paid
SU09386,B05137,S0037,2025-05-13,1,5,Paid
SU09387,B00075,S0087,2025-11-08,5,5,Paid
SU09388,B02474,S0003,2025-10-14,3,0,Paid
SU09389,B07896,S0098,2024-10-22,1,5,Paid
SU09390,B08789,S0126,2025-02-06,3,15,Paid
SU09391,B02609,S0151,2024-04-30,1,5,Paid
SU09392,B06464,S0108,2025-08-18,3,10,Paid
SU09393,B04076,S0023,2026-06-24,3,0,Paid
SU09394,B01477,S0110,2025-12-11,4,0,Paid
SU09395,B05509,S0025,2024-06-02,2,0,Paid
SU09396,B04033,S0110,2026-07-10,3,15,Paid
SU09397,B01307,S0026,2024-06-24,4,5,Paid
SU09398,B08794,S0097,2026-08-23,2,0,Paid
SU09399,B00621,S0047,2026-05-18,1,0,Paid
SU09400,B01441,S0006,2025-12-09,2,10,Paid
SU09401,B03025,S0057,2024-10-06,6,5,Paid
SU09402,B03582,S0110,2025-11-11,2,10,Paid
SU09403,B00164,S0091,2025-12-19,2,10,Paid
SU09404,B01003,S0014,2024-08-19,5,10,Paid
SU09405,B02058,S0117,2026-01-30,4,15,Paid
SU09406,B06170,S0025,2024-07-15,1,10,Paid
SU09407,B01025,S0030,2026-02-21,1,15,Pending
SU09408,B02176,S0112,2026-07-02,5,10,Paid
SU09409,B07747,S0041,2025-09-11,3,10,Paid
SU09410,B09582,S0063,2025-05-11,2,5,Paid
SU09411,B00524,S0002,2024-07-28,5,10,Paid
SU09412,B03948,S0028,2025-11-05,3,5,Paid
SU09413,B02164,S0118,2025-01-14,1,25,Paid
SU09414,B02223,S0007,2026-08-25,3,20,Paid
SU09415,B08312,S0050,2025-02-20,3,10,Paid
SU09416,B01602,S0048,2026-02-19,3,5,Paid
SU09417,B08879,S0022,2026-08-24,1,5,Paid
SU09418,B06801,S0023,2026-02-28,1,20,Paid
SU09419,B00277,S0113,2025-07-18,2,0,Paid
SU09420,B01637,S0092,2026-05-04,2,5,Paid
SU09421,B01415,S0109,2025-06-01,6,0,Paid
SU09422,B05735,S0072,2026-07-08,4,15,Paid
SU09423,B06292,S0062,2026-08-09,1,5,Paid
SU09424,B08374,S0108,2025-05-04,4,0,Pending
SU09425,B03928,S0046,2025-04-24,3,0,Paid
SU09426,B08329,S0056,2025-06-17,3,0,Pending
SU09427,B03559,S0065,2026-07-19,3,0,Paid
SU09428,B05599,S0058,2026-05-10,1,5,Paid
SU09429,B06618,S0089,2024-08-29,1,0,Paid
SU09430,B08714,S0023,2025-11-06,3,15,Paid
SU09431,B06343,S0146,2025-05-01,4,0,Paid
SU09432,B02034,S0021,2026-08-18,1,10,Paid
SU09433,B02109,S0079,2026-08-27,8,0,Paid
SU09434,B08533,S0054,2026-08-18,2,25,Paid
SU09435,B01758,S0032,2026-04-15,3,0,Paid
SU09436,B03435,S0030,2025-02-04,2,5,Complimentary
SU09437,B06815,S0127,2026-08-20,1,15,Paid
SU09438,B00258,S0099,2026-08-22,1,15,Paid
SU09439,B07215,S0030,2026-08-30,2,5,Paid
SU09440,B01129,S0094,2026-06-20,2,0,Paid
SU09441,B05905,S0103,2025-04-16,4,5,Pending
SU09442,B03678,S0092,2026-07-27,3,0,Paid
SU09443,B06967,S0146,2025-11-06,5,10,Paid
SU09444,B08534,S0028,2026-03-24,2,0,Paid
SU09445,B07842,S0109,2024-10-08,1,10,Paid
SU09446,B06245,S0069,2026-05-31,1,0,Paid
SU09447,B04210,S0068,2024-04-26,4,5,Paid
SU09448,B08120,S0062,2026-04-21,2,0,Paid
SU09449,B06316,S0093,2024-06-27,4,10,Paid
SU09450,B07635,S0027,2026-02-03,2,5,Paid
SU09451,B02439,S0142,2025-06-11,2,10,Paid
SU09452,B09081,S0139,2025-06-25,5,15,Paid
SU09453,B02149,S0002,2026-08-26,2,10,Paid
SU09454,B02290,S0037,2025-07-30,3,5,Pending
SU09455,B07892,S0039,2026-08-27,1,10,Pending
SU09456,B09650,S0089,2026-04-17,1,5,Paid
SU09457,B08121,S0144,2026-04-24,1,5,Paid
SU09458,B01699,S0092,2025-05-03,2,0,Paid
SU09459,B02812,S0019,2026-05-26,1,0,Paid
SU09460,B09301,S0020,2026-06-15,2,25,Paid
SU09461,B02419,S0052,2024-04-22,1,10,Paid
SU09462,B08784,S0082,2025-12-02,4,10,Pending
SU09463,B02209,S0005,2025-10-09,2,10,Paid
SU09464,B09710,S0115,2026-04-18,2,15,Paid
SU09465,B00181,S0118,2024-10-24,2,0,Pending
SU09466,B03846,S0042,2025-10-25,2,5,Paid
SU09467,B08870,S0049,2026-05-26,3,0,Paid
SU09468,B07857,S0091,2025-06-19,1,5,Paid
SU09469,B06195,S0071,2024-11-19,3,0,Paid
SU09470,B07041,S0069,2025-03-13,2,15,Paid
SU09471,B04263,S0106,2025-02-25,1,5,Paid
SU09472,B02153,S0066,2026-08-04,2,0,Pending
SU09473,B04705,S0125,2026-04-09,3,5,Paid
SU09474,B00793,S0027,2026-04-19,1,10,Paid
SU09475,B09678,S0053,2024-12-14,1,5,Paid
SU09476,B07724,S0100,2024-03-23,1,0,Paid
SU09477,B00152,S0095,2025-02-26,1,10,Paid
SU09478,B01091,S0117,2025-07-16,5,10,Paid
SU09479,B01439,S0036,2024-06-23,1,0,Paid
SU09480,B04635,S0093,2025-03-01,6,15,Paid
SU09481,B00846,S0013,2025-12-24,4,10,Paid
SU09482,B09497,S0148,2025-12-02,3,10,Paid
SU09483,B03631,S0051,2024-10-04,4,10,Paid
SU09484,B09701,S0144,2026-02-07,1,5,Complimentary
SU09485,B08412,S0126,2025-02-19,1,5,Paid
SU09486,B07840,S0033,2026-04-05,1,0,Paid
SU09487,B01622,S0089,2026-05-13,2,10,Paid
SU09488,B03257,S0123,2024-10-31,4,10,Pending
SU09489,B01091,S0115,2025-07-15,4,5,Paid
SU09490,B05614,S0004,2025-09-21,1,0,Paid
SU09491,B06027,S0135,2025-10-27,3,0,Pending
SU09492,B08496,S0099,2026-07-18,3,10,Paid
SU09493,B08582,S0109,2026-08-27,4,20,Paid
SU09494,B08585,S0008,2024-11-20,1,0,Paid
SU09495,B02844,S0021,2024-07-22,1,5,Paid
SU09496,B04963,S0022,2026-06-29,1,10,Paid
SU09497,B01685,S0038,2026-05-23,2,0,Paid
SU09498,B09347,S0121,2024-10-03,1,5,Paid
SU09499,B09918,S0114,2026-04-15,6,15,Paid
SU09500,B08572,S0109,2025-05-15,4,5,Pending
SU09501,B05481,S0103,2025-11-28,2,5,Paid
SU09502,B00727,S0115,2026-08-07,5,10,Paid
SU09503,B03075,S0124,2024-08-12,1,5,Paid
SU09504,B00014,S0148,2024-08-05,3,10,Paid
SU09505,B00181,S0116,2024-10-24,2,10,Paid
SU09506,B03639,S0030,2025-09-27,1,0,Paid
SU09507,B03718,S0007,2026-01-07,3,5,Pending
SU09508,B07340,S0123,2024-03-02,3,5,Paid
SU09509,B09637,S0049,2026-02-14,2,0,Paid
SU09510,B01601,S0043,2025-02-10,4,5,Paid
SU09511,B05460,S0060,2024-10-18,4,5,Paid
SU09512,B03472,S0023,2026-06-03,1,0,Paid
SU09513,B09515,S0052,2024-10-22,3,0,Paid
SU09514,B02103,S0095,2026-01-24,4,0,Paid
SU09515,B01200,S0151,2024-05-02,2,5,Paid
SU09516,B09462,S0003,2026-06-23,8,5,Paid
SU09517,B01667,S0108,2025-06-12,4,5,Paid
SU09518,B04443,S0007,2026-01-01,1,10,Paid
SU09519,B04673,S0029,2026-02-22,3,0,Paid
SU09520,B07956,S0148,2025-05-01,1,15,Paid
SU09521,B02439,S0142,2025-06-07,4,10,Paid
SU09522,B01549,S0068,2024-09-17,4,0,Paid
SU09523,B05322,S0023,2024-10-21,2,5,Paid
SU09524,B03621,S0100,2024-09-28,1,0,Paid
SU09525,B03209,S0046,2026-05-24,2,5,Paid
SU09526,B00616,S0045,2026-05-23,1,5,Complimentary
SU09527,B08739,S0014,2026-08-28,8,0,Paid
SU09528,B03192,S0010,2024-02-29,4,0,Paid
SU09529,B04202,S0037,2025-01-23,2,15,Paid
SU09530,B09863,S0145,2026-05-15,1,20,Paid
SU09531,B04642,S0135,2025-04-28,4,5,Paid
SU09532,B03232,S0044,2025-10-19,1,0,Paid
SU09533,B07909,S0040,2024-03-01,4,10,Paid
SU09534,B09522,S0014,2026-07-29,2,0,Paid
SU09535,B06667,S0030,2026-04-30,1,10,Paid
SU09536,B07840,S0040,2026-04-04,3,0,Paid
SU09537,B05460,S0057,2024-10-17,2,0,Paid
SU09538,B02271,S0061,2026-08-09,4,5,Paid
SU09539,B02679,S0058,2026-08-25,3,0,Paid
SU09540,B02706,S0137,2026-07-24,1,20,Paid
SU09541,B04136,S0089,2026-05-16,1,0,Paid
SU09542,B04424,S0143,2024-10-31,2,10,Pending
SU09543,B01033,S0054,2025-12-06,3,10,Paid
SU09544,B09843,S0048,2024-03-13,6,25,Paid
SU09545,B03893,S0097,2024-12-26,2,5,Pending
SU09546,B03432,S0032,2024-07-26,2,15,Paid
SU09547,B04004,S0072,2024-03-19,3,5,Paid
SU09548,B02071,S0037,2026-02-04,3,5,Paid
SU09549,B08237,S0057,2025-11-21,4,10,Paid
SU09550,B05811,S0004,2025-09-26,2,10,Paid
SU09551,B03173,S0052,2025-10-02,1,5,Paid
SU09552,B03204,S0058,2026-05-17,1,0,Paid
SU09553,B03406,S0029,2026-03-03,3,15,Pending
SU09554,B06017,S0114,2025-10-22,3,0,Paid
SU09555,B07348,S0008,2026-05-31,1,5,Paid
SU09556,B05765,S0115,2025-08-08,1,0,Pending
SU09557,B02605,S0131,2025-11-18,4,10,Paid
SU09558,B02753,S0027,2026-01-09,2,0,Pending
SU09559,B06874,S0101,2024-03-26,5,10,Paid
SU09560,B03249,S0046,2026-02-15,3,5,Paid
SU09561,B05172,S0150,2026-02-15,1,10,Paid
SU09562,B02705,S0051,2025-10-15,4,5,Paid
SU09563,B05328,S0045,2025-02-05,2,5,Paid
SU09564,B08823,S0074,2026-02-12,4,20,Paid
SU09565,B07826,S0035,2026-04-21,10,5,Paid
SU09566,B07799,S0017,2024-10-09,4,10,Paid
SU09567,B09144,S0038,2024-10-10,1,5,Paid
SU09568,B01988,S0110,2026-04-25,4,10,Paid
SU09569,B05657,S0095,2025-10-05,4,5,Paid
SU09570,B05843,S0141,2026-02-02,1,0,Paid
SU09571,B07580,S0031,2024-12-04,1,5,Paid
SU09572,B00942,S0098,2025-01-28,1,0,Paid
SU09573,B02886,S0033,2024-10-17,1,5,Paid
SU09574,B09299,S0081,2026-02-16,2,5,Paid
SU09575,B01247,S0150,2025-11-30,1,5,Paid
SU09576,B06624,S0112,2026-04-08,2,10,Paid
SU09577,B09363,S0117,2024-12-25,10,0,Paid
SU09578,B00903,S0036,2026-06-24,2,10,Paid
SU09579,B06145,S0014,2026-04-12,5,0,Paid
SU09580,B02495,S0045,2026-01-20,1,15,Paid
SU09581,B04800,S0022,2026-05-17,2,0,Paid
SU09582,B08969,S0138,2025-08-18,1,0,Paid
SU09583,B08449,S0019,2026-04-03,2,0,Pending
SU09584,B00874,S0009,2025-11-16,1,25,Paid
SU09585,B08417,S0028,2025-10-20,2,15,Paid
SU09586,B03034,S0052,2026-01-13,1,10,Paid
SU09587,B09529,S0116,2026-01-04,1,10,Paid
SU09588,B05310,S0022,2025-05-13,1,20,Paid
SU09589,B02213,S0116,2025-06-06,1,0,Paid
SU09590,B01301,S0035,2025-08-21,1,25,Paid
SU09591,B02644,S0025,2025-10-26,4,0,Paid
SU09592,B06353,S0030,2026-02-20,1,25,Paid
SU09593,B02025,S0038,2026-08-13,3,5,Paid
SU09594,B05082,S0090,2026-03-02,2,5,Paid
SU09595,B02313,S0024,2025-04-25,2,5,Paid
SU09596,B02790,S0150,2025-05-06,2,15,Pending
SU09597,B02452,S0026,2024-07-13,2,10,Paid
SU09598,B01947,S0033,2026-03-16,2,5,Pending
SU09599,B06386,S0010,2026-07-14,2,10,Paid
SU09600,B09463,S0150,2024-04-10,2,5,Paid
SU09601,B09489,S0144,2026-01-15,2,0,Paid
SU09602,B06218,S0112,2025-10-31,4,0,Paid
SU09603,B07826,S0037,2026-04-20,4,0,Paid
SU09604,B00874,S0006,2025-11-16,1,5,Paid
SU09605,B03669,S0067,2024-11-02,3,15,Paid
SU09606,B08433,S0060,2024-11-18,1,0,Paid
SU09607,B06962,S0043,2024-12-06,2,5,Paid
SU09608,B08125,S0102,2026-08-14,3,5,Paid
SU09609,B04978,S0094,2026-08-22,1,0,Paid
SU09610,B04014,S0007,2025-08-05,1,0,Paid
SU09611,B04556,S0126,2026-07-30,2,10,Paid
SU09612,B00105,S0093,2024-12-07,1,5,Paid
SU09613,B03816,S0063,2024-01-24,1,5,Pending
SU09614,B03481,S0025,2026-04-10,6,0,Paid
SU09615,B05861,S0094,2026-02-22,1,10,Complimentary
SU09616,B04302,S0065,2026-05-28,4,20,Paid
SU09617,B08187,S0116,2025-04-12,1,0,Paid
SU09618,B06400,S0112,2026-04-06,2,10,Paid
SU09619,B08498,S0007,2026-02-24,1,0,Paid
SU09620,B06236,S0086,2026-06-20,3,25,Paid
SU09621,B09676,S0003,2024-02-17,1,0,Paid
SU09622,B07880,S0026,2024-07-20,2,10,Paid
SU09623,B06118,S0029,2026-06-15,6,15,Paid
SU09624,B00408,S0041,2025-02-05,1,0,Paid
SU09625,B09984,S0027,2026-07-26,2,10,Paid
SU09626,B06692,S0127,2026-08-25,3,5,Paid
SU09627,B09443,S0087,2024-06-05,2,0,Paid
SU09628,B07949,S0030,2026-04-10,1,0,Paid
SU09629,B07513,S0053,2026-06-01,2,0,Paid
SU09630,B08479,S0061,2026-02-16,3,20,Paid
SU09631,B03761,S0095,2026-02-22,8,5,Pending
SU09632,B07274,S0110,2026-08-20,5,0,Paid
SU09633,B07603,S0015,2026-02-05,2,15,Paid
SU09634,B01798,S0089,2024-12-07,1,0,Paid
SU09635,B02905,S0071,2026-07-12,3,10,Paid
SU09636,B06122,S0061,2025-02-25,2,10,Paid
SU09637,B08483,S0066,2024-06-04,1,25,Paid
SU09638,B08390,S0050,2025-10-24,3,10,Paid
SU09639,B03170,S0041,2026-02-09,2,5,Paid
SU09640,B04503,S0145,2026-08-22,5,5,Paid
SU09641,B07093,S0031,2026-08-29,2,0,Paid
SU09642,B00381,S0092,2026-04-21,3,10,Paid
SU09643,B09622,S0124,2025-04-07,1,0,Paid
SU09644,B03774,S0012,2025-10-25,1,10,Paid
SU09645,B07451,S0124,2024-09-24,2,5,Paid
SU09646,B07663,S0134,2025-06-14,2,0,Paid
SU09647,B00245,S0061,2025-08-01,1,10,Paid
SU09648,B04086,S0112,2026-02-06,2,5,Paid
SU09649,B08375,S0052,2026-04-12,1,15,Paid
SU09650,B04962,S0030,2026-02-16,1,0,Paid
SU09651,B06719,S0003,2025-11-11,1,25,Paid
SU09652,B05004,S0053,2026-06-12,1,0,Paid
SU09653,B08839,S0115,2026-08-05,4,10,Paid
SU09654,B08966,S0008,2024-12-29,1,0,Paid
SU09655,B07735,S0108,2025-01-08,3,5,Paid
SU09656,B01088,S0041,2026-03-20,5,20,Paid
SU09657,B08152,S0060,2025-10-30,8,0,Paid
SU09658,B08853,S0135,2024-09-19,1,10,Paid
SU09659,B06358,S0026,2026-03-28,2,0,Paid
SU09660,B06150,S0104,2026-05-09,2,5,Paid
SU09661,B09567,S0034,2026-07-25,3,5,Paid
SU09662,B08641,S0009,2026-08-15,1,10,Paid
SU09663,B09110,S0119,2024-03-01,2,0,Paid
SU09664,B04375,S0037,2026-03-11,3,15,Paid
SU09665,B07326,S0070,2025-10-05,4,0,Pending
SU09666,B05428,S0143,2026-08-24,3,25,Paid
SU09667,B00681,S0025,2025-03-19,8,0,Paid
SU09668,B09621,S0032,2025-02-25,5,0,Paid
SU09669,B04163,S0026,2025-10-08,5,0,Paid
SU09670,B09285,S0115,2025-01-29,2,0,Paid
SU09671,B09763,S0021,2024-11-16,1,10,Paid
SU09672,B08719,S0050,2026-08-03,2,15,Paid
SU09673,B02130,S0051,2025-12-20,1,0,Paid
SU09674,B08651,S0101,2026-05-08,4,15,Paid
SU09675,B08569,S0065,2026-08-16,2,0,Paid
SU09676,B04875,S0050,2026-08-29,5,5,Paid
SU09677,B06365,S0058,2026-01-21,1,10,Paid
SU09678,B08757,S0073,2026-03-26,1,0,Paid
SU09679,B07846,S0032,2026-08-05,3,15,Paid
SU09680,B05268,S0121,2025-10-19,2,15,Paid
SU09681,B04691,S0102,2025-10-27,1,10,Paid
SU09682,B08770,S0117,2025-04-07,4,5,Paid
SU09683,B06336,S0055,2026-06-14,1,0,Paid
SU09684,B01670,S0029,2026-05-04,3,5,Paid
SU09685,B04183,S0032,2025-04-25,3,0,Paid
SU09686,B03207,S0095,2024-08-01,3,20,Paid
SU09687,B05074,S0064,2026-04-06,2,0,Paid
SU09688,B09313,S0109,2024-06-15,4,15,Paid
SU09689,B02470,S0113,2025-01-01,5,0,Paid
SU09690,B04417,S0049,2026-08-02,3,20,Paid
SU09691,B08748,S0126,2025-03-28,1,10,Paid
SU09692,B06343,S0147,2025-05-02,2,10,Paid
SU09693,B07464,S0129,2025-07-01,3,10,Paid
SU09694,B04066,S0112,2026-03-30,4,15,Paid
SU09695,B00751,S0114,2026-07-17,3,10,Paid
SU09696,B06040,S0031,2025-05-03,1,10,Paid
SU09697,B05937,S0027,2026-05-20,3,0,Paid
SU09698,B07562,S0061,2024-06-25,2,5,Paid
SU09699,B05046,S0125,2026-02-03,3,20,Paid
SU09700,B08261,S0022,2026-05-17,2,15,Paid
SU09701,B07341,S0047,2026-06-08,2,5,Paid
SU09702,B09776,S0067,2024-11-26,3,0,Paid
SU09703,B07920,S0042,2025-09-21,1,10,Paid
SU09704,B03729,S0006,2025-07-16,3,0,Paid
SU09705,B09289,S0101,2025-01-13,4,0,Complimentary
SU09706,B09854,S0092,2025-12-27,3,20,Paid
SU09707,B08489,S0099,2025-03-15,2,5,Paid
SU09708,B08294,S0111,2025-11-28,1,10,Paid
SU09709,B06057,S0101,2025-04-27,1,0,Paid
SU09710,B07540,S0087,2025-10-21,3,15,Complimentary
SU09711,B05837,S0004,2025-10-05,2,25,Paid
SU09712,B05651,S0034,2024-02-22,1,25,Paid
SU09713,B06806,S0040,2025-11-23,4,0,Paid
SU09714,B08711,S0151,2024-02-09,2,10,Paid
SU09715,B07734,S0090,2025-12-25,2,5,Paid
SU09716,B00960,S0143,2026-07-29,5,0,Pending
SU09717,B03274,S0123,2026-07-31,6,20,Complimentary
SU09718,B00096,S0108,2024-03-19,4,10,Paid
SU09719,B02297,S0110,2024-03-02,3,0,Paid
SU09720,B05225,S0061,2025-04-09,1,5,Paid
SU09721,B03707,S0124,2024-11-05,1,5,Paid
SU09722,B09069,S0057,2024-12-24,2,5,Paid
SU09723,B05760,S0126,2025-07-25,2,0,Paid
SU09724,B05473,S0046,2026-05-28,4,10,Paid
SU09725,B00811,S0126,2024-06-17,1,15,Paid
SU09726,B06288,S0118,2024-03-18,2,20,Paid
SU09727,B04803,S0057,2024-03-02,2,10,Paid
SU09728,B01390,S0103,2026-01-11,5,20,Paid
SU09729,B07753,S0105,2024-10-16,4,0,Paid
SU09730,B02707,S0057,2024-09-25,4,5,Paid
SU09731,B07262,S0038,2025-01-24,3,5,Paid
SU09732,B08461,S0025,2026-03-30,3,10,Paid
SU09733,B06978,S0045,2024-06-26,2,10,Paid
SU09734,B06841,S0033,2025-10-19,1,10,Paid
SU09735,B03582,S0108,2025-11-11,4,0,Paid
SU09736,B03139,S0028,2024-11-01,1,25,Paid
SU09737,B04417,S0051,2026-08-01,4,10,Paid
SU09738,B04210,S0073,2024-04-26,2,10,Paid
SU09739,B00721,S0100,2025-11-05,4,0,Paid
SU09740,B07966,S0122,2026-07-09,1,5,Paid
SU09741,B00342,S0122,2025-12-19,1,0,Paid
SU09742,B03862,S0114,2025-09-08,1,10,Paid
SU09743,B03231,S0128,2024-12-19,1,0,Paid
SU09744,B06240,S0049,2025-12-03,3,0,Paid
SU09745,B08725,S0150,2025-04-19,1,0,Paid
SU09746,B03618,S0014,2024-07-27,5,10,Paid
SU09747,B04836,S0147,2025-12-24,6,5,Paid
SU09748,B05306,S0032,2024-12-06,6,5,Paid
SU09749,B06024,S0038,2026-04-11,3,0,Pending
SU09750,B03430,S0116,2024-01-07,1,15,Paid
SU09751,B03245,S0094,2025-03-28,2,15,Paid
SU09752,B08589,S0028,2026-03-31,1,5,Paid
SU09753,B01867,S0115,2026-04-15,3,10,Paid
SU09754,B00730,S0094,2025-11-23,1,5,Paid
SU09755,B05731,S0149,2025-12-24,1,10,Paid
SU09756,B06662,S0116,2024-09-18,1,0,Paid
SU09757,B06731,S0005,2025-12-20,1,5,Paid
SU09758,B07469,S0142,2026-03-17,3,15,Paid
SU09759,B07697,S0035,2026-08-02,8,10,Paid
SU09760,B01585,S0032,2024-01-08,8,15,Paid
SU09761,B07401,S0123,2026-03-22,4,0,Paid
SU09762,B01015,S0040,2025-03-04,5,15,Paid
SU09763,B03565,S0124,2026-06-04,1,0,Paid
SU09764,B02141,S0107,2026-06-29,4,5,Paid
SU09765,B01328,S0061,2024-12-23,3,5,Paid
SU09766,B07576,S0030,2026-02-05,1,0,Paid
SU09767,B02202,S0052,2024-04-21,1,0,Pending
SU09768,B03491,S0022,2025-12-28,2,15,Paid
SU09769,B07258,S0075,2026-07-10,2,5,Paid
SU09770,B00945,S0108,2025-06-12,2,0,Paid
SU09771,B05464,S0128,2024-12-10,2,0,Complimentary
SU09772,B02853,S0108,2024-06-09,5,5,Paid
SU09773,B03129,S0117,2024-03-15,4,0,Paid
SU09774,B07713,S0020,2026-06-19,3,15,Paid
SU09775,B00550,S0005,2026-03-13,1,15,Paid
SU09776,B04113,S0019,2026-08-28,4,0,Paid
SU09777,B03230,S0011,2026-02-19,2,0,Paid
SU09778,B07023,S0006,2026-07-27,1,0,Paid
SU09779,B09568,S0121,2025-07-28,3,5,Pending
SU09780,B01989,S0035,2026-06-18,2,15,Paid
SU09781,B03260,S0125,2025-05-07,2,20,Paid
SU09782,B06249,S0051,2026-08-25,6,15,Paid
SU09783,B01267,S0122,2026-08-16,4,0,Paid
SU09784,B02487,S0011,2026-02-20,5,0,Paid
SU09785,B08027,S0043,2025-10-20,2,15,Paid
SU09786,B02245,S0012,2026-08-06,2,20,Paid
SU09787,B05349,S0094,2025-10-20,3,0,Paid
SU09788,B05787,S0118,2025-11-14,1,15,Paid
SU09789,B02285,S0007,2026-06-02,1,10,Paid
SU09790,B00607,S0114,2026-04-18,1,10,Paid
SU09791,B06122,S0063,2025-02-27,1,15,Paid
SU09792,B09181,S0126,2025-04-30,1,0,Paid
SU09793,B06974,S0149,2025-02-06,2,0,Paid
SU09794,B02670,S0054,2025-04-02,1,0,Paid
SU09795,B08927,S0126,2025-08-22,1,10,Paid
SU09796,B03594,S0002,2026-02-03,3,0,Paid
SU09797,B04938,S0148,2026-06-01,4,5,Paid
SU09798,B05614,S0009,2025-09-20,1,5,Paid
SU09799,B06915,S0116,2024-09-09,1,0,Paid
SU09800,B09140,S0108,2026-04-25,3,5,Paid
SU09801,B00059,S0133,2026-08-30,2,5,Paid
SU09802,B04222,S0113,2024-01-15,2,10,Paid
SU09803,B07339,S0094,2026-08-16,1,10,Paid
SU09804,B09026,S0110,2026-03-06,2,15,Paid
SU09805,B02585,S0009,2024-10-30,1,5,Paid
SU09806,B08091,S0019,2026-04-28,4,15,Paid
SU09807,B08779,S0002,2026-05-11,4,0,Paid
SU09808,B01668,S0029,2026-03-14,3,10,Paid
SU09809,B04181,S0005,2026-01-15,1,0,Paid
SU09810,B04253,S0097,2025-12-15,2,10,Paid
SU09811,B07319,S0030,2025-09-17,1,10,Paid
SU09812,B05809,S0146,2026-06-12,3,25,Paid
SU09813,B03096,S0094,2026-03-12,2,5,Paid
SU09814,B05318,S0009,2026-06-21,1,15,Paid
SU09815,B09374,S0020,2024-11-25,1,25,Paid
SU09816,B01482,S0112,2026-04-23,4,20,Paid
SU09817,B03396,S0116,2026-08-26,2,10,Paid
SU09818,B00558,S0015,2026-02-01,1,20,Paid
SU09819,B06353,S0030,2026-02-18,1,5,Paid
SU09820,B06184,S0012,2026-08-02,2,0,Paid
SU09821,B07000,S0021,2025-12-09,2,10,Paid
SU09822,B01356,S0035,2026-03-22,3,5,Paid
SU09823,B05771,S0010,2024-06-08,2,0,Paid
SU09824,B07133,S0116,2025-10-08,1,20,Paid
SU09825,B01027,S0023,2024-02-18,1,5,Paid
SU09826,B08868,S0033,2026-01-17,2,0,Paid
SU09827,B04734,S0033,2026-07-14,1,0,Paid
SU09828,B07235,S0122,2026-01-01,5,15,Paid
SU09829,B03230,S0019,2026-02-20,4,0,Paid
SU09830,B06744,S0062,2026-05-23,3,10,Paid
SU09831,B03486,S0111,2024-09-21,2,10,Paid
SU09832,B07946,S0045,2026-01-02,1,0,Paid
SU09833,B02506,S0121,2024-03-18,1,0,Paid
SU09834,B03513,S0043,2026-08-28,4,0,Paid
SU09835,B03086,S0118,2026-01-02,6,0,Paid
SU09836,B08206,S0094,2025-01-29,1,0,Paid
SU09837,B08646,S0118,2024-06-06,8,15,Paid
SU09838,B07401,S0122,2026-03-22,5,20,Paid
SU09839,B05144,S0068,2024-11-29,2,0,Paid
SU09840,B00429,S0021,2026-01-07,1,0,Pending
SU09841,B03340,S0056,2026-03-24,1,5,Paid
SU09842,B09908,S0117,2025-01-03,1,0,Paid
SU09843,B06390,S0003,2025-12-11,3,5,Paid
SU09844,B07285,S0130,2024-11-01,1,5,Complimentary
SU09845,B08469,S0019,2025-07-26,1,0,Paid
SU09846,B00547,S0013,2025-10-12,3,0,Paid
SU09847,B02128,S0003,2026-01-21,3,15,Paid
SU09848,B03751,S0139,2026-01-02,3,20,Paid
SU09849,B01305,S0097,2026-04-08,3,5,Paid
SU09850,B07836,S0119,2025-01-05,3,15,Paid
SU09851,B06767,S0052,2026-05-21,2,10,Paid
SU09852,B03125,S0002,2024-10-06,2,10,Paid
SU09853,B05937,S0031,2026-05-19,1,25,Paid
SU09854,B02279,S0067,2026-04-11,4,10,Paid
SU09855,B01472,S0124,2024-04-21,3,0,Paid
SU09856,B03573,S0036,2026-06-22,1,0,Paid
SU09857,B07559,S0038,2026-02-02,1,5,Paid
SU09858,B03139,S0025,2024-11-03,6,20,Paid
SU09859,B04355,S0004,2025-03-31,2,5,Paid
SU09860,B05103,S0139,2026-08-07,4,0,Paid
SU09861,B02781,S0118,2026-05-13,3,0,Paid
SU09862,B06558,S0025,2025-12-22,3,10,Paid
SU09863,B03207,S0094,2024-08-01,2,0,Paid
SU09864,B03339,S0057,2026-02-21,2,10,Paid
SU09865,B00552,S0088,2026-07-10,3,5,Paid
SU09866,B06508,S0002,2026-01-12,4,0,Paid
SU09867,B02129,S0132,2025-05-08,3,5,Pending
SU09868,B08839,S0118,2026-08-05,4,10,Pending
SU09869,B00469,S0037,2026-01-16,2,20,Paid
SU09870,B05217,S0033,2026-07-13,1,15,Paid
SU09871,B06507,S0110,2025-03-05,2,20,Paid
SU09872,B05947,S0113,2025-09-29,2,0,Paid
SU09873,B00681,S0022,2025-03-18,1,0,Paid
SU09874,B09450,S0056,2025-08-12,2,0,Paid
SU09875,B01753,S0033,2026-08-08,1,10,Paid
SU09876,B09780,S0047,2025-01-17,1,10,Paid
SU09877,B01408,S0093,2026-01-01,4,5,Paid
SU09878,B06575,S0024,2025-12-02,2,0,Paid
SU09879,B01644,S0115,2025-10-14,3,0,Paid
SU09880,B02375,S0001,2025-02-04,4,10,Paid
SU09881,B04564,S0146,2024-07-15,2,10,Paid
SU09882,B09040,S0146,2026-02-27,3,10,Paid
SU09883,B05574,S0052,2026-03-31,1,5,Paid
SU09884,B06431,S0016,2024-12-16,4,0,Pending
SU09885,B07614,S0131,2026-02-14,1,25,Pending
SU09886,B02766,S0008,2026-07-18,1,5,Paid
SU09887,B00660,S0051,2026-01-18,1,5,Paid
SU09888,B03467,S0143,2026-01-22,2,0,Pending
SU09889,B09775,S0020,2026-03-26,1,15,Complimentary
SU09890,B08771,S0106,2025-05-08,3,0,Paid
SU09891,B00014,S0149,2024-08-04,3,10,Paid
SU09892,B02113,S0019,2024-04-25,2,0,Paid
SU09893,B06576,S0130,2025-10-18,3,0,Paid
SU09894,B00531,S0056,2024-06-08,2,15,Paid
SU09895,B00709,S0127,2026-08-04,4,15,Paid
SU09896,B06677,S0106,2026-08-08,3,0,Paid
SU09897,B03349,S0057,2026-08-16,3,5,Pending
SU09898,B03536,S0033,2026-06-18,2,0,Paid
SU09899,B01541,S0096,2025-06-10,8,20,Paid
SU09900,B03250,S0011,2024-09-13,1,0,Paid
SU09901,B08936,S0028,2025-11-11,2,0,Pending
SU09902,B02386,S0126,2025-10-26,1,15,Paid
SU09903,B05406,S0018,2025-08-15,1,15,Paid
SU09904,B07341,S0046,2026-06-09,2,0,Paid
SU09905,B07327,S0149,2026-01-08,2,0,Pending
SU09906,B07125,S0128,2024-11-24,1,10,Paid
SU09907,B08283,S0014,2026-03-18,8,10,Paid
SU09908,B08743,S0039,2026-06-28,1,15,Paid
SU09909,B09823,S0033,2025-11-19,1,0,Paid
SU09910,B03890,S0045,2024-02-19,1,0,Paid
SU09911,B02895,S0112,2025-07-14,4,5,Pending
SU09912,B04452,S0080,2024-06-19,1,5,Paid
SU09913,B02599,S0126,2026-03-02,3,10,Paid
SU09914,B08196,S0136,2024-04-07,5,5,Pending
SU09915,B04832,S0039,2024-05-02,1,0,Paid
SU09916,B07292,S0003,2026-03-06,2,10,Paid
SU09917,B09990,S0120,2026-07-14,2,15,Pending
SU09918,B01049,S0120,2025-11-21,2,10,Paid
SU09919,B00929,S0013,2026-04-28,3,10,Paid
SU09920,B02218,S0031,2025-05-13,1,10,Paid
SU09921,B08039,S0031,2024-08-30,3,0,Paid
SU09922,B06223,S0120,2026-03-12,4,5,Paid
SU09923,B07730,S0009,2026-03-17,3,0,Paid
SU09924,B00192,S0090,2025-05-20,1,15,Paid
SU09925,B06238,S0088,2026-06-23,1,0,Paid
SU09926,B05901,S0030,2026-08-14,1,5,Paid
SU09927,B06982,S0084,2026-01-28,1,10,Paid
SU09928,B09234,S0073,2025-10-13,1,10,Pending
SU09929,B03730,S0118,2024-12-15,3,5,Paid
SU09930,B06363,S0103,2026-01-12,5,20,Paid
SU09931,B05273,S0144,2025-11-01,2,0,Paid
SU09932,B01379,S0025,2025-12-13,4,5,Paid
SU09933,B04827,S0026,2025-08-02,2,0,Paid
SU09934,B07334,S0046,2024-05-15,1,0,Paid
SU09935,B05880,S0087,2026-07-29,3,5,Paid
SU09936,B07759,S0097,2026-02-04,2,10,Paid
SU09937,B08013,S0001,2025-10-06,6,5,Paid
SU09938,B08015,S0150,2026-08-06,3,0,Paid
SU09939,B04406,S0116,2026-01-27,2,15,Paid
SU09940,B09944,S0029,2026-03-09,3,0,Paid
SU09941,B08932,S0107,2025-08-22,6,5,Paid
SU09942,B09755,S0038,2026-05-24,1,10,Paid
SU09943,B07349,S0031,2026-08-12,3,10,Paid
SU09944,B01413,S0116,2025-03-11,1,5,Paid
SU09945,B04820,S0099,2025-01-12,1,10,Paid
SU09946,B01742,S0006,2026-07-16,3,5,Paid
SU09947,B05066,S0042,2026-03-18,8,20,Pending
SU09948,B01848,S0126,2025-11-26,1,0,Paid
SU09949,B07079,S0107,2025-04-17,5,0,Paid
SU09950,B07127,S0013,2026-08-26,3,10,Paid
SU09951,B04992,S0059,2026-06-11,2,10,Paid
SU09952,B05361,S0137,2025-10-29,1,15,Paid
SU09953,B09039,S0005,2025-11-10,2,15,Paid
SU09954,B03999,S0150,2026-03-11,1,15,Paid
SU09955,B07752,S0115,2025-12-12,3,0,Paid
SU09956,B04058,S0116,2026-06-22,1,0,Paid
SU09957,B04484,S0125,2026-02-18,1,15,Paid
SU09958,B02515,S0009,2025-09-22,1,0,Pending
SU09959,B09282,S0148,2024-11-11,2,0,Paid
SU09960,B06275,S0092,2024-01-02,2,0,Paid
SU09961,B05027,S0041,2024-11-19,2,5,Paid
SU09962,B01101,S0108,2026-06-08,5,0,Paid
SU09963,B07871,S0031,2026-06-03,1,0,Paid
SU09964,B02690,S0099,2026-08-14,1,10,Paid
SU09965,B00661,S0012,2024-12-20,1,15,Paid
SU09966,B07516,S0026,2025-01-27,3,15,Paid
SU09967,B00110,S0091,2024-12-02,10,15,Paid
SU09968,B01367,S0142,2026-08-27,1,0,Paid
SU09969,B02620,S0133,2026-01-27,2,15,Paid
SU09970,B07804,S0002,2025-07-03,5,0,Paid
SU09971,B09253,S0023,2025-01-25,1,5,Paid
SU09972,B00387,S0026,2026-01-18,5,0,Paid
SU09973,B02603,S0124,2026-03-29,1,0,Paid
SU09974,B07284,S0031,2026-08-02,1,5,Paid
SU09975,B02243,S0056,2026-03-14,3,0,Paid
SU09976,B05371,S0087,2025-04-29,6,10,Paid
SU09977,B09795,S0105,2026-01-29,3,20,Paid
SU09978,B09356,S0022,2026-08-17,1,10,Paid
SU09979,B01303,S0012,2026-02-16,1,0,Complimentary
SU09980,B09991,S0012,2026-07-14,3,10,Paid
SU09981,B08885,S0050,2026-06-26,3,5,Paid
SU09982,B07030,S0036,2024-02-15,1,5,Pending
SU09983,B03402,S0112,2026-07-02,3,5,Paid
SU09984,B06140,S0030,2026-08-28,2,15,Paid
SU09985,B02182,S0147,2026-08-10,6,5,Complimentary
SU09986,B01453,S0092,2025-12-09,4,5,Paid
SU09987,B09856,S0042,2025-02-02,4,0,Paid
SU09988,B03412,S0050,2026-06-25,4,15,Paid
SU09989,B00138,S0114,2026-01-11,1,5,Paid
SU09990,B06741,S0018,2025-05-13,3,0,Paid
SU09991,B09032,S0091,2024-12-07,5,0,Paid
SU09992,B04433,S0005,2026-04-08,1,5,Paid
SU09993,B02054,S0123,2026-03-14,5,5,Paid
SU09994,B01820,S0037,2024-11-04,1,0,Paid
SU09995,B08144,S0027,2026-08-22,2,0,Paid
SU09996,B07898,S0051,2025-11-02,3,0,Paid
SU09997,B05797,S0147,2026-05-16,5,20,Paid
SU09998,B06433,S0072,2024-10-08,4,10,Paid
SU09999,B07629,S0115,2026-08-17,2,15,Paid
SU10000,B05402,S0020,2025-07-21,1,5,Paid
SU10001,B07356,S0025,2026-04-16,6,10,Paid
SU10002,B09255,S0066,2024-11-16,2,0,Paid
SU10003,B00623,S0112,2025-10-28,5,5,Paid
SU10004,B00878,S0034,2026-07-14,4,5,Paid
SU10005,B06902,S0107,2026-05-30,3,15,Paid
SU10006,B05133,S0114,2025-09-07,4,10,Paid
SU10007,B08934,S0115,2026-07-24,2,5,Paid
SU10008,B07187,S0147,2026-08-04,3,5,Paid
SU10009,B03497,S0098,2026-06-30,2,10,Paid
SU10010,B09366,S0104,2026-08-20,5,5,Paid
SU10011,B07248,S0117,2025-12-03,1,0,Paid
SU10012,B08824,S0009,2025-11-21,1,10,Paid
SU10013,B00748,S0113,2025-07-29,3,0,Paid
SU10014,B09292,S0142,2025-05-11,4,0,Paid
SU10015,B07016,S0117,2026-04-05,5,5,Paid
SU10016,B09000,S0123,2026-05-13,4,10,Paid
SU10017,B09292,S0142,2025-05-10,1,0,Paid
SU10018,B05985,S0109,2026-02-10,1,0,Pending
SU10019,B02125,S0041,2025-03-17,5,0,Paid
SU10020,B02471,S0141,2025-12-14,1,10,Paid
SU10021,B03216,S0054,2026-07-18,2,10,Paid
SU10022,B02178,S0095,2024-06-11,3,5,Paid
SU10023,B04769,S0030,2025-05-31,1,0,Paid
SU10024,B05164,S0053,2025-07-28,2,0,Paid
SU10025,B03873,S0013,2026-02-07,3,5,Paid
SU10026,B09618,S0002,2024-12-10,2,5,Paid
SU10027,B07038,S0050,2024-01-10,4,0,Paid
SU10028,B07368,S0001,2025-10-06,3,0,Paid
SU10029,B03808,S0112,2024-09-19,5,5,Paid
SU10030,B06090,S0015,2025-05-15,1,0,Paid
SU10031,B01217,S0132,2026-06-12,3,20,Paid
SU10032,B07647,S0146,2024-01-19,2,25,Paid
SU10033,B09905,S0108,2026-07-29,2,10,Pending
SU10034,B02204,S0098,2024-08-27,2,5,Paid
SU10035,B06156,S0121,2024-08-05,3,10,Paid
SU10036,B05613,S0049,2025-02-01,1,0,Paid
SU10037,B09005,S0045,2026-05-30,1,0,Paid
SU10038,B02361,S0143,2026-04-13,3,0,Paid
SU10039,B04264,S0045,2024-01-06,2,5,Paid
SU10040,B01965,S0003,2025-01-11,1,5,Paid
SU10041,B00654,S0056,2024-01-30,4,0,Paid
SU10042,B08845,S0038,2026-08-09,1,10,Paid
SU10043,B06655,S0115,2026-01-04,3,0,Paid
SU10044,B07612,S0012,2025-11-23,1,10,Paid
SU10045,B09421,S0040,2026-08-27,5,0,Paid
SU10046,B01439,S0040,2024-06-22,6,0,Pending
SU10047,B03101,S0151,2026-08-11,1,0,Paid
SU10048,B01793,S0090,2026-06-25,3,0,Paid
SU10049,B04755,S0112,2026-03-03,1,5,Paid
SU10050,B01730,S0149,2026-08-13,1,5,Paid
SU10051,B02051,S0074,2026-05-22,2,0,Paid
SU10052,B08408,S0122,2026-06-18,3,25,Pending
SU10053,B01443,S0036,2026-05-21,1,5,Pending
SU10054,B05020,S0111,2024-12-31,1,5,Paid
SU10055,B02613,S0025,2026-03-04,4,0,Paid
SU10056,B01298,S0009,2025-02-11,1,0,Paid
SU10057,B01686,S0093,2026-01-31,8,5,Paid
SU10058,B08723,S0044,2024-12-20,3,0,Complimentary
SU10059,B07626,S0051,2026-05-11,2,5,Paid
SU10060,B09255,S0064,2024-11-16,4,20,Paid
SU10061,B01664,S0033,2026-01-30,1,15,Paid
SU10062,B01778,S0069,2026-03-15,1,5,Paid
SU10063,B08111,S0020,2025-11-14,3,10,Paid
SU10064,B04422,S0007,2026-01-24,1,0,Paid
SU10065,B02778,S0142,2025-08-31,4,10,Paid
SU10066,B04883,S0034,2025-11-13,4,10,Paid
SU10067,B00207,S0025,2026-05-15,8,5,Paid
SU10068,B06900,S0038,2025-04-29,1,0,Paid
SU10069,B03965,S0013,2025-08-12,2,5,Paid
SU10070,B01540,S0006,2024-09-15,4,15,Pending
SU10071,B00665,S0149,2026-05-19,1,5,Paid
SU10072,B06294,S0057,2026-07-14,4,0,Paid
SU10073,B07048,S0102,2026-01-15,1,15,Paid
SU10074,B04215,S0062,2025-03-17,3,15,Paid
SU10075,B01275,S0052,2026-06-27,1,0,Paid
SU10076,B05064,S0130,2026-07-25,5,5,Paid
SU10077,B06336,S0057,2026-06-15,2,0,Paid
SU10078,B01939,S0086,2026-06-04,4,0,Pending
SU10079,B05176,S0008,2025-11-30,1,10,Paid
SU10080,B08567,S0113,2025-10-29,2,15,Paid
SU10081,B02942,S0090,2025-02-11,3,0,Paid
SU10082,B06240,S0052,2025-12-03,1,10,Paid
SU10083,B00419,S0086,2024-10-11,1,0,Paid
SU10084,B01864,S0033,2024-02-03,1,10,Paid
SU10085,B01490,S0032,2025-04-19,3,5,Paid
SU10086,B03056,S0049,2024-07-15,1,0,Paid
SU10087,B09036,S0127,2025-10-21,4,0,Paid
SU10088,B06114,S0065,2026-04-01,1,20,Paid
SU10089,B09149,S0038,2025-07-04,3,0,Paid
SU10090,B07549,S0108,2026-03-15,3,5,Paid
SU10091,B02616,S0007,2025-01-26,1,0,Paid
SU10092,B09803,S0072,2025-11-18,3,0,Paid
SU10093,B01573,S0062,2026-07-07,1,5,Paid
SU10094,B00923,S0094,2026-06-16,1,0,Paid
SU10095,B08721,S0038,2026-07-02,1,20,Paid
SU10096,B04327,S0033,2026-08-12,1,0,Paid
SU10097,B06707,S0041,2026-05-01,1,10,Paid
SU10098,B07755,S0138,2025-03-28,1,0,Paid
SU10099,B05912,S0126,2025-12-12,1,10,Paid
SU10100,B08496,S0105,2026-07-19,1,15,Pending
SU10101,B01053,S0114,2026-08-11,1,0,Paid
SU10102,B09925,S0108,2026-01-14,4,0,Paid
SU10103,B05004,S0053,2026-06-12,2,5,Paid
SU10104,B06011,S0036,2025-04-10,3,5,Paid
SU10105,B05254,S0116,2025-11-14,3,20,Paid
SU10106,B08540,S0062,2026-05-22,1,0,Paid
SU10107,B07368,S0005,2025-10-05,2,5,Paid
SU10108,B07420,S0036,2025-12-20,1,0,Paid
SU10109,B05837,S0007,2025-10-05,1,15,Paid
SU10110,B05322,S0028,2024-10-23,2,0,Paid
SU10111,B00857,S0069,2025-11-15,3,5,Paid
SU10112,B09663,S0111,2025-05-27,1,0,Paid
SU10113,B02004,S0046,2026-05-03,3,5,Paid
SU10114,B01202,S0035,2026-02-13,1,0,Paid
SU10115,B02221,S0010,2026-03-20,2,10,Paid
SU10116,B04914,S0069,2026-02-22,1,0,Paid
SU10117,B06507,S0110,2025-03-05,6,0,Pending
SU10118,B07572,S0117,2025-05-07,4,5,Paid
SU10119,B04002,S0125,2026-08-07,3,0,Paid
SU10120,B02681,S0060,2025-10-19,10,10,Paid
SU10121,B00513,S0038,2024-10-01,3,0,Paid
SU10122,B06860,S0102,2024-02-24,3,0,Paid
SU10123,B04053,S0116,2025-08-20,1,0,Paid
SU10124,B03966,S0096,2025-10-21,5,0,Complimentary
SU10125,B03779,S0108,2025-11-19,1,5,Pending
SU10126,B09716,S0118,2024-11-05,1,5,Paid
SU10127,B00133,S0028,2025-02-01,2,10,Paid
SU10128,B02458,S0027,2025-02-26,3,15,Paid
SU10129,B04797,S0002,2026-07-31,1,5,Paid
SU10130,B02532,S0096,2026-08-28,2,5,Paid
SU10131,B01284,S0038,2025-02-03,2,5,Paid
SU10132,B06813,S0014,2026-04-22,1,10,Paid
SU10133,B00290,S0106,2025-01-02,3,10,Pending
SU10134,B06211,S0095,2026-03-02,3,0,Paid
SU10135,B05105,S0109,2024-01-18,3,5,Paid
SU10136,B05167,S0027,2025-06-01,4,10,Paid
SU10137,B06980,S0038,2026-01-12,1,0,Paid
SU10138,B07366,S0026,2026-05-14,1,10,Paid
SU10139,B03999,S0150,2026-03-13,1,5,Paid
SU10140,B09599,S0053,2026-03-13,2,10,Complimentary
SU10141,B04009,S0089,2024-12-20,2,10,Paid
SU10142,B06064,S0057,2024-04-20,2,5,Paid
SU10143,B06325,S0010,2024-12-27,4,0,Paid
SU10144,B05537,S0061,2025-01-16,2,0,Paid
SU10145,B09715,S0136,2026-08-26,1,20,Complimentary
SU10146,B04326,S0104,2026-03-20,5,0,Paid
SU10147,B08323,S0114,2026-08-09,6,0,Paid
SU10148,B05780,S0075,2026-03-06,2,15,Pending
SU10149,B05808,S0090,2025-01-24,3,25,Paid
SU10150,B05914,S0098,2026-08-19,2,0,Paid
SU10151,B05620,S0086,2026-05-22,3,0,Paid
SU10152,B08031,S0148,2024-11-01,1,5,Paid
SU10153,B08550,S0017,2026-01-09,2,5,Paid
SU10154,B06676,S0096,2025-09-03,6,15,Complimentary
SU10155,B08932,S0111,2025-08-22,2,10,Paid
SU10156,B08518,S0134,2025-10-02,2,0,Paid
SU10157,B09743,S0133,2026-04-02,2,20,Complimentary
SU10158,B09151,S0054,2026-07-24,2,5,Paid
SU10159,B06834,S0026,2026-03-08,10,0,Paid
SU10160,B08255,S0116,2025-12-09,1,10,Paid
SU10161,B09667,S0116,2026-05-30,1,0,Paid
SU10162,B06082,S0109,2026-01-31,3,5,Paid
SU10163,B07669,S0122,2024-12-12,2,5,Paid
SU10164,B07836,S0118,2025-01-04,8,10,Paid
SU10165,B05380,S0108,2026-01-26,3,10,Paid
SU10166,B04448,S0015,2025-03-18,2,10,Paid
SU10167,B01627,S0055,2026-06-28,1,10,Paid
SU10168,B08035,S0117,2026-04-14,8,0,Paid
SU10169,B08905,S0101,2026-02-27,3,0,Paid
SU10170,B05127,S0046,2024-11-27,5,5,Paid
SU10171,B03496,S0112,2024-09-18,5,15,Paid
SU10172,B07259,S0106,2025-03-23,2,0,Paid
SU10173,B03180,S0054,2026-02-21,4,10,Paid
SU10174,B04443,S0007,2025-12-30,2,20,Paid
SU10175,B00540,S0112,2024-12-10,4,0,Paid
SU10176,B04435,S0037,2026-06-02,2,0,Paid
SU10177,B09439,S0031,2024-03-23,1,10,Paid
SU10178,B03432,S0032,2024-07-25,5,0,Paid
SU10179,B03158,S0105,2025-01-15,3,5,Paid
SU10180,B09832,S0003,2026-01-30,2,15,Paid
SU10181,B00254,S0003,2026-06-23,2,0,Paid
SU10182,B03059,S0138,2024-09-07,1,10,Paid
SU10183,B00836,S0063,2025-09-28,1,25,Paid
SU10184,B08070,S0117,2026-03-28,1,0,Paid
SU10185,B00723,S0113,2025-11-07,4,10,Paid
SU10186,B01540,S0003,2024-09-15,1,0,Pending
SU10187,B02205,S0042,2024-07-15,4,20,Paid
SU10188,B03874,S0102,2026-06-29,5,5,Paid
SU10189,B09220,S0109,2024-08-13,2,0,Paid
SU10190,B01112,S0003,2025-06-11,3,15,Paid
SU10191,B06174,S0116,2026-04-21,3,10,Paid
SU10192,B01038,S0047,2026-08-02,1,25,Pending
SU10193,B08346,S0098,2025-10-30,1,5,Paid
SU10194,B00709,S0123,2026-08-06,2,5,Paid
SU10195,B07524,S0106,2026-01-15,6,20,Paid
SU10196,B07245,S0114,2026-02-17,2,0,Paid
SU10197,B07058,S0039,2025-10-02,2,10,Paid
SU10198,B05443,S0026,2026-05-11,2,10,Paid
SU10199,B03533,S0032,2026-06-06,6,0,Paid
SU10200,B01713,S0025,2026-03-14,8,5,Paid
SU10201,B06805,S0030,2026-01-30,1,15,Paid
SU10202,B03333,S0026,2026-05-28,6,10,Paid
SU10203,B02999,S0116,2026-05-02,1,0,Paid
SU10204,B03501,S0118,2026-08-03,2,20,Paid
SU10205,B09670,S0049,2026-05-25,1,0,Paid
SU10206,B07439,S0028,2026-01-21,1,0,Paid
SU10207,B02614,S0003,2026-06-11,8,15,Paid
SU10208,B02686,S0016,2024-05-31,5,5,Paid
SU10209,B03996,S0020,2024-05-19,1,0,Paid
SU10210,B02297,S0108,2024-03-01,2,0,Paid
SU10211,B09515,S0048,2024-10-20,4,5,Paid
SU10212,B02742,S0100,2026-08-23,2,10,Paid
SU10213,B04362,S0005,2026-08-27,2,0,Paid
SU10214,B02369,S0121,2026-06-01,6,25,Pending
SU10215,B09684,S0046,2026-01-20,2,0,Paid
SU10216,B03381,S0051,2024-04-03,6,25,Paid
SU10217,B05227,S0099,2026-01-20,2,0,Paid
SU10218,B04050,S0087,2026-05-27,4,0,Paid
SU10219,B07591,S0027,2026-01-19,1,0,Pending
SU10220,B04656,S0012,2026-08-11,2,0,Paid
SU10221,B07461,S0114,2026-08-29,2,15,Paid
SU10222,B08564,S0051,2025-03-26,3,5,Paid
SU10223,B05532,S0013,2025-11-14,2,15,Paid
SU10224,B05991,S0007,2026-08-22,2,0,Paid
SU10225,B07041,S0074,2025-03-12,2,0,Paid
SU10226,B04165,S0052,2024-03-01,1,10,Paid
SU10227,B09634,S0041,2025-10-06,3,10,Paid
SU10228,B05356,S0124,2024-10-17,1,20,Paid
SU10229,B07821,S0127,2026-01-07,3,0,Paid
SU10230,B05801,S0003,2025-05-30,1,5,Paid
SU10231,B00776,S0124,2025-09-23,3,0,Paid
SU10232,B03922,S0025,2024-07-06,1,0,Paid
SU10233,B00374,S0025,2025-01-18,1,5,Paid
SU10234,B03508,S0031,2025-10-19,1,0,Paid
SU10235,B09632,S0039,2025-07-07,2,0,Paid
SU10236,B01434,S0106,2025-07-21,1,0,Paid
SU10237,B05792,S0144,2025-10-21,2,0,Paid
SU10238,B04601,S0045,2026-01-16,1,0,Paid
SU10239,B07747,S0033,2025-09-10,1,15,Paid
SU10240,B01414,S0070,2024-02-18,2,15,Paid
SU10241,B06611,S0114,2026-06-05,3,0,Paid
SU10242,B04121,S0053,2026-06-28,1,0,Paid
SU10243,B02963,S0055,2026-08-14,1,5,Paid
SU10244,B02948,S0025,2026-01-31,1,15,Paid
SU10245,B03612,S0105,2025-10-31,2,15,Pending
SU10246,B03117,S0032,2024-02-10,6,5,Paid
SU10247,B04954,S0040,2025-12-27,3,25,Paid
SU10248,B06327,S0109,2025-10-13,8,5,Paid
SU10249,B04438,S0027,2025-12-02,2,5,Paid
SU10250,B06795,S0093,2025-10-04,3,25,Paid
SU10251,B03782,S0067,2025-05-12,2,5,Paid
SU10252,B02029,S0119,2025-02-13,4,5,Paid
SU10253,B09734,S0145,2026-08-18,3,25,Paid
SU10254,B02318,S0029,2025-04-19,4,0,Paid
SU10255,B07805,S0109,2026-04-07,8,15,Paid
SU10256,B01995,S0018,2024-06-01,3,0,Paid
SU10257,B02823,S0069,2025-01-29,1,0,Paid
SU10258,B07982,S0074,2025-12-05,1,10,Paid
SU10259,B03029,S0084,2026-04-09,1,0,Paid
SU10260,B04150,S0147,2026-02-16,5,5,Paid
SU10261,B03766,S0051,2026-07-23,4,0,Paid
SU10262,B00117,S0001,2024-07-03,1,10,Paid
SU10263,B09457,S0031,2026-07-18,2,0,Paid
SU10264,B02218,S0025,2025-05-13,4,0,Complimentary
SU10265,B03491,S0026,2025-12-26,5,10,Paid
SU10266,B02156,S0029,2026-06-15,4,0,Paid
SU10267,B03984,S0011,2025-06-16,3,5,Paid
SU10268,B02913,S0028,2026-07-04,2,0,Paid
SU10269,B07642,S0066,2026-06-23,1,5,Paid
SU10270,B07512,S0102,2024-10-15,1,25,Paid
SU10271,B07425,S0033,2025-09-23,3,10,Paid
SU10272,B08067,S0019,2025-11-16,1,5,Paid
SU10273,B02003,S0049,2026-01-31,1,0,Paid
SU10274,B09614,S0020,2026-04-12,1,5,Paid
SU10275,B05536,S0048,2026-06-28,3,0,Paid
SU10276,B05381,S0007,2026-04-06,2,15,Paid
SU10277,B03038,S0121,2025-04-03,2,5,Paid
SU10278,B02258,S0110,2026-08-22,2,5,Paid
SU10279,B07416,S0007,2025-11-17,1,0,Paid
SU10280,B04941,S0052,2026-07-21,3,10,Complimentary
SU10281,B07140,S0036,2024-02-26,3,5,Paid
SU10282,B09462,S0003,2026-06-25,6,20,Paid
SU10283,B00944,S0027,2026-03-12,5,10,Paid
SU10284,B05294,S0050,2025-02-27,2,10,Paid
SU10285,B01257,S0149,2026-03-11,1,0,Paid
SU10286,B09813,S0009,2026-03-27,2,0,Paid
SU10287,B07463,S0012,2025-02-27,1,5,Paid
SU10288,B08140,S0012,2026-07-16,1,0,Paid
SU10289,B03096,S0098,2026-03-12,1,10,Paid
SU10290,B04340,S0056,2026-02-16,2,10,Paid
SU10291,B03255,S0028,2025-12-14,4,25,Paid
SU10292,B05336,S0109,2026-07-13,2,15,Paid
SU10293,B09915,S0025,2025-07-31,5,0,Pending
SU10294,B09074,S0060,2025-09-30,3,15,Pending
SU10295,B02709,S0006,2025-10-14,1,0,Paid
SU10296,B07574,S0018,2025-01-09,4,15,Paid
SU10297,B02017,S0064,2026-03-14,2,20,Paid
SU10298,B07750,S0048,2026-05-26,3,10,Paid
SU10299,B09307,S0125,2025-01-16,4,5,Paid
SU10300,B01749,S0003,2026-05-07,4,0,Paid
SU10301,B03562,S0043,2025-12-15,4,10,Paid
SU10302,B00910,S0008,2025-03-22,2,0,Paid
SU10303,B09074,S0060,2025-09-30,5,10,Paid
SU10304,B07853,S0028,2025-12-14,1,0,Pending
SU10305,B03665,S0120,2026-07-22,1,25,Paid
SU10306,B03647,S0110,2025-11-15,3,0,Paid
SU10307,B05760,S0122,2025-07-25,1,0,Paid
SU10308,B07014,S0042,2026-07-07,8,0,Paid
SU10309,B03669,S0073,2024-11-02,3,0,Paid
SU10310,B00132,S0063,2025-09-17,1,0,Paid
SU10311,B05386,S0008,2025-11-27,2,5,Pending
SU10312,B05563,S0144,2025-11-08,1,5,Paid
SU10313,B04931,S0005,2026-08-18,1,20,Paid
SU10314,B07521,S0098,2026-03-01,1,10,Paid
SU10315,B05479,S0031,2025-10-17,1,0,Paid
SU10316,B03566,S0037,2026-01-31,5,10,Paid
SU10317,B00416,S0046,2025-10-19,4,0,Paid
SU10318,B02557,S0126,2024-04-10,1,0,Paid
SU10319,B01776,S0114,2024-07-03,5,5,Paid
SU10320,B00187,S0051,2025-01-30,3,10,Paid
SU10321,B03418,S0115,2026-07-22,6,5,Paid
SU10322,B06600,S0034,2026-08-29,3,5,Pending
SU10323,B01070,S0047,2024-08-09,1,10,Paid
SU10324,B01504,S0066,2026-08-25,1,5,Paid
SU10325,B08294,S0110,2025-11-26,2,0,Paid
SU10326,B08144,S0023,2026-08-20,1,10,Paid
SU10327,B02115,S0030,2026-04-25,3,0,Paid
SU10328,B06119,S0091,2024-02-24,8,5,Paid
SU10329,B07231,S0042,2026-08-30,5,0,Paid
SU10330,B04074,S0001,2025-05-31,4,5,Paid
SU10331,B09718,S0043,2024-11-24,4,0,Paid
SU10332,B08757,S0071,2026-03-25,2,5,Paid
SU10333,B00456,S0126,2026-03-25,1,10,Paid
SU10334,B09054,S0037,2025-07-18,2,0,Paid
SU10335,B08921,S0027,2026-01-10,3,5,Paid
SU10336,B06003,S0140,2024-11-05,1,10,Paid
SU10337,B07248,S0115,2025-12-04,2,0,Paid
SU10338,B09663,S0110,2025-05-27,3,5,Paid
SU10339,B07316,S0047,2024-01-16,1,0,Pending
SU10340,B01459,S0151,2025-12-28,1,5,Paid
SU10341,B01014,S0034,2025-07-08,3,10,Paid
SU10342,B01028,S0023,2024-12-24,1,10,Paid
SU10343,B08926,S0147,2024-10-03,2,25,Paid
SU10344,B09160,S0001,2024-02-24,2,5,Paid
SU10345,B01345,S0091,2025-08-15,1,0,Paid
SU10346,B06374,S0055,2025-08-31,1,20,Paid
SU10347,B05841,S0059,2026-08-26,5,5,Paid
SU10348,B07921,S0101,2026-05-18,5,20,Paid
SU10349,B02188,S0149,2025-03-27,2,0,Paid
SU10350,B07172,S0024,2025-12-09,1,5,Complimentary
SU10351,B05349,S0097,2025-10-19,4,10,Paid
SU10352,B05443,S0030,2026-05-11,1,25,Paid
SU10353,B01454,S0042,2024-04-23,8,5,Paid
SU10354,B05709,S0038,2026-06-04,1,0,Paid
SU10355,B08747,S0117,2026-04-01,5,0,Paid
SU10356,B05987,S0097,2026-03-29,4,20,Paid
SU10357,B00615,S0087,2026-02-16,3,5,Paid
SU10358,B01644,S0117,2025-10-14,4,0,Paid
SU10359,B07581,S0022,2025-03-21,3,5,Paid
SU10360,B05254,S0118,2025-11-14,3,5,Paid
SU10361,B02188,S0151,2025-03-27,1,0,Paid
SU10362,B08887,S0060,2024-04-29,3,10,Paid
SU10363,B08927,S0122,2025-08-21,2,0,Paid
SU10364,B04545,S0040,2025-10-15,3,0,Paid
SU10365,B09039,S0007,2025-11-09,1,5,Paid
SU10366,B05429,S0016,2024-08-09,4,0,Paid
SU10367,B07786,S0086,2024-11-17,2,10,Paid
SU10368,B00426,S0056,2024-03-26,1,10,Paid
SU10369,B01561,S0024,2024-09-08,3,10,Paid
SU10370,B01220,S0034,2026-08-28,1,0,Paid
SU10371,B01938,S0150,2026-04-04,1,0,Paid
SU10372,B02470,S0113,2025-01-02,3,10,Paid
SU10373,B07209,S0140,2025-07-30,2,0,Paid
SU10374,B08988,S0048,2025-11-03,3,0,Paid
SU10375,B04978,S0095,2026-08-21,2,0,Paid
SU10376,B05243,S0126,2025-09-23,3,10,Paid
SU10377,B09718,S0047,2024-11-25,1,20,Paid
SU10378,B07025,S0009,2024-09-11,1,0,Paid
SU10379,B04824,S0005,2024-09-17,1,0,Paid
SU10380,B09454,S0145,2024-12-27,8,5,Paid
SU10381,B08180,S0116,2026-03-20,1,0,Paid
SU10382,B07791,S0043,2026-07-10,4,5,Pending
SU10383,B03525,S0109,2026-06-03,4,5,Paid
SU10384,B09905,S0108,2026-07-29,3,10,Paid
SU10385,B05294,S0051,2025-02-26,1,15,Pending
SU10386,B07720,S0091,2025-03-26,2,5,Paid
SU10387,B04310,S0116,2024-01-10,2,10,Paid
SU10388,B03164,S0025,2024-12-24,5,0,Paid
SU10389,B03578,S0017,2025-11-21,2,5,Paid
SU10390,B09070,S0115,2024-11-09,5,5,Pending
SU10391,B03518,S0117,2025-04-15,2,0,Paid
SU10392,B09124,S0116,2025-08-22,1,25,Paid
SU10393,B04959,S0041,2024-04-05,1,0,Pending
SU10394,B09072,S0052,2025-06-14,3,10,Paid
SU10395,B08900,S0097,2024-03-12,5,0,Paid
SU10396,B07403,S0122,2026-08-21,3,10,Paid
SU10397,B09954,S0030,2026-05-14,2,5,Paid
SU10398,B05417,S0058,2025-09-08,1,25,Paid
SU10399,B09676,S0008,2024-02-18,1,0,Paid
SU10400,B07774,S0016,2024-07-16,1,0,Paid
SU10401,B00614,S0090,2025-12-19,2,15,Paid
SU10402,B04237,S0061,2024-12-13,4,15,Paid
SU10403,B04495,S0116,2026-02-15,3,10,Paid
SU10404,B01128,S0065,2024-11-18,2,5,Paid
SU10405,B03602,S0071,2024-12-09,3,0,Pending
SU10406,B06905,S0034,2025-07-06,1,25,Pending
SU10407,B01601,S0050,2025-02-10,4,5,Paid
SU10408,B05441,S0100,2026-03-28,3,5,Paid
SU10409,B08448,S0019,2025-07-02,2,0,Paid
SU10410,B07207,S0012,2026-04-02,1,5,Paid
SU10411,B02704,S0140,2024-07-27,1,20,Paid
SU10412,B02879,S0045,2024-09-09,1,10,Paid
SU10413,B07529,S0120,2026-02-22,3,25,Paid
SU10414,B02329,S0103,2024-08-31,4,15,Paid
SU10415,B07219,S0065,2026-06-01,4,5,Pending
SU10416,B06618,S0089,2024-08-29,1,10,Paid
SU10417,B08501,S0116,2025-10-07,1,0,Paid
SU10418,B02476,S0040,2024-09-03,5,5,Pending
SU10419,B04857,S0123,2025-03-25,2,20,Paid
SU10420,B02646,S0008,2026-04-03,1,5,Paid
SU10421,B01637,S0088,2026-05-03,1,0,Paid
SU10422,B00114,S0104,2025-04-23,4,0,Pending
SU10423,B06752,S0114,2024-11-03,3,10,Paid
SU10424,B05801,S0009,2025-05-30,2,15,Paid
SU10425,B04409,S0101,2026-06-12,2,0,Paid
SU10426,B06307,S0115,2024-09-02,6,10,Paid
SU10427,B05401,S0098,2026-08-29,1,0,Paid
SU10428,B07227,S0102,2026-08-21,6,15,Paid
SU10429,B03494,S0053,2026-03-01,1,0,Paid
SU10430,B08480,S0050,2025-01-19,4,15,Paid
SU10431,B06813,S0017,2026-04-22,6,5,Paid
SU10432,B01896,S0135,2026-04-23,4,0,Paid
SU10433,B02498,S0031,2026-03-11,1,0,Paid
SU10434,B00728,S0038,2026-07-15,2,10,Paid
SU10435,B06779,S0133,2025-11-11,5,5,Paid
SU10436,B09173,S0114,2026-07-07,1,5,Paid
SU10437,B06930,S0041,2024-04-01,2,0,Paid
SU10438,B06916,S0095,2025-10-06,4,0,Paid
SU10439,B01536,S0090,2024-02-03,8,15,Paid
SU10440,B09345,S0116,2026-06-06,1,0,Paid
SU10441,B01916,S0023,2026-08-17,1,20,Paid
SU10442,B02192,S0046,2026-02-28,2,20,Paid
SU10443,B04484,S0121,2026-02-18,2,5,Paid
SU10444,B02734,S0052,2025-08-28,1,5,Paid
SU10445,B02453,S0117,2025-10-07,3,15,Paid
SU10446,B04705,S0123,2026-04-09,4,5,Pending
SU10447,B03121,S0029,2024-08-28,2,10,Paid
SU10448,B04924,S0036,2026-08-19,2,20,Paid
SU10449,B00428,S0007,2024-10-02,1,5,Paid
SU10450,B02819,S0088,2026-02-01,2,5,Paid
SU10451,B09253,S0028,2025-01-25,5,10,Paid
SU10452,B07638,S0138,2025-12-23,2,0,Paid
SU10453,B08102,S0136,2025-12-27,5,0,Paid
SU10454,B00579,S0116,2024-09-19,1,0,Paid
SU10455,B04324,S0015,2025-09-20,1,10,Paid
SU10456,B05526,S0056,2025-12-20,4,10,Paid
SU10457,B01342,S0121,2025-01-12,3,10,Paid
SU10458,B04166,S0015,2026-03-01,2,15,Paid
SU10459,B01208,S0023,2024-11-09,2,10,Paid
SU10460,B09041,S0149,2026-03-24,4,0,Paid
SU10461,B06751,S0097,2026-07-12,5,0,Paid
SU10462,B03959,S0029,2024-05-23,1,5,Pending
SU10463,B06568,S0086,2025-02-17,5,0,Paid
SU10464,B02993,S0112,2026-08-15,5,0,Paid
SU10465,B09123,S0040,2025-06-09,1,0,Paid
SU10466,B05721,S0025,2026-06-24,1,15,Paid
SU10467,B01820,S0033,2024-11-05,1,0,Paid
SU10468,B08087,S0009,2026-08-04,2,10,Paid
SU10469,B02413,S0003,2024-01-22,6,5,Paid
SU10470,B06162,S0028,2026-08-20,2,0,Paid
SU10471,B02915,S0087,2025-09-27,4,5,Paid
SU10472,B06591,S0029,2025-11-01,3,0,Paid
SU10473,B04560,S0123,2026-02-17,3,5,Paid
SU10474,B05919,S0029,2024-03-23,2,0,Paid
SU10475,B05818,S0063,2026-06-05,1,5,Paid
SU10476,B07946,S0050,2026-01-02,3,5,Pending
SU10477,B04957,S0030,2024-10-27,1,0,Paid
SU10478,B06077,S0006,2025-11-19,6,5,Complimentary
SU10479,B08205,S0100,2026-03-14,2,0,Paid
SU10480,B01774,S0089,2025-04-08,1,0,Pending
SU10481,B08565,S0019,2025-04-28,4,5,Paid
SU10482,B01930,S0004,2025-05-08,2,5,Paid
SU10483,B02935,S0010,2025-06-07,2,5,Paid
SU10484,B04034,S0056,2026-08-30,10,10,Paid
SU10485,B05841,S0053,2026-08-27,1,0,Paid
SU10486,B00287,S0035,2024-11-13,4,5,Paid
SU10487,B04868,S0052,2024-02-07,1,5,Paid
SU10488,B01040,S0063,2025-09-15,1,5,Paid
SU10489,B01176,S0002,2025-07-24,3,0,Paid
SU10490,B00651,S0062,2026-01-12,1,10,Pending
SU10491,B02356,S0094,2026-07-24,2,0,Paid
SU10492,B05921,S0098,2024-08-21,2,0,Paid
SU10493,B02203,S0105,2024-06-10,1,25,Paid
SU10494,B01378,S0107,2026-03-30,1,15,Paid
SU10495,B05400,S0094,2026-06-18,1,5,Paid
SU10496,B08487,S0055,2025-09-22,3,10,Paid
SU10497,B05579,S0020,2025-02-16,1,0,Paid
SU10498,B07733,S0009,2025-10-10,1,5,Paid
SU10499,B05270,S0037,2024-09-21,3,10,Paid
SU10500,B02656,S0009,2025-12-06,1,0,Paid
SU10501,B03713,S0051,2024-07-27,2,5,Pending
SU10502,B08338,S0097,2026-08-04,1,0,Paid
SU10503,B04523,S0006,2024-01-15,3,5,Paid
SU10504,B02428,S0099,2025-10-19,2,25,Pending
SU10505,B05306,S0034,2024-12-09,4,10,Paid
SU10506,B05811,S0007,2025-09-23,1,0,Paid
SU10507,B03823,S0070,2025-12-06,3,5,Paid
SU10508,B05962,S0031,2026-03-28,1,20,Paid
SU10509,B09891,S0025,2026-07-07,4,10,Paid
SU10510,B05373,S0103,2024-08-15,1,0,Paid
SU10511,B08464,S0070,2025-04-30,1,5,Paid
SU10512,B06758,S0109,2026-02-05,6,15,Paid
SU10513,B00844,S0143,2025-12-04,6,0,Complimentary
SU10514,B08417,S0025,2025-10-22,3,10,Paid
SU10515,B01916,S0028,2026-08-19,4,0,Paid
SU10516,B06753,S0138,2026-08-15,2,25,Paid
SU10517,B07766,S0024,2025-09-06,1,10,Paid
SU10518,B05648,S0030,2025-08-06,1,5,Paid
SU10519,B07658,S0044,2026-05-24,1,10,Paid
SU10520,B00850,S0044,2026-02-14,1,10,Paid
SU10521,B04174,S0017,2026-07-31,1,15,Paid
SU10522,B07091,S0004,2024-06-01,1,5,Paid
SU10523,B04149,S0006,2026-06-19,5,0,Paid
SU10524,B05651,S0038,2024-02-23,3,10,Paid
SU10525,B05526,S0059,2025-12-20,3,0,Paid
SU10526,B09693,S0032,2025-11-09,2,0,Paid
SU10527,B06232,S0022,2026-08-22,1,20,Paid
SU10528,B07815,S0051,2026-06-26,3,5,Paid
SU10529,B08814,S0100,2025-09-10,1,5,Paid
SU10530,B00045,S0118,2026-03-05,2,0,Paid
SU10531,B06093,S0017,2026-04-16,5,10,Paid
SU10532,B02239,S0037,2026-07-19,2,0,Paid
SU10533,B04454,S0069,2024-02-12,1,0,Paid
SU10534,B07156,S0027,2026-08-11,1,15,Paid
SU10535,B03178,S0028,2024-01-08,2,10,Paid
SU10536,B05981,S0025,2026-08-30,10,0,Paid
SU10537,B06093,S0014,2026-04-15,3,25,Paid
SU10538,B02905,S0074,2026-07-14,2,10,Paid
SU10539,B06905,S0038,2025-07-06,2,0,Paid
SU10540,B03344,S0044,2024-09-25,2,10,Paid
SU10541,B08338,S0098,2026-08-03,2,25,Paid
SU10542,B08163,S0051,2026-07-25,2,5,Paid
SU10543,B00860,S0022,2024-12-10,1,0,Paid
SU10544,B07040,S0119,2024-08-09,1,20,Paid
SU10545,B04281,S0110,2024-03-04,2,0,Paid
SU10546,B04781,S0116,2026-08-04,1,0,Paid
SU10547,B05253,S0024,2025-01-05,1,15,Pending
SU10548,B02850,S0042,2024-04-02,8,0,Paid
SU10549,B08640,S0116,2026-04-16,1,0,Paid
SU10550,B07102,S0138,2024-03-05,1,10,Paid
SU10551,B08260,S0144,2026-01-28,2,0,Paid
SU10552,B07718,S0124,2026-07-31,3,10,Paid
SU10553,B09963,S0151,2024-05-21,2,0,Paid
SU10554,B05265,S0004,2024-08-31,1,0,Paid
SU10555,B05543,S0051,2024-10-30,4,0,Paid
SU10556,B00680,S0146,2024-12-17,4,5,Complimentary
SU10557,B09257,S0061,2025-09-04,1,10,Paid
SU10558,B02983,S0086,2025-03-24,2,0,Paid
SU10559,B00971,S0055,2026-07-28,2,10,Paid
SU10560,B05529,S0120,2026-08-20,1,0,Paid
SU10561,B03882,S0002,2025-10-08,3,25,Paid
SU10562,B06279,S0089,2024-08-14,1,0,Paid
SU10563,B03841,S0106,2026-02-20,3,0,Paid
SU10564,B09879,S0103,2025-02-27,6,10,Paid
SU10565,B07641,S0014,2026-03-11,5,5,Paid
SU10566,B09312,S0035,2024-04-29,1,5,Paid
SU10567,B02255,S0123,2026-08-24,2,15,Paid
SU10568,B01542,S0050,2024-01-24,2,10,Paid
SU10569,B09499,S0118,2026-07-27,6,0,Paid
SU10570,B09545,S0150,2025-08-03,1,0,Paid
SU10571,B04836,S0149,2025-12-23,4,0,Paid
SU10572,B02433,S0101,2025-11-02,1,10,Paid
SU10573,B03103,S0150,2024-11-16,1,0,Paid
SU10574,B04691,S0101,2025-10-27,1,0,Paid
SU10575,B08694,S0149,2025-10-03,5,10,Paid
SU10576,B00906,S0002,2026-08-23,3,20,Paid
SU10577,B00395,S0046,2026-02-07,4,5,Paid
SU10578,B01299,S0114,2025-12-16,1,0,Paid
SU10579,B06977,S0008,2026-08-14,2,0,Paid
SU10580,B02924,S0127,2026-01-18,4,15,Paid
SU10581,B08097,S0126,2026-07-18,3,5,Paid
SU10582,B00209,S0044,2026-02-20,1,10,Paid
SU10583,B05270,S0038,2024-09-20,1,0,Paid
SU10584,B01669,S0126,2025-02-10,1,25,Paid
SU10585,B05620,S0087,2026-05-22,4,10,Pending
SU10586,B06441,S0033,2025-11-15,1,10,Complimentary
SU10587,B06282,S0010,2026-03-02,3,5,Paid
SU10588,B04557,S0114,2026-08-28,2,10,Paid
SU10589,B08923,S0021,2026-03-15,1,5,Paid
SU10590,B09378,S0040,2025-12-13,2,0,Paid
SU10591,B02560,S0090,2026-06-04,6,0,Paid
SU10592,B04967,S0065,2025-05-29,4,0,Paid
SU10593,B04150,S0147,2026-02-16,3,0,Complimentary
SU10594,B03145,S0035,2024-03-05,2,5,Paid
SU10595,B08059,S0098,2025-04-06,2,5,Paid
SU10596,B05418,S0044,2025-12-25,1,0,Paid
SU10597,B07324,S0004,2025-03-31,5,0,Paid
SU10598,B00479,S0030,2026-06-04,2,0,Paid
SU10599,B00591,S0006,2026-07-10,3,5,Paid
SU10600,B01156,S0005,2025-11-16,1,0,Paid
SU10601,B07061,S0062,2025-04-26,1,5,Pending
SU10602,B07082,S0087,2026-04-17,2,0,Paid
SU10603,B04887,S0140,2026-02-14,1,10,Paid
SU10604,B01686,S0093,2026-01-31,5,10,Paid
SU10605,B02754,S0144,2026-08-16,2,0,Paid
SU10606,B05880,S0088,2026-07-29,4,10,Paid
SU10607,B07704,S0040,2024-03-10,2,0,Paid
SU10608,B08997,S0014,2025-04-02,4,0,Paid
SU10609,B07521,S0095,2026-03-01,3,0,Paid
SU10610,B01962,S0128,2025-06-20,1,0,Paid
SU10611,B04275,S0107,2025-11-19,1,5,Paid
SU10612,B07501,S0116,2024-11-05,1,0,Paid
SU10613,B00599,S0113,2024-03-11,3,5,Paid
SU10614,B01588,S0004,2024-10-20,4,0,Pending
SU10615,B08275,S0087,2024-12-28,2,10,Paid
SU10616,B09234,S0071,2025-10-11,1,0,Paid
SU10617,B06848,S0093,2025-12-24,3,10,Paid
SU10618,B00159,S0017,2025-08-02,3,10,Paid
SU10619,B03169,S0038,2025-07-11,1,5,Paid
SU10620,B01989,S0041,2026-06-19,4,10,Paid
SU10621,B09868,S0039,2026-01-04,2,15,Complimentary
SU10622,B06707,S0035,2026-05-04,3,5,Paid
SU10623,B03569,S0047,2024-04-23,1,5,Paid
SU10624,B05519,S0127,2026-01-05,3,20,Paid
SU10625,B05289,S0026,2026-08-07,8,0,Paid
SU10626,B04844,S0133,2026-02-11,2,15,Paid
SU10627,B06346,S0071,2026-04-29,1,10,Paid
SU10628,B07920,S0046,2025-09-18,5,5,Paid
SU10629,B09638,S0048,2026-08-19,4,10,Paid
SU10630,B08735,S0030,2026-02-27,1,0,Complimentary
SU10631,B06142,S0118,2026-07-24,8,10,Paid
SU10632,B04574,S0015,2025-01-04,2,0,Paid
SU10633,B00558,S0011,2026-01-28,5,5,Paid
SU10634,B09392,S0032,2024-10-15,10,5,Paid
SU10635,B04904,S0098,2025-05-26,1,15,Paid
SU10636,B05640,S0119,2024-09-19,3,0,Paid
SU10637,B09626,S0051,2025-07-22,5,5,Paid
SU10638,B05524,S0014,2026-07-03,3,15,Paid
SU10639,B04479,S0088,2026-04-27,2,15,Paid
SU10640,B01045,S0015,2026-04-16,1,0,Paid
SU10641,B05680,S0065,2026-02-14,3,15,Paid
SU10642,B02408,S0143,2025-12-10,3,15,Paid
SU10643,B03845,S0099,2024-09-16,1,0,Pending
SU10644,B07129,S0032,2026-08-30,2,10,Paid
SU10645,B09748,S0093,2024-02-22,5,10,Paid
SU10646,B00061,S0123,2026-04-09,2,10,Paid
SU10647,B07471,S0108,2024-04-06,3,0,Pending
SU10648,B07574,S0011,2025-01-09,3,0,Paid
SU10649,B07592,S0024,2026-02-04,2,0,Paid
SU10650,B06725,S0100,2024-09-06,4,0,Paid
SU10651,B05731,S0151,2025-12-25,1,20,Paid
SU10652,B00838,S0072,2025-10-05,6,5,Paid
SU10653,B06927,S0146,2026-08-04,2,0,Paid
SU10654,B05408,S0031,2024-10-03,1,0,Paid
SU10655,B06645,S0089,2025-05-28,1,0,Paid
SU10656,B03029,S0081,2026-04-09,1,10,Paid
SU10657,B00478,S0025,2026-03-06,4,0,Pending
SU10658,B07989,S0110,2025-03-09,5,0,Paid
SU10659,B01677,S0151,2024-02-02,1,10,Paid
SU10660,B02604,S0006,2024-10-21,3,5,Paid
SU10661,B00813,S0022,2025-05-30,3,0,Paid
SU10662,B02604,S0008,2024-10-24,1,20,Paid
SU10663,B09165,S0023,2026-03-28,1,0,Paid
SU10664,B07976,S0148,2026-02-17,3,0,Paid
SU10665,B09238,S0045,2026-04-20,1,10,Paid
SU10666,B05804,S0030,2026-05-24,1,0,Paid
SU10667,B00124,S0011,2024-02-17,4,10,Paid
SU10668,B09665,S0012,2025-05-24,1,0,Paid
SU10669,B01314,S0015,2025-05-22,2,0,Paid
SU10670,B03322,S0039,2025-11-22,8,15,Paid
SU10671,B06913,S0008,2024-03-11,2,5,Paid
SU10672,B02221,S0010,2026-03-22,3,20,Paid
SU10673,B02088,S0098,2026-03-10,1,0,Paid
SU10674,B04074,S0008,2025-05-30,2,5,Paid
SU10675,B01668,S0027,2026-03-13,1,5,Pending
SU10676,B02604,S0007,2024-10-21,1,5,Paid
SU10677,B03128,S0050,2026-02-27,1,10,Paid
SU10678,B04201,S0026,2026-01-26,4,0,Paid
SU10679,B05309,S0067,2025-04-01,2,0,Paid
SU10680,B08985,S0033,2026-05-16,1,0,Paid
SU10681,B03570,S0042,2025-02-01,1,10,Paid
SU10682,B04271,S0138,2026-08-22,2,15,Paid
SU10683,B02468,S0142,2026-08-04,2,0,Paid
SU10684,B04440,S0025,2026-08-30,8,10,Paid
SU10685,B09681,S0148,2025-10-01,6,10,Paid
SU10686,B06763,S0045,2025-11-09,2,0,Paid
SU10687,B02165,S0012,2025-01-29,1,10,Complimentary
SU10688,B02306,S0045,2025-07-02,1,10,Paid
SU10689,B06201,S0125,2025-11-03,3,10,Paid
SU10690,B08847,S0050,2026-06-13,1,10,Paid
SU10691,B06206,S0021,2024-09-15,1,5,Complimentary
SU10692,B08550,S0017,2026-01-07,3,0,Paid
SU10693,B01711,S0032,2025-10-27,2,15,Paid
SU10694,B03065,S0146,2025-07-15,3,5,Paid
SU10695,B03263,S0125,2024-06-13,5,15,Paid
SU10696,B02798,S0059,2024-08-27,2,0,Complimentary
SU10697,B08910,S0050,2025-04-06,1,25,Paid
SU10698,B08584,S0089,2026-03-20,1,0,Paid
SU10699,B04162,S0091,2024-12-23,5,0,Paid
SU10700,B09175,S0012,2026-07-02,1,15,Pending
SU10701,B03475,S0107,2024-12-16,2,10,Paid
SU10702,B05825,S0089,2026-05-04,1,10,Paid
SU10703,B02183,S0046,2025-11-15,1,5,Paid
SU10704,B05098,S0030,2025-05-15,1,0,Paid
SU10705,B02597,S0030,2026-04-17,1,10,Paid
SU10706,B04965,S0005,2025-11-12,1,0,Paid
SU10707,B02983,S0089,2025-03-24,3,5,Paid
SU10708,B01962,S0129,2025-06-23,5,5,Paid
SU10709,B01877,S0087,2026-07-31,1,5,Paid
SU10710,B09485,S0006,2024-03-15,2,0,Complimentary
SU10711,B03724,S0009,2025-05-26,1,15,Paid
SU10712,B03606,S0115,2026-04-30,3,15,Paid
SU10713,B07615,S0095,2025-08-18,8,10,Paid
SU10714,B06874,S0104,2024-03-27,4,0,Paid
SU10715,B09466,S0018,2024-04-20,1,15,Paid
SU10716,B02156,S0023,2026-06-15,2,5,Paid
SU10717,B00960,S0138,2026-07-29,1,15,Paid
SU10718,B02487,S0011,2026-02-20,4,10,Paid
SU10719,B07793,S0003,2026-02-11,2,15,Paid
SU10720,B09361,S0024,2024-03-25,2,10,Paid
SU10721,B02413,S0003,2024-01-19,3,0,Paid
SU10722,B02749,S0002,2026-04-14,2,5,Pending
SU10723,B06526,S0023,2025-11-28,1,0,Paid
SU10724,B04714,S0036,2026-04-26,1,15,Paid
SU10725,B00453,S0147,2026-04-09,2,10,Paid
SU10726,B07422,S0039,2024-03-04,8,5,Paid
SU10727,B02389,S0148,2024-01-10,5,15,Paid
SU10728,B09324,S0108,2026-02-26,3,10,Paid
SU10729,B07151,S0138,2026-01-07,1,0,Pending
SU10730,B00327,S0049,2026-02-09,1,5,Paid
SU10731,B07064,S0025,2026-06-22,1,0,Paid
SU10732,B00495,S0009,2026-02-21,2,10,Paid
SU10733,B00039,S0118,2026-02-20,6,5,Paid
SU10734,B05936,S0072,2025-09-20,2,5,Paid
SU10735,B04247,S0029,2026-08-27,4,0,Paid
SU10736,B02401,S0069,2025-10-13,3,15,Paid
SU10737,B03893,S0097,2024-12-26,3,0,Paid
SU10738,B07512,S0099,2024-10-15,2,0,Paid
SU10739,B07064,S0025,2026-06-23,3,10,Paid
SU10740,B03231,S0131,2024-12-19,4,25,Paid
SU10741,B06888,S0097,2024-09-20,3,5,Paid
SU10742,B00448,S0147,2025-02-20,10,5,Paid
SU10743,B07799,S0012,2024-10-08,1,0,Paid
SU10744,B02403,S0115,2026-07-09,4,5,Paid
SU10745,B01443,S0033,2026-05-23,1,0,Paid
SU10746,B03346,S0103,2026-04-29,3,5,Paid
SU10747,B07238,S0046,2025-08-28,3,5,Paid
SU10748,B06650,S0027,2025-12-25,2,10,Paid
SU10749,B08057,S0141,2026-01-15,1,10,Paid
SU10750,B06122,S0061,2025-02-24,2,15,Paid
SU10751,B09435,S0139,2024-12-31,2,0,Paid
SU10752,B06874,S0103,2024-03-27,1,5,Paid
SU10753,B05883,S0046,2025-02-11,3,15,Paid
SU10754,B00951,S0029,2026-07-05,4,20,Paid
SU10755,B01176,S0009,2025-07-22,1,5,Paid
SU10756,B09809,S0052,2024-10-08,1,0,Pending
SU10757,B05625,S0017,2026-08-08,1,0,Paid
SU10758,B07481,S0006,2026-02-01,3,0,Paid
SU10759,B05268,S0127,2025-10-19,4,0,Paid
SU10760,B05881,S0126,2025-08-31,2,10,Paid
SU10761,B05531,S0006,2024-09-26,4,5,Paid
SU10762,B01226,S0034,2024-07-03,3,20,Paid
SU10763,B00009,S0032,2024-01-31,8,25,Paid
SU10764,B07095,S0030,2025-12-15,1,25,Paid
SU10765,B05426,S0035,2024-10-25,3,0,Paid
SU10766,B05043,S0004,2024-01-11,3,5,Paid
SU10767,B08126,S0073,2026-05-14,1,10,Paid
SU10768,B02397,S0096,2026-07-14,6,10,Paid
SU10769,B04032,S0033,2026-03-30,2,15,Paid
SU10770,B02373,S0110,2025-10-25,4,0,Paid
SU10771,B01816,S0146,2026-04-01,3,0,Paid
SU10772,B08679,S0039,2026-08-23,3,0,Pending
SU10773,B00536,S0049,2026-08-21,1,0,Paid
SU10774,B08340,S0051,2026-06-11,1,0,Pending
SU10775,B06683,S0116,2024-07-23,2,0,Paid
SU10776,B09378,S0034,2025-12-13,1,20,Paid
SU10777,B01547,S0052,2024-06-01,2,0,Paid
SU10778,B02121,S0045,2026-08-19,1,0,Paid
SU10779,B06821,S0034,2026-05-11,3,10,Paid
SU10780,B00980,S0115,2024-10-29,2,5,Pending
SU10781,B02211,S0050,2026-08-18,4,25,Paid
SU10782,B06053,S0027,2024-06-23,3,25,Paid
SU10783,B03855,S0103,2024-11-01,6,25,Paid
SU10784,B08141,S0086,2026-08-25,3,5,Paid
SU10785,B08633,S0120,2025-08-06,3,5,Paid
SU10786,B03009,S0026,2026-01-12,3,0,Paid
SU10787,B03665,S0127,2026-07-21,5,5,Paid
SU10788,B09252,S0126,2024-02-13,1,5,Paid
SU10789,B08763,S0055,2025-10-30,3,0,Paid
SU10790,B06278,S0089,2025-01-17,1,0,Pending
SU10791,B09129,S0023,2024-11-10,1,15,Pending
SU10792,B01255,S0029,2026-08-20,1,10,Paid
SU10793,B07779,S0137,2024-07-22,3,0,Paid
SU10794,B09164,S0093,2026-03-16,6,0,Paid
SU10795,B06881,S0114,2026-02-11,2,0,Paid
SU10796,B08923,S0012,2026-03-16,1,5,Paid
SU10797,B09524,S0030,2026-06-21,1,0,Pending
SU10798,B05191,S0030,2025-12-16,1,5,Paid
SU10799,B08845,S0032,2026-08-09,2,0,Paid
SU10800,B02000,S0049,2025-12-20,1,5,Paid
SU10801,B08738,S0098,2026-04-11,2,20,Paid
SU10802,B01906,S0140,2026-06-11,3,0,Paid
SU10803,B00857,S0072,2025-11-14,2,10,Paid
SU10804,B04766,S0032,2026-01-27,8,0,Paid
SU10805,B01430,S0108,2026-05-30,4,0,Paid
SU10806,B02470,S0111,2025-01-03,1,15,Paid
SU10807,B02863,S0019,2026-05-05,5,15,Paid
SU10808,B07420,S0032,2025-12-20,3,5,Paid
SU10809,B09099,S0037,2026-08-02,1,0,Paid
SU10810,B08616,S0029,2025-07-05,3,0,Paid
SU10811,B01145,S0107,2026-07-05,1,20,Pending
SU10812,B04574,S0019,2025-01-04,2,0,Paid
SU10813,B08683,S0038,2025-11-14,3,0,Paid
SU10814,B07294,S0023,2025-08-24,1,0,Pending
SU10815,B08765,S0038,2025-07-04,1,10,Paid
SU10816,B02075,S0003,2025-09-11,1,5,Paid
SU10817,B07304,S0048,2026-05-08,3,5,Paid
SU10818,B02284,S0051,2024-01-08,3,0,Paid
SU10819,B04284,S0048,2024-12-05,4,15,Paid
SU10820,B09995,S0019,2026-05-18,1,0,Paid
SU10821,B08396,S0008,2026-07-29,2,5,Paid
SU10822,B04416,S0052,2026-06-17,1,10,Complimentary
SU10823,B01385,S0110,2025-09-26,2,15,Paid
SU10824,B08690,S0091,2024-04-06,6,0,Paid
SU10825,B04550,S0092,2025-01-26,2,15,Paid
SU10826,B04497,S0020,2026-07-06,1,0,Paid
SU10827,B03565,S0123,2026-06-03,3,10,Paid
SU10828,B03276,S0125,2025-05-13,3,10,Pending
SU10829,B07475,S0030,2026-07-20,1,0,Paid
SU10830,B08883,S0135,2026-02-01,3,5,Pending
SU10831,B05510,S0116,2025-10-21,2,15,Complimentary
SU10832,B00776,S0126,2025-09-25,2,5,Paid
SU10833,B00598,S0120,2025-09-17,3,0,Paid
SU10834,B04001,S0121,2026-06-01,1,10,Paid
SU10835,B03326,S0115,2026-07-25,4,0,Paid
SU10836,B00384,S0011,2025-11-09,5,0,Paid
SU10837,B00930,S0059,2026-08-11,3,0,Paid
SU10838,B04348,S0122,2025-06-22,5,10,Paid
SU10839,B06750,S0107,2026-05-08,10,10,Paid
SU10840,B02922,S0002,2026-05-18,2,5,Paid
SU10841,B03945,S0018,2024-02-12,4,0,Complimentary
SU10842,B03691,S0065,2024-12-26,4,5,Paid
SU10843,B01921,S0023,2025-02-06,1,10,Paid
SU10844,B08170,S0110,2026-07-04,2,5,Paid
SU10845,B03580,S0057,2026-05-22,6,5,Paid
SU10846,B06682,S0027,2024-02-09,3,0,Paid
SU10847,B09561,S0087,2026-03-16,3,25,Paid
SU10848,B02086,S0144,2026-08-30,4,15,Paid
SU10849,B07928,S0145,2026-05-29,8,5,Paid
SU10850,B01044,S0030,2026-08-21,3,10,Paid
SU10851,B03923,S0028,2026-01-02,2,15,Paid
SU10852,B00933,S0138,2026-05-31,1,0,Paid
SU10853,B08062,S0026,2024-05-23,3,5,Paid
SU10854,B03799,S0029,2025-10-28,4,15,Paid
SU10855,B08818,S0043,2024-02-25,5,15,Paid
SU10856,B07560,S0041,2026-07-05,2,0,Paid
SU10857,B03308,S0009,2026-04-06,2,20,Paid
SU10858,B06868,S0056,2026-01-20,8,10,Paid
SU10859,B01195,S0033,2024-03-29,1,5,Paid
SU10860,B02554,S0003,2026-02-19,5,15,Paid
SU10861,B07282,S0035,2025-04-22,6,0,Paid
SU10862,B01249,S0065,2026-02-09,2,0,Paid
SU10863,B08398,S0029,2026-06-30,3,5,Pending
SU10864,B00454,S0124,2024-02-21,1,5,Paid
SU10865,B06087,S0118,2026-08-27,4,0,Paid
SU10866,B05036,S0009,2026-08-17,1,0,Pending
SU10867,B09386,S0024,2024-04-13,1,20,Paid
SU10868,B08848,S0117,2025-11-18,1,0,Pending
SU10869,B01741,S0037,2026-05-27,3,10,Paid
SU10870,B06881,S0117,2026-02-11,3,0,Paid
SU10871,B06692,S0122,2026-08-23,1,15,Paid
SU10872,B08803,S0127,2026-06-21,2,10,Pending
SU10873,B05732,S0017,2026-04-20,5,25,Paid
SU10874,B09550,S0150,2026-08-10,1,0,Paid
SU10875,B03763,S0112,2026-05-17,2,5,Paid
SU10876,B00612,S0059,2025-12-22,3,15,Paid
SU10877,B03377,S0050,2026-07-25,3,5,Complimentary
SU10878,B08622,S0147,2025-04-20,3,10,Paid
SU10879,B09832,S0002,2026-01-30,1,15,Paid
SU10880,B03230,S0019,2026-02-16,5,5,Paid
SU10881,B06109,S0118,2024-05-20,5,5,Paid
SU10882,B03568,S0118,2026-06-24,2,10,Paid
SU10883,B05037,S0134,2024-06-22,4,0,Paid
SU10884,B06410,S0007,2025-12-15,1,0,Paid
SU10885,B05778,S0028,2025-12-05,1,10,Paid
SU10886,B06234,S0032,2025-01-17,5,0,Paid
SU10887,B05041,S0126,2026-01-04,3,5,Paid
SU10888,B09496,S0009,2024-10-14,2,0,Paid
SU10889,B07495,S0137,2026-03-26,2,0,Paid
SU10890,B02072,S0093,2026-07-07,1,20,Paid
SU10891,B02985,S0087,2025-09-24,2,15,Paid
SU10892,B05787,S0118,2025-11-14,1,25,Paid
SU10893,B02551,S0055,2026-08-25,1,0,Paid
SU10894,B07262,S0036,2025-01-23,1,5,Paid
SU10895,B03038,S0121,2025-03-31,8,5,Paid
SU10896,B06404,S0004,2025-08-29,4,10,Paid
SU10897,B07258,S0075,2026-07-10,2,0,Paid
SU10898,B02599,S0124,2026-02-27,1,5,Paid
SU10899,B00394,S0120,2025-07-23,4,20,Pending
SU10900,B04250,S0119,2025-02-16,1,0,Paid
SU10901,B08196,S0135,2024-04-09,6,0,Paid
SU10902,B00932,S0039,2026-01-17,5,5,Paid
SU10903,B03700,S0057,2026-05-22,4,5,Paid
SU10904,B02453,S0118,2025-10-06,5,0,Paid
SU10905,B01320,S0022,2024-02-13,2,10,Paid
SU10906,B04583,S0014,2026-05-22,6,10,Paid
SU10907,B01947,S0036,2026-03-16,1,0,Paid
SU10908,B08830,S0088,2025-03-12,4,0,Paid
SU10909,B09423,S0031,2025-07-28,3,0,Paid
SU10910,B05113,S0093,2024-06-02,4,5,Paid
SU10911,B05208,S0124,2025-10-03,2,15,Paid
SU10912,B04692,S0036,2026-02-09,1,5,Paid
SU10913,B03962,S0057,2026-04-07,2,0,Paid
SU10914,B04965,S0009,2025-11-14,1,10,Paid
SU10915,B01515,S0126,2025-03-18,1,5,Paid
SU10916,B03260,S0126,2025-05-07,2,5,Paid
SU10917,B00069,S0136,2024-10-13,4,0,Paid
SU10918,B07261,S0098,2026-05-13,1,20,Paid
SU10919,B02904,S0005,2026-04-10,2,0,Paid
SU10920,B09024,S0095,2026-07-18,10,0,Paid
SU10921,B01141,S0023,2025-01-14,3,0,Paid
SU10922,B07778,S0090,2026-02-05,4,0,Paid
SU10923,B03894,S0009,2024-09-04,1,0,Paid
SU10924,B09550,S0150,2026-08-10,1,0,Paid
SU10925,B06059,S0033,2024-12-14,1,25,Paid
SU10926,B09235,S0105,2024-04-26,8,15,Paid
SU10927,B08280,S0073,2024-10-13,1,0,Paid
SU10928,B01229,S0092,2024-12-12,2,10,Paid
SU10929,B06855,S0088,2025-03-27,4,5,Paid
SU10930,B07980,S0122,2025-05-04,1,5,Paid
SU10931,B00354,S0022,2026-01-03,1,5,Paid
SU10932,B08820,S0094,2025-09-19,3,0,Paid
SU10933,B03335,S0094,2026-08-21,2,10,Paid
SU10934,B01834,S0067,2025-11-20,1,0,Paid
SU10935,B09329,S0117,2024-12-18,3,10,Pending
SU10936,B00489,S0149,2025-05-28,2,0,Paid
SU10937,B00593,S0007,2026-05-03,1,0,Paid
SU10938,B08870,S0042,2026-05-25,1,0,Pending
SU10939,B06399,S0085,2025-01-10,1,0,Paid
SU10940,B01897,S0053,2026-07-27,1,0,Paid
SU10941,B09591,S0015,2025-08-03,2,0,Paid
SU10942,B02727,S0103,2025-11-15,2,0,Paid
SU10943,B07583,S0113,2025-01-23,1,0,Paid
SU10944,B03724,S0005,2025-05-26,2,5,Paid
SU10945,B03368,S0029,2026-05-19,5,10,Paid
SU10946,B02622,S0110,2024-05-27,6,0,Paid
SU10947,B01110,S0052,2025-11-19,3,0,Paid
SU10948,B08446,S0115,2024-03-22,2,0,Paid
SU10949,B02976,S0114,2024-07-15,5,5,Pending
SU10950,B03637,S0058,2025-03-08,1,0,Paid
SU10951,B09402,S0068,2024-10-06,3,5,Paid
SU10952,B08489,S0103,2025-03-16,5,5,Paid
SU10953,B01774,S0088,2025-04-07,3,15,Paid
SU10954,B03563,S0011,2024-12-20,2,5,Paid
SU10955,B07575,S0137,2024-07-10,1,0,Paid
SU10956,B06808,S0041,2026-05-19,1,0,Paid
SU10957,B04740,S0018,2024-09-21,3,0,Pending
SU10958,B00477,S0108,2026-02-26,2,5,Paid
SU10959,B08926,S0151,2024-10-03,1,10,Paid
SU10960,B00208,S0029,2025-12-03,2,5,Paid
SU10961,B00470,S0034,2026-07-02,2,20,Paid
SU10962,B02083,S0149,2024-07-30,1,5,Pending
SU10963,B00715,S0148,2024-11-15,5,5,Paid
SU10964,B03827,S0065,2025-09-29,4,0,Paid
SU10965,B04597,S0048,2025-11-30,3,5,Paid
SU10966,B04651,S0035,2026-07-31,2,5,Paid
SU10967,B00790,S0038,2024-11-20,2,15,Pending
SU10968,B08997,S0021,2025-03-31,3,5,Paid
SU10969,B06765,S0019,2026-06-12,3,0,Paid
SU10970,B09122,S0028,2024-10-10,2,0,Paid
SU10971,B08461,S0025,2026-03-31,8,0,Paid
SU10972,B00313,S0064,2025-01-12,3,5,Paid
SU10973,B00478,S0031,2026-03-07,1,0,Paid
SU10974,B05093,S0092,2025-09-14,2,20,Pending
SU10975,B03240,S0102,2025-11-30,1,0,Paid
SU10976,B06987,S0036,2024-09-18,1,0,Paid
SU10977,B04465,S0030,2025-11-21,3,0,Paid
SU10978,B06168,S0020,2025-04-02,1,0,Paid
SU10979,B04192,S0108,2025-07-17,2,15,Pending
SU10980,B07325,S0029,2025-04-01,3,5,Paid
SU10981,B09772,S0096,2026-01-15,6,15,Paid
SU10982,B03500,S0104,2026-06-24,4,0,Paid
SU10983,B04973,S0051,2024-09-29,3,5,Paid
SU10984,B01309,S0063,2025-10-20,2,0,Paid
SU10985,B09599,S0060,2026-03-13,10,0,Paid
SU10986,B04461,S0150,2026-06-18,1,5,Paid
SU10987,B09117,S0112,2024-04-27,5,0,Paid
SU10988,B06344,S0038,2026-03-20,1,5,Paid
SU10989,B02617,S0045,2025-09-13,2,5,Paid
SU10990,B02783,S0144,2026-04-16,2,5,Pending
SU10991,B05452,S0036,2026-04-24,1,5,Paid
SU10992,B09051,S0093,2026-06-23,6,0,Paid
SU10993,B02072,S0095,2026-07-05,5,0,Paid
SU10994,B06938,S0057,2025-03-13,4,5,Paid
SU10995,B04243,S0043,2024-12-20,2,15,Paid
SU10996,B04211,S0116,2025-03-06,1,10,Paid
SU10997,B07872,S0114,2025-10-04,3,0,Paid
SU10998,B09656,S0125,2024-09-14,2,20,Paid
SU10999,B06617,S0122,2026-08-25,2,5,Paid
SU11000,B03009,S0022,2026-01-12,1,0,Paid
SU11001,B00318,S0046,2024-12-14,4,5,Pending
SU11002,B08745,S0038,2024-06-23,1,5,Paid
SU11003,B03821,S0116,2024-09-12,3,5,Paid
SU11004,B05387,S0083,2026-06-15,3,25,Pending
SU11005,B02574,S0146,2026-08-09,6,5,Paid
SU11006,B05863,S0032,2026-04-27,2,25,Paid
SU11007,B04203,S0013,2024-02-08,4,10,Paid
SU11008,B00751,S0115,2026-07-17,4,0,Paid
SU11009,B01291,S0051,2026-02-22,2,5,Paid
SU11010,B08276,S0094,2026-02-26,1,15,Paid
SU11011,B02796,S0148,2026-02-16,3,0,Paid
SU11012,B00507,S0003,2026-08-25,3,5,Paid
SU11013,B02564,S0063,2026-05-13,1,0,Paid
SU11014,B06933,S0101,2026-08-11,4,0,Paid
SU11015,B06402,S0097,2025-10-09,3,0,Paid
SU11016,B09521,S0009,2026-03-06,1,10,Paid
SU11017,B05033,S0093,2024-12-09,6,10,Paid
SU11018,B02442,S0090,2024-03-01,2,10,Paid
SU11019,B07622,S0022,2024-09-02,1,0,Paid
SU11020,B09666,S0097,2026-03-19,3,5,Paid
SU11021,B08310,S0057,2026-02-10,4,15,Paid
SU11022,B03032,S0092,2024-08-20,2,0,Paid
SU11023,B09698,S0117,2024-02-22,4,0,Paid
SU11024,B08409,S0112,2026-08-25,4,5,Paid
SU11025,B07017,S0122,2026-07-14,5,5,Paid
SU11026,B00018,S0109,2025-08-21,5,10,Paid
SU11027,B02158,S0108,2026-03-09,4,10,Pending
SU11028,B05147,S0108,2024-04-08,2,0,Paid
SU11029,B04305,S0105,2025-01-24,5,5,Paid
SU11030,B07548,S0112,2025-01-29,4,5,Pending
SU11031,B05178,S0054,2026-05-16,5,15,Pending
SU11032,B02994,S0060,2025-11-18,6,0,Paid
SU11033,B00995,S0102,2024-01-06,2,5,Paid
SU11034,B08078,S0089,2025-06-02,1,25,Paid
SU11035,B06251,S0112,2025-03-16,4,10,Paid
SU11036,B02591,S0030,2026-05-26,1,0,Paid
SU11037,B05526,S0055,2025-12-19,3,0,Paid
SU11038,B06492,S0100,2025-04-18,1,0,Paid
SU11039,B09611,S0002,2025-02-25,4,15,Paid
SU11040,B05876,S0115,2025-11-20,5,0,Paid
SU11041,B01468,S0035,2025-03-29,1,0,Paid
SU11042,B02555,S0037,2026-07-28,4,10,Paid
SU11043,B09960,S0049,2025-10-24,1,0,Paid
SU11044,B08057,S0138,2026-01-17,1,20,Paid
SU11045,B08565,S0013,2025-04-29,2,0,Paid
SU11046,B09739,S0019,2024-11-15,1,10,Paid
SU11047,B03070,S0087,2024-08-30,3,20,Paid
SU11048,B09155,S0145,2025-11-24,3,0,Paid
SU11049,B09416,S0035,2026-07-27,3,0,Paid
SU11050,B04153,S0089,2026-08-14,1,0,Pending
SU11051,B05277,S0108,2025-10-29,3,15,Pending
SU11052,B09033,S0038,2025-06-13,2,10,Paid
SU11053,B05028,S0067,2024-12-09,5,0,Paid
SU11054,B09731,S0126,2024-04-27,1,5,Paid
SU11055,B08735,S0027,2026-02-26,2,15,Paid
SU11056,B03275,S0044,2025-02-11,2,10,Paid
SU11057,B03894,S0001,2024-09-04,3,0,Paid
SU11058,B00116,S0047,2026-01-12,1,0,Paid
SU11059,B06422,S0112,2025-05-11,3,5,Paid
SU11060,B08455,S0086,2026-08-23,1,0,Paid
SU11061,B08786,S0026,2026-08-08,6,10,Paid
SU11062,B08722,S0115,2026-08-23,4,0,Paid
SU11063,B04445,S0029,2024-10-26,3,10,Paid
SU11064,B05933,S0038,2026-01-21,1,0,Complimentary
SU11065,B09803,S0070,2025-11-18,3,10,Paid
SU11066,B05042,S0032,2025-10-31,8,0,Paid
SU11067,B07549,S0107,2026-03-15,6,20,Paid
SU11068,B04415,S0144,2025-11-13,1,0,Paid
SU11069,B04548,S0099,2026-01-29,1,5,Paid
SU11070,B06636,S0108,2025-08-15,4,15,Paid
SU11071,B02705,S0044,2025-10-15,3,0,Paid
SU11072,B08147,S0029,2024-12-24,3,10,Paid
SU11073,B01739,S0005,2026-08-03,3,10,Paid
SU11074,B05799,S0009,2026-02-19,1,20,Paid
SU11075,B08032,S0099,2024-01-31,1,10,Paid
SU11076,B02551,S0058,2026-08-22,1,0,Complimentary
SU11077,B08030,S0103,2025-12-04,2,0,Paid
SU11078,B04389,S0043,2024-01-13,2,5,Paid
SU11079,B01244,S0127,2024-09-05,3,10,Paid
SU11080,B06615,S0114,2026-08-28,1,0,Pending
SU11081,B08014,S0121,2026-06-23,4,25,Paid
SU11082,B06570,S0038,2025-11-27,1,0,Paid
SU11083,B03695,S0088,2025-08-05,2,0,Paid
SU11084,B05935,S0068,2024-12-17,3,15,Paid
SU11085,B05686,S0032,2024-06-23,4,0,Paid
SU11086,B07836,S0116,2025-01-06,1,0,Paid
SU11087,B08585,S0003,2024-11-20,2,20,Paid
SU11088,B06718,S0137,2025-06-27,2,10,Paid
SU11089,B04253,S0098,2025-12-16,2,0,Paid
SU11090,B07397,S0033,2024-02-22,2,20,Paid
SU11091,B01379,S0029,2025-12-15,4,0,Paid
SU11092,B02524,S0010,2024-02-01,2,5,Paid
SU11093,B00566,S0036,2025-12-07,2,0,Paid
SU11094,B04802,S0088,2026-08-22,3,15,Paid
SU11095,B06269,S0008,2026-08-02,1,0,Paid
SU11096,B04041,S0074,2025-04-19,1,25,Paid
SU11097,B08663,S0026,2026-06-24,3,15,Paid
SU11098,B09543,S0068,2026-07-03,4,0,Paid
SU11099,B00537,S0014,2024-08-12,1,0,Paid
SU11100,B01734,S0098,2026-05-05,1,5,Paid
SU11101,B09494,S0116,2026-03-16,1,0,Paid
SU11102,B01101,S0110,2026-06-10,2,0,Paid
SU11103,B02531,S0121,2026-06-23,1,20,Paid
SU11104,B08396,S0009,2026-07-28,3,0,Paid
SU11105,B07965,S0063,2026-05-06,1,0,Paid
SU11106,B02309,S0029,2025-12-06,4,0,Paid
SU11107,B00638,S0116,2025-05-14,2,25,Paid
SU11108,B07732,S0038,2024-11-14,3,15,Paid
SU11109,B09211,S0111,2025-12-07,2,5,Paid
SU11110,B02829,S0021,2024-05-08,3,5,Paid
SU11111,B05787,S0117,2025-11-14,3,0,Paid
SU11112,B07669,S0126,2024-12-13,3,10,Paid
SU11113,B04035,S0126,2024-10-24,1,0,Paid
SU11114,B07339,S0093,2026-08-14,5,0,Paid
SU11115,B03399,S0088,2026-07-09,4,10,Paid
SU11116,B02290,S0035,2025-07-30,6,10,Paid
SU11117,B08979,S0005,2024-11-03,2,0,Paid
SU11118,B08454,S0001,2024-03-24,5,15,Paid
SU11119,B00537,S0017,2024-08-17,3,0,Paid
SU11120,B05620,S0090,2026-05-20,5,0,Pending
SU11121,B07291,S0109,2024-05-30,2,10,Paid
SU11122,B06291,S0124,2026-01-13,2,5,Paid
SU11123,B07330,S0028,2024-12-08,5,25,Paid
SU11124,B06944,S0034,2025-05-10,4,15,Paid
SU11125,B09832,S0005,2026-01-31,1,0,Paid
SU11126,B09408,S0032,2024-09-21,8,5,Paid
SU11127,B05344,S0137,2026-08-21,1,10,Paid
SU11128,B09687,S0097,2024-11-30,6,25,Paid
SU11129,B00818,S0117,2026-04-23,4,25,Paid
SU11130,B05928,S0036,2026-03-14,1,0,Paid
SU11131,B08532,S0107,2026-07-25,1,10,Paid
SU11132,B03652,S0109,2026-01-22,6,5,Paid
SU11133,B01427,S0035,2025-09-27,2,10,Paid
SU11134,B04212,S0035,2024-01-30,8,15,Pending
SU11135,B04926,S0022,2024-02-08,1,15,Paid
SU11136,B01191,S0037,2025-05-06,2,0,Paid
SU11137,B03705,S0061,2026-01-20,1,10,Paid
SU11138,B02537,S0096,2026-05-13,8,0,Paid
SU11139,B01376,S0115,2024-12-10,4,10,Complimentary
SU11140,B03974,S0089,2025-06-28,1,15,Paid
SU11141,B06992,S0127,2026-08-18,2,5,Pending
SU11142,B08700,S0032,2024-03-01,2,15,Paid
SU11143,B01129,S0097,2026-06-20,4,0,Paid
SU11144,B03490,S0043,2026-08-08,4,5,Paid
SU11145,B06188,S0007,2024-01-13,1,0,Paid
SU11146,B09811,S0016,2024-07-03,4,5,Paid
SU11147,B08745,S0037,2024-06-25,3,10,Paid
SU11148,B06359,S0011,2026-01-22,3,5,Paid
SU11149,B03074,S0108,2026-06-02,4,15,Paid
SU11150,B00069,S0136,2024-10-12,3,5,Paid
SU11151,B09969,S0108,2026-05-04,4,5,Paid
SU11152,B06955,S0003,2026-08-18,2,10,Paid
SU11153,B00923,S0095,2026-06-16,3,0,Paid
SU11154,B09048,S0114,2026-08-21,2,10,Paid
SU11155,B01804,S0100,2026-02-28,1,10,Complimentary
SU11156,B01231,S0033,2024-03-13,2,0,Paid
SU11157,B09944,S0022,2026-03-09,1,10,Paid
SU11158,B00603,S0027,2024-12-24,2,5,Paid
SU11159,B01089,S0009,2026-08-03,1,5,Paid
SU11160,B03604,S0151,2026-04-10,3,0,Paid
SU11161,B07554,S0031,2026-04-04,3,10,Paid
SU11162,B07603,S0017,2026-02-03,2,5,Paid
SU11163,B08248,S0064,2024-10-04,2,0,Paid
SU11164,B05252,S0051,2025-03-01,3,0,Paid
SU11165,B00978,S0032,2025-02-19,1,5,Paid
SU11166,B05806,S0017,2026-07-24,5,10,Paid
SU11167,B08755,S0077,2026-02-26,2,10,Paid
SU11168,B01897,S0054,2026-07-27,3,15,Paid
SU11169,B01931,S0027,2025-10-08,4,5,Paid
SU11170,B04401,S0040,2025-11-25,1,15,Paid
SU11171,B00407,S0054,2026-08-29,3,10,Paid
SU11172,B01235,S0030,2025-06-25,2,5,Paid
SU11173,B01753,S0038,2026-08-09,2,10,Pending
SU11174,B00344,S0051,2025-10-30,5,10,Paid
SU11175,B04625,S0028,2026-06-06,2,0,Paid
SU11176,B08081,S0033,2025-07-10,1,20,Pending
SU11177,B04083,S0058,2024-10-10,2,0,Paid
SU11178,B07346,S0008,2026-06-03,1,5,Paid
SU11179,B02210,S0097,2026-06-13,1,5,Paid
SU11180,B08772,S0098,2025-07-21,1,5,Pending
SU11181,B09343,S0037,2024-09-23,1,20,Paid
SU11182,B07557,S0024,2025-08-21,4,5,Paid
SU11183,B08791,S0047,2024-08-28,1,5,Paid
SU11184,B08826,S0086,2026-08-11,4,0,Paid
SU11185,B02361,S0138,2026-04-12,2,5,Paid
SU11186,B07965,S0062,2026-05-02,1,0,Paid
SU11187,B04999,S0106,2026-03-06,1,10,Paid
SU11188,B02871,S0038,2024-12-28,2,0,Paid
SU11189,B07607,S0003,2025-04-10,1,0,Paid
SU11190,B08325,S0042,2024-12-22,8,0,Paid
SU11191,B02684,S0021,2024-05-14,1,15,Paid
SU11192,B01514,S0004,2024-09-29,4,5,Paid
SU11193,B08845,S0033,2026-08-06,3,0,Paid
SU11194,B02881,S0010,2026-01-09,4,15,Paid
SU11195,B06645,S0086,2025-05-29,3,10,Pending
SU11196,B05578,S0015,2024-12-03,3,10,Paid
SU11197,B01594,S0039,2024-04-14,3,0,Paid
SU11198,B00829,S0035,2025-02-11,5,20,Paid
SU11199,B05756,S0035,2026-07-05,4,5,Paid
SU11200,B00806,S0111,2024-01-13,1,5,Pending
SU11201,B00559,S0089,2026-03-28,1,5,Paid
SU11202,B09506,S0004,2024-03-28,2,10,Paid
SU11203,B01980,S0107,2024-11-05,1,0,Paid
SU11204,B01335,S0028,2024-05-08,2,10,Paid
SU11205,B09715,S0132,2026-08-28,2,15,Paid
SU11206,B03083,S0091,2026-03-11,6,10,Paid
SU11207,B07802,S0109,2026-06-28,4,10,Pending
SU11208,B00600,S0102,2026-05-15,10,0,Paid
SU11209,B07949,S0030,2026-04-12,3,15,Paid
SU11210,B00021,S0003,2025-05-09,6,5,Paid
SU11211,B09872,S0143,2024-07-01,3,15,Paid
SU11212,B07169,S0033,2026-07-05,1,5,Paid
SU11213,B01941,S0072,2025-05-06,2,15,Paid
SU11214,B04079,S0117,2025-07-03,1,25,Paid
SU11215,B01887,S0025,2024-12-21,2,10,Paid
SU11216,B08668,S0040,2026-08-21,4,5,Paid
SU11217,B08784,S0085,2025-12-02,1,10,Paid
SU11218,B03077,S0045,2024-06-04,1,20,Paid
SU11219,B08492,S0116,2026-05-08,1,5,Paid
SU11220,B09462,S0003,2026-06-24,2,0,Pending
SU11221,B09144,S0033,2024-10-10,1,10,Paid
SU11222,B07513,S0055,2026-06-01,2,0,Paid
SU11223,B08085,S0046,2026-08-06,2,5,Pending
SU11224,B08304,S0056,2024-12-12,8,0,Paid
SU11225,B08752,S0087,2024-07-05,6,10,Paid
SU11226,B01541,S0097,2025-06-12,3,5,Paid
SU11227,B05960,S0041,2026-02-21,1,0,Paid
SU11228,B07228,S0107,2026-03-23,4,15,Pending
SU11229,B08087,S0006,2026-08-07,5,5,Paid
SU11230,B03124,S0007,2024-08-22,1,0,Paid
SU11231,B08263,S0008,2024-12-04,1,5,Paid
SU11232,B01274,S0035,2025-12-19,5,0,Pending
SU11233,B09444,S0006,2026-03-23,1,5,Paid
SU11234,B01534,S0006,2025-01-20,6,0,Complimentary
SU11235,B05549,S0014,2026-02-20,6,5,Paid
SU11236,B00232,S0137,2025-05-19,1,0,Paid
SU11237,B02008,S0118,2026-02-06,5,0,Paid
SU11238,B05920,S0090,2026-04-08,3,15,Paid
SU11239,B07966,S0122,2026-07-09,1,0,Pending
SU11240,B02412,S0111,2025-06-18,2,0,Paid
SU11241,B00049,S0003,2025-08-02,10,5,Paid
SU11242,B05632,S0081,2026-07-29,1,5,Pending
SU11243,B01532,S0105,2026-04-15,1,5,Paid
SU11244,B03398,S0117,2025-10-21,4,5,Paid
SU11245,B05138,S0098,2026-01-23,1,0,Paid
SU11246,B05943,S0090,2025-08-08,6,5,Pending
SU11247,B03742,S0036,2025-05-26,3,15,Paid
SU11248,B02760,S0142,2024-04-13,1,15,Paid
SU11249,B04993,S0133,2024-06-23,1,0,Paid
SU11250,B09855,S0145,2024-07-04,6,5,Pending
SU11251,B08910,S0051,2025-04-05,3,0,Paid
SU11252,B02159,S0131,2026-08-26,2,20,Paid
SU11253,B08798,S0067,2025-04-09,3,10,Paid
SU11254,B06909,S0034,2024-11-13,3,10,Paid
SU11255,B00819,S0089,2026-05-28,2,20,Paid
SU11256,B06707,S0040,2026-04-29,4,5,Paid
SU11257,B00701,S0008,2026-01-06,1,0,Paid
SU11258,B01921,S0023,2025-02-04,2,0,Paid
SU11259,B03514,S0116,2026-04-04,2,0,Paid
SU11260,B01456,S0110,2024-01-02,2,0,Paid
SU11261,B05104,S0010,2026-07-22,1,0,Paid
SU11262,B03180,S0058,2026-02-20,1,0,Paid
SU11263,B08184,S0089,2025-04-18,2,0,Paid
SU11264,B04441,S0097,2024-12-27,4,0,Paid
SU11265,B01464,S0032,2025-01-22,1,0,Paid
SU11266,B02683,S0121,2026-08-25,1,0,Paid
SU11267,B04668,S0108,2024-05-22,6,10,Paid
SU11268,B02760,S0139,2024-04-13,3,0,Paid
SU11269,B02736,S0034,2026-06-19,2,5,Paid
SU11270,B02427,S0104,2025-09-26,4,5,Paid
SU11271,B02343,S0106,2025-09-21,4,5,Paid
SU11272,B05682,S0112,2026-08-20,4,25,Paid
SU11273,B07033,S0096,2026-03-13,2,0,Paid
SU11274,B00681,S0026,2025-03-19,4,5,Paid
SU11275,B06600,S0033,2026-08-28,1,10,Paid
SU11276,B06057,S0103,2025-04-27,1,15,Pending
SU11277,B09851,S0119,2024-11-29,5,0,Paid
SU11278,B03027,S0070,2024-10-26,5,25,Paid
SU11279,B00979,S0104,2026-02-18,3,10,Paid
SU11280,B05954,S0041,2026-04-17,1,15,Paid
SU11281,B02623,S0009,2026-05-01,1,5,Paid
SU11282,B05751,S0116,2024-04-19,1,0,Paid
SU11283,B02823,S0071,2025-01-26,1,5,Paid
SU11284,B00852,S0133,2025-02-24,5,10,Paid
SU11285,B08641,S0006,2026-08-16,6,0,Paid
SU11286,B08857,S0022,2025-04-26,1,20,Pending
SU11287,B08536,S0051,2026-04-25,3,5,Paid
SU11288,B09230,S0109,2026-06-19,2,0,Paid
SU11289,B06567,S0021,2025-07-11,1,5,Paid
SU11290,B05697,S0110,2024-05-31,2,0,Paid
SU11291,B01254,S0065,2026-06-01,5,0,Paid
SU11292,B06105,S0092,2025-03-11,3,5,Paid
SU11293,B08128,S0144,2025-05-18,4,0,Paid
SU11294,B02322,S0014,2026-08-01,1,0,Pending
SU11295,B06241,S0010,2026-01-23,3,0,Paid
SU11296,B09700,S0052,2025-12-06,2,5,Paid
SU11297,B00536,S0046,2026-08-24,1,5,Pending
SU11298,B00481,S0095,2025-01-17,1,0,Paid
SU11299,B06639,S0012,2024-10-23,1,0,Pending
SU11300,B08304,S0056,2024-12-14,4,0,Paid
SU11301,B03178,S0025,2024-01-10,3,10,Paid
SU11302,B01772,S0144,2026-01-23,1,5,Paid
SU11303,B06184,S0012,2026-08-02,3,15,Complimentary
SU11304,B02101,S0116,2026-07-03,3,15,Paid
SU11305,B01080,S0024,2024-12-17,3,20,Paid
SU11306,B05891,S0005,2026-06-22,1,0,Paid
SU11307,B02272,S0102,2024-07-28,3,0,Paid
SU11308,B01237,S0107,2024-03-01,1,0,Paid
SU11309,B08512,S0038,2026-02-28,1,5,Paid
SU11310,B07939,S0086,2026-01-09,6,10,Paid
SU11311,B07364,S0013,2026-05-04,5,15,Paid
SU11312,B08880,S0098,2024-10-09,3,0,Paid
SU11313,B04914,S0070,2026-02-22,4,0,Paid
SU11314,B07108,S0009,2026-08-22,2,5,Pending
SU11315,B00208,S0030,2025-12-04,2,0,Paid
SU11316,B09320,S0052,2024-02-19,1,15,Paid
SU11317,B02719,S0107,2026-06-01,3,10,Paid
SU11318,B05344,S0132,2026-08-21,1,0,Paid
SU11319,B06685,S0051,2025-01-16,3,5,Paid
SU11320,B05339,S0099,2024-12-31,1,0,Paid
SU11321,B00037,S0150,2024-12-31,1,5,Paid
SU11322,B03201,S0023,2024-10-06,1,0,Paid
SU11323,B03059,S0143,2024-09-07,3,5,Paid
SU11324,B05252,S0051,2025-03-02,1,0,Paid
SU11325,B05035,S0022,2026-07-31,1,0,Paid
SU11326,B07325,S0030,2025-03-31,2,0,Paid
SU11327,B05934,S0040,2026-04-30,1,10,Paid
SU11328,B04385,S0127,2024-06-10,6,10,Paid
SU11329,B08956,S0137,2025-05-29,1,15,Paid
SU11330,B06376,S0051,2026-01-21,3,10,Paid
SU11331,B09018,S0009,2026-02-14,1,15,Paid
SU11332,B06843,S0108,2026-04-09,4,0,Paid
SU11333,B06295,S0059,2026-08-22,4,0,Paid
SU11334,B03491,S0029,2025-12-27,1,20,Paid
SU11335,B08276,S0098,2026-02-26,1,5,Paid
SU11336,B05239,S0013,2026-03-19,4,10,Paid
SU11337,B02707,S0054,2024-09-26,3,0,Paid
SU11338,B08795,S0009,2025-08-29,1,10,Paid
SU11339,B09621,S0033,2025-02-25,1,10,Paid
SU11340,B05765,S0114,2025-08-08,1,0,Paid
SU11341,B08288,S0028,2025-09-25,3,10,Paid
SU11342,B08168,S0045,2025-10-28,1,0,Paid
SU11343,B01762,S0103,2024-06-24,3,5,Paid
SU11344,B06063,S0101,2026-08-20,3,5,Paid
SU11345,B06498,S0034,2026-08-30,4,10,Paid
SU11346,B04172,S0091,2025-05-05,1,10,Pending
SU11347,B04890,S0062,2024-02-27,1,15,Paid
SU11348,B02613,S0025,2026-03-03,3,0,Paid
SU11349,B02903,S0006,2026-07-16,2,0,Paid
SU11350,B01332,S0026,2026-07-31,1,15,Paid
SU11351,B03783,S0058,2026-03-01,1,0,Paid
SU11352,B03170,S0041,2026-02-10,3,5,Paid
SU11353,B03194,S0092,2024-11-13,4,5,Paid
SU11354,B08549,S0031,2025-09-25,2,0,Paid
SU11355,B09795,S0104,2026-01-29,1,0,Paid
SU11356,B09270,S0093,2026-04-14,5,0,Paid
SU11357,B02469,S0145,2026-08-27,6,0,Paid
SU11358,B01847,S0025,2025-06-20,10,5,Paid
SU11359,B04375,S0040,2026-03-11,3,5,Paid
SU11360,B09659,S0027,2025-12-17,2,10,Paid
SU11361,B05756,S0040,2026-07-04,4,0,Paid
SU11362,B05407,S0111,2025-09-28,3,5,Paid
SU11363,B06625,S0044,2026-08-04,2,0,Paid
SU11364,B04351,S0007,2025-01-06,1,15,Paid
SU11365,B07330,S0027,2024-12-08,1,5,Paid
SU11366,B04181,S0005,2026-01-16,1,0,Paid
SU11367,B01130,S0022,2025-09-18,1,0,Paid
SU11368,B03153,S0067,2025-11-08,2,5,Paid
SU11369,B07053,S0045,2026-04-26,2,5,Paid
SU11370,B02787,S0009,2026-04-29,3,0,Paid
SU11371,B04687,S0002,2024-01-06,6,15,Paid
SU11372,B01187,S0109,2026-05-11,2,10,Paid
SU11373,B01519,S0110,2026-01-01,2,10,Paid
SU11374,B05929,S0032,2025-03-11,3,0,Paid
SU11375,B03718,S0005,2026-01-07,1,0,Paid
SU11376,B08104,S0106,2024-07-12,3,10,Paid
SU11377,B08496,S0100,2026-07-18,4,0,Paid
SU11378,B03065,S0149,2025-07-13,1,0,Paid
SU11379,B09071,S0119,2025-05-03,2,5,Paid
SU11380,B09421,S0036,2026-08-27,2,0,Paid
SU11381,B02704,S0141,2024-07-26,1,20,Paid
SU11382,B01114,S0110,2026-07-08,2,5,Pending
SU11383,B06789,S0031,2024-10-24,1,0,Paid
SU11384,B08437,S0037,2025-03-23,1,0,Paid
SU11385,B05781,S0046,2025-10-14,3,15,Paid
SU11386,B01516,S0114,2025-05-23,2,0,Paid
SU11387,B00634,S0024,2025-11-03,2,0,Paid
SU11388,B03642,S0031,2026-08-08,3,10,Paid
SU11389,B05603,S0095,2025-04-19,4,5,Paid
SU11390,B02672,S0127,2024-12-26,8,0,Paid
SU11391,B03019,S0035,2024-04-03,1,5,Paid
SU11392,B00960,S0139,2026-07-29,5,10,Paid
SU11393,B07782,S0029,2025-01-26,3,0,Paid
SU11394,B03799,S0026,2025-10-25,4,0,Paid
SU11395,B07821,S0127,2026-01-05,1,15,Paid
SU11396,B00697,S0045,2025-02-26,2,5,Paid
SU11397,B05378,S0114,2024-07-26,2,5,Paid
SU11398,B00029,S0072,2026-07-05,3,5,Paid
SU11399,B01510,S0054,2025-08-22,2,25,Paid
SU11400,B02223,S0009,2026-08-24,1,10,Paid
SU11401,B08010,S0028,2025-04-22,2,10,Paid
SU11402,B03663,S0128,2025-07-06,1,0,Paid
SU11403,B02771,S0098,2026-03-19,2,10,Paid
SU11404,B04587,S0040,2024-01-12,1,5,Paid
SU11405,B07747,S0032,2025-09-11,4,5,Paid
SU11406,B05006,S0107,2026-04-12,5,10,Pending
SU11407,B03272,S0005,2026-01-14,1,0,Paid
SU11408,B03496,S0107,2024-09-19,2,0,Paid
SU11409,B00493,S0089,2026-08-09,1,5,Pending
SU11410,B07904,S0028,2024-08-16,3,10,Paid
SU11411,B06127,S0058,2026-02-25,2,15,Pending
SU11412,B01252,S0115,2024-11-25,2,5,Paid
SU11413,B08165,S0076,2024-07-28,2,5,Paid
SU11414,B02484,S0123,2025-11-08,4,0,Paid
SU11415,B02574,S0149,2026-08-12,3,0,Pending
SU11416,B09331,S0114,2026-08-25,8,10,Pending
SU11417,B06762,S0052,2024-12-05,1,0,Paid
SU11418,B04642,S0134,2025-04-27,8,0,Paid
SU11419,B03722,S0147,2024-01-21,2,20,Paid
SU11420,B03797,S0127,2024-09-11,4,0,Paid
SU11421,B08251,S0045,2024-07-20,3,20,Paid
SU11422,B01307,S0028,2024-06-24,4,15,Paid
SU11423,B02596,S0022,2024-02-14,2,0,Paid
SU11424,B09250,S0086,2026-08-29,2,15,Paid
SU11425,B00320,S0014,2025-04-10,3,0,Paid
SU11426,B00739,S0007,2025-01-18,3,0,Paid
SU11427,B04258,S0006,2026-02-20,4,10,Paid
SU11428,B09045,S0056,2024-10-16,6,0,Paid
SU11429,B03926,S0029,2026-08-26,2,25,Paid
SU11430,B09991,S0014,2026-07-16,2,10,Paid
SU11431,B02533,S0096,2025-09-02,2,0,Paid
SU11432,B06536,S0118,2024-10-28,8,0,Paid
SU11433,B05178,S0057,2026-05-17,2,0,Paid
SU11434,B07512,S0102,2024-10-15,5,5,Paid
SU11435,B03745,S0140,2026-04-19,1,20,Paid
SU11436,B04673,S0029,2026-02-21,1,0,Paid
SU11437,B07347,S0127,2025-12-10,3,10,Paid
SU11438,B01820,S0032,2024-11-05,4,15,Paid
SU11439,B06743,S0055,2026-04-26,2,0,Paid
SU11440,B00540,S0111,2024-12-13,2,10,Paid
SU11441,B09945,S0113,2024-08-03,3,15,Paid
SU11442,B01570,S0045,2025-02-23,1,10,Paid
SU11443,B08493,S0011,2024-12-29,1,0,Paid
SU11444,B08321,S0101,2025-10-06,1,5,Paid
SU11445,B05534,S0023,2026-01-13,2,0,Paid
SU11446,B09174,S0118,2026-08-26,3,0,Paid
SU11447,B06845,S0023,2025-05-06,1,5,Paid
SU11448,B03378,S0035,2024-09-18,8,5,Paid
SU11449,B06249,S0052,2026-08-24,3,5,Pending
SU11450,B02079,S0138,2026-04-06,2,20,Paid
SU11451,B03603,S0047,2024-08-24,2,0,Paid
SU11452,B03620,S0095,2026-03-21,5,10,Paid
SU11453,B07019,S0116,2025-02-01,1,15,Paid
SU11454,B01291,S0043,2026-02-21,2,20,Paid
SU11455,B02283,S0005,2026-08-30,1,15,Paid
SU11456,B05814,S0124,2025-04-05,1,5,Paid
SU11457,B01297,S0046,2026-05-12,1,5,Paid
SU11458,B06041,S0056,2025-09-09,1,20,Paid
SU11459,B09828,S0151,2024-03-30,1,0,Paid
SU11460,B07110,S0099,2026-07-08,1,5,Paid
SU11461,B03793,S0004,2024-10-15,1,0,Paid
SU11462,B02060,S0148,2024-07-30,1,5,Paid
SU11463,B07916,S0005,2025-12-23,1,0,Paid
SU11464,B02032,S0029,2026-02-02,3,15,Pending
SU11465,B08393,S0107,2026-02-11,6,0,Paid
SU11466,B07758,S0109,2025-06-06,3,0,Pending
SU11467,B09618,S0003,2024-12-10,6,15,Paid
SU11468,B09716,S0114,2024-11-05,4,5,Paid
SU11469,B05191,S0024,2025-12-14,2,15,Pending
SU11470,B05158,S0047,2026-06-23,1,5,Paid
SU11471,B09474,S0050,2025-10-12,2,0,Paid
SU11472,B05989,S0106,2025-04-12,4,0,Paid
SU11473,B02412,S0109,2025-06-18,5,10,Paid
SU11474,B09760,S0016,2025-02-24,3,0,Pending
SU11475,B04811,S0114,2024-10-02,3,5,Paid
SU11476,B01602,S0045,2026-02-20,1,0,Paid
SU11477,B07435,S0067,2024-05-04,2,5,Paid
SU11478,B04932,S0034,2026-01-26,1,0,Paid
SU11479,B09489,S0145,2026-01-15,1,10,Paid
SU11480,B03813,S0074,2026-04-27,3,5,Paid
SU11481,B05384,S0114,2026-07-04,4,0,Paid
SU11482,B08180,S0117,2026-03-19,8,0,Paid
SU11483,B08168,S0051,2025-11-02,5,25,Pending
SU11484,B05039,S0116,2025-06-30,1,5,Paid
SU11485,B06320,S0066,2026-08-03,2,0,Paid
SU11486,B06939,S0030,2025-11-25,2,5,Paid
SU11487,B03760,S0102,2024-09-03,1,10,Paid
SU11488,B08487,S0059,2025-09-22,4,10,Paid
SU11489,B02966,S0007,2026-07-10,1,0,Pending
SU11490,B08763,S0056,2025-10-31,4,0,Paid
SU11491,B01032,S0108,2025-03-04,3,0,Paid
SU11492,B05310,S0023,2025-05-14,2,0,Paid
SU11493,B02159,S0131,2026-08-26,1,15,Paid
SU11494,B02245,S0013,2026-08-09,5,10,Paid
SU11495,B04811,S0119,2024-10-02,3,0,Paid
SU11496,B08195,S0097,2025-06-02,3,0,Paid
SU11497,B01822,S0047,2026-08-04,1,20,Paid
SU11498,B00569,S0031,2026-03-24,1,5,Paid
SU11499,B05122,S0068,2024-02-12,3,0,Paid
SU11500,B09220,S0107,2024-08-13,2,0,Complimentary
SU11501,B04875,S0043,2026-08-28,4,10,Paid
SU11502,B03926,S0027,2026-08-25,3,5,Paid
SU11503,B09982,S0043,2024-10-14,3,15,Paid
SU11504,B06996,S0044,2024-01-20,1,0,Paid
SU11505,B05350,S0013,2025-11-30,4,0,Paid
SU11506,B00966,S0098,2024-05-05,2,0,Paid
SU11507,B04639,S0050,2026-08-28,3,10,Paid
SU11508,B08424,S0028,2026-08-13,3,0,Paid
SU11509,B07166,S0065,2026-08-18,5,5,Paid
SU11510,B04872,S0005,2026-01-23,2,15,Paid
SU11511,B01412,S0118,2026-07-26,2,5,Paid
SU11512,B02514,S0022,2026-08-25,2,10,Paid
SU11513,B04780,S0052,2026-06-17,2,0,Paid
SU11514,B07203,S0061,2026-07-19,5,5,Paid
SU11515,B09684,S0047,2026-01-23,1,10,Paid
SU11516,B05379,S0005,2025-01-20,1,20,Pending
SU11517,B08840,S0096,2025-10-15,1,20,Paid
SU11518,B09728,S0126,2026-06-29,1,5,Paid
SU11519,B06950,S0010,2026-01-11,5,0,Paid
SU11520,B01515,S0122,2025-03-18,1,15,Paid
SU11521,B09484,S0022,2024-06-10,1,10,Paid
SU11522,B03767,S0097,2024-03-30,3,10,Paid
SU11523,B03823,S0069,2025-12-05,2,5,Paid
SU11524,B00776,S0126,2025-09-22,1,20,Paid
SU11525,B00107,S0067,2026-01-02,2,0,Paid
SU11526,B02177,S0007,2025-07-21,3,15,Paid
SU11527,B01138,S0110,2025-03-02,4,0,Paid
SU11528,B00991,S0115,2026-08-21,4,0,Paid
SU11529,B02929,S0036,2024-05-27,1,5,Paid
SU11530,B05178,S0057,2026-05-17,4,0,Pending
SU11531,B09998,S0055,2026-03-04,3,20,Paid
SU11532,B08921,S0030,2026-01-10,1,10,Pending
SU11533,B00531,S0058,2024-06-08,3,0,Paid
SU11534,B04163,S0027,2025-10-10,5,0,Paid
SU11535,B03385,S0035,2026-02-12,3,0,Paid
SU11536,B02515,S0010,2025-09-19,2,0,Paid
SU11537,B01191,S0032,2025-05-06,10,15,Paid
SU11538,B04284,S0046,2024-12-05,4,0,Pending
SU11539,B07991,S0110,2026-05-29,2,0,Paid
SU11540,B07524,S0103,2026-01-17,5,0,Paid
SU11541,B07176,S0090,2026-08-13,4,25,Paid
SU11542,B08326,S0126,2026-04-08,2,0,Paid
SU11543,B00069,S0132,2024-10-12,3,15,Paid
SU11544,B05167,S0026,2025-06-01,8,0,Paid
SU11545,B07471,S0111,2024-04-06,1,0,Paid
SU11546,B09570,S0006,2026-06-24,1,5,Paid
SU11547,B03484,S0021,2026-07-05,2,0,Paid
SU11548,B06796,S0117,2025-03-15,3,20,Paid
SU11549,B08957,S0058,2025-10-10,1,10,Paid
SU11550,B07263,S0142,2025-10-10,3,5,Paid
SU11551,B00560,S0033,2024-05-03,1,5,Paid
SU11552,B07349,S0026,2026-08-13,5,15,Paid
SU11553,B01531,S0048,2025-12-09,2,20,Paid
SU11554,B08323,S0118,2026-08-10,1,10,Paid
SU11555,B06725,S0100,2024-09-07,1,5,Paid
SU11556,B03320,S0118,2026-08-21,10,5,Paid
SU11557,B07892,S0036,2026-08-27,1,15,Paid
SU11558,B03826,S0045,2026-05-11,1,5,Paid
SU11559,B00629,S0031,2025-04-01,2,15,Paid
SU11560,B02208,S0009,2025-03-26,2,5,Pending
SU11561,B05398,S0142,2025-12-15,4,5,Paid
SU11562,B01032,S0112,2025-03-04,3,15,Paid
SU11563,B05099,S0013,2024-09-07,3,5,Paid
SU11564,B02211,S0050,2026-08-21,2,5,Paid
SU11565,B04007,S0041,2026-02-25,3,0,Paid
SU11566,B01110,S0052,2025-11-19,1,5,Paid
SU11567,B08535,S0025,2026-08-28,3,10,Paid
SU11568,B00933,S0138,2026-05-31,1,0,Paid
SU11569,B06658,S0027,2026-08-19,3,10,Complimentary
SU11570,B08087,S0009,2026-08-06,1,5,Pending
SU11571,B05815,S0034,2026-01-21,1,25,Pending
SU11572,B04250,S0117,2025-02-16,3,5,Pending
SU11573,B00222,S0130,2026-06-27,5,10,Paid
SU11574,B06202,S0046,2024-12-13,1,5,Paid
SU11575,B09317,S0103,2026-07-27,4,0,Pending
SU11576,B01776,S0115,2024-07-03,3,0,Paid
SU11577,B00793,S0026,2026-04-20,6,0,Paid
SU11578,B03566,S0041,2026-01-30,5,5,Paid
SU11579,B07427,S0032,2026-08-17,6,0,Paid
SU11580,B00980,S0118,2024-10-31,5,0,Paid
SU11581,B06505,S0097,2026-08-04,5,0,Paid
SU11582,B01542,S0043,2024-01-25,1,10,Paid
SU11583,B09319,S0030,2024-06-14,1,5,Paid
SU11584,B09555,S0019,2025-06-17,1,15,Paid
SU11585,B05013,S0026,2026-03-15,5,0,Paid
SU11586,B04346,S0126,2025-02-10,1,5,Paid
SU11587,B08774,S0100,2024-09-25,3,5,Paid
SU11588,B08739,S0013,2026-08-29,2,20,Paid
SU11589,B08362,S0015,2026-07-12,2,10,Paid
SU11590,B00426,S0053,2024-03-27,1,0,Pending
SU11591,B02781,S0115,2026-05-12,4,5,Paid
SU11592,B09850,S0120,2025-04-15,2,20,Paid
SU11593,B00949,S0035,2026-01-10,1,0,Pending
SU11594,B01793,S0088,2026-06-25,3,5,Paid
SU11595,B07365,S0029,2026-02-06,6,0,Paid
SU11596,B04003,S0022,2025-11-26,1,0,Paid
SU11597,B05842,S0048,2025-02-27,4,10,Paid
SU11598,B03094,S0043,2025-11-30,5,0,Paid
SU11599,B00653,S0045,2025-10-12,2,10,Complimentary
SU11600,B00758,S0146,2024-06-15,3,5,Paid
SU11601,B06299,S0092,2026-02-21,1,20,Paid
SU11602,B05609,S0037,2025-11-03,3,5,Paid
SU11603,B06343,S0147,2025-05-02,3,10,Paid
SU11604,B02580,S0096,2026-02-20,2,0,Paid
SU11605,B02350,S0009,2025-02-19,1,15,Paid
SU11606,B06363,S0099,2026-01-12,1,10,Paid
SU11607,B01856,S0052,2024-03-09,3,0,Paid
SU11608,B05578,S0012,2024-12-04,1,5,Paid
SU11609,B04844,S0136,2026-02-11,1,0,Paid
SU11610,B00113,S0110,2026-07-12,3,5,Paid
SU11611,B08611,S0143,2024-12-02,1,25,Paid
SU11612,B04740,S0014,2024-09-21,2,10,Paid
SU11613,B02425,S0045,2026-01-30,2,5,Paid
SU11614,B01674,S0109,2024-01-12,3,0,Paid
SU11615,B00265,S0027,2025-03-31,2,0,Paid
SU11616,B04688,S0116,2026-08-28,2,5,Paid
SU11617,B05099,S0014,2024-09-07,5,10,Paid
SU11618,B07980,S0120,2025-05-04,1,10,Paid
SU11619,B06602,S0020,2024-07-05,2,0,Paid
SU11620,B03907,S0031,2026-08-29,1,0,Paid
SU11621,B06593,S0148,2026-07-20,2,0,Paid
SU11622,B03543,S0038,2024-12-23,1,0,Paid
SU11623,B06960,S0090,2025-11-11,4,0,Pending
SU11624,B07475,S0022,2026-07-20,2,0,Paid
SU11625,B02905,S0071,2026-07-11,1,0,Paid
SU11626,B09512,S0058,2024-05-09,1,15,Paid
SU11627,B08102,S0132,2025-12-28,2,0,Paid
SU11628,B08106,S0118,2026-08-13,5,10,Paid
SU11629,B04518,S0090,2026-05-18,10,5,Paid
SU11630,B02695,S0028,2024-10-06,1,10,Paid
SU11631,B02156,S0028,2026-06-16,2,15,Paid
SU11632,B03749,S0049,2026-05-15,3,5,Paid
SU11633,B08818,S0052,2024-02-25,1,15,Complimentary
SU11634,B08199,S0111,2024-02-04,1,5,Paid
SU11635,B04463,S0014,2024-12-18,2,15,Paid
SU11636,B02550,S0002,2025-06-17,1,5,Paid
SU11637,B04969,S0127,2025-09-02,6,5,Paid
SU11638,B06603,S0046,2026-05-28,1,0,Paid
SU11639,B06274,S0068,2025-06-12,4,15,Paid
SU11640,B08559,S0044,2026-05-25,1,10,Paid
SU11641,B08584,S0086,2026-03-19,3,0,Paid
SU11642,B03866,S0115,2025-12-20,6,0,Paid
SU11643,B04413,S0054,2025-11-11,5,0,Paid
SU11644,B05139,S0030,2026-07-13,2,25,Paid
SU11645,B02404,S0033,2024-04-15,3,5,Paid
SU11646,B02421,S0128,2024-12-16,1,5,Paid
SU11647,B07994,S0003,2026-08-09,1,5,Paid
SU11648,B09219,S0088,2026-07-28,4,0,Paid
SU11649,B06337,S0114,2026-01-16,2,0,Pending
SU11650,B07318,S0091,2025-06-29,1,0,Paid
SU11651,B09418,S0140,2024-03-06,2,0,Paid
SU11652,B07895,S0022,2026-03-19,1,25,Paid
SU11653,B07761,S0052,2026-07-01,1,0,Paid
SU11654,B05510,S0115,2025-10-24,3,0,Paid
SU11655,B08304,S0057,2024-12-12,3,0,Paid
SU11656,B08237,S0060,2025-11-21,10,0,Paid
SU11657,B06181,S0064,2025-07-12,3,5,Pending
SU11658,B09787,S0025,2026-03-26,1,20,Paid
SU11659,B09091,S0099,2025-10-02,3,0,Pending
SU11660,B04326,S0099,2026-03-20,1,10,Paid
SU11661,B00481,S0098,2025-01-17,1,5,Paid
SU11662,B00617,S0051,2024-02-12,3,10,Pending
SU11663,B07876,S0045,2026-06-27,1,0,Pending
SU11664,B09750,S0071,2025-02-10,1,5,Paid
SU11665,B09069,S0057,2024-12-21,3,0,Paid
SU11666,B01303,S0012,2026-02-16,2,0,Paid
SU11667,B04490,S0004,2024-10-11,4,15,Paid
SU11668,B03612,S0105,2025-10-31,2,15,Paid
SU11669,B00259,S0106,2026-02-26,3,0,Paid
SU11670,B09186,S0029,2026-03-17,4,0,Paid
SU11671,B09943,S0096,2025-08-05,4,10,Paid
SU11672,B03833,S0049,2026-04-24,1,0,Paid
SU11673,B05002,S0039,2024-12-03,4,0,Paid
SU11674,B09352,S0057,2025-10-06,5,0,Paid
SU11675,B00781,S0034,2024-04-19,3,25,Paid
SU11676,B04464,S0071,2025-02-25,2,0,Paid
SU11677,B05043,S0004,2024-01-14,1,10,Paid
SU11678,B01897,S0058,2026-07-27,3,15,Paid
SU11679,B06843,S0109,2026-04-07,4,0,Paid
SU11680,B08976,S0069,2025-07-25,1,25,Paid
SU11681,B03283,S0110,2026-08-30,1,5,Paid
SU11682,B03200,S0025,2025-03-22,1,10,Paid
SU11683,B02299,S0010,2024-12-19,2,10,Paid
SU11684,B09128,S0046,2025-04-09,2,0,Paid
SU11685,B08205,S0104,2026-03-14,3,0,Paid
SU11686,B01298,S0002,2025-02-11,2,10,Paid
SU11687,B01334,S0106,2026-08-05,5,10,Paid
SU11688,B03791,S0033,2026-05-10,2,0,Paid
SU11689,B03823,S0072,2025-12-05,4,0,Paid
SU11690,B05487,S0089,2026-03-19,2,5,Paid
SU11691,B03832,S0149,2026-03-25,1,5,Paid
SU11692,B08743,S0035,2026-06-29,5,5,Paid
SU11693,B09687,S0095,2024-11-30,3,10,Paid
SU11694,B08818,S0051,2024-02-24,5,0,Paid
SU11695,B08800,S0112,2026-02-20,5,5,Paid
SU11696,B03164,S0024,2024-12-23,5,15,Paid
SU11697,B05717,S0110,2025-07-22,1,10,Paid
SU11698,B07310,S0037,2026-05-24,2,10,Paid
SU11699,B09704,S0032,2026-02-14,2,0,Paid
SU11700,B00681,S0024,2025-03-19,1,10,Paid
SU11701,B05757,S0114,2026-06-25,6,20,Paid
SU11702,B08527,S0099,2026-06-02,1,10,Paid
SU11703,B00107,S0074,2026-01-02,5,25,Complimentary
SU11704,B02394,S0027,2024-04-21,2,15,Paid
SU11705,B01834,S0068,2025-11-20,8,10,Paid
SU11706,B01077,S0036,2024-12-10,1,5,Paid
SU11707,B09569,S0045,2026-04-16,2,5,Paid
SU11708,B08001,S0048,2024-09-04,2,5,Paid
SU11709,B04864,S0015,2026-05-12,1,0,Paid
SU11710,B07583,S0110,2025-01-23,2,5,Paid
SU11711,B08100,S0022,2025-04-06,1,0,Paid
SU11712,B06107,S0031,2025-01-30,3,10,Paid
SU11713,B02573,S0021,2025-06-23,1,0,Paid
SU11714,B06646,S0116,2026-07-08,1,5,Paid
SU11715,B09879,S0100,2025-02-27,5,5,Paid
SU11716,B06170,S0022,2024-07-14,3,0,Paid
SU11717,B03799,S0029,2025-10-27,2,10,Pending
SU11718,B00878,S0036,2026-07-14,1,10,Paid
SU11719,B09873,S0121,2025-11-16,3,15,Paid
SU11720,B03236,S0051,2026-06-06,2,10,Paid
SU11721,B05648,S0026,2025-08-10,4,0,Paid
SU11722,B09905,S0110,2026-07-29,6,5,Paid
SU11723,B04312,S0013,2024-11-09,2,10,Pending
SU11724,B08116,S0021,2025-07-09,2,5,Paid
SU11725,B02717,S0090,2025-07-01,3,5,Paid
SU11726,B07732,S0037,2024-11-14,1,10,Paid
SU11727,B03094,S0042,2025-12-01,1,5,Paid
SU11728,B03231,S0128,2024-12-19,1,10,Paid
SU11729,B05251,S0139,2026-08-30,1,5,Pending
SU11730,B02586,S0026,2025-01-09,4,5,Paid
SU11731,B00968,S0058,2026-06-27,1,0,Paid
SU11732,B04717,S0096,2025-02-04,1,15,Paid
SU11733,B06397,S0006,2026-04-10,4,5,Paid
SU11734,B07429,S0127,2026-06-06,6,10,Paid
SU11735,B07448,S0097,2024-12-26,3,10,Paid
SU11736,B05027,S0040,2024-11-16,1,10,Paid
SU11737,B03333,S0028,2026-05-29,4,10,Paid
SU11738,B04154,S0011,2024-03-12,2,0,Paid
SU11739,B02475,S0019,2026-03-25,3,10,Paid
SU11740,B00773,S0093,2024-10-02,3,5,Paid
SU11741,B03755,S0147,2024-10-12,4,0,Paid
SU11742,B01824,S0087,2025-04-30,1,0,Complimentary
SU11743,B08047,S0149,2024-11-09,2,0,Paid
SU11744,B07444,S0079,2026-06-27,1,0,Paid
SU11745,B05312,S0024,2025-10-17,3,0,Paid
SU11746,B02600,S0092,2026-03-29,2,0,Paid
SU11747,B07257,S0060,2025-10-18,6,20,Paid
SU11748,B04887,S0143,2026-02-13,4,15,Paid
SU11749,B01130,S0026,2025-09-17,1,10,Paid
SU11750,B05840,S0082,2026-07-14,5,15,Paid
SU11751,B00836,S0064,2025-09-29,3,0,Paid
SU11752,B04274,S0028,2025-02-13,2,5,Paid
SU11753,B07998,S0046,2025-07-01,3,5,Pending
SU11754,B04328,S0037,2024-04-02,1,5,Paid
SU11755,B03923,S0026,2026-01-05,1,0,Paid
SU11756,B02379,S0041,2026-07-04,2,0,Paid
SU11757,B08898,S0038,2026-08-06,1,0,Paid
SU11758,B02283,S0010,2026-08-29,2,0,Paid
SU11759,B09801,S0098,2025-09-20,1,20,Paid
SU11760,B01871,S0126,2025-04-27,1,10,Paid
SU11761,B03812,S0007,2025-02-19,1,10,Paid
SU11762,B03603,S0047,2024-08-27,1,10,Paid
SU11763,B03240,S0105,2025-11-30,3,0,Paid
SU11764,B08277,S0094,2026-05-24,1,15,Paid
SU11765,B06436,S0060,2025-10-28,2,0,Complimentary
SU11766,B02129,S0134,2025-05-08,6,0,Paid
SU11767,B06843,S0112,2026-04-09,3,10,Pending
SU11768,B02564,S0064,2026-05-13,2,15,Paid
SU11769,B09460,S0069,2026-02-23,1,10,Paid
SU11770,B07602,S0052,2024-07-06,1,10,Paid
SU11771,B04356,S0103,2026-02-13,4,10,Paid
SU11772,B09597,S0144,2026-08-18,5,10,Paid
SU11773,B04241,S0029,2026-07-17,5,0,Paid
SU11774,B00451,S0088,2025-11-20,3,0,Pending
SU11775,B08548,S0113,2024-07-17,2,0,Paid
SU11776,B09650,S0089,2026-04-17,1,10,Paid
SU11777,B08036,S0115,2026-07-02,3,5,Pending
SU11778,B05044,S0044,2024-02-06,2,5,Paid
SU11779,B08010,S0028,2025-04-24,3,20,Paid
SU11780,B06314,S0143,2026-02-26,1,20,Paid
SU11781,B03566,S0036,2026-02-02,1,5,Paid
SU11782,B03239,S0115,2025-06-21,4,0,Paid
SU11783,B01656,S0046,2026-05-04,2,10,Pending
SU11784,B00177,S0030,2026-02-12,1,20,Paid
SU11785,B02263,S0068,2024-10-28,10,10,Pending
SU11786,B09425,S0112,2026-04-06,3,5,Paid
SU11787,B05163,S0149,2024-10-22,2,20,Paid
SU11788,B04558,S0028,2026-05-06,1,0,Paid
SU11789,B07020,S0031,2025-08-18,2,15,Paid
SU11790,B06521,S0059,2024-10-09,4,0,Paid
SU11791,B08049,S0112,2026-06-05,4,5,Paid
SU11792,B06590,S0121,2026-03-28,3,0,Paid
SU11793,B01225,S0107,2026-02-27,4,25,Paid
SU11794,B05643,S0088,2024-10-10,3,5,Paid
SU11795,B07578,S0013,2024-10-27,3,0,Paid
SU11796,B00210,S0115,2026-04-09,5,5,Paid
SU11797,B07706,S0105,2026-03-09,6,10,Paid
SU11798,B08615,S0022,2026-08-26,1,5,Paid
SU11799,B08484,S0089,2024-02-04,1,0,Paid
SU11800,B05905,S0099,2025-04-16,1,20,Paid
SU11801,B04425,S0024,2025-11-24,4,0,Paid
SU11802,B03201,S0031,2024-10-05,1,0,Paid
SU11803,B00818,S0116,2026-04-24,2,0,Paid
SU11804,B07095,S0031,2025-12-14,1,10,Paid
SU11805,B06332,S0011,2025-05-31,5,0,Paid
SU11806,B08321,S0101,2025-10-06,2,0,Paid
SU11807,B08398,S0023,2026-07-03,2,25,Paid
SU11808,B05129,S0121,2024-09-11,1,5,Paid
SU11809,B01849,S0037,2025-07-27,2,10,Paid
SU11810,B06891,S0108,2025-08-19,2,0,Paid
SU11811,B07934,S0112,2026-05-06,4,5,Paid
SU11812,B01625,S0086,2026-01-06,5,0,Paid
SU11813,B06906,S0143,2025-09-12,4,0,Paid
SU11814,B01790,S0036,2024-12-15,1,0,Paid
SU11815,B07782,S0026,2025-01-27,6,5,Paid
SU11816,B04916,S0102,2026-07-15,5,0,Paid
SU11817,B09369,S0026,2026-05-30,3,0,Paid
SU11818,B02139,S0110,2025-12-10,3,5,Paid
SU11819,B03585,S0124,2025-11-25,1,10,Paid
SU11820,B08856,S0023,2024-06-11,1,5,Paid
SU11821,B01956,S0148,2025-02-15,2,5,Paid
SU11822,B04939,S0007,2025-02-14,3,5,Paid
SU11823,B01381,S0041,2025-12-02,5,0,Paid
SU11824,B06277,S0029,2024-02-23,6,0,Paid
SU11825,B08484,S0087,2024-02-04,4,15,Paid
SU11826,B06782,S0004,2025-06-10,3,0,Paid
SU11827,B06472,S0115,2026-06-02,3,0,Paid
SU11828,B04179,S0139,2026-03-03,5,25,Paid
SU11829,B09255,S0063,2024-11-16,2,10,Paid
SU11830,B01063,S0007,2026-04-02,2,0,Paid
SU11831,B09231,S0013,2026-08-01,2,5,Paid
SU11832,B01274,S0034,2025-12-20,2,5,Paid
SU11833,B02858,S0031,2024-03-03,1,0,Pending
SU11834,B03813,S0072,2026-04-26,6,15,Paid
SU11835,B05134,S0002,2026-03-04,4,0,Paid
SU11836,B03929,S0101,2025-12-14,3,5,Pending
SU11837,B05044,S0044,2024-02-07,1,5,Paid
SU11838,B09726,S0127,2026-04-12,8,0,Paid
SU11839,B08612,S0020,2026-02-01,3,5,Complimentary
SU11840,B04556,S0123,2026-07-29,2,10,Paid
SU11841,B06470,S0007,2025-10-08,3,0,Paid
SU11842,B02059,S0025,2026-08-13,5,0,Paid
SU11843,B09492,S0008,2026-08-02,1,15,Paid
SU11844,B07687,S0151,2026-05-24,1,25,Paid
SU11845,B01417,S0109,2026-07-01,2,10,Paid
SU11846,B04422,S0005,2026-01-24,2,0,Paid
SU11847,B01161,S0006,2026-02-17,5,10,Paid
SU11848,B06393,S0116,2025-02-20,1,10,Paid
SU11849,B01583,S0091,2024-03-29,8,10,Paid
SU11850,B08550,S0011,2026-01-07,4,0,Paid
SU11851,B01745,S0116,2026-06-21,1,15,Paid
SU11852,B08613,S0028,2026-03-01,4,0,Paid
SU11853,B07258,S0075,2026-07-09,1,10,Paid
SU11854,B04964,S0001,2025-08-31,4,15,Paid
SU11855,B02073,S0040,2024-10-31,3,0,Paid
SU11856,B06639,S0012,2024-10-24,2,20,Paid
SU11857,B09509,S0012,2026-01-25,3,5,Paid
SU11858,B06000,S0107,2024-10-13,5,0,Paid
SU11859,B05210,S0114,2026-04-05,1,0,Paid
SU11860,B04164,S0026,2025-12-27,3,5,Pending
SU11861,B09568,S0122,2025-07-27,2,0,Pending
SU11862,B02683,S0126,2026-08-24,1,15,Paid
SU11863,B09400,S0036,2025-11-14,3,0,Paid
SU11864,B07186,S0087,2026-06-16,2,10,Paid
SU11865,B03577,S0020,2026-08-09,1,5,Paid
SU11866,B02366,S0071,2025-05-01,2,20,Pending
SU11867,B03863,S0024,2025-10-10,3,10,Paid
SU11868,B01988,S0108,2026-04-24,3,0,Paid
SU11869,B07153,S0118,2025-06-10,3,0,Paid
SU11870,B02056,S0135,2025-04-16,2,0,Paid
SU11871,B02747,S0008,2025-12-25,1,5,Paid
SU11872,B02895,S0112,2025-07-14,2,0,Paid
SU11873,B04794,S0118,2024-05-17,6,5,Paid
SU11874,B09152,S0087,2025-10-20,3,0,Paid
SU11875,B03802,S0044,2026-01-21,2,10,Paid
SU11876,B07304,S0047,2026-05-06,2,0,Paid
SU11877,B02716,S0006,2026-07-24,5,10,Paid
SU11878,B05541,S0005,2026-07-30,3,20,Pending
SU11879,B00809,S0135,2024-06-22,2,10,Paid
SU11880,B01309,S0064,2025-10-21,4,5,Paid
SU11881,B06717,S0123,2025-04-27,3,5,Paid
SU11882,B00137,S0050,2025-07-17,3,15,Paid
SU11883,B06995,S0019,2026-06-10,2,0,Paid
SU11884,B01764,S0148,2026-01-25,2,10,Paid
SU11885,B09022,S0144,2026-02-09,3,10,Paid
SU11886,B08529,S0011,2024-07-04,5,0,Paid
SU11887,B07257,S0060,2025-10-20,2,0,Paid
SU11888,B01128,S0063,2024-11-17,1,15,Pending
SU11889,B07631,S0022,2025-02-03,1,0,Pending
SU11890,B08251,S0048,2024-07-21,4,10,Paid
SU11891,B09299,S0082,2026-02-16,3,5,Paid
SU11892,B08690,S0091,2024-04-06,1,20,Paid
SU11893,B08687,S0061,2024-09-26,3,10,Pending
SU11894,B00385,S0013,2026-01-22,3,5,Paid
SU11895,B09704,S0040,2026-02-12,2,5,Paid
SU11896,B01929,S0087,2025-04-16,4,10,Paid
SU11897,B01377,S0118,2026-01-06,1,20,Paid
SU11898,B01723,S0033,2026-06-11,1,5,Paid
SU11899,B09984,S0030,2026-07-27,1,10,Paid
SU11900,B04110,S0049,2026-07-29,3,10,Paid
SU11901,B07615,S0096,2025-08-18,6,0,Paid
SU11902,B02279,S0067,2026-04-11,3,5,Paid
SU11903,B03851,S0045,2025-09-18,3,5,Paid
SU11904,B06009,S0127,2024-10-20,3,5,Paid
SU11905,B09510,S0057,2026-05-09,3,15,Paid
SU11906,B08395,S0126,2026-06-11,1,15,Paid
SU11907,B05623,S0056,2025-10-21,4,20,Paid
SU11908,B00576,S0111,2025-10-30,1,10,Paid
SU11909,B09771,S0114,2025-08-06,4,0,Paid
SU11910,B05823,S0040,2024-05-24,2,10,Paid
SU11911,B03687,S0092,2026-05-09,5,10,Paid
SU11912,B03430,S0114,2024-01-07,1,5,Paid
SU11913,B04877,S0010,2026-07-19,3,15,Paid
SU11914,B05064,S0130,2026-07-26,1,20,Paid
SU11915,B07105,S0088,2025-02-21,5,15,Paid
SU11916,B05449,S0118,2025-05-11,1,5,Pending
SU11917,B00975,S0139,2026-08-26,4,15,Paid
SU11918,B08884,S0068,2026-05-04,10,0,Paid
SU11919,B01321,S0010,2026-01-14,4,0,Paid
SU11920,B06449,S0065,2026-08-25,5,0,Paid
SU11921,B05129,S0124,2024-09-11,1,0,Paid
SU11922,B07315,S0066,2025-08-19,1,5,Paid
SU11923,B02278,S0023,2025-11-28,1,25,Paid
SU11924,B09901,S0110,2025-11-02,2,20,Paid
SU11925,B03230,S0020,2026-02-20,3,10,Paid
SU11926,B09543,S0068,2026-07-02,1,25,Paid
SU11927,B01483,S0010,2026-08-08,3,10,Paid
SU11928,B06026,S0065,2025-02-21,3,20,Paid
SU11929,B00431,S0073,2026-06-21,1,5,Paid
SU11930,B04304,S0120,2026-07-14,2,20,Paid
SU11931,B05881,S0124,2025-08-31,1,10,Paid
SU11932,B05471,S0144,2026-01-03,3,0,Paid
SU11933,B01252,S0117,2024-11-25,5,5,Paid
SU11934,B09435,S0144,2024-12-30,5,0,Paid
SU11935,B07273,S0071,2026-05-13,1,0,Paid
SU11936,B01794,S0050,2025-10-03,3,5,Paid
SU11937,B09714,S0112,2026-07-24,3,0,Paid
SU11938,B07207,S0014,2026-04-02,2,20,Paid
SU11939,B01171,S0103,2025-08-03,3,10,Paid
SU11940,B09990,S0125,2026-07-14,2,5,Paid
SU11941,B00383,S0027,2026-04-20,3,10,Paid
SU11942,B04283,S0027,2025-02-14,2,0,Paid
SU11943,B05225,S0065,2025-04-07,6,5,Paid
SU11944,B03215,S0027,2024-09-13,1,15,Pending
SU11945,B06220,S0067,2026-04-20,2,10,Paid
SU11946,B09924,S0038,2024-09-10,3,15,Paid
SU11947,B04195,S0010,2024-11-06,1,0,Paid
SU11948,B09963,S0151,2024-05-20,1,10,Paid
SU11949,B01914,S0006,2025-07-05,6,0,Paid
SU11950,B01137,S0149,2025-01-21,4,5,Paid
SU11951,B03051,S0110,2026-06-18,3,10,Paid
SU11952,B03181,S0102,2026-07-05,1,10,Paid
SU11953,B02790,S0148,2025-05-06,10,5,Paid
SU11954,B03497,S0093,2026-06-30,1,15,Paid
SU11955,B00987,S0128,2025-04-06,1,0,Paid
SU11956,B01356,S0041,2026-03-24,3,0,Paid
SU11957,B03051,S0107,2026-06-19,3,10,Paid
SU11958,B06591,S0031,2025-11-03,2,5,Paid
SU11959,B05915,S0035,2026-08-15,3,20,Paid
SU11960,B01573,S0063,2026-07-05,2,5,Paid
SU11961,B00385,S0011,2026-01-23,3,10,Paid
SU11962,B09895,S0151,2025-10-26,2,15,Paid
SU11963,B04602,S0051,2026-04-06,4,5,Paid
SU11964,B00135,S0034,2024-01-06,3,0,Paid
SU11965,B02874,S0131,2026-04-07,2,0,Paid
SU11966,B06848,S0095,2025-12-26,5,0,Paid
SU11967,B04123,S0127,2024-10-01,3,0,Paid
SU11968,B02484,S0125,2025-11-07,4,0,Paid
SU11969,B01814,S0112,2025-11-19,2,10,Paid
SU11970,B01239,S0092,2026-05-11,3,5,Complimentary
SU11971,B05151,S0012,2025-07-04,1,0,Paid
SU11972,B01173,S0116,2026-08-28,1,0,Paid
SU11973,B03315,S0037,2025-02-04,2,0,Paid
SU11974,B00991,S0118,2026-08-21,6,20,Paid
SU11975,B02695,S0029,2024-10-05,3,20,Paid
SU11976,B09322,S0068,2026-08-20,3,5,Paid
SU11977,B08356,S0033,2025-10-06,1,5,Paid
SU11978,B08624,S0072,2024-03-24,6,0,Paid
SU11979,B02025,S0038,2026-08-14,2,10,Paid
SU11980,B05843,S0142,2026-02-01,4,10,Paid
SU11981,B00636,S0085,2026-07-14,1,20,Paid
SU11982,B00873,S0128,2025-06-04,1,10,Paid
SU11983,B06877,S0027,2025-05-24,2,5,Paid
SU11984,B05658,S0005,2026-08-23,2,10,Paid
SU11985,B09410,S0097,2025-06-24,3,15,Paid
SU11986,B01836,S0093,2025-09-27,3,10,Paid
SU11987,B03523,S0058,2026-05-28,1,10,Pending
SU11988,B00108,S0126,2024-04-05,2,0,Paid
SU11989,B00979,S0101,2026-02-16,2,15,Paid
SU11990,B00444,S0040,2026-05-13,2,5,Paid
SU11991,B01442,S0040,2026-02-27,2,10,Pending
SU11992,B03574,S0094,2025-12-02,2,0,Paid
SU11993,B00318,S0043,2024-12-14,3,10,Paid
SU11994,B09421,S0038,2026-08-27,1,0,Paid
SU11995,B00132,S0064,2025-09-17,1,5,Paid
SU11996,B07077,S0047,2025-01-13,1,10,Paid
SU11997,B00605,S0107,2025-11-27,3,0,Paid
SU11998,B01929,S0086,2025-04-12,3,15,Paid
SU11999,B06429,S0020,2024-11-11,1,10,Paid
SU12000,B01442,S0037,2026-02-27,3,5,Paid
SU12001,B04569,S0038,2026-08-03,1,15,Paid
SU12002,B03375,S0091,2025-12-14,8,0,Paid
SU12003,B05625,S0013,2026-08-09,1,20,Paid
SU12004,B07193,S0147,2026-01-01,1,0,Paid
SU12005,B09302,S0014,2026-08-08,1,10,Paid
SU12006,B02439,S0139,2025-06-07,6,10,Paid
SU12007,B00906,S0005,2026-08-24,1,5,Paid
SU12008,B09152,S0091,2025-10-21,5,20,Paid
SU12009,B09633,S0086,2026-07-13,5,5,Paid
SU12010,B00587,S0025,2025-01-25,2,0,Pending
SU12011,B00670,S0046,2024-04-20,5,0,Paid
SU12012,B08487,S0059,2025-09-21,2,5,Paid
SU12013,B00384,S0015,2025-11-09,1,0,Paid
SU12014,B01919,S0094,2024-02-02,1,5,Paid
SU12015,B09481,S0095,2025-10-27,3,20,Paid
SU12016,B08909,S0141,2026-07-10,2,5,Paid
SU12017,B04762,S0032,2024-01-12,2,0,Paid
SU12018,B01413,S0116,2025-03-10,1,15,Paid
SU12019,B07884,S0116,2025-11-19,2,15,Paid
SU12020,B02169,S0038,2026-07-20,2,5,Paid
SU12021,B09077,S0001,2025-03-16,2,10,Paid
SU12022,B08220,S0114,2025-09-01,2,0,Paid
SU12023,B06843,S0110,2026-04-07,2,0,Paid
SU12024,B07030,S0041,2024-02-15,4,0,Paid
SU12025,B00640,S0028,2024-02-21,4,0,Paid
SU12026,B01232,S0086,2025-04-28,3,5,Paid
SU12027,B08857,S0027,2025-04-25,4,15,Paid
SU12028,B02890,S0029,2026-07-21,6,5,Paid
SU12029,B05886,S0113,2025-02-04,4,0,Paid
SU12030,B03911,S0090,2025-10-18,8,10,Paid
SU12031,B03843,S0047,2024-03-10,1,0,Paid
SU12032,B01546,S0093,2025-04-08,1,0,Pending
SU12033,B09772,S0094,2026-01-15,1,0,Paid
SU12034,B04964,S0009,2025-09-01,2,10,Paid
SU12035,B02936,S0146,2024-11-06,2,15,Paid
SU12036,B09156,S0127,2024-09-06,6,0,Paid
SU12037,B06132,S0025,2026-03-06,2,10,Paid
SU12038,B04648,S0019,2026-05-17,5,0,Paid
SU12039,B05048,S0108,2026-03-22,4,0,Pending
SU12040,B03805,S0025,2024-05-20,5,5,Paid
SU12041,B02114,S0028,2025-05-25,1,0,Paid
SU12042,B08579,S0102,2026-05-20,1,10,Paid
SU12043,B09495,S0004,2024-08-28,5,0,Paid
SU12044,B09997,S0053,2025-09-30,3,10,Paid
SU12045,B05187,S0043,2026-05-09,4,10,Paid
SU12046,B09241,S0003,2025-02-20,8,25,Paid
SU12047,B09971,S0017,2024-01-25,2,10,Paid
SU12048,B04568,S0050,2026-06-28,3,20,Paid
SU12049,B07964,S0049,2025-11-28,3,0,Paid
SU12050,B01612,S0115,2024-02-26,3,25,Paid
SU12051,B09503,S0027,2026-07-05,3,0,Paid
SU12052,B00917,S0098,2024-09-03,1,10,Paid
SU12053,B01938,S0151,2026-04-04,2,5,Paid
SU12054,B06658,S0030,2026-08-20,2,5,Paid
SU12055,B05695,S0030,2026-06-14,1,15,Paid
SU12056,B08863,S0025,2026-02-28,1,10,Paid
SU12057,B06531,S0052,2024-12-05,2,15,Paid
SU12058,B05402,S0012,2025-07-21,2,15,Paid
SU12059,B00092,S0112,2025-09-08,4,0,Paid
SU12060,B07304,S0047,2026-05-08,1,5,Paid
SU12061,B01971,S0086,2025-12-28,6,10,Paid
SU12062,B02875,S0095,2024-11-11,3,0,Paid
SU12063,B01565,S0029,2026-01-13,3,0,Paid
SU12064,B07720,S0086,2025-03-25,3,5,Paid
SU12065,B08975,S0006,2026-01-28,2,20,Paid
SU12066,B02310,S0027,2026-06-05,2,15,Paid
SU12067,B07443,S0101,2025-10-28,2,10,Paid
SU12068,B04550,S0087,2025-01-26,2,10,Paid
SU12069,B09106,S0097,2025-07-22,6,0,Paid
SU12070,B09194,S0007,2026-07-10,2,20,Paid
SU12071,B07832,S0053,2026-02-27,1,15,Pending
SU12072,B01015,S0041,2025-03-04,2,10,Paid
SU12073,B02428,S0103,2025-10-17,2,5,Paid
SU12074,B09423,S0029,2025-07-27,2,5,Paid
SU12075,B06959,S0101,2026-03-14,3,10,Paid
SU12076,B06265,S0047,2025-11-04,1,0,Paid
SU12077,B07916,S0009,2025-12-24,1,0,Paid
SU12078,B04046,S0095,2026-04-01,3,10,Paid
SU12079,B09340,S0121,2024-10-22,1,0,Paid
SU12080,B01252,S0117,2024-11-25,4,0,Pending
SU12081,B08343,S0044,2025-02-17,1,0,Paid
SU12082,B02201,S0049,2025-12-02,3,0,Paid
SU12083,B08807,S0053,2025-07-01,1,5,Paid
SU12084,B00434,S0072,2026-03-05,1,15,Paid
SU12085,B05964,S0151,2026-06-05,2,15,Paid
SU12086,B02455,S0054,2025-07-18,1,20,Paid
SU12087,B02714,S0122,2026-08-24,1,10,Paid
SU12088,B04824,S0010,2024-09-17,3,5,Paid
SU12089,B09839,S0130,2025-08-15,4,0,Paid
SU12090,B03137,S0025,2024-10-18,1,10,Paid
SU12091,B06567,S0013,2025-07-13,1,0,Paid
SU12092,B09614,S0014,2026-04-11,3,0,Paid
SU12093,B02922,S0007,2026-05-17,3,0,Paid
SU12094,B08196,S0135,2024-04-05,4,5,Paid
SU12095,B07579,S0017,2026-05-11,2,5,Paid
SU12096,B05857,S0080,2025-08-17,1,0,Paid
SU12097,B05379,S0003,2025-01-20,10,5,Paid
SU12098,B08499,S0114,2025-08-05,1,5,Paid
SU12099,B08615,S0023,2026-08-26,3,0,Paid
SU12100,B08613,S0022,2026-02-28,1,0,Paid
SU12101,B02708,S0013,2026-03-05,4,10,Paid
SU12102,B00428,S0001,2024-10-01,5,5,Paid
SU12103,B07597,S0021,2025-12-26,2,0,Paid
SU12104,B00327,S0044,2026-02-09,1,25,Complimentary
SU12105,B02035,S0023,2025-10-05,2,0,Paid
SU12106,B09608,S0014,2024-05-18,1,0,Complimentary
SU12107,B04280,S0112,2026-08-03,3,0,Paid
SU12108,B01656,S0044,2026-05-06,3,0,Paid
SU12109,B00607,S0117,2026-04-17,5,5,Paid
SU12110,B02981,S0124,2026-04-05,1,0,Paid
SU12111,B03428,S0019,2026-08-25,3,5,Paid
SU12112,B05603,S0095,2025-04-19,3,0,Paid
SU12113,B06556,S0117,2024-11-23,1,5,Paid
SU12114,B05904,S0037,2024-02-03,3,5,Paid
SU12115,B08656,S0109,2024-04-17,4,20,Paid
SU12116,B09759,S0018,2025-03-30,3,15,Paid
SU12117,B06216,S0015,2024-11-04,2,5,Paid
SU12118,B00809,S0135,2024-06-22,4,15,Paid
SU12119,B09871,S0048,2026-06-27,1,0,Paid
SU12120,B01340,S0047,2026-02-14,3,0,Paid
SU12121,B03431,S0123,2026-08-17,2,5,Pending
SU12122,B04775,S0036,2025-01-14,1,15,Paid
SU12123,B00510,S0041,2026-02-23,4,0,Paid
SU12124,B02604,S0001,2024-10-22,4,0,Paid
SU12125,B07112,S0098,2026-07-05,1,0,Paid
SU12126,B03514,S0114,2026-04-03,1,5,Paid
SU12127,B00978,S0037,2025-02-20,5,10,Paid
SU12128,B05137,S0041,2025-05-15,1,15,Paid
SU12129,B09645,S0037,2025-11-03,1,15,Paid
SU12130,B02255,S0123,2026-08-24,3,5,Paid
SU12131,B09524,S0030,2026-06-23,3,5,Paid
SU12132,B07038,S0045,2024-01-12,2,0,Complimentary
SU12133,B02640,S0124,2024-01-13,1,5,Paid
SU12134,B04967,S0066,2025-05-26,1,25,Paid
SU12135,B03481,S0030,2026-04-12,1,5,Paid
SU12136,B02672,S0127,2024-12-26,5,5,Paid
SU12137,B09769,S0151,2026-04-18,2,5,Paid
SU12138,B01502,S0038,2024-05-17,1,10,Paid
SU12139,B04786,S0032,2024-08-06,1,5,Paid
SU12140,B05388,S0128,2026-07-25,1,10,Paid
SU12141,B06416,S0023,2025-12-28,1,10,Paid
SU12142,B06482,S0008,2026-06-20,1,10,Pending
SU12143,B05443,S0026,2026-05-10,5,15,Paid
SU12144,B00130,S0134,2025-10-10,6,0,Paid
SU12145,B07815,S0052,2026-06-23,3,25,Paid
SU12146,B04070,S0100,2026-05-04,1,10,Paid
SU12147,B00540,S0108,2024-12-11,2,10,Paid
SU12148,B06522,S0006,2026-05-03,6,0,Paid
SU12149,B04142,S0124,2025-12-09,1,25,Paid
SU12150,B03421,S0099,2025-04-11,2,5,Paid
SU12151,B07125,S0129,2024-11-24,2,10,Complimentary
SU12152,B09005,S0042,2026-05-30,5,5,Paid
SU12153,B07751,S0119,2025-04-19,4,5,Paid
SU12154,B00931,S0025,2025-02-18,4,5,Pending
SU12155,B09568,S0123,2025-07-28,1,10,Paid
SU12156,B08214,S0100,2024-07-04,4,0,Pending
SU12157,B08601,S0031,2026-08-24,1,0,Paid
SU12158,B08078,S0092,2025-06-02,3,0,Paid
SU12159,B01686,S0094,2026-01-31,1,0,Paid
SU12160,B07374,S0094,2025-04-06,1,5,Paid
SU12161,B02582,S0049,2025-03-23,3,0,Paid
SU12162,B05659,S0050,2026-05-15,3,0,Paid
SU12163,B03807,S0082,2026-07-18,1,0,Paid
SU12164,B02757,S0048,2025-05-03,6,0,Paid
SU12165,B08656,S0110,2024-04-20,3,15,Paid
SU12166,B01559,S0023,2025-02-13,3,25,Paid
SU12167,B09904,S0043,2025-09-06,2,0,Paid
SU12168,B05106,S0112,2025-09-26,4,15,Pending
SU12169,B02448,S0140,2024-04-08,1,15,Paid
SU12170,B00405,S0120,2026-07-09,1,10,Paid
SU12171,B00528,S0007,2026-08-10,2,0,Paid
SU12172,B09761,S0116,2026-05-19,2,0,Pending
SU12173,B02491,S0037,2026-07-24,3,0,Paid
SU12174,B06283,S0026,2026-07-14,1,0,Paid
SU12175,B04650,S0036,2026-06-07,1,20,Paid
SU12176,B05242,S0013,2025-12-07,3,15,Paid
SU12177,B00187,S0050,2025-01-30,1,5,Paid
SU12178,B03418,S0118,2026-07-21,6,5,Paid
SU12179,B03946,S0122,2026-08-27,2,0,Paid
SU12180,B07543,S0117,2025-04-15,5,10,Paid
SU12181,B01737,S0012,2025-09-01,3,10,Paid
SU12182,B09735,S0036,2026-07-13,1,0,Paid
SU12183,B05823,S0035,2024-05-24,4,15,Paid
SU12184,B02545,S0057,2024-07-28,4,0,Paid
SU12185,B05702,S0115,2025-06-11,4,10,Paid
SU12186,B00839,S0028,2026-02-12,1,5,Paid
SU12187,B04317,S0105,2025-10-21,1,20,Paid
SU12188,B08320,S0005,2025-03-16,3,0,Pending
SU12189,B03663,S0130,2025-07-06,5,0,Paid
SU12190,B09485,S0008,2024-03-15,1,0,Paid
SU12191,B08990,S0046,2024-05-03,1,5,Paid
SU12192,B09554,S0115,2026-08-06,5,10,Paid
SU12193,B04112,S0021,2026-02-05,1,10,Paid
SU12194,B05032,S0090,2024-04-28,8,10,Paid
SU12195,B08237,S0056,2025-11-25,3,0,Paid
SU12196,B05245,S0009,2025-01-15,1,10,Paid
SU12197,B01936,S0109,2026-05-25,8,10,Paid
SU12198,B04333,S0045,2026-04-16,2,5,Pending
SU12199,B00748,S0109,2025-07-29,8,5,Paid
SU12200,B09895,S0149,2025-10-27,3,15,Paid
SU12201,B08948,S0145,2025-11-16,4,20,Pending
SU12202,B00729,S0026,2026-08-26,4,10,Paid
SU12203,B04860,S0002,2026-08-08,3,0,Paid
SU12204,B03270,S0024,2026-01-28,4,20,Paid
SU12205,B00316,S0040,2026-02-19,4,0,Pending
SU12206,B04623,S0007,2026-07-14,1,5,Pending
SU12207,B07364,S0017,2026-05-03,2,15,Paid
SU12208,B08807,S0056,2025-06-30,4,5,Paid
SU12209,B03870,S0026,2025-12-27,2,0,Paid
SU12210,B02141,S0108,2026-06-30,3,0,Paid
SU12211,B06163,S0093,2025-06-11,2,15,Paid
SU12212,B01464,S0036,2025-01-26,1,15,Paid
SU12213,B07049,S0015,2025-02-02,2,0,Paid
SU12214,B03432,S0038,2024-07-27,1,15,Paid
SU12215,B03459,S0096,2025-05-03,1,0,Paid
SU12216,B08187,S0114,2025-04-12,8,5,Paid
SU12217,B04210,S0067,2024-04-27,1,10,Paid
SU12218,B04543,S0093,2026-07-25,6,20,Paid
SU12219,B05008,S0106,2026-03-29,1,10,Paid
SU12220,B00979,S0099,2026-02-16,2,0,Paid
SU12221,B06488,S0116,2024-09-23,2,0,Paid
SU12222,B00392,S0120,2026-07-01,5,0,Paid
SU12223,B04163,S0027,2025-10-10,5,5,Paid
SU12224,B02248,S0130,2026-08-01,6,0,Paid
SU12225,B02489,S0107,2025-07-16,8,0,Paid
SU12226,B00477,S0110,2026-02-26,4,10,Paid
SU12227,B07186,S0090,2026-06-18,3,10,Paid
SU12228,B09110,S0118,2024-03-02,4,0,Paid
SU12229,B08015,S0150,2026-08-07,2,10,Paid
SU12230,B01334,S0100,2026-08-04,2,5,Paid
SU12231,B04058,S0116,2026-06-22,1,0,Paid
SU12232,B04039,S0122,2025-11-16,1,5,Pending
SU12233,B01532,S0101,2026-04-16,2,0,Paid
SU12234,B07535,S0127,2026-07-25,2,5,Paid
SU12235,B07386,S0028,2024-10-21,3,0,Paid
SU12236,B02972,S0133,2024-12-05,3,5,Paid
SU12237,B04887,S0140,2026-02-13,1,10,Paid
SU12238,B01916,S0031,2026-08-19,1,0,Paid
SU12239,B04933,S0037,2026-04-09,5,0,Paid
SU12240,B00840,S0095,2024-11-19,6,0,Paid
SU12241,B02089,S0112,2025-04-02,2,10,Paid
SU12242,B00462,S0112,2026-04-17,3,15,Paid
SU12243,B06615,S0116,2026-08-28,1,0,Paid
SU12244,B06322,S0030,2026-08-23,1,25,Paid
SU12245,B09377,S0034,2024-02-20,1,0,Paid
SU12246,B03182,S0123,2026-08-09,4,10,Paid
SU12247,B01701,S0064,2024-06-24,2,5,Paid
SU12248,B05415,S0120,2025-11-09,4,0,Paid
SU12249,B00203,S0114,2026-04-06,4,0,Complimentary
SU12250,B08283,S0013,2026-03-19,2,20,Paid
SU12251,B07444,S0078,2026-06-24,3,25,Paid
SU12252,B09211,S0111,2025-12-07,1,5,Paid
SU12253,B00858,S0068,2025-12-07,3,5,Paid
SU12254,B08388,S0001,2025-05-21,4,10,Paid
SU12255,B05694,S0089,2026-05-18,1,0,Paid
SU12256,B05212,S0142,2026-01-07,5,0,Paid
SU12257,B01867,S0117,2026-04-15,1,0,Paid
SU12258,B06821,S0037,2026-05-10,3,0,Paid
SU12259,B04158,S0028,2025-03-09,4,5,Paid
SU12260,B05685,S0049,2026-03-06,1,0,Paid
SU12261,B09421,S0032,2026-08-28,1,10,Paid
SU12262,B00424,S0068,2024-12-25,6,5,Paid
SU12263,B07831,S0151,2025-12-25,1,5,Paid
SU12264,B02504,S0030,2026-06-16,3,5,Pending
SU12265,B08248,S0063,2024-10-02,2,15,Paid
SU12266,B02549,S0020,2025-02-23,1,0,Paid
SU12267,B05828,S0097,2026-03-24,4,0,Paid
SU12268,B06959,S0106,2026-03-14,3,0,Paid
SU12269,B04492,S0107,2025-12-12,10,5,Paid
SU12270,B00188,S0027,2025-05-18,4,0,Paid
SU12271,B08211,S0113,2024-09-18,3,10,Paid
SU12272,B09434,S0127,2026-08-21,4,5,Paid
SU12273,B01198,S0116,2026-03-19,1,5,Complimentary
SU12274,B03531,S0008,2026-05-16,2,10,Paid
SU12275,B08166,S0150,2024-11-04,1,0,Pending
SU12276,B07521,S0096,2026-03-01,1,0,Paid
SU12277,B04196,S0112,2024-06-01,1,0,Paid
SU12278,B03869,S0118,2025-02-03,6,5,Paid
SU12279,B00985,S0151,2025-12-05,1,10,Pending
SU12280,B00556,S0140,2026-02-20,2,5,Paid
SU12281,B01489,S0116,2026-08-21,1,5,Paid
SU12282,B06463,S0028,2026-04-16,1,5,Paid
SU12283,B00799,S0103,2025-01-30,3,0,Paid
SU12284,B03056,S0046,2024-07-15,2,5,Paid
SU12285,B05025,S0089,2026-04-19,1,5,Paid
SU12286,B08825,S0088,2026-05-28,4,20,Paid
SU12287,B02533,S0098,2025-09-02,2,5,Paid
SU12288,B01745,S0116,2026-06-20,1,0,Complimentary
SU12289,B04114,S0028,2024-02-27,2,25,Paid
SU12290,B05042,S0041,2025-11-02,5,15,Paid
SU12291,B07583,S0108,2025-01-23,4,15,Paid
SU12292,B04497,S0019,2026-07-05,4,10,Paid
SU12293,B05329,S0108,2024-03-15,3,0,Paid
SU12294,B05184,S0125,2026-08-16,3,0,Paid
SU12295,B07955,S0087,2025-12-28,1,5,Paid
SU12296,B09603,S0140,2026-08-21,2,5,Paid
SU12297,B04738,S0113,2025-10-04,3,10,Paid
SU12298,B02966,S0007,2026-07-12,2,5,Paid
SU12299,B05876,S0117,2025-11-20,4,20,Paid
SU12300,B00371,S0110,2024-11-10,4,25,Paid
SU12301,B01833,S0093,2025-09-27,4,0,Paid
SU12302,B08679,S0035,2026-08-23,1,10,Paid
SU12303,B01719,S0007,2026-02-21,1,0,Paid
SU12304,B08634,S0146,2025-04-24,2,0,Paid
SU12305,B06488,S0115,2024-09-24,3,0,Complimentary
SU12306,B06100,S0111,2025-12-09,1,0,Paid
SU12307,B08050,S0115,2026-07-31,1,20,Paid
SU12308,B07622,S0022,2024-09-01,1,5,Paid
SU12309,B02844,S0017,2024-07-23,2,0,Paid
SU12310,B01516,S0114,2025-05-25,1,0,Paid
SU12311,B06164,S0057,2026-01-08,4,15,Paid
SU12312,B08923,S0012,2026-03-16,3,15,Paid
SU12313,B04171,S0040,2026-01-12,3,5,Paid
SU12314,B06343,S0149,2025-05-02,4,5,Paid
SU12315,B07908,S0106,2026-02-27,5,10,Paid
SU12316,B06802,S0137,2024-11-23,2,5,Paid
SU12317,B05378,S0118,2024-07-24,2,0,Paid
SU12318,B01257,S0149,2026-03-09,4,0,Paid
SU12319,B04965,S0002,2025-11-11,4,5,Paid
SU12320,B03533,S0038,2026-06-05,1,5,Paid
SU12321,B08534,S0029,2026-03-25,3,5,Paid
SU12322,B07729,S0051,2025-10-13,1,5,Paid
SU12323,B06068,S0109,2026-08-09,4,5,Paid
SU12324,B00424,S0071,2024-12-27,1,0,Paid
SU12325,B09774,S0149,2024-11-03,3,0,Paid
SU12326,B01242,S0092,2025-12-06,3,5,Paid
SU12327,B04319,S0114,2026-08-04,5,0,Pending
SU12328,B06432,S0061,2024-07-25,4,5,Paid
SU12329,B04094,S0007,2024-02-04,3,5,Pending
SU12330,B00917,S0096,2024-09-04,3,0,Paid
SU12331,B02071,S0040,2026-02-06,2,15,Paid
SU12332,B09476,S0120,2024-11-03,1,0,Paid
SU12333,B06219,S0120,2025-12-22,4,25,Paid
SU12334,B05960,S0035,2026-02-19,1,0,Paid
SU12335,B03459,S0098,2025-05-03,3,10,Paid
SU12336,B09972,S0039,2025-11-03,3,10,Complimentary
SU12337,B01848,S0120,2025-11-27,4,5,Paid
SU12338,B09734,S0140,2026-08-18,1,0,Paid
SU12339,B01226,S0036,2024-07-03,1,10,Paid
SU12340,B03695,S0086,2025-08-05,5,10,Paid
SU12341,B07303,S0049,2026-08-20,3,10,Paid
SU12342,B06374,S0057,2025-08-29,3,5,Paid
SU12343,B05402,S0015,2025-07-20,1,0,Paid
SU12344,B02323,S0041,2025-03-04,2,0,Paid
SU12345,B06558,S0027,2025-12-19,5,0,Paid
SU12346,B07453,S0025,2024-12-20,1,10,Paid
SU12347,B00508,S0021,2025-02-06,1,10,Paid
SU12348,B08798,S0069,2025-04-10,2,20,Paid
SU12349,B01836,S0095,2025-09-25,6,0,Paid
SU12350,B00826,S0010,2024-04-08,2,5,Paid
SU12351,B08783,S0006,2026-08-14,4,10,Paid
SU12352,B01351,S0111,2025-11-29,1,20,Paid
SU12353,B06032,S0089,2025-10-12,1,0,Paid
SU12354,B07341,S0049,2026-06-09,2,10,Paid
SU12355,B09320,S0051,2024-02-21,2,0,Paid
SU12356,B05653,S0121,2025-09-07,2,10,Paid
SU12357,B06370,S0107,2026-01-29,5,15,Paid
SU12358,B08714,S0031,2025-11-05,1,5,Pending
SU12359,B01035,S0142,2025-07-31,3,5,Complimentary
SU12360,B06579,S0116,2025-09-07,1,0,Paid
SU12361,B06181,S0061,2025-07-13,2,0,Paid
SU12362,B01688,S0044,2026-02-04,2,5,Paid
SU12363,B05349,S0098,2025-10-18,2,0,Paid
SU12364,B01202,S0040,2026-02-14,5,10,Paid
SU12365,B04034,S0060,2026-08-29,2,5,Paid
SU12366,B08229,S0122,2025-07-23,1,15,Paid
SU12367,B03141,S0052,2025-11-11,1,10,Paid
SU12368,B00534,S0034,2026-01-14,1,0,Paid
SU12369,B08645,S0116,2026-02-12,2,5,Paid
SU12370,B04924,S0038,2026-08-18,1,5,Paid
SU12371,B06297,S0012,2025-07-25,1,0,Paid
SU12372,B02830,S0001,2025-08-07,3,0,Paid
SU12373,B08335,S0038,2025-07-06,1,5,Paid
SU12374,B02098,S0073,2026-01-12,3,0,Paid
SU12375,B09458,S0094,2026-08-29,1,0,Paid
SU12376,B02390,S0149,2025-10-29,2,0,Paid
SU12377,B05624,S0046,2026-06-02,2,15,Paid
SU12378,B04493,S0058,2024-12-30,2,0,Paid
SU12379,B09904,S0047,2025-09-06,1,10,Paid
SU12380,B06130,S0028,2024-04-05,1,0,Paid
SU12381,B07038,S0050,2024-01-12,4,10,Paid
SU12382,B09056,S0078,2026-06-21,4,5,Paid
SU12383,B07242,S0150,2024-09-24,2,0,Paid
SU12384,B06517,S0012,2026-05-12,3,0,Paid
SU12385,B07339,S0096,2026-08-16,2,0,Paid
SU12386,B04497,S0013,2026-07-08,3,0,Paid
SU12387,B06606,S0122,2026-07-17,1,20,Paid
SU12388,B05564,S0136,2024-12-25,3,0,Paid
SU12389,B06122,S0062,2025-02-24,2,10,Paid
SU12390,B02165,S0015,2025-01-30,1,0,Paid
SU12391,B05459,S0125,2026-08-27,3,15,Paid
SU12392,B02451,S0077,2024-11-07,2,5,Paid
SU12393,B03266,S0142,2025-10-01,1,0,Paid
SU12394,B05373,S0099,2024-08-16,1,10,Paid
SU12395,B07743,S0027,2025-06-22,2,0,Paid
SU12396,B05521,S0032,2024-12-04,3,15,Paid
SU12397,B07614,S0130,2026-02-16,3,20,Paid
SU12398,B09727,S0120,2026-02-02,3,0,Paid
SU12399,B05829,S0135,2025-05-24,2,10,Paid
SU12400,B02708,S0012,2026-03-03,2,5,Paid
SU12401,B06526,S0028,2025-11-28,3,5,Paid
SU12402,B08152,S0054,2025-10-30,2,25,Paid
SU12403,B02186,S0050,2024-02-12,6,15,Paid
SU12404,B08290,S0073,2026-07-12,2,0,Paid
SU12405,B05291,S0049,2026-01-02,3,25,Paid
SU12406,B09448,S0028,2025-03-08,3,10,Paid
SU12407,B05623,S0059,2025-10-21,2,0,Paid
SU12408,B08844,S0014,2026-06-12,8,15,Paid
SU12409,B06967,S0148,2025-11-04,1,5,Paid
SU12410,B09901,S0113,2025-11-02,3,10,Paid
SU12411,B05137,S0036,2025-05-15,2,5,Paid
SU12412,B05929,S0040,2025-03-13,1,5,Paid
SU12413,B05500,S0125,2026-06-27,3,5,Paid
SU12414,B07333,S0005,2026-05-18,1,0,Paid
SU12415,B09179,S0037,2025-09-07,1,10,Paid
SU12416,B09724,S0125,2026-08-30,3,10,Paid
SU12417,B04687,S0010,2024-01-06,1,15,Paid
SU12418,B01605,S0142,2025-12-01,1,5,Complimentary
SU12419,B00134,S0027,2026-01-11,4,0,Paid
SU12420,B03976,S0056,2026-05-14,2,0,Paid
SU12421,B08972,S0117,2025-07-20,2,0,Pending
SU12422,B07011,S0060,2025-07-13,6,0,Pending
SU12423,B08180,S0115,2026-03-18,2,10,Paid
SU12424,B06549,S0110,2024-05-04,3,0,Paid
SU12425,B03296,S0072,2026-05-01,4,0,Paid
SU12426,B01591,S0114,2026-05-28,5,5,Paid
SU12427,B00832,S0040,2025-12-28,6,0,Paid
SU12428,B08406,S0058,2026-01-28,1,25,Paid
SU12429,B01125,S0017,2025-03-15,4,0,Paid
SU12430,B07473,S0027,2026-03-30,5,0,Paid
SU12431,B09942,S0056,2024-09-02,2,10,Paid
SU12432,B09801,S0097,2025-09-20,6,10,Paid
SU12433,B04155,S0126,2026-04-19,2,20,Pending
SU12434,B05449,S0118,2025-05-11,6,0,Pending
SU12435,B02615,S0003,2024-03-27,10,10,Paid
SU12436,B09665,S0018,2025-05-22,1,0,Paid
SU12437,B04211,S0114,2025-03-08,3,0,Paid
SU12438,B01414,S0071,2024-02-18,2,10,Paid
SU12439,B01454,S0051,2024-04-24,5,10,Paid
SU12440,B00474,S0074,2025-06-22,3,5,Paid
SU12441,B04470,S0064,2026-02-02,2,10,Paid
SU12442,B07294,S0027,2025-08-23,5,10,Paid
SU12443,B01679,S0025,2024-03-02,5,0,Paid
SU12444,B03967,S0001,2024-02-25,3,5,Paid
SU12445,B06780,S0050,2026-07-15,2,10,Paid
SU12446,B02976,S0114,2024-07-15,3,0,Paid
SU12447,B02451,S0076,2024-11-07,3,20,Paid
SU12448,B04428,S0022,2025-03-04,1,0,Paid
SU12449,B07857,S0088,2025-06-19,4,10,Paid
SU12450,B02940,S0118,2026-01-21,4,5,Paid
SU12451,B05600,S0070,2024-01-25,2,20,Paid
SU12452,B09776,S0074,2024-11-27,4,0,Paid
SU12453,B03832,S0150,2026-03-25,1,5,Paid
SU12454,B00992,S0024,2024-01-19,4,0,Paid
SU12455,B06514,S0023,2024-03-24,1,0,Paid
SU12456,B03362,S0029,2024-01-31,6,10,Paid
SU12457,B09103,S0036,2025-10-25,3,20,Paid
SU12458,B08148,S0031,2025-03-29,1,10,Paid
SU12459,B02319,S0012,2026-07-04,1,5,Paid
SU12460,B02184,S0029,2026-01-30,1,15,Paid
SU12461,B02753,S0023,2026-01-08,2,15,Paid
SU12462,B09104,S0003,2024-08-23,4,0,Paid
SU12463,B00903,S0039,2026-06-25,8,10,Paid
SU12464,B00953,S0124,2025-01-02,1,5,Paid
SU12465,B01415,S0111,2025-06-02,1,10,Paid
SU12466,B04585,S0007,2024-06-28,3,0,Paid
SU12467,B08939,S0053,2025-06-22,1,0,Paid
SU12468,B02717,S0090,2025-07-01,5,5,Paid
SU12469,B05112,S0009,2024-01-16,1,5,Paid
SU12470,B01552,S0073,2026-02-01,1,5,Paid
SU12471,B01310,S0028,2026-08-15,2,0,Paid
SU12472,B01899,S0070,2025-10-15,3,0,Paid
SU12473,B03815,S0055,2024-09-04,1,10,Paid
SU12474,B03468,S0026,2025-02-07,8,0,Paid
SU12475,B02727,S0101,2025-11-16,2,5,Paid
SU12476,B08382,S0104,2024-11-26,1,25,Paid
SU12477,B02051,S0072,2026-05-21,3,10,Paid
SU12478,B08323,S0114,2026-08-14,2,0,Complimentary
SU12479,B06730,S0095,2025-04-25,3,15,Complimentary
SU12480,B00813,S0027,2025-05-28,5,10,Pending
SU12481,B03405,S0031,2025-10-24,1,5,Complimentary
SU12482,B09035,S0032,2025-02-26,4,25,Paid
SU12483,B01371,S0111,2025-03-29,1,10,Paid
SU12484,B07239,S0046,2026-02-09,1,0,Paid
SU12485,B08090,S0093,2025-04-28,3,10,Paid
SU12486,B06805,S0025,2026-01-30,3,0,Paid
SU12487,B02358,S0014,2026-08-29,8,10,Paid
SU12488,B01891,S0051,2025-08-29,3,15,Pending
SU12489,B01684,S0034,2026-08-30,1,10,Paid
SU12490,B04733,S0053,2026-01-07,2,15,Paid
SU12491,B02756,S0044,2024-07-15,3,5,Paid
SU12492,B06521,S0059,2024-10-10,3,0,Paid
SU12493,B06938,S0057,2025-03-14,2,20,Paid
SU12494,B09320,S0044,2024-02-18,1,5,Paid
SU12495,B08998,S0005,2025-12-23,1,0,Paid
SU12496,B08694,S0151,2025-10-04,1,0,Paid
SU12497,B03499,S0092,2026-03-21,4,0,Pending
SU12498,B06402,S0097,2025-10-09,2,0,Paid
SU12499,B03208,S0051,2025-11-24,3,15,Paid
SU12500,B08898,S0041,2026-08-06,3,0,Paid
SU12501,B05798,S0141,2026-08-25,2,0,Paid
SU12502,B09200,S0117,2024-12-20,3,15,Paid
SU12503,B09575,S0013,2025-08-26,1,0,Paid
SU12504,B04834,S0028,2025-07-30,1,5,Paid
SU12505,B09347,S0123,2024-10-03,2,20,Paid
SU12506,B03252,S0127,2026-08-12,3,0,Paid
SU12507,B03148,S0056,2025-08-28,3,10,Paid
SU12508,B01779,S0098,2026-08-20,2,0,Paid
SU12509,B04089,S0070,2026-01-04,5,0,Paid
SU12510,B05429,S0018,2024-08-08,3,15,Paid
SU12511,B03886,S0088,2025-02-28,1,0,Paid
SU12512,B01116,S0030,2026-07-08,2,0,Paid
SU12513,B02919,S0110,2025-06-09,2,10,Paid
SU12514,B04588,S0031,2025-02-17,1,10,Paid
SU12515,B06896,S0007,2026-07-26,1,0,Paid
SU12516,B03139,S0026,2024-11-03,8,15,Paid
SU12517,B04228,S0122,2025-04-03,3,0,Paid
SU12518,B08926,S0151,2024-10-03,1,10,Paid
SU12519,B02991,S0107,2026-05-23,3,0,Paid
SU12520,B07739,S0147,2026-02-23,6,10,Paid
SU12521,B02921,S0029,2026-03-06,3,0,Paid
SU12522,B04350,S0034,2026-08-18,3,15,Paid
SU12523,B04434,S0063,2026-03-22,2,0,Paid
SU12524,B02768,S0120,2025-08-18,2,0,Paid
SU12525,B06161,S0045,2025-02-23,1,0,Paid
SU12526,B01027,S0028,2024-02-18,4,5,Paid
SU12527,B09716,S0116,2024-11-05,2,0,Pending
SU12528,B01757,S0015,2024-12-16,2,10,Paid
SU12529,B05352,S0114,2026-06-18,1,5,Paid
SU12530,B02937,S0013,2025-11-11,5,5,Pending
SU12531,B01461,S0131,2026-08-21,3,0,Paid
SU12532,B09729,S0127,2024-12-01,5,0,Paid
SU12533,B07955,S0092,2025-12-28,4,25,Paid
SU12534,B06033,S0091,2026-01-12,1,0,Paid
SU12535,B05126,S0036,2026-08-22,2,0,Paid
SU12536,B05510,S0118,2025-10-23,8,0,Paid
SU12537,B04319,S0114,2026-08-04,5,15,Paid
SU12538,B01176,S0002,2025-07-24,1,0,Paid
SU12539,B06943,S0003,2026-08-28,3,10,Paid
SU12540,B07706,S0106,2026-03-09,3,0,Paid
SU12541,B03428,S0013,2026-08-26,4,0,Paid
SU12542,B03338,S0106,2025-08-18,4,5,Paid
SU12543,B02806,S0020,2025-12-03,2,5,Paid
SU12544,B05593,S0031,2026-08-21,1,15,Paid
SU12545,B07193,S0148,2026-01-02,3,0,Paid
SU12546,B09513,S0035,2026-04-12,4,5,Paid
SU12547,B00471,S0109,2025-02-03,4,15,Paid
SU12548,B07137,S0032,2024-06-07,4,10,Paid
SU12549,B04686,S0105,2024-11-26,5,0,Paid
SU12550,B04255,S0040,2025-02-25,4,0,Paid
SU12551,B06328,S0040,2026-03-08,3,10,Paid
SU12552,B08250,S0069,2024-10-13,3,20,Paid
SU12553,B01045,S0020,2026-04-18,1,5,Paid
SU12554,B07779,S0137,2024-07-25,2,5,Paid
SU12555,B04630,S0012,2025-06-02,1,0,Pending
SU12556,B09807,S0098,2026-04-28,1,10,Paid
SU12557,B07553,S0034,2026-05-02,5,5,Paid
SU12558,B02523,S0126,2025-07-26,2,20,Paid
SU12559,B06299,S0087,2026-02-21,4,5,Paid
SU12560,B05923,S0034,2024-10-02,3,0,Paid
SU12561,B09579,S0127,2026-08-04,6,10,Paid
SU12562,B01117,S0112,2024-04-03,3,15,Paid
SU12563,B05381,S0007,2026-04-06,2,0,Paid
SU12564,B09188,S0146,2026-06-03,4,0,Paid
SU12565,B08171,S0109,2026-08-27,2,10,Paid
SU12566,B06793,S0061,2024-07-15,5,15,Paid
SU12567,B00232,S0133,2025-05-21,4,0,Paid
SU12568,B00522,S0032,2024-12-26,4,0,Paid
SU12569,B07018,S0074,2024-01-26,4,10,Paid
SU12570,B01228,S0145,2025-08-20,8,5,Paid
SU12571,B05371,S0091,2025-04-29,3,5,Paid
SU12572,B06508,S0009,2026-01-09,1,15,Paid
SU12573,B02617,S0047,2025-09-16,2,0,Paid
SU12574,B02432,S0070,2024-12-17,3,10,Pending
SU12575,B06589,S0014,2025-12-15,6,0,Paid
SU12576,B01967,S0027,2026-02-11,1,0,Paid
SU12577,B06109,S0116,2024-05-21,2,5,Paid
SU12578,B05475,S0025,2025-04-30,5,0,Pending
SU12579,B06017,S0115,2025-10-21,2,15,Paid
SU12580,B01417,S0110,2026-06-28,4,0,Paid
SU12581,B01926,S0048,2025-10-25,4,0,Paid
SU12582,B07168,S0036,2026-02-20,3,15,Paid
SU12583,B06390,S0008,2025-12-11,3,0,Paid
SU12584,B09449,S0044,2025-01-19,2,0,Paid
SU12585,B06359,S0015,2026-01-23,1,5,Paid
SU12586,B08277,S0095,2026-05-26,6,5,Paid
SU12587,B01307,S0027,2024-06-24,3,10,Paid
SU12588,B04070,S0103,2026-05-04,3,20,Paid
SU12589,B09070,S0115,2024-11-08,6,5,Paid
SU12590,B01070,S0051,2024-08-09,4,5,Paid
SU12591,B03681,S0114,2024-04-03,4,0,Paid
SU12592,B00719,S0041,2025-08-08,4,5,Paid
SU12593,B03701,S0061,2025-08-16,2,0,Paid
SU12594,B08293,S0110,2026-08-20,3,0,Paid
SU12595,B08258,S0020,2025-04-12,2,0,Paid
SU12596,B08898,S0039,2026-08-07,4,0,Paid
SU12597,B07986,S0109,2025-07-08,6,0,Paid
SU12598,B02683,S0125,2026-08-25,2,5,Paid
SU12599,B09387,S0092,2025-02-11,1,0,Paid
SU12600,B06448,S0149,2026-07-01,1,5,Paid
SU12601,B07371,S0023,2026-03-07,1,15,Paid
SU12602,B02344,S0052,2024-10-18,3,5,Paid
SU12603,B07019,S0115,2025-02-01,6,0,Paid
SU12604,B02510,S0118,2026-07-22,3,0,Paid
SU12605,B07964,S0046,2025-11-27,1,0,Paid
SU12606,B00201,S0039,2025-05-03,6,20,Paid
SU12607,B08237,S0057,2025-11-22,3,10,Paid
SU12608,B07600,S0063,2025-12-19,2,0,Paid
SU12609,B07614,S0128,2026-02-16,2,20,Paid
SU12610,B08581,S0021,2026-05-26,2,5,Paid
SU12611,B02614,S0009,2026-06-14,2,0,Paid
SU12612,B02053,S0023,2024-03-10,2,0,Paid
SU12613,B05875,S0061,2025-06-30,2,10,Paid
SU12614,B00639,S0118,2026-06-10,6,0,Paid
SU12615,B04194,S0105,2026-01-07,3,15,Paid
SU12616,B01652,S0110,2026-07-09,2,5,Paid
SU12617,B09892,S0127,2024-03-09,2,0,Paid
SU12618,B09685,S0013,2026-08-09,2,0,Paid
SU12619,B08679,S0034,2026-08-21,3,20,Paid
SU12620,B02935,S0001,2025-06-09,2,10,Paid
SU12621,B06384,S0026,2026-04-07,6,5,Paid
SU12622,B05832,S0135,2025-03-23,3,10,Pending
SU12623,B06536,S0116,2024-10-29,1,0,Paid
SU12624,B00640,S0026,2024-02-22,5,10,Paid
SU12625,B08033,S0042,2025-06-13,6,5,Paid
SU12626,B05199,S0105,2026-03-12,1,0,Pending
SU12627,B07569,S0104,2026-08-25,1,0,Paid
SU12628,B07409,S0061,2024-11-05,2,0,Paid
SU12629,B02190,S0032,2026-02-27,2,5,Paid
SU12630,B07989,S0108,2025-03-10,3,0,Paid
SU12631,B05453,S0133,2026-08-18,3,10,Paid
SU12632,B01153,S0114,2025-01-08,2,5,Paid
SU12633,B08763,S0056,2025-10-30,2,10,Paid
SU12634,B04185,S0121,2026-02-28,2,5,Paid
SU12635,B04875,S0045,2026-08-30,1,0,Paid
SU12636,B05564,S0133,2024-12-24,3,15,Paid
SU12637,B03231,S0128,2024-12-19,1,10,Paid
SU12638,B07622,S0026,2024-09-02,10,25,Pending
SU12639,B07524,S0101,2026-01-18,4,0,Paid
SU12640,B07307,S0115,2025-07-04,2,0,Paid
SU12641,B08425,S0114,2025-02-02,1,0,Paid
SU12642,B05513,S0097,2024-12-03,6,5,Paid
SU12643,B03431,S0123,2026-08-17,2,5,Paid
SU12644,B02271,S0065,2026-08-09,4,10,Paid
SU12645,B05510,S0117,2025-10-21,5,20,Paid
SU12646,B09159,S0061,2026-04-10,4,0,Paid
SU12647,B04905,S0104,2026-07-06,1,10,Paid
SU12648,B09943,S0096,2025-08-05,5,0,Paid
SU12649,B09449,S0051,2025-01-21,1,15,Paid
SU12650,B04745,S0042,2025-09-23,5,10,Paid
SU12651,B00173,S0092,2024-01-24,1,0,Paid
SU12652,B00577,S0112,2026-06-19,5,0,Paid
SU12653,B07715,S0097,2024-06-21,2,0,Paid
SU12654,B02674,S0014,2026-07-13,10,5,Paid
SU12655,B09261,S0116,2024-04-29,2,0,Paid
SU12656,B03822,S0034,2026-03-13,5,10,Paid
SU12657,B01068,S0034,2025-11-26,1,5,Paid
SU12658,B09553,S0060,2026-05-28,2,10,Paid
SU12659,B07826,S0037,2026-04-22,3,0,Pending
SU12660,B08475,S0051,2025-09-12,4,0,Paid
SU12661,B00898,S0040,2024-10-13,3,10,Paid
SU12662,B09720,S0028,2026-07-23,2,0,Paid
SU12663,B05817,S0085,2026-02-19,3,0,Paid
SU12664,B03271,S0023,2026-07-22,1,10,Paid
SU12665,B09481,S0096,2025-10-27,4,0,Paid
SU12666,B08985,S0036,2026-05-17,1,5,Paid
SU12667,B04171,S0034,2026-01-13,4,20,Pending
SU12668,B03796,S0010,2026-03-12,1,0,Pending
SU12669,B03339,S0057,2026-02-20,4,15,Paid
SU12670,B05787,S0115,2025-11-15,4,10,Paid
SU12671,B08048,S0015,2024-10-19,1,5,Paid
SU12672,B02223,S0009,2026-08-26,3,5,Paid
SU12673,B09243,S0051,2026-07-05,4,25,Pending
SU12674,B00830,S0125,2025-08-10,4,10,Paid
SU12675,B00971,S0054,2026-07-29,1,0,Paid
SU12676,B00262,S0039,2025-05-29,8,25,Paid
SU12677,B08280,S0068,2024-10-12,3,10,Paid
SU12678,B07263,S0144,2025-10-09,4,20,Paid
SU12679,B08700,S0033,2024-03-02,2,0,Paid
SU12680,B00939,S0064,2026-08-13,4,0,Paid
SU12681,B08641,S0003,2026-08-15,2,0,Paid
SU12682,B07905,S0117,2024-11-27,1,0,Paid
SU12683,B06441,S0035,2025-11-13,1,10,Paid
SU12684,B04246,S0029,2026-07-21,2,5,Paid
SU12685,B07691,S0005,2025-11-06,2,0,Paid
SU12686,B08924,S0025,2024-06-14,10,0,Paid
SU12687,B06595,S0062,2024-12-21,2,0,Paid
SU12688,B02209,S0005,2025-10-08,2,15,Paid
SU12689,B01335,S0024,2024-05-08,4,25,Complimentary
SU12690,B00822,S0093,2024-11-19,2,5,Paid
SU12691,B07608,S0013,2025-10-24,1,5,Paid
SU12692,B09088,S0014,2025-05-24,5,0,Paid
SU12693,B04814,S0010,2025-11-14,1,10,Paid
SU12694,B09497,S0151,2025-12-02,1,0,Paid
SU12695,B07833,S0069,2025-10-01,1,5,Paid
SU12696,B02049,S0003,2025-10-18,6,0,Paid
SU12697,B07079,S0111,2025-04-17,1,0,Paid
SU12698,B02401,S0068,2025-10-14,4,10,Paid
SU12699,B02946,S0151,2026-07-12,1,5,Paid
SU12700,B00843,S0086,2026-06-26,1,5,Paid
SU12701,B09276,S0116,2025-10-09,1,5,Paid
SU12702,B03907,S0023,2026-08-29,2,5,Paid
SU12703,B05923,S0039,2024-10-03,5,10,Paid
SU12704,B08302,S0060,2025-12-31,2,10,Paid
SU12705,B01308,S0044,2025-10-01,2,0,Paid
SU12706,B00467,S0008,2024-12-23,1,0,Pending
SU12707,B04642,S0136,2025-04-27,4,0,Paid
SU12708,B01746,S0116,2026-08-30,2,10,Paid
SU12709,B00951,S0027,2026-07-05,3,0,Paid
SU12710,B06892,S0108,2025-09-21,2,0,Complimentary
SU12711,B01468,S0038,2025-03-29,2,10,Paid
SU12712,B06268,S0118,2026-06-16,3,5,Paid
SU12713,B01090,S0013,2024-08-15,2,10,Paid
SU12714,B03321,S0017,2026-02-24,3,0,Paid
SU12715,B00292,S0043,2025-12-26,1,0,Paid
SU12716,B01928,S0026,2026-08-27,4,15,Paid
SU12717,B07980,S0126,2025-05-04,1,5,Paid
SU12718,B07256,S0044,2026-06-18,2,10,Paid
SU12719,B08025,S0130,2025-03-23,2,10,Paid
SU12720,B03361,S0040,2026-02-12,2,5,Paid
SU12721,B07901,S0065,2024-12-20,5,0,Paid
SU12722,B08172,S0026,2025-11-25,2,10,Paid
SU12723,B08767,S0105,2026-07-27,6,10,Paid
SU12724,B05319,S0074,2026-08-22,1,0,Paid
SU12725,B06001,S0031,2026-01-08,1,5,Paid
SU12726,B07106,S0050,2025-10-30,3,15,Paid
SU12727,B07551,S0030,2025-09-23,1,15,Paid
SU12728,B05249,S0092,2026-06-16,1,10,Paid
SU12729,B07445,S0142,2026-08-11,1,10,Paid
SU12730,B07633,S0125,2026-07-31,4,5,Paid
SU12731,B03377,S0043,2026-07-25,3,25,Paid
SU12732,B03839,S0123,2026-07-10,3,0,Paid
SU12733,B06805,S0027,2026-01-30,4,0,Paid
SU12734,B03007,S0108,2026-08-29,3,25,Paid
SU12735,B00685,S0012,2024-06-30,1,5,Paid
SU12736,B04447,S0115,2026-07-15,5,0,Paid
SU12737,B01895,S0094,2024-02-15,1,0,Paid
SU12738,B03410,S0029,2026-08-03,3,10,Paid
SU12739,B01040,S0065,2025-09-14,6,5,Paid
SU12740,B00671,S0028,2026-06-06,3,0,Paid
SU12741,B06924,S0027,2025-05-27,3,0,Paid
SU12742,B03578,S0012,2025-11-22,1,5,Paid
SU12743,B01779,S0097,2026-08-20,3,0,Paid
SU12744,B06886,S0031,2025-05-26,2,10,Paid
SU12745,B01148,S0008,2025-12-14,1,15,Paid
SU12746,B08461,S0027,2026-03-31,3,0,Paid
SU12747,B09265,S0123,2025-12-05,2,20,Paid
SU12748,B03067,S0002,2024-01-03,3,0,Paid
SU12749,B07866,S0091,2024-10-07,3,10,Paid
SU12750,B08256,S0051,2024-02-06,3,10,Complimentary
SU12751,B00155,S0100,2025-05-21,1,20,Paid
SU12752,B05886,S0112,2025-02-03,2,0,Pending
SU12753,B02470,S0110,2025-01-01,8,0,Paid
SU12754,B03378,S0036,2024-09-18,1,0,Paid
SU12755,B05623,S0055,2025-10-21,1,5,Paid
SU12756,B05812,S0087,2025-08-21,5,25,Pending
SU12757,B09774,S0150,2024-11-03,1,5,Paid
SU12758,B00267,S0102,2025-07-04,6,0,Paid
SU12759,B08501,S0116,2025-10-07,1,0,Paid
SU12760,B08051,S0040,2026-01-29,1,5,Complimentary
SU12761,B01746,S0118,2026-08-30,2,10,Pending
SU12762,B04458,S0121,2026-04-04,1,10,Paid
SU12763,B00675,S0119,2024-03-10,2,0,Paid
SU12764,B06008,S0104,2025-11-07,3,0,Paid
SU12765,B04063,S0126,2026-06-09,1,0,Paid
SU12766,B08703,S0120,2025-09-02,2,0,Paid
SU12767,B00697,S0046,2025-02-26,3,0,Paid
SU12768,B05016,S0144,2026-05-02,1,0,Paid
SU12769,B01303,S0020,2026-02-17,1,10,Paid
SU12770,B05593,S0030,2026-08-21,1,0,Paid
SU12771,B05924,S0125,2025-06-05,3,20,Paid
SU12772,B08527,S0102,2026-06-01,3,10,Paid
SU12773,B05866,S0109,2026-08-25,1,5,Paid
SU12774,B00844,S0144,2025-12-04,2,25,Paid
SU12775,B07136,S0038,2026-02-23,3,0,Paid
SU12776,B09616,S0094,2026-07-14,2,0,Paid
SU12777,B00162,S0101,2026-01-26,2,5,Paid
SU12778,B07408,S0098,2026-07-09,2,5,Paid
SU12779,B07463,S0018,2025-02-26,4,0,Paid
SU12780,B07388,S0006,2026-02-02,3,15,Paid
SU12781,B04744,S0108,2026-02-05,3,20,Paid
SU12782,B03323,S0095,2026-08-14,5,0,Paid
SU12783,B00107,S0067,2026-01-02,2,15,Paid
SU12784,B08641,S0009,2026-08-15,1,25,Paid
SU12785,B06602,S0011,2024-07-07,1,25,Paid
SU12786,B02825,S0066,2026-05-08,1,0,Complimentary
SU12787,B06946,S0027,2026-05-10,3,10,Paid
SU12788,B01363,S0109,2026-08-28,2,0,Paid
SU12789,B01231,S0041,2024-03-13,2,15,Complimentary
SU12790,B03688,S0090,2026-08-12,5,0,Paid
SU12791,B09774,S0150,2024-11-03,3,10,Paid
SU12792,B00855,S0049,2025-11-14,3,10,Paid
SU12793,B05192,S0028,2026-03-07,5,0,Paid
SU12794,B04163,S0025,2025-10-08,6,0,Pending
SU12795,B04931,S0008,2026-08-20,1,5,Paid
SU12796,B04981,S0031,2026-06-07,1,20,Paid
SU12797,B05281,S0144,2026-03-01,4,0,Paid
SU12798,B04988,S0114,2026-06-18,3,10,Paid
SU12799,B02070,S0009,2024-02-18,2,25,Paid
SU12800,B00536,S0046,2026-08-21,3,0,Paid
SU12801,B08661,S0115,2026-05-08,6,5,Paid
SU12802,B00506,S0109,2026-03-07,2,10,Paid
SU12803,B09768,S0113,2025-08-15,3,5,Paid
SU12804,B06538,S0104,2026-08-29,4,0,Paid
SU12805,B02977,S0126,2024-12-14,2,5,Paid
SU12806,B00201,S0035,2025-05-01,3,10,Pending
SU12807,B00137,S0050,2025-07-18,1,5,Paid
SU12808,B04113,S0014,2026-08-29,2,5,Paid
SU12809,B06521,S0057,2024-10-05,2,25,Paid
SU12810,B00823,S0123,2026-02-26,4,0,Paid
SU12811,B08909,S0142,2026-07-10,4,15,Paid
SU12812,B01809,S0012,2026-01-01,1,5,Paid
SU12813,B00299,S0022,2026-06-09,1,0,Paid
SU12814,B05391,S0087,2025-06-03,6,5,Paid
SU12815,B03788,S0120,2024-08-29,1,5,Paid
SU12816,B09456,S0143,2026-02-21,1,15,Paid
SU12817,B06100,S0111,2025-12-09,1,0,Paid
SU12818,B03097,S0098,2026-06-03,2,5,Paid
SU12819,B09267,S0112,2026-01-06,5,5,Paid
SU12820,B03577,S0015,2026-08-13,3,10,Paid
SU12821,B01670,S0025,2026-05-02,3,0,Paid
SU12822,B07322,S0029,2025-08-08,1,0,Paid
SU12823,B01148,S0010,2025-12-13,2,0,Paid
SU12824,B06895,S0061,2026-08-12,3,0,Paid
SU12825,B08576,S0048,2026-06-24,5,5,Paid
SU12826,B02110,S0102,2025-01-21,6,0,Paid
SU12827,B08151,S0058,2025-07-19,1,0,Paid
SU12828,B05289,S0025,2026-08-07,6,15,Paid
SU12829,B07915,S0001,2025-09-26,2,10,Complimentary
SU12830,B04203,S0015,2024-02-08,1,10,Paid
SU12831,B09899,S0038,2026-05-11,1,0,Paid
SU12832,B06833,S0046,2026-05-25,1,5,Paid
SU12833,B05875,S0064,2025-06-30,3,15,Paid
SU12834,B08382,S0104,2024-11-26,3,0,Paid
SU12835,B04754,S0099,2025-12-17,2,10,Paid
SU12836,B04237,S0061,2024-12-11,1,0,Pending
SU12837,B04550,S0089,2025-01-26,1,0,Paid
SU12838,B08335,S0039,2025-07-07,1,0,Paid
SU12839,B03434,S0027,2024-10-05,1,0,Paid
SU12840,B07723,S0013,2025-12-01,4,10,Pending
SU12841,B04046,S0098,2026-04-01,1,5,Paid
SU12842,B00232,S0136,2025-05-20,1,5,Paid
SU12843,B03406,S0029,2026-03-04,3,20,Paid
SU12844,B06043,S0036,2024-11-21,1,10,Paid
SU12845,B09755,S0040,2026-05-24,2,0,Paid
SU12846,B09317,S0100,2026-07-27,4,15,Paid
SU12847,B04101,S0070,2025-12-26,4,10,Paid
SU12848,B03560,S0106,2026-08-17,2,10,Paid
SU12849,B09854,S0086,2025-12-27,6,0,Paid
SU12850,B09251,S0088,2025-06-14,3,5,Paid
SU12851,B04482,S0089,2026-05-26,2,0,Paid
SU12852,B07753,S0105,2024-10-17,1,0,Paid
SU12853,B02208,S0006,2025-03-29,2,0,Pending
SU12854,B03787,S0148,2026-05-22,2,10,Complimentary
SU12855,B05364,S0017,2026-04-12,5,5,Paid
SU12856,B05079,S0110,2026-04-19,8,20,Paid
SU12857,B03140,S0086,2025-10-03,4,0,Paid
SU12858,B02463,S0063,2026-08-23,1,5,Paid
SU12859,B06713,S0134,2025-10-10,5,10,Paid
SU12860,B03999,S0151,2026-03-12,1,25,Paid
SU12861,B05641,S0040,2026-05-20,4,0,Paid
SU12862,B08536,S0044,2026-04-25,2,0,Paid
SU12863,B06762,S0043,2024-12-08,4,10,Paid
SU12864,B01989,S0036,2026-06-19,2,0,Paid
SU12865,B09423,S0025,2025-07-27,6,20,Paid
SU12866,B00396,S0133,2026-05-20,1,0,Paid
SU12867,B09512,S0058,2024-05-06,1,0,Paid
SU12868,B03884,S0067,2024-08-22,1,0,Paid
SU12869,B00761,S0032,2024-04-18,4,25,Paid
SU12870,B03685,S0010,2025-09-25,4,15,Paid
SU12871,B07189,S0041,2024-10-14,2,5,Paid
SU12872,B05838,S0064,2025-11-10,3,15,Paid
SU12873,B06655,S0116,2026-01-04,1,10,Paid
SU12874,B02298,S0010,2024-05-25,3,0,Pending
SU12875,B04199,S0007,2025-07-02,1,0,Paid
SU12876,B04986,S0108,2026-04-29,4,0,Paid
SU12877,B09054,S0035,2025-07-19,4,0,Paid
SU12878,B03391,S0129,2026-05-28,4,0,Paid
SU12879,B01125,S0019,2025-03-17,3,10,Paid
SU12880,B08220,S0118,2025-09-01,1,5,Paid
SU12881,B05727,S0068,2025-12-30,1,0,Paid
SU12882,B02702,S0029,2024-01-08,3,0,Paid
SU12883,B04490,S0001,2024-10-12,2,15,Paid
SU12884,B01508,S0051,2026-05-08,5,5,Paid
SU12885,B09266,S0101,2026-07-28,3,20,Paid
SU12886,B09363,S0114,2024-12-24,4,0,Paid
SU12887,B06496,S0107,2025-12-29,10,0,Paid
SU12888,B06784,S0070,2025-10-31,5,10,Paid
SU12889,B07158,S0015,2026-04-25,2,10,Paid
SU12890,B06677,S0099,2026-08-08,3,10,Pending
SU12891,B03746,S0061,2024-04-14,4,15,Paid
SU12892,B06636,S0108,2025-08-15,3,5,Paid
SU12893,B09183,S0075,2026-06-09,1,5,Paid
SU12894,B04286,S0032,2026-08-14,1,5,Paid
SU12895,B01053,S0116,2026-08-11,1,15,Paid
SU12896,B09449,S0051,2025-01-20,3,0,Paid
SU12897,B08962,S0118,2026-06-30,8,5,Paid
SU12898,B02130,S0043,2025-12-17,2,5,Paid
SU12899,B09339,S0144,2026-05-18,1,0,Pending
SU12900,B00296,S0112,2026-02-24,5,10,Paid
SU12901,B04562,S0050,2024-10-11,1,10,Paid
SU12902,B00254,S0009,2026-06-20,3,5,Paid
SU12903,B03446,S0065,2024-09-10,2,0,Paid
SU12904,B06848,S0094,2025-12-24,2,0,Paid
SU12905,B00471,S0112,2025-02-01,3,5,Paid
SU12906,B07626,S0048,2026-05-11,1,10,Paid
SU12907,B05497,S0086,2025-07-20,3,0,Paid
SU12908,B05072,S0098,2025-06-24,2,5,Paid
SU12909,B09983,S0090,2026-06-10,6,0,Paid
SU12910,B06835,S0038,2026-02-26,2,0,Paid
SU12911,B03382,S0030,2026-03-24,1,0,Paid
SU12912,B04122,S0027,2026-08-23,3,20,Paid
SU12913,B01831,S0005,2025-09-29,1,15,Paid
SU12914,B05599,S0053,2026-05-12,2,0,Paid
SU12915,B08098,S0105,2025-12-11,4,0,Pending
SU12916,B05791,S0029,2024-09-11,2,0,Paid
SU12917,B08688,S0015,2024-02-03,2,5,Paid
SU12918,B09476,S0120,2024-11-02,1,5,Paid
SU12919,B07248,S0115,2025-12-04,1,5,Paid
SU12920,B01664,S0038,2026-01-30,1,15,Paid
SU12921,B05217,S0034,2026-07-13,1,5,Paid
SU12922,B04179,S0140,2026-03-03,3,0,Paid
SU12923,B06024,S0037,2026-04-13,4,10,Paid
SU12924,B07523,S0097,2025-12-06,4,10,Paid
SU12925,B02102,S0088,2026-08-19,2,0,Paid
SU12926,B09273,S0003,2026-06-09,2,15,Paid
SU12927,B02950,S0066,2024-09-06,2,10,Paid
SU12928,B05450,S0114,2025-08-22,3,5,Paid
SU12929,B09524,S0029,2026-06-21,3,0,Paid
SU12930,B06398,S0015,2026-05-09,3,5,Paid
SU12931,B03539,S0008,2025-03-07,1,0,Paid
SU12932,B00850,S0049,2026-02-13,1,15,Paid
SU12933,B06924,S0026,2025-05-28,4,5,Paid
SU12934,B06625,S0049,2026-08-04,1,0,Paid
SU12935,B01178,S0057,2025-09-12,5,0,Paid
SU12936,B05923,S0039,2024-10-03,4,0,Paid
SU12937,B00696,S0029,2026-01-25,3,0,Paid
SU12938,B00114,S0101,2025-04-24,1,0,Paid
SU12939,B02394,S0031,2024-04-21,3,15,Paid
SU12940,B03232,S0045,2025-10-17,1,0,Paid
SU12941,B02581,S0064,2024-12-30,1,0,Paid
SU12942,B07845,S0037,2026-05-20,3,0,Paid
SU12943,B01419,S0117,2025-06-08,5,5,Paid
SU12944,B04687,S0007,2024-01-06,1,0,Paid
SU12945,B01534,S0009,2025-01-22,1,0,Pending
SU12946,B06332,S0015,2025-05-29,1,10,Paid
SU12947,B04839,S0063,2024-01-16,1,5,Paid
SU12948,B08229,S0120,2025-07-23,5,0,Paid
SU12949,B09721,S0026,2026-08-12,1,10,Paid
SU12950,B05722,S0017,2026-01-15,5,0,Paid
SU12951,B00180,S0050,2026-03-22,3,5,Paid
SU12952,B03582,S0109,2025-11-11,2,5,Paid
SU12953,B01301,S0035,2025-08-18,8,10,Paid
SU12954,B02525,S0025,2025-08-30,1,15,Paid
SU12955,B08440,S0088,2026-07-20,1,10,Paid
SU12956,B07693,S0094,2025-11-08,1,0,Paid
SU12957,B01719,S0006,2026-02-21,1,5,Paid
SU12958,B05319,S0072,2026-08-24,5,10,Paid
SU12959,B07625,S0117,2026-01-08,2,5,Paid
SU12960,B09028,S0147,2025-10-30,1,0,Paid
SU12961,B01261,S0096,2025-03-31,10,5,Paid
SU12962,B09661,S0146,2026-08-06,2,15,Paid
SU12963,B07786,S0086,2024-11-17,5,10,Paid
SU12964,B05162,S0009,2024-09-16,3,0,Paid
SU12965,B07187,S0149,2026-08-03,2,5,Paid
SU12966,B08585,S0003,2024-11-23,3,15,Paid
SU12967,B07064,S0030,2026-06-22,1,0,Paid
SU12968,B00432,S0048,2026-08-08,2,0,Complimentary
SU12969,B04376,S0072,2026-07-21,1,15,Pending
SU12970,B05243,S0121,2025-09-21,5,10,Paid
SU12971,B07622,S0027,2024-09-02,3,15,Paid
SU12972,B08951,S0028,2025-05-03,2,15,Paid
SU12973,B06101,S0110,2026-06-06,4,10,Paid
SU12974,B02420,S0104,2026-03-07,5,20,Paid
SU12975,B01946,S0021,2026-08-28,2,15,Paid
SU12976,B03888,S0079,2026-07-13,10,10,Complimentary
SU12977,B08375,S0050,2026-04-09,5,10,Paid
SU12978,B03556,S0087,2026-08-27,1,0,Paid
SU12979,B07426,S0059,2026-06-10,2,0,Paid
SU12980,B09464,S0057,2024-11-01,4,0,Paid
SU12981,B02632,S0039,2025-05-08,2,10,Paid
SU12982,B00283,S0112,2026-02-22,3,15,Paid
SU12983,B01849,S0041,2025-07-25,3,0,Pending
SU12984,B01928,S0025,2026-08-27,2,5,Paid
SU12985,B02164,S0116,2025-01-14,1,5,Paid
SU12986,B00016,S0051,2025-11-18,3,15,Pending
SU12987,B03377,S0048,2026-07-26,4,10,Paid
SU12988,B06739,S0012,2026-08-04,2,10,Paid
SU12989,B05259,S0034,2026-08-21,3,0,Paid
SU12990,B02771,S0093,2026-03-19,1,0,Paid
SU12991,B01647,S0108,2026-07-15,3,5,Paid
SU12992,B06638,S0015,2024-08-17,3,0,Paid
SU12993,B03632,S0031,2025-12-12,1,5,Paid
SU12994,B04364,S0035,2026-03-10,4,15,Paid
SU12995,B08928,S0118,2025-12-03,3,15,Paid
SU12996,B01022,S0050,2024-09-14,2,0,Pending
SU12997,B09439,S0029,2024-03-23,5,5,Paid
SU12998,B03952,S0111,2024-02-15,1,0,Paid
SU12999,B02890,S0030,2026-07-22,3,20,Paid
SU13000,B05224,S0032,2026-08-01,1,0,Pending
SU13001,B09080,S0015,2026-04-22,1,5,Paid
SU13002,B05886,S0113,2025-02-04,3,5,Paid
SU13003,B04416,S0047,2026-06-17,1,5,Paid
SU13004,B03894,S0008,2024-09-02,2,20,Paid
SU13005,B09256,S0087,2026-07-14,2,0,Paid
SU13006,B02634,S0050,2024-12-26,3,15,Paid
SU13007,B05352,S0116,2026-06-18,1,0,Paid
SU13008,B08328,S0010,2024-03-04,1,0,Pending
SU13009,B01300,S0007,2024-07-18,1,0,Paid
SU13010,B06591,S0029,2025-11-03,3,0,Paid
SU13011,B08824,S0010,2025-11-17,1,0,Paid
SU13012,B02343,S0101,2025-09-21,1,10,Paid
SU13013,B08105,S0123,2026-01-24,4,5,Paid
SU13014,B08959,S0112,2024-05-15,4,0,Paid
SU13015,B05973,S0034,2024-03-08,1,5,Paid
SU13016,B04227,S0043,2026-03-16,2,0,Paid
SU13017,B08372,S0092,2024-02-07,2,5,Pending
SU13018,B06941,S0123,2026-01-26,2,0,Paid
SU13019,B06057,S0099,2025-04-27,1,10,Paid
SU13020,B04158,S0025,2025-03-09,6,10,Paid
SU13021,B02531,S0127,2026-06-22,2,0,Paid
SU13022,B01938,S0147,2026-04-04,3,5,Paid
SU13023,B06302,S0023,2026-05-21,3,0,Paid
SU13024,B01454,S0047,2024-04-23,1,10,Pending
SU13025,B06672,S0002,2025-10-22,1,5,Paid
SU13026,B00803,S0122,2024-08-24,4,5,Paid
SU13027,B07801,S0106,2024-12-08,2,10,Paid
SU13028,B03539,S0004,2025-03-08,4,10,Complimentary
SU13029,B02345,S0038,2026-04-09,2,15,Paid
SU13030,B08608,S0006,2025-07-29,4,5,Paid
SU13031,B09454,S0139,2024-12-25,5,5,Paid
SU13032,B04875,S0043,2026-08-26,5,0,Paid
SU13033,B01061,S0072,2024-01-15,5,5,Paid
SU13034,B04771,S0107,2026-07-19,5,0,Paid
SU13035,B06895,S0062,2026-08-11,1,25,Paid
SU13036,B06269,S0005,2026-08-02,2,0,Paid
SU13037,B07469,S0138,2026-03-17,1,0,Paid
SU13038,B01283,S0090,2024-09-27,8,20,Paid
SU13039,B08014,S0122,2026-06-24,1,0,Paid
SU13040,B08545,S0038,2024-06-18,1,0,Pending
SU13041,B08568,S0025,2026-08-14,5,15,Paid
SU13042,B05767,S0025,2024-01-01,2,5,Paid
SU13043,B02018,S0098,2024-09-19,3,0,Paid
SU13044,B01423,S0037,2026-04-12,3,0,Paid
SU13045,B00522,S0036,2024-12-28,1,10,Paid
SU13046,B08403,S0115,2025-07-03,1,0,Paid
SU13047,B01841,S0110,2025-01-23,3,5,Paid
SU13048,B06164,S0057,2026-01-05,4,0,Paid
SU13049,B05779,S0027,2026-02-06,2,5,Paid
SU13050,B01034,S0140,2024-12-21,1,10,Paid
SU13051,B08288,S0025,2025-09-26,2,10,Paid
SU13052,B08691,S0122,2024-08-21,3,0,Paid
SU13053,B08257,S0043,2025-10-18,3,0,Paid
SU13054,B05479,S0027,2025-10-16,2,15,Paid
SU13055,B05127,S0051,2024-11-27,2,0,Paid
SU13056,B07238,S0047,2025-08-29,3,5,Pending
SU13057,B03676,S0026,2024-05-14,1,5,Paid
SU13058,B03010,S0115,2026-05-11,1,10,Paid
SU13059,B08206,S0098,2025-01-29,1,5,Pending
SU13060,B09852,S0042,2026-06-29,4,0,Paid
SU13061,B08936,S0023,2025-11-12,1,0,Paid
SU13062,B03327,S0092,2025-12-05,1,0,Paid
SU13063,B06683,S0116,2024-07-23,1,10,Paid
SU13064,B02929,S0038,2024-05-26,2,0,Paid
SU13065,B08260,S0145,2026-01-27,3,0,Paid
SU13066,B08343,S0049,2025-02-19,1,10,Complimentary
SU13067,B09346,S0120,2024-07-07,4,15,Paid
SU13068,B00582,S0026,2025-12-04,1,15,Paid
SU13069,B05390,S0039,2024-04-29,2,5,Paid
SU13070,B00201,S0034,2025-05-03,1,10,Paid
SU13071,B09044,S0029,2026-02-22,4,0,Paid
SU13072,B08507,S0012,2026-01-27,1,5,Paid
SU13073,B05520,S0030,2024-10-05,2,5,Paid
SU13074,B08744,S0093,2026-05-16,2,20,Paid
SU13075,B00681,S0031,2025-03-19,1,25,Paid
SU13076,B08138,S0055,2025-05-21,1,0,Paid
SU13077,B09491,S0009,2026-05-16,3,5,Paid
SU13078,B01529,S0107,2025-12-06,4,0,Paid
SU13079,B07653,S0092,2026-08-17,1,10,Paid
SU13080,B00855,S0049,2025-11-15,1,5,Paid
SU13081,B05292,S0023,2026-02-09,1,0,Paid
SU13082,B05208,S0124,2025-10-03,2,0,Paid
SU13083,B07665,S0008,2026-07-27,2,0,Paid
SU13084,B06152,S0094,2026-06-18,1,5,Paid
SU13085,B06763,S0046,2025-11-09,5,10,Paid
SU13086,B09797,S0056,2026-07-30,8,5,Paid
SU13087,B01212,S0044,2026-07-02,3,0,Paid
SU13088,B09403,S0025,2024-12-10,4,0,Pending
SU13089,B00236,S0007,2025-12-30,2,0,Paid
SU13090,B09463,S0149,2024-04-08,1,0,Paid
SU13091,B04242,S0015,2024-11-01,2,5,Paid
SU13092,B07117,S0037,2025-02-10,4,25,Paid
SU13093,B07227,S0101,2026-08-21,4,10,Paid
SU13094,B08900,S0093,2024-03-13,6,5,Paid
SU13095,B00421,S0007,2026-08-06,2,5,Paid
SU13096,B09831,S0120,2026-04-15,2,10,Paid
SU13097,B02677,S0018,2024-01-29,2,25,Paid
SU13098,B00871,S0105,2025-12-15,10,5,Paid
SU13099,B05303,S0006,2026-01-31,2,10,Paid
SU13100,B05260,S0033,2025-10-30,2,20,Paid
SU13101,B06328,S0034,2026-03-06,3,5,Paid
SU13102,B07704,S0040,2024-03-10,5,5,Pending
SU13103,B00607,S0117,2026-04-19,1,5,Paid
SU13104,B00242,S0017,2026-08-19,1,0,Paid
SU13105,B02564,S0065,2026-05-14,5,0,Paid
SU13106,B03928,S0044,2025-04-21,1,10,Paid
SU13107,B00823,S0123,2026-02-28,3,5,Paid
SU13108,B00802,S0061,2025-12-14,4,5,Paid
SU13109,B01519,S0107,2026-01-01,1,15,Paid
SU13110,B07990,S0051,2025-09-28,2,15,Paid
SU13111,B06201,S0124,2025-11-04,2,5,Paid
SU13112,B08177,S0071,2024-02-18,2,0,Paid
SU13113,B01926,S0047,2025-10-28,1,10,Paid
SU13114,B04434,S0061,2026-03-24,3,25,Pending
SU13115,B09818,S0106,2024-04-23,5,10,Paid
SU13116,B04282,S0016,2024-05-14,3,5,Paid
SU13117,B09997,S0059,2025-10-01,2,10,Paid
SU13118,B04230,S0118,2024-02-21,8,5,Paid
SU13119,B05546,S0004,2025-01-04,3,0,Paid
SU13120,B07839,S0099,2025-06-28,2,0,Paid
SU13121,B05886,S0107,2025-02-05,8,0,Paid
SU13122,B09653,S0023,2025-09-03,1,10,Paid
SU13123,B09857,S0003,2024-12-13,3,20,Paid
SU13124,B05748,S0065,2025-11-07,5,0,Paid
SU13125,B05368,S0015,2026-07-24,2,0,Paid
SU13126,B06129,S0087,2025-07-05,4,0,Paid
SU13127,B09139,S0068,2024-06-29,4,5,Paid
SU13128,B06066,S0027,2025-04-26,4,15,Paid
SU13129,B06788,S0039,2024-02-16,3,5,Paid
SU13130,B09019,S0036,2026-04-07,1,0,Paid
SU13131,B09607,S0050,2024-03-30,3,5,Paid
SU13132,B00481,S0094,2025-01-17,2,5,Paid
SU13133,B05358,S0027,2024-06-08,2,10,Paid
SU13134,B00576,S0112,2025-10-30,4,0,Paid
SU13135,B03259,S0025,2025-11-06,1,10,Paid
SU13136,B07112,S0093,2026-07-05,3,0,Paid
SU13137,B02847,S0069,2026-04-12,1,0,Paid
SU13138,B07131,S0095,2026-01-06,10,5,Paid
SU13139,B00153,S0097,2025-12-09,2,20,Paid
SU13140,B05848,S0028,2026-03-13,3,0,Paid
SU13141,B07164,S0057,2025-05-20,2,5,Paid
SU13142,B00200,S0028,2024-10-15,4,0,Paid
SU13143,B01269,S0139,2024-07-04,3,5,Paid
SU13144,B08921,S0027,2026-01-06,1,20,Paid
SU13145,B09355,S0055,2026-07-07,3,0,Paid
SU13146,B06197,S0008,2025-12-09,1,5,Paid
SU13147,B01892,S0116,2026-04-08,1,5,Paid
SU13148,B06363,S0105,2026-01-12,5,0,Paid
SU13149,B07398,S0003,2026-08-26,2,0,Paid
SU13150,B09172,S0003,2026-06-14,1,0,Paid
SU13151,B05767,S0024,2024-01-02,2,0,Paid
SU13152,B00395,S0046,2026-02-07,4,0,Paid
SU13153,B01373,S0135,2025-07-24,2,15,Complimentary
SU13154,B04342,S0045,2024-03-23,1,15,Paid
SU13155,B04413,S0057,2025-11-10,2,0,Paid
SU13156,B07026,S0073,2025-03-09,1,25,Paid
SU13157,B01468,S0033,2025-03-28,2,5,Paid
SU13158,B00426,S0056,2024-03-27,2,5,Paid
SU13159,B00069,S0134,2024-10-15,2,20,Paid
SU13160,B03522,S0095,2025-07-24,8,0,Paid
SU13161,B08026,S0050,2025-05-03,4,0,Paid
SU13162,B07997,S0021,2024-12-18,2,0,Paid
SU13163,B06771,S0037,2026-01-29,2,0,Paid
SU13164,B00643,S0127,2025-01-02,1,0,Paid
SU13165,B06906,S0141,2025-09-11,3,5,Paid
SU13166,B02131,S0013,2026-02-18,4,25,Paid
SU13167,B05170,S0146,2026-01-05,3,20,Paid
SU13168,B02419,S0046,2024-04-23,3,15,Paid
SU13169,B06912,S0005,2025-03-29,1,15,Paid
SU13170,B08801,S0146,2026-04-14,2,0,Paid
SU13171,B03164,S0027,2024-12-24,2,0,Paid
SU13172,B07108,S0006,2026-08-22,2,5,Paid
SU13173,B04233,S0021,2026-07-23,1,5,Paid
SU13174,B00219,S0146,2024-11-01,5,5,Paid
SU13175,B08518,S0135,2025-10-03,1,5,Paid
SU13176,B01093,S0062,2025-09-10,2,0,Paid
SU13177,B09712,S0116,2026-07-06,2,0,Paid
SU13178,B01520,S0103,2024-01-16,2,5,Paid
SU13179,B08105,S0126,2026-01-23,1,20,Paid
SU13180,B08149,S0111,2025-12-18,1,0,Paid
SU13181,B03112,S0047,2024-12-16,1,15,Pending
SU13182,B00806,S0111,2024-01-14,2,0,Paid
SU13183,B06069,S0026,2024-12-22,2,5,Paid
SU13184,B01772,S0145,2026-01-24,8,0,Paid
SU13185,B06705,S0089,2026-08-19,1,5,Paid
SU13186,B05940,S0067,2025-11-07,4,0,Paid
SU13187,B02592,S0043,2024-05-30,1,0,Paid
SU13188,B06079,S0118,2024-12-10,3,15,Paid
SU13189,B01667,S0111,2025-06-10,1,5,Paid
SU13190,B03026,S0135,2026-07-03,3,0,Paid
SU13191,B08935,S0112,2025-04-13,2,10,Paid
SU13192,B05842,S0043,2025-02-25,1,25,Paid
SU13193,B03707,S0123,2024-11-04,5,0,Paid
SU13194,B03741,S0030,2026-08-16,1,25,Paid
SU13195,B07480,S0031,2026-01-11,2,10,Pending
SU13196,B01015,S0032,2025-03-04,4,5,Paid
SU13197,B04283,S0030,2025-02-13,3,5,Pending
SU13198,B00210,S0118,2026-04-10,3,0,Pending
SU13199,B02060,S0150,2024-07-30,1,0,Paid
SU13200,B01426,S0039,2024-12-05,2,10,Paid
SU13201,B06938,S0056,2025-03-17,6,0,Paid
SU13202,B02114,S0029,2025-05-27,4,10,Pending
SU13203,B01341,S0041,2026-07-06,3,0,Pending
SU13204,B03652,S0112,2026-01-21,1,5,Pending
SU13205,B02940,S0116,2026-01-24,1,15,Paid
SU13206,B09933,S0008,2025-11-29,1,0,Paid
SU13207,B02881,S0009,2026-01-07,2,0,Paid
SU13208,B03080,S0107,2026-05-30,5,10,Paid
SU13209,B01551,S0014,2026-08-11,8,0,Paid
SU13210,B09384,S0039,2025-12-23,4,10,Paid
SU13211,B08287,S0042,2025-12-18,2,5,Paid
SU13212,B08276,S0093,2026-02-26,2,0,Paid
SU13213,B04984,S0052,2026-05-31,1,15,Paid
SU13214,B02908,S0122,2026-08-27,2,5,Paid
SU13215,B02315,S0051,2025-12-19,3,5,Paid
SU13216,B07066,S0098,2026-04-05,2,0,Pending
SU13217,B02231,S0113,2025-07-08,1,25,Paid
SU13218,B06902,S0109,2026-05-30,3,15,Paid
SU13219,B04326,S0102,2026-03-21,1,5,Paid
SU13220,B03406,S0028,2026-03-04,2,10,Paid
SU13221,B06250,S0081,2025-05-20,4,5,Paid
SU13222,B00694,S0028,2026-08-20,1,0,Paid
SU13223,B02318,S0028,2025-04-19,4,5,Paid
SU13224,B02889,S0028,2025-12-18,5,0,Paid
SU13225,B01270,S0022,2025-12-29,2,0,Paid
SU13226,B02686,S0017,2024-05-29,2,15,Paid
SU13227,B05291,S0046,2026-01-02,1,5,Paid
SU13228,B04190,S0007,2025-03-15,1,0,Pending
SU13229,B04873,S0034,2024-01-24,2,5,Paid
SU13230,B02085,S0017,2026-08-11,3,10,Paid
SU13231,B02545,S0060,2024-07-28,5,10,Paid
SU13232,B05595,S0115,2026-03-28,1,0,Paid
SU13233,B03117,S0032,2024-02-10,5,15,Paid
SU13234,B01732,S0007,2025-04-24,1,0,Paid
SU13235,B04946,S0030,2024-01-17,2,10,Paid
SU13236,B08503,S0026,2025-03-10,3,25,Paid
SU13237,B04353,S0114,2026-05-11,5,10,Paid
SU13238,B07676,S0147,2024-12-05,10,0,Paid
SU13239,B01728,S0087,2025-04-18,4,5,Paid
SU13240,B01861,S0006,2025-08-06,4,0,Paid
SU13241,B08684,S0086,2026-04-13,3,5,Paid
SU13242,B09735,S0039,2026-07-07,4,0,Paid
SU13243,B01431,S0109,2025-03-19,2,0,Paid
SU13244,B02607,S0033,2025-06-15,2,10,Paid
SU13245,B02655,S0009,2026-02-27,1,10,Paid
SU13246,B01432,S0017,2026-07-05,2,15,Paid
SU13247,B01488,S0064,2025-12-10,1,5,Paid
SU13248,B08151,S0054,2025-07-18,4,20,Paid
SU13249,B02855,S0100,2026-02-26,2,0,Paid
SU13250,B08034,S0110,2025-10-29,1,10,Paid
SU13251,B03962,S0053,2026-04-06,1,5,Paid
SU13252,B06114,S0062,2026-03-31,1,5,Paid
SU13253,B02364,S0023,2025-06-08,1,10,Paid
SU13254,B06968,S0147,2026-05-15,10,0,Paid
SU13255,B01605,S0145,2025-12-03,10,5,Paid
SU13256,B04271,S0143,2026-08-21,5,0,Paid
SU13257,B08953,S0106,2025-01-20,3,10,Paid
SU13258,B02235,S0023,2026-06-24,3,15,Paid
SU13259,B09304,S0108,2024-09-05,2,10,Paid
SU13260,B08496,S0101,2026-07-18,3,0,Paid
SU13261,B05167,S0027,2025-06-01,4,10,Paid
SU13262,B07863,S0096,2026-05-31,2,5,Paid
SU13263,B00767,S0012,2024-07-14,3,0,Paid
SU13264,B03072,S0087,2024-08-03,4,0,Paid
SU13265,B07890,S0033,2024-10-31,3,5,Paid
SU13266,B01383,S0068,2025-03-04,2,0,Paid
SU13267,B05722,S0017,2026-01-15,3,10,Paid
SU13268,B07759,S0093,2026-02-04,1,0,Pending
SU13269,B02755,S0087,2024-07-24,2,5,Paid
SU13270,B06109,S0115,2024-05-21,6,0,Paid
SU13271,B04363,S0010,2024-11-25,2,10,Paid
SU13272,B02010,S0050,2025-04-23,5,0,Paid
SU13273,B08355,S0040,2024-02-12,2,5,Paid
SU13274,B09614,S0019,2026-04-12,1,20,Paid
SU13275,B04029,S0022,2026-02-02,3,5,Paid
SU13276,B02936,S0147,2024-11-06,5,0,Paid
SU13277,B07968,S0116,2025-07-07,1,10,Paid
SU13278,B05139,S0028,2026-07-13,2,5,Paid
SU13279,B09317,S0104,2026-07-27,2,0,Paid
SU13280,B08789,S0127,2025-02-07,2,0,Paid
SU13281,B02753,S0028,2026-01-08,2,15,Pending
SU13282,B02121,S0049,2026-08-18,1,25,Paid
SU13283,B03215,S0022,2024-09-15,2,5,Paid
SU13284,B02142,S0095,2026-06-11,4,15,Paid
SU13285,B01448,S0038,2026-07-09,1,10,Paid
SU13286,B00647,S0010,2026-07-14,2,0,Paid
SU13287,B01261,S0093,2025-03-31,6,0,Paid
SU13288,B05302,S0023,2024-06-23,3,5,Paid
SU13289,B08292,S0021,2024-07-11,1,10,Paid
SU13290,B00564,S0051,2024-10-18,1,0,Paid
SU13291,B07625,S0115,2026-01-08,2,15,Paid
SU13292,B03815,S0059,2024-09-04,2,5,Paid
SU13293,B09138,S0116,2025-02-25,1,0,Paid
SU13294,B07626,S0049,2026-05-12,1,10,Paid
SU13295,B01593,S0101,2026-03-28,2,20,Paid
SU13296,B08412,S0124,2025-02-17,1,5,Paid
SU13297,B09605,S0057,2025-11-27,5,15,Paid
SU13298,B05365,S0107,2026-08-02,2,0,Paid
SU13299,B02318,S0023,2025-04-19,2,5,Paid
SU13300,B04921,S0039,2025-05-02,3,20,Paid
SU13301,B05277,S0110,2025-10-29,3,0,Paid
SU13302,B00199,S0035,2024-06-26,5,15,Paid
SU13303,B04883,S0040,2025-11-10,2,10,Paid
SU13304,B01117,S0110,2024-04-03,1,10,Paid
SU13305,B03804,S0115,2026-06-01,2,10,Paid
SU13306,B09656,S0127,2024-09-14,2,10,Paid
SU13307,B04926,S0022,2024-02-10,2,15,Paid
SU13308,B02020,S0035,2025-08-25,1,0,Paid
SU13309,B04935,S0089,2024-06-09,2,5,Paid
SU13310,B01130,S0027,2025-09-14,2,15,Paid
SU13311,B07758,S0110,2025-06-05,1,25,Paid
SU13312,B00557,S0140,2026-07-07,1,5,Paid
SU13313,B07504,S0113,2024-08-08,3,15,Paid
SU13314,B06558,S0030,2025-12-22,1,0,Paid
SU13315,B04623,S0003,2026-07-14,2,10,Paid
SU13316,B04582,S0005,2025-11-24,1,5,Pending
SU13317,B03182,S0125,2026-08-07,5,10,Paid
SU13318,B00634,S0025,2025-11-01,8,5,Paid
SU13319,B08413,S0033,2024-12-03,3,0,Paid
SU13320,B04045,S0051,2024-01-26,3,0,Pending
SU13321,B02947,S0107,2026-08-29,8,0,Paid
SU13322,B00112,S0015,2026-03-12,1,0,Paid
SU13323,B04701,S0114,2026-05-16,4,15,Complimentary
SU13324,B03594,S0008,2026-02-03,3,0,Paid
SU13325,B07072,S0092,2026-06-29,1,0,Paid
SU13326,B02127,S0044,2025-11-24,2,5,Paid
SU13327,B01371,S0111,2025-03-29,1,5,Paid
SU13328,B00043,S0091,2024-12-11,6,15,Paid
SU13329,B03272,S0007,2026-01-10,1,5,Paid
SU13330,B03693,S0041,2025-10-03,2,20,Pending
SU13331,B08661,S0116,2026-05-08,1,0,Paid
SU13332,B01448,S0035,2026-07-07,6,10,Paid
SU13333,B02682,S0114,2025-10-31,5,5,Paid
SU13334,B04742,S0038,2026-02-01,1,0,Paid
SU13335,B05026,S0008,2026-08-21,3,0,Paid
SU13336,B04464,S0072,2025-02-25,2,0,Paid
SU13337,B04646,S0072,2026-02-23,2,10,Paid
SU13338,B08306,S0010,2025-11-04,3,15,Paid
SU13339,B06541,S0059,2025-02-18,2,20,Paid
SU13340,B02341,S0028,2024-11-25,1,5,Pending
SU13341,B09674,S0106,2026-04-23,3,20,Pending
SU13342,B01423,S0034,2026-04-09,4,0,Paid
SU13343,B02386,S0127,2025-10-26,1,0,Pending
SU13344,B01212,S0052,2026-06-29,1,20,Paid
SU13345,B09583,S0024,2026-01-06,3,15,Paid
SU13346,B09762,S0132,2026-08-26,1,10,Paid
SU13347,B04402,S0023,2026-06-04,1,10,Paid
SU13348,B07826,S0032,2026-04-20,5,5,Paid
SU13349,B09090,S0049,2026-02-28,1,0,Paid
SU13350,B00133,S0027,2025-02-03,3,10,Paid
SU13351,B01546,S0093,2025-04-08,2,5,Paid
SU13352,B09520,S0023,2025-12-01,1,0,Paid
SU13353,B08374,S0111,2025-05-04,1,5,Paid
SU13354,B04241,S0027,2026-07-16,2,5,Paid
SU13355,B02901,S0102,2025-01-28,2,5,Paid
SU13356,B05662,S0074,2024-05-30,2,5,Paid
SU13357,B00767,S0021,2024-07-15,1,5,Complimentary
SU13358,B01561,S0022,2024-09-10,2,5,Paid
SU13359,B01967,S0030,2026-02-10,1,5,Paid
SU13360,B07291,S0113,2024-05-29,2,20,Paid
SU13361,B01353,S0049,2026-01-13,1,0,Paid
SU13362,B08629,S0063,2026-04-10,2,15,Paid
SU13363,B01889,S0131,2024-12-05,5,15,Paid
SU13364,B01328,S0065,2024-12-19,2,0,Paid
SU13365,B05806,S0013,2026-07-24,4,5,Paid
SU13366,B03073,S0113,2024-10-18,2,0,Paid
SU13367,B06788,S0038,2024-02-16,2,0,Paid
SU13368,B01072,S0109,2026-02-14,1,0,Pending
SU13369,B06379,S0059,2025-07-17,2,0,Paid
SU13370,B07347,S0123,2025-12-10,6,0,Paid
SU13371,B09261,S0118,2024-04-29,1,15,Paid
SU13372,B03729,S0001,2025-07-16,3,5,Paid
SU13373,B04314,S0022,2025-10-30,1,10,Paid
SU13374,B07127,S0021,2026-08-24,1,15,Paid
SU13375,B07687,S0147,2026-05-24,3,10,Paid
SU13376,B04362,S0007,2026-08-26,3,10,Paid
SU13377,B05513,S0096,2024-12-04,4,10,Paid
SU13378,B06142,S0118,2026-07-26,1,10,Paid
SU13379,B00219,S0148,2024-11-02,4,0,Paid
SU13380,B00303,S0122,2024-09-29,1,15,Paid
SU13381,B07285,S0131,2024-11-01,1,15,Paid
SU13382,B01824,S0087,2025-04-29,2,0,Paid
SU13383,B05809,S0151,2026-06-12,1,0,Paid
SU13384,B02890,S0030,2026-07-20,1,0,Paid
SU13385,B05232,S0001,2025-04-05,3,10,Paid
SU13386,B01130,S0027,2025-09-17,3,5,Paid
SU13387,B06544,S0117,2025-07-25,2,0,Paid
SU13388,B09243,S0043,2026-07-05,3,0,Paid
SU13389,B03665,S0120,2026-07-22,5,5,Paid
SU13390,B04443,S0003,2026-01-02,2,0,Paid
SU13391,B09497,S0148,2025-12-03,4,5,Paid
SU13392,B06768,S0115,2024-08-16,3,0,Paid
SU13393,B06957,S0069,2025-11-11,1,20,Paid
SU13394,B01818,S0117,2024-07-23,1,0,Paid
SU13395,B01019,S0016,2025-02-26,2,10,Paid
SU13396,B08011,S0127,2026-04-08,3,10,Paid
SU13397,B04419,S0029,2026-08-08,2,20,Paid
SU13398,B05879,S0086,2026-07-04,1,5,Paid
SU13399,B01952,S0027,2025-01-16,2,10,Paid
SU13400,B03530,S0007,2026-04-02,2,15,Paid
SU13401,B02908,S0126,2026-08-28,1,15,Paid
SU13402,B09648,S0096,2026-03-24,5,25,Paid
SU13403,B04493,S0055,2024-12-29,2,0,Paid
SU13404,B07469,S0141,2026-03-17,1,10,Paid
SU13405,B02129,S0134,2025-05-09,8,10,Paid
SU13406,B04006,S0011,2025-08-11,2,0,Paid
SU13407,B08389,S0026,2025-04-04,10,5,Paid
SU13408,B07340,S0126,2024-03-02,1,0,Paid
SU13409,B04441,S0097,2024-12-27,3,20,Paid
SU13410,B01279,S0026,2025-08-22,4,0,Paid
SU13411,B01944,S0002,2026-07-01,3,5,Paid
SU13412,B00886,S0044,2026-06-02,2,0,Paid
SU13413,B06304,S0097,2025-07-01,6,15,Paid
SU13414,B01386,S0006,2025-12-08,3,20,Paid
SU13415,B06326,S0141,2024-01-29,1,5,Paid
SU13416,B06610,S0101,2025-07-31,5,5,Paid
SU13417,B03742,S0034,2025-05-28,4,10,Paid
SU13418,B09068,S0150,2026-01-20,1,0,Paid
SU13419,B05838,S0062,2025-11-08,1,5,Paid
SU13420,B01067,S0040,2026-08-02,5,0,Paid
SU13421,B03232,S0052,2025-10-16,1,15,Paid
SU13422,B05259,S0034,2026-08-23,3,15,Paid
SU13423,B09342,S0123,2026-03-01,3,0,Paid
SU13424,B09123,S0038,2025-06-09,1,10,Paid
SU13425,B03726,S0046,2025-05-29,3,15,Paid
SU13426,B02389,S0147,2024-01-10,8,0,Paid
SU13427,B03397,S0118,2025-10-27,10,10,Paid
SU13428,B07290,S0013,2026-06-18,1,10,Paid
SU13429,B01341,S0035,2026-07-03,1,5,Complimentary
SU13430,B02771,S0096,2026-03-19,4,20,Paid
SU13431,B04550,S0088,2025-01-26,4,0,Complimentary
SU13432,B09763,S0021,2024-11-17,1,0,Pending
SU13433,B05718,S0109,2025-09-08,5,10,Paid
SU13434,B08761,S0003,2024-08-01,10,5,Paid
SU13435,B06008,S0101,2025-11-07,2,0,Complimentary
SU13436,B07056,S0015,2026-05-14,1,5,Paid
SU13437,B00110,S0092,2024-12-02,1,10,Paid
SU13438,B01775,S0049,2025-11-29,1,5,Paid
SU13439,B02592,S0044,2024-05-31,1,5,Paid
SU13440,B06230,S0053,2024-04-29,1,5,Paid
SU13441,B08093,S0087,2025-01-03,2,5,Paid
SU13442,B01091,S0114,2025-07-15,2,15,Paid
SU13443,B07262,S0038,2025-01-26,1,5,Paid
SU13444,B07668,S0088,2026-07-27,1,10,Paid
SU13445,B06356,S0041,2025-02-04,1,5,Paid
SU13446,B02315,S0052,2025-12-21,1,5,Paid
SU13447,B00786,S0015,2026-08-30,1,5,Paid
SU13448,B05843,S0144,2026-01-31,3,0,Paid
SU13449,B08406,S0054,2026-01-29,4,0,Complimentary
SU13450,B00674,S0115,2026-05-06,3,0,Paid
SU13451,B08973,S0101,2025-12-14,4,0,Paid
SU13452,B03324,S0064,2025-06-26,3,5,Complimentary
SU13453,B05334,S0045,2026-04-08,2,5,Paid
SU13454,B00569,S0028,2026-03-23,2,0,Paid
SU13455,B05001,S0121,2026-07-11,2,0,Paid
SU13456,B01949,S0113,2025-08-09,4,0,Paid
SU13457,B05841,S0058,2026-08-25,2,0,Pending
SU13458,B01695,S0094,2026-08-14,1,5,Paid
SU13459,B07695,S0031,2026-02-26,1,10,Paid
SU13460,B05351,S0015,2026-01-19,3,0,Paid
SU13461,B05521,S0033,2024-12-04,1,10,Paid
SU13462,B09322,S0069,2026-08-20,2,10,Paid
SU13463,B02388,S0043,2024-07-25,5,5,Paid
SU13464,B02644,S0031,2025-10-25,2,5,Paid
SU13465,B04554,S0013,2024-06-26,2,0,Paid
SU13466,B00199,S0037,2024-06-25,4,10,Paid
SU13467,B01457,S0111,2025-09-17,3,5,Paid
SU13468,B03402,S0112,2026-07-03,3,10,Paid
SU13469,B00533,S0149,2025-12-26,1,15,Pending
SU13470,B05039,S0115,2025-06-30,3,10,Complimentary
SU13471,B01758,S0038,2026-04-16,1,0,Pending
SU13472,B08067,S0020,2025-11-17,2,5,Paid
SU13473,B04932,S0036,2026-01-24,1,5,Paid
SU13474,B05350,S0014,2025-11-29,2,0,Paid
SU13475,B09460,S0068,2026-02-23,8,0,Paid
SU13476,B01433,S0103,2025-01-15,1,20,Paid
SU13477,B07552,S0038,2026-03-04,1,10,Paid
SU13478,B06815,S0123,2026-08-22,1,5,Paid
SU13479,B02492,S0090,2024-01-04,8,5,Paid
SU13480,B02716,S0010,2026-07-24,3,10,Paid
SU13481,B01510,S0060,2025-08-23,5,0,Complimentary
SU13482,B04013,S0032,2024-03-18,1,5,Paid
SU13483,B05599,S0053,2026-05-11,2,20,Paid
SU13484,B06983,S0116,2025-05-09,2,10,Paid
SU13485,B07156,S0023,2026-08-11,1,5,Paid
SU13486,B03219,S0037,2026-08-10,1,5,Paid
SU13487,B07812,S0148,2025-08-19,3,5,Paid
SU13488,B04644,S0047,2026-05-09,2,0,Complimentary
SU13489,B05069,S0002,2024-02-07,5,0,Paid
SU13490,B06275,S0092,2024-01-02,2,0,Paid
SU13491,B08274,S0006,2026-08-20,1,5,Paid
SU13492,B08382,S0100,2024-11-26,3,10,Complimentary
SU13493,B01019,S0013,2025-02-25,1,15,Pending
SU13494,B07189,S0041,2024-10-15,5,10,Paid
SU13495,B08804,S0150,2026-04-22,2,10,Paid
SU13496,B02493,S0130,2025-11-06,3,5,Paid
SU13497,B09082,S0071,2026-05-01,1,5,Paid
SU13498,B08838,S0122,2026-04-30,2,10,Paid
SU13499,B09838,S0022,2025-06-08,3,10,Paid
SU13500,B06009,S0126,2024-10-20,1,25,Paid
SU13501,B01374,S0036,2025-09-25,1,0,Paid
SU13502,B03482,S0094,2025-05-23,1,5,Paid
SU13503,B07524,S0102,2026-01-18,2,15,Paid
SU13504,B00418,S0045,2024-06-10,1,5,Paid
SU13505,B07672,S0061,2025-12-05,1,0,Paid
SU13506,B04523,S0007,2024-01-14,2,15,Pending
SU13507,B05404,S0023,2024-05-15,1,15,Paid
SU13508,B00336,S0128,2025-08-08,1,0,Paid
SU13509,B08820,S0094,2025-09-19,1,5,Pending
SU13510,B00848,S0116,2025-08-10,3,5,Paid
SU13511,B08441,S0047,2024-07-04,2,5,Paid
SU13512,B00462,S0107,2026-04-17,5,0,Paid
SU13513,B01232,S0089,2025-04-28,1,10,Paid
SU13514,B02729,S0116,2025-03-23,1,20,Paid
SU13515,B03384,S0050,2025-02-24,3,20,Paid
SU13516,B07900,S0089,2025-11-11,1,0,Paid
SU13517,B01380,S0132,2026-08-22,1,0,Paid
SU13518,B08343,S0048,2025-02-18,3,5,Paid
SU13519,B03954,S0107,2026-06-07,1,15,Paid
SU13520,B03263,S0127,2024-06-14,4,5,Paid
SU13521,B05480,S0026,2025-12-24,1,0,Paid
SU13522,B03804,S0115,2026-06-01,2,5,Paid
SU13523,B00478,S0029,2026-03-06,2,5,Paid
SU13524,B01648,S0025,2026-05-15,4,15,Paid
SU13525,B03438,S0094,2024-09-17,1,20,Paid
SU13526,B05449,S0116,2025-05-11,1,0,Paid
SU13527,B07411,S0047,2025-01-21,1,15,Paid
SU13528,B06236,S0089,2026-06-19,2,10,Paid
SU13529,B06479,S0040,2025-08-18,3,5,Paid
SU13530,B09875,S0047,2025-09-28,1,0,Pending
SU13531,B09667,S0116,2026-05-30,1,0,Paid
SU13532,B04364,S0034,2026-03-07,2,10,Paid
SU13533,B02714,S0123,2026-08-24,4,10,Paid
SU13534,B01549,S0073,2024-09-20,1,10,Paid
SU13535,B01742,S0002,2026-07-16,3,0,Paid
SU13536,B06631,S0116,2024-11-20,2,10,Paid
SU13537,B01340,S0049,2026-02-13,2,0,Paid
SU13538,B07460,S0090,2026-07-26,2,10,Paid
SU13539,B02388,S0047,2024-07-24,2,0,Paid
SU13540,B03562,S0042,2025-12-15,5,5,Paid
SU13541,B05145,S0141,2025-08-12,2,15,Paid
SU13542,B03804,S0114,2026-06-01,6,5,Paid
SU13543,B00158,S0010,2025-02-22,4,0,Paid
SU13544,B03731,S0089,2026-07-30,2,10,Paid
SU13545,B03854,S0063,2026-08-14,2,5,Paid
SU13546,B05541,S0005,2026-07-30,2,0,Paid
SU13547,B05072,S0097,2025-06-27,3,0,Paid
SU13548,B01994,S0109,2025-08-08,1,0,Paid
SU13549,B00624,S0061,2026-03-02,4,5,Paid
SU13550,B07663,S0135,2025-06-13,3,15,Paid
SU13551,B00781,S0040,2024-04-21,2,5,Paid
SU13552,B07366,S0030,2026-05-15,1,20,Paid
SU13553,B07620,S0124,2025-01-30,1,10,Paid
SU13554,B06231,S0012,2026-07-11,1,10,Paid
SU13555,B05456,S0105,2024-01-30,8,20,Paid
SU13556,B03090,S0112,2025-06-14,3,15,Pending
SU13557,B08009,S0024,2024-03-24,3,0,Paid
SU13558,B07209,S0140,2025-07-30,1,5,Paid
SU13559,B05751,S0116,2024-04-19,3,5,Paid
SU13560,B09279,S0121,2026-05-22,2,25,Paid
SU13561,B00320,S0015,2025-04-10,1,25,Paid
SU13562,B09324,S0109,2026-02-26,2,10,Paid
SU13563,B05405,S0124,2025-04-29,3,5,Paid
SU13564,B08223,S0055,2026-01-04,2,15,Paid
SU13565,B03447,S0151,2025-01-29,1,5,Paid
SU13566,B08569,S0065,2026-08-15,5,20,Paid
SU13567,B07179,S0013,2025-03-10,3,0,Paid
SU13568,B00376,S0026,2026-04-09,5,20,Paid
SU13569,B05881,S0120,2025-08-29,4,15,Paid
SU13570,B04710,S0120,2025-09-19,3,10,Paid
SU13571,B00034,S0102,2025-05-22,2,5,Paid
SU13572,B05571,S0091,2025-06-30,1,0,Pending
SU13573,B08085,S0043,2026-08-06,3,20,Paid
SU13574,B07213,S0031,2026-06-08,1,0,Paid
SU13575,B07162,S0027,2026-06-06,4,0,Paid
SU13576,B08863,S0026,2026-02-27,8,0,Paid
SU13577,B08050,S0116,2026-07-31,1,15,Paid
SU13578,B05644,S0012,2026-03-06,1,10,Paid
SU13579,B00777,S0087,2026-04-22,2,0,Paid
SU13580,B09378,S0036,2025-12-13,1,0,Paid
SU13581,B06442,S0115,2026-08-05,2,0,Pending
SU13582,B04939,S0005,2025-02-15,1,15,Pending
SU13583,B02083,S0146,2024-08-01,1,0,Paid
SU13584,B01480,S0033,2025-12-17,1,0,Paid
SU13585,B05069,S0004,2024-02-06,3,10,Paid
SU13586,B07157,S0075,2025-08-02,1,15,Paid
SU13587,B05300,S0113,2025-06-08,2,0,Pending
SU13588,B02874,S0128,2026-04-07,1,0,Paid
SU13589,B06719,S0002,2025-11-10,3,5,Paid
SU13590,B03283,S0110,2026-08-29,6,0,Paid
SU13591,B02310,S0027,2026-06-05,3,0,Paid
SU13592,B06735,S0108,2024-09-20,2,15,Paid
SU13593,B03005,S0125,2025-03-21,4,10,Paid
SU13594,B04222,S0109,2024-01-15,5,5,Paid
SU13595,B08977,S0074,2025-09-22,2,0,Paid
SU13596,B07167,S0066,2024-05-01,1,0,Paid
SU13597,B05801,S0001,2025-05-29,5,10,Paid
SU13598,B05936,S0074,2025-09-22,3,5,Paid
SU13599,B04260,S0015,2025-05-03,1,0,Paid
SU13600,B02409,S0051,2026-06-11,3,10,Paid
SU13601,B02225,S0088,2025-07-19,2,0,Paid
SU13602,B03787,S0150,2026-05-17,3,5,Paid
SU13603,B07369,S0090,2024-01-27,3,5,Paid
SU13604,B01304,S0094,2025-09-11,2,15,Paid
SU13605,B09719,S0029,2025-08-17,4,10,Paid
SU13606,B06234,S0032,2025-01-13,2,15,Complimentary
SU13607,B03839,S0125,2026-07-07,1,15,Paid
SU13608,B00803,S0120,2024-08-25,1,10,Paid
SU13609,B06686,S0033,2025-10-29,2,0,Paid
SU13610,B00279,S0017,2026-08-20,4,5,Paid
SU13611,B09720,S0026,2026-07-22,5,0,Paid
SU13612,B09908,S0117,2025-01-03,4,0,Paid
SU13613,B07697,S0038,2026-08-02,1,0,Paid
SU13614,B06908,S0029,2026-03-12,4,5,Paid
SU13615,B05154,S0127,2026-08-16,6,10,Paid
SU13616,B07695,S0025,2026-02-25,2,0,Paid
SU13617,B01724,S0033,2026-07-22,1,5,Paid
SU13618,B01006,S0091,2026-02-17,6,0,Paid
SU13619,B03395,S0116,2026-06-11,2,0,Paid
SU13620,B07285,S0131,2024-11-01,3,0,Paid
SU13621,B08682,S0121,2024-08-08,5,0,Paid
SU13622,B07786,S0091,2024-11-18,3,0,Paid
SU13623,B09974,S0103,2026-05-08,3,5,Paid
SU13624,B08866,S0007,2024-08-23,2,0,Paid
SU13625,B03414,S0090,2026-05-26,2,10,Paid
SU13626,B01266,S0043,2026-06-26,2,15,Paid
SU13627,B05869,S0029,2026-05-17,4,0,Paid
SU13628,B04112,S0013,2026-02-04,2,0,Paid
SU13629,B07881,S0113,2024-12-27,3,5,Paid
SU13630,B01385,S0111,2025-09-26,1,5,Paid
SU13631,B00187,S0051,2025-01-28,6,0,Paid
SU13632,B06488,S0115,2024-09-24,2,10,Paid
SU13633,B06676,S0096,2025-09-03,5,15,Paid
SU13634,B00242,S0021,2026-08-18,1,0,Paid
SU13635,B01929,S0086,2025-04-13,2,10,Paid
SU13636,B04673,S0027,2026-02-21,3,0,Paid
SU13637,B07251,S0010,2026-02-19,2,0,Paid
SU13638,B01685,S0038,2026-05-23,1,5,Paid
SU13639,B03006,S0118,2026-06-16,10,0,Paid
SU13640,B09198,S0130,2026-05-15,2,0,Paid
SU13641,B03164,S0031,2024-12-24,1,10,Paid
SU13642,B09058,S0067,2024-06-10,1,20,Paid
SU13643,B00665,S0148,2026-05-19,3,20,Paid
SU13644,B08815,S0105,2026-03-04,10,10,Paid
SU13645,B04814,S0005,2025-11-13,2,5,Paid
SU13646,B09889,S0042,2024-09-29,5,10,Paid
SU13647,B01476,S0121,2026-05-15,3,5,Paid
SU13648,B06245,S0072,2026-06-04,3,15,Paid
SU13649,B08131,S0015,2026-08-12,1,5,Paid
SU13650,B09775,S0013,2026-03-24,1,5,Paid
SU13651,B02929,S0033,2024-05-26,2,0,Paid
SU13652,B05328,S0043,2025-02-02,2,15,Paid
SU13653,B05390,S0037,2024-05-02,4,0,Paid
SU13654,B06632,S0032,2025-10-24,6,10,Paid
SU13655,B04322,S0033,2025-12-08,1,0,Paid
SU13656,B07936,S0087,2024-03-13,3,15,Paid
SU13657,B03459,S0098,2025-05-03,3,15,Paid
SU13658,B09698,S0116,2024-02-22,2,5,Paid
SU13659,B08874,S0044,2026-08-04,2,10,Paid
SU13660,B01253,S0041,2025-02-25,2,0,Paid
SU13661,B07566,S0019,2026-04-06,3,15,Paid
SU13662,B03612,S0102,2025-10-31,1,15,Paid
SU13663,B01569,S0070,2026-01-23,3,5,Paid
SU13664,B09924,S0040,2024-09-10,5,10,Paid
SU13665,B07273,S0074,2026-05-13,4,0,Paid
SU13666,B09154,S0070,2024-12-14,4,10,Paid
SU13667,B04375,S0034,2026-03-11,1,0,Paid
SU13668,B04170,S0035,2025-01-10,3,5,Paid
SU13669,B09112,S0038,2025-12-10,1,10,Pending
SU13670,B08742,S0105,2026-05-20,4,5,Paid
SU13671,B06188,S0009,2024-01-13,2,0,Paid
SU13672,B07564,S0114,2024-11-17,2,0,Paid
SU13673,B05372,S0020,2025-06-20,1,25,Paid
SU13674,B02156,S0029,2026-06-15,3,5,Pending
SU13675,B08842,S0026,2025-01-06,8,10,Paid
SU13676,B07284,S0027,2026-08-01,3,10,Paid
SU13677,B00214,S0029,2025-10-01,2,0,Paid
SU13678,B06778,S0002,2026-06-12,6,5,Paid
SU13679,B08031,S0146,2024-11-01,4,0,Paid
SU13680,B02208,S0006,2025-03-27,2,15,Paid
SU13681,B00567,S0088,2026-03-16,1,15,Paid
SU13682,B05343,S0145,2025-12-31,6,0,Complimentary
SU13683,B00264,S0075,2026-08-18,2,20,Paid
SU13684,B07400,S0120,2025-11-07,4,5,Paid
SU13685,B09007,S0096,2026-08-29,2,10,Pending
SU13686,B07345,S0008,2026-01-12,1,0,Paid
SU13687,B07848,S0137,2025-01-06,1,5,Paid
SU13688,B09196,S0116,2025-08-21,3,0,Paid
SU13689,B08294,S0108,2025-11-27,6,5,Paid
SU13690,B07563,S0021,2024-11-12,1,10,Paid
SU13691,B03189,S0067,2025-12-11,2,0,Pending
SU13692,B08221,S0150,2026-04-06,1,25,Paid
SU13693,B09192,S0034,2025-01-01,3,15,Paid
SU13694,B08569,S0061,2026-08-16,1,5,Paid
SU13695,B07890,S0033,2024-10-30,1,5,Paid
SU13696,B08332,S0122,2025-06-21,4,5,Paid
SU13697,B02146,S0014,2025-07-06,5,15,Paid
SU13698,B04583,S0013,2026-05-21,1,0,Paid
SU13699,B02595,S0047,2025-04-19,2,10,Paid
SU13700,B07106,S0046,2025-10-30,4,0,Paid
SU13701,B00430,S0115,2026-05-10,2,10,Pending
SU13702,B05513,S0097,2024-12-04,3,0,Paid
SU13703,B07802,S0108,2026-06-28,6,10,Paid
SU13704,B00034,S0100,2025-05-22,3,5,Paid
SU13705,B07429,S0123,2026-06-06,2,5,Paid
SU13706,B01353,S0046,2026-01-13,1,0,Paid
SU13707,B03064,S0127,2026-07-31,4,5,Paid
SU13708,B04993,S0137,2024-06-23,2,10,Paid
SU13709,B06226,S0148,2026-03-22,4,10,Paid
SU13710,B00431,S0073,2026-06-22,1,5,Pending
SU13711,B08465,S0017,2025-03-24,2,15,Paid
SU13712,B05078,S0034,2025-06-04,4,15,Paid
SU13713,B07310,S0033,2026-05-21,3,10,Paid
SU13714,B01958,S0096,2026-01-28,1,0,Paid
SU13715,B04719,S0004,2024-11-18,4,0,Paid
SU13716,B02586,S0031,2025-01-13,1,5,Paid
SU13717,B06011,S0034,2025-04-10,3,10,Paid
SU13718,B01166,S0120,2024-09-13,2,10,Paid
SU13719,B03088,S0114,2026-08-01,1,5,Paid
SU13720,B06751,S0097,2026-07-12,2,0,Paid
SU13721,B04830,S0112,2026-08-18,2,5,Paid
SU13722,B05197,S0128,2026-04-12,1,15,Paid
SU13723,B08670,S0093,2026-08-16,2,25,Paid
SU13724,B04291,S0007,2024-09-07,1,10,Paid
SU13725,B01906,S0144,2026-06-13,2,20,Pending
SU13726,B00413,S0011,2024-05-02,3,0,Paid
SU13727,B09124,S0114,2025-08-24,1,10,Paid
SU13728,B02924,S0126,2026-01-17,1,10,Paid
SU13729,B01825,S0094,2026-07-18,3,15,Paid
SU13730,B04153,S0089,2026-08-14,1,5,Pending
SU13731,B04468,S0143,2025-11-11,1,0,Paid
SU13732,B03180,S0060,2026-02-22,8,10,Paid
SU13733,B00124,S0019,2024-02-17,4,0,Paid
SU13734,B06316,S0095,2024-06-27,1,0,Complimentary
SU13735,B01011,S0035,2025-06-23,10,10,Paid
SU13736,B06611,S0115,2026-06-05,3,10,Paid
SU13737,B00826,S0009,2024-04-07,2,0,Paid
SU13738,B03481,S0026,2026-04-13,3,0,Paid
SU13739,B00112,S0011,2026-03-12,6,0,Paid
SU13740,B01379,S0023,2025-12-12,1,0,Paid
SU13741,B07849,S0040,2025-11-02,5,15,Paid
SU13742,B01344,S0144,2024-04-13,4,5,Paid
SU13743,B05234,S0032,2026-05-25,8,5,Paid
SU13744,B06895,S0066,2026-08-12,2,0,Paid
SU13745,B06424,S0014,2026-07-07,2,0,Paid
SU13746,B09981,S0002,2026-08-26,1,0,Paid
SU13747,B09528,S0058,2025-07-06,1,20,Paid
SU13748,B02220,S0015,2026-07-16,1,5,Paid
SU13749,B01426,S0035,2024-12-08,1,0,Paid
SU13750,B09424,S0007,2025-01-14,2,5,Paid
SU13751,B07758,S0110,2025-06-06,2,20,Paid
SU13752,B06778,S0002,2026-06-14,5,0,Paid
SU13753,B02825,S0066,2026-05-08,2,0,Paid
SU13754,B03529,S0026,2026-07-20,5,15,Paid
SU13755,B04043,S0009,2025-07-03,1,25,Paid
SU13756,B06118,S0027,2026-06-14,4,5,Paid
SU13757,B06210,S0015,2026-02-27,1,10,Paid
SU13758,B03642,S0025,2026-08-06,3,0,Paid
SU13759,B08428,S0090,2025-10-26,8,15,Paid
SU13760,B04274,S0027,2025-02-11,2,0,Paid
SU13761,B09065,S0087,2026-05-16,5,0,Paid
SU13762,B09842,S0017,2026-04-21,1,10,Paid
SU13763,B09659,S0030,2025-12-18,1,5,Paid
SU13764,B04897,S0144,2025-10-15,2,10,Paid
SU13765,B01684,S0032,2026-08-29,2,15,Paid
SU13766,B02423,S0147,2024-07-18,2,10,Paid
SU13767,B07156,S0030,2026-08-11,1,5,Paid
SU13768,B03787,S0146,2026-05-18,4,10,Paid
SU13769,B01923,S0110,2026-01-04,1,15,Paid
SU13770,B08020,S0112,2024-07-03,2,0,Paid
SU13771,B07377,S0040,2025-11-27,4,10,Pending
SU13772,B01401,S0097,2026-08-05,1,0,Paid
SU13773,B04109,S0008,2026-03-15,1,0,Paid
SU13774,B08714,S0029,2025-11-05,6,20,Paid
SU13775,B08919,S0021,2025-11-08,1,25,Paid
SU13776,B02054,S0121,2026-03-16,1,15,Paid
SU13777,B09830,S0112,2025-03-11,1,10,Paid
SU13778,B06482,S0008,2026-06-21,1,5,Pending
SU13779,B08062,S0028,2024-05-23,3,5,Paid
SU13780,B05121,S0122,2026-07-23,5,0,Paid
SU13781,B03021,S0133,2026-07-09,1,10,Paid
SU13782,B08674,S0120,2026-04-03,3,20,Paid
SU13783,B04778,S0086,2026-04-23,1,0,Paid
SU13784,B00348,S0110,2026-08-14,3,5,Pending
SU13785,B00758,S0148,2024-06-16,4,10,Pending
SU13786,B02994,S0054,2025-11-19,2,0,Paid
SU13787,B05067,S0060,2025-10-09,8,10,Paid
SU13788,B00994,S0126,2026-08-15,1,10,Paid
SU13789,B07315,S0062,2025-08-19,1,5,Paid
SU13790,B06734,S0007,2025-05-20,2,5,Pending
SU13791,B02759,S0111,2024-11-26,3,10,Paid
SU13792,B08848,S0118,2025-11-17,5,0,Paid
SU13793,B00319,S0044,2025-02-19,1,15,Paid
SU13794,B06678,S0020,2024-01-12,1,5,Paid
SU13795,B05606,S0026,2026-08-02,4,10,Paid
SU13796,B04167,S0024,2025-10-22,5,0,Paid
SU13797,B06111,S0041,2026-04-23,3,0,Paid
SU13798,B09123,S0041,2025-06-10,5,10,Paid
SU13799,B09634,S0032,2025-10-08,2,5,Paid
SU13800,B08575,S0093,2026-04-09,1,5,Complimentary
SU13801,B04469,S0058,2026-03-19,1,0,Paid
SU13802,B07830,S0018,2025-08-12,1,0,Paid
SU13803,B02466,S0026,2025-05-27,5,5,Paid
SU13804,B03634,S0145,2025-12-28,2,0,Paid
SU13805,B08679,S0033,2026-08-22,1,0,Complimentary
SU13806,B08735,S0029,2026-02-26,2,25,Paid
SU13807,B03180,S0057,2026-02-24,2,0,Paid
SU13808,B07571,S0099,2026-08-30,1,5,Paid
SU13809,B02079,S0141,2026-04-06,1,20,Paid
SU13810,B04961,S0072,2026-04-01,6,10,Complimentary
SU13811,B09148,S0103,2024-11-14,4,5,Paid
SU13812,B08103,S0031,2026-01-27,1,0,Paid
SU13813,B08370,S0043,2025-02-12,4,0,Paid
SU13814,B07698,S0143,2024-09-01,5,10,Paid
SU13815,B02286,S0108,2025-05-10,2,10,Paid
SU13816,B02355,S0039,2026-08-21,3,5,Paid
SU13817,B00717,S0129,2025-09-06,3,0,Paid
SU13818,B02753,S0029,2026-01-09,4,5,Paid
SU13819,B09812,S0135,2026-02-14,2,5,Paid
SU13820,B03493,S0097,2025-09-29,4,0,Paid
SU13821,B04567,S0048,2025-10-10,4,20,Paid
SU13822,B05988,S0051,2026-08-22,3,5,Pending
SU13823,B00667,S0016,2024-11-11,1,15,Paid
SU13824,B07876,S0045,2026-06-28,2,10,Paid
SU13825,B09902,S0102,2026-04-10,6,5,Paid
SU13826,B09221,S0093,2026-07-21,5,5,Paid
SU13827,B03506,S0110,2024-02-03,2,0,Paid
SU13828,B07340,S0125,2024-03-02,3,10,Paid
SU13829,B05347,S0052,2026-01-10,1,10,Paid
SU13830,B03754,S0116,2026-08-09,1,10,Paid
SU13831,B05587,S0016,2024-12-31,5,10,Paid
SU13832,B07946,S0052,2026-01-02,1,5,Paid
SU13833,B09288,S0042,2024-06-06,5,5,Paid
SU13834,B09600,S0055,2026-05-21,1,0,Paid
SU13835,B08532,S0110,2026-07-24,3,0,Paid
SU13836,B01916,S0023,2026-08-17,1,0,Paid
SU13837,B00508,S0021,2025-02-05,1,15,Paid
SU13838,B09382,S0048,2025-02-17,1,5,Paid
SU13839,B01418,S0147,2026-08-24,3,0,Paid
SU13840,B06390,S0006,2025-12-10,5,0,Paid
SU13841,B06680,S0037,2026-08-21,2,15,Paid
SU13842,B08501,S0118,2025-10-07,4,10,Paid
SU13843,B08274,S0008,2026-08-19,1,5,Paid
SU13844,B03475,S0110,2024-12-16,4,5,Paid
SU13845,B02486,S0020,2025-09-23,2,25,Paid
SU13846,B02187,S0046,2024-10-17,3,5,Paid
SU13847,B06544,S0114,2025-07-25,1,0,Paid
SU13848,B07932,S0053,2024-12-15,1,5,Paid
SU13849,B02937,S0011,2025-11-13,3,5,Paid
SU13850,B08002,S0112,2025-10-22,5,5,Paid
SU13851,B00653,S0042,2025-10-10,2,5,Pending
SU13852,B07046,S0008,2026-06-02,1,5,Paid
SU13853,B00773,S0094,2024-10-02,3,0,Paid
SU13854,B00922,S0032,2026-05-01,10,5,Paid
SU13855,B04732,S0115,2026-07-06,4,0,Paid
SU13856,B08935,S0112,2025-04-13,3,0,Paid
SU13857,B08968,S0030,2024-01-24,2,0,Paid
SU13858,B00906,S0009,2026-08-24,1,15,Paid
SU13859,B08564,S0051,2025-03-25,3,5,Paid
SU13860,B03042,S0027,2026-05-18,4,0,Paid
SU13861,B09768,S0112,2025-08-15,4,20,Paid
SU13862,B00745,S0011,2026-03-02,4,10,Paid
SU13863,B09979,S0017,2025-11-11,1,20,Pending
SU13864,B02765,S0007,2026-05-27,2,0,Complimentary
SU13865,B05082,S0087,2026-03-02,4,0,Paid
SU13866,B06154,S0101,2025-04-30,5,5,Paid
SU13867,B04851,S0021,2026-03-29,2,0,Paid
SU13868,B02457,S0086,2025-01-02,3,10,Paid
SU13869,B02009,S0063,2024-03-24,2,10,Paid
SU13870,B09848,S0105,2026-08-19,4,10,Paid
SU13871,B07172,S0023,2025-12-08,1,10,Paid
SU13872,B09987,S0042,2026-08-24,3,0,Paid
SU13873,B02225,S0087,2025-07-18,5,25,Paid
SU13874,B06707,S0038,2026-05-03,1,10,Paid
SU13875,B08852,S0108,2025-10-11,3,10,Paid
SU13876,B08998,S0008,2025-12-21,2,5,Paid
SU13877,B04946,S0029,2024-01-19,5,15,Paid
SU13878,B09557,S0042,2025-06-20,4,0,Pending
SU13879,B00682,S0040,2025-09-25,3,0,Paid
SU13880,B02963,S0057,2026-08-14,2,20,Paid
SU13881,B01607,S0113,2025-11-08,4,0,Pending
SU13882,B09875,S0044,2025-09-27,1,10,Paid
SU13883,B04907,S0088,2024-04-12,2,15,Paid
SU13884,B05260,S0037,2025-10-29,4,5,Paid
SU13885,B07160,S0101,2025-10-28,1,10,Paid
SU13886,B06841,S0032,2025-10-17,3,0,Paid
SU13887,B01867,S0116,2026-04-15,1,0,Paid
SU13888,B05800,S0009,2026-05-23,1,5,Paid
SU13889,B09066,S0035,2025-11-20,2,10,Paid
SU13890,B09634,S0041,2025-10-05,4,0,Paid
SU13891,B06133,S0027,2026-07-04,3,0,Paid
SU13892,B03320,S0114,2026-08-21,1,0,Paid
SU13893,B00145,S0036,2025-01-30,3,25,Pending
SU13894,B04212,S0034,2024-01-29,2,0,Paid
SU13895,B09632,S0033,2025-07-05,2,0,Pending
SU13896,B09058,S0072,2024-06-09,4,10,Paid
SU13897,B09080,S0013,2026-04-23,2,15,Pending
SU13898,B01159,S0134,2026-05-09,3,15,Paid
SU13899,B04670,S0142,2026-02-21,3,25,Paid
SU13900,B00302,S0087,2026-07-06,1,5,Paid
SU13901,B02325,S0096,2026-07-19,3,5,Paid
SU13902,B09169,S0057,2024-10-23,1,15,Paid
SU13903,B08322,S0107,2026-04-28,2,5,Paid
SU13904,B02212,S0039,2024-02-14,1,5,Paid
SU13905,B01820,S0037,2024-11-04,2,15,Paid
SU13906,B02174,S0047,2026-02-01,1,5,Paid
SU13907,B05684,S0038,2025-12-06,1,10,Paid
SU13908,B03736,S0027,2024-01-08,1,5,Paid
SU13909,B09983,S0092,2026-06-10,1,15,Paid
SU13910,B07246,S0030,2026-07-28,2,0,Paid
SU13911,B07319,S0024,2025-09-16,6,0,Paid
SU13912,B05679,S0124,2024-09-27,1,0,Paid
SU13913,B06898,S0050,2026-03-22,2,10,Paid
SU13914,B08147,S0029,2024-12-25,3,10,Paid
SU13915,B03205,S0146,2026-07-15,4,15,Paid
SU13916,B00222,S0129,2026-06-28,2,5,Paid
SU13917,B03681,S0117,2024-04-01,1,25,Paid
SU13918,B08165,S0080,2024-07-28,1,0,Paid
SU13919,B01570,S0044,2025-02-23,1,5,Paid
SU13920,B04651,S0040,2026-07-30,2,0,Paid
SU13921,B07208,S0102,2026-07-18,4,10,Paid
SU13922,B07326,S0068,2025-10-04,2,15,Paid
SU13923,B05197,S0130,2026-04-12,2,10,Paid
SU13924,B01836,S0094,2025-09-28,3,0,Paid
SU13925,B06205,S0039,2026-06-03,2,10,Paid
SU13926,B00485,S0080,2025-04-09,3,0,Paid
SU13927,B01907,S0098,2025-10-29,1,0,Paid
SU13928,B00458,S0048,2025-03-25,4,10,Paid
SU13929,B03556,S0089,2026-08-26,1,5,Paid
SU13930,B04286,S0032,2026-08-18,4,10,Paid
SU13931,B02084,S0130,2024-01-08,5,5,Paid
SU13932,B03945,S0021,2024-02-14,1,10,Paid
SU13933,B03296,S0073,2026-04-28,1,0,Paid
SU13934,B07464,S0130,2025-06-29,1,0,Paid
SU13935,B05411,S0057,2024-10-09,4,10,Paid
SU13936,B08600,S0097,2026-02-22,3,0,Paid
SU13937,B00903,S0040,2026-06-26,3,0,Paid
SU13938,B02701,S0053,2026-08-16,2,0,Paid
SU13939,B02184,S0024,2026-01-31,3,5,Paid
SU13940,B08739,S0014,2026-08-27,10,10,Paid
SU13941,B08866,S0005,2024-08-21,2,5,Paid
SU13942,B09369,S0030,2026-05-30,2,5,Paid
SU13943,B04582,S0006,2025-11-22,4,5,Paid
SU13944,B01746,S0114,2026-08-30,1,15,Paid
SU13945,B08619,S0126,2025-01-26,1,0,Paid
SU13946,B04948,S0014,2025-04-05,6,15,Paid
SU13947,B02751,S0055,2025-01-24,1,25,Paid
SU13948,B02309,S0030,2025-12-06,1,10,Pending
SU13949,B05727,S0067,2025-12-30,2,0,Paid
SU13950,B05231,S0012,2026-08-30,1,20,Paid
SU13951,B08361,S0108,2026-07-01,4,15,Paid
SU13952,B08108,S0035,2024-11-02,3,0,Paid
SU13953,B00544,S0136,2026-02-28,4,5,Paid
SU13954,B06920,S0028,2026-02-01,4,0,Paid
SU13955,B06168,S0019,2025-04-03,3,0,Paid
SU13956,B08911,S0040,2024-12-28,2,15,Paid
SU13957,B05653,S0127,2025-09-05,1,0,Paid
SU13958,B06964,S0136,2026-06-21,1,5,Paid
SU13959,B04770,S0116,2026-03-18,1,5,Paid
SU13960,B09852,S0049,2026-06-30,2,10,Paid
SU13961,B01284,S0039,2025-02-03,10,0,Paid
SU13962,B09298,S0112,2025-12-07,5,0,Paid
SU13963,B07155,S0020,2026-06-15,2,0,Paid
SU13964,B08013,S0002,2025-10-07,1,5,Paid
SU13965,B07777,S0021,2025-09-28,1,5,Paid
SU13966,B04985,S0015,2025-07-04,1,0,Pending
SU13967,B07174,S0087,2026-05-27,4,10,Paid
SU13968,B08433,S0059,2024-11-18,1,0,Paid
SU13969,B05528,S0032,2025-10-19,6,0,Paid
SU13970,B06748,S0025,2024-09-08,8,5,Paid
SU13971,B02560,S0086,2026-06-05,3,5,Paid
SU13972,B04266,S0012,2025-04-30,1,10,Paid
SU13973,B03951,S0033,2026-07-29,1,5,Paid
SU13974,B07548,S0110,2025-01-29,4,0,Paid
SU13975,B03935,S0010,2024-01-20,5,0,Paid
SU13976,B03201,S0028,2024-10-05,2,5,Paid
SU13977,B07227,S0103,2026-08-21,2,0,Paid
SU13978,B04080,S0032,2024-11-18,5,0,Pending
SU13979,B00871,S0099,2025-12-15,2,15,Paid
SU13980,B02009,S0061,2024-03-22,2,0,Paid
SU13981,B06740,S0124,2025-01-26,3,5,Paid
SU13982,B09245,S0149,2024-02-02,1,5,Paid
SU13983,B05627,S0007,2025-09-30,1,0,Paid
SU13984,B05243,S0124,2025-09-21,1,15,Paid
SU13985,B02362,S0017,2026-06-30,5,5,Paid
SU13986,B01501,S0114,2026-08-17,1,5,Paid
SU13987,B01351,S0112,2025-11-29,3,5,Pending
SU13988,B08545,S0040,2024-06-21,2,10,Paid
SU13989,B01370,S0123,2025-10-25,2,15,Paid
SU13990,B09104,S0010,2024-08-27,4,15,Paid
SU13991,B09485,S0004,2024-03-13,1,0,Paid
SU13992,B06462,S0023,2026-02-16,3,0,Paid
SU13993,B08047,S0146,2024-11-08,4,5,Paid
SU13994,B08193,S0028,2025-07-22,1,20,Pending
SU13995,B01009,S0112,2024-12-23,3,25,Paid
SU13996,B02709,S0005,2025-10-15,2,0,Paid
SU13997,B08513,S0134,2026-04-12,3,0,Paid
SU13998,B05018,S0008,2026-04-08,3,5,Paid
SU13999,B01279,S0023,2025-08-20,1,10,Paid
SU14000,B03209,S0050,2026-05-23,3,5,Paid
SU14001,B07660,S0051,2026-08-27,3,10,Paid
SU14002,B04293,S0110,2026-03-17,4,0,Paid
SU14003,B05390,S0037,2024-04-29,2,20,Paid
SU14004,B00137,S0052,2025-07-18,1,0,Paid
SU14005,B01447,S0110,2026-04-23,2,0,Paid
SU14006,B02948,S0022,2026-02-01,1,5,Complimentary
SU14007,B07805,S0110,2026-04-07,6,15,Paid
SU14008,B03626,S0147,2024-10-01,10,0,Pending
SU14009,B08838,S0123,2026-04-29,3,0,Paid
SU14010,B06435,S0071,2024-10-18,1,10,Pending
SU14011,B07693,S0094,2025-11-08,3,10,Paid
SU14012,B09506,S0008,2024-03-28,3,10,Paid
SU14013,B03262,S0098,2026-05-25,2,10,Paid
SU14014,B03118,S0098,2024-04-13,1,5,Paid
SU14015,B02720,S0094,2024-06-27,2,5,Paid
SU14016,B09914,S0020,2024-11-09,1,10,Pending
SU14017,B07169,S0039,2026-07-01,8,0,Paid
SU14018,B08349,S0007,2026-08-13,3,10,Pending
SU14019,B02153,S0066,2026-07-31,1,0,Pending
SU14020,B00404,S0132,2025-06-29,1,10,Paid
SU14021,B00209,S0044,2026-02-18,1,10,Paid
SU14022,B01372,S0127,2026-08-24,1,20,Paid
SU14023,B01917,S0027,2024-12-02,3,0,Paid
SU14024,B04423,S0086,2026-08-02,2,0,Pending
SU14025,B02895,S0111,2025-07-14,1,5,Paid
SU14026,B07007,S0051,2026-03-28,4,0,Paid
SU14027,B09228,S0126,2024-05-10,1,15,Paid
SU14028,B03298,S0101,2025-11-19,2,5,Paid
SU14029,B07988,S0052,2026-03-26,1,15,Paid
SU14030,B08980,S0041,2026-02-02,3,0,Paid
SU14031,B00561,S0022,2025-05-14,2,5,Paid
SU14032,B06205,S0039,2026-06-04,1,0,Paid
SU14033,B02057,S0132,2025-09-27,1,0,Paid
SU14034,B02995,S0107,2024-08-13,2,5,Paid
SU14035,B07602,S0045,2024-07-06,1,10,Paid
SU14036,B02577,S0147,2026-08-23,1,0,Paid
SU14037,B08420,S0115,2026-07-17,3,0,Paid
SU14038,B06719,S0003,2025-11-11,3,10,Paid
SU14039,B02035,S0029,2025-10-06,3,15,Paid
SU14040,B06466,S0033,2026-08-30,2,0,Paid
SU14041,B05743,S0103,2026-01-13,4,15,Paid
SU14042,B08150,S0043,2026-07-27,3,10,Pending
SU14043,B05284,S0034,2025-02-27,1,10,Paid
SU14044,B09370,S0118,2024-11-13,4,0,Paid
SU14045,B02119,S0117,2025-10-18,5,10,Paid
SU14046,B04509,S0109,2026-02-12,1,5,Paid
SU14047,B06829,S0010,2024-12-30,4,20,Paid
SU14048,B06765,S0017,2026-06-15,4,15,Paid
SU14049,B00308,S0110,2026-07-20,3,0,Paid
SU14050,B05020,S0108,2024-12-27,2,5,Paid
SU14051,B05828,S0097,2026-03-24,2,0,Paid
SU14052,B07719,S0055,2026-08-28,1,5,Paid
SU14053,B02316,S0089,2024-01-14,1,0,Paid
SU14054,B00122,S0035,2024-09-30,1,15,Paid
SU14055,B08056,S0102,2024-04-20,4,5,Paid
SU14056,B07322,S0029,2025-08-08,4,10,Paid
SU14057,B02650,S0021,2026-05-03,2,10,Paid
SU14058,B01244,S0122,2024-09-07,2,0,Complimentary
SU14059,B02182,S0151,2026-08-11,1,10,Paid
SU14060,B06492,S0102,2025-04-17,1,5,Paid
SU14061,B03864,S0071,2026-05-09,1,0,Paid
SU14062,B02672,S0125,2024-12-26,2,0,Paid
SU14063,B03358,S0023,2026-07-09,3,20,Paid
SU14064,B09666,S0094,2026-03-19,1,0,Paid
SU14065,B08320,S0001,2025-03-18,3,0,Paid
SU14066,B05612,S0067,2025-12-17,3,0,Paid
SU14067,B02341,S0027,2024-11-25,4,5,Paid
SU14068,B08104,S0103,2024-07-12,5,0,Paid
SU14069,B03572,S0050,2026-04-30,4,0,Paid
SU14070,B06584,S0107,2026-03-26,5,15,Paid
SU14071,B03343,S0097,2025-06-09,3,10,Paid
SU14072,B08453,S0117,2026-01-07,1,5,Paid
SU14073,B02858,S0030,2024-03-03,1,0,Pending
SU14074,B01443,S0035,2026-05-22,4,0,Paid
SU14075,B00809,S0136,2024-06-22,2,5,Paid
SU14076,B00428,S0005,2024-10-02,1,10,Paid
SU14077,B01601,S0049,2025-02-10,1,0,Paid
SU14078,B03855,S0102,2024-11-01,3,0,Paid
SU14079,B09006,S0120,2026-08-13,1,5,Paid
SU14080,B08180,S0114,2026-03-20,3,5,Paid
SU14081,B02815,S0128,2024-04-20,1,10,Paid
SU14082,B03519,S0138,2025-06-23,2,10,Paid
SU14083,B02418,S0120,2026-08-02,2,10,Paid
SU14084,B02103,S0097,2026-01-24,1,15,Paid
SU14085,B04633,S0015,2025-11-16,1,5,Paid
SU14086,B02606,S0130,2026-02-18,3,0,Paid
SU14087,B07916,S0006,2025-12-24,4,0,Paid
SU14088,B06384,S0029,2026-04-05,5,5,Paid
SU14089,B05061,S0010,2026-05-02,4,0,Paid
SU14090,B00152,S0096,2025-02-26,3,5,Paid
SU14091,B03205,S0149,2026-07-14,2,5,Paid
SU14092,B00336,S0129,2025-08-10,3,5,Paid
SU14093,B08127,S0022,2026-06-12,3,5,Paid
SU14094,B07554,S0025,2026-04-05,4,0,Paid
SU14095,B07318,S0087,2025-06-30,2,10,Pending
SU14096,B00700,S0006,2025-07-26,3,0,Paid
SU14097,B02739,S0088,2026-08-22,3,0,Paid
SU14098,B03530,S0010,2026-04-01,2,5,Paid
SU14099,B08864,S0096,2025-07-14,1,5,Paid
SU14100,B07728,S0020,2025-03-06,1,0,Paid
SU14101,B00714,S0027,2026-04-10,2,5,Paid
SU14102,B08247,S0129,2026-06-19,3,5,Paid
SU14103,B09057,S0115,2024-03-24,4,10,Paid
SU14104,B07270,S0029,2026-04-20,6,20,Paid
SU14105,B00823,S0121,2026-03-01,2,5,Paid
SU14106,B09245,S0146,2024-01-31,4,10,Paid
SU14107,B08095,S0138,2025-06-30,2,10,Paid
SU14108,B08409,S0107,2026-08-25,2,10,Paid
SU14109,B01186,S0113,2024-01-22,3,5,Paid
SU14110,B03572,S0046,2026-04-25,4,10,Pending
SU14111,B00639,S0116,2026-06-10,1,5,Paid
SU14112,B00303,S0124,2024-09-29,1,0,Paid
SU14113,B03788,S0120,2024-08-27,3,10,Paid
SU14114,B07125,S0131,2024-11-25,3,0,Paid
SU14115,B01809,S0020,2025-12-27,1,0,Paid
SU14116,B04194,S0103,2026-01-07,2,5,Paid
SU14117,B09242,S0050,2026-05-16,4,0,Paid
SU14118,B08487,S0055,2025-09-22,1,5,Paid
SU14119,B02652,S0101,2026-08-25,2,5,Paid
SU14120,B09727,S0120,2026-02-02,1,0,Paid
SU14121,B07169,S0034,2026-07-02,3,5,Pending
SU14122,B02706,S0135,2026-07-25,3,0,Paid
SU14123,B08817,S0059,2024-06-29,4,0,Paid
SU14124,B06716,S0052,2026-08-16,3,5,Paid
SU14125,B01234,S0107,2024-04-19,2,0,Paid
SU14126,B06591,S0023,2025-11-03,3,10,Paid
SU14127,B05433,S0038,2025-05-27,1,5,Paid
SU14128,B00135,S0034,2024-01-07,1,5,Paid
SU14129,B08707,S0054,2026-07-23,1,25,Paid
SU14130,B06011,S0039,2025-04-11,4,10,Paid
SU14131,B09352,S0053,2025-10-07,2,0,Complimentary
SU14132,B05196,S0111,2026-01-13,3,0,Paid
SU14133,B02624,S0047,2025-10-23,1,0,Paid
SU14134,B00114,S0106,2025-04-22,4,15,Paid
SU14135,B01221,S0090,2024-10-20,6,10,Pending
SU14136,B08823,S0067,2026-02-10,3,5,Paid
SU14137,B02210,S0098,2026-06-13,1,0,Paid
SU14138,B02354,S0145,2026-05-28,8,5,Paid
SU14139,B03776,S0024,2025-03-15,2,10,Paid
SU14140,B01319,S0029,2024-12-18,6,0,Paid
SU14141,B03828,S0086,2026-07-16,3,10,Paid
SU14142,B03478,S0129,2024-03-28,4,5,Paid
SU14143,B09176,S0020,2026-08-18,1,20,Paid
SU14144,B09008,S0022,2024-01-22,3,5,Paid
SU14145,B01858,S0022,2025-04-29,2,10,Paid
SU14146,B06171,S0095,2025-06-19,2,0,Paid
SU14147,B02509,S0141,2024-09-02,2,0,Paid
SU14148,B00133,S0025,2025-02-05,5,5,Paid
SU14149,B08009,S0028,2024-03-24,1,15,Paid
SU14150,B02960,S0093,2026-02-21,1,15,Pending
SU14151,B02949,S0142,2026-03-15,4,0,Paid
SU14152,B00371,S0110,2024-11-11,4,0,Paid
SU14153,B08984,S0044,2025-11-12,1,25,Paid
SU14154,B03484,S0021,2026-07-08,2,0,Paid
SU14155,B03893,S0096,2024-12-26,6,10,Complimentary
SU14156,B09478,S0110,2025-08-12,1,5,Paid
SU14157,B06736,S0116,2025-10-18,1,15,Paid
SU14158,B04600,S0108,2026-08-10,1,10,Paid
SU14159,B03668,S0017,2024-11-19,3,10,Paid
SU14160,B07551,S0031,2025-09-22,3,0,Paid
SU14161,B09245,S0149,2024-01-31,2,5,Paid
SU14162,B06274,S0068,2025-06-10,10,20,Paid
SU14163,B04536,S0074,2025-12-19,2,5,Paid
SU14164,B04713,S0103,2024-08-02,5,5,Paid
SU14165,B06533,S0039,2026-01-25,4,5,Paid
SU14166,B00130,S0132,2025-10-10,1,0,Paid
SU14167,B06682,S0023,2024-02-08,2,0,Paid
SU14168,B02203,S0102,2024-06-10,4,0,Paid
SU14169,B06830,S0006,2025-11-02,5,10,Paid
SU14170,B06536,S0119,2024-10-28,4,0,Paid
SU14171,B05637,S0108,2026-06-19,1,0,Paid
SU14172,B01291,S0042,2026-02-22,4,10,Paid
SU14173,B09847,S0036,2026-06-04,3,15,Paid
SU14174,B08882,S0117,2025-06-20,6,15,Paid
SU14175,B09859,S0124,2024-06-22,1,5,Paid
SU14176,B00252,S0038,2025-10-28,2,0,Paid
SU14177,B09251,S0086,2025-06-14,1,10,Paid
SU14178,B06658,S0027,2026-08-19,3,0,Paid
SU14179,B08942,S0115,2025-12-06,2,5,Paid
SU14180,B09492,S0010,2026-07-29,2,15,Pending
SU14181,B07344,S0015,2026-05-22,2,5,Paid
SU14182,B01761,S0116,2026-03-14,1,5,Paid
SU14183,B04667,S0103,2025-07-21,2,5,Paid
SU14184,B01296,S0043,2025-12-16,3,0,Paid
SU14185,B05708,S0150,2025-11-15,1,0,Paid
SU14186,B01928,S0031,2026-08-29,3,0,Paid
SU14187,B04874,S0007,2026-05-13,1,0,Paid
SU14188,B09677,S0128,2026-08-24,1,25,Paid
SU14189,B06858,S0052,2025-11-16,1,5,Paid
SU14190,B03004,S0094,2024-12-27,1,10,Paid
SU14191,B00279,S0015,2026-08-22,1,20,Paid
SU14192,B00828,S0074,2024-02-13,5,0,Paid
SU14193,B04030,S0122,2024-03-01,3,5,Paid
SU14194,B07171,S0027,2024-04-13,2,10,Paid
SU14195,B04401,S0032,2025-11-27,1,0,Paid
SU14196,B07240,S0123,2024-04-05,3,5,Paid
SU14197,B00640,S0029,2024-02-22,4,5,Paid
SU14198,B07489,S0107,2026-02-17,2,5,Paid
SU14199,B07364,S0020,2026-05-03,1,0,Paid
SU14200,B09282,S0151,2024-11-10,1,5,Paid
SU14201,B05627,S0006,2025-09-29,2,0,Paid
SU14202,B05955,S0088,2025-05-04,5,5,Paid
SU14203,B08997,S0011,2025-03-31,3,0,Paid
SU14204,B06570,S0037,2025-11-27,3,5,Paid
SU14205,B05193,S0006,2026-08-27,3,0,Paid
SU14206,B05614,S0010,2025-09-22,3,10,Paid
SU14207,B04380,S0025,2026-07-22,1,15,Paid
SU14208,B03547,S0025,2024-12-23,8,0,Paid
SU14209,B01838,S0008,2025-10-24,3,10,Paid
SU14210,B04325,S0013,2026-01-26,3,5,Paid
SU14211,B08969,S0138,2025-08-17,1,5,Paid
SU14212,B09202,S0116,2024-08-13,3,15,Paid
SU14213,B01321,S0005,2026-01-14,1,20,Paid
SU14214,B07774,S0021,2024-07-14,1,0,Paid
SU14215,B01296,S0048,2025-12-15,4,5,Paid
SU14216,B01888,S0121,2025-10-08,2,5,Paid
SU14217,B02197,S0086,2025-03-08,4,0,Paid
SU14218,B07040,S0116,2024-08-10,1,5,Paid
SU14219,B08484,S0088,2024-02-04,4,0,Paid
SU14220,B02919,S0107,2025-06-07,1,0,Paid
SU14221,B03788,S0123,2024-08-29,5,25,Paid
SU14222,B06209,S0039,2024-08-30,6,0,Paid
SU14223,B02963,S0053,2026-08-14,1,15,Paid
SU14224,B07971,S0033,2026-07-05,1,0,Paid
SU14225,B02726,S0091,2025-07-02,5,5,Paid
SU14226,B06605,S0020,2026-05-31,1,5,Paid
SU14227,B06700,S0134,2026-08-29,4,0,Paid
SU14228,B07374,S0097,2025-04-04,4,5,Paid
SU14229,B00447,S0080,2024-05-19,1,0,Paid
SU14230,B04546,S0039,2026-01-26,2,5,Paid
SU14231,B06575,S0031,2025-11-30,2,5,Paid
SU14232,B03100,S0089,2026-06-30,1,0,Paid
SU14233,B01040,S0062,2025-09-14,1,0,Paid
SU14234,B06023,S0061,2025-07-16,3,20,Paid
SU14235,B08448,S0021,2025-06-29,1,20,Paid
SU14236,B06502,S0111,2025-09-10,1,15,Paid
SU14237,B05192,S0028,2026-03-09,1,0,Paid
SU14238,B01722,S0097,2026-04-16,4,10,Paid
SU14239,B03945,S0021,2024-02-16,1,25,Paid
SU14240,B02524,S0007,2024-01-30,1,0,Paid
SU14241,B07304,S0042,2026-05-10,5,10,Paid
SU14242,B08144,S0028,2026-08-21,1,5,Paid
SU14243,B02880,S0022,2024-02-15,1,5,Paid
SU14244,B04019,S0127,2025-04-12,6,0,Paid
SU14245,B03575,S0095,2026-07-03,4,10,Paid
SU14246,B03565,S0123,2026-06-03,3,0,Paid
SU14247,B08014,S0120,2026-06-22,2,0,Paid
SU14248,B07108,S0005,2026-08-23,1,5,Paid
SU14249,B02787,S0008,2026-04-28,1,10,Paid
SU14250,B03825,S0034,2024-12-23,5,0,Paid
SU14251,B04318,S0021,2026-06-03,1,0,Paid
SU14252,B07717,S0032,2026-04-21,3,20,Paid
SU14253,B04984,S0044,2026-06-01,1,10,Paid
SU14254,B01911,S0061,2026-08-01,3,5,Paid
SU14255,B02443,S0025,2026-02-02,3,0,Pending
SU14256,B01954,S0123,2026-03-29,3,0,Paid
SU14257,B05510,S0115,2025-10-22,5,10,Paid
SU14258,B06343,S0150,2025-05-01,1,0,Paid
SU14259,B00029,S0072,2026-07-05,2,0,Paid
SU14260,B08634,S0146,2025-04-25,5,5,Paid
SU14261,B04475,S0039,2026-02-16,8,0,Paid
SU14262,B08329,S0059,2025-06-19,3,10,Paid
SU14263,B03861,S0028,2024-03-19,3,20,Complimentary
SU14264,B08772,S0096,2025-07-21,1,10,Paid
SU14265,B07106,S0047,2025-10-29,1,5,Paid
SU14266,B05856,S0115,2025-03-04,4,0,Paid
SU14267,B07470,S0028,2026-06-24,3,10,Paid
SU14268,B05386,S0006,2025-11-26,3,5,Pending
SU14269,B04558,S0031,2026-05-05,1,5,Paid
SU14270,B04324,S0014,2025-09-19,1,0,Paid
SU14271,B03781,S0095,2025-10-02,6,5,Pending
SU14272,B02018,S0098,2024-09-17,1,10,Complimentary
SU14273,B09321,S0093,2025-11-19,2,5,Paid
SU14274,B02656,S0006,2025-12-09,2,0,Paid
SU14275,B07565,S0116,2025-09-27,3,10,Pending
SU14276,B03866,S0114,2025-12-20,2,0,Paid
SU14277,B07641,S0021,2026-03-11,1,25,Pending
SU14278,B00352,S0119,2025-01-14,2,5,Paid
SU14279,B09620,S0027,2025-02-08,3,10,Paid
SU14280,B07677,S0038,2025-10-25,1,0,Paid
SU14281,B04978,S0094,2026-08-20,2,10,Paid
SU14282,B00600,S0103,2026-05-15,2,10,Paid
SU14283,B09148,S0104,2024-11-15,2,15,Paid
SU14284,B08252,S0151,2025-09-27,2,10,Paid
SU14285,B08371,S0119,2025-01-24,2,5,Paid
SU14286,B03564,S0021,2025-06-30,1,15,Paid
SU14287,B08989,S0108,2026-05-12,2,0,Paid
SU14288,B09885,S0104,2024-08-19,2,5,Pending
SU14289,B00727,S0116,2026-08-07,1,0,Paid
SU14290,B04326,S0101,2026-03-21,3,0,Paid
SU14291,B07044,S0025,2025-01-04,3,15,Paid
SU14292,B06057,S0106,2025-04-27,5,10,Paid
SU14293,B00895,S0031,2025-05-30,1,10,Paid
SU14294,B02060,S0151,2024-07-30,3,0,Complimentary
SU14295,B04668,S0111,2024-05-21,2,5,Paid
SU14296,B07194,S0029,2026-03-12,1,10,Paid
SU14297,B03510,S0021,2025-12-19,1,25,Paid
SU14298,B01897,S0060,2026-07-26,4,0,Paid
SU14299,B09526,S0048,2024-12-27,2,25,Paid
SU14300,B05209,S0100,2024-12-17,2,5,Paid
SU14301,B00333,S0120,2025-09-16,2,0,Paid
SU14302,B09320,S0052,2024-02-18,1,25,Paid
SU14303,B08784,S0085,2025-12-01,1,20,Paid
SU14304,B05989,S0105,2025-04-10,6,0,Paid
SU14305,B07426,S0057,2026-06-07,2,0,Paid
SU14306,B09431,S0115,2026-06-05,3,10,Paid
SU14307,B01415,S0112,2025-06-03,4,0,Paid
SU14308,B03100,S0090,2026-06-29,4,5,Paid
SU14309,B09775,S0012,2026-03-27,1,5,Pending
SU14310,B04212,S0033,2024-01-27,1,15,Paid
SU14311,B07615,S0094,2025-08-18,3,5,Paid
SU14312,B00236,S0010,2025-12-29,1,0,Paid
SU14313,B05264,S0110,2024-06-16,4,0,Paid
SU14314,B09944,S0023,2026-03-10,1,5,Paid
SU14315,B00934,S0086,2025-04-29,5,5,Paid
SU14316,B09124,S0115,2025-08-23,2,10,Paid
SU14317,B00855,S0047,2025-11-15,2,0,Paid
SU14318,B05002,S0039,2024-12-02,2,5,Paid
SU14319,B01180,S0109,2025-07-24,1,10,Paid
SU14320,B02238,S0032,2025-11-03,6,5,Paid
SU14321,B05429,S0015,2024-08-08,1,10,Paid
SU14322,B01509,S0109,2024-05-10,4,5,Paid
SU14323,B08423,S0131,2026-02-14,2,0,Paid
SU14324,B07343,S0124,2024-08-27,1,0,Paid
SU14325,B02295,S0054,2026-06-25,3,15,Paid
SU14326,B02442,S0089,2024-03-01,1,15,Pending
SU14327,B03154,S0022,2026-04-04,2,5,Paid
SU14328,B05927,S0032,2024-08-20,2,5,Paid
SU14329,B06544,S0115,2025-07-25,1,5,Paid
SU14330,B03893,S0094,2024-12-26,1,0,Paid
SU14331,B08093,S0090,2025-01-03,8,5,Paid
SU14332,B07140,S0039,2024-02-26,2,0,Paid
SU14333,B07867,S0088,2025-11-05,2,0,Paid
SU14334,B05289,S0023,2026-08-08,2,5,Paid
SU14335,B09810,S0142,2024-05-09,5,10,Paid
SU14336,B09468,S0097,2025-03-12,5,5,Paid
SU14337,B00654,S0054,2024-02-02,4,0,Paid
SU14338,B01158,S0057,2025-06-07,1,0,Paid
SU14339,B01380,S0136,2026-08-22,4,0,Paid
SU14340,B07318,S0089,2025-06-29,3,0,Paid
SU14341,B06322,S0031,2026-08-23,1,5,Paid
SU14342,B02881,S0008,2026-01-06,1,10,Paid
SU14343,B02501,S0003,2024-11-26,5,20,Paid
SU14344,B05546,S0006,2025-01-03,2,0,Paid
SU14345,B03312,S0108,2025-03-03,2,20,Paid
SU14346,B09313,S0107,2024-06-14,5,15,Paid
SU14347,B07026,S0073,2025-03-08,2,5,Paid
SU14348,B00421,S0005,2026-08-01,3,15,Paid
SU14349,B06375,S0126,2025-12-06,1,0,Paid
SU14350,B02304,S0035,2025-01-17,2,0,Paid
SU14351,B00513,S0038,2024-09-30,1,25,Paid
SU14352,B02888,S0047,2026-08-03,1,5,Paid
SU14353,B09848,S0106,2026-08-19,4,15,Paid
SU14354,B00988,S0039,2024-12-02,3,0,Pending
SU14355,B09961,S0033,2026-05-18,1,5,Paid
SU14356,B09863,S0143,2026-05-15,2,10,Paid
SU14357,B00130,S0137,2025-10-10,2,0,Paid
SU14358,B09457,S0023,2026-07-18,3,20,Paid
SU14359,B04039,S0121,2025-11-14,2,0,Paid
SU14360,B02412,S0111,2025-06-18,3,0,Paid
SU14361,B03773,S0013,2024-09-25,1,0,Paid
SU14362,B09469,S0066,2026-03-28,1,5,Paid
SU14363,B08913,S0060,2025-04-18,6,0,Paid
SU14364,B07878,S0023,2025-11-10,1,10,Paid
SU14365,B00522,S0037,2024-12-24,3,10,Paid
SU14366,B07581,S0029,2025-03-22,5,0,Paid
SU14367,B00862,S0115,2025-06-25,5,0,Paid
SU14368,B06202,S0044,2024-12-17,1,0,Paid
SU14369,B07387,S0109,2025-12-16,3,0,Paid
SU14370,B09066,S0037,2025-11-19,3,0,Paid
SU14371,B00688,S0118,2025-12-14,4,5,Pending
SU14372,B03839,S0124,2026-07-09,1,0,Paid
SU14373,B02870,S0062,2024-10-29,2,0,Pending
SU14374,B03232,S0046,2025-10-17,3,5,Paid
SU14375,B08181,S0116,2026-06-25,1,15,Pending
SU14376,B01151,S0120,2026-02-18,1,0,Paid
SU14377,B07815,S0045,2026-06-24,2,10,Paid
SU14378,B03713,S0050,2024-07-29,4,0,Paid
SU14379,B05983,S0103,2025-01-04,2,0,Paid
SU14380,B09891,S0022,2026-07-05,2,10,Paid
SU14381,B04662,S0006,2026-07-28,3,10,Paid
SU14382,B05619,S0127,2025-08-30,2,5,Pending
SU14383,B01982,S0118,2024-07-02,1,0,Paid
SU14384,B04766,S0037,2026-01-27,5,5,Paid
SU14385,B05104,S0006,2026-07-24,2,10,Paid
SU14386,B09408,S0037,2024-09-21,1,10,Paid
SU14387,B03408,S0141,2025-06-07,2,10,Paid
SU14388,B02453,S0115,2025-10-07,3,0,Complimentary
SU14389,B06517,S0020,2026-05-11,1,10,Paid
SU14390,B06642,S0123,2025-11-18,5,5,Paid
SU14391,B09042,S0026,2026-07-05,3,5,Paid
SU14392,B05527,S0057,2026-02-21,6,5,Paid
SU14393,B04629,S0023,2024-12-12,1,5,Paid
SU14394,B03154,S0028,2026-04-03,1,25,Paid
SU14395,B01324,S0044,2024-05-20,3,10,Pending
SU14396,B04719,S0008,2024-11-18,1,10,Paid
SU14397,B03855,S0099,2024-11-01,3,0,Paid
SU14398,B07880,S0028,2024-07-19,5,10,Paid
SU14399,B01300,S0001,2024-07-20,4,0,Paid
SU14400,B03533,S0033,2026-06-06,2,0,Paid
SU14401,B07718,S0127,2026-07-31,2,5,Paid
SU14402,B04812,S0005,2026-03-08,2,0,Paid
SU14403,B01477,S0109,2025-12-11,8,0,Paid
SU14404,B05239,S0020,2026-03-22,1,5,Paid
SU14405,B07775,S0092,2025-12-12,3,5,Complimentary
SU14406,B09622,S0124,2025-04-08,1,0,Paid
SU14407,B08665,S0024,2024-12-03,2,5,Paid
SU14408,B02333,S0003,2025-03-28,3,5,Paid
SU14409,B05901,S0029,2026-08-15,4,15,Paid
SU14410,B07101,S0013,2025-10-22,3,15,Pending
SU14411,B09594,S0048,2026-03-10,3,10,Paid
SU14412,B04708,S0029,2026-05-16,3,10,Paid
SU14413,B07273,S0072,2026-05-13,5,25,Paid
SU14414,B03201,S0031,2024-10-06,2,0,Paid
SU14415,B01888,S0123,2025-10-08,1,0,Paid
SU14416,B05367,S0034,2025-09-22,2,0,Paid
SU14417,B09999,S0088,2026-07-02,1,0,Paid
SU14418,B06756,S0025,2025-10-03,5,10,Paid
SU14419,B00783,S0129,2026-03-09,2,15,Paid
SU14420,B01995,S0012,2024-06-03,1,0,Paid
SU14421,B05202,S0117,2025-03-12,2,15,Paid
SU14422,B07936,S0086,2024-03-13,1,0,Paid
SU14423,B09104,S0003,2024-08-26,2,0,Paid
SU14424,B09130,S0129,2025-10-09,2,10,Paid
SU14425,B04213,S0070,2024-11-16,3,15,Pending
SU14426,B00096,S0113,2024-03-19,3,5,Paid
SU14427,B05595,S0114,2026-03-29,3,5,Paid
SU14428,B08612,S0021,2026-02-02,2,5,Paid
SU14429,B05048,S0112,2026-03-22,5,0,Paid
SU14430,B07578,S0013,2024-10-26,3,5,Paid
SU14431,B04233,S0015,2026-07-24,1,10,Paid
SU14432,B09055,S0040,2026-02-21,2,0,Paid
SU14433,B02678,S0071,2025-05-11,2,0,Paid
SU14434,B07840,S0035,2026-04-04,10,5,Paid
SU14435,B01728,S0090,2025-04-16,5,0,Paid
SU14436,B07318,S0088,2025-06-29,4,25,Paid
SU14437,B00747,S0049,2025-03-04,1,0,Paid
SU14438,B01218,S0110,2025-09-27,2,0,Paid
SU14439,B05302,S0030,2024-06-26,3,5,Paid
SU14440,B06789,S0030,2024-10-24,1,5,Paid
SU14441,B01244,S0126,2024-09-06,2,0,Complimentary
SU14442,B05926,S0117,2025-11-24,4,0,Paid
SU14443,B08454,S0008,2024-03-23,2,5,Paid
SU14444,B00452,S0029,2026-02-26,1,5,Pending
SU14445,B06274,S0068,2025-06-10,6,0,Paid
SU14446,B01835,S0151,2025-11-04,1,0,Paid
SU14447,B05257,S0146,2025-09-02,5,10,Paid
SU14448,B07385,S0038,2026-06-10,3,0,Paid
SU14449,B01076,S0035,2024-08-25,6,10,Paid
SU14450,B06924,S0028,2025-05-26,5,0,Paid
SU14451,B02586,S0030,2025-01-14,3,10,Paid
SU14452,B08340,S0050,2026-06-12,3,5,Paid
SU14453,B00565,S0058,2026-08-11,1,0,Paid
SU14454,B04089,S0070,2026-01-05,5,10,Paid
SU14455,B07231,S0045,2026-08-30,3,0,Paid
SU14456,B09943,S0094,2025-08-05,1,10,Paid
SU14457,B01442,S0034,2026-02-28,1,5,Paid
SU14458,B07439,S0029,2026-01-20,3,5,Paid
SU14459,B01376,S0118,2024-12-09,6,0,Paid
SU14460,B00108,S0121,2024-04-05,1,15,Pending
SU14461,B02089,S0108,2025-04-03,2,0,Paid
SU14462,B08802,S0020,2026-03-27,2,10,Pending
SU14463,B02563,S0015,2026-02-24,2,10,Paid
SU14464,B08914,S0123,2026-05-13,6,0,Paid
SU14465,B05383,S0114,2026-01-09,3,15,Paid
SU14466,B00817,S0043,2024-02-04,3,0,Paid
SU14467,B00448,S0149,2025-02-20,5,0,Paid
SU14468,B07442,S0089,2026-02-09,1,0,Paid
SU14469,B03864,S0071,2026-05-09,2,0,Paid
SU14470,B01646,S0114,2025-10-24,1,15,Paid
SU14471,B05626,S0128,2024-11-03,3,10,Paid
SU14472,B01644,S0117,2025-10-14,2,5,Paid
SU14473,B02461,S0037,2026-05-06,1,0,Paid
SU14474,B03271,S0026,2026-07-23,1,0,Paid
SU14475,B07061,S0062,2025-04-27,2,0,Paid
SU14476,B00747,S0052,2025-03-06,2,0,Paid
SU14477,B02924,S0124,2026-01-18,1,5,Paid
SU14478,B03779,S0107,2025-11-20,5,25,Paid
SU14479,B05158,S0049,2026-06-22,2,10,Paid
SU14480,B00569,S0027,2026-03-22,2,10,Paid
SU14481,B03575,S0093,2026-07-03,2,10,Complimentary
SU14482,B04020,S0091,2025-06-27,2,15,Paid
SU14483,B00656,S0025,2026-07-02,4,0,Paid
SU14484,B03338,S0099,2025-08-18,1,0,Pending
SU14485,B05832,S0132,2025-03-23,1,5,Paid
SU14486,B02383,S0089,2025-09-06,1,5,Paid
SU14487,B08973,S0101,2025-12-14,4,15,Paid
SU14488,B02199,S0045,2025-11-22,3,25,Paid
SU14489,B04277,S0046,2024-01-07,1,5,Paid
SU14490,B05363,S0017,2025-04-26,3,5,Paid
SU14491,B03553,S0108,2026-08-19,4,5,Paid
SU14492,B09554,S0116,2026-08-05,1,0,Paid
SU14493,B00176,S0016,2024-11-04,10,0,Paid
SU14494,B05145,S0140,2025-08-12,1,10,Paid
SU14495,B05736,S0109,2026-08-24,3,0,Paid
SU14496,B01848,S0121,2025-11-26,3,15,Paid
SU14497,B03257,S0126,2024-10-31,1,10,Paid
SU14498,B01550,S0015,2024-01-26,1,10,Paid
SU14499,B04149,S0003,2026-06-20,4,0,Paid
SU14500,B09456,S0138,2026-02-22,1,0,Complimentary
SU14501,B00789,S0059,2025-08-19,3,0,Pending
SU14502,B06161,S0051,2025-02-19,3,10,Paid
SU14503,B09540,S0035,2024-11-02,8,0,Paid
SU14504,B06366,S0092,2026-06-05,2,0,Paid
SU14505,B06593,S0148,2026-07-20,2,5,Paid
SU14506,B06240,S0052,2025-12-07,1,20,Paid
SU14507,B02465,S0054,2026-08-20,1,0,Paid
SU14508,B04962,S0023,2026-02-16,1,5,Paid
SU14509,B07398,S0009,2026-08-27,1,10,Paid
SU14510,B00763,S0126,2025-10-26,1,10,Paid
SU14511,B06835,S0037,2026-03-01,1,0,Paid
SU14512,B03576,S0060,2026-08-20,1,10,Paid
SU14513,B03551,S0048,2024-02-18,4,5,Paid
SU14514,B06066,S0031,2025-04-26,2,0,Paid
SU14515,B09750,S0074,2025-02-09,5,0,Paid
SU14516,B01551,S0015,2026-08-12,1,25,Paid
SU14517,B04824,S0002,2024-09-17,3,10,Paid
SU14518,B03205,S0150,2026-07-15,1,10,Paid
SU14519,B09801,S0094,2025-09-20,2,5,Paid
SU14520,B00751,S0116,2026-07-17,1,25,Paid
SU14521,B03811,S0004,2024-02-10,1,10,Paid
SU14522,B01887,S0024,2024-12-21,1,0,Paid
SU14523,B04031,S0093,2025-05-08,2,0,Paid
SU14524,B07758,S0109,2025-06-07,6,0,Paid
SU14525,B09728,S0121,2026-07-01,3,10,Paid
SU14526,B01044,S0023,2026-08-24,1,0,Paid
SU14527,B06536,S0117,2024-10-29,3,0,Paid
SU14528,B03562,S0044,2025-12-15,1,5,Paid
SU14529,B01309,S0066,2025-10-18,3,15,Paid
SU14530,B06215,S0113,2025-10-16,4,0,Paid
SU14531,B08564,S0042,2025-03-24,8,0,Paid
SU14532,B06817,S0144,2025-12-14,3,0,Pending
SU14533,B02164,S0118,2025-01-14,2,10,Paid
SU14534,B00335,S0060,2024-11-13,5,0,Paid
SU14535,B00052,S0122,2026-07-25,4,0,Complimentary
SU14536,B06082,S0108,2026-02-01,5,10,Paid
SU14537,B09925,S0112,2026-01-15,4,15,Paid
SU14538,B00277,S0107,2025-07-17,3,10,Paid
SU14539,B07317,S0130,2026-07-27,5,0,Paid
SU14540,B03755,S0150,2024-10-10,1,0,Paid
SU14541,B05463,S0046,2026-08-21,3,10,Paid
SU14542,B09687,S0098,2024-11-30,3,20,Paid
SU14543,B05401,S0097,2026-08-30,3,15,Paid
SU14544,B07751,S0117,2025-04-19,1,10,Paid
SU14545,B06012,S0027,2025-10-26,4,10,Paid
SU14546,B05760,S0125,2025-07-24,4,0,Paid
SU14547,B06070,S0019,2025-08-04,3,5,Pending
SU14548,B01911,S0064,2026-08-03,3,5,Paid
SU14549,B04847,S0016,2025-09-16,5,0,Paid
SU14550,B00874,S0002,2025-11-16,3,10,Paid
SU14551,B01431,S0111,2025-03-18,3,5,Paid
SU14552,B09828,S0151,2024-03-29,2,0,Paid
SU14553,B01195,S0039,2024-03-29,6,15,Paid
SU14554,B05856,S0114,2025-03-06,1,25,Paid
SU14555,B00463,S0062,2026-06-29,3,5,Pending
SU14556,B06427,S0091,2026-02-28,4,0,Paid
SU14557,B07235,S0121,2025-12-31,2,5,Paid
SU14558,B08645,S0115,2026-02-11,5,5,Paid
SU14559,B06125,S0087,2026-07-28,2,0,Paid
SU14560,B07697,S0034,2026-08-03,4,0,Paid
SU14561,B01902,S0092,2026-07-17,4,25,Paid
SU14562,B07989,S0109,2025-03-09,3,0,Paid
SU14563,B01884,S0045,2024-10-04,1,0,Paid
SU14564,B08586,S0008,2025-02-15,2,5,Paid
SU14565,B03873,S0021,2026-02-07,1,5,Paid
SU14566,B02121,S0050,2026-08-20,2,5,Paid
SU14567,B04140,S0110,2024-02-28,3,5,Paid
SU14568,B01948,S0126,2026-06-03,2,5,Paid
SU14569,B04707,S0026,2024-03-13,5,0,Paid
SU14570,B04545,S0037,2025-10-17,3,10,Paid
SU14571,B03484,S0019,2026-07-08,4,20,Paid
SU14572,B08835,S0028,2026-03-12,1,5,Paid
SU14573,B00387,S0022,2026-01-18,1,20,Paid
SU14574,B09557,S0051,2025-06-20,5,10,Paid
SU14575,B06502,S0108,2025-09-10,4,0,Pending
SU14576,B04670,S0142,2026-02-21,1,15,Paid
SU14577,B09329,S0119,2024-12-18,6,5,Paid
SU14578,B05591,S0027,2026-02-17,2,0,Paid
SU14579,B09829,S0146,2026-08-01,3,0,Paid
SU14580,B05964,S0151,2026-06-03,3,10,Paid
SU14581,B07989,S0113,2025-03-10,4,10,Paid
SU14582,B01871,S0120,2025-04-28,4,0,Paid
SU14583,B02890,S0023,2026-07-21,2,10,Paid
SU14584,B07439,S0025,2026-01-20,2,10,Paid
SU14585,B03209,S0046,2026-05-25,4,0,Paid
SU14586,B00246,S0023,2025-10-22,1,5,Pending
SU14587,B04796,S0002,2026-03-26,2,15,Paid
SU14588,B05807,S0015,2026-08-26,1,0,Paid
SU14589,B08156,S0013,2026-06-04,2,5,Paid
SU14590,B00694,S0025,2026-08-26,4,10,Paid
SU14591,B08796,S0039,2025-10-25,2,15,Paid
SU14592,B03676,S0023,2024-05-14,1,10,Paid
SU14593,B01377,S0116,2026-01-06,2,5,Paid
SU14594,B06209,S0041,2024-08-29,5,0,Paid
SU14595,B01372,S0125,2026-08-25,5,10,Paid
SU14596,B04394,S0013,2025-08-21,2,0,Paid
SU14597,B01811,S0032,2024-09-09,5,5,Paid
SU14598,B08499,S0117,2025-08-04,1,0,Paid
SU14599,B01900,S0092,2025-02-21,1,0,Paid
SU14600,B09228,S0122,2024-05-11,3,5,Paid
SU14601,B09426,S0055,2026-06-23,1,15,Paid
SU14602,B05731,S0150,2025-12-25,3,15,Paid
SU14603,B05039,S0115,2025-06-30,5,20,Pending
SU14604,B01943,S0007,2024-12-06,1,5,Paid
SU14605,B05400,S0095,2026-06-18,3,5,Paid
SU14606,B09729,S0124,2024-12-03,1,15,Paid
SU14607,B03468,S0029,2025-02-05,1,20,Paid
SU14608,B09250,S0090,2026-08-28,2,5,Paid
SU14609,B00005,S0045,2025-07-06,1,0,Paid
SU14610,B00850,S0049,2026-02-16,1,5,Paid
SU14611,B02955,S0032,2026-04-29,6,5,Paid
SU14612,B02374,S0002,2025-01-07,3,15,Paid
SU14613,B03164,S0024,2024-12-23,3,15,Complimentary
SU14614,B05159,S0052,2026-08-24,1,5,Paid
SU14615,B06178,S0090,2026-07-13,3,25,Paid
SU14616,B06377,S0005,2026-08-18,1,0,Paid
SU14617,B08140,S0014,2026-07-17,5,0,Paid
SU14618,B02709,S0001,2025-10-16,4,20,Pending
SU14619,B08472,S0068,2024-01-11,3,0,Paid
SU14620,B08272,S0034,2025-12-02,2,0,Paid
SU14621,B04546,S0036,2026-01-23,1,0,Paid
SU14622,B03804,S0116,2026-06-01,1,0,Paid
SU14623,B09077,S0010,2025-03-17,2,10,Paid
SU14624,B09273,S0002,2026-06-09,3,10,Paid
SU14625,B01110,S0046,2025-11-19,1,15,Pending
SU14626,B06828,S0008,2024-07-13,1,5,Paid
SU14627,B09247,S0089,2025-11-02,1,5,Paid
SU14628,B06317,S0065,2025-06-30,1,0,Paid
SU14629,B01315,S0044,2026-06-18,2,5,Paid
SU14630,B00682,S0040,2025-09-27,4,0,Paid
SU14631,B06431,S0012,2024-12-14,2,10,Paid
SU14632,B04778,S0090,2026-04-23,6,5,Paid
SU14633,B07891,S0040,2026-07-26,4,0,Paid
SU14634,B02650,S0017,2026-04-30,5,10,Paid
SU14635,B00713,S0027,2024-11-21,2,15,Paid
SU14636,B09671,S0045,2026-06-27,1,0,Paid
SU14637,B07261,S0094,2026-05-13,1,0,Paid
SU14638,B08918,S0101,2026-05-08,1,10,Paid
SU14639,B04827,S0030,2025-08-02,1,0,Paid
SU14640,B06196,S0018,2024-09-28,2,0,Paid
SU14641,B01095,S0135,2026-08-07,4,0,Paid
SU14642,B02749,S0002,2026-04-13,2,5,Paid
SU14643,B09825,S0057,2026-04-12,2,0,Paid
SU14644,B08899,S0005,2026-08-02,2,0,Paid
SU14645,B05823,S0041,2024-05-22,2,0,Paid
SU14646,B04907,S0091,2024-04-12,2,5,Paid
SU14647,B02507,S0126,2024-03-16,1,0,Paid
SU14648,B04585,S0005,2024-07-01,1,0,Paid
SU14649,B08806,S0145,2024-04-22,8,5,Paid
SU14650,B06850,S0098,2026-03-21,1,10,Paid
SU14651,B06138,S0108,2025-10-27,2,5,Paid
SU14652,B03494,S0060,2026-03-05,3,20,Paid
SU14653,B08566,S0045,2025-10-29,2,0,Paid
SU14654,B03327,S0090,2025-12-05,1,0,Paid
SU14655,B06534,S0087,2026-05-24,1,10,Pending
SU14656,B07759,S0096,2026-02-03,2,20,Paid
SU14657,B02590,S0015,2026-04-11,1,5,Paid
SU14658,B02423,S0146,2024-07-15,3,5,Paid
SU14659,B01218,S0110,2025-09-28,3,0,Pending
SU14660,B04863,S0065,2025-03-25,3,0,Paid
SU14661,B07291,S0113,2024-05-30,5,0,Paid
SU14662,B05383,S0118,2026-01-09,8,10,Pending
SU14663,B08424,S0025,2026-08-13,8,0,Paid
SU14664,B00050,S0033,2026-01-14,1,15,Paid
SU14665,B09866,S0095,2026-05-27,2,0,Paid
SU14666,B06925,S0028,2026-03-02,5,5,Complimentary
SU14667,B07628,S0043,2026-01-17,2,5,Paid
SU14668,B00421,S0002,2026-08-06,3,0,Paid
SU14669,B03393,S0115,2026-08-22,1,5,Paid
SU14670,B03781,S0095,2025-10-02,4,0,Paid
SU14671,B09825,S0055,2026-04-11,1,0,Paid
SU14672,B09761,S0118,2026-05-19,2,0,Paid
SU14673,B04005,S0006,2026-05-30,6,5,Paid
SU14674,B07616,S0052,2026-08-04,1,5,Paid
SU14675,B09238,S0043,2026-04-20,1,0,Paid
SU14676,B01917,S0031,2024-12-02,2,0,Paid
SU14677,B05804,S0031,2026-05-23,1,10,Complimentary
SU14678,B07903,S0092,2026-04-05,3,0,Paid
SU14679,B08508,S0125,2026-04-08,1,0,Paid
SU14680,B03508,S0030,2025-10-20,1,0,Paid
SU14681,B08523,S0122,2024-08-16,2,0,Paid
SU14682,B05597,S0104,2026-03-25,1,15,Paid
SU14683,B08752,S0086,2024-07-07,3,0,Paid
SU14684,B01910,S0038,2026-05-05,1,15,Pending
SU14685,B06164,S0053,2026-01-06,1,10,Paid
SU14686,B05445,S0116,2025-02-18,1,15,Pending
SU14687,B04080,S0034,2024-11-18,1,0,Paid
SU14688,B03808,S0112,2024-09-19,5,5,Paid
SU14689,B07659,S0046,2026-07-17,3,0,Paid
SU14690,B06283,S0023,2026-07-14,1,0,Paid
SU14691,B01774,S0088,2025-04-07,5,5,Paid
SU14692,B00464,S0023,2026-08-16,1,0,Paid
SU14693,B02274,S0043,2024-02-21,1,15,Paid
SU14694,B06346,S0068,2026-04-27,5,5,Paid
SU14695,B05834,S0126,2025-10-01,1,25,Pending
SU14696,B01467,S0101,2026-04-19,1,5,Paid
SU14697,B02523,S0121,2025-07-26,5,0,Paid
SU14698,B08514,S0035,2026-06-09,6,5,Paid
SU14699,B00515,S0129,2026-08-23,4,0,Paid
SU14700,B01411,S0015,2026-05-22,1,25,Paid
SU14701,B09644,S0010,2025-04-04,5,5,Paid
SU14702,B01812,S0032,2025-06-12,4,5,Paid
SU14703,B08361,S0108,2026-07-02,2,5,Paid
SU14704,B04802,S0088,2026-08-22,3,0,Paid
SU14705,B06026,S0061,2025-02-21,2,10,Paid
SU14706,B06030,S0117,2025-05-25,10,5,Complimentary
SU14707,B02402,S0106,2026-04-08,3,5,Paid
SU14708,B09583,S0027,2026-01-08,2,10,Paid
SU14709,B00865,S0021,2025-11-24,1,5,Paid
SU14710,B06536,S0117,2024-10-28,10,0,Paid
SU14711,B05693,S0056,2026-01-12,4,10,Paid
SU14712,B09676,S0003,2024-02-17,1,5,Paid
SU14713,B03222,S0042,2025-11-12,3,5,Paid
SU14714,B01590,S0073,2026-01-23,1,0,Paid
SU14715,B04107,S0108,2026-02-26,5,0,Paid
SU14716,B03854,S0064,2026-08-14,3,20,Complimentary
SU14717,B06838,S0038,2025-08-16,1,0,Paid
SU14718,B03811,S0002,2024-02-12,2,5,Paid
SU14719,B09587,S0033,2026-07-08,1,0,Paid
SU14720,B06474,S0031,2025-01-31,3,0,Paid
SU14721,B01984,S0019,2026-05-14,5,15,Paid
SU14722,B05077,S0028,2025-12-24,2,10,Paid
SU14723,B08258,S0012,2025-04-13,3,15,Paid
SU14724,B09407,S0028,2026-08-30,2,10,Paid
SU14725,B00045,S0116,2026-03-06,1,0,Paid
SU14726,B09406,S0115,2025-05-12,2,0,Paid
SU14727,B00790,S0038,2024-11-21,3,0,Paid
SU14728,B00105,S0093,2024-12-06,8,5,Paid
SU14729,B05134,S0003,2026-03-04,4,0,Paid
SU14730,B09235,S0106,2024-04-26,4,0,Pending
SU14731,B02801,S0123,2026-01-30,2,15,Paid
SU14732,B02582,S0051,2025-03-22,3,5,Paid
SU14733,B02370,S0093,2024-12-07,1,5,Paid
SU14734,B04012,S0114,2024-02-11,5,15,Paid
SU14735,B06321,S0030,2025-04-05,1,10,Paid
SU14736,B08682,S0122,2024-08-07,1,10,Paid
SU14737,B03883,S0009,2026-05-08,3,5,Paid
SU14738,B09394,S0003,2026-08-25,1,0,Paid
SU14739,B01695,S0096,2026-08-14,1,10,Paid
SU14740,B07011,S0056,2025-07-13,2,5,Paid
SU14741,B01944,S0010,2026-06-30,3,25,Paid
SU14742,B06637,S0008,2026-08-15,1,0,Paid
SU14743,B07677,S0035,2025-10-26,2,5,Paid
SU14744,B07698,S0138,2024-09-02,3,10,Paid
SU14745,B03870,S0028,2025-12-27,2,0,Paid
SU14746,B08534,S0031,2026-03-25,2,15,Paid
SU14747,B08765,S0033,2025-07-04,3,0,Pending
SU14748,B04646,S0073,2026-02-23,3,10,Paid
SU14749,B08757,S0072,2026-03-22,4,0,Paid
SU14750,B02809,S0048,2024-10-17,1,10,Paid
SU14751,B03483,S0042,2026-04-14,4,5,Paid
SU14752,B06561,S0129,2025-11-24,3,5,Paid
SU14753,B00345,S0035,2026-08-28,4,0,Paid
SU14754,B08953,S0105,2025-01-20,5,15,Paid
SU14755,B03576,S0059,2026-08-19,1,25,Paid
SU14756,B03299,S0006,2025-06-04,2,0,Paid
SU14757,B08202,S0120,2026-05-04,5,15,Paid
SU14758,B05401,S0097,2026-08-30,3,5,Paid
SU14759,B01198,S0115,2026-03-19,3,5,Paid
SU14760,B05412,S0135,2026-03-05,2,15,Paid
SU14761,B04322,S0032,2025-12-09,3,0,Paid
SU14762,B02915,S0086,2025-09-27,4,0,Paid
SU14763,B06963,S0012,2026-03-20,1,15,Paid
SU14764,B07633,S0124,2026-07-31,1,10,Paid
SU14765,B04760,S0138,2026-08-07,1,0,Paid
SU14766,B04751,S0123,2026-02-15,4,0,Paid
SU14767,B05039,S0114,2025-06-30,2,0,Paid
SU14768,B06208,S0114,2025-08-02,1,0,Paid
SU14769,B01978,S0143,2025-01-09,6,20,Paid
SU14770,B07791,S0046,2026-07-10,2,5,Paid
SU14771,B01769,S0012,2026-03-07,1,0,Paid
SU14772,B09800,S0046,2025-07-12,3,20,Paid
SU14773,B06904,S0046,2024-01-30,1,0,Paid
SU14774,B05981,S0023,2026-08-30,2,5,Paid
SU14775,B04635,S0097,2025-03-01,1,5,Paid
SU14776,B04930,S0123,2026-07-30,2,15,Paid
SU14777,B00911,S0141,2024-03-18,1,0,Paid
SU14778,B05524,S0013,2026-07-02,1,0,Paid
SU14779,B05725,S0024,2025-05-25,4,0,Paid
SU14780,B08588,S0028,2026-01-07,3,10,Paid
SU14781,B02301,S0096,2026-01-10,2,5,Paid
SU14782,B07220,S0106,2025-11-13,6,25,Paid
SU14783,B08272,S0036,2025-12-01,1,0,Pending
SU14784,B09112,S0033,2025-12-09,3,5,Paid
SU14785,B02240,S0037,2024-05-06,2,5,Paid
SU14786,B02448,S0145,2024-04-06,3,10,Paid
SU14787,B00333,S0122,2025-09-16,2,10,Paid
SU14788,B01091,S0116,2025-07-16,1,10,Paid
SU14789,B09997,S0059,2025-09-27,5,20,Paid
SU14790,B04252,S0024,2024-08-14,2,5,Paid
SU14791,B00555,S0143,2025-12-18,5,5,Paid
SU14792,B01489,S0116,2026-08-23,1,5,Paid
SU14793,B09699,S0118,2024-06-28,5,0,Paid
SU14794,B03979,S0101,2024-10-13,2,0,Paid
SU14795,B08659,S0086,2026-08-09,2,10,Paid
SU14796,B08017,S0110,2024-07-24,2,10,Paid
SU14797,B06026,S0066,2025-02-21,2,5,Paid
SU14798,B03855,S0104,2024-11-01,2,5,Pending
SU14799,B06978,S0049,2024-06-30,1,0,Paid
SU14800,B08975,S0007,2026-01-27,2,10,Paid
SU14801,B09142,S0144,2026-07-15,4,0,Complimentary
SU14802,B07225,S0011,2025-03-01,3,5,Paid
SU14803,B00454,S0126,2024-02-21,1,10,Paid
SU14804,B02486,S0013,2025-09-24,2,5,Paid
SU14805,B07052,S0131,2025-07-12,1,5,Pending
SU14806,B09439,S0029,2024-03-22,3,10,Paid
SU14807,B03011,S0126,2024-08-07,2,0,Paid
SU14808,B08860,S0126,2026-08-07,1,5,Paid
SU14809,B03935,S0010,2024-01-19,4,5,Paid
SU14810,B05409,S0007,2024-11-11,1,25,Paid
SU14811,B05264,S0108,2024-06-17,2,5,Paid
SU14812,B09980,S0112,2026-02-27,2,5,Paid
SU14813,B02608,S0037,2025-09-21,5,15,Paid
SU14814,B06202,S0050,2024-12-14,5,5,Paid
SU14815,B07703,S0138,2026-08-28,1,0,Complimentary
SU14816,B07534,S0091,2026-01-28,2,20,Paid
SU14817,B05528,S0035,2025-10-19,3,0,Paid
SU14818,B09122,S0028,2024-10-11,2,0,Paid
SU14819,B09072,S0050,2025-06-15,4,10,Paid
SU14820,B08285,S0055,2025-01-19,3,10,Paid
SU14821,B07407,S0088,2025-12-20,3,10,Paid
SU14822,B05609,S0040,2025-11-01,3,10,Paid
SU14823,B01663,S0023,2025-12-15,3,5,Paid
SU14824,B00069,S0133,2024-10-12,2,0,Complimentary
SU14825,B00397,S0060,2026-05-04,4,5,Paid
SU14826,B01894,S0065,2025-02-13,4,15,Paid
SU14827,B09217,S0116,2024-02-16,2,0,Paid
SU14828,B05338,S0147,2024-02-07,6,10,Paid
SU14829,B01300,S0010,2024-07-21,1,20,Paid
SU14830,B09319,S0030,2024-06-12,3,10,Paid
SU14831,B04797,S0010,2026-07-31,1,10,Paid
SU14832,B08443,S0040,2025-03-23,2,5,Paid
SU14833,B05679,S0127,2024-09-27,5,15,Paid
SU14834,B02160,S0121,2025-10-19,1,5,Paid
SU14835,B01668,S0031,2026-03-14,2,20,Paid
SU14836,B01698,S0025,2024-04-03,5,0,Paid
SU14837,B02083,S0146,2024-08-01,4,5,Paid
SU14838,B06430,S0116,2026-08-21,1,25,Paid
SU14839,B05555,S0036,2026-08-02,2,25,Paid
SU14840,B04242,S0011,2024-11-01,4,5,Paid
SU14841,B01700,S0037,2026-08-22,1,5,Paid
SU14842,B04694,S0009,2025-07-03,2,10,Paid
SU14843,B01309,S0064,2025-10-19,2,20,Paid
SU14844,B06018,S0087,2026-07-26,5,5,Paid
SU14845,B07413,S0020,2026-06-16,2,15,Paid
SU14846,B00830,S0125,2025-08-10,1,25,Paid
SU14847,B07133,S0114,2025-10-08,1,0,Paid
SU14848,B02727,S0104,2025-11-16,2,0,Paid
SU14849,B00877,S0088,2026-05-30,5,5,Pending
SU14850,B04862,S0022,2024-08-31,2,0,Paid
SU14851,B08883,S0132,2026-02-01,1,5,Paid
SU14852,B04662,S0009,2026-07-28,2,15,Paid
SU14853,B00219,S0148,2024-10-30,5,0,Paid
SU14854,B02176,S0109,2026-07-03,2,5,Complimentary
SU14855,B01297,S0047,2026-05-12,2,0,Paid
SU14856,B05847,S0005,2026-01-22,1,10,Paid
SU14857,B07852,S0094,2024-06-16,1,5,Paid
SU14858,B09093,S0113,2025-01-07,4,5,Pending
SU14859,B06218,S0109,2025-10-31,1,5,Paid
SU14860,B03889,S0012,2026-08-21,1,0,Paid
SU14861,B02141,S0108,2026-06-30,2,0,Paid
SU14862,B02325,S0093,2026-07-18,4,0,Paid
SU14863,B05644,S0020,2026-03-06,1,5,Paid
SU14864,B00756,S0090,2025-08-15,3,20,Paid
SU14865,B04119,S0145,2026-03-11,5,0,Pending
SU14866,B08440,S0092,2026-07-20,2,15,Paid
SU14867,B01967,S0022,2026-02-10,2,5,Paid
SU14868,B08571,S0091,2025-09-13,3,0,Paid
SU14869,B08838,S0127,2026-04-30,1,0,Paid
SU14870,B09762,S0132,2026-08-27,1,10,Paid
SU14871,B06806,S0039,2025-11-22,2,0,Paid
SU14872,B04604,S0033,2024-06-23,3,10,Paid
SU14873,B03523,S0058,2026-05-24,2,0,Paid
SU14874,B02657,S0094,2026-02-02,1,20,Paid
SU14875,B02555,S0034,2026-07-28,4,0,Paid
SU14876,B05351,S0019,2026-01-19,2,10,Paid
SU14877,B05325,S0104,2026-01-30,4,5,Paid
SU14878,B08100,S0026,2025-04-04,10,5,Paid
SU14879,B07063,S0029,2026-03-20,1,0,Paid
SU14880,B07105,S0090,2025-02-21,3,10,Paid
SU14881,B01757,S0013,2024-12-19,1,0,Paid
SU14882,B00978,S0037,2025-02-21,5,0,Paid
SU14883,B07473,S0029,2026-04-02,4,0,Paid
SU14884,B02755,S0091,2024-07-24,1,10,Paid
SU14885,B08974,S0006,2026-01-03,2,10,Paid
SU14886,B07569,S0102,2026-08-25,4,0,Pending
SU14887,B04586,S0113,2025-02-11,5,0,Paid
SU14888,B01270,S0024,2026-01-01,3,0,Paid
SU14889,B01276,S0106,2026-08-25,3,0,Paid
SU14890,B06987,S0034,2024-09-16,1,5,Paid
SU14891,B02169,S0033,2026-07-23,1,0,Paid
SU14892,B08725,S0148,2025-04-19,5,5,Pending
SU14893,B07495,S0135,2026-03-26,4,0,Paid
SU14894,B05251,S0144,2026-08-30,1,25,Paid
SU14895,B06511,S0115,2025-12-13,6,10,Paid
SU14896,B05856,S0118,2025-03-06,3,10,Paid
SU14897,B01711,S0034,2025-10-27,1,0,Paid
SU14898,B00069,S0132,2024-10-13,3,15,Paid
SU14899,B05742,S0097,2026-06-30,2,15,Paid
SU14900,B04748,S0049,2026-03-06,3,5,Paid
SU14901,B01447,S0107,2026-04-23,8,5,Paid
SU14902,B01474,S0009,2026-04-14,3,0,Paid
SU14903,B04035,S0121,2024-10-25,2,0,Paid
SU14904,B02461,S0039,2026-05-07,2,0,Paid
SU14905,B00041,S0146,2026-02-02,2,5,Paid
SU14906,B05263,S0007,2026-05-04,3,0,Paid
SU14907,B07453,S0025,2024-12-20,5,5,Paid
SU14908,B02115,S0028,2026-04-26,4,0,Paid
SU14909,B04037,S0050,2026-06-28,3,0,Paid
SU14910,B06075,S0138,2026-05-12,2,0,Paid
SU14911,B00707,S0093,2025-12-24,1,0,Paid
SU14912,B06665,S0125,2025-11-11,4,10,Paid
SU14913,B03911,S0087,2025-10-16,6,25,Pending
SU14914,B03954,S0110,2026-06-06,2,0,Paid
SU14915,B07950,S0014,2026-08-16,3,25,Paid
SU14916,B07297,S0032,2025-11-13,4,0,Paid
SU14917,B07327,S0147,2026-01-06,3,15,Paid
SU14918,B03184,S0029,2024-11-18,4,5,Paid
SU14919,B00142,S0091,2024-08-28,6,10,Paid
SU14920,B01066,S0069,2026-06-02,3,5,Paid
SU14921,B08926,S0149,2024-10-03,5,0,Paid
SU14922,B08550,S0013,2026-01-09,2,0,Paid
SU14923,B01758,S0039,2026-04-18,1,0,Paid
SU14924,B01257,S0150,2026-03-11,2,25,Paid
SU14925,B05584,S0007,2025-10-27,1,0,Paid
SU14926,B07616,S0052,2026-08-01,1,0,Paid
SU14927,B00326,S0149,2025-12-19,5,5,Paid
SU14928,B05225,S0061,2025-04-07,3,0,Paid
SU14929,B08659,S0092,2026-08-09,1,0,Paid
SU14930,B02760,S0141,2024-04-13,1,10,Pending
SU14931,B00995,S0101,2024-01-07,4,10,Paid
SU14932,B09568,S0120,2025-07-27,1,15,Complimentary
SU14933,B09018,S0007,2026-02-15,2,10,Paid
SU14934,B03876,S0021,2025-06-23,1,10,Paid
SU14935,B09476,S0121,2024-11-03,1,10,Paid
SU14936,B02321,S0019,2024-11-25,1,5,Paid
SU14937,B06691,S0124,2026-06-24,1,0,Paid
SU14938,B04957,S0031,2024-10-27,2,10,Paid
SU14939,B02342,S0027,2026-08-22,2,5,Paid
SU14940,B00495,S0008,2026-02-21,1,0,Pending
SU14941,B00296,S0110,2026-02-24,2,15,Paid
SU14942,B05994,S0107,2026-08-23,8,20,Paid
SU14943,B02409,S0044,2026-06-12,1,15,Paid
SU14944,B05336,S0109,2026-07-13,1,0,Paid
SU14945,B09130,S0128,2025-10-10,1,5,Paid
SU14946,B08177,S0068,2024-02-18,1,0,Paid
SU14947,B00231,S0090,2025-09-03,6,15,Paid
SU14948,B08441,S0050,2024-07-04,3,15,Paid
SU14949,B08310,S0056,2026-02-10,2,5,Paid
SU14950,B04002,S0121,2026-08-06,5,15,Paid
SU14951,B08362,S0015,2026-07-14,1,0,Paid
SU14952,B08241,S0141,2026-06-05,1,25,Pending
SU14953,B08852,S0109,2025-10-11,2,5,Paid
SU14954,B03445,S0116,2026-05-03,2,0,Paid
SU14955,B04610,S0035,2024-11-17,6,15,Complimentary
SU14956,B02805,S0118,2025-06-06,8,15,Paid
SU14957,B05731,S0146,2025-12-24,4,10,Paid
SU14958,B02433,S0105,2025-11-02,5,10,Paid
SU14959,B05082,S0090,2026-03-01,5,0,Paid
SU14960,B05360,S0050,2025-03-06,5,0,Paid
SU14961,B02947,S0108,2026-08-29,5,0,Paid
SU14962,B01528,S0107,2025-10-18,5,5,Paid
SU14963,B03326,S0116,2026-07-25,1,10,Paid
SU14964,B03083,S0086,2026-03-11,6,5,Paid
SU14965,B02426,S0088,2025-01-09,3,5,Paid
SU14966,B04272,S0109,2026-07-14,4,5,Paid
SU14967,B08857,S0029,2025-04-26,5,5,Paid
SU14968,B04252,S0031,2024-08-11,1,10,Paid
SU14969,B07961,S0035,2026-01-09,1,10,Paid
SU14970,B02231,S0109,2025-07-09,6,15,Paid
SU14971,B08387,S0093,2024-11-14,1,0,Paid
SU14972,B05198,S0057,2025-10-16,5,0,Paid
SU14973,B02146,S0020,2025-07-05,2,5,Paid
SU14974,B00607,S0114,2026-04-17,1,0,Paid
SU14975,B02710,S0026,2024-04-10,1,5,Paid
SU14976,B07465,S0028,2025-11-04,3,0,Paid
SU14977,B00131,S0150,2025-06-21,1,0,Paid
SU14978,B07036,S0139,2025-11-06,4,10,Paid
SU14979,B05731,S0148,2025-12-26,3,0,Paid
SU14980,B01354,S0023,2026-04-08,1,10,Paid
SU14981,B04734,S0039,2026-07-15,2,0,Paid
SU14982,B03078,S0151,2026-04-19,1,10,Paid
SU14983,B05282,S0036,2024-07-18,3,0,Paid
SU14984,B07194,S0027,2026-03-11,3,5,Paid
SU14985,B08765,S0038,2025-07-02,1,0,Paid
SU14986,B05883,S0044,2025-02-10,1,0,Paid
SU14987,B01894,S0062,2025-02-12,3,0,Paid
SU14988,B06642,S0120,2025-11-16,1,5,Paid
SU14989,B04376,S0073,2026-07-22,3,10,Paid
SU14990,B04189,S0048,2024-03-05,4,20,Paid
SU14991,B02830,S0010,2025-08-07,3,5,Paid
SU14992,B06864,S0057,2026-07-30,3,5,Paid
SU14993,B06683,S0117,2024-07-23,3,10,Paid
SU14994,B08200,S0031,2024-05-23,1,5,Paid
SU14995,B01936,S0109,2026-05-25,2,5,Paid
SU14996,B03782,S0074,2025-05-12,1,0,Paid
SU14997,B09459,S0136,2025-07-22,2,5,Pending
SU14998,B04771,S0112,2026-07-20,2,0,Paid
SU14999,B08419,S0030,2024-09-17,1,5,Paid
SU15000,B06200,S0051,2024-06-27,6,0,Paid
SU15001,B03889,S0015,2026-08-21,1,5,Paid
SU15002,B01067,S0035,2026-08-02,2,5,Paid
SU15003,B06612,S0116,2026-08-22,2,10,Paid
SU15004,B00895,S0029,2025-05-30,4,5,Paid
SU15005,B06684,S0146,2024-05-10,2,5,Paid
SU15006,B03252,S0121,2026-08-13,1,0,Pending
SU15007,B01168,S0063,2026-03-26,1,10,Paid
SU15008,B01619,S0073,2025-06-07,2,0,Paid
SU15009,B00458,S0048,2025-03-25,4,10,Paid
SU15010,B08663,S0028,2026-06-23,1,0,Paid
SU15011,B04665,S0040,2025-02-04,4,0,Paid
SU15012,B02029,S0115,2025-02-13,5,0,Paid
SU15013,B07176,S0090,2026-08-13,4,0,Paid
SU15014,B03164,S0028,2024-12-25,1,5,Paid
SU15015,B02543,S0043,2024-01-23,4,0,Paid
SU15016,B00405,S0127,2026-07-09,5,10,Paid
SU15017,B08116,S0021,2025-07-09,1,5,Paid
SU15018,B09815,S0136,2026-08-27,3,5,Paid
SU15019,B00451,S0090,2025-11-20,1,0,Paid
SU15020,B03801,S0149,2026-01-01,3,10,Paid
SU15021,B01247,S0151,2025-11-28,1,0,Paid
SU15022,B05825,S0086,2026-05-05,3,5,Paid
SU15023,B04212,S0032,2024-01-29,1,0,Paid
SU15024,B06886,S0022,2025-05-27,1,0,Paid
SU15025,B01139,S0023,2026-07-31,1,0,Paid
SU15026,B04648,S0020,2026-05-17,1,0,Paid
SU15027,B05356,S0124,2024-10-17,2,0,Paid
SU15028,B02286,S0110,2025-05-11,4,10,Paid
SU15029,B02143,S0094,2026-08-10,1,0,Paid
SU15030,B00729,S0023,2026-08-27,2,0,Paid
SU15031,B09097,S0048,2025-10-19,5,0,Paid
SU15032,B02614,S0009,2026-06-12,1,0,Paid
SU15033,B09547,S0085,2024-09-19,1,5,Paid
SU15034,B00656,S0031,2026-07-02,1,0,Paid
SU15035,B02268,S0114,2026-08-11,8,15,Paid
SU15036,B03638,S0034,2025-05-26,2,10,Paid
SU15037,B02601,S0025,2024-03-27,6,10,Paid
SU15038,B08998,S0002,2025-12-24,2,10,Paid
SU15039,B05326,S0101,2026-05-07,2,0,Paid
SU15040,B03719,S0138,2025-11-15,1,0,Paid
SU15041,B04804,S0038,2025-09-21,1,15,Paid
SU15042,B04129,S0116,2026-05-30,1,5,Paid
SU15043,B08064,S0014,2026-08-27,5,15,Paid
SU15044,B09478,S0110,2025-08-14,2,5,Paid
SU15045,B01441,S0007,2025-12-07,1,10,Paid
SU15046,B04451,S0112,2025-11-02,3,5,Paid
SU15047,B01569,S0073,2026-01-23,2,25,Paid
SU15048,B09854,S0086,2025-12-26,3,10,Paid
SU15049,B05025,S0086,2026-04-20,2,25,Paid
SU15050,B05041,S0122,2026-01-04,4,5,Paid
SU15051,B04090,S0026,2026-07-04,4,5,Complimentary
SU15052,B00516,S0135,2026-05-29,4,15,Paid
SU15053,B08035,S0116,2026-04-12,1,10,Paid
SU15054,B05010,S0019,2026-06-13,5,10,Pending
SU15055,B03350,S0063,2025-02-22,3,25,Paid
SU15056,B07881,S0108,2024-12-27,3,10,Complimentary
SU15057,B09408,S0037,2024-09-20,3,25,Pending
SU15058,B01735,S0138,2026-04-27,1,10,Paid
SU15059,B05162,S0001,2024-09-15,3,15,Paid
SU15060,B00819,S0087,2026-05-29,2,5,Paid
SU15061,B00916,S0116,2026-01-23,3,5,Paid
SU15062,B04122,S0031,2026-08-21,1,15,Paid
SU15063,B00316,S0036,2026-02-18,3,20,Paid
SU15064,B06092,S0003,2026-03-04,1,10,Complimentary
SU15065,B00785,S0061,2026-07-08,3,10,Complimentary
SU15066,B07428,S0109,2026-07-15,3,0,Paid
SU15067,B02047,S0023,2026-03-19,2,25,Pending
SU15068,B01803,S0118,2026-02-02,10,10,Paid
SU15069,B06201,S0126,2025-11-05,1,0,Paid
SU15070,B04556,S0126,2026-07-29,3,5,Paid
SU15071,B05483,S0092,2026-07-24,2,0,Paid
SU15072,B06219,S0127,2025-12-22,3,5,Paid
SU15073,B04485,S0047,2026-06-14,2,15,Paid
SU15074,B00971,S0059,2026-07-29,1,15,Pending
SU15075,B03700,S0053,2026-05-22,1,0,Paid
SU15076,B08542,S0092,2025-06-17,1,0,Paid
SU15077,B04847,S0011,2025-09-17,4,5,Paid
SU15078,B01949,S0110,2025-08-09,3,5,Paid
SU15079,B01151,S0127,2026-02-19,3,15,Paid
SU15080,B02935,S0002,2025-06-13,5,25,Pending
SU15081,B03578,S0011,2025-11-24,3,0,Paid
SU15082,B06654,S0029,2025-12-07,1,10,Paid
SU15083,B04759,S0020,2025-10-21,1,10,Paid
SU15084,B05921,S0093,2024-08-21,5,15,Paid
SU15085,B04690,S0096,2024-10-21,1,0,Paid
SU15086,B06705,S0090,2026-08-19,1,0,Paid
SU15087,B03802,S0048,2026-01-22,4,10,Paid
SU15088,B07157,S0075,2025-08-02,2,5,Paid
SU15089,B08594,S0036,2024-06-17,3,0,Paid
SU15090,B04585,S0007,2024-07-03,2,5,Paid
SU15091,B07774,S0021,2024-07-16,2,0,Paid
SU15092,B03136,S0038,2026-08-30,1,5,Paid
SU15093,B05257,S0146,2025-09-02,4,0,Paid
SU15094,B08735,S0029,2026-02-26,1,0,Paid
SU15095,B00628,S0011,2025-12-07,1,20,Paid
SU15096,B06199,S0102,2025-04-14,1,10,Paid
SU15097,B04200,S0148,2025-12-11,6,0,Paid
SU15098,B06822,S0096,2025-04-19,3,5,Paid
SU15099,B00515,S0130,2026-08-23,1,0,Paid
SU15100,B07562,S0063,2024-06-23,1,0,Paid
SU15101,B03124,S0001,2024-08-23,2,10,Paid
SU15102,B03799,S0024,2025-10-28,6,5,Paid
SU15103,B09130,S0130,2025-10-08,4,0,Paid
SU15104,B05772,S0035,2026-06-19,5,5,Paid
SU15105,B03284,S0050,2024-09-24,6,5,Paid
SU15106,B03777,S0098,2026-01-05,3,5,Paid
SU15107,B08840,S0096,2025-10-15,6,0,Paid
SU15108,B05995,S0110,2024-04-30,1,0,Paid
SU15109,B02358,S0021,2026-08-29,2,20,Paid
SU15110,B05069,S0003,2024-02-08,6,5,Paid
SU15111,B00523,S0135,2024-05-18,1,10,Paid
SU15112,B07958,S0043,2026-02-08,2,5,Paid
SU15113,B05812,S0090,2025-08-21,8,0,Paid
SU15114,B07815,S0048,2026-06-25,5,5,Paid
SU15115,B03556,S0090,2026-08-27,8,0,Paid
SU15116,B08488,S0022,2026-02-16,1,10,Pending
SU15117,B05102,S0020,2025-04-13,1,5,Paid
SU15118,B01549,S0072,2024-09-17,4,0,Paid
SU15119,B06449,S0061,2026-08-25,3,20,Paid
SU15120,B08098,S0099,2025-12-13,2,5,Paid
SU15121,B05963,S0007,2025-08-19,1,0,Paid
SU15122,B00056,S0002,2025-12-18,2,0,Paid
SU15123,B03308,S0007,2026-04-07,2,15,Paid
SU15124,B03713,S0050,2024-07-28,2,10,Paid
SU15125,B06294,S0053,2026-07-14,2,25,Paid
SU15126,B02461,S0033,2026-05-06,3,0,Paid
SU15127,B00423,S0028,2026-07-18,2,0,Paid
SU15128,B04452,S0080,2024-06-18,2,0,Pending
SU15129,B00886,S0050,2026-06-03,4,5,Pending
SU15130,B02836,S0037,2024-06-04,2,5,Paid
SU15131,B03182,S0124,2026-08-08,3,10,Paid
SU15132,B09156,S0120,2024-09-06,4,0,Paid
SU15133,B08353,S0048,2024-08-07,3,0,Paid
SU15134,B01056,S0105,2026-06-18,1,5,Paid
SU15135,B09838,S0025,2025-06-08,2,0,Paid
SU15136,B02149,S0002,2026-08-26,2,5,Paid
SU15137,B07949,S0027,2026-04-12,1,0,Paid
SU15138,B00392,S0120,2026-07-01,2,5,Pending
SU15139,B09787,S0029,2026-03-26,4,0,Paid
SU15140,B05814,S0122,2025-04-05,4,5,Paid
SU15141,B03445,S0118,2026-05-03,1,0,Paid
SU15142,B04485,S0043,2026-06-14,1,0,Paid
SU15143,B01254,S0061,2026-06-02,4,10,Paid
SU15144,B03905,S0095,2024-08-15,10,0,Paid
SU15145,B02690,S0099,2026-08-14,2,5,Paid
SU15146,B02186,S0042,2024-02-11,3,0,Pending
SU15147,B09141,S0068,2026-06-06,4,10,Pending
SU15148,B02066,S0124,2026-07-18,1,5,Paid
SU15149,B07204,S0019,2026-08-30,1,20,Paid
SU15150,B02889,S0029,2025-12-17,2,5,Paid
SU15151,B03688,S0092,2026-08-11,4,10,Paid
SU15152,B00458,S0052,2025-03-23,2,15,Paid
SU15153,B09439,S0025,2024-03-22,5,10,Paid
SU15154,B04438,S0027,2025-12-02,2,15,Paid
SU15155,B06323,S0096,2026-04-09,10,0,Paid
SU15156,B03916,S0061,2024-12-11,4,25,Paid
SU15157,B03564,S0012,2025-06-29,3,5,Paid
SU15158,B08381,S0121,2024-10-14,6,0,Paid
SU15159,B04980,S0028,2026-01-05,2,0,Paid
SU15160,B07334,S0048,2024-05-13,3,5,Paid
SU15161,B09474,S0050,2025-10-13,3,0,Paid
SU15162,B08453,S0118,2026-01-06,4,0,Paid
SU15163,B04820,S0103,2025-01-12,3,0,Pending
SU15164,B09943,S0097,2025-08-05,6,15,Paid
SU15165,B03026,S0136,2026-07-04,4,0,Paid
SU15166,B07752,S0114,2025-12-12,8,5,Complimentary
SU15167,B06890,S0118,2025-03-05,10,0,Paid
SU15168,B01778,S0069,2026-03-17,1,0,Paid
SU15169,B03115,S0106,2026-03-30,2,10,Paid
SU15170,B07475,S0028,2026-07-16,1,5,Paid
SU15171,B03968,S0002,2024-06-01,5,25,Paid
SU15172,B00187,S0051,2025-01-28,2,0,Paid
SU15173,B09916,S0038,2025-04-03,1,5,Pending
SU15174,B07401,S0123,2026-03-22,2,5,Paid
SU15175,B07976,S0147,2026-02-17,4,10,Paid
SU15176,B09398,S0021,2025-01-29,2,0,Paid
SU15177,B09942,S0059,2024-09-03,1,5,Paid
SU15178,B04573,S0002,2025-07-13,4,0,Paid
SU15179,B09661,S0151,2026-08-06,3,10,Paid
SU15180,B04401,S0034,2025-11-24,2,10,Paid
SU15181,B06825,S0047,2026-03-17,1,5,Paid
SU15182,B00711,S0116,2024-12-31,1,0,Paid
SU15183,B01689,S0072,2025-07-13,1,0,Paid
SU15184,B00693,S0030,2026-07-30,1,0,Paid
SU15185,B01098,S0065,2026-04-06,2,0,Complimentary
SU15186,B02676,S0114,2025-12-11,1,5,Paid
SU15187,B08627,S0116,2025-10-30,2,5,Paid
SU15188,B00108,S0126,2024-04-05,1,0,Paid
SU15189,B06464,S0108,2025-08-18,3,15,Paid
SU15190,B08720,S0113,2025-08-17,3,0,Paid
SU15191,B06202,S0042,2024-12-15,6,10,Paid
SU15192,B00295,S0050,2025-09-20,2,10,Paid
SU15193,B00281,S0108,2026-02-19,2,15,Paid
SU15194,B02150,S0003,2024-03-20,5,10,Pending
SU15195,B03596,S0071,2024-12-22,2,0,Paid
SU15196,B02596,S0028,2024-02-15,4,15,Paid
SU15197,B01888,S0126,2025-10-08,1,0,Pending
SU15198,B09317,S0099,2026-07-27,1,0,Paid
SU15199,B02644,S0026,2025-10-27,2,0,Paid
SU15200,B02032,S0023,2026-02-02,2,0,Paid
SU15201,B00580,S0037,2024-06-17,1,20,Paid
SU15202,B08184,S0091,2025-04-18,5,0,Paid
SU15203,B04214,S0027,2025-04-20,5,0,Paid
SU15204,B08141,S0086,2026-08-26,5,0,Paid
SU15205,B06211,S0097,2026-03-02,3,5,Paid
SU15206,B03958,S0031,2026-07-03,2,5,Paid
SU15207,B00014,S0149,2024-08-04,4,0,Paid
SU15208,B03284,S0048,2024-09-24,3,10,Paid
SU15209,B04817,S0108,2024-09-10,2,10,Paid
SU15210,B03334,S0028,2026-07-28,2,0,Paid
SU15211,B03805,S0026,2024-05-23,1,0,Paid
SU15212,B03562,S0049,2025-12-15,1,5,Pending
SU15213,B01453,S0092,2025-12-09,1,10,Paid
SU15214,B05118,S0005,2024-06-19,1,10,Paid
SU15215,B09651,S0054,2026-08-29,4,5,Paid
SU15216,B01465,S0004,2025-09-21,1,0,Paid
SU15217,B02048,S0026,2026-07-20,8,5,Paid
SU15218,B04629,S0031,2024-12-12,1,0,Paid
SU15219,B07695,S0023,2026-02-23,2,0,Paid
SU15220,B01279,S0026,2025-08-20,8,5,Paid
SU15221,B04163,S0028,2025-10-08,5,0,Paid
SU15222,B03860,S0116,2026-06-09,2,0,Paid
SU15223,B05940,S0069,2025-11-04,1,20,Paid
SU15224,B05087,S0034,2026-06-09,3,5,Paid
SU15225,B07233,S0049,2025-08-13,1,5,Paid
SU15226,B02383,S0090,2025-09-06,6,10,Paid
SU15227,B03758,S0015,2025-06-26,3,5,Paid
SU15228,B08477,S0029,2026-07-07,3,10,Complimentary
SU15229,B06849,S0097,2026-01-27,5,0,Paid
SU15230,B01884,S0046,2024-10-05,3,0,Paid
SU15231,B08738,S0093,2026-04-11,4,10,Paid
SU15232,B00930,S0060,2026-08-11,6,0,Paid
SU15233,B06177,S0151,2026-07-13,3,10,Paid
SU15234,B09926,S0150,2024-08-13,1,0,Paid
SU15235,B03031,S0074,2024-01-15,2,5,Paid
SU15236,B00788,S0111,2025-05-29,1,25,Pending
SU15237,B07953,S0077,2026-03-30,2,0,Paid
SU15238,B09122,S0026,2024-10-10,5,0,Paid
SU15239,B05779,S0024,2026-02-04,1,5,Paid
SU15240,B06533,S0041,2026-01-24,3,5,Paid
SU15241,B01216,S0098,2025-04-16,1,0,Pending
SU15242,B09117,S0112,2024-04-28,2,15,Paid
SU15243,B02092,S0095,2025-03-03,4,5,Paid
SU15244,B05157,S0087,2026-04-16,4,0,Paid
SU15245,B02883,S0088,2025-05-11,1,5,Paid
SU15246,B08813,S0086,2026-05-29,3,5,Paid
SU15247,B00451,S0090,2025-11-20,3,0,Paid
SU15248,B06916,S0096,2025-10-05,5,5,Paid
SU15249,B04916,S0105,2026-07-14,8,0,Paid
SU15250,B00192,S0092,2025-05-20,3,0,Paid
SU15251,B03950,S0059,2024-06-25,2,5,Paid
SU15252,B06981,S0107,2025-09-18,4,0,Paid
SU15253,B01197,S0045,2025-01-10,1,5,Paid
SU15254,B05994,S0109,2026-08-24,2,0,Paid
SU15255,B08418,S0022,2026-03-16,1,0,Paid
SU15256,B02225,S0089,2025-07-18,2,10,Paid
SU15257,B04277,S0052,2024-01-07,1,0,Paid
SU15258,B04411,S0151,2026-01-06,2,15,Paid
SU15259,B08902,S0115,2025-03-08,1,5,Paid
SU15260,B05835,S0028,2026-02-19,3,5,Complimentary
SU15261,B07439,S0022,2026-01-21,2,0,Paid
SU15262,B00835,S0025,2025-02-10,5,10,Paid
SU15263,B08390,S0051,2025-10-24,4,0,Paid
SU15264,B02689,S0020,2026-06-17,1,25,Paid
SU15265,B05372,S0017,2025-06-20,4,5,Pending
SU15266,B06059,S0034,2024-12-16,2,10,Paid
SU15267,B07187,S0146,2026-08-03,2,15,Paid
SU15268,B04087,S0026,2025-10-06,4,10,Paid
SU15269,B03161,S0091,2024-12-27,10,5,Paid
SU15270,B07824,S0116,2024-08-08,1,15,Paid
SU15271,B02749,S0003,2026-04-13,2,5,Paid
SU15272,B07565,S0116,2025-09-25,1,10,Paid
SU15273,B09123,S0040,2025-06-09,2,0,Paid
SU15274,B06969,S0030,2026-07-26,2,0,Pending
SU15275,B06925,S0027,2026-03-02,5,10,Paid
SU15276,B04284,S0044,2024-12-05,1,15,Paid
SU15277,B08372,S0088,2024-02-06,3,10,Paid
SU15278,B01033,S0057,2025-12-05,2,5,Paid
SU15279,B07760,S0108,2026-03-22,5,15,Pending
SU15280,B03303,S0025,2024-06-12,6,15,Paid
SU15281,B01016,S0043,2026-03-05,5,10,Pending
SU15282,B01550,S0018,2024-01-27,4,5,Paid
SU15283,B09723,S0030,2026-01-25,1,0,Paid
SU15284,B01161,S0002,2026-02-16,4,20,Pending
SU15285,B03796,S0003,2026-03-13,5,5,Paid
SU15286,B05151,S0015,2025-07-03,1,25,Paid
SU15287,B09661,S0151,2026-08-08,2,0,Pending
SU15288,B01114,S0109,2026-07-08,2,0,Paid
SU15289,B01081,S0099,2025-09-02,1,5,Paid
SU15290,B09481,S0098,2025-10-27,3,0,Pending
SU15291,B03117,S0040,2024-02-11,2,20,Paid
SU15292,B05327,S0052,2024-07-08,1,10,Pending
SU15293,B08939,S0055,2025-06-21,1,0,Paid
SU15294,B03760,S0100,2024-09-03,3,10,Pending
SU15295,B02672,S0121,2024-12-25,4,15,Paid
SU15296,B04062,S0107,2026-02-16,2,10,Paid
SU15297,B02924,S0122,2026-01-18,2,10,Paid
SU15298,B01112,S0003,2025-06-11,6,0,Paid
SU15299,B04959,S0034,2024-04-08,1,10,Paid
SU15300,B00810,S0106,2024-10-29,1,0,Paid
SU15301,B08326,S0122,2026-04-07,3,0,Paid
SU15302,B01849,S0035,2025-07-27,2,10,Paid
SU15303,B09841,S0025,2025-07-11,3,5,Complimentary
SU15304,B01593,S0106,2026-03-29,5,0,Paid
SU15305,B09932,S0036,2025-01-07,1,0,Pending
SU15306,B03876,S0019,2025-06-25,5,25,Paid
SU15307,B08414,S0036,2025-01-09,3,10,Paid
SU15308,B03549,S0112,2026-03-27,2,5,Paid
SU15309,B05574,S0052,2026-04-02,1,0,Paid
SU15310,B02225,S0088,2025-07-18,2,0,Paid
SU15311,B04406,S0114,2026-01-27,2,0,Paid
SU15312,B06767,S0050,2026-05-19,3,0,Paid
SU15313,B09901,S0110,2025-11-02,2,5,Pending
SU15314,B04346,S0122,2025-02-11,4,10,Paid
SU15315,B03519,S0139,2025-06-23,2,0,Paid
SU15316,B05668,S0026,2026-08-14,8,20,Paid
SU15317,B02251,S0065,2024-10-31,2,0,Paid
SU15318,B00957,S0038,2025-12-05,1,0,Paid
SU15319,B06111,S0033,2026-04-23,3,0,Paid
SU15320,B01508,S0046,2026-05-10,1,5,Paid
SU15321,B07802,S0107,2026-06-28,4,5,Paid
SU15322,B02414,S0125,2024-07-14,3,0,Paid
SU15323,B01186,S0112,2024-01-22,3,0,Paid
SU15324,B09771,S0116,2025-08-05,2,10,Paid
SU15325,B07385,S0036,2026-06-10,1,0,Paid
SU15326,B06056,S0109,2024-12-08,1,5,Paid
SU15327,B05164,S0060,2025-07-24,4,25,Paid
SU15328,B04233,S0017,2026-07-21,6,20,Paid
SU15329,B08208,S0091,2026-02-28,2,25,Paid
SU15330,B07941,S0038,2025-02-22,3,0,Paid
SU15331,B07381,S0036,2026-07-04,1,0,Paid
SU15332,B01230,S0039,2026-03-16,1,0,Paid
SU15333,B02738,S0087,2026-07-19,1,0,Paid
SU15334,B07046,S0010,2026-05-30,2,5,Paid
SU15335,B04289,S0006,2026-07-11,1,15,Paid
SU15336,B02041,S0008,2026-07-09,2,5,Paid
SU15337,B04237,S0065,2024-12-11,5,0,Paid
SU15338,B01984,S0014,2026-05-14,6,0,Paid
SU15339,B03914,S0148,2024-03-04,1,5,Paid
SU15340,B04770,S0116,2026-03-17,1,15,Paid
SU15341,B06876,S0041,2025-10-26,3,5,Paid
SU15342,B07827,S0017,2026-03-15,3,10,Paid
SU15343,B06748,S0028,2024-09-09,3,0,Paid
SU15344,B09571,S0029,2024-10-03,2,0,Paid
SU15345,B01622,S0090,2026-05-12,3,5,Paid
SU15346,B04443,S0009,2025-12-31,1,0,Paid
SU15347,B01738,S0046,2026-07-02,3,5,Pending
SU15348,B01044,S0031,2026-08-22,1,10,Paid
SU15349,B09271,S0005,2025-10-29,1,20,Paid
SU15350,B01962,S0128,2025-06-23,3,10,Pending
SU15351,B02260,S0027,2026-05-07,2,10,Paid
SU15352,B03309,S0017,2026-05-07,2,5,Pending
SU15353,B06210,S0015,2026-03-03,1,15,Paid
SU15354,B04477,S0122,2026-08-05,2,5,Paid
SU15355,B07114,S0027,2025-05-27,3,0,Paid
SU15356,B06615,S0118,2026-08-27,5,0,Paid
SU15357,B05058,S0019,2025-10-25,1,15,Paid
SU15358,B04763,S0017,2024-06-29,2,15,Paid
SU15359,B08068,S0061,2026-03-05,2,10,Complimentary
SU15360,B00603,S0026,2024-12-26,6,10,Paid
SU15361,B00287,S0040,2024-11-12,2,5,Paid
SU15362,B00110,S0091,2024-12-03,2,0,Paid
SU15363,B01003,S0019,2024-08-20,5,15,Paid
SU15364,B06184,S0014,2026-08-02,6,0,Paid
SU15365,B07879,S0102,2025-10-17,10,5,Paid
SU15366,B04827,S0030,2025-08-03,1,5,Complimentary
SU15367,B07787,S0030,2024-01-17,2,5,Paid
SU15368,B05304,S0022,2024-09-02,1,10,Paid
SU15369,B01161,S0007,2026-02-17,1,0,Paid
SU15370,B09971,S0018,2024-01-24,2,0,Paid
SU15371,B08513,S0133,2026-04-12,2,20,Paid
SU15372,B07606,S0116,2024-07-07,1,5,Paid
SU15373,B00509,S0008,2025-12-30,3,15,Paid
SU15374,B02527,S0146,2026-04-27,4,0,Paid
SU15375,B04726,S0022,2024-02-01,2,0,Paid
SU15376,B06855,S0092,2025-03-28,1,20,Paid
SU15377,B04341,S0035,2026-03-19,3,0,Paid
SU15378,B08594,S0038,2024-06-17,1,10,Paid
SU15379,B06652,S0083,2025-05-02,5,10,Pending
SU15380,B04610,S0038,2024-11-18,1,5,Paid
SU15381,B07353,S0093,2024-10-29,2,25,Paid
SU15382,B07481,S0003,2026-01-29,6,5,Paid
SU15383,B09120,S0054,2025-11-27,3,0,Paid
SU15384,B07861,S0094,2026-06-14,1,0,Pending
SU15385,B09592,S0017,2026-01-28,2,20,Pending
SU15386,B04086,S0112,2026-02-06,1,5,Paid
SU15387,B01587,S0089,2024-07-08,1,0,Paid
SU15388,B00333,S0127,2025-09-16,1,10,Pending
SU15389,B09436,S0037,2025-09-01,1,15,Paid
SU15390,B08640,S0115,2026-04-16,4,5,Paid
SU15391,B03556,S0086,2026-08-27,4,10,Paid
SU15392,B02091,S0103,2026-08-08,2,0,Paid
SU15393,B01244,S0124,2024-09-05,1,0,Paid
SU15394,B07722,S0105,2026-04-23,3,0,Paid
SU15395,B02867,S0114,2026-04-02,2,0,Paid
SU15396,B00325,S0115,2026-03-26,3,15,Paid
SU15397,B06107,S0028,2025-01-31,2,0,Paid
SU15398,B06400,S0110,2026-04-06,3,5,Paid
SU15399,B09995,S0014,2026-05-20,8,0,Paid
SU15400,B04719,S0010,2024-11-20,5,0,Paid
SU15401,B07342,S0150,2026-07-29,1,15,Paid
SU15402,B09755,S0039,2026-05-26,3,0,Paid
SU15403,B03995,S0003,2025-06-22,3,15,Paid
SU15404,B00037,S0147,2025-01-03,4,0,Paid
SU15405,B06366,S0086,2026-06-05,4,0,Paid
SU15406,B05088,S0021,2025-05-21,3,0,Paid
SU15407,B00937,S0003,2026-07-04,3,0,Paid
SU15408,B01959,S0039,2026-02-27,5,0,Paid
SU15409,B05199,S0104,2026-03-12,2,0,Paid
SU15410,B06955,S0009,2026-08-17,1,10,Paid
SU15411,B00153,S0096,2025-12-09,4,10,Paid
SU15412,B08753,S0127,2024-12-31,5,15,Paid
SU15413,B07079,S0110,2025-04-17,2,5,Paid
SU15414,B03969,S0029,2024-09-24,4,5,Paid
SU15415,B02203,S0104,2024-06-08,4,10,Paid
SU15416,B01030,S0119,2025-05-02,3,0,Paid
SU15417,B02555,S0033,2026-07-28,3,15,Paid
SU15418,B04090,S0031,2026-07-06,1,5,Paid
SU15419,B05254,S0117,2025-11-14,4,10,Paid
SU15420,B02025,S0037,2026-08-13,1,0,Paid
SU15421,B03325,S0022,2025-09-06,1,5,Paid
SU15422,B05413,S0071,2024-10-28,1,5,Paid
SU15423,B06374,S0058,2025-08-31,2,0,Paid
SU15424,B04101,S0074,2025-12-22,5,5,Paid
SU15425,B04416,S0046,2026-06-19,3,10,Paid
SU15426,B08483,S0064,2024-06-04,2,0,Paid
SU15427,B04533,S0052,2026-04-28,1,15,Paid
SU15428,B07791,S0044,2026-07-10,1,5,Paid
SU15429,B01043,S0010,2026-06-30,1,10,Paid
SU15430,B07636,S0089,2025-03-18,2,5,Paid
SU15431,B05399,S0118,2026-02-07,4,20,Paid
SU15432,B03514,S0114,2026-04-03,2,0,Paid
SU15433,B07899,S0123,2025-08-04,6,0,Paid
SU15434,B07653,S0090,2026-08-17,1,5,Paid
SU15435,B01500,S0089,2025-11-14,2,0,Paid
SU15436,B07964,S0052,2025-11-27,1,0,Paid
SU15437,B04858,S0015,2026-01-11,1,0,Paid
SU15438,B05727,S0074,2025-12-30,1,5,Paid
SU15439,B09402,S0067,2024-10-07,2,20,Paid
SU15440,B08772,S0095,2025-07-21,3,5,Pending
SU15441,B01322,S0008,2026-03-27,1,10,Paid
SU15442,B05055,S0092,2024-04-25,3,10,Paid
SU15443,B02535,S0038,2026-05-29,2,0,Paid
SU15444,B09127,S0045,2025-08-07,1,10,Paid
SU15445,B09814,S0112,2026-07-29,4,5,Paid
SU15446,B07729,S0042,2025-10-12,3,5,Paid
SU15447,B05282,S0034,2024-07-18,4,0,Paid
SU15448,B09945,S0111,2024-08-02,2,0,Paid
SU15449,B09684,S0051,2026-01-21,3,15,Paid
SU15450,B00367,S0005,2025-12-30,2,0,Paid
SU15451,B01814,S0112,2025-11-19,1,0,Paid
SU15452,B02157,S0098,2025-06-26,1,0,Paid
SU15453,B03873,S0021,2026-02-04,1,10,Paid
SU15454,B06598,S0110,2025-07-31,1,10,Paid
SU15455,B03415,S0040,2024-09-09,3,10,Paid
SU15456,B08433,S0053,2024-11-18,2,0,Paid
SU15457,B01929,S0086,2025-04-16,1,5,Paid
SU15458,B09200,S0115,2024-12-21,3,10,Paid
SU15459,B06191,S0044,2025-12-18,2,10,Paid
SU15460,B05760,S0125,2025-07-24,4,25,Paid
SU15461,B07627,S0127,2026-07-24,4,0,Paid
SU15462,B00678,S0059,2026-07-06,4,5,Paid
SU15463,B06188,S0007,2024-01-14,1,0,Paid
SU15464,B08169,S0107,2025-09-29,6,0,Paid
SU15465,B08310,S0054,2026-02-10,1,10,Paid
SU15466,B08258,S0016,2025-04-12,3,0,Paid
SU15467,B08942,S0116,2025-12-03,1,15,Paid
SU15468,B07708,S0050,2025-11-27,3,10,Paid
SU15469,B07147,S0059,2024-07-29,2,5,Paid
SU15470,B09054,S0038,2025-07-17,2,0,Paid
SU15471,B03916,S0061,2024-12-11,2,10,Paid
SU15472,B00990,S0045,2026-01-19,1,0,Paid
SU15473,B07123,S0050,2025-05-18,2,25,Paid
SU15474,B04416,S0044,2026-06-17,3,5,Paid
SU15475,B07747,S0035,2025-09-11,3,5,Paid
SU15476,B06209,S0036,2024-08-30,1,10,Paid
SU15477,B03907,S0027,2026-08-27,2,0,Paid
SU15478,B05967,S0123,2026-01-31,2,25,Paid
SU15479,B01520,S0101,2024-01-15,4,20,Paid
SU15480,B06018,S0087,2026-07-26,3,0,Paid
SU15481,B00043,S0086,2024-12-11,6,0,Paid
SU15482,B05713,S0124,2026-03-30,1,0,Paid
SU15483,B06593,S0151,2026-07-21,1,0,Complimentary
SU15484,B00265,S0030,2025-04-02,2,15,Paid
SU15485,B04487,S0118,2025-11-15,2,20,Paid
SU15486,B09482,S0097,2026-05-08,5,5,Paid
SU15487,B05782,S0065,2026-06-07,3,0,Paid
SU15488,B09355,S0058,2026-07-07,2,5,Paid
SU15489,B01112,S0008,2025-06-14,1,0,Paid
SU15490,B03718,S0008,2026-01-08,1,5,Paid
SU15491,B07748,S0115,2025-09-01,3,10,Paid
SU15492,B03344,S0049,2024-09-27,1,15,Paid
SU15493,B03703,S0116,2026-07-05,1,0,Paid
SU15494,B06163,S0096,2025-06-11,3,0,Paid
SU15495,B08918,S0099,2026-05-07,1,0,Paid
SU15496,B04604,S0037,2024-06-22,3,10,Paid
SU15497,B09403,S0030,2024-12-11,1,0,Paid
SU15498,B05933,S0040,2026-01-20,2,0,Paid
SU15499,B01583,S0090,2024-03-29,3,0,Paid
SU15500,B01612,S0119,2024-02-26,4,15,Paid
SU15501,B01068,S0036,2025-11-28,1,0,Paid
SU15502,B04056,S0050,2026-05-02,2,5,Paid
SU15503,B02131,S0020,2026-02-17,1,5,Paid
SU15504,B02759,S0107,2024-11-26,2,10,Paid
SU15505,B07910,S0029,2026-01-16,4,10,Paid
SU15506,B00357,S0050,2025-04-10,4,5,Pending
SU15507,B01449,S0031,2026-05-30,2,0,Paid
SU15508,B03169,S0033,2025-07-10,2,5,Paid
SU15509,B03387,S0005,2026-08-29,3,5,Paid
SU15510,B07958,S0048,2026-02-09,6,10,Paid
SU15511,B07151,S0145,2026-01-07,2,15,Paid
SU15512,B04537,S0069,2026-02-14,2,10,Paid
SU15513,B06715,S0043,2026-06-30,1,10,Paid
SU15514,B07737,S0108,2026-06-09,4,25,Paid
SU15515,B06515,S0025,2026-05-25,4,0,Paid
SU15516,B01277,S0130,2025-12-09,1,0,Paid
SU15517,B09624,S0092,2025-04-29,4,10,Paid
SU15518,B01519,S0107,2025-12-31,2,10,Paid
SU15519,B08742,S0104,2026-05-20,5,0,Paid
SU15520,B05624,S0051,2026-06-02,4,5,Paid
SU15521,B00107,S0069,2026-01-02,2,5,Paid
SU15522,B07144,S0047,2024-12-31,2,15,Paid
SU15523,B05869,S0027,2026-05-19,4,5,Complimentary
SU15524,B06685,S0045,2025-01-18,2,15,Complimentary
SU15525,B00934,S0090,2025-05-01,8,0,Paid
SU15526,B05348,S0063,2026-04-03,2,25,Paid
SU15527,B01449,S0028,2026-06-02,2,0,Paid
SU15528,B05743,S0101,2026-01-12,3,10,Paid
SU15529,B03307,S0126,2026-04-18,2,15,Paid
SU15530,B02657,S0093,2026-02-02,2,15,Paid
SU15531,B04247,S0031,2026-08-30,1,0,Paid
SU15532,B07779,S0134,2024-07-22,5,5,Paid
SU15533,B07423,S0151,2024-05-13,1,15,Paid
SU15534,B08318,S0147,2024-09-12,8,25,Paid
SU15535,B00550,S0009,2026-03-15,2,5,Paid
SU15536,B02533,S0096,2025-09-02,10,10,Paid
SU15537,B08923,S0012,2026-03-13,1,15,Paid
SU15538,B02618,S0028,2026-02-01,5,0,Paid
SU15539,B07832,S0056,2026-02-28,3,0,Paid
SU15540,B05074,S0064,2026-04-05,3,20,Paid
SU15541,B07238,S0050,2025-08-29,2,15,Complimentary
SU15542,B06307,S0117,2024-09-02,2,10,Paid
SU15543,B06631,S0117,2024-11-19,6,10,Paid
SU15544,B06232,S0027,2026-08-22,4,0,Complimentary
SU15545,B09905,S0109,2026-07-29,3,5,Paid
SU15546,B05594,S0108,2024-02-03,6,5,Paid
SU15547,B03229,S0011,2025-08-11,1,15,Paid
SU15548,B00303,S0123,2024-09-30,2,20,Paid
SU15549,B05643,S0089,2024-10-10,1,5,Paid
SU15550,B02991,S0107,2026-05-22,4,15,Paid
SU15551,B07405,S0053,2025-09-30,1,10,Paid
SU15552,B09681,S0150,2025-09-28,1,5,Paid
SU15553,B03241,S0043,2026-01-10,2,0,Pending
SU15554,B04733,S0054,2026-01-05,3,5,Pending
SU15555,B07316,S0048,2024-01-17,4,25,Paid
SU15556,B04960,S0042,2026-01-30,1,0,Paid
SU15557,B02207,S0006,2024-03-24,3,5,Paid
SU15558,B02856,S0012,2025-10-24,1,0,Paid
SU15559,B05936,S0072,2025-09-21,3,10,Paid
SU15560,B09962,S0002,2026-08-01,3,5,Paid
SU15561,B01154,S0012,2026-04-06,1,0,Paid
SU15562,B00813,S0030,2025-05-31,2,5,Paid
SU15563,B02136,S0011,2026-03-18,3,0,Paid
SU15564,B09458,S0093,2026-08-30,6,15,Paid
SU15565,B05521,S0039,2024-12-03,1,15,Paid
SU15566,B08649,S0116,2025-01-12,1,15,Paid
SU15567,B04291,S0005,2024-09-07,1,5,Paid
SU15568,B02478,S0118,2024-04-13,8,10,Paid
SU15569,B09400,S0038,2025-11-14,1,5,Paid
SU15570,B09201,S0117,2024-04-10,2,5,Paid
SU15571,B01616,S0089,2024-03-15,1,0,Paid
SU15572,B03883,S0003,2026-05-05,2,0,Paid
SU15573,B06406,S0092,2025-04-01,3,0,Paid
SU15574,B08320,S0002,2025-03-19,3,0,Paid
SU15575,B01921,S0025,2025-02-02,2,15,Paid
SU15576,B08100,S0023,2025-04-08,2,20,Paid
SU15577,B06776,S0112,2026-08-27,2,0,Paid
SU15578,B09106,S0093,2025-07-22,2,10,Paid
SU15579,B05273,S0140,2025-11-05,1,20,Paid
SU15580,B06038,S0015,2024-10-26,1,15,Pending
SU15581,B08374,S0107,2025-05-04,6,0,Paid
SU15582,B06395,S0059,2026-02-23,4,10,Paid
SU15583,B02385,S0115,2025-08-13,1,5,Pending
SU15584,B06558,S0030,2025-12-21,1,5,Paid
SU15585,B06346,S0072,2026-04-29,6,10,Paid
SU15586,B02612,S0029,2025-11-09,3,0,Complimentary
SU15587,B02856,S0021,2025-10-23,1,5,Paid
SU15588,B00990,S0049,2026-01-21,1,5,Paid
SU15589,B04545,S0037,2025-10-17,4,10,Paid
SU15590,B07635,S0027,2026-02-03,2,10,Complimentary
SU15591,B03053,S0048,2026-01-28,2,5,Paid
SU15592,B07606,S0117,2024-07-07,2,5,Paid
SU15593,B09626,S0043,2025-07-25,2,0,Paid
SU15594,B07951,S0135,2025-01-17,3,10,Paid
SU15595,B00332,S0051,2026-08-26,3,0,Paid
SU15596,B05387,S0082,2026-06-12,3,0,Paid
SU15597,B01567,S0142,2026-07-30,4,0,Paid
SU15598,B04574,S0017,2025-01-04,3,10,Paid
SU15599,B08566,S0051,2025-10-29,4,10,Paid
SU15600,B05759,S0007,2024-01-19,3,5,Paid
SU15601,B04262,S0095,2026-03-05,2,0,Paid
SU15602,B07999,S0094,2024-01-28,1,20,Paid
SU15603,B01002,S0006,2024-06-07,4,5,Paid
SU15604,B03799,S0026,2025-10-25,2,25,Paid
SU15605,B05441,S0105,2026-03-28,2,5,Paid
SU15606,B04877,S0008,2026-07-20,3,0,Paid
SU15607,B07286,S0035,2025-06-25,2,20,Complimentary
SU15608,B07812,S0148,2025-08-20,2,0,Paid
SU15609,B08297,S0013,2026-05-06,2,10,Paid
SU15610,B09782,S0028,2024-11-14,3,0,Paid
SU15611,B00839,S0025,2026-02-15,3,10,Paid
SU15612,B00300,S0150,2026-07-15,1,5,Paid
SU15613,B05801,S0007,2025-05-31,1,0,Paid
SU15614,B04623,S0009,2026-07-15,1,0,Paid
SU15615,B08247,S0128,2026-06-19,1,10,Paid
SU15616,B02182,S0149,2026-08-09,1,5,Paid
SU15617,B00861,S0093,2025-02-11,3,0,Paid
SU15618,B02595,S0042,2025-04-20,1,0,Paid
SU15619,B09106,S0093,2025-07-22,6,0,Pending
SU15620,B03618,S0012,2024-07-26,1,10,Paid
SU15621,B01155,S0119,2024-03-29,4,15,Paid
SU15622,B02486,S0014,2025-09-24,6,5,Paid
SU15623,B06688,S0010,2026-06-06,2,5,Paid
SU15624,B07684,S0024,2025-01-04,2,15,Paid
SU15625,B08108,S0039,2024-11-01,4,5,Paid
SU15626,B08154,S0012,2026-01-10,1,0,Paid
SU15627,B09770,S0111,2024-01-11,1,0,Paid
SU15628,B03882,S0007,2025-10-09,1,10,Paid
SU15629,B09285,S0115,2025-01-28,3,20,Paid
SU15630,B06337,S0115,2026-01-15,2,20,Paid
SU15631,B05028,S0072,2024-12-09,3,10,Paid
SU15632,B03479,S0071,2026-05-18,2,0,Paid
SU15633,B07386,S0030,2024-10-18,1,10,Paid
SU15634,B04965,S0003,2025-11-12,1,5,Paid
SU15635,B01252,S0118,2024-11-25,4,5,Paid
SU15636,B00376,S0027,2026-04-12,2,0,Paid
SU15637,B01401,S0093,2026-08-05,4,5,Paid
SU15638,B07407,S0086,2025-12-20,3,0,Paid
SU15639,B07329,S0021,2024-02-23,1,10,Paid
SU15640,B05050,S0114,2025-03-21,6,10,Paid
SU15641,B06938,S0054,2025-03-14,4,5,Paid
SU15642,B08999,S0140,2024-08-16,1,15,Paid
SU15643,B03463,S0150,2025-10-12,3,0,Paid
SU15644,B05800,S0003,2026-05-26,1,10,Complimentary
SU15645,B00165,S0109,2026-03-13,6,0,Paid
SU15646,B05441,S0103,2026-03-28,3,5,Paid
SU15647,B07158,S0020,2026-04-27,1,10,Paid
SU15648,B04880,S0142,2024-03-03,5,0,Pending
SU15649,B02184,S0023,2026-02-01,1,0,Paid
SU15650,B04167,S0026,2025-10-24,3,5,Paid
SU15651,B03866,S0118,2025-12-19,2,0,Paid
SU15652,B03202,S0086,2026-03-03,3,5,Paid
SU15653,B02649,S0117,2025-04-06,3,5,Pending
SU15654,B00424,S0072,2024-12-26,2,15,Paid
SU15655,B04101,S0069,2025-12-24,1,0,Paid
SU15656,B05470,S0144,2025-11-20,2,0,Paid
SU15657,B07087,S0106,2026-07-10,6,0,Paid
SU15658,B00296,S0110,2026-02-25,2,0,Paid
SU15659,B00096,S0111,2024-03-19,3,15,Paid
SU15660,B07116,S0005,2024-12-30,1,15,Paid
SU15661,B03981,S0115,2026-08-24,3,0,Paid
SU15662,B01310,S0029,2026-08-15,4,10,Paid
SU15663,B09247,S0090,2025-11-02,4,25,Paid
SU15664,B05426,S0035,2024-10-28,8,0,Paid
SU15665,B08935,S0107,2025-04-13,6,5,Paid
SU15666,B02420,S0099,2026-03-09,2,10,Paid
SU15667,B02306,S0045,2025-07-04,1,15,Paid
SU15668,B04546,S0039,2026-01-26,4,0,Paid
SU15669,B02211,S0051,2026-08-20,6,5,Paid
SU15670,B05626,S0129,2024-11-03,5,0,Paid
SU15671,B08052,S0009,2025-11-14,1,0,Paid
SU15672,B06337,S0117,2026-01-14,1,15,Paid
SU15673,B01619,S0067,2025-06-09,5,5,Paid
SU15674,B07845,S0040,2026-05-19,2,0,Paid
SU15675,B07130,S0030,2024-07-04,2,0,Paid
SU15676,B05915,S0036,2026-08-15,2,20,Paid
SU15677,B08459,S0089,2024-08-02,1,10,Paid
SU15678,B08962,S0118,2026-06-30,4,15,Paid
SU15679,B00175,S0010,2025-03-28,3,20,Paid
SU15680,B08632,S0071,2024-11-30,2,10,Paid
SU15681,B01466,S0006,2024-01-16,2,5,Paid
SU15682,B02024,S0016,2024-12-17,5,5,Paid
SU15683,B05647,S0106,2026-08-13,2,0,Paid
SU15684,B07347,S0121,2025-12-09,4,0,Paid
SU15685,B06865,S0094,2024-04-23,1,0,Paid
SU15686,B02018,S0093,2024-09-19,4,10,Paid
SU15687,B03008,S0042,2024-02-20,1,0,Paid
SU15688,B02520,S0091,2025-10-24,8,0,Paid
SU15689,B01339,S0149,2026-03-09,3,5,Paid
SU15690,B01989,S0039,2026-06-18,3,15,Paid
SU15691,B04006,S0016,2025-08-11,8,5,Paid
SU15692,B04102,S0057,2026-07-17,3,0,Paid
SU15693,B03908,S0118,2024-03-01,4,0,Paid
SU15694,B05497,S0092,2025-07-20,4,0,Paid
SU15695,B07023,S0008,2026-07-28,2,0,Paid
SU15696,B09146,S0021,2026-08-29,1,25,Paid
SU15697,B06001,S0026,2026-01-09,2,10,Paid
SU15698,B03020,S0124,2026-08-26,2,5,Paid
SU15699,B02554,S0010,2026-02-21,3,25,Paid
SU15700,B08753,S0120,2024-12-31,2,5,Paid
SU15701,B00826,S0010,2024-04-08,2,5,Paid
SU15702,B04401,S0038,2025-11-25,1,0,Paid
SU15703,B00613,S0103,2026-08-27,1,0,Paid
SU15704,B05046,S0124,2026-02-03,3,0,Paid
SU15705,B03761,S0093,2026-02-22,3,0,Paid
SU15706,B09224,S0052,2026-02-05,2,5,Paid
SU15707,B05443,S0022,2026-05-11,1,5,Paid
SU15708,B01076,S0035,2024-08-25,2,10,Paid
SU15709,B01635,S0055,2024-05-18,2,15,Paid
SU15710,B03886,S0092,2025-02-28,1,10,Paid
SU15711,B09107,S0104,2025-04-26,4,0,Paid
SU15712,B02289,S0139,2024-01-16,6,5,Paid
SU15713,B00318,S0045,2024-12-13,1,0,Paid
SU15714,B03018,S0063,2026-07-20,2,15,Paid
SU15715,B05072,S0093,2025-06-27,10,10,Paid
SU15716,B05613,S0052,2025-01-31,1,10,Paid
SU15717,B03665,S0122,2026-07-20,2,0,Paid
SU15718,B00308,S0109,2026-07-17,1,0,Paid
SU15719,B06551,S0007,2026-08-27,1,10,Paid
SU15720,B02150,S0004,2024-03-19,2,10,Paid
SU15721,B07805,S0112,2026-04-07,1,15,Complimentary
SU15722,B04588,S0030,2025-02-16,1,25,Pending
SU15723,B05236,S0098,2026-04-24,2,0,Paid
SU15724,B00372,S0023,2026-04-17,1,5,Paid
SU15725,B05345,S0002,2024-08-23,4,20,Paid
SU15726,B02656,S0002,2025-12-08,2,0,Paid
SU15727,B06777,S0146,2026-04-20,3,5,Paid
SU15728,B01205,S0037,2026-03-20,5,5,Paid
SU15729,B08435,S0024,2025-03-20,2,0,Paid
SU15730,B03729,S0003,2025-07-15,1,0,Paid
SU15731,B04994,S0109,2026-08-10,3,5,Paid
SU15732,B03205,S0148,2026-07-16,3,5,Paid
SU15733,B01724,S0032,2026-07-22,8,15,Paid
SU15734,B09492,S0008,2026-07-31,3,15,Paid
SU15735,B01023,S0028,2025-01-21,1,0,Paid
SU15736,B07815,S0047,2026-06-29,2,25,Paid
SU15737,B01820,S0036,2024-11-04,2,0,Pending
SU15738,B06620,S0125,2026-07-18,3,10,Paid
SU15739,B06444,S0102,2025-03-23,5,5,Paid
SU15740,B00548,S0128,2024-11-18,2,0,Paid
SU15741,B05491,S0091,2025-04-08,8,0,Paid
SU15742,B04804,S0033,2025-09-22,1,0,Paid
SU15743,B05265,S0009,2024-08-30,2,5,Paid
SU15744,B07297,S0039,2025-11-13,3,0,Paid
SU15745,B09511,S0038,2026-01-06,1,5,Paid
SU15746,B03799,S0029,2025-10-24,3,5,Paid
SU15747,B03918,S0007,2024-08-27,1,0,Paid
SU15748,B09944,S0025,2026-03-08,3,5,Paid
SU15749,B04512,S0130,2025-10-07,5,0,Paid
SU15750,B08633,S0124,2025-08-06,2,10,Paid
SU15751,B03638,S0040,2025-05-20,2,10,Paid
SU15752,B09234,S0070,2025-10-13,4,15,Paid
SU15753,B01499,S0006,2026-08-20,3,5,Paid
SU15754,B03163,S0106,2024-10-06,5,5,Paid
SU15755,B06565,S0109,2025-08-27,1,5,Paid
SU15756,B02786,S0015,2026-03-07,2,0,Paid
SU15757,B09966,S0047,2026-06-30,2,0,Paid
SU15758,B05607,S0124,2026-08-27,2,15,Paid
SU15759,B05549,S0013,2026-02-21,2,5,Paid
SU15760,B08905,S0102,2026-02-27,5,10,Paid
SU15761,B08453,S0116,2026-01-05,1,5,Paid
SU15762,B09613,S0041,2026-02-24,2,0,Paid
SU15763,B01529,S0112,2025-12-07,3,15,Paid
SU15764,B05594,S0111,2024-02-03,2,0,Paid
SU15765,B09859,S0120,2024-06-20,1,5,Paid
SU15766,B05943,S0088,2025-08-09,3,10,Paid
SU15767,B04077,S0119,2024-02-07,1,0,Paid
SU15768,B07454,S0125,2026-01-02,3,0,Paid
SU15769,B02465,S0055,2026-08-19,3,0,Paid
SU15770,B05983,S0100,2025-01-04,4,15,Pending
SU15771,B05013,S0022,2026-03-15,2,15,Paid
SU15772,B06299,S0088,2026-02-21,3,0,Paid
SU15773,B01605,S0140,2025-12-03,1,0,Paid
SU15774,B02370,S0094,2024-12-07,1,5,Paid
SU15775,B03209,S0043,2026-05-24,4,10,Paid
SU15776,B02345,S0038,2026-04-08,1,10,Paid
SU15777,B00744,S0037,2026-01-09,1,10,Paid
SU15778,B03794,S0103,2026-02-08,4,0,Paid
SU15779,B00862,S0118,2025-06-28,5,10,Paid
SU15780,B09982,S0046,2024-10-11,1,0,Paid
SU15781,B06358,S0026,2026-03-28,1,0,Paid
SU15782,B04539,S0005,2025-07-26,1,0,Paid
SU15783,B09266,S0100,2026-07-29,2,25,Paid
SU15784,B01503,S0040,2025-01-11,2,5,Paid
SU15785,B06292,S0064,2026-08-08,3,0,Paid
SU15786,B07900,S0092,2025-11-12,1,0,Paid
SU15787,B02804,S0025,2026-04-09,1,10,Paid
SU15788,B02768,S0125,2025-08-19,3,15,Pending
SU15789,B06144,S0042,2025-11-02,6,5,Paid
SU15790,B05927,S0039,2024-08-21,5,5,Paid
SU15791,B09362,S0119,2025-04-29,1,10,Paid
SU15792,B04721,S0097,2024-02-07,1,0,Paid
SU15793,B05349,S0094,2025-10-19,1,10,Paid
SU15794,B08802,S0015,2026-03-27,1,10,Paid
SU15795,B04127,S0059,2026-08-30,3,5,Paid
SU15796,B02177,S0001,2025-07-19,2,10,Paid
SU15797,B01732,S0010,2025-04-25,5,20,Pending
SU15798,B00977,S0016,2025-07-07,4,0,Paid
SU15799,B01115,S0025,2026-08-22,6,0,Pending
SU15800,B08030,S0101,2025-12-04,3,25,Paid
SU15801,B00694,S0031,2026-08-21,1,15,Paid
SU15802,B02878,S0061,2026-08-06,2,0,Paid
SU15803,B04819,S0093,2024-10-17,2,5,Paid
SU15804,B06927,S0146,2026-08-05,1,0,Paid
SU15805,B07578,S0012,2024-10-27,2,0,Paid
SU15806,B08827,S0035,2026-08-29,10,0,Paid
SU15807,B04839,S0062,2024-01-16,3,10,Paid
SU15808,B06557,S0036,2026-08-14,1,0,Paid
SU15809,B05971,S0126,2024-05-20,1,5,Paid
SU15810,B05842,S0051,2025-02-26,4,10,Paid
SU15811,B06955,S0006,2026-08-18,3,10,Paid
SU15812,B02315,S0048,2025-12-19,5,0,Paid
SU15813,B04149,S0003,2026-06-20,5,15,Paid
SU15814,B07481,S0008,2026-01-30,1,10,Paid
SU15815,B09743,S0137,2026-04-02,2,10,Paid
SU15816,B08315,S0022,2024-04-12,3,5,Pending
SU15817,B02948,S0027,2026-02-01,1,25,Paid
SU15818,B06750,S0108,2026-05-08,2,10,Pending
SU15819,B05528,S0038,2025-10-20,1,10,Pending
SU15820,B01723,S0034,2026-06-12,3,10,Paid
SU15821,B02403,S0115,2026-07-09,3,10,Paid
SU15822,B03742,S0038,2025-05-26,2,10,Paid
SU15823,B06806,S0039,2025-11-22,6,10,Paid
SU15824,B09804,S0036,2026-07-11,2,0,Paid
SU15825,B06950,S0007,2026-01-08,1,10,Paid
SU15826,B02950,S0066,2024-09-09,2,10,Paid
SU15827,B05354,S0094,2024-01-08,2,0,Paid
SU15828,B02649,S0116,2025-04-07,1,10,Paid
SU15829,B08575,S0095,2026-04-09,2,0,Paid
SU15830,B02195,S0107,2026-03-19,1,10,Paid
SU15831,B06317,S0062,2025-06-30,3,0,Paid
SU15832,B07618,S0096,2026-07-24,2,0,Paid
SU15833,B00678,S0055,2026-07-06,3,5,Paid
SU15834,B09956,S0097,2025-11-01,4,0,Paid
SU15835,B00500,S0114,2026-07-04,3,25,Pending
SU15836,B08181,S0118,2026-06-25,4,0,Paid
SU15837,B08053,S0005,2026-05-24,1,0,Paid
SU15838,B04464,S0067,2025-02-27,5,0,Paid
SU15839,B03731,S0088,2026-07-30,2,0,Pending
SU15840,B01423,S0037,2026-04-10,1,0,Paid
SU15841,B06649,S0114,2025-07-19,6,5,Paid
SU15842,B06670,S0050,2024-04-20,2,5,Paid
SU15843,B02847,S0071,2026-04-10,1,20,Paid
SU15844,B09691,S0001,2024-02-11,4,15,Pending
SU15845,B03677,S0032,2025-10-07,2,15,Paid
SU15846,B01994,S0109,2025-08-06,1,0,Paid
SU15847,B01225,S0109,2026-02-28,2,0,Paid
SU15848,B03681,S0119,2024-04-05,2,0,Paid
SU15849,B03806,S0036,2026-07-10,1,5,Paid
SU15850,B02240,S0037,2024-05-04,2,0,Paid
SU15851,B01138,S0110,2025-02-27,1,25,Paid
SU15852,B08214,S0106,2024-07-04,1,10,Paid
SU15853,B05082,S0092,2026-03-01,1,5,Paid
SU15854,B08530,S0018,2025-10-09,3,0,Paid
SU15855,B02386,S0126,2025-10-25,1,5,Paid
SU15856,B00467,S0009,2024-12-24,2,5,Paid
SU15857,B02230,S0001,2024-11-30,3,10,Paid
SU15858,B08803,S0122,2026-06-19,4,10,Paid
SU15859,B00061,S0120,2026-04-09,1,0,Paid
SU15860,B07520,S0118,2025-05-12,5,0,Paid
SU15861,B06179,S0072,2026-06-09,3,10,Paid
SU15862,B06881,S0118,2026-02-11,10,0,Pending
SU15863,B05297,S0118,2025-06-03,5,0,Paid
SU15864,B03118,S0098,2024-04-13,2,10,Paid
SU15865,B09659,S0026,2025-12-17,2,5,Paid
SU15866,B03600,S0015,2026-08-22,2,15,Paid
SU15867,B03171,S0024,2025-12-23,4,15,Paid
SU15868,B02889,S0027,2025-12-12,1,10,Paid
SU15869,B03851,S0044,2025-09-18,1,0,Paid
SU15870,B00777,S0092,2026-04-22,1,10,Paid
SU15871,B04968,S0143,2024-08-28,3,15,Paid
SU15872,B08308,S0063,2024-02-08,2,5,Pending
SU15873,B04482,S0089,2026-05-26,1,0,Paid
SU15874,B05406,S0016,2025-08-14,3,10,Paid
SU15875,B06358,S0022,2026-03-29,1,5,Paid
SU15876,B05571,S0086,2025-07-01,4,0,Paid
SU15877,B04062,S0112,2026-02-15,3,10,Paid
SU15878,B03623,S0093,2024-05-15,4,0,Paid
SU15879,B02124,S0049,2025-08-04,3,5,Paid
SU15880,B08770,S0116,2025-04-07,1,10,Paid
SU15881,B07843,S0132,2026-02-19,1,10,Paid
SU15882,B09522,S0021,2026-07-28,1,10,Paid
SU15883,B09571,S0025,2024-10-03,1,0,Paid
SU15884,B03669,S0069,2024-11-01,1,0,Paid
SU15885,B05520,S0022,2024-10-06,2,10,Paid
SU15886,B02913,S0026,2026-07-04,4,0,Paid
SU15887,B00214,S0031,2025-10-04,1,20,Paid
SU15888,B06544,S0116,2025-07-25,1,0,Paid
SU15889,B05684,S0034,2025-12-02,3,5,Paid
SU15890,B09760,S0015,2025-02-23,3,10,Paid
SU15891,B06448,S0146,2026-07-02,4,10,Paid
SU15892,B08482,S0116,2025-03-24,1,10,Paid
SU15893,B03892,S0008,2025-05-07,2,10,Paid
SU15894,B03143,S0097,2025-10-07,1,0,Paid
SU15895,B06488,S0115,2024-09-24,2,5,Paid
SU15896,B01889,S0129,2024-12-05,4,5,Paid
SU15897,B03744,S0126,2026-01-12,1,15,Paid
SU15898,B05680,S0065,2026-02-13,1,5,Paid
SU15899,B08449,S0013,2026-04-03,2,5,Paid
SU15900,B09180,S0103,2026-08-21,4,10,Paid
SU15901,B06571,S0108,2026-04-04,4,0,Paid
SU15902,B09152,S0091,2025-10-21,5,0,Paid
SU15903,B00843,S0086,2026-06-26,6,5,Paid
SU15904,B04967,S0061,2025-05-28,1,0,Paid
SU15905,B01787,S0055,2026-08-23,1,5,Paid
SU15906,B07025,S0001,2024-09-13,5,20,Paid
SU15907,B02706,S0133,2026-07-25,2,0,Paid
SU15908,B05856,S0119,2025-03-06,5,25,Paid
SU15909,B08569,S0062,2026-08-17,3,10,Paid
SU15910,B05250,S0093,2025-11-28,8,15,Paid
SU15911,B09477,S0118,2026-01-02,1,0,Paid
SU15912,B09077,S0008,2025-03-16,2,10,Paid
SU15913,B01691,S0019,2026-04-05,4,10,Pending
SU15914,B05529,S0120,2026-08-20,4,0,Paid
SU15915,B05292,S0027,2026-02-09,3,0,Paid
SU15916,B03644,S0002,2026-03-04,2,5,Paid
SU15917,B07968,S0116,2025-07-07,3,5,Paid
SU15918,B07877,S0045,2026-08-10,1,10,Paid
SU15919,B06826,S0117,2025-12-28,10,25,Complimentary
SU15920,B09359,S0050,2024-05-18,4,10,Pending
SU15921,B04985,S0016,2025-07-04,2,10,Paid
SU15922,B08092,S0124,2026-08-12,1,5,Paid
SU15923,B02765,S0007,2026-05-27,1,0,Paid
SU15924,B08555,S0144,2026-05-13,2,15,Paid
SU15925,B07260,S0100,2025-10-27,2,10,Paid
SU15926,B06976,S0032,2025-01-28,8,0,Paid
SU15927,B02180,S0033,2025-10-03,3,15,Paid
SU15928,B07672,S0061,2025-12-06,2,20,Paid
SU15929,B06225,S0003,2024-08-03,2,10,Paid
SU15930,B08327,S0026,2024-03-22,8,5,Paid
SU15931,B05855,S0146,2025-05-26,6,10,Paid
SU15932,B08518,S0132,2025-10-01,1,5,Paid
SU15933,B03275,S0050,2025-02-12,1,0,Paid
SU15934,B01206,S0030,2024-06-20,1,5,Paid
SU15935,B06808,S0034,2026-05-20,3,10,Paid
SU15936,B04732,S0114,2026-07-06,2,0,Paid
SU15937,B01534,S0006,2025-01-20,6,5,Paid
SU15938,B06682,S0024,2024-02-10,2,20,Paid
SU15939,B09105,S0018,2024-10-29,4,5,Paid
SU15940,B08234,S0124,2024-02-03,2,10,Paid
SU15941,B03724,S0003,2025-05-26,8,10,Paid
SU15942,B09985,S0030,2026-06-01,3,0,Paid
SU15943,B09402,S0072,2024-10-06,2,0,Paid
SU15944,B01378,S0112,2026-04-01,4,5,Paid
SU15945,B01270,S0027,2025-12-30,3,5,Paid
SU15946,B09027,S0034,2025-02-02,5,0,Paid
SU15947,B09106,S0093,2025-07-22,6,5,Paid
SU15948,B07058,S0032,2025-10-04,2,10,Paid
SU15949,B05049,S0027,2026-05-09,1,5,Paid
SU15950,B09104,S0006,2024-08-25,4,10,Paid
SU15951,B04985,S0014,2025-07-06,10,0,Paid
SU15952,B07275,S0112,2026-03-23,3,0,Paid
SU15953,B06191,S0044,2025-12-19,1,15,Paid
SU15954,B06716,S0050,2026-08-15,5,10,Paid
SU15955,B00481,S0093,2025-01-17,4,5,Paid
SU15956,B05338,S0146,2024-02-07,4,10,Paid
SU15957,B06615,S0116,2026-08-28,1,10,Paid
SU15958,B06683,S0119,2024-07-23,1,5,Paid
SU15959,B01788,S0127,2025-02-13,2,10,Pending
SU15960,B04392,S0055,2026-06-28,1,0,Paid
SU15961,B09042,S0030,2026-07-07,1,5,Paid
SU15962,B04576,S0101,2025-11-27,3,10,Paid
SU15963,B04461,S0151,2026-06-19,1,0,Paid
SU15964,B02547,S0109,2026-08-27,2,5,Pending
SU15965,B00426,S0056,2024-03-28,4,10,Paid
SU15966,B06724,S0107,2025-07-20,10,5,Paid
SU15967,B03531,S0007,2026-05-15,2,0,Paid
SU15968,B09099,S0035,2026-07-30,3,5,Paid
SU15969,B06177,S0149,2026-07-13,1,5,Paid
SU15970,B07595,S0006,2026-06-21,6,20,Paid
SU15971,B07711,S0147,2024-06-09,6,5,Paid
SU15972,B04518,S0086,2026-05-18,2,5,Pending
SU15973,B08276,S0094,2026-02-26,2,0,Paid
SU15974,B01490,S0041,2025-04-21,3,5,Paid
SU15975,B03633,S0052,2025-08-13,1,10,Paid
SU15976,B00865,S0012,2025-11-24,2,10,Paid
SU15977,B01772,S0142,2026-01-23,5,0,Paid
SU15978,B00116,S0048,2026-01-10,3,0,Paid
SU15979,B06328,S0039,2026-03-06,1,5,Paid
SU15980,B07742,S0034,2025-02-04,1,0,Paid
SU15981,B00464,S0029,2026-08-17,2,15,Paid
SU15982,B03125,S0003,2024-10-03,3,0,Paid
SU15983,B01187,S0108,2026-05-11,2,10,Paid
SU15984,B00336,S0129,2025-08-09,2,5,Paid
SU15985,B01112,S0010,2025-06-13,1,10,Paid
SU15986,B08167,S0015,2025-06-15,1,0,Paid
SU15987,B03341,S0118,2026-03-26,5,0,Paid
SU15988,B00885,S0008,2026-02-14,3,0,Paid
SU15989,B04143,S0033,2024-02-05,2,20,Paid
SU15990,B06887,S0017,2024-01-19,3,20,Paid
SU15991,B06346,S0073,2026-04-29,3,5,Pending
SU15992,B03544,S0090,2024-01-24,1,5,Paid
SU15993,B03821,S0116,2024-09-12,1,0,Paid
SU15994,B02672,S0125,2024-12-26,1,5,Pending
SU15995,B03796,S0007,2026-03-13,1,10,Paid
SU15996,B09715,S0132,2026-08-27,1,0,Paid
SU15997,B08277,S0095,2026-05-24,2,5,Pending
SU15998,B06603,S0043,2026-05-29,2,5,Complimentary
SU15999,B03826,S0050,2026-05-07,5,0,Paid
SU16000,B02957,S0133,2024-01-31,3,10,Paid
SU16001,B01602,S0046,2026-02-19,2,0,Paid
SU16002,B06082,S0111,2026-01-31,1,5,Paid
SU16003,B05981,S0022,2026-08-28,1,0,Paid
SU16004,B08517,S0004,2025-05-31,4,0,Paid
SU16005,B00761,S0038,2024-04-20,3,5,Paid
SU16006,B03121,S0030,2024-08-26,1,0,Paid
SU16007,B00196,S0053,2025-11-09,1,20,Paid
SU16008,B07314,S0049,2025-05-05,2,5,Pending
SU16009,B03490,S0047,2026-08-05,1,0,Paid
SU16010,B04801,S0028,2026-07-12,1,0,Pending
SU16011,B01178,S0057,2025-09-12,4,25,Paid
SU16012,B09279,S0120,2026-05-22,4,5,Paid
SU16013,B09641,S0114,2026-03-06,3,0,Pending
SU16014,B04004,S0070,2024-03-16,2,0,Paid
SU16015,B04072,S0097,2026-03-16,2,0,Paid
SU16016,B08506,S0138,2025-10-25,2,0,Paid
SU16017,B03170,S0033,2026-02-08,1,10,Paid
SU16018,B09889,S0047,2024-10-02,1,5,Paid
SU16019,B07512,S0099,2024-10-15,1,5,Pending
SU16020,B07388,S0006,2026-02-02,6,0,Paid
SU16021,B02517,S0145,2024-03-19,1,5,Paid
SU16022,B08645,S0114,2026-02-11,6,0,Paid
SU16023,B02184,S0025,2026-01-30,1,5,Paid
SU16024,B00135,S0036,2024-01-08,1,0,Pending
SU16025,B04588,S0026,2025-02-19,5,10,Paid
SU16026,B00249,S0009,2025-10-08,1,15,Paid
SU16027,B07844,S0059,2026-04-22,1,0,Paid
SU16028,B08397,S0089,2025-04-04,2,10,Paid
SU16029,B05934,S0040,2026-04-28,2,15,Paid
SU16030,B01488,S0062,2025-12-10,1,0,Paid
SU16031,B02976,S0115,2024-07-15,5,25,Paid
SU16032,B07794,S0033,2024-03-16,1,5,Paid
SU16033,B09305,S0105,2025-12-14,4,5,Paid
SU16034,B02244,S0103,2026-01-18,2,5,Paid
SU16035,B07962,S0028,2026-03-02,3,10,Paid
SU16036,B08075,S0012,2024-05-30,2,0,Paid
SU16037,B03839,S0122,2026-07-07,4,0,Pending
SU16038,B04948,S0012,2025-04-07,2,10,Pending
SU16039,B08769,S0116,2026-03-29,2,0,Paid
SU16040,B01539,S0124,2025-12-04,1,5,Pending
SU16041,B00614,S0089,2025-12-19,1,10,Paid
SU16042,B03766,S0051,2026-07-24,4,0,Paid
SU16043,B07915,S0009,2025-09-28,1,0,Paid
SU16044,B03299,S0006,2025-06-05,4,10,Paid
SU16045,B08488,S0031,2026-02-18,2,0,Paid
SU16046,B09567,S0037,2026-07-25,2,5,Complimentary
SU16047,B08802,S0015,2026-03-27,2,0,Paid
SU16048,B04075,S0052,2026-05-06,3,0,Paid
SU16049,B09024,S0093,2026-07-21,6,0,Paid
SU16050,B09221,S0093,2026-07-21,10,5,Pending
SU16051,B03477,S0064,2026-03-05,4,10,Paid
SU16052,B09453,S0092,2025-08-25,2,0,Paid
SU16053,B08794,S0094,2026-08-25,1,10,Paid
SU16054,B05833,S0124,2025-04-29,1,25,Paid
SU16055,B03369,S0012,2025-06-20,3,0,Paid
SU16056,B07204,S0012,2026-08-30,1,0,Paid
SU16057,B09185,S0037,2026-01-16,3,0,Paid
SU16058,B02855,S0100,2026-02-26,3,10,Paid
SU16059,B01301,S0032,2025-08-19,3,5,Paid
SU16060,B08634,S0150,2025-04-25,1,0,Paid
SU16061,B06915,S0115,2024-09-09,6,0,Paid
SU16062,B04882,S0121,2025-12-04,5,20,Paid
SU16063,B04311,S0127,2024-06-19,1,0,Paid
SU16064,B06945,S0142,2025-06-12,4,10,Paid
SU16065,B08887,S0058,2024-04-29,1,0,Paid
SU16066,B04978,S0098,2026-08-23,1,0,Paid
SU16067,B01480,S0036,2025-12-17,3,0,Paid
SU16068,B09776,S0069,2024-11-25,1,5,Paid
SU16069,B09282,S0147,2024-11-11,4,0,Paid
SU16070,B04530,S0010,2026-05-12,5,0,Paid
SU16071,B00533,S0148,2025-12-25,1,20,Paid
SU16072,B05337,S0044,2024-12-05,1,5,Paid
SU16073,B02440,S0019,2026-08-19,2,5,Paid
SU16074,B05342,S0114,2026-08-20,2,5,Paid
SU16075,B00634,S0029,2025-11-01,3,5,Paid
SU16076,B03696,S0030,2026-02-07,1,10,Paid
SU16077,B07183,S0107,2026-03-05,3,25,Paid
SU16078,B08684,S0092,2026-04-13,2,0,Paid
SU16079,B05100,S0096,2025-07-08,1,10,Paid
SU16080,B02957,S0135,2024-01-31,3,0,Paid
SU16081,B09960,S0045,2025-10-26,3,15,Paid
SU16082,B02022,S0146,2024-09-17,2,0,Paid
SU16083,B04305,S0101,2025-01-24,4,10,Paid
SU16084,B04733,S0053,2026-01-05,1,5,Paid
SU16085,B09756,S0011,2025-07-24,1,5,Paid
SU16086,B05665,S0021,2026-04-02,2,0,Paid
SU16087,B06584,S0108,2026-03-26,3,10,Paid
SU16088,B03363,S0072,2025-03-03,3,0,Paid
SU16089,B08914,S0122,2026-05-12,4,15,Paid
SU16090,B08593,S0007,2024-01-12,1,0,Paid
SU16091,B09179,S0033,2025-09-07,3,0,Paid
SU16092,B09942,S0058,2024-09-04,1,5,Paid
SU16093,B02119,S0114,2025-10-18,6,10,Paid
SU16094,B01852,S0120,2024-10-17,1,0,Paid
SU16095,B01384,S0065,2025-05-17,3,5,Paid
SU16096,B05368,S0017,2026-07-25,4,10,Complimentary
SU16097,B04921,S0040,2025-05-02,2,0,Paid
SU16098,B01241,S0091,2024-04-23,3,0,Paid
SU16099,B08687,S0064,2024-09-26,3,20,Paid
SU16100,B06287,S0095,2024-09-08,1,20,Paid
SU16101,B03085,S0038,2024-05-03,1,5,Complimentary
SU16102,B04154,S0021,2024-03-12,2,5,Paid
SU16103,B07656,S0030,2025-10-28,2,0,Paid
SU16104,B06063,S0099,2026-08-20,1,0,Paid
SU16105,B08939,S0055,2025-06-22,1,20,Paid
SU16106,B00075,S0090,2025-11-08,4,0,Paid
SU16107,B03886,S0090,2025-02-28,1,5,Paid
SU16108,B09705,S0104,2024-04-14,3,20,Paid
SU16109,B01064,S0121,2025-12-16,1,0,Paid
SU16110,B05419,S0110,2025-07-08,2,5,Paid
SU16111,B04294,S0113,2024-11-15,3,0,Paid
SU16112,B02755,S0092,2024-07-24,2,0,Paid
SU16113,B06877,S0026,2025-05-22,3,5,Paid
SU16114,B00159,S0016,2025-08-02,2,10,Paid
SU16115,B07738,S0146,2025-02-16,5,0,Pending
SU16116,B08160,S0029,2024-03-21,3,0,Paid
SU16117,B09855,S0140,2024-07-04,3,10,Paid
SU16118,B08852,S0108,2025-10-11,5,0,Paid
SU16119,B07270,S0022,2026-04-21,1,0,Paid
SU16120,B07449,S0081,2026-03-22,1,15,Paid
SU16121,B07242,S0151,2024-09-27,1,0,Paid
SU16122,B05735,S0072,2026-07-09,1,10,Paid
SU16123,B08183,S0116,2026-07-29,3,5,Paid
SU16124,B00876,S0092,2025-06-01,1,0,Paid
SU16125,B04444,S0117,2024-04-23,3,20,Paid
SU16126,B03205,S0147,2026-07-14,3,0,Pending
SU16127,B07747,S0039,2025-09-09,4,5,Paid
SU16128,B04774,S0067,2024-07-04,5,20,Paid
SU16129,B09148,S0103,2024-11-15,2,0,Paid
SU16130,B01418,S0149,2026-08-23,2,0,Paid
SU16131,B03547,S0022,2024-12-23,1,0,Paid
SU16132,B00858,S0070,2025-12-07,3,20,Paid
SU16133,B08868,S0037,2026-01-18,3,0,Paid
SU16134,B02936,S0146,2024-11-06,1,10,Pending
SU16135,B03705,S0066,2026-01-18,1,5,Paid
SU16136,B06186,S0115,2024-12-03,4,5,Paid
SU16137,B00113,S0112,2026-07-12,3,5,Paid
SU16138,B08199,S0108,2024-02-04,2,0,Paid
SU16139,B08117,S0116,2025-11-19,3,0,Paid
SU16140,B02674,S0017,2026-07-14,3,5,Paid
SU16141,B03929,S0104,2025-12-13,4,0,Pending
SU16142,B01879,S0007,2025-08-22,1,10,Paid
SU16143,B05603,S0096,2025-04-19,2,5,Paid
SU16144,B07518,S0122,2025-12-26,2,15,Paid
SU16145,B01456,S0111,2024-01-01,2,0,Paid
SU16146,B05689,S0073,2025-03-28,1,5,Paid
SU16147,B05098,S0031,2025-05-15,1,5,Pending
SU16148,B08852,S0110,2025-10-11,3,10,Paid
SU16149,B02784,S0056,2026-07-17,2,5,Paid
SU16150,B01916,S0023,2026-08-19,1,10,Paid
SU16151,B02035,S0026,2025-10-03,4,10,Paid
SU16152,B07470,S0030,2026-06-25,1,25,Paid
SU16153,B08779,S0010,2026-05-10,2,0,Paid
SU16154,B09844,S0040,2025-02-05,4,5,Paid
SU16155,B08300,S0002,2025-11-28,2,0,Paid
SU16156,B06968,S0149,2026-05-15,5,0,Paid
SU16157,B00326,S0150,2025-12-17,3,10,Pending
SU16158,B09687,S0093,2024-11-30,6,5,Paid
SU16159,B08188,S0066,2026-01-25,1,10,Paid
SU16160,B04057,S0063,2024-11-21,1,0,Complimentary
SU16161,B00357,S0042,2025-04-12,3,5,Paid
SU16162,B07826,S0036,2026-04-22,1,15,Paid
SU16163,B04586,S0108,2025-02-11,2,10,Paid
SU16164,B02896,S0054,2025-10-14,4,0,Paid
SU16165,B08267,S0028,2024-03-26,2,5,Paid
SU16166,B03063,S0070,2024-06-05,2,0,Paid
SU16167,B04153,S0088,2026-08-14,1,10,Pending
SU16168,B00953,S0124,2025-01-03,1,5,Paid
SU16169,B09843,S0043,2024-03-14,1,15,Paid
SU16170,B06904,S0050,2024-01-27,3,0,Paid
SU16171,B08901,S0125,2025-01-09,5,5,Paid
SU16172,B04574,S0013,2025-01-03,2,0,Paid
SU16173,B09435,S0145,2024-12-30,3,5,Pending
SU16174,B06698,S0014,2026-04-22,10,10,Paid
SU16175,B03634,S0142,2025-12-27,3,10,Pending
SU16176,B03454,S0032,2025-12-28,6,10,Paid
SU16177,B07977,S0008,2026-05-02,2,5,Paid
SU16178,B00196,S0054,2025-11-07,5,5,Paid
SU16179,B00941,S0096,2024-09-24,5,15,Paid
SU16180,B05275,S0036,2025-04-28,1,15,Paid
SU16181,B04394,S0018,2025-08-21,3,0,Paid
SU16182,B05760,S0123,2025-07-23,5,5,Paid
SU16183,B00399,S0059,2024-01-13,2,5,Paid
SU16184,B07320,S0044,2026-05-16,3,0,Paid
SU16185,B09237,S0047,2026-03-26,1,10,Paid
SU16186,B06840,S0136,2024-11-26,2,5,Paid
SU16187,B07549,S0112,2026-03-15,3,10,Paid
SU16188,B08170,S0107,2026-07-05,3,0,Pending
SU16189,B02205,S0051,2024-07-15,5,5,Paid
SU16190,B05528,S0038,2025-10-20,1,0,Paid
SU16191,B00758,S0151,2024-06-16,1,15,Paid
SU16192,B03769,S0151,2025-06-11,1,15,Paid
SU16193,B08948,S0143,2025-11-16,4,25,Paid
SU16194,B02109,S0079,2026-08-28,1,0,Paid
SU16195,B03807,S0084,2026-07-18,1,10,Paid
SU16196,B03940,S0013,2026-03-24,1,0,Paid
SU16197,B01267,S0124,2026-08-13,1,5,Paid
SU16198,B08059,S0093,2025-04-06,4,0,Paid
SU16199,B09495,S0004,2024-08-28,2,5,Paid
SU16200,B01775,S0046,2025-11-29,4,0,Paid
SU16201,B03322,S0041,2025-11-23,2,10,Paid
SU16202,B04850,S0006,2025-06-06,4,25,Paid
SU16203,B07050,S0007,2026-04-17,1,0,Paid
SU16204,B04531,S0052,2026-07-20,3,15,Paid
SU16205,B01669,S0121,2025-02-09,6,15,Paid
SU16206,B03148,S0054,2025-08-28,5,0,Paid
SU16207,B07791,S0052,2026-07-09,1,5,Paid
SU16208,B01415,S0111,2025-06-04,1,10,Paid
SU16209,B04786,S0033,2024-08-03,1,10,Pending
SU16210,B06209,S0036,2024-08-28,1,5,Paid
SU16211,B04243,S0044,2024-12-18,1,0,Paid
SU16212,B01892,S0115,2026-04-10,2,10,Paid
SU16213,B01149,S0108,2026-01-29,3,5,Paid
SU16214,B03383,S0025,2026-08-23,5,0,Paid
SU16215,B09534,S0143,2025-07-03,3,10,Paid
SU16216,B04597,S0044,2025-12-02,2,5,Paid
SU16217,B07849,S0032,2025-10-27,5,0,Paid
SU16218,B06041,S0054,2025-09-08,5,0,Paid
SU16219,B01553,S0015,2026-08-25,1,0,Paid
SU16220,B08589,S0022,2026-03-31,1,10,Paid
SU16221,B00720,S0005,2026-02-18,1,15,Paid
SU16222,B07568,S0058,2024-10-08,1,0,Paid
SU16223,B01430,S0112,2026-05-30,2,15,Paid
SU16224,B05866,S0110,2026-08-25,3,0,Pending
SU16225,B03639,S0031,2025-09-26,1,0,Paid
SU16226,B09763,S0012,2024-11-16,2,15,Paid
SU16227,B09437,S0121,2025-09-27,8,20,Paid
SU16228,B09465,S0055,2025-02-11,1,0,Pending
SU16229,B04860,S0009,2026-08-08,1,10,Paid
SU16230,B08193,S0030,2025-07-23,3,0,Paid
SU16231,B07728,S0018,2025-03-06,2,15,Pending
SU16232,B06756,S0025,2025-10-03,2,15,Pending
SU16233,B09194,S0002,2026-07-10,5,0,Paid
SU16234,B00909,S0009,2026-08-30,2,5,Paid
SU16235,B08772,S0098,2025-07-21,2,15,Paid
SU16236,B01471,S0009,2026-08-13,1,0,Paid
SU16237,B06340,S0135,2025-04-13,3,0,Paid
SU16238,B00035,S0008,2026-04-20,3,0,Paid
SU16239,B00130,S0135,2025-10-10,6,5,Paid
SU16240,B03421,S0106,2025-04-11,2,5,Paid
SU16241,B01887,S0023,2024-12-23,2,15,Paid
SU16242,B02938,S0144,2025-03-31,2,10,Paid
SU16243,B07777,S0021,2025-09-27,2,0,Paid
SU16244,B09863,S0145,2026-05-14,1,10,Paid
SU16245,B02125,S0032,2025-03-20,6,0,Paid
SU16246,B08448,S0013,2025-07-01,2,0,Paid
SU16247,B09484,S0022,2024-06-08,1,15,Paid
SU16248,B07183,S0112,2026-03-05,4,0,Paid
SU16249,B00384,S0021,2025-11-07,1,0,Paid
SU16250,B00861,S0095,2025-02-11,3,20,Pending
SU16251,B04965,S0005,2025-11-12,1,5,Paid
SU16252,B07900,S0086,2025-11-12,2,0,Paid
SU16253,B00930,S0054,2026-08-10,1,0,Paid
SU16254,B02387,S0086,2024-06-07,2,10,Paid
SU16255,B07933,S0126,2025-09-16,1,0,Paid
SU16256,B01372,S0125,2026-08-26,3,0,Paid
SU16257,B06567,S0012,2025-07-11,1,0,Paid
SU16258,B07080,S0086,2026-01-15,3,0,Paid
SU16259,B07849,S0039,2025-10-28,6,0,Paid
SU16260,B01529,S0107,2025-12-04,10,0,Pending
SU16261,B00196,S0055,2025-11-08,2,0,Paid
SU16262,B02941,S0042,2026-02-24,5,5,Paid
SU16263,B00971,S0053,2026-07-29,1,10,Paid
SU16264,B08274,S0007,2026-08-20,3,25,Paid
SU16265,B09484,S0031,2024-06-12,2,5,Paid
SU16266,B02469,S0143,2026-08-26,2,0,Paid
SU16267,B07137,S0035,2024-06-06,1,0,Paid
SU16268,B05772,S0040,2026-06-20,2,10,Paid
SU16269,B09677,S0128,2026-08-24,1,0,Paid
SU16270,B09902,S0099,2026-04-10,2,15,Paid
SU16271,B06909,S0036,2024-11-13,2,5,Paid
SU16272,B08378,S0112,2025-11-17,4,0,Paid
SU16273,B00648,S0104,2025-08-10,2,0,Paid
SU16274,B00395,S0049,2026-02-09,1,5,Paid
SU16275,B05855,S0148,2025-05-26,4,5,Paid
SU16276,B08274,S0006,2026-08-20,1,5,Paid
SU16277,B04207,S0099,2025-05-05,2,25,Paid
SU16278,B07699,S0029,2026-06-19,4,15,Paid
SU16279,B01946,S0020,2026-08-29,3,10,Paid
SU16280,B09230,S0110,2026-06-20,2,0,Paid
SU16281,B05274,S0107,2026-04-02,3,0,Paid
SU16282,B05394,S0026,2026-03-25,2,5,Pending
SU16283,B04625,S0030,2026-06-06,1,10,Paid
SU16284,B07532,S0102,2024-04-28,5,20,Paid
SU16285,B01456,S0112,2024-01-02,1,5,Paid
SU16286,B04740,S0021,2024-09-22,1,0,Paid
SU16287,B03570,S0048,2025-01-31,1,5,Paid
SU16288,B08945,S0026,2024-03-21,3,0,Paid
SU16289,B04037,S0044,2026-06-26,2,5,Paid
SU16290,B04072,S0093,2026-03-17,4,0,Paid
SU16291,B03155,S0027,2026-08-21,4,0,Paid
SU16292,B08861,S0114,2024-04-04,2,5,Paid
SU16293,B02088,S0093,2026-03-10,2,5,Paid
SU16294,B03298,S0101,2025-11-19,2,10,Paid
SU16295,B02955,S0033,2026-04-30,1,10,Paid
SU16296,B07057,S0102,2024-09-05,5,0,Paid
SU16297,B07203,S0061,2026-07-19,2,5,Paid
SU16298,B06995,S0015,2026-06-08,2,5,Paid
SU16299,B03849,S0086,2025-09-22,2,10,Paid
SU16300,B08985,S0035,2026-05-18,4,0,Paid
SU16301,B09843,S0052,2024-03-13,1,15,Pending
SU16302,B01373,S0135,2025-07-25,4,5,Paid
SU16303,B09820,S0134,2024-12-21,10,0,Paid
SU16304,B05979,S0034,2026-06-03,1,10,Paid
SU16305,B06487,S0041,2024-09-07,2,10,Paid
SU16306,B06435,S0069,2024-10-18,2,15,Paid
SU16307,B05630,S0115,2026-08-30,1,0,Complimentary
SU16308,B08287,S0049,2025-12-18,1,0,Paid
SU16309,B04733,S0056,2026-01-05,5,0,Paid
SU16310,B07720,S0087,2025-03-26,5,25,Paid
SU16311,B02719,S0109,2026-06-01,4,5,Paid
SU16312,B09980,S0108,2026-02-27,4,25,Paid
SU16313,B01884,S0050,2024-10-05,3,5,Paid
SU16314,B06882,S0127,2025-09-29,6,0,Complimentary
SU16315,B07833,S0072,2025-10-01,2,10,Pending
SU16316,B03565,S0120,2026-06-04,2,15,Paid
SU16317,B03598,S0111,2024-04-29,1,5,Paid
SU16318,B07155,S0021,2026-06-15,3,10,Paid
SU16319,B07567,S0036,2026-07-27,2,10,Paid
SU16320,B09528,S0054,2025-07-06,3,5,Paid
SU16321,B03525,S0107,2026-06-03,5,5,Paid
SU16322,B09035,S0033,2025-03-01,3,10,Paid
SU16323,B03222,S0051,2025-11-12,5,15,Paid
SU16324,B03216,S0057,2026-07-17,4,5,Paid
SU16325,B05458,S0127,2026-02-28,8,0,Paid
SU16326,B08101,S0002,2026-06-21,4,0,Paid
SU16327,B05904,S0032,2024-02-05,5,10,Complimentary
SU16328,B02847,S0074,2026-04-12,3,25,Paid
SU16329,B02679,S0059,2026-08-24,4,0,Paid
SU16330,B06269,S0006,2026-08-03,1,5,Paid
SU16331,B05437,S0147,2026-08-28,6,5,Pending
SU16332,B05811,S0009,2025-09-25,2,5,Paid
SU16333,B03180,S0053,2026-02-22,1,5,Paid
SU16334,B09556,S0087,2026-04-23,4,0,Paid
SU16335,B07425,S0040,2025-09-24,2,10,Paid
SU16336,B07290,S0020,2026-06-18,1,20,Paid
SU16337,B04474,S0032,2025-11-27,1,15,Paid
SU16338,B04568,S0048,2026-06-28,4,0,Paid
SU16339,B03106,S0074,2026-04-13,3,0,Paid
SU16340,B02463,S0061,2026-08-21,4,10,Paid
SU16341,B03402,S0107,2026-07-04,2,0,Pending
SU16342,B09841,S0023,2025-07-11,2,0,Paid
SU16343,B04155,S0123,2026-04-19,3,10,Paid
SU16344,B03739,S0028,2026-08-24,4,10,Paid
SU16345,B00683,S0041,2025-12-01,5,0,Paid
SU16346,B06803,S0014,2025-12-20,1,25,Paid
SU16347,B03154,S0028,2026-04-04,2,0,Paid
SU16348,B06625,S0049,2026-08-07,1,5,Paid
SU16349,B06976,S0033,2025-01-30,1,5,Paid
SU16350,B02269,S0119,2024-01-23,4,0,Paid
SU16351,B09065,S0088,2026-05-13,4,0,Paid
SU16352,B05680,S0065,2026-02-13,1,15,Paid
SU16353,B04165,S0044,2024-02-29,2,0,Paid
SU16354,B09180,S0100,2026-08-21,3,10,Paid
SU16355,B00581,S0056,2025-11-06,8,5,Paid
SU16356,B01978,S0143,2025-01-11,3,15,Paid
SU16357,B00997,S0116,2025-09-09,1,10,Paid
SU16358,B08190,S0108,2024-04-13,3,0,Paid
SU16359,B09820,S0135,2024-12-20,4,5,Paid
SU16360,B07256,S0046,2026-06-19,1,5,Paid
SU16361,B06572,S0023,2025-01-01,2,10,Paid
SU16362,B04115,S0023,2026-03-09,1,10,Complimentary
SU16363,B07603,S0013,2026-02-06,3,20,Paid
SU16364,B08929,S0118,2026-02-19,3,5,Paid
SU16365,B05289,S0025,2026-08-07,4,15,Paid
SU16366,B07580,S0028,2024-12-04,2,0,Paid
SU16367,B03143,S0095,2025-10-07,8,10,Paid
SU16368,B04851,S0017,2026-03-28,3,5,Pending
SU16369,B05004,S0058,2026-06-11,1,0,Paid
SU16370,B07077,S0049,2025-01-11,1,5,Paid
SU16371,B04277,S0050,2024-01-07,3,10,Paid
SU16372,B08312,S0050,2025-02-20,1,10,Paid
SU16373,B09564,S0042,2024-10-12,5,0,Paid
SU16374,B04112,S0015,2026-02-04,2,0,Paid
SU16375,B05146,S0087,2026-04-12,2,0,Paid
SU16376,B00860,S0030,2024-12-10,2,0,Paid
SU16377,B02481,S0054,2025-04-05,5,0,Paid
SU16378,B06211,S0093,2026-03-02,6,15,Paid
SU16379,B08468,S0101,2024-06-23,3,0,Paid
SU16380,B08487,S0059,2025-09-21,5,0,Paid
SU16381,B06206,S0012,2024-09-19,3,0,Paid
SU16382,B03596,S0070,2024-12-22,6,5,Paid
SU16383,B01648,S0028,2026-05-16,3,0,Paid
SU16384,B00088,S0010,2026-08-19,1,20,Paid
SU16385,B07612,S0020,2025-11-24,3,25,Paid
SU16386,B07794,S0032,2024-03-15,3,5,Paid
SU16387,B07249,S0108,2026-05-04,3,5,Paid
SU16388,B08934,S0118,2026-07-26,10,0,Paid
SU16389,B04497,S0015,2026-07-06,1,5,Paid
SU16390,B04358,S0011,2024-09-17,3,5,Pending
SU16391,B01334,S0103,2026-08-05,2,5,Pending
SU16392,B02849,S0023,2026-02-17,2,5,Paid
SU16393,B03127,S0059,2024-09-10,1,0,Paid
SU16394,B02604,S0006,2024-10-22,3,20,Paid
SU16395,B04186,S0049,2024-05-26,3,5,Paid
SU16396,B08807,S0053,2025-07-01,1,20,Paid
SU16397,B01294,S0065,2025-10-31,1,10,Paid
SU16398,B02629,S0035,2025-02-21,8,5,Pending
SU16399,B02531,S0124,2026-06-22,1,0,Paid
SU16400,B09132,S0013,2025-07-24,3,10,Paid
SU16401,B09018,S0005,2026-02-15,2,5,Paid
SU16402,B05100,S0094,2025-07-08,1,20,Paid
SU16403,B04301,S0146,2026-01-31,4,0,Paid
SU16404,B03719,S0142,2025-11-15,4,0,Paid
SU16405,B01180,S0112,2025-07-24,2,10,Paid
SU16406,B07881,S0109,2024-12-27,6,0,Paid
SU16407,B09181,S0127,2025-04-29,6,0,Paid
SU16408,B06250,S0084,2025-05-20,2,0,Paid
SU16409,B04221,S0028,2025-06-18,4,10,Paid
SU16410,B03198,S0051,2025-12-03,2,20,Paid
SU16411,B05088,S0021,2025-05-20,1,15,Paid
SU16412,B00192,S0087,2025-05-20,4,0,Paid
SU16413,B02870,S0064,2024-10-30,1,0,Paid
SU16414,B09097,S0048,2025-10-21,3,10,Complimentary
SU16415,B08473,S0112,2024-10-06,3,0,Paid
SU16416,B04647,S0086,2026-07-23,3,15,Paid
SU16417,B02791,S0020,2025-08-10,2,0,Paid
SU16418,B00431,S0074,2026-06-21,2,5,Paid
SU16419,B01663,S0029,2025-12-15,6,5,Paid
SU16420,B09463,S0150,2024-04-09,1,5,Paid
SU16421,B00776,S0126,2025-09-23,1,15,Paid
SU16422,B06019,S0033,2025-11-05,1,10,Paid
SU16423,B09560,S0015,2025-11-12,2,5,Complimentary
SU16424,B04013,S0038,2024-03-18,2,0,Paid
SU16425,B06823,S0116,2026-06-20,2,10,Paid
SU16426,B06895,S0061,2026-08-11,2,10,Paid
SU16427,B01827,S0065,2025-01-26,3,0,Pending
SU16428,B00985,S0149,2025-12-02,4,10,Pending
SU16429,B07708,S0048,2025-11-26,4,5,Paid
SU16430,B03024,S0049,2024-05-23,3,10,Paid
SU16431,B04933,S0038,2026-04-10,2,10,Paid
SU16432,B01848,S0123,2025-11-27,5,5,Paid
SU16433,B01902,S0088,2026-07-17,2,20,Paid
SU16434,B08772,S0096,2025-07-21,5,0,Paid
SU16435,B02588,S0087,2025-11-17,2,0,Paid
SU16436,B07197,S0017,2025-07-18,4,5,Paid
SU16437,B09587,S0035,2026-07-09,8,0,Paid
SU16438,B01540,S0010,2024-09-15,2,5,Complimentary
SU16439,B05987,S0097,2026-03-29,6,0,Paid
SU16440,B01502,S0033,2024-05-17,1,5,Paid
SU16441,B03208,S0047,2025-11-23,1,0,Paid
SU16442,B09168,S0019,2025-10-29,5,0,Paid
SU16443,B01550,S0016,2024-01-25,4,0,Paid
SU16444,B07949,S0022,2026-04-12,1,5,Paid
SU16445,B07809,S0019,2024-08-23,4,0,Paid
SU16446,B06020,S0032,2025-12-15,2,0,Pending
SU16447,B01417,S0110,2026-06-28,4,10,Paid
SU16448,B05967,S0124,2026-01-30,3,5,Paid
SU16449,B07439,S0031,2026-01-20,2,5,Paid
SU16450,B08956,S0136,2025-05-29,5,10,Paid
SU16451,B09772,S0096,2026-01-16,2,5,Paid
SU16452,B04721,S0096,2024-02-08,10,5,Paid
SU16453,B07015,S0141,2026-08-11,2,0,Paid
SU16454,B09437,S0126,2025-09-30,1,5,Paid
SU16455,B00665,S0147,2026-05-17,10,10,Paid
SU16456,B01602,S0044,2026-02-20,2,0,Paid
SU16457,B00937,S0005,2026-07-04,1,10,Paid
SU16458,B08486,S0056,2026-08-29,4,10,Paid
SU16459,B03713,S0051,2024-07-26,2,10,Paid
SU16460,B01158,S0056,2025-06-08,8,0,Paid
SU16461,B05134,S0009,2026-03-04,2,0,Pending
SU16462,B07298,S0039,2025-12-20,2,5,Paid
SU16463,B04228,S0123,2025-04-02,3,0,Pending
SU16464,B01123,S0024,2025-03-17,2,0,Paid
SU16465,B06321,S0031,2025-04-04,2,10,Paid
SU16466,B09995,S0020,2026-05-22,2,0,Paid
SU16467,B01739,S0009,2026-08-02,1,0,Paid
SU16468,B00277,S0108,2025-07-17,2,25,Paid
SU16469,B00759,S0092,2024-07-16,1,15,Paid
SU16470,B08288,S0028,2025-09-25,5,0,Paid
SU16471,B09392,S0038,2024-10-14,2,5,Pending
SU16472,B07136,S0038,2026-02-24,1,0,Paid
SU16473,B06823,S0115,2026-06-20,2,0,Paid
SU16474,B04211,S0119,2025-03-08,2,5,Paid
SU16475,B04470,S0063,2026-02-02,1,0,Paid
SU16476,B09261,S0116,2024-04-29,1,0,Paid
SU16477,B07966,S0125,2026-07-10,3,0,Paid
SU16478,B01699,S0086,2025-05-02,4,5,Paid
SU16479,B02612,S0029,2025-11-09,2,5,Paid
SU16480,B09605,S0057,2025-11-26,3,0,Paid
SU16481,B05985,S0109,2026-02-10,3,10,Paid
SU16482,B05695,S0027,2026-06-15,1,10,Paid
SU16483,B08094,S0114,2024-02-01,1,10,Paid
SU16484,B01139,S0026,2026-07-30,2,0,Paid
SU16485,B05603,S0096,2025-04-19,3,10,Paid
SU16486,B00339,S0037,2025-12-19,4,25,Paid
SU16487,B02278,S0025,2025-11-29,1,5,Paid
SU16488,B08593,S0007,2024-01-12,1,0,Paid
SU16489,B04056,S0042,2026-05-04,2,5,Paid
SU16490,B00648,S0102,2025-08-11,5,0,Paid
SU16491,B01746,S0115,2026-08-30,1,0,Paid
SU16492,B01218,S0108,2025-09-27,2,20,Paid
SU16493,B00142,S0092,2024-08-28,1,0,Paid
SU16494,B01212,S0044,2026-06-29,3,5,Paid
SU16495,B06392,S0109,2026-05-24,3,5,Paid
SU16496,B01982,S0117,2024-07-02,1,0,Paid
SU16497,B09705,S0100,2024-04-14,3,5,Paid
SU16498,B08883,S0136,2026-02-01,3,0,Paid
SU16499,B01251,S0141,2026-08-13,3,0,Pending
SU16500,B04458,S0124,2026-04-05,1,5,Complimentary
SU16501,B00451,S0086,2025-11-20,1,5,Paid
SU16502,B08559,S0049,2026-05-26,1,15,Paid
SU16503,B04087,S0025,2025-10-08,2,5,Paid
SU16504,B09613,S0033,2026-02-24,1,0,Paid
SU16505,B01334,S0102,2026-08-04,8,25,Paid
SU16506,B06571,S0109,2026-04-04,3,0,Paid
SU16507,B01237,S0107,2024-03-01,6,0,Paid
SU16508,B07916,S0006,2025-12-27,1,15,Paid
SU16509,B04114,S0031,2024-02-26,1,0,Paid
SU16510,B01049,S0120,2025-11-21,3,5,Paid
SU16511,B06772,S0062,2024-06-24,1,10,Paid
SU16512,B02003,S0050,2026-01-30,4,5,Paid
SU16513,B06622,S0117,2025-10-12,6,0,Complimentary
SU16514,B07516,S0022,2025-01-27,3,0,Paid
SU16515,B04394,S0011,2025-08-20,1,0,Paid
SU16516,B07209,S0138,2025-07-31,1,10,Paid
SU16517,B06177,S0150,2026-07-13,1,0,Paid
SU16518,B04043,S0002,2025-07-05,2,10,Paid
SU16519,B06396,S0074,2024-09-23,2,10,Paid
SU16520,B04250,S0118,2025-02-16,3,10,Paid
SU16521,B02532,S0097,2026-08-28,3,0,Paid
SU16522,B01895,S0097,2024-02-16,1,5,Paid
SU16523,B08898,S0034,2026-08-06,1,15,Paid
SU16524,B07562,S0065,2024-06-26,3,0,Paid
SU16525,B01022,S0052,2024-09-14,3,0,Paid
SU16526,B07200,S0110,2024-12-20,3,0,Paid
SU16527,B04134,S0016,2025-06-27,10,15,Paid
SU16528,B02366,S0074,2025-04-30,4,0,Paid
SU16529,B05283,S0107,2026-04-10,4,0,Paid
SU16530,B00674,S0116,2026-05-06,1,0,Paid
SU16531,B04354,S0049,2026-08-07,1,5,Paid
SU16532,B02062,S0044,2025-01-30,1,10,Pending
SU16533,B01117,S0113,2024-04-03,3,0,Paid
SU16534,B05915,S0033,2026-08-14,1,0,Paid
SU16535,B02171,S0024,2025-02-24,2,15,Complimentary
SU16536,B00696,S0024,2026-01-27,5,5,Paid
SU16537,B09224,S0047,2026-02-05,1,5,Paid
SU16538,B02075,S0006,2025-09-10,3,10,Paid
SU16539,B04779,S0035,2025-01-08,4,10,Paid
SU16540,B07877,S0047,2026-08-12,1,5,Paid
SU16541,B01418,S0147,2026-08-24,2,0,Paid
SU16542,B04274,S0024,2025-02-12,2,15,Paid
SU16543,B02560,S0087,2026-06-04,4,0,Pending
SU16544,B05352,S0118,2026-06-18,2,0,Paid
SU16545,B08249,S0044,2026-04-04,1,10,Pending
SU16546,B04700,S0058,2026-08-04,1,0,Paid
SU16547,B07941,S0037,2025-02-22,1,5,Paid
SU16548,B03431,S0123,2026-08-18,2,0,Paid
SU16549,B03559,S0063,2026-07-20,2,0,Paid
SU16550,B05032,S0089,2024-04-27,3,0,Paid
SU16551,B02678,S0068,2025-05-13,5,5,Paid
SU16552,B01814,S0111,2025-11-18,2,0,Paid
SU16553,B07182,S0012,2025-10-31,1,10,Paid
SU16554,B02782,S0061,2024-03-05,2,0,Paid
SU16555,B03337,S0071,2025-06-25,1,5,Paid
SU16556,B00648,S0101,2025-08-11,2,5,Paid
SU16557,B03793,S0006,2024-10-17,4,5,Paid
SU16558,B07062,S0023,2025-02-21,3,20,Paid
SU16559,B07957,S0063,2026-01-02,1,25,Paid
SU16560,B01035,S0139,2025-07-29,3,5,Paid
SU16561,B06958,S0044,2026-01-08,1,0,Paid
SU16562,B05876,S0117,2025-11-20,6,0,Pending
SU16563,B07676,S0147,2024-12-05,3,0,Paid
SU16564,B03882,S0003,2025-10-09,8,20,Paid
SU16565,B06103,S0038,2026-03-27,3,10,Paid
SU16566,B09734,S0142,2026-08-18,3,10,Paid
SU16567,B01875,S0002,2026-04-07,3,0,Pending
SU16568,B00566,S0035,2025-12-07,6,15,Paid
SU16569,B00930,S0060,2026-08-08,3,0,Paid
SU16570,B00882,S0007,2025-09-15,1,10,Paid
SU16571,B04414,S0142,2024-04-01,3,0,Pending
SU16572,B02778,S0140,2025-08-31,1,0,Paid
SU16573,B08175,S0113,2025-09-05,3,10,Paid
SU16574,B06598,S0107,2025-07-29,3,5,Paid
SU16575,B01090,S0011,2024-08-16,2,25,Paid
SU16576,B08504,S0088,2025-01-08,2,0,Paid
SU16577,B08889,S0026,2026-02-01,1,0,Paid
SU16578,B04610,S0035,2024-11-18,3,10,Paid
SU16579,B05784,S0104,2026-01-21,2,0,Paid
SU16580,B03494,S0058,2026-03-03,1,0,Paid
SU16581,B00614,S0087,2025-12-19,2,5,Paid
SU16582,B04894,S0132,2026-06-22,1,5,Paid
SU16583,B09656,S0125,2024-09-14,1,10,Paid
SU16584,B06454,S0010,2025-11-25,5,0,Paid
SU16585,B07203,S0066,2026-07-20,1,0,Paid
SU16586,B02726,S0090,2025-07-03,8,5,Paid
SU16587,B03066,S0134,2026-07-29,6,10,Paid
SU16588,B08899,S0007,2026-08-02,1,0,Paid
SU16589,B04227,S0042,2026-03-15,10,5,Paid
SU16590,B07749,S0115,2026-06-30,1,5,Paid
SU16591,B00396,S0132,2026-05-20,1,0,Paid
SU16592,B05157,S0092,2026-04-16,4,0,Paid
SU16593,B03930,S0102,2026-03-09,5,0,Paid
SU16594,B09340,S0121,2024-10-22,4,10,Paid
SU16595,B02621,S0022,2024-03-27,1,10,Paid
SU16596,B05819,S0001,2025-08-13,4,20,Pending
SU16597,B03158,S0106,2025-01-15,4,25,Complimentary
SU16598,B01239,S0089,2026-05-13,3,5,Paid
SU16599,B01161,S0005,2026-02-16,1,15,Paid
SU16600,B04566,S0066,2024-07-21,1,0,Paid
SU16601,B05833,S0120,2025-04-29,1,10,Paid
SU16602,B08318,S0147,2024-09-12,3,0,Paid
SU16603,B04164,S0031,2025-12-28,2,15,Paid
SU16604,B09082,S0073,2026-04-30,2,5,Paid
SU16605,B04461,S0149,2026-06-19,4,15,Paid
SU16606,B09718,S0052,2024-11-25,3,0,Paid
SU16607,B03482,S0096,2025-05-23,1,10,Paid
SU16608,B01534,S0001,2025-01-20,3,0,Paid
SU16609,B03141,S0051,2025-11-11,2,0,Paid
SU16610,B09882,S0027,2026-07-11,4,15,Paid
SU16611,B09183,S0079,2026-06-09,3,0,Paid
SU16612,B02357,S0086,2026-08-15,4,5,Paid
SU16613,B04817,S0113,2024-09-10,4,5,Paid
SU16614,B06017,S0114,2025-10-24,2,15,Paid
SU16615,B01785,S0092,2026-08-27,4,25,Paid
SU16616,B00481,S0098,2025-01-17,2,10,Paid
SU16617,B05020,S0111,2024-12-28,2,0,Paid
SU16618,B04930,S0124,2026-07-30,1,0,Paid
SU16619,B04832,S0037,2024-05-02,5,0,Paid
SU16620,B08153,S0087,2025-03-09,4,10,Paid
SU16621,B01879,S0010,2025-08-23,1,10,Paid
SU16622,B07787,S0026,2024-01-17,2,5,Paid
SU16623,B05287,S0130,2025-09-05,4,25,Paid
SU16624,B09830,S0111,2025-03-12,2,5,Pending
SU16625,B01577,S0032,2026-08-19,6,0,Paid
SU16626,B01305,S0096,2026-04-07,4,0,Paid
SU16627,B02987,S0109,2026-04-25,1,5,Paid
SU16628,B08973,S0100,2025-12-14,3,0,Paid
SU16629,B09366,S0106,2026-08-20,1,10,Paid
SU16630,B04454,S0070,2024-02-12,2,15,Paid
SU16631,B00266,S0001,2025-01-24,5,5,Paid
SU16632,B04189,S0049,2024-03-03,2,0,Paid
SU16633,B06541,S0054,2025-02-18,2,10,Paid
SU16634,B09260,S0008,2026-08-11,2,10,Paid
SU16635,B06054,S0022,2025-11-28,3,0,Paid
SU16636,B04007,S0037,2026-02-28,2,10,Paid
SU16637,B08670,S0097,2026-08-16,5,20,Paid
SU16638,B05165,S0054,2025-11-24,5,5,Paid
SU16639,B06843,S0108,2026-04-06,1,0,Paid
SU16640,B02744,S0038,2026-02-16,1,5,Paid
SU16641,B07603,S0013,2026-02-07,1,10,Paid
SU16642,B05963,S0008,2025-08-20,1,0,Paid
SU16643,B01820,S0032,2024-11-04,5,10,Paid
SU16644,B01001,S0144,2026-05-08,5,10,Pending
SU16645,B00500,S0118,2026-07-04,3,5,Paid
SU16646,B01000,S0010,2025-12-23,2,10,Paid
SU16647,B00926,S0104,2026-07-07,2,0,Paid
SU16648,B01925,S0149,2026-08-05,3,0,Paid
SU16649,B08595,S0036,2024-12-10,2,10,Paid
SU16650,B06779,S0134,2025-11-10,2,15,Paid
SU16651,B06269,S0010,2026-08-03,1,0,Paid
SU16652,B00854,S0044,2025-07-05,2,0,Paid
SU16653,B09056,S0079,2026-06-21,5,0,Pending
SU16654,B05746,S0052,2024-01-09,2,5,Paid
SU16655,B09156,S0121,2024-09-07,6,0,Paid
SU16656,B00343,S0003,2025-06-24,2,10,Paid
SU16657,B00466,S0124,2025-09-11,2,0,Paid
SU16658,B07939,S0090,2026-01-09,4,5,Paid
SU16659,B08014,S0126,2026-06-23,1,0,Paid
SU16660,B08343,S0046,2025-02-17,1,5,Paid
SU16661,B09693,S0035,2025-11-08,8,20,Paid
SU16662,B04227,S0047,2026-03-17,1,0,Paid
SU16663,B07456,S0040,2026-01-24,1,0,Paid
SU16664,B02581,S0062,2024-12-30,2,5,Paid
SU16665,B05960,S0040,2026-02-20,3,10,Paid
SU16666,B00404,S0133,2025-06-29,2,0,Complimentary
SU16667,B06604,S0023,2024-05-11,1,5,Paid
SU16668,B00701,S0010,2026-01-03,1,10,Complimentary
SU16669,B09498,S0029,2025-12-29,6,5,Pending
SU16670,B06230,S0057,2024-04-28,1,0,Paid
SU16671,B08874,S0052,2026-08-04,1,5,Paid
SU16672,B06336,S0054,2026-06-15,3,5,Paid
SU16673,B04336,S0110,2026-05-07,1,0,Paid
SU16674,B01590,S0068,2026-01-22,2,5,Paid
SU16675,B04080,S0036,2024-11-19,1,10,Paid
SU16676,B07414,S0105,2025-04-17,10,15,Paid
SU16677,B01324,S0047,2024-05-19,1,15,Paid
SU16678,B01029,S0123,2024-11-06,2,10,Paid
SU16679,B07801,S0101,2024-12-08,1,10,Paid
SU16680,B06287,S0094,2024-09-09,1,0,Paid
SU16681,B00581,S0060,2025-11-11,5,15,Paid
SU16682,B03186,S0136,2025-12-02,2,0,Paid
SU16683,B04935,S0091,2024-06-09,6,0,Paid
SU16684,B04552,S0103,2026-01-14,4,5,Pending
SU16685,B01923,S0110,2026-01-03,2,5,Pending
SU16686,B04442,S0069,2024-02-18,1,0,Paid
SU16687,B05619,S0126,2025-08-30,1,5,Paid
SU16688,B04978,S0096,2026-08-22,8,15,Paid
SU16689,B01914,S0003,2025-07-05,2,0,Paid
SU16690,B06403,S0091,2025-07-01,3,10,Paid
SU16691,B05821,S0115,2024-10-05,4,0,Paid
SU16692,B01691,S0017,2026-04-06,4,0,Paid
SU16693,B02426,S0091,2025-01-09,5,5,Paid
SU16694,B08984,S0044,2025-11-15,1,5,Pending
SU16695,B08616,S0022,2025-07-04,2,0,Paid
SU16696,B08412,S0120,2025-02-19,2,0,Paid
SU16697,B04269,S0091,2025-09-28,5,0,Paid
SU16698,B00143,S0103,2025-09-17,6,15,Paid
SU16699,B07116,S0003,2025-01-03,3,10,Paid
SU16700,B04260,S0012,2025-05-05,1,10,Paid
SU16701,B07501,S0118,2024-11-05,5,5,Paid
SU16702,B03937,S0120,2025-03-13,3,20,Paid
SU16703,B06574,S0023,2026-08-30,1,5,Paid
SU16704,B04214,S0027,2025-04-23,3,5,Paid
SU16705,B06429,S0015,2024-11-08,1,0,Paid
SU16706,B02899,S0104,2024-10-11,2,0,Paid
SU16707,B09512,S0058,2024-05-05,1,15,Paid
SU16708,B09183,S0079,2026-06-09,3,0,Paid
SU16709,B04188,S0005,2025-05-05,1,5,Paid
SU16710,B07079,S0108,2025-04-17,2,0,Paid
SU16711,B07274,S0108,2026-08-19,1,5,Paid
SU16712,B08572,S0108,2025-05-15,1,15,Paid
SU16713,B09095,S0097,2026-07-03,3,0,Paid
SU16714,B00781,S0041,2024-04-21,4,15,Pending
SU16715,B06767,S0042,2026-05-20,3,5,Paid
SU16716,B07025,S0002,2024-09-11,4,0,Paid
SU16717,B09448,S0024,2025-03-08,3,0,Paid
SU16718,B06814,S0089,2025-11-26,1,20,Paid
SU16719,B02270,S0020,2026-06-27,1,10,Paid
SU16720,B08117,S0116,2025-11-18,2,25,Pending
SU16721,B00580,S0040,2024-06-18,4,20,Paid
SU16722,B07784,S0039,2026-05-12,4,10,Paid
SU16723,B00326,S0151,2025-12-19,2,10,Paid
SU16724,B02547,S0109,2026-08-29,8,5,Paid
SU16725,B08039,S0025,2024-08-30,5,0,Paid
SU16726,B06145,S0017,2026-04-11,3,15,Paid
SU16727,B05697,S0108,2024-06-01,2,0,Paid
SU16728,B05665,S0020,2026-04-04,1,5,Paid
SU16729,B02527,S0149,2026-04-27,1,0,Paid
SU16730,B02913,S0025,2026-07-05,2,10,Paid
SU16731,B03796,S0006,2026-03-14,4,5,Paid
SU16732,B07093,S0031,2026-08-28,1,15,Paid
SU16733,B06805,S0027,2026-01-30,1,10,Paid
SU16734,B06960,S0086,2025-11-12,6,0,Paid
SU16735,B02494,S0112,2026-04-23,5,0,Paid
SU16736,B00927,S0118,2026-08-19,4,5,Paid
SU16737,B08988,S0050,2025-11-05,2,0,Paid
SU16738,B05406,S0012,2025-08-14,2,5,Paid
SU16739,B00207,S0028,2026-05-16,3,15,Paid
SU16740,B06438,S0038,2026-06-30,2,0,Paid
SU16741,B00222,S0128,2026-06-25,1,5,Paid
SU16742,B09302,S0012,2026-08-09,1,10,Paid
SU16743,B07731,S0038,2026-02-05,1,20,Paid
SU16744,B00678,S0059,2026-07-08,3,5,Paid
SU16745,B04363,S0004,2024-11-25,3,10,Paid
SU16746,B00478,S0027,2026-03-05,4,0,Paid
SU16747,B08509,S0095,2026-06-09,2,0,Paid
SU16748,B05090,S0027,2024-07-10,4,0,Paid
SU16749,B00709,S0125,2026-08-04,4,0,Paid
SU16750,B07526,S0148,2026-01-19,2,0,Paid
SU16751,B02935,S0008,2025-06-09,2,0,Paid
SU16752,B08306,S0009,2025-11-03,1,0,Paid
SU16753,B06240,S0043,2025-12-07,3,0,Paid
SU16754,B01153,S0115,2025-01-07,1,15,Paid
SU16755,B07228,S0107,2026-03-22,4,0,Paid
SU16756,B09407,S0028,2026-08-29,2,5,Paid
SU16757,B02614,S0008,2026-06-11,2,5,Paid
SU16758,B03995,S0010,2025-06-21,1,0,Paid
SU16759,B08771,S0101,2025-05-08,2,15,Paid
SU16760,B08477,S0029,2026-07-08,4,15,Paid
SU16761,B03293,S0051,2025-11-26,6,0,Paid
SU16762,B00906,S0005,2026-08-25,1,25,Paid
SU16763,B05531,S0006,2024-09-26,2,15,Paid
SU16764,B09446,S0045,2025-01-09,2,0,Paid
SU16765,B05885,S0048,2024-10-03,1,5,Paid
SU16766,B00850,S0048,2026-02-16,2,0,Paid
SU16767,B08517,S0002,2025-06-01,4,20,Pending
SU16768,B02890,S0031,2026-07-22,1,10,Paid
SU16769,B04395,S0017,2026-01-04,3,5,Paid
SU16770,B06841,S0040,2025-10-18,3,10,Paid
SU16771,B09357,S0041,2025-07-20,3,10,Complimentary
SU16772,B06020,S0038,2025-12-17,2,0,Paid
SU16773,B01910,S0035,2026-05-05,6,10,Paid
SU16774,B00209,S0049,2026-02-17,1,0,Paid
SU16775,B07309,S0022,2024-02-24,1,0,Paid
SU16776,B07387,S0109,2025-12-14,4,5,Paid
SU16777,B08880,S0096,2024-10-09,1,10,Paid
SU16778,B02142,S0095,2026-06-11,5,10,Paid
SU16779,B05322,S0029,2024-10-22,4,25,Pending
SU16780,B09435,S0145,2024-12-31,2,0,Paid
SU16781,B01656,S0042,2026-05-06,10,10,Paid
SU16782,B03089,S0071,2024-10-03,1,0,Paid
SU16783,B05299,S0034,2026-03-30,3,5,Complimentary
SU16784,B08058,S0122,2026-08-17,2,20,Paid
SU16785,B08767,S0100,2026-07-27,1,0,Paid
SU16786,B09932,S0040,2025-01-05,4,0,Paid
SU16787,B01995,S0021,2024-06-03,1,5,Paid
SU16788,B01158,S0057,2025-06-07,4,10,Paid
SU16789,B04625,S0025,2026-06-04,6,15,Paid
SU16790,B00081,S0150,2026-08-25,1,0,Paid
SU16791,B05372,S0020,2025-06-20,1,0,Paid
SU16792,B06319,S0069,2026-03-03,1,5,Paid
SU16793,B03638,S0038,2025-05-26,1,0,Paid
SU16794,B05584,S0006,2025-10-30,6,0,Paid
SU16795,B07214,S0013,2026-08-06,1,25,Paid
SU16796,B06123,S0115,2025-10-22,2,5,Paid
SU16797,B06004,S0048,2025-01-17,3,10,Paid
SU16798,B06656,S0053,2025-11-30,1,0,Paid
SU16799,B04284,S0043,2024-12-05,5,0,Paid
SU16800,B09139,S0067,2024-06-30,2,0,Paid
SU16801,B08280,S0073,2024-10-13,1,15,Paid
SU16802,B04470,S0061,2026-02-02,4,20,Paid
SU16803,B02231,S0110,2025-07-09,1,0,Paid
SU16804,B08775,S0036,2026-02-17,2,10,Pending
SU16805,B09773,S0030,2026-08-03,1,0,Paid
SU16806,B01480,S0034,2025-12-18,4,10,Paid
SU16807,B04847,S0012,2025-09-18,2,10,Paid
SU16808,B08098,S0100,2025-12-13,3,0,Paid
SU16809,B09417,S0032,2025-12-28,8,10,Paid
SU16810,B06638,S0012,2024-08-18,2,0,Paid
SU16811,B02059,S0025,2026-08-15,4,0,Paid
SU16812,B05327,S0051,2024-07-07,3,0,Paid
SU16813,B08409,S0108,2026-08-25,2,15,Pending
SU16814,B06949,S0007,2025-01-11,1,10,Paid
SU16815,B06649,S0118,2025-07-19,2,0,Paid
SU16816,B07569,S0106,2026-08-25,6,0,Paid
SU16817,B01752,S0041,2025-11-24,1,0,Paid
SU16818,B06720,S0045,2025-01-06,1,20,Paid
SU16819,B02108,S0103,2026-07-25,3,0,Paid
SU16820,B00196,S0056,2025-11-07,8,5,Paid
SU16821,B02524,S0008,2024-01-29,3,5,Paid
SU16822,B08631,S0027,2025-05-07,1,0,Paid
SU16823,B00674,S0118,2026-05-06,10,0,Pending
SU16824,B08073,S0007,2026-08-30,2,15,Paid
SU16825,B03346,S0101,2026-04-30,1,0,Paid
SU16826,B03123,S0048,2024-02-17,5,0,Paid
SU16827,B08755,S0078,2026-02-26,3,5,Complimentary
SU16828,B02173,S0028,2025-11-27,1,0,Complimentary
SU16829,B04333,S0049,2026-04-17,1,0,Paid
SU16830,B09242,S0050,2026-05-16,3,5,Paid
SU16831,B07695,S0023,2026-02-22,1,20,Paid
SU16832,B02768,S0121,2025-08-16,3,25,Pending
SU16833,B06162,S0022,2026-08-18,1,0,Paid
SU16834,B04694,S0006,2025-07-01,3,10,Pending
SU16835,B05448,S0072,2026-08-21,5,5,Paid
SU16836,B04429,S0027,2026-05-01,5,5,Paid
SU16837,B05954,S0037,2026-04-17,1,15,Paid
SU16838,B05807,S0019,2026-08-22,3,10,Paid
SU16839,B02593,S0011,2025-03-07,5,5,Paid
SU16840,B01923,S0110,2026-01-04,5,10,Paid
SU16841,B01021,S0031,2025-03-11,2,0,Paid
SU16842,B00377,S0022,2025-03-09,2,5,Paid
SU16843,B01926,S0044,2025-10-25,2,10,Paid
SU16844,B06393,S0114,2025-02-21,3,0,Paid
SU16845,B02294,S0059,2026-03-08,2,0,Paid
SU16846,B08779,S0008,2026-05-09,1,0,Paid
SU16847,B09181,S0124,2025-04-29,3,5,Paid
SU16848,B00948,S0059,2024-07-17,4,0,Paid
SU16849,B03815,S0055,2024-09-04,1,5,Pending
SU16850,B07165,S0141,2025-12-08,1,0,Paid
SU16851,B01831,S0003,2025-09-29,3,10,Paid
SU16852,B05034,S0062,2025-12-31,1,0,Paid
SU16853,B02263,S0073,2024-10-28,1,5,Paid
SU16854,B09721,S0025,2026-08-12,4,0,Paid
SU16855,B04678,S0020,2026-07-12,2,15,Paid
SU16856,B09914,S0015,2024-11-09,1,0,Paid
SU16857,B02836,S0038,2024-06-04,1,0,Paid
SU16858,B04144,S0095,2025-08-30,5,5,Paid
SU16859,B01314,S0020,2025-05-22,1,5,Pending
SU16860,B01002,S0009,2024-06-06,1,5,Complimentary
SU16861,B00492,S0086,2026-02-26,3,0,Paid
SU16862,B02680,S0114,2026-05-18,8,15,Paid
SU16863,B01270,S0029,2025-12-30,1,5,Paid
SU16864,B03324,S0063,2025-06-28,1,10,Paid
SU16865,B05543,S0047,2024-10-29,1,5,Paid
SU16866,B01513,S0072,2026-08-27,3,5,Paid
SU16867,B05627,S0006,2025-10-01,4,15,Paid
SU16868,B03593,S0100,2026-08-12,2,0,Paid
SU16869,B08744,S0096,2026-05-17,8,10,Paid
SU16870,B01247,S0147,2025-11-29,4,0,Pending
SU16871,B06724,S0109,2025-07-20,5,0,Paid
SU16872,B01049,S0122,2025-11-21,2,5,Pending
SU16873,B08388,S0007,2025-05-21,1,5,Pending
SU16874,B03950,S0056,2024-06-27,1,25,Paid
SU16875,B06225,S0009,2024-08-06,2,0,Paid
SU16876,B07593,S0044,2026-05-12,1,0,Paid
SU16877,B03338,S0105,2025-08-18,1,20,Paid
SU16878,B06247,S0028,2025-09-14,2,10,Paid
SU16879,B06114,S0062,2026-03-31,2,25,Paid
SU16880,B07564,S0118,2024-11-17,2,0,Paid
SU16881,B09149,S0032,2025-07-03,1,10,Paid
SU16882,B01965,S0009,2025-01-12,2,0,Paid
SU16883,B04263,S0103,2025-02-24,3,5,Paid
SU16884,B05892,S0144,2024-08-18,4,5,Paid
SU16885,B06671,S0046,2025-04-07,1,0,Complimentary
SU16886,B06650,S0030,2025-12-25,1,0,Paid
SU16887,B00719,S0036,2025-08-06,1,0,Paid
SU16888,B08902,S0115,2025-03-08,6,5,Paid
SU16889,B08862,S0117,2025-11-07,1,10,Paid
SU16890,B05799,S0010,2026-02-19,2,5,Paid
SU16891,B05300,S0109,2025-06-07,4,5,Paid
SU16892,B03051,S0107,2026-06-19,4,25,Paid
SU16893,B05113,S0097,2024-06-02,4,0,Paid
SU16894,B03529,S0030,2026-07-21,1,0,Paid
SU16895,B05586,S0014,2024-08-16,5,10,Paid
SU16896,B04719,S0004,2024-11-18,3,5,Paid
SU16897,B06957,S0074,2025-11-11,2,10,Paid
SU16898,B00795,S0009,2024-10-09,1,5,Complimentary
SU16899,B00637,S0118,2025-01-13,3,0,Paid
SU16900,B03809,S0113,2025-10-01,2,20,Paid
SU16901,B01260,S0067,2026-07-08,3,5,Paid
SU16902,B01929,S0089,2025-04-15,2,10,Paid
SU16903,B03174,S0087,2025-11-29,4,0,Paid
SU16904,B01368,S0041,2026-01-26,3,5,Paid
SU16905,B02599,S0125,2026-02-27,5,0,Paid
SU16906,B07684,S0023,2025-01-03,1,0,Paid
SU16907,B00994,S0120,2026-08-15,2,0,Paid
SU16908,B05542,S0098,2026-04-02,1,0,Paid
SU16909,B09183,S0079,2026-06-09,8,5,Paid
SU16910,B07486,S0012,2025-04-07,2,5,Paid
SU16911,B04860,S0007,2026-08-08,3,10,Paid
SU16912,B07155,S0020,2026-06-14,1,0,Paid
SU16913,B07316,S0043,2024-01-15,3,0,Paid
SU16914,B07706,S0100,2026-03-09,5,10,Paid
SU16915,B09850,S0120,2025-04-16,1,0,Paid
SU16916,B01208,S0025,2024-11-09,5,20,Paid
SU16917,B03131,S0102,2025-08-04,3,0,Paid
SU16918,B08651,S0106,2026-05-08,3,5,Paid
SU16919,B09552,S0073,2026-07-21,1,0,Paid
SU16920,B01755,S0049,2026-08-17,3,0,Paid
SU16921,B04180,S0087,2026-05-08,2,10,Paid
SU16922,B00883,S0146,2024-04-19,4,0,Paid
SU16923,B06636,S0113,2025-08-15,2,0,Paid
SU16924,B06995,S0021,2026-06-06,1,5,Paid
SU16925,B08122,S0104,2026-06-27,2,0,Paid
SU16926,B00024,S0068,2025-08-13,8,0,Paid
SU16927,B00310,S0095,2026-04-22,5,5,Paid
SU16928,B06840,S0136,2024-11-26,4,5,Paid
SU16929,B07484,S0126,2026-07-30,1,5,Paid
SU16930,B00546,S0048,2025-05-04,2,5,Pending
SU16931,B04981,S0028,2026-06-05,4,5,Paid
SU16932,B02553,S0089,2025-11-19,1,15,Paid
SU16933,B05995,S0108,2024-04-29,6,5,Complimentary
SU16934,B06215,S0112,2025-10-15,5,0,Paid
SU16935,B05662,S0072,2024-06-02,1,0,Paid
SU16936,B01949,S0111,2025-08-04,1,5,Paid
SU16937,B04897,S0144,2025-10-15,3,0,Paid
SU16938,B05325,S0100,2026-01-31,3,5,Paid
SU16939,B03153,S0070,2025-11-07,2,0,Paid
SU16940,B05597,S0103,2026-03-25,2,25,Paid
SU16941,B04322,S0037,2025-12-09,1,0,Paid
SU16942,B01106,S0038,2025-12-04,1,15,Paid
SU16943,B01352,S0047,2025-10-24,2,5,Paid
SU16944,B00830,S0122,2025-08-10,2,5,Paid
SU16945,B06097,S0006,2024-02-14,3,15,Paid
SU16946,B00852,S0136,2025-02-24,3,0,Paid
SU16947,B08269,S0121,2024-10-28,2,5,Paid
SU16948,B05811,S0005,2025-09-23,2,25,Paid
SU16949,B01735,S0141,2026-04-27,1,0,Paid
SU16950,B02310,S0030,2026-06-03,1,0,Paid
SU16951,B08078,S0086,2025-06-02,2,5,Paid
SU16952,B06604,S0024,2024-05-09,1,0,Paid
SU16953,B00059,S0133,2026-08-29,4,10,Paid
SU16954,B05412,S0132,2026-03-03,2,5,Paid
SU16955,B06019,S0035,2025-11-06,8,5,Paid
SU16956,B09404,S0033,2026-05-23,1,10,Pending
SU16957,B08347,S0017,2024-02-01,3,5,Paid
SU16958,B03956,S0071,2024-11-22,1,0,Paid
SU16959,B01914,S0010,2025-07-02,3,0,Paid
SU16960,B04872,S0003,2026-01-23,4,10,Paid
SU16961,B07334,S0042,2024-05-14,3,10,Paid
SU16962,B09945,S0108,2024-08-02,2,5,Paid
SU16963,B08537,S0022,2024-09-25,3,0,Paid
SU16964,B05361,S0134,2025-10-27,4,15,Paid
SU16965,B02573,S0012,2025-06-25,1,5,Paid
SU16966,B02614,S0002,2026-06-14,2,0,Paid
SU16967,B08283,S0021,2026-03-19,2,5,Paid
SU16968,B01877,S0087,2026-07-31,2,10,Paid
SU16969,B04799,S0118,2025-02-26,3,10,Pending
SU16970,B09541,S0037,2025-10-08,1,25,Paid
SU16971,B06022,S0032,2026-08-22,1,10,Paid
SU16972,B04416,S0047,2026-06-14,1,0,Paid
SU16973,B08702,S0046,2025-02-11,3,10,Paid
SU16974,B01304,S0096,2025-09-11,1,20,Pending
SU16975,B01508,S0044,2026-05-10,1,0,Paid
SU16976,B02454,S0105,2024-08-27,4,0,Paid
SU16977,B00354,S0027,2026-01-04,4,0,Paid
SU16978,B05952,S0005,2025-12-22,1,0,Paid
SU16979,B04722,S0035,2024-06-17,3,5,Paid
SU16980,B09403,S0025,2024-12-11,1,15,Paid
SU16981,B09570,S0006,2026-06-23,3,15,Paid
SU16982,B04190,S0007,2025-03-15,2,10,Paid
SU16983,B00057,S0114,2025-10-26,1,25,Paid
SU16984,B02692,S0096,2026-03-03,2,5,Paid
SU16985,B08324,S0037,2026-04-05,3,0,Paid
SU16986,B05983,S0102,2025-01-04,4,0,Paid
SU16987,B03889,S0013,2026-08-22,2,5,Paid
SU16988,B01353,S0043,2026-01-11,2,5,Paid
SU16989,B09542,S0019,2026-05-02,4,10,Paid
SU16990,B09718,S0045,2024-11-23,1,5,Paid
SU16991,B03329,S0064,2025-12-18,5,5,Paid
SU16992,B08690,S0088,2024-04-05,1,5,Paid
SU16993,B03486,S0113,2024-09-20,5,15,Paid
SU16994,B02284,S0042,2024-01-08,2,15,Paid
SU16995,B09545,S0147,2025-08-02,2,20,Paid
SU16996,B09273,S0003,2026-06-08,8,5,Paid
SU16997,B01519,S0111,2026-01-02,3,10,Paid
SU16998,B08506,S0140,2025-10-25,1,15,Paid
SU16999,B06809,S0065,2025-10-26,4,5,Paid
SU17000,B07318,S0092,2025-06-29,1,15,Paid
SU17001,B06059,S0032,2024-12-15,5,5,Paid
SU17002,B06943,S0005,2026-08-28,2,0,Paid
SU17003,B04675,S0038,2026-07-29,1,5,Pending
SU17004,B02886,S0040,2024-10-19,1,5,Paid
SU17005,B00451,S0088,2025-11-20,4,15,Paid
SU17006,B01375,S0054,2025-02-26,4,20,Paid
SU17007,B02644,S0027,2025-10-25,1,20,Paid
SU17008,B08784,S0083,2025-12-01,2,5,Paid
SU17009,B07680,S0047,2026-07-08,1,0,Paid
SU17010,B00134,S0023,2026-01-10,2,25,Paid
SU17011,B09851,S0118,2024-11-28,2,0,Paid
SU17012,B07777,S0016,2025-09-27,2,5,Paid
SU17013,B09414,S0026,2026-08-29,2,0,Paid
SU17014,B04836,S0146,2025-12-23,5,5,Paid
SU17015,B03200,S0028,2025-03-21,3,0,Paid
SU17016,B05380,S0109,2026-01-27,1,15,Paid
SU17017,B09039,S0003,2025-11-10,6,0,Paid
SU17018,B06730,S0093,2025-04-23,3,15,Paid
SU17019,B07298,S0036,2025-12-19,1,15,Paid
SU17020,B06279,S0089,2024-08-13,1,10,Paid
SU17021,B06449,S0066,2026-08-25,1,5,Paid
SU17022,B07831,S0146,2025-12-25,2,5,Paid
SU17023,B04910,S0123,2024-01-11,5,5,Paid
SU17024,B02862,S0035,2025-10-05,3,0,Pending
SU17025,B08814,S0100,2025-09-09,3,5,Paid
SU17026,B06992,S0120,2026-08-18,4,0,Paid
SU17027,B00458,S0051,2025-03-25,5,15,Paid
SU17028,B08622,S0146,2025-04-19,2,0,Paid
SU17029,B04438,S0024,2025-12-06,6,5,Paid
SU17030,B03586,S0121,2026-08-24,2,0,Paid
SU17031,B09491,S0003,2026-05-15,1,0,Paid
SU17032,B05591,S0030,2026-02-22,1,10,Paid
SU17033,B03377,S0049,2026-07-26,1,15,Paid
SU17034,B00723,S0108,2025-11-08,4,10,Paid
SU17035,B01241,S0087,2024-04-23,3,0,Paid
SU17036,B08407,S0089,2026-03-08,1,0,Paid
SU17037,B08069,S0151,2025-12-06,1,5,Paid
SU17038,B05158,S0044,2026-06-20,1,5,Paid
SU17039,B00411,S0072,2026-07-18,2,10,Paid
SU17040,B09457,S0026,2026-07-18,1,0,Paid
SU17041,B00375,S0022,2025-04-10,2,25,Paid
SU17042,B06563,S0030,2024-01-29,1,10,Paid
SU17043,B08858,S0093,2024-03-20,5,5,Paid
SU17044,B06777,S0151,2026-04-17,1,5,Paid
SU17045,B03729,S0005,2025-07-15,2,10,Paid
SU17046,B00910,S0009,2025-03-23,1,5,Paid
SU17047,B00508,S0012,2025-02-04,2,15,Paid
SU17048,B01814,S0109,2025-11-18,1,0,Paid
SU17049,B08386,S0115,2026-08-07,2,5,Paid
SU17050,B07576,S0028,2026-02-05,4,0,Paid
SU17051,B06541,S0058,2025-02-18,1,20,Pending
SU17052,B04926,S0029,2024-02-11,2,5,Paid
SU17053,B03604,S0151,2026-04-08,1,10,Paid
SU17054,B00523,S0132,2024-05-18,2,5,Paid
SU17055,B03928,S0043,2025-04-22,3,0,Paid
SU17056,B00704,S0110,2026-07-22,5,0,Paid
SU17057,B06448,S0147,2026-07-02,5,10,Pending
SU17058,B04630,S0012,2025-06-01,1,0,Paid
SU17059,B00647,S0003,2026-07-12,2,0,Paid
SU17060,B01283,S0086,2024-09-26,2,15,Paid
SU17061,B08324,S0037,2026-04-05,1,10,Paid
SU17062,B00487,S0112,2024-05-26,3,5,Paid
SU17063,B03356,S0069,2024-04-27,1,0,Pending
SU17064,B08501,S0114,2025-10-07,4,0,Paid
SU17065,B01470,S0110,2026-06-25,5,0,Paid
SU17066,B03035,S0021,2025-10-10,1,20,Paid
SU17067,B06327,S0111,2025-10-13,1,10,Paid
SU17068,B03860,S0114,2026-06-11,2,0,Paid
SU17069,B09825,S0055,2026-04-10,1,10,Paid
SU17070,B01198,S0116,2026-03-20,2,0,Paid
SU17071,B08473,S0111,2024-10-07,2,10,Paid
SU17072,B09776,S0068,2024-11-26,2,5,Paid
SU17073,B05528,S0039,2025-10-19,3,5,Paid
SU17074,B06524,S0112,2025-06-25,2,10,Paid
SU17075,B08607,S0014,2024-02-02,3,0,Paid
SU17076,B01591,S0118,2026-05-28,10,15,Pending
SU17077,B00936,S0042,2025-10-22,6,0,Paid
SU17078,B02193,S0047,2026-07-22,1,5,Paid
SU17079,B01044,S0031,2026-08-21,3,15,Paid
SU17080,B08448,S0011,2025-06-30,2,10,Paid
SU17081,B04099,S0054,2024-10-13,3,5,Paid
SU17082,B08915,S0030,2025-01-23,2,5,Pending
SU17083,B08515,S0019,2026-07-10,4,5,Paid
SU17084,B01310,S0023,2026-08-17,1,0,Paid
SU17085,B08509,S0098,2026-06-09,3,10,Paid
SU17086,B08719,S0048,2026-08-04,3,0,Paid
SU17087,B01386,S0006,2025-12-07,5,15,Paid
SU17088,B01132,S0127,2026-03-06,6,0,Paid
SU17089,B06949,S0004,2025-01-12,2,0,Paid
SU17090,B06030,S0116,2025-05-26,1,0,Paid
SU17091,B08687,S0063,2024-09-26,3,0,Paid
SU17092,B04058,S0116,2026-06-22,1,0,Paid
SU17093,B01064,S0124,2025-12-15,1,0,Pending
SU17094,B01856,S0047,2024-03-10,1,0,Paid
SU17095,B02188,S0146,2025-03-27,2,5,Paid
SU17096,B04939,S0008,2025-02-15,1,0,Paid
SU17097,B03825,S0036,2024-12-26,1,0,Paid
SU17098,B00397,S0060,2026-05-04,4,0,Paid
SU17099,B05091,S0109,2025-12-24,2,0,Paid
SU17100,B02682,S0116,2025-10-31,1,0,Paid
SU17101,B02759,S0111,2024-11-28,1,5,Paid
SU17102,B07257,S0053,2025-10-20,2,0,Pending
SU17103,B04282,S0012,2024-05-17,1,15,Paid
SU17104,B08283,S0019,2026-03-18,2,25,Paid
SU17105,B09898,S0143,2024-02-17,2,5,Paid
SU17106,B07725,S0109,2025-10-05,1,5,Paid
SU17107,B07251,S0008,2026-02-19,2,20,Paid
SU17108,B04832,S0041,2024-05-01,5,0,Paid
SU17109,B09689,S0005,2024-05-10,1,10,Paid
SU17110,B00404,S0134,2025-06-29,2,0,Paid
SU17111,B03514,S0115,2026-04-04,3,10,Paid
SU17112,B08033,S0050,2025-06-13,1,5,Paid
SU17113,B01738,S0049,2026-06-29,2,5,Paid
SU17114,B05069,S0007,2024-02-07,1,5,Paid
SU17115,B02701,S0055,2026-08-16,2,5,Paid
SU17116,B06482,S0006,2026-06-21,4,5,Paid
SU17117,B02858,S0022,2024-03-03,2,5,Paid
SU17118,B08260,S0144,2026-01-28,2,10,Paid
SU17119,B00609,S0092,2026-08-20,3,5,Paid
SU17120,B04294,S0112,2024-11-15,2,10,Paid
SU17121,B00995,S0102,2024-01-07,1,0,Paid
SU17122,B06130,S0031,2024-04-05,1,15,Paid
SU17123,B02960,S0093,2026-02-21,2,10,Paid
SU17124,B08674,S0126,2026-04-06,3,0,Paid
SU17125,B07681,S0045,2026-08-18,1,10,Paid
SU17126,B02083,S0151,2024-08-01,1,5,Paid
SU17127,B09498,S0031,2025-12-29,2,0,Paid
SU17128,B09790,S0046,2026-03-25,2,15,Paid
SU17129,B02128,S0006,2026-01-20,3,0,Paid
SU17130,B01984,S0020,2026-05-16,1,0,Paid
SU17131,B08335,S0033,2025-07-05,2,5,Paid
SU17132,B07839,S0100,2025-06-28,3,0,Paid
SU17133,B08672,S0096,2026-01-12,6,10,Paid
SU17134,B00353,S0092,2025-09-02,1,5,Paid
SU17135,B07085,S0046,2026-02-28,1,10,Pending
SU17136,B07171,S0022,2024-04-12,1,25,Paid
SU17137,B03123,S0047,2024-02-17,2,5,Paid
SU17138,B09770,S0107,2024-01-12,2,10,Paid
SU17139,B06731,S0007,2025-12-21,1,0,Paid
SU17140,B05767,S0031,2024-01-02,1,0,Paid
SU17141,B09424,S0009,2025-01-15,1,25,Paid
SU17142,B02929,S0036,2024-05-22,1,0,Paid
SU17143,B08722,S0115,2026-08-24,4,5,Paid
SU17144,B05881,S0126,2025-08-29,3,0,Paid
SU17145,B00508,S0018,2025-02-06,4,5,Paid
SU17146,B09503,S0031,2026-07-05,1,10,Paid
SU17147,B09990,S0127,2026-07-14,1,0,Paid
SU17148,B07722,S0106,2026-04-23,3,15,Paid
SU17149,B00429,S0021,2026-01-07,1,0,Paid
SU17150,B01401,S0094,2026-08-05,1,5,Paid
SU17151,B04884,S0040,2026-02-21,2,5,Paid
SU17152,B07677,S0036,2025-10-23,1,5,Paid
SU17153,B01112,S0002,2025-06-13,3,5,Paid
SU17154,B09446,S0045,2025-01-10,1,0,Paid
SU17155,B05091,S0107,2025-12-24,1,25,Paid
SU17156,B01270,S0028,2025-12-31,3,0,Paid
SU17157,B09486,S0029,2026-05-24,1,0,Paid
SU17158,B03127,S0059,2024-09-11,2,10,Paid
SU17159,B06748,S0025,2024-09-04,1,0,Paid
SU17160,B01663,S0030,2025-12-17,2,0,Paid
SU17161,B00802,S0066,2025-12-15,2,0,Paid
SU17162,B08835,S0029,2026-03-12,2,15,Paid
SU17163,B04284,S0047,2024-12-06,1,10,Paid
SU17164,B09226,S0085,2024-10-06,1,10,Paid
SU17165,B01208,S0025,2024-11-08,3,5,Paid
SU17166,B06752,S0114,2024-11-03,3,5,Paid
SU17167,B04924,S0039,2026-08-18,3,10,Paid
SU17168,B02830,S0010,2025-08-06,1,0,Paid
SU17169,B01009,S0112,2024-12-23,2,5,Paid
SU17170,B02856,S0011,2025-10-26,2,0,Paid
SU17171,B05354,S0093,2024-01-08,3,0,Paid
SU17172,B06350,S0010,2026-01-04,2,20,Paid
SU17173,B08089,S0022,2024-03-04,2,10,Paid
SU17174,B07077,S0042,2025-01-14,5,10,Paid
SU17175,B05411,S0060,2024-10-09,6,25,Paid
SU17176,B08172,S0023,2025-11-25,2,5,Paid
SU17177,B00822,S0097,2024-11-17,1,5,Paid
SU17178,B06625,S0045,2026-08-05,3,15,Paid
SU17179,B02057,S0135,2025-09-28,5,20,Paid
SU17180,B09564,S0051,2024-10-11,3,5,Paid
SU17181,B03505,S0115,2026-06-12,5,5,Paid
SU17182,B09115,S0120,2026-04-30,3,5,Paid
SU17183,B03340,S0058,2026-03-22,1,10,Paid
SU17184,B02024,S0015,2024-12-16,1,0,Paid
SU17185,B05864,S0057,2026-08-11,4,5,Paid
SU17186,B02933,S0112,2025-11-23,2,5,Paid
SU17187,B03031,S0069,2024-01-19,1,0,Paid
SU17188,B02920,S0051,2024-05-08,2,10,Paid
SU17189,B09211,S0111,2025-12-08,1,15,Paid
SU17190,B03327,S0092,2025-12-05,2,20,Paid
SU17191,B01110,S0044,2025-11-19,1,10,Paid
SU17192,B08220,S0117,2025-09-03,8,0,Paid
SU17193,B09762,S0137,2026-08-26,1,0,Paid
SU17194,B06685,S0052,2025-01-18,2,20,Paid
SU17195,B06158,S0039,2025-08-25,10,0,Paid
SU17196,B09909,S0102,2026-07-27,6,15,Paid
SU17197,B05506,S0032,2026-04-15,8,10,Paid
SU17198,B06151,S0022,2024-04-30,1,0,Paid
SU17199,B01002,S0001,2024-06-06,3,10,Paid
SU17200,B00372,S0023,2026-04-14,2,10,Paid
SU17201,B00529,S0043,2024-10-17,2,0,Paid
SU17202,B07342,S0150,2026-07-27,1,0,Paid
SU17203,B08640,S0117,2026-04-16,6,0,Paid
SU17204,B09776,S0072,2024-11-24,5,0,Paid
SU17205,B02825,S0062,2026-05-10,1,10,Paid
SU17206,B03263,S0124,2024-06-14,2,0,Paid
SU17207,B03547,S0024,2024-12-22,4,10,Pending
SU17208,B07760,S0109,2026-03-20,3,10,Paid
SU17209,B04327,S0032,2026-08-11,3,0,Paid
SU17210,B08361,S0112,2026-07-02,4,15,Paid
SU17211,B00466,S0122,2025-09-11,5,0,Pending
SU17212,B03908,S0118,2024-03-01,2,15,Paid
SU17213,B04037,S0042,2026-06-27,1,10,Paid
SU17214,B06756,S0027,2025-10-03,3,0,Paid
SU17215,B03097,S0097,2026-06-02,2,25,Paid
SU17216,B03387,S0002,2026-08-30,3,10,Paid
SU17217,B06691,S0126,2026-06-24,1,5,Paid
SU17218,B01635,S0059,2024-05-18,1,0,Paid
SU17219,B05176,S0007,2025-11-27,1,0,Paid
SU17220,B03175,S0031,2024-03-19,1,10,Paid
SU17221,B00682,S0034,2025-09-25,1,0,Pending
SU17222,B08122,S0102,2026-06-27,8,20,Paid
SU17223,B04302,S0065,2026-05-30,4,15,Paid
SU17224,B06162,S0025,2026-08-19,2,10,Paid
SU17225,B01691,S0012,2026-04-07,1,0,Paid
SU17226,B01102,S0097,2026-07-13,1,5,Paid
SU17227,B03181,S0100,2026-07-04,2,0,Paid
SU17228,B02203,S0103,2024-06-09,5,0,Paid
SU17229,B06974,S0150,2025-02-03,1,0,Paid
SU17230,B06069,S0027,2024-12-24,2,0,Paid
SU17231,B06835,S0041,2026-03-02,3,0,Paid
SU17232,B08001,S0052,2024-09-03,1,5,Paid
SU17233,B01255,S0028,2026-08-24,4,0,Paid
SU17234,B07719,S0054,2026-08-30,2,0,Paid
SU17235,B08905,S0105,2026-02-27,1,0,Paid
SU17236,B01941,S0074,2025-05-06,4,5,Paid
SU17237,B00074,S0088,2025-08-23,1,0,Paid
SU17238,B09454,S0139,2024-12-28,5,10,Paid
SU17239,B05593,S0030,2026-08-17,1,0,Paid
SU17240,B09377,S0041,2024-02-21,1,25,Paid
SU17241,B05263,S0003,2026-05-04,6,0,Paid
SU17242,B02452,S0024,2024-07-11,5,5,Paid
SU17243,B04490,S0009,2024-10-11,1,10,Paid
SU17244,B00470,S0035,2026-07-02,1,0,Paid
SU17245,B03155,S0022,2026-08-23,1,15,Paid
SU17246,B08220,S0114,2025-09-02,2,0,Paid
SU17247,B08067,S0014,2025-11-16,1,5,Paid
SU17248,B01384,S0066,2025-05-17,1,0,Paid
SU17249,B09594,S0045,2026-03-08,1,0,Paid
SU17250,B04873,S0037,2024-01-24,3,0,Paid
SU17251,B06397,S0003,2026-04-09,2,20,Pending
SU17252,B08707,S0057,2026-07-23,6,10,Paid
SU17253,B06275,S0088,2024-01-02,1,0,Paid
SU17254,B09645,S0032,2025-11-02,2,0,Paid
SU17255,B09290,S0052,2025-01-10,1,0,Paid
SU17256,B04936,S0055,2026-03-28,1,10,Paid
SU17257,B08685,S0073,2026-05-25,1,5,Complimentary
SU17258,B07767,S0047,2025-10-08,1,0,Paid
SU17259,B02173,S0027,2025-11-28,1,10,Paid
SU17260,B04586,S0112,2025-02-11,3,0,Paid
SU17261,B00506,S0108,2026-03-08,5,5,Paid
SU17262,B00913,S0103,2024-08-28,4,0,Paid
SU17263,B02214,S0023,2025-11-05,1,10,Paid
SU17264,B02832,S0089,2025-07-19,1,0,Paid
SU17265,B07638,S0140,2025-12-24,2,0,Paid
SU17266,B05463,S0042,2026-08-21,4,10,Paid
SU17267,B08007,S0018,2025-03-20,5,0,Paid
SU17268,B04742,S0034,2026-02-01,2,25,Paid
SU17269,B03821,S0114,2024-09-12,1,0,Paid
SU17270,B01679,S0031,2024-03-02,1,5,Paid
SU17271,B03344,S0042,2024-09-27,3,10,Paid
SU17272,B01634,S0005,2025-07-24,1,0,Paid
SU17273,B06180,S0115,2024-12-01,2,10,Paid
SU17274,B05057,S0055,2025-09-26,1,10,Paid
SU17275,B05281,S0143,2026-02-28,4,25,Paid
SU17276,B04966,S0090,2024-07-29,8,10,Paid
SU17277,B00569,S0027,2026-03-21,2,0,Paid
SU17278,B09404,S0037,2026-05-25,3,5,Paid
SU17279,B09164,S0094,2026-03-16,2,0,Paid
SU17280,B07478,S0087,2024-09-25,4,0,Pending
SU17281,B05313,S0009,2025-12-14,3,5,Paid
SU17282,B06105,S0088,2025-03-11,1,10,Paid
SU17283,B04894,S0134,2026-06-20,2,5,Paid
SU17284,B05196,S0109,2026-01-13,6,5,Paid
SU17285,B01195,S0036,2024-03-30,1,5,Paid
SU17286,B04964,S0003,2025-08-31,3,20,Paid
SU17287,B05226,S0126,2024-12-02,1,10,Paid
SU17288,B05837,S0007,2025-10-06,2,0,Paid
SU17289,B03177,S0046,2025-04-18,1,0,Paid
SU17290,B00325,S0116,2026-03-27,2,10,Paid
SU17291,B07605,S0017,2026-04-18,4,10,Pending
SU17292,B06177,S0148,2026-07-13,6,15,Paid
SU17293,B09223,S0011,2025-03-24,5,5,Paid
SU17294,B06571,S0112,2026-04-04,2,10,Paid
SU17295,B05524,S0017,2026-07-05,5,0,Paid
SU17296,B03679,S0127,2026-06-29,2,0,Paid
SU17297,B04905,S0104,2026-07-06,1,5,Paid
SU17298,B03941,S0019,2026-07-17,2,20,Paid
SU17299,B05134,S0006,2026-03-04,5,10,Paid
SU17300,B06538,S0100,2026-08-28,3,15,Paid
SU17301,B09305,S0101,2025-12-14,3,5,Paid
SU17302,B04071,S0122,2024-08-07,2,0,Paid
SU17303,B01337,S0094,2024-06-27,1,5,Paid
SU17304,B08120,S0066,2026-04-21,1,10,Paid
SU17305,B07833,S0074,2025-10-01,2,20,Paid
SU17306,B05707,S0105,2025-02-07,2,0,Paid
SU17307,B05753,S0088,2025-08-06,1,10,Paid
SU17308,B07976,S0147,2026-02-17,5,10,Paid
SU17309,B05637,S0109,2026-06-19,2,15,Paid
SU17310,B03538,S0044,2024-11-03,2,5,Paid
SU17311,B06740,S0120,2025-01-28,2,5,Paid
SU17312,B05002,S0039,2024-12-01,5,0,Paid
SU17313,B00798,S0059,2024-05-09,2,5,Paid
SU17314,B01057,S0125,2025-09-09,2,10,Paid
SU17315,B09979,S0020,2025-11-11,2,0,Paid
SU17316,B09630,S0109,2026-08-02,2,0,Paid
SU17317,B00883,S0151,2024-04-19,1,20,Paid
SU17318,B05265,S0001,2024-09-01,5,5,Pending
SU17319,B04718,S0005,2025-01-27,1,0,Pending
SU17320,B06606,S0125,2026-07-16,1,5,Paid
SU17321,B06633,S0098,2025-05-25,3,5,Paid
SU17322,B01810,S0140,2026-05-19,1,10,Paid
SU17323,B01997,S0009,2025-09-05,3,0,Paid
SU17324,B04621,S0118,2026-02-09,1,5,Paid
SU17325,B06399,S0084,2025-01-10,1,0,Paid
SU17326,B02018,S0095,2024-09-17,1,5,Paid
SU17327,B02354,S0142,2026-05-28,1,10,Paid
SU17328,B08500,S0093,2025-09-23,8,0,Paid
SU17329,B09434,S0122,2026-08-22,4,0,Paid
SU17330,B01279,S0027,2025-08-21,2,10,Paid
SU17331,B04256,S0033,2026-03-22,3,5,Pending
SU17332,B09256,S0090,2026-07-14,6,0,Paid
SU17333,B02899,S0101,2024-10-11,3,0,Paid
SU17334,B04328,S0040,2024-04-03,3,5,Paid
SU17335,B06178,S0092,2026-07-14,5,10,Paid
SU17336,B00561,S0026,2025-05-14,5,10,Paid
SU17337,B02625,S0014,2026-02-05,2,0,Paid
SU17338,B00383,S0026,2026-04-19,2,5,Paid
SU17339,B03817,S0133,2026-04-07,2,5,Paid
SU17340,B03996,S0016,2024-05-16,1,0,Paid
SU17341,B05057,S0053,2025-09-26,1,5,Paid
SU17342,B05143,S0077,2024-12-02,4,5,Paid
SU17343,B02494,S0112,2026-04-24,3,15,Paid
SU17344,B09335,S0032,2026-08-30,6,0,Paid
SU17345,B02494,S0107,2026-04-24,1,0,Paid
SU17346,B05501,S0029,2024-12-21,3,10,Paid
SU17347,B08770,S0114,2025-04-07,2,20,Paid
SU17348,B06720,S0047,2025-01-04,1,10,Pending
SU17349,B07656,S0029,2025-10-29,5,0,Paid
SU17350,B08977,S0069,2025-09-22,1,5,Paid
SU17351,B04561,S0013,2026-03-31,4,15,Paid
SU17352,B04564,S0149,2024-07-15,1,10,Paid
SU17353,B02569,S0038,2025-10-10,2,10,Paid
SU17354,B06731,S0003,2025-12-21,4,0,Paid
SU17355,B00906,S0009,2026-08-23,1,0,Paid
SU17356,B02640,S0120,2024-01-13,4,0,Paid
SU17357,B08823,S0070,2026-02-12,2,5,Paid
SU17358,B00020,S0001,2024-07-23,4,5,Paid
SU17359,B05232,S0008,2025-04-02,2,20,Pending
SU17360,B00259,S0100,2026-02-27,4,5,Paid
SU17361,B04144,S0093,2025-08-30,2,5,Paid
SU17362,B08841,S0074,2024-03-01,1,0,Paid
SU17363,B09135,S0138,2025-11-20,1,10,Paid
SU17364,B01300,S0009,2024-07-20,1,0,Paid
SU17365,B06779,S0135,2025-11-11,4,0,Paid
SU17366,B08572,S0111,2025-05-16,2,0,Paid
SU17367,B05256,S0119,2025-03-15,2,5,Paid
SU17368,B02742,S0105,2026-08-25,8,10,Paid
SU17369,B06878,S0024,2024-08-24,4,0,Paid
SU17370,B08285,S0053,2025-01-20,1,25,Paid
SU17371,B08534,S0028,2026-03-27,2,0,Paid
SU17372,B02143,S0098,2026-08-10,3,15,Paid
SU17373,B06881,S0114,2026-02-11,2,10,Paid
SU17374,B07020,S0022,2025-08-20,2,5,Paid
SU17375,B05329,S0111,2024-03-15,2,0,Paid
SU17376,B07521,S0097,2026-03-01,2,5,Paid
SU17377,B04046,S0097,2026-04-01,2,5,Paid
SU17378,B06911,S0010,2024-01-31,4,10,Paid
SU17379,B06184,S0014,2026-08-01,2,5,Paid
SU17380,B01878,S0116,2025-01-23,1,10,Paid
SU17381,B08686,S0061,2026-08-23,4,15,Paid
SU17382,B00450,S0113,2025-05-12,2,10,Paid
SU17383,B08949,S0031,2026-01-12,2,5,Paid
SU17384,B05218,S0033,2026-02-20,3,5,Paid
SU17385,B00352,S0119,2025-01-14,2,0,Paid
SU17386,B07315,S0061,2025-08-20,5,10,Paid
SU17387,B01835,S0146,2025-11-05,3,0,Paid
SU17388,B04160,S0040,2026-02-01,3,0,Paid
SU17389,B05430,S0042,2024-12-20,3,0,Paid
SU17390,B07032,S0059,2025-12-06,2,10,Paid
SU17391,B08588,S0022,2026-01-07,1,15,Paid
SU17392,B00719,S0037,2025-08-08,1,0,Paid
SU17393,B09560,S0015,2025-11-12,1,0,Complimentary
SU17394,B09382,S0048,2025-02-17,4,10,Paid
SU17395,B01929,S0086,2025-04-13,2,0,Paid
SU17396,B05500,S0127,2026-06-26,3,15,Paid
SU17397,B09584,S0025,2026-03-18,8,25,Paid
SU17398,B02936,S0146,2024-11-06,2,0,Paid
SU17399,B02904,S0007,2026-04-10,1,0,Paid
SU17400,B01439,S0041,2024-06-25,1,15,Paid
SU17401,B04027,S0114,2025-12-18,5,10,Paid
SU17402,B02023,S0108,2026-05-23,2,0,Paid
SU17403,B03687,S0087,2026-05-09,2,0,Paid
SU17404,B01755,S0052,2026-08-15,1,5,Paid
SU17405,B02487,S0012,2026-02-20,1,5,Paid
SU17406,B08911,S0039,2024-12-30,3,15,Paid
SU17407,B01111,S0117,2025-06-26,1,5,Paid
SU17408,B04266,S0018,2025-04-30,1,10,Paid
SU17409,B00516,S0135,2026-05-30,5,0,Paid
SU17410,B07932,S0059,2024-12-15,2,0,Paid
SU17411,B01550,S0018,2024-01-26,1,0,Paid
SU17412,B08527,S0102,2026-06-03,1,15,Paid
SU17413,B09663,S0109,2025-05-27,1,0,Paid
SU17414,B00407,S0059,2026-08-29,5,10,Pending
SU17415,B08157,S0095,2026-08-27,4,15,Paid
SU17416,B04894,S0137,2026-06-22,2,0,Paid
SU17417,B09013,S0112,2026-06-08,4,5,Paid
SU17418,B07332,S0126,2025-10-28,1,10,Paid
SU17419,B04045,S0044,2024-01-28,2,20,Paid
SU17420,B02571,S0103,2024-12-24,3,10,Paid
SU17421,B06456,S0116,2026-08-12,2,0,Paid
SU17422,B02573,S0016,2025-06-24,3,5,Paid
SU17423,B08744,S0093,2026-05-14,3,5,Paid
SU17424,B02089,S0109,2025-04-01,2,0,Paid
SU17425,B08493,S0021,2024-12-30,3,20,Paid
SU17426,B03285,S0046,2026-05-24,1,10,Paid
SU17427,B05529,S0127,2026-08-20,1,0,Paid
SU17428,B05962,S0023,2026-03-28,1,5,Paid
SU17429,B02316,S0088,2024-01-11,5,0,Paid
SU17430,B05303,S0006,2026-01-29,1,10,Paid
SU17431,B04556,S0124,2026-07-29,1,0,Paid
SU17432,B06606,S0121,2026-07-16,2,10,Paid
SU17433,B03694,S0064,2025-04-07,1,0,Pending
SU17434,B06957,S0067,2025-11-11,2,10,Paid
SU17435,B07405,S0059,2025-10-01,5,0,Paid
SU17436,B00083,S0120,2025-01-18,3,0,Paid
SU17437,B06960,S0086,2025-11-12,4,10,Paid
SU17438,B06384,S0030,2026-04-06,2,10,Paid
SU17439,B03513,S0042,2026-08-26,8,10,Paid
SU17440,B05810,S0022,2026-02-14,1,25,Paid
SU17441,B07413,S0015,2026-06-16,3,20,Paid
SU17442,B00478,S0027,2026-03-06,2,10,Paid
SU17443,B06485,S0016,2024-05-14,4,0,Paid
SU17444,B07602,S0042,2024-07-05,2,15,Paid
SU17445,B09301,S0019,2026-06-17,1,5,Paid
SU17446,B01670,S0022,2026-05-03,3,20,Paid
SU17447,B06002,S0003,2024-07-02,8,10,Paid
SU17448,B04897,S0142,2025-10-14,2,5,Paid
SU17449,B01946,S0012,2026-08-30,1,0,Paid
SU17450,B00173,S0089,2024-01-24,1,10,Paid
SU17451,B04728,S0023,2026-04-15,1,20,Paid
SU17452,B07919,S0123,2024-05-30,2,0,Paid
SU17453,B09338,S0145,2026-02-23,4,10,Pending
SU17454,B05437,S0148,2026-08-28,6,10,Paid
SU17455,B07397,S0033,2024-02-22,2,5,Paid
SU17456,B02747,S0006,2025-12-25,2,5,Paid
SU17457,B01680,S0019,2024-07-02,5,0,Paid
SU17458,B05568,S0143,2024-06-12,2,0,Paid
SU17459,B01519,S0107,2025-12-30,1,25,Paid
SU17460,B07753,S0102,2024-10-14,3,5,Paid
SU17461,B00969,S0127,2025-04-24,3,10,Paid
SU17462,B00848,S0118,2025-08-12,5,5,Paid
SU17463,B00042,S0123,2026-08-20,2,5,Pending
SU17464,B00599,S0108,2024-03-12,2,10,Paid
SU17465,B07775,S0089,2025-12-12,2,15,Paid
SU17466,B03299,S0003,2025-06-04,5,5,Paid
SU17467,B08676,S0037,2025-06-14,3,15,Paid
SU17468,B08479,S0062,2026-02-17,1,5,Paid
SU17469,B06119,S0090,2024-02-26,4,20,Paid
SU17470,B06954,S0003,2026-03-05,6,20,Paid
SU17471,B00096,S0108,2024-03-19,4,0,Paid
SU17472,B08646,S0115,2024-06-07,2,5,Paid
SU17473,B08017,S0113,2024-07-24,5,20,Paid
SU17474,B07878,S0028,2025-11-12,1,0,Paid
SU17475,B05992,S0110,2024-12-30,1,15,Paid
SU17476,B01578,S0139,2026-03-20,5,5,Paid
SU17477,B06445,S0096,2026-02-03,2,10,Paid
SU17478,B08496,S0102,2026-07-18,3,0,Paid
SU17479,B05571,S0086,2025-06-29,5,5,Paid
SU17480,B00134,S0029,2026-01-11,1,0,Paid
SU17481,B01664,S0040,2026-01-30,3,10,Paid
SU17482,B00910,S0005,2025-03-22,2,5,Paid
SU17483,B08165,S0075,2024-07-28,3,5,Complimentary
SU17484,B06684,S0148,2024-05-09,1,10,Paid
SU17485,B00243,S0029,2024-09-30,2,0,Paid
SU17486,B05329,S0110,2024-03-15,2,0,Paid
SU17487,B09512,S0056,2024-05-10,3,0,Paid
SU17488,B09984,S0030,2026-07-27,1,10,Paid
SU17489,B07956,S0146,2025-05-01,4,15,Paid
SU17490,B02689,S0020,2026-06-17,3,5,Paid
SU17491,B03428,S0014,2026-08-24,6,10,Pending
SU17492,B07940,S0107,2026-06-03,4,5,Paid
SU17493,B06944,S0037,2025-05-11,2,10,Paid
SU17494,B09878,S0149,2026-05-23,2,10,Paid
SU17495,B07713,S0021,2026-06-16,1,10,Paid
SU17496,B02517,S0138,2024-03-19,2,10,Pending
SU17497,B06531,S0052,2024-12-05,3,0,Paid
SU17498,B03032,S0090,2024-08-19,4,10,Paid
SU17499,B03391,S0130,2026-05-26,1,0,Pending
SU17500,B08294,S0107,2025-11-28,2,0,Paid
SU17501,B07399,S0006,2026-03-21,1,15,Paid
SU17502,B09427,S0110,2025-05-02,2,0,Pending
SU17503,B02470,S0112,2025-01-01,2,0,Paid
SU17504,B09712,S0118,2026-07-06,2,0,Paid
SU17505,B08546,S0095,2024-09-14,5,0,Paid
SU17506,B06365,S0057,2026-01-21,2,5,Paid
SU17507,B06114,S0063,2026-04-01,1,10,Paid
SU17508,B04844,S0135,2026-02-11,3,0,Paid
SU17509,B00674,S0118,2026-05-06,2,0,Paid
SU17510,B04250,S0118,2025-02-16,4,5,Paid
SU17511,B07540,S0087,2025-10-21,2,0,Paid
SU17512,B06931,S0042,2026-01-31,8,0,Paid
SU17513,B05312,S0025,2025-10-16,3,5,Paid
SU17514,B04686,S0102,2024-11-28,5,10,Paid
SU17515,B09155,S0141,2025-11-24,1,5,Paid
SU17516,B05254,S0117,2025-11-14,5,20,Paid
SU17517,B00973,S0137,2026-08-08,3,15,Paid
SU17518,B00536,S0048,2026-08-21,3,0,Paid
SU17519,B08020,S0109,2024-07-03,3,5,Paid
SU17520,B04333,S0052,2026-04-17,1,0,Pending
SU17521,B09698,S0117,2024-02-22,3,0,Complimentary
SU17522,B04525,S0015,2025-12-30,1,0,Paid
SU17523,B07557,S0025,2025-08-20,2,5,Paid
SU17524,B07613,S0012,2026-08-16,2,5,Paid
SU17525,B03564,S0011,2025-06-30,4,25,Paid
SU17526,B00530,S0047,2025-12-12,2,10,Paid
SU17527,B06666,S0026,2025-08-16,4,0,Paid
SU17528,B06698,S0021,2026-04-22,2,20,Paid
SU17529,B03958,S0030,2026-07-02,1,10,Paid
SU17530,B02510,S0114,2026-07-21,1,5,Paid
SU17531,B00092,S0111,2025-09-09,1,15,Paid
SU17532,B06764,S0019,2026-04-19,4,0,Paid
SU17533,B09298,S0108,2025-12-09,3,5,Pending
SU17534,B07427,S0036,2026-08-17,1,20,Paid
SU17535,B06075,S0142,2026-05-12,3,10,Paid
SU17536,B02551,S0054,2026-08-21,4,0,Paid
SU17537,B09646,S0037,2026-01-20,2,5,Paid
SU17538,B06261,S0140,2024-10-14,1,0,Paid
SU17539,B00132,S0066,2025-09-17,1,5,Paid
SU17540,B05436,S0066,2026-02-04,2,20,Complimentary
SU17541,B03889,S0014,2026-08-21,4,0,Complimentary
SU17542,B04496,S0019,2026-05-26,3,5,Paid
SU17543,B01020,S0014,2026-06-04,6,10,Paid
SU17544,B04665,S0034,2025-02-03,3,0,Paid
SU17545,B01861,S0002,2025-08-06,2,5,Paid
SU17546,B04266,S0019,2025-04-26,3,0,Paid
SU17547,B04108,S0032,2025-07-14,3,10,Paid
SU17548,B03406,S0023,2026-02-28,1,5,Pending
SU17549,B02152,S0031,2025-07-08,2,25,Paid
SU17550,B05438,S0149,2026-06-02,5,0,Paid
SU17551,B07025,S0010,2024-09-11,4,10,Paid
SU17552,B05745,S0090,2026-05-25,2,5,Paid
SU17553,B09386,S0030,2024-04-13,2,5,Paid
SU17554,B00375,S0029,2025-04-09,5,0,Paid
SU17555,B07600,S0065,2025-12-19,3,25,Paid
SU17556,B00744,S0033,2026-01-09,3,10,Complimentary
SU17557,B00851,S0043,2026-05-09,3,0,Paid
SU17558,B07077,S0051,2025-01-14,3,5,Paid
SU17559,B05848,S0026,2026-03-15,1,0,Pending
SU17560,B09228,S0124,2024-05-12,2,15,Paid
SU17561,B01014,S0036,2025-07-05,1,0,Paid
SU17562,B05754,S0037,2025-02-14,1,0,Paid
SU17563,B06186,S0114,2024-12-05,1,10,Paid
SU17564,B01192,S0108,2025-10-14,3,10,Paid
SU17565,B09581,S0031,2025-10-05,3,5,Paid
SU17566,B07853,S0026,2025-12-15,4,15,Paid
SU17567,B07918,S0115,2026-05-08,2,10,Paid
SU17568,B03937,S0127,2025-03-11,1,0,Pending
SU17569,B04396,S0128,2026-04-29,1,10,Paid
SU17570,B09863,S0139,2026-05-15,6,0,Paid
SU17571,B09782,S0023,2024-11-09,1,15,Paid
SU17572,B04967,S0063,2025-05-29,1,0,Paid
SU17573,B02478,S0114,2024-04-12,4,10,Paid
SU17574,B07649,S0003,2025-07-02,6,0,Paid
SU17575,B01020,S0021,2026-06-05,1,0,Paid
SU17576,B07307,S0114,2025-07-05,1,0,Paid
SU17577,B07952,S0135,2025-09-06,1,10,Paid
SU17578,B03163,S0105,2024-10-07,4,10,Paid
SU17579,B09007,S0095,2026-08-29,3,0,Paid
SU17580,B09363,S0118,2024-12-24,10,5,Paid
SU17581,B03722,S0146,2024-01-21,3,0,Paid
SU17582,B09559,S0096,2026-02-14,3,0,Paid
SU17583,B05513,S0094,2024-12-03,1,10,Paid
SU17584,B05653,S0126,2025-09-06,1,0,Paid
SU17585,B06695,S0135,2026-03-31,1,5,Paid
SU17586,B07385,S0040,2026-06-11,1,5,Paid
SU17587,B06435,S0070,2024-10-18,4,0,Paid
SU17588,B06628,S0116,2026-05-17,2,10,Paid
SU17589,B07349,S0026,2026-08-09,2,0,Paid
SU17590,B07371,S0027,2026-03-04,2,5,Pending
SU17591,B01193,S0060,2025-11-12,2,0,Paid
SU17592,B03214,S0038,2024-06-15,2,5,Pending
SU17593,B06598,S0111,2025-07-31,1,0,Paid
SU17594,B04073,S0009,2026-08-23,1,5,Paid
SU17595,B00874,S0002,2025-11-18,5,0,Pending
SU17596,B07673,S0022,2025-01-18,1,20,Paid
SU17597,B08908,S0009,2026-05-10,1,5,Paid
SU17598,B01061,S0073,2024-01-17,2,5,Paid
SU17599,B07711,S0149,2024-06-09,2,5,Paid
SU17600,B01085,S0027,2024-07-16,1,5,Paid
SU17601,B08449,S0021,2026-04-02,2,5,Paid
SU17602,B05806,S0021,2026-07-25,3,0,Paid
SU17603,B07333,S0009,2026-05-22,3,0,Complimentary
SU17604,B05918,S0043,2025-10-18,3,0,Paid
SU17605,B05537,S0061,2025-01-15,4,5,Paid
SU17606,B01894,S0061,2025-02-13,2,0,Paid
SU17607,B05829,S0132,2025-05-22,2,5,Paid
SU17608,B05052,S0104,2026-07-10,1,10,Paid
SU17609,B03773,S0011,2024-09-25,3,0,Paid
SU17610,B02058,S0114,2026-01-30,1,0,Complimentary
SU17611,B02625,S0014,2026-02-04,5,10,Pending
SU17612,B09826,S0029,2026-05-30,2,10,Paid
SU17613,B03170,S0038,2026-02-08,1,0,Pending
SU17614,B08159,S0094,2026-06-21,3,5,Paid
SU17615,B05371,S0086,2025-04-29,1,5,Paid
SU17616,B01846,S0025,2026-05-17,8,15,Paid
SU17617,B01630,S0097,2026-01-10,2,10,Paid
SU17618,B00386,S0030,2025-01-22,1,10,Paid
SU17619,B06004,S0043,2025-01-17,4,0,Paid
SU17620,B00731,S0124,2026-04-24,1,15,Paid
SU17621,B08414,S0040,2025-01-06,2,5,Paid
SU17622,B01321,S0005,2026-01-13,2,0,Complimentary
SU17623,B00088,S0007,2026-08-17,1,0,Paid
SU17624,B05935,S0071,2024-12-18,1,0,Paid
SU17625,B08061,S0123,2026-08-23,3,0,Paid
SU17626,B08562,S0114,2025-04-21,5,10,Paid
SU17627,B01254,S0061,2026-06-01,4,10,Paid
SU17628,B00855,S0044,2025-11-16,2,10,Paid
SU17629,B01131,S0037,2026-05-08,2,0,Pending
SU17630,B03393,S0114,2026-08-22,4,0,Pending
SU17631,B07991,S0108,2026-05-28,3,15,Paid
SU17632,B02957,S0137,2024-01-31,1,10,Paid
SU17633,B07128,S0023,2026-08-10,1,0,Paid
SU17634,B01695,S0094,2026-08-14,3,10,Paid
SU17635,B08362,S0013,2026-07-14,3,10,Paid
SU17636,B06817,S0138,2025-12-14,1,5,Paid
SU17637,B03850,S0045,2025-03-21,2,25,Paid
SU17638,B05720,S0025,2026-02-04,4,0,Paid
SU17639,B06946,S0028,2026-05-10,4,10,Paid
SU17640,B08223,S0055,2026-01-05,1,10,Paid
SU17641,B02650,S0012,2026-05-02,1,0,Paid
SU17642,B08594,S0037,2024-06-17,5,10,Paid
SU17643,B05436,S0061,2026-02-02,2,15,Paid
SU17644,B05016,S0138,2026-05-02,2,5,Paid
SU17645,B09223,S0013,2025-03-30,4,20,Paid
SU17646,B08200,S0029,2024-05-22,1,0,Paid
SU17647,B09502,S0107,2024-12-28,2,15,Paid
SU17648,B03669,S0070,2024-11-01,4,0,Paid
SU17649,B07443,S0099,2025-10-30,1,10,Paid
SU17650,B04960,S0051,2026-01-31,2,15,Paid
SU17651,B02440,S0019,2026-08-19,2,0,Paid
SU17652,B08206,S0093,2025-01-31,4,0,Paid
SU17653,B03475,S0107,2024-12-16,8,0,Paid
SU17654,B09951,S0009,2024-04-15,3,0,Paid
SU17655,B06810,S0112,2026-05-23,4,10,Pending
SU17656,B00583,S0095,2026-02-13,5,5,Paid
SU17657,B05953,S0026,2025-11-29,4,5,Paid
SU17658,B04963,S0023,2026-06-30,1,0,Paid
SU17659,B02816,S0029,2025-03-30,6,0,Paid
SU17660,B09613,S0034,2026-02-24,1,15,Paid
SU17661,B06238,S0090,2026-06-23,5,0,Paid
SU17662,B03527,S0141,2026-08-28,1,10,Paid
SU17663,B01627,S0055,2026-06-29,1,5,Paid
SU17664,B06765,S0017,2026-06-15,4,0,Paid
SU17665,B06186,S0117,2024-12-05,1,0,Paid
SU17666,B01383,S0070,2025-03-04,4,0,Paid
SU17667,B07405,S0055,2025-09-30,2,10,Paid
SU17668,B02950,S0063,2024-09-09,1,0,Paid
SU17669,B07282,S0033,2025-04-22,1,5,Paid
SU17670,B09436,S0041,2025-08-31,5,10,Paid
SU17671,B00690,S0007,2025-04-25,1,0,Paid
SU17672,B09704,S0039,2026-02-14,5,10,Paid
SU17673,B05647,S0104,2026-08-13,3,10,Paid
SU17674,B03802,S0051,2026-01-23,4,5,Paid
SU17675,B05753,S0091,2025-08-06,3,0,Paid
SU17676,B05438,S0148,2026-06-04,3,0,Paid
SU17677,B07049,S0018,2025-02-02,2,0,Paid
SU17678,B09253,S0029,2025-01-25,3,20,Paid
SU17679,B01695,S0093,2026-08-14,4,0,Paid
SU17680,B09693,S0037,2025-11-07,4,10,Paid
SU17681,B02277,S0025,2025-09-23,1,0,Paid
SU17682,B01144,S0107,2026-04-29,6,5,Paid
SU17683,B01308,S0049,2025-10-02,1,0,Paid
SU17684,B07016,S0116,2026-04-05,1,0,Paid
SU17685,B08073,S0006,2026-08-29,5,5,Complimentary
SU17686,B09502,S0113,2024-12-29,5,5,Paid
SU17687,B04163,S0022,2025-10-08,1,5,Paid
SU17688,B05520,S0031,2024-10-05,2,10,Paid
SU17689,B00256,S0053,2024-12-24,1,5,Paid
SU17690,B05738,S0126,2025-05-04,2,5,Paid
SU17691,B04482,S0086,2026-05-26,5,15,Paid
SU17692,B02356,S0093,2026-07-24,8,0,Paid
SU17693,B07572,S0119,2025-05-06,1,5,Pending
SU17694,B04814,S0009,2025-11-13,1,0,Paid
SU17695,B03714,S0041,2025-04-26,3,0,Paid
SU17696,B08872,S0126,2025-09-03,1,0,Paid
SU17697,B07190,S0136,2025-07-17,1,10,Paid
SU17698,B06625,S0049,2026-08-06,1,10,Paid
SU17699,B03861,S0022,2024-03-19,2,0,Paid
SU17700,B01758,S0032,2026-04-13,2,5,Paid
SU17701,B01989,S0034,2026-06-18,2,5,Paid
SU17702,B08820,S0095,2025-09-19,2,5,Paid
SU17703,B08043,S0132,2025-06-23,1,10,Paid
SU17704,B05658,S0009,2026-08-23,1,5,Paid
SU17705,B08773,S0101,2025-12-21,3,0,Paid
SU17706,B06746,S0122,2025-08-15,2,0,Paid
SU17707,B06996,S0042,2024-01-19,2,0,Paid
SU17708,B04441,S0094,2024-12-29,2,0,Paid
SU17709,B04861,S0122,2025-03-25,1,0,Paid
SU17710,B07226,S0024,2025-11-05,1,10,Paid
SU17711,B09832,S0003,2026-01-30,8,10,Paid
SU17712,B03848,S0089,2026-08-30,1,5,Paid
SU17713,B02210,S0093,2026-06-14,3,10,Paid
SU17714,B06163,S0097,2025-06-09,5,10,Paid
SU17715,B08966,S0007,2024-12-30,3,0,Paid
SU17716,B06569,S0121,2025-09-16,1,0,Paid
SU17717,B01894,S0066,2025-02-14,1,5,Paid
SU17718,B08875,S0003,2025-01-24,3,0,Paid
SU17719,B01117,S0113,2024-04-03,1,0,Paid
SU17720,B05028,S0072,2024-12-11,1,5,Paid
SU17721,B02982,S0126,2026-07-08,1,0,Paid
SU17722,B01159,S0136,2026-05-08,3,0,Paid
SU17723,B01489,S0118,2026-08-23,1,5,Paid
SU17724,B01318,S0056,2026-08-19,2,5,Pending
SU17725,B05564,S0132,2024-12-25,2,0,Paid
SU17726,B03763,S0108,2026-05-18,3,5,Paid
SU17727,B02760,S0139,2024-04-13,2,10,Complimentary
SU17728,B08826,S0090,2026-08-11,3,5,Paid
SU17729,B05651,S0035,2024-02-23,5,5,Paid
SU17730,B00345,S0040,2026-08-27,2,0,Paid
SU17731,B00951,S0031,2026-07-04,1,10,Paid
SU17732,B09472,S0073,2024-11-23,1,10,Paid
SU17733,B09258,S0051,2025-11-02,1,10,Paid
SU17734,B08667,S0024,2025-11-20,1,20,Paid
SU17735,B09020,S0008,2026-07-25,1,0,Paid
SU17736,B04132,S0044,2026-01-20,1,5,Paid
SU17737,B02483,S0003,2026-08-18,5,0,Paid
SU17738,B07214,S0015,2026-08-06,1,5,Paid
SU17739,B02059,S0025,2026-08-14,3,5,Paid
SU17740,B06265,S0042,2025-11-06,5,0,Paid
SU17741,B02847,S0073,2026-04-10,1,15,Paid
SU17742,B03967,S0001,2024-02-26,6,5,Paid
SU17743,B00781,S0035,2024-04-19,2,5,Paid
SU17744,B06868,S0057,2026-01-21,4,5,Paid
SU17745,B00572,S0028,2025-03-15,1,10,Paid
SU17746,B02294,S0055,2026-03-07,1,10,Paid
SU17747,B01655,S0051,2025-12-03,4,0,Paid
SU17748,B03694,S0063,2025-04-10,1,10,Pending
SU17749,B01354,S0031,2026-04-09,1,15,Paid
SU17750,B07111,S0118,2025-06-29,1,15,Paid
SU17751,B09770,S0110,2024-01-13,1,10,Paid
SU17752,B08305,S0094,2025-09-11,2,5,Paid
SU17753,B00605,S0112,2025-11-29,4,10,Paid
SU17754,B09144,S0041,2024-10-11,1,0,Paid
SU17755,B00992,S0030,2024-01-18,1,25,Paid
SU17756,B01427,S0035,2025-09-28,3,0,Paid
SU17757,B07990,S0050,2025-09-27,6,10,Pending
SU17758,B02010,S0049,2025-04-25,1,0,Paid
SU17759,B05669,S0009,2026-04-04,2,10,Paid
SU17760,B00591,S0002,2026-07-14,2,15,Paid
SU17761,B04597,S0049,2025-12-02,1,10,Paid
SU17762,B00458,S0050,2025-03-25,4,10,Paid
SU17763,B05807,S0015,2026-08-25,2,10,Paid
SU17764,B04966,S0092,2024-07-31,3,20,Paid
SU17765,B02378,S0054,2024-01-08,4,0,Paid
SU17766,B00937,S0002,2026-07-03,3,10,Paid
SU17767,B03358,S0025,2026-07-13,10,5,Paid
SU17768,B05124,S0047,2026-01-21,2,5,Paid
SU17769,B09838,S0025,2025-06-08,2,0,Paid
SU17770,B03383,S0025,2026-08-26,2,5,Paid
SU17771,B02875,S0095,2024-11-12,2,5,Paid
SU17772,B03645,S0091,2024-04-16,2,5,Paid
SU17773,B01651,S0120,2025-12-24,4,10,Paid
SU17774,B04966,S0087,2024-07-29,4,0,Paid
SU17775,B07272,S0110,2025-08-01,5,10,Pending
SU17776,B02159,S0130,2026-08-26,1,0,Pending
SU17777,B04356,S0104,2026-02-13,3,10,Paid
SU17778,B03003,S0025,2026-08-04,6,0,Paid
SU17779,B01531,S0044,2025-12-12,1,0,Paid
SU17780,B08598,S0038,2026-08-29,2,5,Paid
SU17781,B03333,S0023,2026-05-30,2,0,Paid
SU17782,B03891,S0010,2026-01-08,3,10,Paid
SU17783,B08607,S0016,2024-02-03,2,20,Paid
SU17784,B06231,S0019,2026-07-10,2,10,Paid
SU17785,B09026,S0108,2026-03-07,2,5,Paid
SU17786,B06199,S0100,2025-04-14,3,10,Paid
SU17787,B06297,S0014,2025-07-23,4,20,Paid
SU17788,B07206,S0032,2026-08-19,3,0,Paid
SU17789,B03951,S0039,2026-07-29,2,0,Paid
SU17790,B01738,S0048,2026-06-30,2,5,Pending
SU17791,B00142,S0090,2024-08-28,1,25,Paid
SU17792,B09162,S0059,2024-04-09,2,0,Paid
SU17793,B02656,S0007,2025-12-08,3,0,Paid
SU17794,B03184,S0031,2024-11-16,1,5,Paid
SU17795,B01805,S0117,2026-04-14,4,15,Paid
SU17796,B06912,S0001,2025-03-31,2,5,Pending
SU17797,B04203,S0019,2024-02-09,4,10,Paid
SU17798,B09939,S0119,2024-03-23,4,0,Paid
SU17799,B05959,S0090,2025-06-28,2,10,Paid
SU17800,B00452,S0028,2026-02-26,2,0,Paid
SU17801,B06056,S0113,2024-12-08,4,5,Paid
SU17802,B03328,S0046,2026-02-05,2,10,Paid
SU17803,B00243,S0031,2024-09-30,1,20,Paid
SU17804,B03434,S0026,2024-10-06,3,15,Paid
SU17805,B05705,S0055,2026-04-15,1,0,Paid
SU17806,B08428,S0092,2025-10-25,5,15,Paid
SU17807,B09257,S0065,2025-09-02,4,20,Paid
SU17808,B02950,S0064,2024-09-09,6,20,Paid
SU17809,B00299,S0030,2026-06-11,1,5,Paid
SU17810,B06321,S0026,2025-04-03,6,0,Paid
SU17811,B04353,S0116,2026-05-12,1,20,Paid
SU17812,B06465,S0041,2026-05-24,5,10,Paid
SU17813,B05273,S0144,2025-11-04,1,20,Complimentary
SU17814,B06996,S0051,2024-01-17,2,10,Complimentary
SU17815,B08234,S0122,2024-02-03,4,5,Paid
SU17816,B06386,S0006,2026-07-14,4,10,Paid
SU17817,B07275,S0109,2026-03-23,2,5,Paid
SU17818,B00930,S0060,2026-08-09,4,0,Paid
SU17819,B06278,S0089,2025-01-17,1,0,Paid
SU17820,B03394,S0118,2026-04-09,6,0,Paid
SU17821,B00637,S0115,2025-01-14,3,0,Paid
SU17822,B06927,S0147,2026-08-05,4,5,Paid
SU17823,B01605,S0145,2025-12-02,6,0,Pending
SU17824,B03600,S0017,2026-08-20,6,5,Paid
SU17825,B01089,S0005,2026-08-02,1,10,Paid
SU17826,B05799,S0002,2026-02-19,5,20,Paid
SU17827,B00677,S0068,2025-06-09,6,0,Paid
SU17828,B00720,S0009,2026-02-16,2,0,Paid
SU17829,B02570,S0003,2024-11-30,3,0,Paid
SU17830,B04042,S0042,2026-01-30,1,10,Paid
SU17831,B05346,S0006,2025-12-21,3,10,Paid
SU17832,B00639,S0118,2026-06-10,4,0,Paid
SU17833,B03005,S0121,2025-03-21,4,5,Paid
SU17834,B07056,S0017,2026-05-14,1,15,Paid
SU17835,B01374,S0034,2025-09-23,1,0,Paid
SU17836,B05005,S0010,2025-08-07,1,0,Paid
SU17837,B05402,S0016,2025-07-23,4,15,Paid
SU17838,B04366,S0114,2025-11-01,1,10,Paid
SU17839,B05575,S0067,2025-07-17,5,5,Paid
SU17840,B01723,S0038,2026-06-11,2,5,Paid
SU17841,B03179,S0125,2025-07-07,2,5,Paid
SU17842,B06886,S0024,2025-05-27,2,20,Paid
SU17843,B00404,S0136,2025-06-28,1,10,Paid
SU17844,B09285,S0114,2025-01-29,1,0,Pending
SU17845,B02241,S0043,2026-08-07,3,5,Paid
SU17846,B05275,S0035,2025-04-28,2,10,Paid
SU17847,B00263,S0072,2025-10-15,5,0,Paid
SU17848,B04567,S0044,2025-10-08,1,20,Paid
SU17849,B06168,S0013,2025-04-04,2,10,Paid
SU17850,B02360,S0105,2025-10-19,6,0,Paid
SU17851,B05415,S0124,2025-11-09,1,10,Complimentary
SU17852,B05525,S0039,2025-11-29,6,5,Paid
SU17853,B06718,S0133,2025-06-23,2,0,Paid
SU17854,B05140,S0016,2024-03-24,2,0,Paid
SU17855,B06882,S0126,2025-09-29,3,5,Paid
SU17856,B07214,S0021,2026-08-05,2,10,Paid
SU17857,B03542,S0035,2026-08-01,2,5,Paid
SU17858,B09775,S0012,2026-03-26,1,5,Paid
SU17859,B06176,S0103,2026-05-09,2,10,Paid
SU17860,B01357,S0003,2026-07-26,5,0,Paid
SU17861,B08127,S0026,2026-06-11,1,0,Paid
SU17862,B00709,S0123,2026-08-05,2,0,Paid
SU17863,B01658,S0023,2026-01-15,3,0,Paid
SU17864,B03128,S0049,2026-02-27,2,0,Pending
SU17865,B02048,S0028,2026-07-19,5,10,Paid
SU17866,B04524,S0005,2025-11-04,3,0,Paid
SU17867,B01646,S0114,2025-10-25,2,0,Pending
SU17868,B03498,S0041,2025-08-30,2,10,Paid
SU17869,B01241,S0089,2024-04-23,1,0,Paid
SU17870,B01109,S0010,2026-07-18,2,0,Paid
SU17871,B04354,S0050,2026-08-08,3,0,Paid
SU17872,B06974,S0151,2025-02-06,1,15,Paid
SU17873,B03415,S0041,2024-09-10,4,5,Paid
SU17874,B00913,S0102,2024-08-28,6,0,Paid
SU17875,B05323,S0126,2026-06-07,2,5,Paid
SU17876,B08335,S0036,2025-07-05,1,10,Paid
SU17877,B06385,S0109,2026-06-29,2,5,Paid
SU17878,B09127,S0050,2025-08-08,2,5,Paid
SU17879,B09611,S0005,2025-02-22,1,0,Paid
SU17880,B02604,S0002,2024-10-24,2,0,Paid
SU17881,B02528,S0098,2025-10-21,2,0,Paid
SU17882,B07597,S0019,2025-12-25,4,15,Paid
SU17883,B01508,S0048,2026-05-08,2,5,Paid
SU17884,B09671,S0048,2026-06-27,1,15,Paid
SU17885,B00744,S0038,2026-01-10,2,0,Paid
SU17886,B08025,S0129,2025-03-24,2,5,Paid
SU17887,B01102,S0098,2026-07-12,2,20,Paid
SU17888,B09504,S0030,2026-08-29,2,0,Paid
SU17889,B02850,S0042,2024-03-31,4,0,Pending
SU17890,B01663,S0027,2025-12-16,2,0,Paid
SU17891,B01217,S0133,2026-06-12,5,15,Paid
SU17892,B05648,S0022,2025-08-06,1,15,Paid
SU17893,B06406,S0086,2025-04-01,3,5,Pending
SU17894,B08921,S0026,2026-01-10,1,5,Paid
SU17895,B08389,S0028,2025-04-03,2,5,Paid
SU17896,B03869,S0114,2025-02-02,8,0,Paid
SU17897,B06117,S0091,2026-03-01,6,0,Paid
SU17898,B04707,S0023,2024-03-15,3,5,Paid
SU17899,B04460,S0010,2026-04-17,5,0,Paid
SU17900,B09766,S0111,2025-01-02,2,0,Paid
SU17901,B09648,S0096,2026-03-26,1,10,Paid
SU17902,B00681,S0030,2025-03-18,1,0,Paid
SU17903,B08275,S0089,2024-12-28,1,15,Paid
SU17904,B07149,S0065,2026-05-02,5,20,Paid
SU17905,B08327,S0024,2024-03-23,1,0,Paid
SU17906,B07429,S0126,2026-06-07,1,10,Paid
SU17907,B02385,S0117,2025-08-13,2,20,Paid
SU17908,B04971,S0094,2026-08-29,1,10,Paid
SU17909,B03690,S0048,2026-08-29,3,25,Paid
SU17910,B01811,S0039,2024-09-07,3,15,Pending
SU17911,B09008,S0028,2024-01-25,1,15,Paid
SU17912,B08474,S0097,2024-09-25,3,0,Complimentary
SU17913,B06315,S0127,2024-01-07,3,5,Paid
SU17914,B06813,S0013,2026-04-22,1,5,Paid
SU17915,B07663,S0132,2025-06-13,1,0,Paid
SU17916,B02174,S0043,2026-02-01,1,0,Paid
SU17917,B07070,S0037,2026-05-23,4,5,Paid
SU17918,B08349,S0008,2026-08-15,1,0,Paid
SU17919,B04385,S0125,2024-06-10,2,10,Paid
SU17920,B02180,S0033,2025-10-03,1,15,Paid
SU17921,B04621,S0114,2026-02-10,2,10,Pending
SU17922,B08364,S0064,2026-03-06,4,0,Paid
SU17923,B08634,S0150,2025-04-24,1,25,Paid
SU17924,B06477,S0064,2026-07-29,3,5,Paid
SU17925,B03743,S0122,2024-07-27,1,0,Paid
SU17926,B07913,S0007,2026-06-08,2,0,Paid
SU17927,B06957,S0074,2025-11-11,3,10,Paid
SU17928,B08469,S0021,2025-07-26,2,5,Pending
SU17929,B05455,S0038,2024-07-30,2,0,Paid
SU17930,B00577,S0107,2026-06-19,2,15,Paid
SU17931,B06200,S0043,2024-06-28,4,0,Paid
SU17932,B02977,S0123,2024-12-15,1,5,Paid
SU17933,B07381,S0037,2026-07-04,1,5,Paid
SU17934,B05541,S0010,2026-07-28,1,5,Paid
SU17935,B06531,S0046,2024-12-05,5,10,Paid
SU17936,B09141,S0071,2026-06-06,2,10,Paid
SU17937,B03271,S0025,2026-07-22,1,0,Paid
SU17938,B09735,S0034,2026-07-11,1,0,Paid
SU17939,B08792,S0117,2025-07-28,5,15,Paid
SU17940,B07346,S0010,2026-05-30,5,10,Paid
SU17941,B00990,S0051,2026-01-19,3,0,Paid
SU17942,B03494,S0053,2026-03-05,1,5,Paid
SU17943,B06751,S0095,2026-07-12,3,0,Paid
SU17944,B06586,S0088,2026-05-22,4,20,Paid
SU17945,B04210,S0069,2024-04-26,2,0,Paid
SU17946,B09613,S0034,2026-02-24,2,0,Paid
SU17947,B05637,S0107,2026-06-19,3,5,Paid
SU17948,B03280,S0022,2025-11-07,3,5,Paid
SU17949,B06771,S0037,2026-01-27,3,15,Paid
SU17950,B07617,S0116,2026-01-12,1,10,Paid
SU17951,B02034,S0014,2026-08-19,5,15,Paid
SU17952,B04537,S0074,2026-02-14,4,0,Paid
SU17953,B03090,S0108,2025-06-14,4,5,Pending
SU17954,B03620,S0093,2026-03-22,1,20,Paid
SU17955,B01251,S0140,2026-08-14,2,10,Paid
SU17956,B01670,S0023,2026-05-03,1,10,Paid
SU17957,B06660,S0005,2026-08-09,3,15,Paid
SU17958,B00677,S0070,2025-06-09,5,10,Paid
SU17959,B08187,S0119,2025-04-12,3,5,Paid
SU17960,B05229,S0145,2026-05-17,3,5,Paid
SU17961,B02778,S0141,2025-08-31,1,0,Paid
SU17962,B05370,S0007,2025-11-19,1,5,Paid
SU17963,B06895,S0063,2026-08-11,2,15,Paid
SU17964,B02523,S0123,2025-07-26,4,10,Paid
SU17965,B09224,S0050,2026-02-04,5,5,Paid
SU17966,B09235,S0106,2024-04-26,3,0,Paid
SU17967,B06130,S0026,2024-04-06,8,0,Paid
SU17968,B07284,S0026,2026-08-02,4,10,Paid
SU17969,B09728,S0120,2026-06-30,2,25,Paid
SU17970,B02128,S0010,2026-01-21,2,5,Paid
SU17971,B05091,S0107,2025-12-24,5,15,Paid
SU17972,B05224,S0040,2026-08-02,6,0,Paid
SU17973,B00395,S0046,2026-02-08,3,10,Paid
SU17974,B07601,S0094,2026-03-01,1,0,Paid
SU17975,B05436,S0065,2026-02-01,4,0,Pending
SU17976,B00011,S0102,2024-05-13,1,5,Paid
SU17977,B03482,S0097,2025-05-23,2,10,Paid
SU17978,B04632,S0124,2026-04-27,1,0,Paid
SU17979,B08902,S0118,2025-03-08,8,0,Paid
SU17980,B08505,S0130,2026-02-10,1,10,Paid
SU17981,B05600,S0069,2024-01-25,1,0,Paid
SU17982,B01725,S0031,2024-06-01,2,15,Paid
SU17983,B03979,S0102,2024-10-13,3,10,Paid
SU17984,B06199,S0106,2025-04-14,1,10,Paid
SU17985,B05695,S0022,2026-06-16,1,10,Paid
SU17986,B05954,S0039,2026-04-17,1,10,Paid
SU17987,B04132,S0045,2026-01-20,3,15,Paid
SU17988,B07950,S0019,2026-08-15,1,5,Paid
SU17989,B05177,S0126,2026-08-08,1,0,Paid
SU17990,B07574,S0018,2025-01-08,1,5,Paid
SU17991,B04786,S0041,2024-08-06,5,15,Paid
SU17992,B09928,S0037,2025-12-30,3,0,Paid
SU17993,B08792,S0114,2025-07-28,4,10,Paid
SU17994,B00150,S0006,2025-12-20,2,0,Paid
SU17995,B03161,S0092,2024-12-27,2,20,Paid
SU17996,B08140,S0012,2026-07-16,1,5,Paid
SU17997,B03826,S0050,2026-05-10,4,0,Paid
SU17998,B09726,S0120,2026-04-13,2,5,Paid
SU17999,B04954,S0040,2025-12-27,4,25,Paid
SU18000,B02418,S0123,2026-07-31,6,0,Paid
SU18001,B02035,S0027,2025-10-05,3,0,Paid
SU18002,B02938,S0140,2025-03-29,1,15,Paid
SU18003,B07765,S0118,2026-07-26,1,0,Paid
SU18004,B09015,S0014,2025-12-14,3,15,Paid
SU18005,B01323,S0032,2026-03-10,4,10,Paid
SU18006,B05092,S0144,2024-08-28,2,5,Paid
SU18007,B04311,S0121,2024-06-19,2,10,Paid
SU18008,B07660,S0048,2026-08-27,4,20,Paid
SU18009,B08382,S0106,2024-11-26,4,10,Paid
SU18010,B00909,S0006,2026-08-30,3,15,Paid
SU18011,B00765,S0104,2026-06-17,3,25,Paid
SU18012,B00415,S0027,2025-08-27,3,15,Paid
SU18013,B09617,S0106,2025-05-01,2,10,Paid
SU18014,B03393,S0115,2026-08-22,3,10,Paid
SU18015,B00405,S0122,2026-07-09,1,0,Paid
SU18016,B01919,S0094,2024-01-31,1,15,Paid
SU18017,B06066,S0027,2025-04-22,4,0,Pending
SU18018,B03275,S0047,2025-02-10,2,10,Paid
SU18019,B03144,S0029,2024-02-03,3,0,Paid
SU18020,B03368,S0030,2026-05-19,1,0,Paid
SU18021,B05162,S0010,2024-09-15,5,10,Paid
SU18022,B09418,S0140,2024-03-06,1,10,Paid
SU18023,B03344,S0047,2024-09-27,1,10,Paid
SU18024,B05408,S0027,2024-10-03,4,10,Paid
SU18025,B01943,S0010,2024-12-08,4,20,Paid
SU18026,B01880,S0123,2025-12-26,3,0,Paid
SU18027,B04157,S0144,2026-01-18,3,10,Paid
SU18028,B09511,S0039,2026-01-06,2,5,Paid
SU18029,B00122,S0040,2024-09-30,1,5,Paid
SU18030,B06003,S0139,2024-11-05,2,10,Paid
SU18031,B00535,S0025,2026-06-27,10,10,Complimentary
SU18032,B03680,S0092,2026-08-25,2,20,Paid
SU18033,B02723,S0062,2024-12-28,1,10,Paid
SU18034,B06991,S0109,2026-06-22,3,0,Paid
SU18035,B00929,S0020,2026-04-27,1,20,Paid
SU18036,B03464,S0147,2026-07-05,1,10,Paid
SU18037,B07231,S0050,2026-08-30,2,0,Paid
SU18038,B00882,S0009,2025-09-15,1,0,Paid
SU18039,B01949,S0108,2025-08-08,1,20,Paid
SU18040,B03505,S0115,2026-06-10,3,5,Paid
SU18041,B01225,S0110,2026-02-28,1,5,Pending
SU18042,B08282,S0114,2025-06-26,5,0,Paid
SU18043,B08527,S0103,2026-06-03,5,25,Paid
SU18044,B01611,S0021,2026-06-25,1,5,Paid
SU18045,B09898,S0141,2024-02-17,2,10,Paid
SU18046,B06236,S0088,2026-06-19,1,10,Paid
SU18047,B00372,S0025,2026-04-17,1,0,Paid
SU18048,B01476,S0127,2026-05-15,8,15,Paid
SU18049,B06385,S0109,2026-06-29,3,0,Paid
SU18050,B09019,S0033,2026-04-06,1,0,Paid
SU18051,B09807,S0097,2026-04-28,4,20,Paid
SU18052,B02798,S0060,2024-08-26,5,5,Paid
SU18053,B07374,S0096,2025-04-06,4,0,Paid
SU18054,B00513,S0032,2024-10-02,3,15,Paid
SU18055,B02545,S0057,2024-07-28,5,0,Paid
SU18056,B05720,S0023,2026-02-01,3,10,Paid
SU18057,B07607,S0009,2025-04-12,3,0,Paid
SU18058,B03700,S0053,2026-05-22,1,10,Paid
SU18059,B05449,S0119,2025-05-11,3,10,Paid
SU18060,B03203,S0032,2026-04-30,3,15,Paid
SU18061,B02351,S0013,2025-12-06,2,10,Paid
SU18062,B03080,S0110,2026-05-30,2,10,Paid
SU18063,B04725,S0150,2026-04-26,1,5,Paid
SU18064,B03681,S0119,2024-04-01,6,5,Paid
SU18065,B00088,S0008,2026-08-17,1,5,Pending
SU18066,B05172,S0150,2026-02-16,1,0,Paid
SU18067,B04170,S0041,2025-01-10,1,0,Paid
SU18068,B08133,S0051,2024-06-02,4,0,Paid
SU18069,B01919,S0097,2024-01-31,6,0,Paid
SU18070,B00088,S0008,2026-08-17,1,15,Pending
SU18071,B02437,S0015,2024-03-24,2,25,Paid
SU18072,B06051,S0097,2026-07-18,2,5,Paid
SU18073,B00727,S0116,2026-08-06,2,10,Paid
SU18074,B06976,S0033,2025-01-29,2,15,Paid
SU18075,B07963,S0027,2026-06-14,4,5,Paid
SU18076,B06019,S0037,2025-11-06,4,5,Paid
SU18077,B04873,S0034,2024-01-25,5,20,Paid
SU18078,B01312,S0044,2026-07-24,2,0,Paid
SU18079,B08689,S0012,2026-07-06,1,10,Paid
SU18080,B04942,S0108,2026-08-30,2,25,Paid
SU18081,B02115,S0022,2026-04-26,1,0,Paid
SU18082,B09041,S0149,2026-03-23,2,0,Paid
SU18083,B00150,S0003,2025-12-20,4,0,Paid
SU18084,B05139,S0025,2026-07-12,6,0,Pending
SU18085,B08939,S0058,2025-06-23,3,0,Paid
SU18086,B00332,S0051,2026-08-27,6,15,Paid
SU18087,B02423,S0150,2024-07-18,3,0,Paid
SU18088,B05022,S0101,2024-04-06,3,5,Paid
SU18089,B02113,S0016,2024-04-22,6,5,Paid
SU18090,B07358,S0083,2024-11-28,1,5,Paid
SU18091,B04038,S0027,2025-09-27,1,5,Paid
SU18092,B07733,S0010,2025-10-10,1,10,Paid
SU18093,B00531,S0053,2024-06-08,2,0,Paid
SU18094,B07613,S0012,2026-08-17,1,5,Paid
SU18095,B07575,S0132,2024-07-10,1,10,Paid
SU18096,B04702,S0053,2026-08-12,1,0,Pending
SU18097,B04272,S0109,2026-07-16,1,15,Paid
SU18098,B00434,S0067,2026-03-05,2,0,Paid
SU18099,B01612,S0117,2024-02-26,10,5,Paid
SU18100,B08765,S0038,2025-07-02,1,0,Paid
SU18101,B01022,S0052,2024-09-13,2,5,Paid
SU18102,B01671,S0026,2026-08-30,2,20,Paid
SU18103,B05513,S0094,2024-12-04,1,20,Paid
SU18104,B04688,S0116,2026-08-28,2,25,Paid
SU18105,B07297,S0039,2025-11-14,3,10,Paid
SU18106,B06449,S0063,2026-08-25,2,0,Paid
SU18107,B02512,S0136,2024-11-23,3,0,Paid
SU18108,B08255,S0115,2025-12-11,6,5,Paid
SU18109,B04227,S0049,2026-03-14,1,10,Paid
SU18110,B04910,S0127,2024-01-12,1,0,Paid
SU18111,B05436,S0066,2026-02-04,3,10,Paid
SU18112,B09863,S0144,2026-05-15,2,5,Paid
SU18113,B00321,S0089,2025-11-20,3,5,Paid
SU18114,B05643,S0086,2024-10-10,5,0,Paid
SU18115,B03514,S0114,2026-04-04,3,0,Paid
SU18116,B03052,S0046,2024-05-27,2,5,Paid
SU18117,B06900,S0035,2025-04-30,3,25,Complimentary
SU18118,B08221,S0150,2026-04-06,1,10,Pending
SU18119,B06021,S0145,2026-03-18,5,0,Paid
SU18120,B02362,S0013,2026-06-29,1,0,Paid
SU18121,B08482,S0119,2025-03-23,2,0,Paid
SU18122,B05979,S0033,2026-06-01,1,5,Paid
SU18123,B09164,S0096,2026-03-16,1,25,Pending
SU18124,B03303,S0023,2024-06-13,2,5,Pending
SU18125,B06584,S0108,2026-03-26,4,25,Pending
SU18126,B04126,S0054,2026-08-12,3,10,Paid
SU18127,B06868,S0057,2026-01-21,5,0,Paid
SU18128,B04360,S0089,2026-06-21,1,5,Paid
SU18129,B06606,S0126,2026-07-16,1,15,Paid
SU18130,B09531,S0104,2026-07-24,4,10,Paid
SU18131,B05142,S0011,2024-09-30,3,0,Pending
SU18132,B01224,S0143,2026-01-27,2,5,Pending
SU18133,B07117,S0032,2025-02-12,8,0,Paid
SU18134,B05292,S0026,2026-02-12,3,5,Paid
SU18135,B06888,S0093,2024-09-20,2,10,Paid
SU18136,B00237,S0022,2024-12-10,3,5,Pending
SU18137,B02646,S0003,2026-04-02,1,10,Paid
SU18138,B06950,S0006,2026-01-10,2,5,Paid
SU18139,B02430,S0037,2025-02-25,3,5,Paid
SU18140,B05881,S0121,2025-08-30,5,0,Paid
SU18141,B06325,S0007,2024-12-27,1,20,Paid
SU18142,B03604,S0151,2026-04-09,1,0,Paid
SU18143,B08562,S0114,2025-04-20,5,10,Paid
SU18144,B05046,S0122,2026-02-03,2,15,Paid
SU18145,B01001,S0140,2026-05-08,3,0,Paid
SU18146,B07113,S0041,2024-10-30,3,5,Pending
SU18147,B01683,S0041,2026-08-06,3,0,Paid
SU18148,B03387,S0006,2026-08-29,6,10,Paid
SU18149,B01673,S0008,2025-05-05,1,10,Paid
SU18150,B09081,S0141,2025-06-24,1,10,Paid
SU18151,B02928,S0033,2025-01-23,1,0,Paid
SU18152,B06314,S0141,2026-02-28,2,5,Paid
SU18153,B05651,S0039,2024-02-22,2,5,Paid
SU18154,B07467,S0020,2025-11-11,2,0,Paid
SU18155,B05380,S0112,2026-01-27,2,10,Paid
SU18156,B06090,S0011,2025-05-15,3,5,Pending
SU18157,B06118,S0023,2026-06-16,2,15,Paid
SU18158,B00674,S0116,2026-05-06,1,10,Paid
SU18159,B00898,S0032,2024-10-13,1,0,Paid
SU18160,B00278,S0123,2026-05-14,2,5,Paid
SU18161,B09168,S0013,2025-10-28,5,0,Paid
SU18162,B07219,S0063,2026-06-03,1,25,Paid
SU18163,B05670,S0126,2026-08-30,1,0,Complimentary
SU18164,B07178,S0017,2026-07-31,4,15,Paid
SU18165,B01925,S0151,2026-08-07,1,5,Paid
SU18166,B05452,S0034,2026-04-23,5,5,Paid
SU18167,B01115,S0025,2026-08-20,5,0,Complimentary
SU18168,B06551,S0008,2026-08-28,1,15,Paid
SU18169,B05864,S0059,2026-08-13,3,5,Paid
SU18170,B09842,S0021,2026-04-23,1,0,Paid
SU18171,B02095,S0033,2026-08-02,3,5,Paid
SU18172,B01267,S0121,2026-08-13,3,5,Paid
SU18173,B09007,S0097,2026-08-30,2,0,Complimentary
SU18174,B00710,S0029,2024-11-01,2,15,Paid
SU18175,B04721,S0094,2024-02-07,1,20,Pending
SU18176,B08923,S0021,2026-03-13,3,15,Paid
SU18177,B00621,S0051,2026-05-18,3,10,Paid
SU18178,B08632,S0067,2024-11-27,2,0,Paid
SU18179,B03021,S0137,2026-07-09,2,25,Paid
SU18180,B04050,S0089,2026-05-27,1,0,Paid
SU18181,B03105,S0005,2026-03-09,1,10,Paid
SU18182,B00639,S0115,2026-06-10,5,0,Paid
SU18183,B06766,S0145,2024-04-30,3,20,Paid
SU18184,B08515,S0013,2026-07-11,2,0,Complimentary
SU18185,B01112,S0004,2025-06-14,4,5,Paid
SU18186,B02379,S0040,2026-07-04,3,5,Paid
SU18187,B01787,S0053,2026-08-23,1,0,Paid
SU18188,B09127,S0043,2025-08-08,1,20,Paid
SU18189,B03451,S0038,2025-12-05,1,0,Paid
SU18190,B00723,S0108,2025-11-07,1,15,Paid
SU18191,B01133,S0121,2026-08-13,2,0,Paid
SU18192,B01171,S0102,2025-08-04,10,5,Paid
SU18193,B06751,S0093,2026-07-12,2,20,Pending
SU18194,B04433,S0007,2026-04-10,2,5,Paid
SU18195,B08077,S0086,2026-08-13,2,10,Paid
SU18196,B09813,S0007,2026-03-26,1,15,Paid
SU18197,B02879,S0045,2024-09-10,1,10,Pending
SU18198,B00542,S0107,2026-05-19,1,10,Paid
SU18199,B08425,S0119,2025-02-02,5,0,Paid
SU18200,B05176,S0003,2025-11-29,4,0,Paid
SU18201,B05801,S0002,2025-05-28,4,10,Paid
SU18202,B02364,S0027,2025-06-08,4,15,Paid
SU18203,B04751,S0122,2026-02-17,1,0,Paid
SU18204,B01514,S0005,2024-09-29,1,5,Paid
SU18205,B09520,S0029,2025-11-29,2,0,Paid
SU18206,B09528,S0057,2025-07-05,1,0,Paid
SU18207,B08664,S0002,2024-08-18,2,0,Paid
SU18208,B07763,S0098,2026-01-29,1,20,Paid
SU18209,B06219,S0126,2025-12-22,2,5,Paid
SU18210,B03155,S0027,2026-08-22,2,15,Paid
SU18211,B03310,S0118,2026-04-09,1,10,Paid
SU18212,B04396,S0131,2026-04-29,4,0,Paid
SU18213,B08825,S0087,2026-05-28,2,0,Paid
SU18214,B03332,S0013,2026-04-10,1,25,Paid
SU18215,B04709,S0088,2025-01-13,3,10,Paid
SU18216,B04814,S0009,2025-11-13,1,5,Pending
SU18217,B01856,S0042,2024-03-10,4,20,Paid
SU18218,B08526,S0109,2024-01-30,3,5,Paid
SU18219,B09109,S0020,2024-06-26,1,10,Paid
SU18220,B08300,S0002,2025-11-30,3,0,Paid
SU18221,B09125,S0112,2026-07-15,6,10,Paid
SU18222,B03959,S0027,2024-05-24,3,25,Paid
SU18223,B06798,S0087,2026-02-12,3,0,Paid
SU18224,B09710,S0116,2026-04-15,3,0,Paid
SU18225,B00230,S0009,2024-12-13,1,5,Paid
SU18226,B01077,S0034,2024-12-10,5,5,Paid
SU18227,B01417,S0109,2026-07-01,2,5,Paid
SU18228,B05529,S0123,2026-08-21,2,10,Paid
SU18229,B06780,S0045,2026-07-15,2,5,Paid
SU18230,B02633,S0033,2025-06-16,2,10,Paid
SU18231,B08910,S0042,2025-04-05,1,0,Paid
SU18232,B00565,S0055,2026-08-11,1,5,Paid
SU18233,B03951,S0037,2026-07-28,3,20,Complimentary
SU18234,B04576,S0104,2025-11-27,5,0,Paid
SU18235,B07742,S0032,2025-02-05,6,15,Paid
SU18236,B03264,S0115,2026-08-23,3,0,Paid
SU18237,B00912,S0113,2025-05-18,3,10,Paid
SU18238,B05550,S0060,2024-11-07,4,0,Paid
SU18239,B05767,S0022,2024-01-01,1,0,Paid
SU18240,B03600,S0017,2026-08-16,1,15,Paid
SU18241,B00081,S0150,2026-08-25,1,10,Paid
SU18242,B09426,S0055,2026-06-23,2,5,Paid
SU18243,B08989,S0107,2026-05-11,2,5,Complimentary
SU18244,B09252,S0124,2024-02-13,2,5,Paid
SU18245,B07556,S0046,2025-03-31,2,10,Paid
SU18246,B07925,S0096,2026-06-19,2,20,Paid
SU18247,B03526,S0009,2026-07-27,1,5,Paid
SU18248,B02383,S0089,2025-09-05,1,0,Paid
SU18249,B00948,S0053,2024-07-16,3,5,Paid
SU18250,B05939,S0069,2025-05-29,2,25,Paid
SU18251,B06463,S0029,2026-04-15,3,10,Paid
SU18252,B02666,S0110,2026-08-24,3,10,Paid
SU18253,B07836,S0116,2025-01-05,3,20,Paid
SU18254,B06960,S0092,2025-11-12,1,0,Paid
SU18255,B03694,S0063,2025-04-10,1,5,Paid
SU18256,B00966,S0093,2024-05-05,4,5,Paid
SU18257,B09100,S0043,2025-02-06,1,0,Pending
SU18258,B09347,S0123,2024-10-01,3,5,Paid
SU18259,B08498,S0010,2026-02-23,1,20,Paid
SU18260,B08498,S0010,2026-02-26,5,5,Paid
SU18261,B08702,S0043,2025-02-10,3,25,Paid
SU18262,B08486,S0058,2026-08-28,1,0,Paid
SU18263,B04002,S0127,2026-08-06,1,0,Paid
SU18264,B06063,S0100,2026-08-20,4,5,Paid
SU18265,B04882,S0124,2025-12-04,1,10,Paid
SU18266,B07483,S0038,2025-05-31,1,5,Paid
SU18267,B06670,S0045,2024-04-19,1,5,Paid
SU18268,B03309,S0021,2026-05-12,2,5,Paid
SU18269,B06289,S0028,2024-06-23,1,5,Paid
SU18270,B06328,S0037,2026-03-06,4,10,Paid
SU18271,B07487,S0013,2026-05-16,2,0,Paid
SU18272,B01305,S0098,2026-04-08,2,0,Paid
SU18273,B08306,S0005,2025-11-03,1,0,Paid
SU18274,B02023,S0108,2026-05-22,1,0,Paid
SU18275,B05837,S0001,2025-10-07,5,10,Paid
SU18276,B04071,S0123,2024-08-06,3,5,Paid
SU18277,B05350,S0017,2025-11-30,2,10,Paid
SU18278,B02747,S0009,2025-12-25,1,5,Paid
SU18279,B02459,S0089,2025-05-30,2,0,Paid
SU18280,B00265,S0031,2025-03-30,2,0,Paid
SU18281,B06017,S0116,2025-10-24,1,0,Paid
SU18282,B05180,S0122,2025-09-24,1,5,Paid
SU18283,B09885,S0099,2024-08-19,2,0,Pending
SU18284,B04122,S0025,2026-08-21,2,15,Paid
SU18285,B06578,S0063,2026-03-18,1,0,Paid
SU18286,B04114,S0024,2024-02-27,4,10,Paid
SU18287,B04973,S0049,2024-09-30,2,0,Paid
SU18288,B08518,S0137,2025-10-02,1,5,Paid
SU18289,B09057,S0115,2024-03-23,4,15,Paid
SU18290,B09301,S0021,2026-06-18,1,0,Pending
SU18291,B08609,S0116,2025-01-16,2,0,Paid
SU18292,B05112,S0006,2024-01-17,5,0,Paid
SU18293,B02561,S0118,2024-05-13,6,10,Paid
SU18294,B02115,S0027,2026-04-24,2,10,Paid
SU18295,B03688,S0092,2026-08-12,3,0,Paid
SU18296,B04454,S0070,2024-02-12,4,10,Paid
SU18297,B05732,S0013,2026-04-20,3,0,Paid
SU18298,B09424,S0003,2025-01-14,5,10,Paid
SU18299,B08052,S0006,2025-11-15,3,10,Paid
SU18300,B09932,S0032,2025-01-06,4,15,Paid
SU18301,B08627,S0117,2025-10-30,4,0,Paid
SU18302,B07678,S0118,2025-04-26,4,10,Paid
SU18303,B07248,S0118,2025-12-05,3,0,Paid
SU18304,B02666,S0108,2026-08-25,3,0,Paid
SU18305,B00450,S0107,2025-05-11,5,5,Paid
SU18306,B02717,S0088,2025-07-01,3,0,Complimentary
SU18307,B03027,S0073,2024-10-25,1,10,Paid
SU18308,B05458,S0125,2026-02-28,2,5,Paid
SU18309,B09374,S0012,2024-11-25,1,15,Paid
SU18310,B04362,S0002,2026-08-26,4,0,Paid
SU18311,B07901,S0066,2024-12-20,2,10,Paid
SU18312,B02545,S0056,2024-07-28,6,0,Paid
SU18313,B05534,S0031,2026-01-12,1,5,Paid
SU18314,B09706,S0104,2026-07-13,5,5,Paid
SU18315,B02823,S0072,2025-01-27,4,0,Paid
SU18316,B08249,S0051,2026-04-06,3,0,Paid
SU18317,B07734,S0090,2025-12-26,4,0,Paid
SU18318,B04302,S0066,2026-05-29,1,10,Paid
SU18319,B06434,S0025,2024-03-19,6,20,Pending
SU18320,B08742,S0103,2026-05-19,6,5,Paid
SU18321,B05240,S0038,2025-09-15,1,0,Paid
SU18322,B05563,S0142,2025-11-08,2,15,Paid
SU18323,B02298,S0002,2024-05-26,5,0,Paid
SU18324,B02073,S0033,2024-11-01,1,0,Paid
SU18325,B08653,S0031,2026-08-29,2,0,Pending
SU18326,B08039,S0022,2024-08-29,1,5,Paid
SU18327,B06684,S0150,2024-05-09,2,0,Paid
SU18328,B03418,S0116,2026-07-21,1,0,Paid
SU18329,B04095,S0118,2026-05-24,4,0,Paid
SU18330,B09355,S0057,2026-07-07,3,10,Paid
SU18331,B06951,S0052,2026-02-14,1,5,Paid
SU18332,B05253,S0024,2025-01-04,3,0,Paid
SU18333,B00335,S0059,2024-11-11,1,5,Paid
SU18334,B06735,S0110,2024-09-21,8,5,Paid
SU18335,B04748,S0048,2026-03-06,1,0,Paid
SU18336,B04880,S0139,2024-03-01,4,0,Paid
SU18337,B00659,S0042,2025-10-21,8,10,Complimentary
SU18338,B00542,S0112,2026-05-19,5,0,Paid
SU18339,B00844,S0141,2025-12-04,3,5,Paid
SU18340,B04330,S0107,2024-02-08,4,20,Pending
SU18341,B02790,S0150,2025-05-05,1,0,Paid
SU18342,B08509,S0096,2026-06-09,10,15,Paid
SU18343,B08928,S0117,2025-12-03,6,10,Paid
SU18344,B06151,S0026,2024-04-29,2,10,Paid
SU18345,B07322,S0024,2025-08-08,3,10,Paid
SU18346,B08167,S0011,2025-06-16,1,0,Complimentary
SU18347,B00399,S0060,2024-01-13,2,5,Pending
SU18348,B09460,S0068,2026-02-21,4,5,Paid
SU18349,B03472,S0028,2026-06-04,2,0,Paid
SU18350,B05546,S0002,2025-01-03,1,5,Paid
SU18351,B06151,S0030,2024-04-28,1,15,Paid
SU18352,B04545,S0034,2025-10-18,5,10,Paid
SU18353,B01279,S0029,2025-08-22,4,5,Paid
SU18354,B06320,S0062,2026-08-03,1,0,Paid
SU18355,B01809,S0012,2025-12-29,2,5,Paid
SU18356,B07928,S0145,2026-05-28,3,0,Paid
SU18357,B04083,S0059,2024-10-08,3,5,Paid
SU18358,B01815,S0108,2026-02-26,2,0,Paid
SU18359,B02165,S0013,2025-01-30,2,0,Paid
SU18360,B05283,S0107,2026-04-10,2,0,Paid
SU18361,B05264,S0112,2024-06-17,1,0,Paid
SU18362,B03605,S0147,2024-02-15,2,5,Paid
SU18363,B08745,S0035,2024-06-23,10,20,Paid
SU18364,B04401,S0040,2025-11-25,5,20,Pending
SU18365,B07372,S0063,2026-05-25,1,5,Paid
SU18366,B07050,S0003,2026-04-18,3,10,Paid
SU18367,B06291,S0124,2026-01-12,1,5,Paid
SU18368,B05843,S0138,2026-02-02,1,5,Paid
SU18369,B06030,S0118,2025-05-26,5,10,Paid
SU18370,B01386,S0010,2025-12-07,2,0,Paid
SU18371,B03958,S0027,2026-07-02,1,25,Pending
SU18372,B04212,S0041,2024-01-29,3,5,Paid
SU18373,B05139,S0022,2026-07-14,2,0,Paid
SU18374,B07876,S0048,2026-06-28,2,5,Paid
SU18375,B06045,S0040,2026-08-22,4,0,Paid
SU18376,B05750,S0020,2026-06-23,1,5,Paid
SU18377,B05304,S0031,2024-09-02,1,10,Paid
SU18378,B00296,S0108,2026-02-24,2,5,Paid
SU18379,B04686,S0100,2024-11-28,1,15,Pending
SU18380,B08461,S0023,2026-03-29,1,0,Paid
SU18381,B06750,S0110,2026-05-08,3,0,Paid
SU18382,B08152,S0053,2025-10-30,1,0,Paid
SU18383,B07982,S0067,2025-12-05,5,0,Paid
SU18384,B05845,S0116,2026-07-28,1,10,Paid
SU18385,B01585,S0037,2024-01-08,3,20,Paid
SU18386,B03636,S0008,2026-08-11,2,10,Paid
SU18387,B09431,S0118,2026-06-05,8,0,Paid
SU18388,B04965,S0006,2025-11-12,4,0,Paid
SU18389,B04353,S0116,2026-05-11,1,10,Paid
SU18390,B09567,S0040,2026-07-26,6,25,Paid
SU18391,B04600,S0110,2026-08-10,3,0,Paid
SU18392,B04128,S0117,2024-10-17,2,25,Paid
SU18393,B07091,S0008,2024-05-30,2,5,Paid
SU18394,B04416,S0042,2026-06-15,4,20,Paid
SU18395,B00980,S0118,2024-10-30,4,0,Paid
SU18396,B06496,S0107,2025-12-27,5,0,Pending
SU18397,B00697,S0049,2025-02-25,1,10,Paid
SU18398,B07105,S0088,2025-02-21,1,0,Pending
SU18399,B02239,S0040,2026-07-24,5,5,Paid
SU18400,B04930,S0125,2026-07-30,5,15,Complimentary
SU18401,B03549,S0107,2026-03-27,8,10,Paid
SU18402,B03112,S0049,2024-12-14,1,0,Paid
SU18403,B09185,S0041,2026-01-16,3,15,Paid
SU18404,B08288,S0023,2025-09-26,1,10,Paid
SU18405,B09676,S0008,2024-02-18,2,0,Paid
SU18406,B00864,S0040,2025-03-19,2,15,Paid
SU18407,B02690,S0102,2026-08-15,10,0,Paid
SU18408,B05032,S0090,2024-04-28,1,5,Paid
SU18409,B09698,S0115,2024-02-22,5,20,Paid
SU18410,B00110,S0088,2024-12-03,5,5,Paid
SU18411,B07852,S0093,2024-06-16,1,5,Paid
SU18412,B01838,S0003,2025-10-24,1,15,Paid
SU18413,B03917,S0047,2026-02-11,2,0,Paid
SU18414,B03749,S0048,2026-05-14,4,0,Paid
SU18415,B04392,S0058,2026-07-01,2,5,Paid
SU18416,B00994,S0125,2026-08-15,5,0,Paid
SU18417,B01121,S0037,2026-06-14,1,10,Paid
SU18418,B07207,S0012,2026-04-02,1,0,Pending
SU18419,B08668,S0037,2026-08-18,2,5,Paid
SU18420,B07342,S0147,2026-07-27,1,10,Paid
SU18421,B06395,S0057,2026-02-23,3,0,Paid
SU18422,B07110,S0100,2026-07-09,5,25,Paid
SU18423,B09827,S0118,2026-08-08,5,10,Paid
SU18424,B03777,S0095,2026-01-05,1,5,Paid
SU18425,B04162,S0086,2024-12-23,1,10,Complimentary
SU18426,B08418,S0028,2026-03-17,2,5,Paid
SU18427,B03177,S0042,2025-04-15,2,5,Paid
SU18428,B00696,S0028,2026-01-27,3,5,Paid
SU18429,B01554,S0141,2024-05-17,2,0,Paid
SU18430,B05345,S0006,2024-08-23,4,5,Paid
SU18431,B08992,S0107,2026-07-27,2,25,Paid
SU18432,B04738,S0111,2025-10-04,1,0,Paid
SU18433,B01226,S0041,2024-07-04,5,20,Paid
SU18434,B09714,S0110,2026-07-24,1,0,Paid
SU18435,B07677,S0032,2025-10-23,4,10,Complimentary
SU18436,B08403,S0118,2025-07-03,2,5,Paid
SU18437,B04172,S0086,2025-05-06,6,0,Paid
SU18438,B02476,S0034,2024-09-02,5,5,Paid
SU18439,B07737,S0107,2026-06-09,5,5,Paid
SU18440,B01987,S0057,2024-10-01,3,5,Paid
SU18441,B02797,S0087,2025-07-17,4,0,Paid
SU18442,B07571,S0099,2026-08-30,2,10,Paid
SU18443,B08256,S0045,2024-02-05,2,5,Paid
SU18444,B03705,S0065,2026-01-20,2,15,Paid
SU18445,B08791,S0049,2024-08-27,2,0,Paid
SU18446,B00581,S0060,2025-11-11,1,0,Paid
SU18447,B06561,S0129,2025-11-27,1,0,Paid
SU18448,B01117,S0112,2024-04-03,3,0,Paid
SU18449,B08629,S0066,2026-04-12,1,0,Paid
SU18450,B03890,S0047,2024-02-20,2,0,Paid
SU18451,B04700,S0058,2026-08-05,2,0,Pending
SU18452,B02753,S0029,2026-01-08,6,0,Paid
SU18453,B09285,S0115,2025-01-29,3,5,Paid
SU18454,B05599,S0060,2026-05-11,3,0,Pending
SU18455,B09591,S0017,2025-08-02,3,5,Paid
SU18456,B08774,S0103,2024-09-25,2,0,Paid
SU18457,B05745,S0090,2026-05-26,1,5,Paid
SU18458,B06062,S0012,2026-06-15,1,0,Paid
SU18459,B08762,S0134,2024-08-25,6,0,Paid
SU18460,B00858,S0071,2025-12-07,1,10,Paid
SU18461,B03333,S0025,2026-05-29,1,25,Paid
SU18462,B01820,S0039,2024-11-05,2,5,Paid
SU18463,B07799,S0012,2024-10-08,1,0,Paid
SU18464,B01570,S0044,2025-02-23,3,0,Paid
SU18465,B06232,S0027,2026-08-20,2,0,Paid
SU18466,B05228,S0036,2026-03-13,2,15,Paid
SU18467,B03366,S0028,2025-12-28,1,10,Paid
SU18468,B05530,S0131,2025-08-31,5,0,Paid
SU18469,B02994,S0060,2025-11-16,6,0,Paid
SU18470,B03630,S0052,2025-10-12,2,0,Paid
SU18471,B04882,S0126,2025-12-04,1,0,Complimentary
SU18472,B04570,S0090,2026-08-28,2,10,Paid
SU18473,B01868,S0094,2026-08-13,1,0,Paid
SU18474,B09383,S0086,2026-01-19,3,25,Paid
SU18475,B01980,S0113,2024-11-05,3,20,Paid
SU18476,B08939,S0054,2025-06-20,1,10,Pending
SU18477,B04014,S0010,2025-08-03,1,5,Paid
SU18478,B09821,S0114,2025-02-28,1,5,Paid
SU18479,B03422,S0027,2026-01-28,5,5,Paid
SU18480,B08014,S0122,2026-06-24,1,10,Paid
SU18481,B04277,S0047,2024-01-05,1,5,Paid
SU18482,B03761,S0097,2026-02-22,3,15,Paid
SU18483,B07419,S0003,2025-06-17,6,10,Paid
SU18484,B05765,S0114,2025-08-10,6,10,Paid
SU18485,B06479,S0036,2025-08-21,1,5,Paid
SU18486,B07314,S0052,2025-05-03,1,25,Pending
SU18487,B05313,S0007,2025-12-12,1,0,Paid
SU18488,B06479,S0033,2025-08-21,1,0,Paid
SU18489,B01390,S0104,2026-01-11,4,15,Paid
SU18490,B06376,S0043,2026-01-20,3,10,Paid
SU18491,B05032,S0092,2024-04-29,5,10,Paid
SU18492,B08021,S0029,2025-01-27,3,0,Paid
SU18493,B06927,S0150,2026-08-04,1,5,Paid
SU18494,B01283,S0089,2024-09-26,1,0,Paid
SU18495,B00809,S0136,2024-06-22,4,10,Pending
SU18496,B01662,S0098,2026-08-29,1,0,Paid
SU18497,B00462,S0107,2026-04-16,5,0,Paid
SU18498,B00763,S0121,2025-10-27,1,20,Paid
SU18499,B02689,S0013,2026-06-16,3,15,Paid
SU18500,B04130,S0007,2026-03-21,3,5,Paid
SU18501,B04479,S0087,2026-04-28,6,0,Paid
SU18502,B05570,S0126,2025-02-07,2,5,Paid
SU18503,B01848,S0127,2025-11-26,2,0,Paid
SU18504,B06072,S0062,2024-11-25,2,0,Paid
SU18505,B04116,S0063,2025-04-10,1,5,Paid
SU18506,B09985,S0027,2026-06-01,3,5,Paid
SU18507,B02698,S0151,2026-04-05,1,0,Paid
SU18508,B04261,S0111,2025-07-07,1,0,Pending
SU18509,B00598,S0120,2025-09-17,2,0,Paid
SU18510,B04210,S0073,2024-04-27,1,5,Paid
SU18511,B05327,S0045,2024-07-08,2,5,Paid
SU18512,B01431,S0112,2025-03-18,4,20,Paid
SU18513,B07705,S0050,2024-11-07,2,15,Paid
SU18514,B04299,S0066,2026-08-25,1,15,Paid
SU18515,B00045,S0118,2026-03-06,2,10,Paid
SU18516,B09630,S0112,2026-08-02,2,5,Pending
SU18517,B02284,S0048,2024-01-07,2,20,Paid
SU18518,B09355,S0056,2026-07-07,10,5,Paid
SU18519,B05869,S0027,2026-05-19,5,0,Paid
SU18520,B07015,S0141,2026-08-14,1,5,Paid
SU18521,B03408,S0143,2025-06-04,3,5,Paid
SU18522,B02160,S0123,2025-10-19,6,5,Paid
SU18523,B03867,S0108,2026-04-27,3,0,Paid
SU18524,B00690,S0010,2025-04-21,2,0,Paid
SU18525,B03456,S0115,2026-05-20,4,10,Paid
SU18526,B08170,S0109,2026-07-05,6,10,Paid
SU18527,B08972,S0116,2025-07-20,1,0,Paid
SU18528,B00413,S0020,2024-04-28,2,10,Paid
SU18529,B07037,S0114,2026-07-21,1,10,Paid
SU18530,B08999,S0145,2024-08-14,2,15,Paid
SU18531,B00084,S0125,2026-08-17,3,0,Paid
SU18532,B06118,S0030,2026-06-15,1,0,Paid
SU18533,B02708,S0014,2026-03-03,4,5,Paid
SU18534,B07738,S0147,2025-02-17,4,0,Paid
SU18535,B07430,S0034,2026-07-20,3,0,Paid
SU18536,B02017,S0066,2026-03-14,1,15,Paid
SU18537,B06767,S0047,2026-05-20,1,5,Paid
SU18538,B06340,S0134,2025-04-14,5,10,Paid
SU18539,B06219,S0127,2025-12-22,6,25,Paid
SU18540,B05278,S0146,2025-04-29,5,10,Paid
SU18541,B03663,S0128,2025-07-06,1,10,Pending
SU18542,B00470,S0032,2026-07-02,6,15,Paid
SU18543,B08318,S0146,2024-09-12,5,5,Paid
SU18544,B03509,S0018,2025-04-28,3,5,Paid
SU18545,B02915,S0090,2025-09-27,5,0,Paid
SU18546,B01427,S0033,2025-09-29,2,15,Paid
SU18547,B08190,S0108,2024-04-13,3,20,Paid
SU18548,B07907,S0063,2024-01-22,1,10,Paid
SU18549,B05424,S0062,2025-03-14,1,5,Paid
SU18550,B09835,S0029,2024-05-16,2,0,Paid
SU18551,B00863,S0150,2024-12-28,2,10,Paid
SU18552,B07123,S0051,2025-05-17,5,10,Paid
SU18553,B07866,S0091,2024-10-07,3,10,Paid
SU18554,B05019,S0003,2026-07-18,4,20,Paid
SU18555,B05734,S0049,2026-02-10,1,5,Paid
SU18556,B09028,S0148,2025-11-01,3,0,Paid
SU18557,B05994,S0112,2026-08-21,6,15,Paid
SU18558,B09944,S0025,2026-03-08,3,5,Paid
SU18559,B02306,S0052,2025-07-03,1,0,Paid
SU18560,B01076,S0035,2024-08-25,6,5,Paid
SU18561,B04797,S0005,2026-07-30,1,0,Paid
SU18562,B02677,S0013,2024-01-28,4,15,Paid
SU18563,B03475,S0107,2024-12-16,3,5,Paid
SU18564,B02289,S0142,2024-01-18,2,5,Paid
SU18565,B02375,S0008,2025-02-06,1,0,Pending
SU18566,B06630,S0060,2026-08-13,8,5,Pending
SU18567,B00580,S0033,2024-06-17,1,25,Paid
SU18568,B03324,S0066,2025-06-26,1,0,Paid
SU18569,B07800,S0111,2025-11-02,1,0,Paid
SU18570,B01443,S0033,2026-05-20,2,5,Paid
SU18571,B06971,S0046,2024-09-05,5,0,Paid
SU18572,B07331,S0051,2025-07-27,3,5,Paid
SU18573,B04202,S0038,2025-01-24,2,15,Paid
SU18574,B09476,S0127,2024-11-04,1,10,Paid
SU18575,B08608,S0001,2025-07-30,4,15,Paid
SU18576,B00200,S0029,2024-10-15,2,0,Paid
SU18577,B07529,S0121,2026-02-22,2,0,Paid
SU18578,B01129,S0096,2026-06-22,4,10,Paid
SU18579,B06344,S0036,2026-03-18,2,0,Paid
SU18580,B01794,S0050,2025-10-02,2,5,Paid
SU18581,B06223,S0121,2026-03-12,3,0,Paid
SU18582,B00504,S0083,2026-07-20,2,5,Paid
SU18583,B04644,S0046,2026-05-09,1,25,Paid
SU18584,B08825,S0090,2026-05-28,4,5,Complimentary
SU18585,B07649,S0003,2025-07-02,1,0,Paid
SU18586,B06174,S0114,2026-04-21,2,5,Paid
SU18587,B02942,S0092,2025-02-11,1,10,Paid
SU18588,B09304,S0110,2024-09-05,3,20,Paid
SU18589,B08942,S0115,2025-12-06,3,5,Paid
SU18590,B08180,S0117,2026-03-18,5,5,Paid
SU18591,B09990,S0125,2026-07-14,3,20,Paid
SU18592,B05163,S0148,2024-10-22,8,0,Paid
SU18593,B03999,S0151,2026-03-11,2,15,Paid
SU18594,B08435,S0031,2025-03-23,1,15,Paid
SU18595,B05009,S0018,2025-11-07,2,0,Paid
SU18596,B06964,S0133,2026-06-22,1,10,Paid
SU18597,B06197,S0009,2025-12-09,1,5,Paid
SU18598,B03637,S0059,2025-03-08,5,0,Paid
SU18599,B09701,S0139,2026-02-07,2,5,Paid
SU18600,B00541,S0008,2026-01-10,2,0,Complimentary
SU18601,B00569,S0027,2026-03-23,4,10,Paid
SU18602,B05951,S0017,2025-04-24,4,5,Paid
SU18603,B06569,S0126,2025-09-16,1,0,Paid
SU18604,B00802,S0065,2025-12-15,4,0,Pending
SU18605,B09145,S0061,2026-04-30,2,15,Paid
SU18606,B06404,S0005,2025-08-29,2,0,Paid
SU18607,B05493,S0094,2024-12-01,3,0,Pending
SU18608,B00756,S0087,2025-08-15,1,20,Paid
SU18609,B03259,S0025,2025-11-04,10,5,Paid
SU18610,B06982,S0083,2026-01-29,5,5,Paid
SU18611,B03250,S0016,2024-09-13,5,0,Paid
SU18612,B06138,S0109,2025-10-26,2,10,Pending
SU18613,B00882,S0008,2025-09-13,2,0,Paid
SU18614,B02780,S0114,2026-02-19,3,10,Paid
SU18615,B08414,S0034,2025-01-06,5,5,Paid
SU18616,B07163,S0030,2026-08-18,1,0,Paid
SU18617,B04824,S0001,2024-09-17,4,15,Paid
SU18618,B05224,S0033,2026-08-01,3,10,Pending
SU18619,B03885,S0002,2025-12-15,5,0,Complimentary
SU18620,B07795,S0009,2026-02-14,1,5,Paid
SU18621,B09059,S0002,2026-06-09,2,0,Paid
SU18622,B08685,S0069,2026-05-24,1,0,Paid
SU18623,B09375,S0121,2025-04-25,1,25,Paid
SU18624,B08121,S0138,2026-04-24,2,0,Paid
SU18625,B04801,S0031,2026-07-12,2,5,Paid
SU18626,B04508,S0126,2024-08-10,1,0,Paid
SU18627,B09285,S0116,2025-01-28,1,0,Paid
SU18628,B00082,S0096,2024-07-09,3,15,Paid
SU18629,B07901,S0062,2024-12-22,2,0,Paid
SU18630,B08543,S0017,2025-08-08,3,10,Paid
SU18631,B02281,S0053,2025-02-19,1,0,Paid
SU18632,B01000,S0003,2025-12-23,1,5,Paid
SU18633,B08659,S0086,2026-08-09,2,10,Paid
SU18634,B08747,S0116,2026-03-31,1,15,Paid
SU18635,B04571,S0028,2024-09-09,2,0,Paid
SU18636,B01245,S0067,2025-11-01,2,5,Paid
SU18637,B09180,S0103,2026-08-21,4,5,Paid
SU18638,B08764,S0128,2026-07-18,1,0,Paid
SU18639,B03007,S0107,2026-08-30,8,5,Paid
SU18640,B05619,S0122,2025-08-30,3,5,Paid
SU18641,B02192,S0051,2026-02-27,2,10,Paid
SU18642,B07263,S0140,2025-10-10,1,0,Paid
SU18643,B03214,S0032,2024-06-16,8,5,Paid
SU18644,B05618,S0006,2025-11-16,2,10,Paid
SU18645,B03938,S0127,2025-09-20,1,5,Paid
SU18646,B02314,S0030,2024-02-27,1,0,Paid
SU18647,B02149,S0006,2026-08-25,2,10,Paid
SU18648,B05207,S0098,2026-02-19,1,10,Paid
SU18649,B05090,S0026,2024-07-10,5,5,Paid
SU18650,B05361,S0133,2025-10-26,3,0,Paid
SU18651,B04433,S0009,2026-04-12,1,15,Paid
SU18652,B08153,S0092,2025-03-09,5,20,Paid
SU18653,B07718,S0122,2026-07-30,4,10,Paid
SU18654,B09099,S0036,2026-08-03,1,15,Paid
SU18655,B07605,S0020,2026-04-17,2,0,Paid
SU18656,B09564,S0046,2024-10-12,1,10,Paid
SU18657,B00349,S0059,2025-03-15,1,0,Paid
SU18658,B07215,S0023,2026-08-29,1,0,Paid
SU18659,B01328,S0065,2024-12-20,3,0,Paid
SU18660,B03355,S0126,2026-08-14,3,0,Paid
SU18661,B04019,S0123,2025-04-13,3,0,Paid
SU18662,B01501,S0118,2026-08-17,4,0,Paid
SU18663,B06869,S0102,2024-02-08,10,15,Paid
SU18664,B02426,S0086,2025-01-12,4,0,Paid
SU18665,B06526,S0023,2025-12-01,1,15,Paid
SU18666,B02855,S0100,2026-02-26,1,25,Paid
SU18667,B07388,S0007,2026-02-03,3,0,Paid
SU18668,B06797,S0046,2025-06-09,2,5,Paid
SU18669,B05577,S0039,2024-10-18,2,20,Paid
SU18670,B02915,S0092,2025-09-27,2,0,Paid
SU18671,B01891,S0050,2025-08-30,5,0,Paid
SU18672,B03797,S0124,2024-09-12,1,0,Paid
SU18673,B04348,S0124,2025-06-22,1,10,Paid
SU18674,B03236,S0042,2026-06-05,2,0,Paid
SU18675,B05761,S0095,2026-02-16,3,5,Paid
SU18676,B02197,S0090,2025-03-09,10,5,Pending
SU18677,B01001,S0143,2026-05-08,5,10,Paid
SU18678,B06268,S0116,2026-06-16,1,0,Paid
SU18679,B06016,S0116,2025-02-24,1,0,Paid
SU18680,B03583,S0046,2026-04-20,2,0,Paid
SU18681,B02708,S0012,2026-03-08,1,10,Paid
SU18682,B09367,S0150,2026-01-23,3,0,Paid
SU18683,B04006,S0014,2025-08-12,2,10,Paid
SU18684,B09928,S0034,2025-12-29,5,0,Paid
SU18685,B01085,S0031,2024-07-16,1,0,Paid
SU18686,B04411,S0148,2026-01-06,1,0,Paid
SU18687,B08257,S0046,2025-10-17,5,10,Paid
SU18688,B09302,S0014,2026-08-12,8,5,Paid
SU18689,B05383,S0116,2026-01-09,2,0,Pending
SU18690,B06922,S0149,2024-12-02,1,15,Paid
SU18691,B05367,S0033,2025-09-20,2,5,Paid
SU18692,B05046,S0120,2026-02-03,3,5,Paid
SU18693,B00564,S0045,2024-10-20,2,0,Paid
SU18694,B05127,S0043,2024-11-27,4,0,Paid
SU18695,B01190,S0105,2026-03-10,3,0,Paid
SU18696,B06322,S0029,2026-08-24,3,20,Paid
SU18697,B00564,S0044,2024-10-17,1,10,Paid
SU18698,B00214,S0022,2025-10-04,1,20,Paid
SU18699,B08674,S0123,2026-04-05,2,10,Paid
SU18700,B07105,S0092,2025-02-21,2,0,Paid
SU18701,B05143,S0077,2024-12-02,4,10,Paid
SU18702,B03214,S0038,2024-06-18,1,5,Paid
SU18703,B09142,S0140,2026-07-14,2,5,Paid
SU18704,B05269,S0092,2024-03-24,3,0,Paid
SU18705,B07653,S0088,2026-08-17,2,5,Paid
SU18706,B07041,S0070,2025-03-11,1,15,Pending
SU18707,B06662,S0118,2024-09-19,4,5,Pending
SU18708,B01049,S0121,2025-11-21,1,15,Paid
SU18709,B03536,S0038,2026-06-17,1,5,Paid
SU18710,B04495,S0117,2026-02-15,10,0,Paid
SU18711,B05458,S0126,2026-02-28,1,5,Paid
SU18712,B03431,S0122,2026-08-17,1,10,Paid
SU18713,B04566,S0064,2024-07-22,3,5,Paid
SU18714,B04847,S0017,2025-09-18,5,10,Paid
SU18715,B00424,S0069,2024-12-24,1,0,Pending
SU18716,B04274,S0027,2025-02-11,1,0,Paid
SU18717,B09935,S0047,2026-08-28,2,0,Paid
SU18718,B09715,S0135,2026-08-28,1,0,Paid
SU18719,B01522,S0095,2024-08-16,8,0,Paid
SU18720,B06888,S0097,2024-09-20,5,5,Paid
SU18721,B03374,S0125,2025-02-17,3,0,Paid
SU18722,B06196,S0020,2024-09-28,2,5,Pending
SU18723,B03976,S0059,2026-05-14,1,10,Paid
SU18724,B04473,S0095,2024-10-29,8,0,Pending
SU18725,B05908,S0110,2024-10-10,5,10,Paid
SU18726,B06731,S0006,2025-12-21,3,0,Paid
SU18727,B07903,S0088,2026-04-05,3,25,Paid
SU18728,B03806,S0037,2026-07-10,2,0,Paid
SU18729,B09581,S0025,2025-10-05,4,25,Paid
SU18730,B04940,S0140,2025-09-12,1,10,Pending
SU18731,B08745,S0035,2024-06-22,8,10,Paid
SU18732,B04639,S0043,2026-08-28,2,25,Paid
SU18733,B02141,S0109,2026-06-30,1,10,Paid
SU18734,B05087,S0039,2026-06-10,3,0,Paid
SU18735,B00956,S0029,2026-02-01,3,5,Paid
SU18736,B06595,S0063,2024-12-21,2,0,Paid
SU18737,B02788,S0042,2026-07-10,5,25,Paid
SU18738,B06169,S0021,2026-07-05,1,15,Paid
SU18739,B08280,S0067,2024-10-13,4,0,Paid
SU18740,B00375,S0023,2025-04-10,3,0,Paid
SU18741,B02738,S0092,2026-07-19,2,20,Paid
SU18742,B06149,S0105,2026-02-07,10,5,Paid
SU18743,B01542,S0042,2024-01-28,2,5,Paid
SU18744,B01089,S0008,2026-08-01,3,0,Paid
SU18745,B05211,S0090,2024-02-10,4,15,Paid
SU18746,B07846,S0040,2026-08-05,3,0,Paid
SU18747,B02727,S0102,2025-11-16,4,10,Paid
SU18748,B01749,S0008,2026-05-07,1,0,Paid
SU18749,B00133,S0022,2025-02-03,1,15,Paid
SU18750,B06928,S0087,2024-03-30,3,5,Paid
SU18751,B09005,S0048,2026-05-30,1,0,Paid
SU18752,B09870,S0006,2026-02-12,2,0,Paid
SU18753,B03797,S0126,2024-09-12,1,5,Paid
SU18754,B07153,S0117,2025-06-10,3,0,Paid
SU18755,B02674,S0014,2026-07-13,2,5,Paid
SU18756,B04082,S0094,2026-01-10,1,0,Paid
SU18757,B03378,S0032,2024-09-19,4,0,Paid
SU18758,B04753,S0104,2024-10-21,1,5,Paid
SU18759,B06957,S0070,2025-11-11,5,5,Paid
SU18760,B02512,S0133,2024-11-23,1,0,Paid
SU18761,B02735,S0020,2025-11-28,2,10,Paid
SU18762,B03191,S0070,2025-09-09,4,5,Paid
SU18763,B05162,S0001,2024-09-15,2,0,Paid
SU18764,B05539,S0108,2025-06-05,4,15,Paid
SU18765,B00727,S0116,2026-08-07,2,10,Paid
SU18766,B04821,S0090,2025-03-08,3,15,Paid
SU18767,B02552,S0122,2025-09-14,4,5,Paid
SU18768,B03017,S0101,2026-05-15,4,10,Paid
SU18769,B04029,S0023,2026-02-07,1,5,Paid
SU18770,B07812,S0147,2025-08-19,8,0,Paid
SU18771,B09542,S0013,2026-04-30,3,10,Paid
SU18772,B05971,S0124,2024-05-22,1,25,Paid
SU18773,B03532,S0102,2024-02-13,2,0,Paid
SU18774,B00522,S0037,2024-12-27,1,10,Paid
SU18775,B02047,S0025,2026-03-20,4,0,Paid
SU18776,B06137,S0033,2026-04-27,1,0,Paid
SU18777,B09852,S0052,2026-06-30,1,0,Paid
SU18778,B02195,S0110,2026-03-18,1,0,Paid
SU18779,B00931,S0026,2025-02-18,2,5,Paid
SU18780,B04723,S0066,2025-01-25,1,5,Paid
SU18781,B01039,S0076,2024-01-11,1,0,Paid
SU18782,B00902,S0108,2026-01-19,3,0,Paid
SU18783,B08588,S0025,2026-01-08,3,0,Paid
SU18784,B02241,S0048,2026-08-10,4,0,Paid
SU18785,B01873,S0123,2025-01-10,2,15,Paid
SU18786,B06118,S0026,2026-06-14,3,25,Paid
SU18787,B08672,S0093,2026-01-12,1,10,Paid
SU18788,B04220,S0058,2024-09-11,2,5,Paid
SU18789,B03805,S0026,2024-05-20,4,5,Paid
SU18790,B09116,S0101,2026-08-07,3,0,Paid
SU18791,B05146,S0086,2026-04-10,3,0,Paid
SU18792,B00792,S0002,2025-12-31,1,5,Paid
SU18793,B05066,S0051,2026-03-17,5,5,Paid
SU18794,B05706,S0045,2026-07-29,1,0,Pending
SU18795,B09847,S0039,2026-06-03,2,15,Paid
SU18796,B05653,S0127,2025-09-05,1,5,Paid
SU18797,B07632,S0087,2026-06-29,4,0,Paid
SU18798,B04587,S0039,2024-01-16,3,10,Paid
SU18799,B09434,S0122,2026-08-20,1,0,Paid
SU18800,B07286,S0041,2025-06-25,1,0,Paid
SU18801,B04412,S0057,2024-04-10,4,0,Paid
SU18802,B01191,S0038,2025-05-06,1,0,Paid
SU18803,B02029,S0119,2025-02-13,5,15,Paid
SU18804,B06893,S0108,2026-04-01,4,0,Paid
SU18805,B08421,S0116,2025-03-01,2,10,Complimentary
SU18806,B04012,S0116,2024-02-11,1,10,Paid
SU18807,B05370,S0009,2025-11-19,3,0,Paid
SU18808,B03020,S0125,2026-08-26,2,20,Paid
SU18809,B04724,S0096,2025-08-13,4,10,Pending
SU18810,B07353,S0096,2024-11-02,3,0,Paid
SU18811,B03129,S0119,2024-03-16,1,10,Paid
SU18812,B07384,S0032,2026-01-10,5,5,Paid
SU18813,B07149,S0065,2026-05-02,3,0,Paid
SU18814,B06772,S0062,2024-06-24,1,10,Paid
SU18815,B06098,S0041,2024-11-17,2,0,Pending
SU18816,B05578,S0015,2024-12-04,2,15,Paid
SU18817,B07725,S0111,2025-10-07,1,10,Pending
SU18818,B02357,S0089,2026-08-15,1,15,Pending
SU18819,B05198,S0053,2025-10-18,1,0,Paid
SU18820,B04185,S0120,2026-02-28,1,0,Paid
SU18821,B00726,S0013,2025-02-25,1,0,Paid
SU18822,B00356,S0151,2024-10-31,1,0,Paid
SU18823,B00604,S0008,2025-07-15,1,5,Paid
SU18824,B06878,S0027,2024-08-23,1,0,Paid
SU18825,B04874,S0010,2026-05-16,1,5,Paid
SU18826,B09743,S0136,2026-04-02,1,10,Paid
SU18827,B01466,S0008,2024-01-16,1,0,Paid
SU18828,B00719,S0035,2025-08-06,1,0,Paid
SU18829,B05124,S0042,2026-01-22,5,0,Paid
SU18830,B07160,S0099,2025-10-29,1,10,Paid
SU18831,B00320,S0020,2025-04-10,3,10,Paid
SU18832,B09801,S0096,2025-09-20,6,0,Paid
SU18833,B05066,S0051,2026-03-17,5,10,Paid
SU18834,B00515,S0130,2026-08-23,3,0,Paid
SU18835,B03029,S0084,2026-04-10,1,15,Paid
SU18836,B07896,S0097,2024-10-22,5,15,Paid
SU18837,B05339,S0100,2024-12-31,2,10,Pending
SU18838,B05328,S0049,2025-02-01,1,10,Paid
SU18839,B01168,S0066,2026-03-27,1,20,Paid
SU18840,B06826,S0117,2025-12-28,3,0,Paid
SU18841,B01434,S0103,2025-07-21,1,5,Paid
SU18842,B07538,S0112,2025-09-12,4,10,Paid
SU18843,B01380,S0137,2026-08-22,1,15,Paid
SU18844,B02812,S0012,2026-05-28,1,15,Paid
SU18845,B08755,S0078,2026-02-26,2,0,Paid
SU18846,B02477,S0013,2026-05-09,4,10,Paid
SU18847,B01709,S0122,2026-07-15,3,5,Paid
SU18848,B02515,S0010,2025-09-19,1,5,Paid
SU18849,B01255,S0028,2026-08-25,1,10,Pending
SU18850,B07053,S0049,2026-04-25,1,10,Paid
SU18851,B06742,S0047,2025-02-28,1,15,Paid
SU18852,B02786,S0019,2026-03-05,1,0,Pending
SU18853,B09186,S0030,2026-03-19,1,5,Paid
SU18854,B05106,S0107,2025-09-26,2,25,Pending
SU18855,B04552,S0106,2026-01-14,3,0,Paid
SU18856,B04260,S0016,2025-05-04,3,0,Paid
SU18857,B05091,S0107,2025-12-24,1,5,Paid
SU18858,B07464,S0130,2025-06-29,3,0,Paid
SU18859,B04033,S0110,2026-07-11,1,15,Paid
SU18860,B08008,S0046,2025-11-23,2,5,Paid
SU18861,B09373,S0031,2026-08-25,3,0,Paid
SU18862,B00630,S0139,2025-07-29,1,0,Paid
SU18863,B05266,S0026,2025-03-15,6,15,Paid
SU18864,B06141,S0144,2026-06-21,1,10,Paid
SU18865,B08002,S0111,2025-10-21,1,10,Paid
SU18866,B08742,S0101,2026-05-19,1,15,Pending
SU18867,B06208,S0114,2025-08-04,2,10,Paid
SU18868,B01373,S0136,2025-07-25,3,0,Pending
SU18869,B02995,S0109,2024-08-13,6,0,Paid
SU18870,B06416,S0023,2025-12-27,3,0,Paid
SU18871,B09980,S0112,2026-02-27,2,5,Pending
SU18872,B06053,S0028,2024-06-21,4,0,Paid
SU18873,B05301,S0121,2026-03-01,2,5,Paid
SU18874,B02443,S0027,2026-02-03,2,0,Paid
SU18875,B02592,S0045,2024-05-30,3,5,Paid
SU18876,B05074,S0063,2026-04-07,2,5,Paid
SU18877,B04794,S0116,2024-05-17,1,10,Pending
SU18878,B06521,S0054,2024-10-06,3,20,Paid
SU18879,B09735,S0033,2026-07-11,3,25,Paid
SU18880,B04295,S0109,2026-04-28,2,10,Paid
SU18881,B06982,S0082,2026-01-28,3,10,Paid
SU18882,B00365,S0031,2026-02-07,2,0,Paid
SU18883,B08100,S0026,2025-04-07,5,15,Paid
SU18884,B07159,S0005,2026-07-15,2,5,Paid
SU18885,B03584,S0100,2026-07-21,4,15,Paid
SU18886,B07699,S0026,2026-06-19,1,0,Paid
SU18887,B01553,S0012,2026-08-25,1,20,Paid
SU18888,B01142,S0127,2025-10-08,4,0,Paid
SU18889,B06423,S0086,2026-06-10,3,25,Paid
SU18890,B04682,S0039,2024-03-23,3,10,Paid
SU18891,B03665,S0122,2026-07-20,3,5,Paid
SU18892,B09875,S0051,2025-09-27,2,20,Paid
SU18893,B05921,S0095,2024-08-20,5,0,Paid
SU18894,B06182,S0049,2024-06-30,1,0,Paid
SU18895,B01911,S0064,2026-08-03,3,0,Paid
SU18896,B08111,S0017,2025-11-15,1,5,Paid
SU18897,B09536,S0093,2026-03-27,3,5,Paid
SU18898,B03622,S0110,2025-04-12,3,15,Paid
SU18899,B06623,S0047,2025-06-09,2,5,Pending
SU18900,B08836,S0054,2026-08-17,1,15,Paid
SU18901,B03035,S0011,2025-10-05,5,0,Paid
SU18902,B09359,S0047,2024-05-19,1,0,Paid
SU18903,B04558,S0025,2026-05-05,4,10,Paid
SU18904,B06692,S0122,2026-08-23,2,5,Paid
SU18905,B06534,S0089,2026-05-24,1,5,Paid
SU18906,B03729,S0008,2025-07-16,1,20,Paid
SU18907,B01717,S0102,2025-05-16,1,0,Paid
SU18908,B04090,S0025,2026-07-02,2,0,Pending
SU18909,B02501,S0006,2024-11-27,2,5,Paid
SU18910,B03267,S0088,2026-08-14,4,0,Paid
SU18911,B03395,S0114,2026-06-11,4,10,Paid
SU18912,B06221,S0013,2026-08-09,1,10,Paid
SU18913,B09633,S0088,2026-07-13,3,0,Paid
SU18914,B08167,S0019,2025-06-15,2,25,Paid
SU18915,B01190,S0105,2026-03-11,1,15,Pending
SU18916,B07186,S0090,2026-06-16,3,0,Paid
SU18917,B03358,S0030,2026-07-12,1,10,Paid
SU18918,B05665,S0017,2026-04-03,5,5,Paid
SU18919,B08007,S0014,2025-03-19,10,5,Paid
SU18920,B09464,S0057,2024-11-02,4,5,Paid
SU18921,B04271,S0140,2026-08-20,2,0,Pending
SU18922,B06336,S0057,2026-06-15,2,0,Paid
SU18923,B04202,S0040,2025-01-23,4,5,Paid
SU18924,B07737,S0109,2026-06-09,1,10,Paid
SU18925,B01532,S0106,2026-04-15,1,10,Pending
SU18926,B03215,S0025,2024-09-15,8,10,Paid
SU18927,B04475,S0040,2026-02-16,4,0,Paid
SU18928,B05630,S0118,2026-08-30,5,5,Paid
SU18929,B02713,S0133,2026-07-31,1,10,Paid
SU18930,B07000,S0018,2025-12-08,3,5,Paid
SU18931,B06278,S0088,2025-01-18,2,10,Paid
SU18932,B04905,S0106,2026-07-06,2,15,Pending
SU18933,B01905,S0017,2024-05-26,2,0,Pending
SU18934,B05329,S0112,2024-03-14,3,10,Paid
SU18935,B00659,S0045,2025-10-21,1,0,Pending
SU18936,B02895,S0109,2025-07-14,1,5,Paid
SU18937,B03194,S0088,2024-11-13,5,25,Paid
SU18938,B07952,S0135,2025-09-05,3,0,Paid
SU18939,B09960,S0052,2025-10-25,2,5,Pending
SU18940,B08796,S0040,2025-10-29,3,5,Paid
SU18941,B07725,S0107,2025-10-05,10,15,Paid
SU18942,B03518,S0114,2025-04-15,8,5,Paid
SU18943,B01167,S0016,2024-12-21,3,0,Paid
SU18944,B08488,S0026,2026-02-18,8,5,Paid
SU18945,B02636,S0068,2025-12-31,8,5,Paid
SU18946,B04026,S0103,2025-06-24,4,5,Paid
SU18947,B01691,S0017,2026-04-06,2,0,Paid
SU18948,B02568,S0009,2026-01-06,1,0,Paid
SU18949,B05577,S0036,2024-10-17,1,0,Paid
SU18950,B03344,S0042,2024-09-27,4,0,Paid
SU18951,B02460,S0040,2025-10-27,1,0,Paid
SU18952,B01231,S0037,2024-03-14,5,10,Pending
SU18953,B07156,S0029,2026-08-12,4,25,Paid
SU18954,B04079,S0118,2025-07-04,2,0,Paid
SU18955,B05383,S0116,2026-01-10,2,15,Paid
SU18956,B03931,S0049,2025-12-03,2,10,Paid
SU18957,B06562,S0050,2026-01-12,1,15,Paid
SU18958,B09077,S0007,2025-03-17,1,5,Paid
SU18959,B06613,S0123,2025-10-16,2,5,Paid
SU18960,B06617,S0127,2026-08-24,2,0,Paid
SU18961,B05325,S0102,2026-01-30,5,10,Paid
SU18962,B05468,S0118,2025-12-04,1,0,Paid
SU18963,B06197,S0008,2025-12-07,1,15,Paid
SU18964,B08771,S0100,2025-05-08,3,20,Paid
SU18965,B09534,S0142,2025-06-30,2,0,Paid
SU18966,B04469,S0059,2026-03-18,1,0,Paid
SU18967,B07478,S0086,2024-09-25,3,10,Paid
SU18968,B04044,S0098,2026-06-28,3,0,Paid
SU18969,B09427,S0113,2025-05-02,3,15,Paid
SU18970,B02266,S0089,2026-04-22,3,5,Paid
SU18971,B01032,S0112,2025-03-04,5,0,Pending
SU18972,B09071,S0115,2025-05-04,3,0,Paid
SU18973,B05429,S0017,2024-08-08,3,0,Paid
SU18974,B01052,S0110,2026-05-21,4,10,Paid
SU18975,B01454,S0052,2024-04-25,1,0,Paid
SU18976,B01749,S0005,2026-05-05,2,10,Paid
SU18977,B01567,S0138,2026-07-30,2,0,Pending
SU18978,B08263,S0006,2024-12-03,4,5,Pending
SU18979,B03341,S0117,2026-03-25,6,0,Paid
SU18980,B07567,S0034,2026-07-29,3,5,Paid
SU18981,B06721,S0005,2026-04-05,1,10,Paid
SU18982,B09128,S0047,2025-04-09,2,15,Paid
SU18983,B08973,S0106,2025-12-14,1,10,Paid
SU18984,B02205,S0042,2024-07-13,1,10,Paid
SU18985,B01554,S0138,2024-05-17,2,5,Paid
SU18986,B08581,S0013,2026-05-23,1,0,Pending
SU18987,B08149,S0107,2025-12-18,5,0,Pending
SU18988,B05178,S0057,2026-05-17,3,0,Paid
SU18989,B09844,S0041,2025-02-05,3,0,Paid
SU18990,B02321,S0014,2024-11-25,1,0,Paid
SU18991,B05878,S0145,2024-12-22,2,10,Paid
SU18992,B04434,S0065,2026-03-24,2,15,Paid
SU18993,B05125,S0026,2026-06-01,6,5,Paid
SU18994,B01873,S0123,2025-01-09,5,10,Paid
SU18995,B06969,S0030,2026-07-26,3,0,Paid
SU18996,B06138,S0109,2025-10-28,5,0,Paid
SU18997,B03371,S0118,2026-03-07,1,5,Paid
SU18998,B03083,S0086,2026-03-11,3,0,Paid
SU18999,B02592,S0042,2024-05-29,10,5,Paid
SU19000,B03010,S0118,2026-05-11,4,10,Paid
SU19001,B03853,S0108,2026-07-18,3,15,Paid
SU19002,B09593,S0039,2024-03-21,3,0,Paid
SU19003,B07299,S0105,2026-01-25,6,0,Paid
SU19004,B00125,S0108,2025-11-01,1,0,Paid
SU19005,B03783,S0056,2026-03-02,4,10,Paid
SU19006,B05705,S0054,2026-04-15,2,10,Paid
SU19007,B06633,S0096,2025-05-22,6,10,Paid
SU19008,B01374,S0040,2025-09-23,5,0,Paid
SU19009,B09662,S0091,2024-08-25,2,10,Paid
SU19010,B02834,S0091,2024-11-17,2,10,Paid
SU19011,B05863,S0036,2026-04-27,2,15,Paid
SU19012,B03636,S0003,2026-08-09,5,5,Paid
SU19013,B08032,S0099,2024-01-31,1,5,Paid
SU19014,B02982,S0123,2026-07-10,5,10,Paid
SU19015,B06608,S0097,2026-07-24,2,10,Paid
SU19016,B07743,S0027,2025-06-23,5,5,Paid
SU19017,B02718,S0026,2024-11-22,3,5,Paid
SU19018,B03564,S0020,2025-06-29,3,0,Paid
SU19019,B03298,S0106,2025-11-19,2,0,Paid
SU19020,B03703,S0118,2026-07-05,2,0,Paid
SU19021,B04073,S0010,2026-08-23,1,0,Paid
SU19022,B01474,S0010,2026-04-15,2,0,Paid
SU19023,B09960,S0044,2025-10-25,1,10,Paid
SU19024,B06151,S0030,2024-04-27,1,0,Paid
SU19025,B04117,S0036,2026-02-25,1,10,Paid
SU19026,B06519,S0029,2026-05-17,2,0,Paid
SU19027,B08514,S0037,2026-06-08,4,0,Paid
SU19028,B02183,S0051,2025-11-20,5,5,Paid
SU19029,B08775,S0040,2026-02-14,6,0,Paid
SU19030,B04058,S0115,2026-06-22,5,0,Paid
SU19031,B00428,S0006,2024-10-01,6,0,Paid
SU19032,B08201,S0013,2025-12-06,2,0,Paid
SU19033,B09377,S0036,2024-02-21,1,0,Pending
SU19034,B05771,S0008,2024-06-07,2,20,Paid
SU19035,B04754,S0106,2025-12-18,5,5,Paid
SU19036,B03182,S0120,2026-08-07,5,15,Paid
SU19037,B02563,S0015,2026-02-23,1,0,Paid
SU19038,B01411,S0012,2026-05-22,2,10,Paid
SU19039,B01274,S0032,2025-12-16,6,5,Paid
SU19040,B05618,S0006,2025-11-18,4,5,Paid
SU19041,B09183,S0078,2026-06-09,4,15,Paid
SU19042,B06514,S0028,2024-03-24,1,10,Paid
SU19043,B09192,S0039,2025-01-02,5,15,Paid
SU19044,B05057,S0058,2025-09-28,1,10,Paid
SU19045,B01464,S0037,2025-01-25,3,20,Paid
SU19046,B07692,S0116,2026-08-20,1,0,Pending
SU19047,B01815,S0112,2026-02-27,2,5,Paid
SU19048,B01522,S0098,2024-08-17,1,0,Paid
SU19049,B01191,S0040,2025-05-04,4,0,Paid
SU19050,B00742,S0042,2026-04-11,6,15,Paid
SU19051,B09019,S0040,2026-04-08,4,0,Paid
SU19052,B00608,S0019,2026-06-07,1,5,Paid
SU19053,B07261,S0098,2026-05-09,1,0,Paid
SU19054,B02430,S0034,2025-02-24,2,0,Paid
SU19055,B00424,S0070,2024-12-27,6,10,Paid
SU19056,B01838,S0010,2025-10-26,1,0,Paid
SU19057,B08835,S0028,2026-03-12,1,10,Paid
SU19058,B00772,S0013,2024-03-21,1,5,Paid
SU19059,B08292,S0011,2024-07-14,6,15,Paid
SU19060,B06432,S0061,2024-07-25,2,5,Paid
SU19061,B01518,S0022,2025-02-15,3,10,Paid
SU19062,B05526,S0054,2025-12-18,1,10,Paid
SU19063,B07480,S0028,2026-01-11,3,15,Paid
SU19064,B02248,S0130,2026-08-01,3,0,Paid
SU19065,B04913,S0119,2024-04-19,4,10,Paid
SU19066,B06004,S0051,2025-01-14,3,0,Paid
SU19067,B08193,S0027,2025-07-24,1,15,Pending
SU19068,B01591,S0116,2026-05-26,1,0,Paid
SU19069,B03366,S0025,2025-12-28,2,10,Paid
SU19070,B04927,S0024,2026-01-25,2,10,Paid
SU19071,B07966,S0123,2026-07-10,2,10,Paid
SU19072,B02125,S0036,2025-03-20,1,5,Paid
SU19073,B00252,S0041,2025-10-28,1,0,Paid
SU19074,B07524,S0106,2026-01-17,2,10,Paid
SU19075,B07875,S0030,2026-05-01,3,0,Paid
SU19076,B02412,S0107,2025-06-18,3,10,Paid
SU19077,B07751,S0116,2025-04-19,1,15,Paid
SU19078,B07914,S0120,2025-06-03,2,0,Complimentary
SU19079,B01943,S0006,2024-12-06,2,5,Paid
SU19080,B03456,S0118,2026-05-20,5,15,Paid
SU19081,B01700,S0034,2026-08-20,1,10,Paid
SU19082,B05306,S0036,2024-12-10,1,0,Paid
SU19083,B04240,S0095,2024-12-21,4,10,Paid
SU19084,B05129,S0127,2024-09-11,4,0,Paid
SU19085,B05249,S0088,2026-06-16,3,0,Paid
SU19086,B02888,S0049,2026-08-04,3,20,Paid
SU19087,B07580,S0030,2024-12-02,2,5,Paid
SU19088,B04187,S0050,2024-04-11,2,10,Paid
SU19089,B00736,S0044,2026-07-27,3,25,Paid
SU19090,B08278,S0144,2025-12-10,5,10,Paid
SU19091,B04994,S0112,2026-08-10,2,0,Paid
SU19092,B06424,S0012,2026-07-09,2,0,Paid
SU19093,B05150,S0041,2025-05-19,2,0,Paid
SU19094,B06410,S0006,2025-12-14,4,0,Paid
SU19095,B09687,S0094,2024-11-30,3,20,Paid
SU19096,B04927,S0022,2026-01-26,1,0,Paid
SU19097,B03243,S0005,2026-08-30,1,25,Paid
SU19098,B06320,S0063,2026-08-03,1,0,Paid
SU19099,B02806,S0013,2025-12-04,2,0,Paid
SU19100,B01769,S0019,2026-03-09,4,0,Paid
SU19101,B04393,S0110,2026-08-29,1,0,Pending
SU19102,B03562,S0050,2025-12-14,4,0,Paid
SU19103,B03069,S0019,2025-10-15,3,0,Paid
SU19104,B00969,S0122,2025-04-25,1,25,Paid
SU19105,B03385,S0041,2026-02-12,2,0,Paid
SU19106,B08795,S0006,2025-08-30,4,5,Paid
SU19107,B00546,S0045,2025-05-03,2,10,Paid
SU19108,B09449,S0047,2025-01-20,1,5,Paid
SU19109,B01948,S0127,2026-06-05,1,0,Paid
SU19110,B08148,S0022,2025-03-28,1,0,Paid
SU19111,B04144,S0095,2025-08-30,3,5,Paid
SU19112,B03037,S0116,2024-01-25,1,0,Paid
SU19113,B08034,S0109,2025-10-30,3,15,Paid
SU19114,B05176,S0010,2025-11-29,3,5,Paid
SU19115,B09650,S0088,2026-04-19,2,0,Paid
SU19116,B05022,S0105,2024-04-06,3,5,Paid
SU19117,B07066,S0098,2026-04-05,1,0,Paid
SU19118,B09765,S0113,2024-08-09,3,5,Paid
SU19119,B08128,S0141,2025-05-17,1,5,Paid
SU19120,B03566,S0041,2026-02-02,3,0,Paid
SU19121,B00032,S0032,2024-12-28,4,0,Paid
SU19122,B03245,S0097,2025-03-27,1,10,Paid
SU19123,B00638,S0119,2025-05-14,6,0,Paid
SU19124,B02801,S0126,2026-01-29,1,10,Paid
SU19125,B04243,S0043,2024-12-18,3,15,Paid
SU19126,B05562,S0040,2026-08-30,3,20,Paid
SU19127,B09335,S0041,2026-08-30,2,10,Paid
SU19128,B05352,S0114,2026-06-18,2,15,Paid
SU19129,B09650,S0087,2026-04-18,1,5,Paid
SU19130,B09531,S0106,2026-07-25,3,15,Paid
SU19131,B05381,S0003,2026-04-08,3,0,Paid
SU19132,B07845,S0037,2026-05-19,1,20,Paid
SU19133,B00771,S0013,2024-05-25,4,10,Paid
SU19134,B00701,S0009,2026-01-07,2,0,Paid
SU19135,B07078,S0044,2025-09-19,1,0,Paid
SU19136,B06139,S0101,2026-06-13,1,10,Paid
SU19137,B01434,S0105,2025-07-21,5,10,Paid
SU19138,B08104,S0101,2024-07-12,1,0,Paid
SU19139,B01494,S0089,2026-08-04,1,0,Paid
SU19140,B09857,S0006,2024-12-13,4,5,Paid
SU19141,B05586,S0013,2024-08-17,2,0,Paid
SU19142,B03631,S0050,2024-10-04,1,15,Paid
SU19143,B00732,S0118,2025-11-19,1,10,Paid
SU19144,B02537,S0095,2026-05-13,3,10,Pending
SU19145,B08437,S0034,2025-03-23,4,5,Paid
SU19146,B01145,S0107,2026-07-04,8,5,Paid
SU19147,B01310,S0030,2026-08-15,2,5,Paid
SU19148,B07288,S0116,2025-12-25,1,5,Pending
SU19149,B03321,S0014,2026-02-24,8,5,Paid
SU19150,B01797,S0072,2024-06-15,3,5,Paid
SU19151,B03562,S0042,2025-12-14,1,10,Paid
SU19152,B00083,S0127,2025-01-19,2,5,Paid
SU19153,B00175,S0007,2025-03-29,1,0,Paid
SU19154,B07665,S0008,2026-07-27,1,15,Paid
SU19155,B01075,S0094,2026-05-10,2,20,Pending
SU19156,B06824,S0048,2025-10-10,3,5,Paid
SU19157,B07234,S0027,2025-10-13,2,0,Paid
SU19158,B08535,S0023,2026-08-30,1,0,Paid
SU19159,B03122,S0131,2024-07-23,2,10,Paid
SU19160,B06963,S0014,2026-03-21,5,0,Paid
SU19161,B04406,S0118,2026-01-27,2,0,Paid
SU19162,B04524,S0005,2025-11-05,1,0,Pending
SU19163,B09116,S0102,2026-08-07,4,0,Paid
SU19164,B08452,S0025,2025-05-14,2,0,Complimentary
SU19165,B08578,S0037,2025-09-14,3,10,Pending
SU19166,B01895,S0095,2024-02-16,8,0,Paid
SU19167,B05368,S0021,2026-07-25,1,0,Paid
SU19168,B07964,S0048,2025-11-27,1,15,Pending
SU19169,B01680,S0018,2024-07-04,4,20,Paid
SU19170,B04868,S0047,2024-02-06,1,15,Paid
SU19171,B04685,S0068,2026-08-29,1,25,Paid
SU19172,B07453,S0023,2024-12-18,2,20,Paid
SU19173,B03360,S0102,2024-11-09,3,20,Paid
SU19174,B03759,S0098,2026-03-06,2,0,Paid
SU19175,B07918,S0115,2026-05-08,2,5,Paid
SU19176,B00555,S0138,2025-12-18,2,25,Paid
SU19177,B05170,S0148,2026-01-05,3,5,Paid
SU19178,B01483,S0003,2026-08-10,3,0,Paid
SU19179,B08310,S0059,2026-02-10,2,0,Paid
SU19180,B01101,S0110,2026-06-13,4,0,Complimentary
SU19181,B09138,S0117,2025-02-26,2,20,Paid
SU19182,B05798,S0141,2026-08-27,1,10,Paid
SU19183,B01466,S0008,2024-01-15,1,10,Paid
SU19184,B00142,S0089,2024-08-28,3,0,Paid
SU19185,B01900,S0091,2025-02-21,5,10,Paid
SU19186,B02908,S0126,2026-08-28,3,10,Paid
SU19187,B05819,S0008,2025-08-14,3,5,Paid
SU19188,B09187,S0114,2026-01-08,1,5,Paid
SU19189,B04766,S0033,2026-01-28,2,15,Paid
SU19190,B02463,S0061,2026-08-23,4,25,Paid
SU19191,B07239,S0048,2026-02-07,2,10,Paid
SU19192,B05935,S0074,2024-12-18,5,15,Paid
SU19193,B06828,S0008,2024-07-11,1,0,Paid
SU19194,B03200,S0027,2025-03-21,5,5,Paid
SU19195,B01835,S0147,2025-11-02,4,5,Paid
SU19196,B02418,S0127,2026-07-31,1,15,Paid
SU19197,B03239,S0114,2025-06-23,1,0,Paid
SU19198,B02964,S0019,2024-07-23,3,5,Pending
SU19199,B08939,S0057,2025-06-23,2,10,Paid
SU19200,B02344,S0051,2024-10-18,2,0,Paid
SU19201,B07730,S0006,2026-03-14,3,0,Paid
SU19202,B02024,S0016,2024-12-18,5,0,Paid
SU19203,B03917,S0051,2026-02-11,2,0,Paid
SU19204,B03700,S0054,2026-05-21,3,10,Paid
SU19205,B00116,S0049,2026-01-14,1,0,Complimentary
SU19206,B07629,S0114,2026-08-17,4,20,Paid
SU19207,B00094,S0027,2026-02-20,2,5,Paid
SU19208,B06633,S0094,2025-05-22,2,10,Paid
SU19209,B01476,S0124,2026-05-15,1,0,Paid
SU19210,B08209,S0088,2026-08-19,1,5,Paid
SU19211,B02994,S0055,2025-11-17,3,20,Pending
SU19212,B05913,S0097,2026-02-20,5,10,Paid
SU19213,B04566,S0061,2024-07-22,3,20,Paid
SU19214,B00608,S0012,2026-06-10,2,0,Pending
SU19215,B07567,S0035,2026-07-29,1,20,Pending
SU19216,B04667,S0104,2025-07-21,3,10,Paid
SU19217,B03929,S0099,2025-12-15,1,10,Paid
SU19218,B08607,S0017,2024-02-04,4,0,Paid
SU19219,B03450,S0015,2026-02-13,1,0,Paid
SU19220,B05475,S0031,2025-05-02,3,0,Paid
SU19221,B02028,S0072,2026-03-31,3,5,Paid
SU19222,B06925,S0031,2026-03-03,3,20,Paid
SU19223,B07708,S0044,2025-11-27,1,0,Paid
SU19224,B02158,S0108,2026-03-09,3,10,Paid
SU19225,B08718,S0008,2024-05-31,2,5,Paid
SU19226,B03285,S0044,2026-05-25,1,15,Paid
SU19227,B09473,S0121,2024-11-22,1,20,Complimentary
SU19228,B06138,S0109,2025-10-26,2,0,Paid
SU19229,B06059,S0033,2024-12-13,1,0,Paid
SU19230,B02271,S0066,2026-08-09,2,5,Paid
SU19231,B05096,S0039,2025-10-17,8,10,Paid
SU19232,B08302,S0059,2026-01-01,1,10,Paid
SU19233,B01033,S0060,2025-12-06,8,20,Paid
SU19234,B05513,S0096,2024-12-03,4,5,Paid
SU19235,B06154,S0106,2025-05-03,1,0,Paid
SU19236,B07898,S0046,2025-11-02,3,0,Paid
SU19237,B07778,S0091,2026-02-06,8,5,Paid
SU19238,B01684,S0041,2026-08-29,1,10,Complimentary
SU19239,B03122,S0129,2024-07-22,3,0,Paid
SU19240,B05172,S0151,2026-02-14,3,0,Paid
SU19241,B01205,S0034,2026-03-22,5,15,Paid
SU19242,B09373,S0030,2026-08-25,1,5,Paid
SU19243,B08021,S0023,2025-01-29,2,0,Paid
SU19244,B00736,S0045,2026-07-28,1,0,Paid
SU19245,B00367,S0007,2025-12-31,1,0,Paid
SU19246,B04199,S0004,2025-07-02,2,5,Paid
SU19247,B02646,S0003,2026-04-01,10,5,Paid
SU19248,B02867,S0118,2026-04-02,4,5,Paid
SU19249,B01686,S0095,2026-01-31,4,20,Paid
SU19250,B08902,S0117,2025-03-07,2,5,Paid
SU19251,B00739,S0006,2025-01-18,4,15,Paid
SU19252,B08820,S0095,2025-09-19,6,25,Paid
SU19253,B01363,S0110,2026-08-27,5,20,Paid
SU19254,B07707,S0045,2025-07-17,1,15,Paid
SU19255,B07631,S0024,2025-02-04,2,15,Paid
SU19256,B06431,S0013,2024-12-13,2,5,Paid
SU19257,B06717,S0127,2025-04-27,5,5,Paid
SU19258,B08120,S0062,2026-04-20,1,20,Paid
SU19259,B03746,S0064,2024-04-14,4,10,Paid
SU19260,B06625,S0045,2026-08-06,1,10,Paid
SU19261,B04260,S0013,2025-05-03,1,0,Paid
SU19262,B04984,S0044,2026-06-02,1,5,Paid
SU19263,B00710,S0023,2024-11-02,2,10,Paid
SU19264,B09524,S0023,2026-06-21,3,10,Paid
SU19265,B04656,S0021,2026-08-11,1,0,Paid
SU19266,B06596,S0052,2024-08-10,1,10,Paid
SU19267,B08201,S0018,2025-12-06,5,0,Paid
SU19268,B03582,S0107,2025-11-11,1,5,Paid
SU19269,B02398,S0002,2024-07-27,1,0,Paid
SU19270,B08608,S0002,2025-07-31,3,10,Paid
SU19271,B00561,S0031,2025-05-13,1,0,Paid
SU19272,B06294,S0055,2026-07-14,2,5,Pending
SU19273,B02875,S0096,2024-11-11,2,15,Paid
SU19274,B05685,S0044,2026-03-06,3,0,Pending
SU19275,B07007,S0044,2026-03-30,1,0,Paid
SU19276,B09425,S0107,2026-04-06,6,0,Paid
SU19277,B03263,S0123,2024-06-14,4,5,Paid
SU19278,B07607,S0003,2025-04-10,6,10,Complimentary
SU19279,B02721,S0136,2025-04-26,2,15,Paid
SU19280,B05759,S0007,2024-01-20,2,5,Paid
SU19281,B03522,S0094,2025-07-24,2,0,Paid
SU19282,B03129,S0119,2024-03-14,3,0,Paid
SU19283,B07158,S0015,2026-04-27,3,0,Paid
SU19284,B06576,S0129,2025-10-17,3,5,Paid
SU19285,B01200,S0151,2024-05-01,2,5,Paid
SU19286,B09581,S0029,2025-10-04,3,5,Paid
SU19287,B05037,S0134,2024-06-23,4,0,Pending
SU19288,B03062,S0125,2025-10-02,3,0,Paid
SU19289,B00266,S0002,2025-01-25,1,0,Paid
SU19290,B05575,S0068,2025-07-19,3,15,Paid
SU19291,B03727,S0046,2026-06-02,3,10,Paid
SU19292,B03250,S0021,2024-09-15,1,10,Paid
SU19293,B05365,S0110,2026-08-02,3,0,Pending
SU19294,B09682,S0110,2025-01-30,8,25,Paid
SU19295,B02754,S0140,2026-08-15,1,5,Paid
SU19296,B08144,S0026,2026-08-21,5,0,Paid
SU19297,B02900,S0109,2025-03-24,3,5,Paid
SU19298,B05490,S0032,2026-04-04,5,5,Paid
SU19299,B08347,S0019,2024-02-02,2,25,Paid
SU19300,B04832,S0032,2024-05-01,5,0,Paid
SU19301,B09729,S0126,2024-12-03,1,15,Paid
SU19302,B04134,S0014,2025-06-27,4,5,Paid
SU19303,B03535,S0010,2025-11-29,3,0,Paid
SU19304,B02884,S0112,2026-02-11,2,0,Paid
SU19305,B07082,S0089,2026-04-17,1,5,Paid
SU19306,B04063,S0126,2026-06-09,1,10,Pending
SU19307,B00548,S0130,2024-11-18,3,10,Paid
SU19308,B00103,S0123,2026-07-09,3,0,Paid
SU19309,B02439,S0143,2025-06-10,3,10,Paid
SU19310,B08772,S0095,2025-07-21,1,5,Paid
SU19311,B03617,S0034,2025-12-22,1,10,Paid
SU19312,B01323,S0038,2026-03-12,1,10,Paid
SU19313,B09550,S0150,2026-08-14,3,0,Pending
SU19314,B01573,S0066,2026-07-07,1,10,Paid
SU19315,B09542,S0017,2026-05-03,5,0,Pending
SU19316,B08053,S0010,2026-05-24,1,0,Paid
SU19317,B09485,S0002,2024-03-15,5,5,Pending
SU19318,B05579,S0021,2025-02-14,2,5,Paid
SU19319,B08845,S0037,2026-08-07,2,10,Paid
SU19320,B08414,S0032,2025-01-05,6,0,Paid
SU19321,B07580,S0027,2024-12-03,1,10,Paid
SU19322,B09241,S0001,2025-02-21,3,5,Paid
SU19323,B07166,S0061,2026-08-18,4,0,Paid
SU19324,B00617,S0045,2024-02-11,1,10,Paid
SU19325,B00469,S0033,2026-01-20,1,5,Paid
SU19326,B03222,S0043,2025-11-10,4,0,Pending
SU19327,B07759,S0094,2026-02-03,1,0,Paid
SU19328,B07782,S0028,2025-01-27,2,0,Paid
SU19329,B07389,S0006,2026-06-17,2,5,Pending
SU19330,B07069,S0105,2026-04-04,3,0,Paid
SU19331,B08461,S0022,2026-03-31,1,0,Paid
SU19332,B08775,S0034,2026-02-17,4,0,Paid
SU19333,B03326,S0115,2026-07-25,4,10,Paid
SU19334,B01148,S0005,2025-12-13,3,0,Paid
SU19335,B09392,S0034,2024-10-15,2,10,Complimentary
SU19336,B03019,S0033,2024-04-04,1,20,Paid
SU19337,B07564,S0116,2024-11-17,1,15,Paid
SU19338,B06742,S0043,2025-02-28,1,10,Paid
SU19339,B01631,S0006,2024-09-17,2,0,Paid
SU19340,B08001,S0043,2024-09-04,1,5,Paid
SU19341,B08405,S0017,2025-12-22,3,10,Paid
SU19342,B08636,S0100,2024-12-18,3,0,Paid
SU19343,B01427,S0035,2025-09-28,5,0,Paid
SU19344,B02520,S0089,2025-10-24,1,0,Paid
SU19345,B07052,S0131,2025-07-11,1,10,Paid
SU19346,B05386,S0008,2025-11-24,1,10,Paid
SU19347,B05198,S0059,2025-10-15,2,15,Paid
SU19348,B08048,S0011,2024-10-19,3,0,Paid
SU19349,B07448,S0097,2024-12-26,1,0,Paid
SU19350,B02103,S0098,2026-01-22,3,10,Paid
SU19351,B05506,S0034,2026-04-15,3,0,Paid
SU19352,B01866,S0006,2026-01-22,3,5,Paid
SU19353,B09496,S0003,2024-10-15,5,0,Paid
SU19354,B06848,S0097,2025-12-27,6,20,Paid
SU19355,B03501,S0116,2026-08-03,1,5,Paid
SU19356,B05078,S0041,2025-06-07,1,0,Pending
SU19357,B04007,S0038,2026-02-25,1,5,Paid
SU19358,B08358,S0056,2025-03-02,5,0,Paid
SU19359,B07660,S0045,2026-08-27,2,0,Paid
SU19360,B03891,S0008,2026-01-12,1,20,Paid
SU19361,B06065,S0027,2024-03-30,1,10,Paid
SU19362,B01415,S0112,2025-06-01,4,10,Paid
SU19363,B08820,S0097,2025-09-19,4,5,Paid
SU19364,B02203,S0100,2024-06-10,1,5,Paid
SU19365,B09613,S0040,2026-02-23,4,5,Paid
SU19366,B00683,S0032,2025-12-01,2,25,Paid
SU19367,B04569,S0033,2026-08-05,1,10,Paid
SU19368,B01699,S0087,2025-04-29,2,0,Paid
SU19369,B05322,S0027,2024-10-22,3,10,Paid
SU19370,B06987,S0033,2024-09-16,1,0,Paid
SU19371,B04544,S0095,2025-03-29,2,15,Paid
SU19372,B02501,S0010,2024-11-26,5,0,Paid
SU19373,B06062,S0014,2026-06-16,8,5,Paid
SU19374,B02622,S0111,2024-05-27,1,0,Paid
SU19375,B07761,S0051,2026-07-02,3,0,Paid
SU19376,B02759,S0110,2024-11-29,5,10,Paid
SU19377,B02458,S0029,2025-02-25,1,10,Paid
SU19378,B08423,S0130,2026-02-14,4,0,Paid
SU19379,B01121,S0032,2026-06-14,5,5,Paid
SU19380,B00096,S0110,2024-03-19,4,5,Paid
SU19381,B03109,S0108,2026-07-08,3,15,Paid
SU19382,B03348,S0146,2026-06-11,1,20,Paid
SU19383,B06501,S0108,2025-11-18,3,0,Paid
SU19384,B06170,S0022,2024-07-13,1,5,Paid
SU19385,B07905,S0114,2024-11-27,1,0,Paid
SU19386,B03940,S0015,2026-03-24,2,5,Paid
SU19387,B05349,S0094,2025-10-18,2,10,Paid
SU19388,B07638,S0141,2025-12-22,1,0,Paid
SU19389,B00959,S0136,2025-07-09,1,10,Paid
SU19390,B01625,S0087,2026-01-06,1,0,Paid
SU19391,B06129,S0092,2025-07-05,1,10,Paid
SU19392,B06429,S0021,2024-11-12,1,0,Paid
SU19393,B00385,S0014,2026-01-22,8,15,Paid
SU19394,B04845,S0108,2026-06-12,3,5,Paid
SU19395,B07859,S0101,2026-01-20,2,5,Paid
SU19396,B06026,S0063,2025-02-21,1,15,Paid
SU19397,B00540,S0109,2024-12-12,4,15,Paid
SU19398,B01381,S0041,2025-12-03,2,0,Paid
SU19399,B02603,S0121,2026-03-26,4,0,Paid
SU19400,B05148,S0113,2025-01-10,2,5,Paid
SU19401,B05095,S0026,2024-03-24,10,0,Paid
SU19402,B06524,S0109,2025-06-27,2,10,Paid
SU19403,B02707,S0058,2024-09-24,2,0,Paid
SU19404,B06226,S0147,2026-03-17,1,0,Paid
SU19405,B08895,S0027,2025-02-05,3,0,Pending
SU19406,B03946,S0124,2026-08-28,1,0,Paid
SU19407,B09488,S0093,2024-10-11,2,5,Paid
SU19408,B06814,S0089,2025-11-26,1,0,Paid
SU19409,B06166,S0034,2026-05-11,1,0,Paid
SU19410,B06385,S0107,2026-06-27,1,0,Pending
SU19411,B09750,S0071,2025-02-11,1,5,Pending
SU19412,B03617,S0035,2025-12-21,6,20,Paid
SU19413,B09129,S0024,2024-11-09,6,15,Paid
SU19414,B09198,S0128,2026-05-16,1,0,Paid
SU19415,B00636,S0081,2026-07-14,3,5,Paid
SU19416,B01319,S0026,2024-12-18,2,5,Paid
SU19417,B02883,S0086,2025-05-10,2,0,Paid
SU19418,B04884,S0033,2026-02-23,1,20,Paid
SU19419,B07889,S0115,2024-02-25,2,5,Paid
SU19420,B05330,S0031,2026-05-11,2,0,Paid
SU19421,B01354,S0025,2026-04-07,8,0,Paid
SU19422,B01464,S0037,2025-01-24,4,0,Paid
SU19423,B03365,S0023,2025-11-15,2,20,Paid
SU19424,B04851,S0019,2026-03-26,3,0,Paid
SU19425,B03663,S0130,2025-07-06,2,20,Paid
SU19426,B06721,S0002,2026-04-05,3,0,Paid
SU19427,B00761,S0041,2024-04-19,2,0,Paid
SU19428,B09152,S0091,2025-10-20,4,0,Paid
SU19429,B09384,S0036,2025-12-23,1,20,Paid
SU19430,B05022,S0099,2024-04-06,2,5,Pending
SU19431,B01631,S0006,2024-09-15,1,0,Paid
SU19432,B05442,S0012,2026-02-08,1,20,Pending
SU19433,B07484,S0123,2026-07-28,4,0,Paid
SU19434,B05778,S0022,2025-12-07,3,10,Paid
SU19435,B03562,S0044,2025-12-15,3,10,Paid
SU19436,B07496,S0010,2026-02-27,2,0,Paid
SU19437,B05798,S0142,2026-08-24,1,10,Paid
SU19438,B03547,S0031,2024-12-22,2,10,Paid
SU19439,B04402,S0029,2026-06-02,5,0,Paid
SU19440,B01741,S0036,2026-05-24,1,0,Paid
SU19441,B09560,S0017,2025-11-13,1,0,Paid
SU19442,B05994,S0107,2026-08-22,2,5,Paid
SU19443,B07708,S0045,2025-11-27,1,10,Paid
SU19444,B01043,S0008,2026-07-01,1,5,Paid
SU19445,B01544,S0012,2025-03-23,1,0,Paid
SU19446,B08550,S0011,2026-01-09,2,0,Paid
SU19447,B08535,S0031,2026-08-27,1,5,Paid
SU19448,B00883,S0150,2024-04-20,1,5,Paid
SU19449,B05205,S0036,2025-04-03,1,10,Paid
SU19450,B06274,S0070,2025-06-13,2,0,Paid
SU19451,B00105,S0096,2024-12-05,3,0,Paid
SU19452,B09659,S0027,2025-12-17,4,5,Paid
SU19453,B01864,S0034,2024-02-02,1,0,Paid
SU19454,B05452,S0033,2026-04-21,1,10,Paid
SU19455,B01770,S0030,2026-03-29,1,0,Paid
SU19456,B09470,S0019,2026-07-11,3,5,Paid
SU19457,B00788,S0111,2025-05-29,1,0,Paid
SU19458,B09835,S0024,2024-05-17,3,0,Paid
SU19459,B08373,S0010,2025-02-24,4,10,Paid
SU19460,B01015,S0039,2025-03-04,1,10,Paid
SU19461,B09214,S0045,2026-08-30,1,20,Paid
SU19462,B02101,S0116,2026-07-03,1,0,Paid
SU19463,B00001,S0109,2024-04-11,1,15,Paid
SU19464,B06504,S0042,2025-07-07,10,0,Paid
SU19465,B03074,S0109,2026-06-02,1,0,Paid
SU19466,B07346,S0003,2026-06-01,4,0,Paid
SU19467,B03739,S0029,2026-08-25,1,0,Paid
SU19468,B02306,S0043,2025-07-03,1,5,Paid
SU19469,B08711,S0150,2024-02-09,2,5,Paid
SU19470,B09234,S0072,2025-10-11,3,0,Paid
SU19471,B02689,S0017,2026-06-19,4,0,Paid
SU19472,B08218,S0023,2025-11-25,1,0,Paid
SU19473,B09243,S0049,2026-07-07,2,5,Paid
SU19474,B00304,S0122,2024-11-06,4,5,Paid
SU19475,B03606,S0118,2026-04-30,5,0,Paid
SU19476,B04644,S0048,2026-05-09,3,0,Paid
SU19477,B08655,S0094,2025-07-24,1,5,Paid
SU19478,B08863,S0026,2026-02-27,2,0,Paid
SU19479,B08783,S0005,2026-08-14,2,20,Paid
SU19480,B01081,S0102,2025-09-02,3,0,Paid
SU19481,B02389,S0151,2024-01-09,1,10,Paid
SU19482,B01463,S0104,2024-06-30,3,0,Paid
SU19483,B06492,S0101,2025-04-18,1,0,Paid
SU19484,B06039,S0066,2025-07-05,1,10,Paid
SU19485,B09952,S0023,2025-01-25,1,0,Paid
SU19486,B07085,S0045,2026-02-24,2,5,Pending
SU19487,B00396,S0135,2026-05-20,3,5,Paid
SU19488,B01231,S0037,2024-03-13,2,0,Complimentary
SU19489,B09526,S0052,2024-12-27,2,0,Paid
SU19490,B09695,S0096,2025-05-31,2,0,Paid
SU19491,B09453,S0087,2025-08-25,3,5,Paid
SU19492,B07853,S0026,2025-12-18,4,0,Paid
SU19493,B00932,S0032,2026-01-21,3,0,Paid
SU19494,B07994,S0005,2026-08-08,1,10,Paid
SU19495,B05624,S0043,2026-06-03,1,15,Paid
SU19496,B00207,S0022,2026-05-14,1,0,Paid
SU19497,B06602,S0018,2024-07-03,1,10,Paid
SU19498,B03736,S0023,2024-01-09,1,5,Paid
SU19499,B07877,S0052,2026-08-11,1,20,Paid
SU19500,B07879,S0103,2025-10-18,4,0,Paid
